"WorkOrderID","ProductID","OperationSequence","LocationID","ScheduledStartDate","ScheduledEndDate","ActualStartDate","ActualEndDate","ActualResourceHrs","PlannedCost","ActualCost","ModifiedDate"
"25028","795","7","60","2012-11-15 00:00:00","2012-11-26 00:00:00","2012-11-22 00:00:00","2012-11-26 00:00:00","4.0000","49.0000","49.0000","2012-11-25 23:00:00"
"25029","797","7","60","2012-11-15 00:00:00","2012-11-26 00:00:00","2012-11-22 00:00:00","2012-11-26 00:00:00","4.0000","49.0000","49.0000","2012-11-25 23:00:00"
"25030","799","7","60","2012-11-15 00:00:00","2012-11-26 00:00:00","2012-11-22 00:00:00","2012-11-26 00:00:00","4.0000","49.0000","49.0000","2012-11-25 23:00:00"
"25031","516","6","50","2012-11-15 00:00:00","2012-11-26 00:00:00","2012-11-22 00:00:00","2012-11-26 00:00:00","3.0000","36.7500","36.7500","2012-11-25 23:00:00"
"25031","516","7","60","2012-11-15 00:00:00","2012-11-26 00:00:00","2012-11-22 00:00:00","2012-11-26 00:00:00","4.0000","49.0000","49.0000","2012-11-25 23:00:00"
"25032","517","6","50","2012-11-15 00:00:00","2012-11-26 00:00:00","2012-11-22 00:00:00","2012-11-26 00:00:00","3.0000","36.7500","36.7500","2012-11-25 23:00:00"
"25032","517","7","60","2012-11-15 00:00:00","2012-11-26 00:00:00","2012-11-22 00:00:00","2012-11-26 00:00:00","4.0000","49.0000","49.0000","2012-11-25 23:00:00"
"25033","518","6","50","2012-11-15 00:00:00","2012-11-26 00:00:00","2012-11-22 00:00:00","2012-11-26 00:00:00","3.0000","36.7500","36.7500","2012-11-25 23:00:00"
"25033","518","7","60","2012-11-15 00:00:00","2012-11-26 00:00:00","2012-11-22 00:00:00","2012-11-26 00:00:00","4.0000","49.0000","49.0000","2012-11-25 23:00:00"
"25034","519","6","50","2012-11-15 00:00:00","2012-11-26 00:00:00","2012-11-22 00:00:00","2012-11-26 00:00:00","3.0000","36.7500","36.7500","2012-11-25 23:00:00"
"25034","519","7","60","2012-11-15 00:00:00","2012-11-26 00:00:00","2012-11-22 00:00:00","2012-11-26 00:00:00","4.0000","49.0000","49.0000","2012-11-25 23:00:00"
"25043","806","6","50","2012-11-15 00:00:00","2012-11-26 00:00:00","2012-11-22 00:00:00","2012-11-26 00:00:00","3.0000","36.7500","36.7500","2012-11-25 23:00:00"
"25044","810","1","10","2012-11-15 00:00:00","2012-11-26 00:00:00","2012-11-22 00:00:00","2012-11-26 00:00:00","4.1000","92.2500","92.2500","2012-11-25 23:00:00"
"25044","810","2","20","2012-11-15 00:00:00","2012-11-26 00:00:00","2012-11-22 00:00:00","2012-11-26 00:00:00","3.5000","87.5000","87.5000","2012-11-25 23:00:00"
"25044","810","6","50","2012-11-15 00:00:00","2012-11-26 00:00:00","2012-11-22 00:00:00","2012-11-26 00:00:00","3.0000","36.7500","36.7500","2012-11-25 23:00:00"
"25045","811","1","10","2012-11-15 00:00:00","2012-11-26 00:00:00","2012-11-22 00:00:00","2012-11-26 00:00:00","4.1000","92.2500","92.2500","2012-11-25 23:00:00"
"25045","811","2","20","2012-11-15 00:00:00","2012-11-26 00:00:00","2012-11-22 00:00:00","2012-11-26 00:00:00","3.5000","87.5000","87.5000","2012-11-25 23:00:00"
"25045","811","6","50","2012-11-15 00:00:00","2012-11-26 00:00:00","2012-11-22 00:00:00","2012-11-26 00:00:00","3.0000","36.7500","36.7500","2012-11-25 23:00:00"
"25046","812","1","10","2012-11-15 00:00:00","2012-11-26 00:00:00","2012-11-22 00:00:00","2012-11-26 00:00:00","4.1000","92.2500","92.2500","2012-11-25 23:00:00"
"25046","812","2","20","2012-11-15 00:00:00","2012-11-26 00:00:00","2012-11-22 00:00:00","2012-11-26 00:00:00","3.5000","87.5000","87.5000","2012-11-25 23:00:00"
"25046","812","6","50","2012-11-15 00:00:00","2012-11-26 00:00:00","2012-11-22 00:00:00","2012-11-26 00:00:00","3.0000","36.7500","36.7500","2012-11-25 23:00:00"
"25047","813","1","10","2012-11-15 00:00:00","2012-11-26 00:00:00","2012-11-22 00:00:00","2012-11-26 00:00:00","4.1000","92.2500","92.2500","2012-11-25 23:00:00"
"25047","813","2","20","2012-11-15 00:00:00","2012-11-26 00:00:00","2012-11-22 00:00:00","2012-11-26 00:00:00","3.5000","87.5000","87.5000","2012-11-25 23:00:00"
"25047","813","6","50","2012-11-15 00:00:00","2012-11-26 00:00:00","2012-11-22 00:00:00","2012-11-26 00:00:00","3.0000","36.7500","36.7500","2012-11-25 23:00:00"
"25048","816","6","50","2012-11-15 00:00:00","2012-11-26 00:00:00","2012-11-22 00:00:00","2012-11-26 00:00:00","3.0000","36.7500","36.7500","2012-11-25 23:00:00"
"25049","818","6","50","2012-11-15 00:00:00","2012-11-26 00:00:00","2012-11-22 00:00:00","2012-11-26 00:00:00","3.0000","36.7500","36.7500","2012-11-25 23:00:00"
"25050","819","6","50","2012-11-15 00:00:00","2012-11-26 00:00:00","2012-11-22 00:00:00","2012-11-26 00:00:00","3.0000","36.7500","36.7500","2012-11-25 23:00:00"
"25051","820","6","50","2012-11-15 00:00:00","2012-11-26 00:00:00","2012-11-22 00:00:00","2012-11-26 00:00:00","3.0000","36.7500","36.7500","2012-11-25 23:00:00"
"25052","822","1","10","2012-11-15 00:00:00","2012-11-26 00:00:00","2012-11-22 00:00:00","2012-11-26 00:00:00","4.1000","92.2500","92.2500","2012-11-25 23:00:00"
"25052","822","2","20","2012-11-15 00:00:00","2012-11-26 00:00:00","2012-11-22 00:00:00","2012-11-26 00:00:00","3.5000","87.5000","87.5000","2012-11-25 23:00:00"
"25052","822","3","30","2012-11-15 00:00:00","2012-11-26 00:00:00","2012-11-22 00:00:00","2012-11-26 00:00:00","1.0000","14.5000","14.5000","2012-11-25 23:00:00"
"25052","822","4","40","2012-11-15 00:00:00","2012-11-26 00:00:00","2012-11-22 00:00:00","2012-11-26 00:00:00","2.0000","31.5000","31.5000","2012-11-25 23:00:00"
"25052","822","6","50","2012-11-15 00:00:00","2012-11-26 00:00:00","2012-11-22 00:00:00","2012-11-26 00:00:00","3.0000","36.7500","36.7500","2012-11-25 23:00:00"
"25052","822","7","60","2012-11-15 00:00:00","2012-11-26 00:00:00","2012-11-22 00:00:00","2012-11-26 00:00:00","4.0000","49.0000","49.0000","2012-11-25 23:00:00"
"25053","824","6","50","2012-11-15 00:00:00","2012-11-26 00:00:00","2012-11-22 00:00:00","2012-11-26 00:00:00","3.0000","36.7500","36.7500","2012-11-25 23:00:00"
"25054","826","6","50","2012-11-15 00:00:00","2012-11-26 00:00:00","2012-11-22 00:00:00","2012-11-26 00:00:00","3.0000","36.7500","36.7500","2012-11-25 23:00:00"
"25055","827","6","50","2012-11-15 00:00:00","2012-11-26 00:00:00","2012-11-22 00:00:00","2012-11-26 00:00:00","3.0000","36.7500","36.7500","2012-11-25 23:00:00"
"25056","828","6","50","2012-11-15 00:00:00","2012-11-26 00:00:00","2012-11-22 00:00:00","2012-11-26 00:00:00","3.0000","36.7500","36.7500","2012-11-25 23:00:00"
"25060","894","6","50","2012-11-15 00:00:00","2012-11-26 00:00:00","2012-11-22 00:00:00","2012-11-26 00:00:00","3.0000","36.7500","36.7500","2012-11-25 23:00:00"
"25061","945","1","10","2012-11-15 00:00:00","2012-11-26 00:00:00","2012-11-22 00:00:00","2012-11-26 00:00:00","4.1000","92.2500","92.2500","2012-11-25 23:00:00"
"25061","945","6","50","2012-11-15 00:00:00","2012-11-26 00:00:00","2012-11-22 00:00:00","2012-11-26 00:00:00","3.0000","36.7500","36.7500","2012-11-25 23:00:00"
"25062","950","6","50","2012-11-15 00:00:00","2012-11-26 00:00:00","2012-11-22 00:00:00","2012-11-26 00:00:00","3.0000","36.7500","36.7500","2012-11-25 23:00:00"
"25063","994","6","50","2012-11-15 00:00:00","2012-11-26 00:00:00","2012-11-22 00:00:00","2012-11-26 00:00:00","3.0000","36.7500","36.7500","2012-11-25 23:00:00"
"25064","995","6","50","2012-11-15 00:00:00","2012-11-26 00:00:00","2012-11-22 00:00:00","2012-11-26 00:00:00","3.0000","36.7500","36.7500","2012-11-25 23:00:00"
"25065","996","6","50","2012-11-15 00:00:00","2012-11-26 00:00:00","2012-11-22 00:00:00","2012-11-26 00:00:00","3.0000","36.7500","36.7500","2012-11-25 23:00:00"
"25079","802","1","10","2012-11-15 00:00:00","2012-11-26 00:00:00","2012-11-22 00:00:00","2012-11-26 00:00:00","4.1000","92.2500","92.2500","2012-11-25 23:00:00"
"25079","802","6","50","2012-11-15 00:00:00","2012-11-26 00:00:00","2012-11-22 00:00:00","2012-11-26 00:00:00","3.0000","36.7500","36.7500","2012-11-25 23:00:00"
"25080","803","1","10","2012-11-15 00:00:00","2012-11-26 00:00:00","2012-11-22 00:00:00","2012-11-26 00:00:00","4.1000","92.2500","92.2500","2012-11-25 23:00:00"
"25080","803","6","50","2012-11-15 00:00:00","2012-11-26 00:00:00","2012-11-22 00:00:00","2012-11-26 00:00:00","3.0000","36.7500","36.7500","2012-11-25 23:00:00"
"25081","804","1","10","2012-11-15 00:00:00","2012-11-26 00:00:00","2012-11-22 00:00:00","2012-11-26 00:00:00","4.1000","92.2500","92.2500","2012-11-25 23:00:00"
"25081","804","6","50","2012-11-15 00:00:00","2012-11-26 00:00:00","2012-11-22 00:00:00","2012-11-26 00:00:00","3.0000","36.7500","36.7500","2012-11-25 23:00:00"
"25086","769","7","60","2012-11-16 00:00:00","2012-11-27 00:00:00","2012-11-16 00:00:00","2012-12-16 00:00:00","4.0000","49.0000","49.0000","2012-12-15 23:00:00"
"25087","782","7","60","2012-11-16 00:00:00","2012-11-27 00:00:00","2012-11-16 00:00:00","2012-12-16 00:00:00","4.0000","49.0000","49.0000","2012-12-15 23:00:00"
"25088","794","7","60","2012-11-16 00:00:00","2012-11-27 00:00:00","2012-11-16 00:00:00","2012-12-16 00:00:00","4.0000","49.0000","49.0000","2012-12-15 23:00:00"
"25089","516","6","50","2012-11-16 00:00:00","2012-11-27 00:00:00","2012-11-16 00:00:00","2012-12-16 00:00:00","3.0000","36.7500","36.7500","2012-12-15 23:00:00"
"25089","516","7","60","2012-11-16 00:00:00","2012-11-27 00:00:00","2012-11-16 00:00:00","2012-12-16 00:00:00","4.0000","49.0000","49.0000","2012-12-15 23:00:00"
"25090","517","6","50","2012-11-16 00:00:00","2012-11-27 00:00:00","2012-11-16 00:00:00","2012-12-16 00:00:00","3.0000","36.7500","36.7500","2012-12-15 23:00:00"
"25090","517","7","60","2012-11-16 00:00:00","2012-11-27 00:00:00","2012-11-16 00:00:00","2012-12-16 00:00:00","4.0000","49.0000","49.0000","2012-12-15 23:00:00"
"25091","519","6","50","2012-11-16 00:00:00","2012-11-27 00:00:00","2012-11-16 00:00:00","2012-12-16 00:00:00","3.0000","36.7500","36.7500","2012-12-15 23:00:00"
"25091","519","7","60","2012-11-16 00:00:00","2012-11-27 00:00:00","2012-11-16 00:00:00","2012-12-16 00:00:00","4.0000","49.0000","49.0000","2012-12-15 23:00:00"
"25093","747","1","10","2012-11-16 00:00:00","2012-11-27 00:00:00","2012-11-16 00:00:00","2012-12-16 00:00:00","4.1000","92.2500","92.2500","2012-12-15 23:00:00"
"25093","747","2","20","2012-11-16 00:00:00","2012-11-27 00:00:00","2012-11-16 00:00:00","2012-12-16 00:00:00","3.5000","87.5000","87.5000","2012-12-15 23:00:00"
"25093","747","3","30","2012-11-16 00:00:00","2012-11-27 00:00:00","2012-11-16 00:00:00","2012-12-16 00:00:00","1.0000","14.5000","14.5000","2012-12-15 23:00:00"
"25093","747","4","40","2012-11-16 00:00:00","2012-11-27 00:00:00","2012-11-16 00:00:00","2012-12-16 00:00:00","2.0000","31.5000","31.5000","2012-12-15 23:00:00"
"25093","747","6","50","2012-11-16 00:00:00","2012-11-27 00:00:00","2012-11-16 00:00:00","2012-12-16 00:00:00","3.0000","36.7500","36.7500","2012-12-15 23:00:00"
"25093","747","7","60","2012-11-16 00:00:00","2012-11-27 00:00:00","2012-11-16 00:00:00","2012-12-16 00:00:00","4.0000","49.0000","49.0000","2012-12-15 23:00:00"
"25094","806","6","50","2012-11-16 00:00:00","2012-11-27 00:00:00","2012-11-16 00:00:00","2012-12-16 00:00:00","3.0000","36.7500","36.7500","2012-12-15 23:00:00"
"25095","810","1","10","2012-11-16 00:00:00","2012-11-27 00:00:00","2012-11-16 00:00:00","2012-12-16 00:00:00","4.1000","92.2500","92.2500","2012-12-15 23:00:00"
"25095","810","2","20","2012-11-16 00:00:00","2012-11-27 00:00:00","2012-11-16 00:00:00","2012-12-16 00:00:00","3.5000","87.5000","87.5000","2012-12-15 23:00:00"
"25095","810","6","50","2012-11-16 00:00:00","2012-11-27 00:00:00","2012-11-16 00:00:00","2012-12-16 00:00:00","3.0000","36.7500","36.7500","2012-12-15 23:00:00"
"25096","811","1","10","2012-11-16 00:00:00","2012-11-27 00:00:00","2012-11-16 00:00:00","2012-12-16 00:00:00","4.1000","92.2500","92.2500","2012-12-15 23:00:00"
"25096","811","2","20","2012-11-16 00:00:00","2012-11-27 00:00:00","2012-11-16 00:00:00","2012-12-16 00:00:00","3.5000","87.5000","87.5000","2012-12-15 23:00:00"
"25096","811","6","50","2012-11-16 00:00:00","2012-11-27 00:00:00","2012-11-16 00:00:00","2012-12-16 00:00:00","3.0000","36.7500","36.7500","2012-12-15 23:00:00"
"25097","813","1","10","2012-11-16 00:00:00","2012-11-27 00:00:00","2012-11-16 00:00:00","2012-12-16 00:00:00","4.1000","92.2500","92.2500","2012-12-15 23:00:00"
"25097","813","2","20","2012-11-16 00:00:00","2012-11-27 00:00:00","2012-11-16 00:00:00","2012-12-16 00:00:00","3.5000","87.5000","87.5000","2012-12-15 23:00:00"
"25097","813","6","50","2012-11-16 00:00:00","2012-11-27 00:00:00","2012-11-16 00:00:00","2012-12-16 00:00:00","3.0000","36.7500","36.7500","2012-12-15 23:00:00"
"25098","816","6","50","2012-11-16 00:00:00","2012-11-27 00:00:00","2012-11-16 00:00:00","2012-12-16 00:00:00","3.0000","36.7500","36.7500","2012-12-15 23:00:00"
"25099","818","6","50","2012-11-16 00:00:00","2012-11-27 00:00:00","2012-11-16 00:00:00","2012-12-16 00:00:00","3.0000","36.7500","36.7500","2012-12-15 23:00:00"
"25100","820","6","50","2012-11-16 00:00:00","2012-11-27 00:00:00","2012-11-16 00:00:00","2012-12-16 00:00:00","3.0000","36.7500","36.7500","2012-12-15 23:00:00"
"25101","824","6","50","2012-11-16 00:00:00","2012-11-27 00:00:00","2012-11-16 00:00:00","2012-12-16 00:00:00","3.0000","36.7500","36.7500","2012-12-15 23:00:00"
"25102","826","6","50","2012-11-16 00:00:00","2012-11-27 00:00:00","2012-11-16 00:00:00","2012-12-16 00:00:00","3.0000","36.7500","36.7500","2012-12-15 23:00:00"
"25103","828","6","50","2012-11-16 00:00:00","2012-11-27 00:00:00","2012-11-16 00:00:00","2012-12-16 00:00:00","3.0000","36.7500","36.7500","2012-12-15 23:00:00"
"25105","894","6","50","2012-11-16 00:00:00","2012-11-27 00:00:00","2012-11-16 00:00:00","2012-12-16 00:00:00","3.0000","36.7500","36.7500","2012-12-15 23:00:00"
"25106","945","1","10","2012-11-16 00:00:00","2012-11-27 00:00:00","2012-11-16 00:00:00","2012-12-16 00:00:00","4.1000","92.2500","92.2500","2012-12-15 23:00:00"
"25106","945","6","50","2012-11-16 00:00:00","2012-11-27 00:00:00","2012-11-16 00:00:00","2012-12-16 00:00:00","3.0000","36.7500","36.7500","2012-12-15 23:00:00"
"25107","950","6","50","2012-11-16 00:00:00","2012-11-27 00:00:00","2012-11-16 00:00:00","2012-12-16 00:00:00","3.0000","36.7500","36.7500","2012-12-15 23:00:00"
"25108","994","6","50","2012-11-16 00:00:00","2012-11-27 00:00:00","2012-11-16 00:00:00","2012-12-16 00:00:00","3.0000","36.7500","36.7500","2012-12-15 23:00:00"
"25109","995","6","50","2012-11-16 00:00:00","2012-11-27 00:00:00","2012-11-16 00:00:00","2012-12-16 00:00:00","3.0000","36.7500","36.7500","2012-12-15 23:00:00"
"25110","996","6","50","2012-11-16 00:00:00","2012-11-27 00:00:00","2012-11-16 00:00:00","2012-12-16 00:00:00","3.0000","36.7500","36.7500","2012-12-15 23:00:00"
"25124","802","1","10","2012-11-16 00:00:00","2012-11-27 00:00:00","2012-11-16 00:00:00","2012-12-16 00:00:00","4.1000","92.2500","92.2500","2012-12-15 23:00:00"
"25124","802","6","50","2012-11-16 00:00:00","2012-11-27 00:00:00","2012-11-16 00:00:00","2012-12-16 00:00:00","3.0000","36.7500","36.7500","2012-12-15 23:00:00"
"25125","804","1","10","2012-11-16 00:00:00","2012-11-27 00:00:00","2012-11-16 00:00:00","2012-12-16 00:00:00","4.1000","92.2500","92.2500","2012-12-15 23:00:00"
"25125","804","6","50","2012-11-16 00:00:00","2012-11-27 00:00:00","2012-11-16 00:00:00","2012-12-16 00:00:00","3.0000","36.7500","36.7500","2012-12-15 23:00:00"
"25130","759","7","60","2012-11-17 00:00:00","2012-11-28 00:00:00","2012-11-26 00:00:00","2012-11-28 00:00:00","4.0000","49.0000","49.0000","2012-11-27 23:00:00"
"25131","761","7","60","2012-11-17 00:00:00","2012-11-28 00:00:00","2012-11-26 00:00:00","2012-11-28 00:00:00","4.0000","49.0000","49.0000","2012-11-27 23:00:00"
"25132","762","7","60","2012-11-17 00:00:00","2012-11-28 00:00:00","2012-11-26 00:00:00","2012-11-28 00:00:00","4.0000","49.0000","49.0000","2012-11-27 23:00:00"
"25133","763","7","60","2012-11-17 00:00:00","2012-11-28 00:00:00","2012-11-26 00:00:00","2012-11-28 00:00:00","4.0000","49.0000","49.0000","2012-11-27 23:00:00"
"25134","766","7","60","2012-11-17 00:00:00","2012-11-28 00:00:00","2012-11-26 00:00:00","2012-11-28 00:00:00","4.0000","49.0000","49.0000","2012-11-27 23:00:00"
"25135","783","7","60","2012-11-17 00:00:00","2012-11-28 00:00:00","2012-11-26 00:00:00","2012-11-28 00:00:00","4.0000","49.0000","49.0000","2012-11-27 23:00:00"
"25136","784","7","60","2012-11-17 00:00:00","2012-11-28 00:00:00","2012-11-26 00:00:00","2012-11-28 00:00:00","4.0000","49.0000","49.0000","2012-11-27 23:00:00"
"25137","795","7","60","2012-11-17 00:00:00","2012-11-28 00:00:00","2012-11-26 00:00:00","2012-11-28 00:00:00","4.0000","49.0000","49.0000","2012-11-27 23:00:00"
"25138","801","7","60","2012-11-17 00:00:00","2012-11-28 00:00:00","2012-11-26 00:00:00","2012-11-28 00:00:00","4.0000","49.0000","49.0000","2012-11-27 23:00:00"
"25139","516","6","50","2012-11-17 00:00:00","2012-11-28 00:00:00","2012-11-26 00:00:00","2012-11-28 00:00:00","3.0000","36.7500","36.7500","2012-11-27 23:00:00"
"25139","516","7","60","2012-11-17 00:00:00","2012-11-28 00:00:00","2012-11-26 00:00:00","2012-11-28 00:00:00","4.0000","49.0000","49.0000","2012-11-27 23:00:00"
"25140","517","6","50","2012-11-17 00:00:00","2012-11-28 00:00:00","2012-11-26 00:00:00","2012-11-28 00:00:00","3.0000","36.7500","36.7500","2012-11-27 23:00:00"
"25140","517","7","60","2012-11-17 00:00:00","2012-11-28 00:00:00","2012-11-26 00:00:00","2012-11-28 00:00:00","4.0000","49.0000","49.0000","2012-11-27 23:00:00"
"25141","518","6","50","2012-11-17 00:00:00","2012-11-28 00:00:00","2012-11-26 00:00:00","2012-11-28 00:00:00","3.0000","36.7500","36.7500","2012-11-27 23:00:00"
"25141","518","7","60","2012-11-17 00:00:00","2012-11-28 00:00:00","2012-11-26 00:00:00","2012-11-28 00:00:00","4.0000","49.0000","49.0000","2012-11-27 23:00:00"
"25142","519","6","50","2012-11-17 00:00:00","2012-11-28 00:00:00","2012-11-26 00:00:00","2012-11-28 00:00:00","3.0000","36.7500","36.7500","2012-11-27 23:00:00"
"25142","519","7","60","2012-11-17 00:00:00","2012-11-28 00:00:00","2012-11-26 00:00:00","2012-11-28 00:00:00","4.0000","49.0000","49.0000","2012-11-27 23:00:00"
"25150","806","6","50","2012-11-17 00:00:00","2012-11-28 00:00:00","2012-11-26 00:00:00","2012-11-28 00:00:00","3.0000","36.7500","36.7500","2012-11-27 23:00:00"
"25151","810","1","10","2012-11-17 00:00:00","2012-11-28 00:00:00","2012-11-26 00:00:00","2012-11-28 00:00:00","4.1000","92.2500","92.2500","2012-11-27 23:00:00"
"25151","810","2","20","2012-11-17 00:00:00","2012-11-28 00:00:00","2012-11-26 00:00:00","2012-11-28 00:00:00","3.5000","87.5000","87.5000","2012-11-27 23:00:00"
"25151","810","6","50","2012-11-17 00:00:00","2012-11-28 00:00:00","2012-11-26 00:00:00","2012-11-28 00:00:00","3.0000","36.7500","36.7500","2012-11-27 23:00:00"
"25152","811","1","10","2012-11-17 00:00:00","2012-11-28 00:00:00","2012-11-26 00:00:00","2012-11-28 00:00:00","4.1000","92.2500","92.2500","2012-11-27 23:00:00"
"25152","811","2","20","2012-11-17 00:00:00","2012-11-28 00:00:00","2012-11-26 00:00:00","2012-11-28 00:00:00","3.5000","87.5000","87.5000","2012-11-27 23:00:00"
"25152","811","6","50","2012-11-17 00:00:00","2012-11-28 00:00:00","2012-11-26 00:00:00","2012-11-28 00:00:00","3.0000","36.7500","36.7500","2012-11-27 23:00:00"
"25153","812","1","10","2012-11-17 00:00:00","2012-11-28 00:00:00","2012-11-26 00:00:00","2012-11-28 00:00:00","4.1000","92.2500","92.2500","2012-11-27 23:00:00"
"25153","812","2","20","2012-11-17 00:00:00","2012-11-28 00:00:00","2012-11-26 00:00:00","2012-11-28 00:00:00","3.5000","87.5000","87.5000","2012-11-27 23:00:00"
"25153","812","6","50","2012-11-17 00:00:00","2012-11-28 00:00:00","2012-11-26 00:00:00","2012-11-28 00:00:00","3.0000","36.7500","36.7500","2012-11-27 23:00:00"
"25154","813","1","10","2012-11-17 00:00:00","2012-11-28 00:00:00","2012-11-26 00:00:00","2012-11-28 00:00:00","4.1000","92.2500","92.2500","2012-11-27 23:00:00"
"25154","813","2","20","2012-11-17 00:00:00","2012-11-28 00:00:00","2012-11-26 00:00:00","2012-11-28 00:00:00","3.5000","87.5000","87.5000","2012-11-27 23:00:00"
"25154","813","6","50","2012-11-17 00:00:00","2012-11-28 00:00:00","2012-11-26 00:00:00","2012-11-28 00:00:00","3.0000","36.7500","36.7500","2012-11-27 23:00:00"
"25155","816","6","50","2012-11-17 00:00:00","2012-11-28 00:00:00","2012-11-26 00:00:00","2012-11-28 00:00:00","3.0000","36.7500","36.7500","2012-11-27 23:00:00"
"25156","818","6","50","2012-11-17 00:00:00","2012-11-28 00:00:00","2012-11-26 00:00:00","2012-11-28 00:00:00","3.0000","36.7500","36.7500","2012-11-27 23:00:00"
"25157","819","6","50","2012-11-17 00:00:00","2012-11-28 00:00:00","2012-11-26 00:00:00","2012-11-28 00:00:00","3.0000","36.7500","36.7500","2012-11-27 23:00:00"
"25158","820","6","50","2012-11-17 00:00:00","2012-11-28 00:00:00","2012-11-26 00:00:00","2012-11-28 00:00:00","3.0000","36.7500","36.7500","2012-11-27 23:00:00"
"25159","824","6","50","2012-11-17 00:00:00","2012-11-28 00:00:00","2012-11-26 00:00:00","2012-11-28 00:00:00","3.0000","36.7500","36.7500","2012-11-27 23:00:00"
"25160","826","6","50","2012-11-17 00:00:00","2012-11-28 00:00:00","2012-11-26 00:00:00","2012-11-28 00:00:00","3.0000","36.7500","36.7500","2012-11-27 23:00:00"
"25161","827","6","50","2012-11-17 00:00:00","2012-11-28 00:00:00","2012-11-26 00:00:00","2012-11-28 00:00:00","3.0000","36.7500","36.7500","2012-11-27 23:00:00"
"25162","828","6","50","2012-11-17 00:00:00","2012-11-28 00:00:00","2012-11-26 00:00:00","2012-11-28 00:00:00","3.0000","36.7500","36.7500","2012-11-27 23:00:00"
"25165","894","6","50","2012-11-17 00:00:00","2012-11-28 00:00:00","2012-11-26 00:00:00","2012-11-28 00:00:00","3.0000","36.7500","36.7500","2012-11-27 23:00:00"
"25166","945","1","10","2012-11-17 00:00:00","2012-11-28 00:00:00","2012-11-26 00:00:00","2012-11-28 00:00:00","4.1000","92.2500","92.2500","2012-11-27 23:00:00"
"25166","945","6","50","2012-11-17 00:00:00","2012-11-28 00:00:00","2012-11-26 00:00:00","2012-11-28 00:00:00","3.0000","36.7500","36.7500","2012-11-27 23:00:00"
"25167","950","6","50","2012-11-17 00:00:00","2012-11-28 00:00:00","2012-11-26 00:00:00","2012-11-28 00:00:00","3.0000","36.7500","36.7500","2012-11-27 23:00:00"
"25168","994","6","50","2012-11-17 00:00:00","2012-11-28 00:00:00","2012-11-26 00:00:00","2012-11-28 00:00:00","3.0000","36.7500","36.7500","2012-11-27 23:00:00"
"25169","995","6","50","2012-11-17 00:00:00","2012-11-28 00:00:00","2012-11-26 00:00:00","2012-11-28 00:00:00","3.0000","36.7500","36.7500","2012-11-27 23:00:00"
"25170","996","6","50","2012-11-17 00:00:00","2012-11-28 00:00:00","2012-11-26 00:00:00","2012-11-28 00:00:00","3.0000","36.7500","36.7500","2012-11-27 23:00:00"
"25184","802","1","10","2012-11-17 00:00:00","2012-11-28 00:00:00","2012-11-26 00:00:00","2012-11-28 00:00:00","4.1000","92.2500","92.2500","2012-11-27 23:00:00"
"25184","802","6","50","2012-11-17 00:00:00","2012-11-28 00:00:00","2012-11-26 00:00:00","2012-11-28 00:00:00","3.0000","36.7500","36.7500","2012-11-27 23:00:00"
"25185","803","1","10","2012-11-17 00:00:00","2012-11-28 00:00:00","2012-11-26 00:00:00","2012-11-28 00:00:00","4.1000","92.2500","92.2500","2012-11-27 23:00:00"
"25185","803","6","50","2012-11-17 00:00:00","2012-11-28 00:00:00","2012-11-26 00:00:00","2012-11-28 00:00:00","3.0000","36.7500","36.7500","2012-11-27 23:00:00"
"25186","804","1","10","2012-11-17 00:00:00","2012-11-28 00:00:00","2012-11-26 00:00:00","2012-11-28 00:00:00","4.1000","92.2500","92.2500","2012-11-27 23:00:00"
"25186","804","6","50","2012-11-17 00:00:00","2012-11-28 00:00:00","2012-11-26 00:00:00","2012-11-28 00:00:00","3.0000","36.7500","36.7500","2012-11-27 23:00:00"
"25191","760","7","60","2012-11-18 00:00:00","2012-11-29 00:00:00","2012-11-18 00:00:00","2012-12-20 00:00:00","4.0000","49.0000","49.0000","2012-12-19 23:00:00"
"25192","768","7","60","2012-11-18 00:00:00","2012-11-29 00:00:00","2012-11-18 00:00:00","2012-12-20 00:00:00","4.0000","49.0000","49.0000","2012-12-19 23:00:00"
"25193","770","7","60","2012-11-18 00:00:00","2012-11-29 00:00:00","2012-11-18 00:00:00","2012-12-20 00:00:00","4.0000","49.0000","49.0000","2012-12-19 23:00:00"
"25194","779","7","60","2012-11-18 00:00:00","2012-11-29 00:00:00","2012-11-18 00:00:00","2012-12-20 00:00:00","4.0000","49.0000","49.0000","2012-12-19 23:00:00"
"25195","780","7","60","2012-11-18 00:00:00","2012-11-29 00:00:00","2012-11-18 00:00:00","2012-12-20 00:00:00","4.0000","49.0000","49.0000","2012-12-19 23:00:00"
"25196","782","7","60","2012-11-18 00:00:00","2012-11-29 00:00:00","2012-11-18 00:00:00","2012-12-20 00:00:00","4.0000","49.0000","49.0000","2012-12-19 23:00:00"
"25197","795","7","60","2012-11-18 00:00:00","2012-11-29 00:00:00","2012-11-18 00:00:00","2012-12-20 00:00:00","4.0000","49.0000","49.0000","2012-12-19 23:00:00"
"25198","796","7","60","2012-11-18 00:00:00","2012-11-29 00:00:00","2012-11-18 00:00:00","2012-12-20 00:00:00","4.0000","49.0000","49.0000","2012-12-19 23:00:00"
"25199","801","7","60","2012-11-18 00:00:00","2012-11-29 00:00:00","2012-11-18 00:00:00","2012-12-20 00:00:00","4.0000","49.0000","49.0000","2012-12-19 23:00:00"
"25200","516","6","50","2012-11-18 00:00:00","2012-11-29 00:00:00","2012-11-18 00:00:00","2012-12-20 00:00:00","3.0000","36.7500","36.7500","2012-12-19 23:00:00"
"25200","516","7","60","2012-11-18 00:00:00","2012-11-29 00:00:00","2012-11-18 00:00:00","2012-12-20 00:00:00","4.0000","49.0000","49.0000","2012-12-19 23:00:00"
"25201","517","6","50","2012-11-18 00:00:00","2012-11-29 00:00:00","2012-11-18 00:00:00","2012-12-20 00:00:00","3.0000","36.7500","36.7500","2012-12-19 23:00:00"
"25201","517","7","60","2012-11-18 00:00:00","2012-11-29 00:00:00","2012-11-18 00:00:00","2012-12-20 00:00:00","4.0000","49.0000","49.0000","2012-12-19 23:00:00"
"25202","518","6","50","2012-11-18 00:00:00","2012-11-29 00:00:00","2012-11-18 00:00:00","2012-12-20 00:00:00","3.0000","36.7500","36.7500","2012-12-19 23:00:00"
"25202","518","7","60","2012-11-18 00:00:00","2012-11-29 00:00:00","2012-11-18 00:00:00","2012-12-20 00:00:00","4.0000","49.0000","49.0000","2012-12-19 23:00:00"
"25203","519","6","50","2012-11-18 00:00:00","2012-11-29 00:00:00","2012-11-18 00:00:00","2012-12-20 00:00:00","3.0000","36.7500","36.7500","2012-12-19 23:00:00"
"25203","519","7","60","2012-11-18 00:00:00","2012-11-29 00:00:00","2012-11-18 00:00:00","2012-12-20 00:00:00","4.0000","49.0000","49.0000","2012-12-19 23:00:00"
"25209","747","1","10","2012-11-18 00:00:00","2012-11-29 00:00:00","2012-11-18 00:00:00","2012-12-20 00:00:00","4.1000","92.2500","92.2500","2012-12-19 23:00:00"
"25209","747","2","20","2012-11-18 00:00:00","2012-11-29 00:00:00","2012-11-18 00:00:00","2012-12-20 00:00:00","3.5000","87.5000","87.5000","2012-12-19 23:00:00"
"25209","747","3","30","2012-11-18 00:00:00","2012-11-29 00:00:00","2012-11-18 00:00:00","2012-12-20 00:00:00","1.0000","14.5000","14.5000","2012-12-19 23:00:00"
"25209","747","4","40","2012-11-18 00:00:00","2012-11-29 00:00:00","2012-11-18 00:00:00","2012-12-20 00:00:00","2.0000","31.5000","31.5000","2012-12-19 23:00:00"
"25209","747","6","50","2012-11-18 00:00:00","2012-11-29 00:00:00","2012-11-18 00:00:00","2012-12-20 00:00:00","3.0000","36.7500","36.7500","2012-12-19 23:00:00"
"25209","747","7","60","2012-11-18 00:00:00","2012-11-29 00:00:00","2012-11-18 00:00:00","2012-12-20 00:00:00","4.0000","49.0000","49.0000","2012-12-19 23:00:00"
"25210","748","1","10","2012-11-18 00:00:00","2012-11-29 00:00:00","2012-11-18 00:00:00","2012-12-20 00:00:00","4.1000","92.2500","92.2500","2012-12-19 23:00:00"
"25210","748","2","20","2012-11-18 00:00:00","2012-11-29 00:00:00","2012-11-18 00:00:00","2012-12-20 00:00:00","3.5000","87.5000","87.5000","2012-12-19 23:00:00"
"25210","748","3","30","2012-11-18 00:00:00","2012-11-29 00:00:00","2012-11-18 00:00:00","2012-12-20 00:00:00","1.0000","14.5000","14.5000","2012-12-19 23:00:00"
"25210","748","5","45","2012-11-18 00:00:00","2012-11-29 00:00:00","2012-11-18 00:00:00","2012-12-20 00:00:00","2.0000","36.0000","36.0000","2012-12-19 23:00:00"
"25210","748","6","50","2012-11-18 00:00:00","2012-11-29 00:00:00","2012-11-18 00:00:00","2012-12-20 00:00:00","3.0000","36.7500","36.7500","2012-12-19 23:00:00"
"25210","748","7","60","2012-11-18 00:00:00","2012-11-29 00:00:00","2012-11-18 00:00:00","2012-12-20 00:00:00","4.0000","49.0000","49.0000","2012-12-19 23:00:00"
"25211","806","6","50","2012-11-18 00:00:00","2012-11-29 00:00:00","2012-11-18 00:00:00","2012-12-20 00:00:00","3.0000","36.7500","36.7500","2012-12-19 23:00:00"
"25212","810","1","10","2012-11-18 00:00:00","2012-11-29 00:00:00","2012-11-18 00:00:00","2012-12-20 00:00:00","4.1000","92.2500","92.2500","2012-12-19 23:00:00"
"25212","810","2","20","2012-11-18 00:00:00","2012-11-29 00:00:00","2012-11-18 00:00:00","2012-12-20 00:00:00","3.5000","87.5000","87.5000","2012-12-19 23:00:00"
"25212","810","6","50","2012-11-18 00:00:00","2012-11-29 00:00:00","2012-11-18 00:00:00","2012-12-20 00:00:00","3.0000","36.7500","36.7500","2012-12-19 23:00:00"
"25213","811","1","10","2012-11-18 00:00:00","2012-11-29 00:00:00","2012-11-18 00:00:00","2012-12-20 00:00:00","4.1000","92.2500","92.2500","2012-12-19 23:00:00"
"25213","811","2","20","2012-11-18 00:00:00","2012-11-29 00:00:00","2012-11-18 00:00:00","2012-12-20 00:00:00","3.5000","87.5000","87.5000","2012-12-19 23:00:00"
"25213","811","6","50","2012-11-18 00:00:00","2012-11-29 00:00:00","2012-11-18 00:00:00","2012-12-20 00:00:00","3.0000","36.7500","36.7500","2012-12-19 23:00:00"
"25214","812","1","10","2012-11-18 00:00:00","2012-11-29 00:00:00","2012-11-18 00:00:00","2012-12-20 00:00:00","4.1000","92.2500","92.2500","2012-12-19 23:00:00"
"25214","812","2","20","2012-11-18 00:00:00","2012-11-29 00:00:00","2012-11-18 00:00:00","2012-12-20 00:00:00","3.5000","87.5000","87.5000","2012-12-19 23:00:00"
"25214","812","6","50","2012-11-18 00:00:00","2012-11-29 00:00:00","2012-11-18 00:00:00","2012-12-20 00:00:00","3.0000","36.7500","36.7500","2012-12-19 23:00:00"
"25215","813","1","10","2012-11-18 00:00:00","2012-11-29 00:00:00","2012-11-18 00:00:00","2012-12-20 00:00:00","4.1000","92.2500","92.2500","2012-12-19 23:00:00"
"25215","813","2","20","2012-11-18 00:00:00","2012-11-29 00:00:00","2012-11-18 00:00:00","2012-12-20 00:00:00","3.5000","87.5000","87.5000","2012-12-19 23:00:00"
"25215","813","6","50","2012-11-18 00:00:00","2012-11-29 00:00:00","2012-11-18 00:00:00","2012-12-20 00:00:00","3.0000","36.7500","36.7500","2012-12-19 23:00:00"
"25216","816","6","50","2012-11-18 00:00:00","2012-11-29 00:00:00","2012-11-18 00:00:00","2012-12-20 00:00:00","3.0000","36.7500","36.7500","2012-12-19 23:00:00"
"25217","818","6","50","2012-11-18 00:00:00","2012-11-29 00:00:00","2012-11-18 00:00:00","2012-12-20 00:00:00","3.0000","36.7500","36.7500","2012-12-19 23:00:00"
"25218","819","6","50","2012-11-18 00:00:00","2012-11-29 00:00:00","2012-11-18 00:00:00","2012-12-20 00:00:00","3.0000","36.7500","36.7500","2012-12-19 23:00:00"
"25219","820","6","50","2012-11-18 00:00:00","2012-11-29 00:00:00","2012-11-18 00:00:00","2012-12-20 00:00:00","3.0000","36.7500","36.7500","2012-12-19 23:00:00"
"25220","824","6","50","2012-11-18 00:00:00","2012-11-29 00:00:00","2012-11-18 00:00:00","2012-12-20 00:00:00","3.0000","36.7500","36.7500","2012-12-19 23:00:00"
"25221","826","6","50","2012-11-18 00:00:00","2012-11-29 00:00:00","2012-11-18 00:00:00","2012-12-20 00:00:00","3.0000","36.7500","36.7500","2012-12-19 23:00:00"
"25222","827","6","50","2012-11-18 00:00:00","2012-11-29 00:00:00","2012-11-18 00:00:00","2012-12-20 00:00:00","3.0000","36.7500","36.7500","2012-12-19 23:00:00"
"25223","828","6","50","2012-11-18 00:00:00","2012-11-29 00:00:00","2012-11-18 00:00:00","2012-12-20 00:00:00","3.0000","36.7500","36.7500","2012-12-19 23:00:00"
"25226","894","6","50","2012-11-18 00:00:00","2012-11-29 00:00:00","2012-11-18 00:00:00","2012-12-20 00:00:00","3.0000","36.7500","36.7500","2012-12-19 23:00:00"
"25227","945","1","10","2012-11-18 00:00:00","2012-11-29 00:00:00","2012-11-18 00:00:00","2012-12-20 00:00:00","4.1000","92.2500","92.2500","2012-12-19 23:00:00"
"25227","945","6","50","2012-11-18 00:00:00","2012-11-29 00:00:00","2012-11-18 00:00:00","2012-12-20 00:00:00","3.0000","36.7500","36.7500","2012-12-19 23:00:00"
"25228","950","6","50","2012-11-18 00:00:00","2012-11-29 00:00:00","2012-11-18 00:00:00","2012-12-20 00:00:00","3.0000","36.7500","36.7500","2012-12-19 23:00:00"
"25229","994","6","50","2012-11-18 00:00:00","2012-11-29 00:00:00","2012-11-18 00:00:00","2012-12-20 00:00:00","3.0000","36.7500","36.7500","2012-12-19 23:00:00"
"25230","995","6","50","2012-11-18 00:00:00","2012-11-29 00:00:00","2012-11-18 00:00:00","2012-12-20 00:00:00","3.0000","36.7500","36.7500","2012-12-19 23:00:00"
"25231","996","6","50","2012-11-18 00:00:00","2012-11-29 00:00:00","2012-11-18 00:00:00","2012-12-20 00:00:00","3.0000","36.7500","36.7500","2012-12-19 23:00:00"
"25245","802","1","10","2012-11-18 00:00:00","2012-11-29 00:00:00","2012-11-18 00:00:00","2012-12-20 00:00:00","4.1000","92.2500","92.2500","2012-12-19 23:00:00"
"25245","802","6","50","2012-11-18 00:00:00","2012-11-29 00:00:00","2012-11-18 00:00:00","2012-12-20 00:00:00","3.0000","36.7500","36.7500","2012-12-19 23:00:00"
"25246","803","1","10","2012-11-18 00:00:00","2012-11-29 00:00:00","2012-11-18 00:00:00","2012-12-20 00:00:00","4.1000","92.2500","92.2500","2012-12-19 23:00:00"
"25246","803","6","50","2012-11-18 00:00:00","2012-11-29 00:00:00","2012-11-18 00:00:00","2012-12-20 00:00:00","3.0000","36.7500","36.7500","2012-12-19 23:00:00"
"25247","804","1","10","2012-11-18 00:00:00","2012-11-29 00:00:00","2012-11-18 00:00:00","2012-12-20 00:00:00","4.1000","92.2500","92.2500","2012-12-19 23:00:00"
"25247","804","6","50","2012-11-18 00:00:00","2012-11-29 00:00:00","2012-11-18 00:00:00","2012-12-20 00:00:00","3.0000","36.7500","36.7500","2012-12-19 23:00:00"
"25252","779","7","60","2012-11-19 00:00:00","2012-11-30 00:00:00","2012-11-30 00:00:00","2012-12-01 00:00:00","4.0000","49.0000","49.0000","2012-11-30 23:00:00"
"25253","780","7","60","2012-11-19 00:00:00","2012-11-30 00:00:00","2012-11-30 00:00:00","2012-12-01 00:00:00","4.0000","49.0000","49.0000","2012-11-30 23:00:00"
"25254","782","7","60","2012-11-19 00:00:00","2012-11-30 00:00:00","2012-11-30 00:00:00","2012-12-01 00:00:00","4.0000","49.0000","49.0000","2012-11-30 23:00:00"
"25255","784","7","60","2012-11-19 00:00:00","2012-11-30 00:00:00","2012-11-30 00:00:00","2012-12-01 00:00:00","4.0000","49.0000","49.0000","2012-11-30 23:00:00"
"25256","793","7","60","2012-11-19 00:00:00","2012-11-30 00:00:00","2012-11-30 00:00:00","2012-12-01 00:00:00","4.0000","49.0000","49.0000","2012-11-30 23:00:00"
"25257","794","7","60","2012-11-19 00:00:00","2012-11-30 00:00:00","2012-11-30 00:00:00","2012-12-01 00:00:00","4.0000","49.0000","49.0000","2012-11-30 23:00:00"
"25258","800","7","60","2012-11-19 00:00:00","2012-11-30 00:00:00","2012-11-30 00:00:00","2012-12-01 00:00:00","4.0000","49.0000","49.0000","2012-11-30 23:00:00"
"25259","516","6","50","2012-11-19 00:00:00","2012-11-30 00:00:00","2012-11-30 00:00:00","2012-12-01 00:00:00","3.0000","36.7500","36.7500","2012-11-30 23:00:00"
"25259","516","7","60","2012-11-19 00:00:00","2012-11-30 00:00:00","2012-11-30 00:00:00","2012-12-01 00:00:00","4.0000","49.0000","49.0000","2012-11-30 23:00:00"
"25260","518","6","50","2012-11-19 00:00:00","2012-11-30 00:00:00","2012-11-30 00:00:00","2012-12-01 00:00:00","3.0000","36.7500","36.7500","2012-11-30 23:00:00"
"25260","518","7","60","2012-11-19 00:00:00","2012-11-30 00:00:00","2012-11-30 00:00:00","2012-12-01 00:00:00","4.0000","49.0000","49.0000","2012-11-30 23:00:00"
"25261","519","6","50","2012-11-19 00:00:00","2012-11-30 00:00:00","2012-11-30 00:00:00","2012-12-01 00:00:00","3.0000","36.7500","36.7500","2012-11-30 23:00:00"
"25261","519","7","60","2012-11-19 00:00:00","2012-11-30 00:00:00","2012-11-30 00:00:00","2012-12-01 00:00:00","4.0000","49.0000","49.0000","2012-11-30 23:00:00"
"25264","747","1","10","2012-11-19 00:00:00","2012-11-30 00:00:00","2012-11-30 00:00:00","2012-12-01 00:00:00","4.1000","92.2500","92.2500","2012-11-30 23:00:00"
"25264","747","2","20","2012-11-19 00:00:00","2012-11-30 00:00:00","2012-11-30 00:00:00","2012-12-01 00:00:00","3.5000","87.5000","87.5000","2012-11-30 23:00:00"
"25264","747","3","30","2012-11-19 00:00:00","2012-11-30 00:00:00","2012-11-30 00:00:00","2012-12-01 00:00:00","1.0000","14.5000","14.5000","2012-11-30 23:00:00"
"25264","747","4","40","2012-11-19 00:00:00","2012-11-30 00:00:00","2012-11-30 00:00:00","2012-12-01 00:00:00","2.0000","31.5000","31.5000","2012-11-30 23:00:00"
"25264","747","6","50","2012-11-19 00:00:00","2012-11-30 00:00:00","2012-11-30 00:00:00","2012-12-01 00:00:00","3.0000","36.7500","36.7500","2012-11-30 23:00:00"
"25264","747","7","60","2012-11-19 00:00:00","2012-11-30 00:00:00","2012-11-30 00:00:00","2012-12-01 00:00:00","4.0000","49.0000","49.0000","2012-11-30 23:00:00"
"25265","748","1","10","2012-11-19 00:00:00","2012-11-30 00:00:00","2012-11-30 00:00:00","2012-12-01 00:00:00","4.1000","92.2500","92.2500","2012-11-30 23:00:00"
"25265","748","2","20","2012-11-19 00:00:00","2012-11-30 00:00:00","2012-11-30 00:00:00","2012-12-01 00:00:00","3.5000","87.5000","87.5000","2012-11-30 23:00:00"
"25265","748","3","30","2012-11-19 00:00:00","2012-11-30 00:00:00","2012-11-30 00:00:00","2012-12-01 00:00:00","1.0000","14.5000","14.5000","2012-11-30 23:00:00"
"25265","748","5","45","2012-11-19 00:00:00","2012-11-30 00:00:00","2012-11-30 00:00:00","2012-12-01 00:00:00","2.0000","36.0000","36.0000","2012-11-30 23:00:00"
"25265","748","6","50","2012-11-19 00:00:00","2012-11-30 00:00:00","2012-11-30 00:00:00","2012-12-01 00:00:00","3.0000","36.7500","36.7500","2012-11-30 23:00:00"
"25265","748","7","60","2012-11-19 00:00:00","2012-11-30 00:00:00","2012-11-30 00:00:00","2012-12-01 00:00:00","4.0000","49.0000","49.0000","2012-11-30 23:00:00"
"25266","806","6","50","2012-11-19 00:00:00","2012-11-30 00:00:00","2012-11-30 00:00:00","2012-12-01 00:00:00","3.0000","36.7500","36.7500","2012-11-30 23:00:00"
"25267","810","1","10","2012-11-19 00:00:00","2012-11-30 00:00:00","2012-11-30 00:00:00","2012-12-01 00:00:00","4.1000","92.2500","92.2500","2012-11-30 23:00:00"
"25267","810","2","20","2012-11-19 00:00:00","2012-11-30 00:00:00","2012-11-30 00:00:00","2012-12-01 00:00:00","3.5000","87.5000","87.5000","2012-11-30 23:00:00"
"25267","810","6","50","2012-11-19 00:00:00","2012-11-30 00:00:00","2012-11-30 00:00:00","2012-12-01 00:00:00","3.0000","36.7500","36.7500","2012-11-30 23:00:00"
"25268","812","1","10","2012-11-19 00:00:00","2012-11-30 00:00:00","2012-11-30 00:00:00","2012-12-01 00:00:00","4.1000","92.2500","92.2500","2012-11-30 23:00:00"
"25268","812","2","20","2012-11-19 00:00:00","2012-11-30 00:00:00","2012-11-30 00:00:00","2012-12-01 00:00:00","3.5000","87.5000","87.5000","2012-11-30 23:00:00"
"25268","812","6","50","2012-11-19 00:00:00","2012-11-30 00:00:00","2012-11-30 00:00:00","2012-12-01 00:00:00","3.0000","36.7500","36.7500","2012-11-30 23:00:00"
"25269","813","1","10","2012-11-19 00:00:00","2012-11-30 00:00:00","2012-11-30 00:00:00","2012-12-01 00:00:00","4.1000","92.2500","92.2500","2012-11-30 23:00:00"
"25269","813","2","20","2012-11-19 00:00:00","2012-11-30 00:00:00","2012-11-30 00:00:00","2012-12-01 00:00:00","3.5000","87.5000","87.5000","2012-11-30 23:00:00"
"25269","813","6","50","2012-11-19 00:00:00","2012-11-30 00:00:00","2012-11-30 00:00:00","2012-12-01 00:00:00","3.0000","36.7500","36.7500","2012-11-30 23:00:00"
"25270","816","6","50","2012-11-19 00:00:00","2012-11-30 00:00:00","2012-11-30 00:00:00","2012-12-01 00:00:00","3.0000","36.7500","36.7500","2012-11-30 23:00:00"
"25271","819","6","50","2012-11-19 00:00:00","2012-11-30 00:00:00","2012-11-30 00:00:00","2012-12-01 00:00:00","3.0000","36.7500","36.7500","2012-11-30 23:00:00"
"25272","820","6","50","2012-11-19 00:00:00","2012-11-30 00:00:00","2012-11-30 00:00:00","2012-12-01 00:00:00","3.0000","36.7500","36.7500","2012-11-30 23:00:00"
"25273","824","6","50","2012-11-19 00:00:00","2012-11-30 00:00:00","2012-11-30 00:00:00","2012-12-01 00:00:00","3.0000","36.7500","36.7500","2012-11-30 23:00:00"
"25274","827","6","50","2012-11-19 00:00:00","2012-11-30 00:00:00","2012-11-30 00:00:00","2012-12-01 00:00:00","3.0000","36.7500","36.7500","2012-11-30 23:00:00"
"25275","828","6","50","2012-11-19 00:00:00","2012-11-30 00:00:00","2012-11-30 00:00:00","2012-12-01 00:00:00","3.0000","36.7500","36.7500","2012-11-30 23:00:00"
"25279","894","6","50","2012-11-19 00:00:00","2012-11-30 00:00:00","2012-11-30 00:00:00","2012-12-01 00:00:00","3.0000","36.7500","36.7500","2012-11-30 23:00:00"
"25280","945","1","10","2012-11-19 00:00:00","2012-11-30 00:00:00","2012-11-30 00:00:00","2012-12-01 00:00:00","4.1000","92.2500","92.2500","2012-11-30 23:00:00"
"25280","945","6","50","2012-11-19 00:00:00","2012-11-30 00:00:00","2012-11-30 00:00:00","2012-12-01 00:00:00","3.0000","36.7500","36.7500","2012-11-30 23:00:00"
"25281","950","6","50","2012-11-19 00:00:00","2012-11-30 00:00:00","2012-11-30 00:00:00","2012-12-01 00:00:00","3.0000","36.7500","36.7500","2012-11-30 23:00:00"
"25282","994","6","50","2012-11-19 00:00:00","2012-11-30 00:00:00","2012-11-30 00:00:00","2012-12-01 00:00:00","3.0000","36.7500","36.7500","2012-11-30 23:00:00"
"25283","995","6","50","2012-11-19 00:00:00","2012-11-30 00:00:00","2012-11-30 00:00:00","2012-12-01 00:00:00","3.0000","36.7500","36.7500","2012-11-30 23:00:00"
"25284","996","6","50","2012-11-19 00:00:00","2012-11-30 00:00:00","2012-11-30 00:00:00","2012-12-01 00:00:00","3.0000","36.7500","36.7500","2012-11-30 23:00:00"
"25297","803","1","10","2012-11-19 00:00:00","2012-11-30 00:00:00","2012-11-30 00:00:00","2012-12-01 00:00:00","4.1000","92.2500","92.2500","2012-11-30 23:00:00"
"25297","803","6","50","2012-11-19 00:00:00","2012-11-30 00:00:00","2012-11-30 00:00:00","2012-12-01 00:00:00","3.0000","36.7500","36.7500","2012-11-30 23:00:00"
"25298","804","1","10","2012-11-19 00:00:00","2012-11-30 00:00:00","2012-11-30 00:00:00","2012-12-01 00:00:00","4.1000","92.2500","92.2500","2012-11-30 23:00:00"
"25298","804","6","50","2012-11-19 00:00:00","2012-11-30 00:00:00","2012-11-30 00:00:00","2012-12-01 00:00:00","3.0000","36.7500","36.7500","2012-11-30 23:00:00"
"25303","779","7","60","2012-11-20 00:00:00","2012-12-01 00:00:00","2012-11-20 00:00:00","2012-12-01 00:00:00","4.0000","49.0000","49.0000","2012-11-30 23:00:00"
"25304","780","7","60","2012-11-20 00:00:00","2012-12-01 00:00:00","2012-11-20 00:00:00","2012-12-01 00:00:00","4.0000","49.0000","49.0000","2012-11-30 23:00:00"
"25305","781","7","60","2012-11-20 00:00:00","2012-12-01 00:00:00","2012-11-20 00:00:00","2012-12-01 00:00:00","4.0000","49.0000","49.0000","2012-11-30 23:00:00"
"25306","782","7","60","2012-11-20 00:00:00","2012-12-01 00:00:00","2012-11-20 00:00:00","2012-12-01 00:00:00","4.0000","49.0000","49.0000","2012-11-30 23:00:00"
"25307","783","7","60","2012-11-20 00:00:00","2012-12-01 00:00:00","2012-11-20 00:00:00","2012-12-01 00:00:00","4.0000","49.0000","49.0000","2012-11-30 23:00:00"
"25308","784","7","60","2012-11-20 00:00:00","2012-12-01 00:00:00","2012-11-20 00:00:00","2012-12-01 00:00:00","4.0000","49.0000","49.0000","2012-11-30 23:00:00"
"25309","789","7","60","2012-11-20 00:00:00","2012-12-01 00:00:00","2012-11-20 00:00:00","2012-12-01 00:00:00","4.0000","49.0000","49.0000","2012-11-30 23:00:00"
"25310","795","7","60","2012-11-20 00:00:00","2012-12-01 00:00:00","2012-11-20 00:00:00","2012-12-01 00:00:00","4.0000","49.0000","49.0000","2012-11-30 23:00:00"
"25311","799","7","60","2012-11-20 00:00:00","2012-12-01 00:00:00","2012-11-20 00:00:00","2012-12-01 00:00:00","4.0000","49.0000","49.0000","2012-11-30 23:00:00"
"25312","516","6","50","2012-11-20 00:00:00","2012-12-01 00:00:00","2012-11-20 00:00:00","2012-12-01 00:00:00","3.0000","36.7500","36.7500","2012-11-30 23:00:00"
"25312","516","7","60","2012-11-20 00:00:00","2012-12-01 00:00:00","2012-11-20 00:00:00","2012-12-01 00:00:00","4.0000","49.0000","49.0000","2012-11-30 23:00:00"
"25313","518","6","50","2012-11-20 00:00:00","2012-12-01 00:00:00","2012-11-20 00:00:00","2012-12-01 00:00:00","3.0000","36.7500","36.7500","2012-11-30 23:00:00"
"25313","518","7","60","2012-11-20 00:00:00","2012-12-01 00:00:00","2012-11-20 00:00:00","2012-12-01 00:00:00","4.0000","49.0000","49.0000","2012-11-30 23:00:00"
"25314","519","6","50","2012-11-20 00:00:00","2012-12-01 00:00:00","2012-11-20 00:00:00","2012-12-01 00:00:00","3.0000","36.7500","36.7500","2012-11-30 23:00:00"
"25314","519","7","60","2012-11-20 00:00:00","2012-12-01 00:00:00","2012-11-20 00:00:00","2012-12-01 00:00:00","4.0000","49.0000","49.0000","2012-11-30 23:00:00"
"25320","747","1","10","2012-11-20 00:00:00","2012-12-01 00:00:00","2012-11-20 00:00:00","2012-12-01 00:00:00","4.1000","92.2500","92.2500","2012-11-30 23:00:00"
"25320","747","2","20","2012-11-20 00:00:00","2012-12-01 00:00:00","2012-11-20 00:00:00","2012-12-01 00:00:00","3.5000","87.5000","87.5000","2012-11-30 23:00:00"
"25320","747","3","30","2012-11-20 00:00:00","2012-12-01 00:00:00","2012-11-20 00:00:00","2012-12-01 00:00:00","1.0000","14.5000","14.5000","2012-11-30 23:00:00"
"25320","747","4","40","2012-11-20 00:00:00","2012-12-01 00:00:00","2012-11-20 00:00:00","2012-12-01 00:00:00","2.0000","31.5000","31.5000","2012-11-30 23:00:00"
"25320","747","6","50","2012-11-20 00:00:00","2012-12-01 00:00:00","2012-11-20 00:00:00","2012-12-01 00:00:00","3.0000","36.7500","36.7500","2012-11-30 23:00:00"
"25320","747","7","60","2012-11-20 00:00:00","2012-12-01 00:00:00","2012-11-20 00:00:00","2012-12-01 00:00:00","4.0000","49.0000","49.0000","2012-11-30 23:00:00"
"25321","748","1","10","2012-11-20 00:00:00","2012-12-01 00:00:00","2012-11-20 00:00:00","2012-12-01 00:00:00","4.1000","92.2500","92.2500","2012-11-30 23:00:00"
"25321","748","2","20","2012-11-20 00:00:00","2012-12-01 00:00:00","2012-11-20 00:00:00","2012-12-01 00:00:00","3.5000","87.5000","87.5000","2012-11-30 23:00:00"
"25321","748","3","30","2012-11-20 00:00:00","2012-12-01 00:00:00","2012-11-20 00:00:00","2012-12-01 00:00:00","1.0000","14.5000","14.5000","2012-11-30 23:00:00"
"25321","748","5","45","2012-11-20 00:00:00","2012-12-01 00:00:00","2012-11-20 00:00:00","2012-12-01 00:00:00","2.0000","36.0000","36.0000","2012-11-30 23:00:00"
"25321","748","6","50","2012-11-20 00:00:00","2012-12-01 00:00:00","2012-11-20 00:00:00","2012-12-01 00:00:00","3.0000","36.7500","36.7500","2012-11-30 23:00:00"
"25321","748","7","60","2012-11-20 00:00:00","2012-12-01 00:00:00","2012-11-20 00:00:00","2012-12-01 00:00:00","4.0000","49.0000","49.0000","2012-11-30 23:00:00"
"25322","806","6","50","2012-11-20 00:00:00","2012-12-01 00:00:00","2012-11-20 00:00:00","2012-12-01 00:00:00","3.0000","36.7500","36.7500","2012-11-30 23:00:00"
"25323","810","1","10","2012-11-20 00:00:00","2012-12-01 00:00:00","2012-11-20 00:00:00","2012-12-01 00:00:00","4.1000","92.2500","92.2500","2012-11-30 23:00:00"
"25323","810","2","20","2012-11-20 00:00:00","2012-12-01 00:00:00","2012-11-20 00:00:00","2012-12-01 00:00:00","3.5000","87.5000","87.5000","2012-11-30 23:00:00"
"25323","810","6","50","2012-11-20 00:00:00","2012-12-01 00:00:00","2012-11-20 00:00:00","2012-12-01 00:00:00","3.0000","36.7500","36.7500","2012-11-30 23:00:00"
"25324","812","1","10","2012-11-20 00:00:00","2012-12-01 00:00:00","2012-11-20 00:00:00","2012-12-01 00:00:00","4.1000","92.2500","92.2500","2012-11-30 23:00:00"
"25324","812","2","20","2012-11-20 00:00:00","2012-12-01 00:00:00","2012-11-20 00:00:00","2012-12-01 00:00:00","3.5000","87.5000","87.5000","2012-11-30 23:00:00"
"25324","812","6","50","2012-11-20 00:00:00","2012-12-01 00:00:00","2012-11-20 00:00:00","2012-12-01 00:00:00","3.0000","36.7500","36.7500","2012-11-30 23:00:00"
"25325","813","1","10","2012-11-20 00:00:00","2012-12-01 00:00:00","2012-11-20 00:00:00","2012-12-01 00:00:00","4.1000","92.2500","92.2500","2012-11-30 23:00:00"
"25325","813","2","20","2012-11-20 00:00:00","2012-12-01 00:00:00","2012-11-20 00:00:00","2012-12-01 00:00:00","3.5000","87.5000","87.5000","2012-11-30 23:00:00"
"25325","813","6","50","2012-11-20 00:00:00","2012-12-01 00:00:00","2012-11-20 00:00:00","2012-12-01 00:00:00","3.0000","36.7500","36.7500","2012-11-30 23:00:00"
"25326","816","6","50","2012-11-20 00:00:00","2012-12-01 00:00:00","2012-11-20 00:00:00","2012-12-01 00:00:00","3.0000","36.7500","36.7500","2012-11-30 23:00:00"
"25327","819","6","50","2012-11-20 00:00:00","2012-12-01 00:00:00","2012-11-20 00:00:00","2012-12-01 00:00:00","3.0000","36.7500","36.7500","2012-11-30 23:00:00"
"25328","820","6","50","2012-11-20 00:00:00","2012-12-01 00:00:00","2012-11-20 00:00:00","2012-12-01 00:00:00","3.0000","36.7500","36.7500","2012-11-30 23:00:00"
"25329","824","6","50","2012-11-20 00:00:00","2012-12-01 00:00:00","2012-11-20 00:00:00","2012-12-01 00:00:00","3.0000","36.7500","36.7500","2012-11-30 23:00:00"
"25330","827","6","50","2012-11-20 00:00:00","2012-12-01 00:00:00","2012-11-20 00:00:00","2012-12-01 00:00:00","3.0000","36.7500","36.7500","2012-11-30 23:00:00"
"25331","828","6","50","2012-11-20 00:00:00","2012-12-01 00:00:00","2012-11-20 00:00:00","2012-12-01 00:00:00","3.0000","36.7500","36.7500","2012-11-30 23:00:00"
"25334","894","6","50","2012-11-20 00:00:00","2012-12-01 00:00:00","2012-11-20 00:00:00","2012-12-01 00:00:00","3.0000","36.7500","36.7500","2012-11-30 23:00:00"
"25335","945","1","10","2012-11-20 00:00:00","2012-12-01 00:00:00","2012-11-20 00:00:00","2012-12-01 00:00:00","4.1000","92.2500","92.2500","2012-11-30 23:00:00"
"25335","945","6","50","2012-11-20 00:00:00","2012-12-01 00:00:00","2012-11-20 00:00:00","2012-12-01 00:00:00","3.0000","36.7500","36.7500","2012-11-30 23:00:00"
"25336","950","6","50","2012-11-20 00:00:00","2012-12-01 00:00:00","2012-11-20 00:00:00","2012-12-01 00:00:00","3.0000","36.7500","36.7500","2012-11-30 23:00:00"
"25337","994","6","50","2012-11-20 00:00:00","2012-12-01 00:00:00","2012-11-20 00:00:00","2012-12-01 00:00:00","3.0000","36.7500","36.7500","2012-11-30 23:00:00"
"25338","995","6","50","2012-11-20 00:00:00","2012-12-01 00:00:00","2012-11-20 00:00:00","2012-12-01 00:00:00","3.0000","36.7500","36.7500","2012-11-30 23:00:00"
"25339","996","6","50","2012-11-20 00:00:00","2012-12-01 00:00:00","2012-11-20 00:00:00","2012-12-01 00:00:00","3.0000","36.7500","36.7500","2012-11-30 23:00:00"
"25352","803","1","10","2012-11-20 00:00:00","2012-12-01 00:00:00","2012-11-20 00:00:00","2012-12-01 00:00:00","4.1000","92.2500","92.2500","2012-11-30 23:00:00"
"25352","803","6","50","2012-11-20 00:00:00","2012-12-01 00:00:00","2012-11-20 00:00:00","2012-12-01 00:00:00","3.0000","36.7500","36.7500","2012-11-30 23:00:00"
"25353","804","1","10","2012-11-20 00:00:00","2012-12-01 00:00:00","2012-11-20 00:00:00","2012-12-01 00:00:00","4.1000","92.2500","92.2500","2012-11-30 23:00:00"
"25353","804","6","50","2012-11-20 00:00:00","2012-12-01 00:00:00","2012-11-20 00:00:00","2012-12-01 00:00:00","3.0000","36.7500","36.7500","2012-11-30 23:00:00"
"25358","765","7","60","2012-11-21 00:00:00","2012-12-02 00:00:00","2012-12-04 00:00:00","2012-12-05 00:00:00","4.0000","49.0000","49.0000","2012-12-04 23:00:00"
"25359","766","7","60","2012-11-21 00:00:00","2012-12-02 00:00:00","2012-12-04 00:00:00","2012-12-05 00:00:00","4.0000","49.0000","49.0000","2012-12-04 23:00:00"
"25360","767","7","60","2012-11-21 00:00:00","2012-12-02 00:00:00","2012-12-04 00:00:00","2012-12-05 00:00:00","4.0000","49.0000","49.0000","2012-12-04 23:00:00"
"25361","781","7","60","2012-11-21 00:00:00","2012-12-02 00:00:00","2012-12-04 00:00:00","2012-12-05 00:00:00","4.0000","49.0000","49.0000","2012-12-04 23:00:00"
"25362","783","7","60","2012-11-21 00:00:00","2012-12-02 00:00:00","2012-12-04 00:00:00","2012-12-05 00:00:00","4.0000","49.0000","49.0000","2012-12-04 23:00:00"
"25363","784","7","60","2012-11-21 00:00:00","2012-12-02 00:00:00","2012-12-04 00:00:00","2012-12-05 00:00:00","4.0000","49.0000","49.0000","2012-12-04 23:00:00"
"25364","790","7","60","2012-11-21 00:00:00","2012-12-02 00:00:00","2012-12-04 00:00:00","2012-12-05 00:00:00","4.0000","49.0000","49.0000","2012-12-04 23:00:00"
"25365","792","7","60","2012-11-21 00:00:00","2012-12-02 00:00:00","2012-12-04 00:00:00","2012-12-05 00:00:00","4.0000","49.0000","49.0000","2012-12-04 23:00:00"
"25366","793","7","60","2012-11-21 00:00:00","2012-12-02 00:00:00","2012-12-04 00:00:00","2012-12-05 00:00:00","4.0000","49.0000","49.0000","2012-12-04 23:00:00"
"25367","794","7","60","2012-11-21 00:00:00","2012-12-02 00:00:00","2012-12-04 00:00:00","2012-12-05 00:00:00","4.0000","49.0000","49.0000","2012-12-04 23:00:00"
"25368","798","7","60","2012-11-21 00:00:00","2012-12-02 00:00:00","2012-12-04 00:00:00","2012-12-05 00:00:00","4.0000","49.0000","49.0000","2012-12-04 23:00:00"
"25369","516","6","50","2012-11-21 00:00:00","2012-12-02 00:00:00","2012-12-04 00:00:00","2012-12-05 00:00:00","3.0000","36.7500","36.7500","2012-12-04 23:00:00"
"25369","516","7","60","2012-11-21 00:00:00","2012-12-02 00:00:00","2012-12-04 00:00:00","2012-12-05 00:00:00","4.0000","49.0000","49.0000","2012-12-04 23:00:00"
"25370","517","6","50","2012-11-21 00:00:00","2012-12-02 00:00:00","2012-12-04 00:00:00","2012-12-05 00:00:00","3.0000","36.7500","36.7500","2012-12-04 23:00:00"
"25370","517","7","60","2012-11-21 00:00:00","2012-12-02 00:00:00","2012-12-04 00:00:00","2012-12-05 00:00:00","4.0000","49.0000","49.0000","2012-12-04 23:00:00"
"25371","518","6","50","2012-11-21 00:00:00","2012-12-02 00:00:00","2012-12-04 00:00:00","2012-12-05 00:00:00","3.0000","36.7500","36.7500","2012-12-04 23:00:00"
"25371","518","7","60","2012-11-21 00:00:00","2012-12-02 00:00:00","2012-12-04 00:00:00","2012-12-05 00:00:00","4.0000","49.0000","49.0000","2012-12-04 23:00:00"
"25372","519","6","50","2012-11-21 00:00:00","2012-12-02 00:00:00","2012-12-04 00:00:00","2012-12-05 00:00:00","3.0000","36.7500","36.7500","2012-12-04 23:00:00"
"25372","519","7","60","2012-11-21 00:00:00","2012-12-02 00:00:00","2012-12-04 00:00:00","2012-12-05 00:00:00","4.0000","49.0000","49.0000","2012-12-04 23:00:00"
"25381","806","6","50","2012-11-21 00:00:00","2012-12-02 00:00:00","2012-12-04 00:00:00","2012-12-05 00:00:00","3.0000","36.7500","36.7500","2012-12-04 23:00:00"
"25382","810","1","10","2012-11-21 00:00:00","2012-12-02 00:00:00","2012-12-04 00:00:00","2012-12-05 00:00:00","4.1000","92.2500","92.2500","2012-12-04 23:00:00"
"25382","810","2","20","2012-11-21 00:00:00","2012-12-02 00:00:00","2012-12-04 00:00:00","2012-12-05 00:00:00","3.5000","87.5000","87.5000","2012-12-04 23:00:00"
"25382","810","6","50","2012-11-21 00:00:00","2012-12-02 00:00:00","2012-12-04 00:00:00","2012-12-05 00:00:00","3.0000","36.7500","36.7500","2012-12-04 23:00:00"
"25383","811","1","10","2012-11-21 00:00:00","2012-12-02 00:00:00","2012-12-04 00:00:00","2012-12-05 00:00:00","4.1000","92.2500","92.2500","2012-12-04 23:00:00"
"25383","811","2","20","2012-11-21 00:00:00","2012-12-02 00:00:00","2012-12-04 00:00:00","2012-12-05 00:00:00","3.5000","87.5000","87.5000","2012-12-04 23:00:00"
"25383","811","6","50","2012-11-21 00:00:00","2012-12-02 00:00:00","2012-12-04 00:00:00","2012-12-05 00:00:00","3.0000","36.7500","36.7500","2012-12-04 23:00:00"
"25384","812","1","10","2012-11-21 00:00:00","2012-12-02 00:00:00","2012-12-04 00:00:00","2012-12-05 00:00:00","4.1000","92.2500","92.2500","2012-12-04 23:00:00"
"25384","812","2","20","2012-11-21 00:00:00","2012-12-02 00:00:00","2012-12-04 00:00:00","2012-12-05 00:00:00","3.5000","87.5000","87.5000","2012-12-04 23:00:00"
"25384","812","6","50","2012-11-21 00:00:00","2012-12-02 00:00:00","2012-12-04 00:00:00","2012-12-05 00:00:00","3.0000","36.7500","36.7500","2012-12-04 23:00:00"
"25385","813","1","10","2012-11-21 00:00:00","2012-12-02 00:00:00","2012-12-04 00:00:00","2012-12-05 00:00:00","4.1000","92.2500","92.2500","2012-12-04 23:00:00"
"25385","813","2","20","2012-11-21 00:00:00","2012-12-02 00:00:00","2012-12-04 00:00:00","2012-12-05 00:00:00","3.5000","87.5000","87.5000","2012-12-04 23:00:00"
"25385","813","6","50","2012-11-21 00:00:00","2012-12-02 00:00:00","2012-12-04 00:00:00","2012-12-05 00:00:00","3.0000","36.7500","36.7500","2012-12-04 23:00:00"
"25386","816","6","50","2012-11-21 00:00:00","2012-12-02 00:00:00","2012-12-04 00:00:00","2012-12-05 00:00:00","3.0000","36.7500","36.7500","2012-12-04 23:00:00"
"25387","818","6","50","2012-11-21 00:00:00","2012-12-02 00:00:00","2012-12-04 00:00:00","2012-12-05 00:00:00","3.0000","36.7500","36.7500","2012-12-04 23:00:00"
"25388","819","6","50","2012-11-21 00:00:00","2012-12-02 00:00:00","2012-12-04 00:00:00","2012-12-05 00:00:00","3.0000","36.7500","36.7500","2012-12-04 23:00:00"
"25389","820","6","50","2012-11-21 00:00:00","2012-12-02 00:00:00","2012-12-04 00:00:00","2012-12-05 00:00:00","3.0000","36.7500","36.7500","2012-12-04 23:00:00"
"25390","824","6","50","2012-11-21 00:00:00","2012-12-02 00:00:00","2012-12-04 00:00:00","2012-12-05 00:00:00","3.0000","36.7500","36.7500","2012-12-04 23:00:00"
"25391","826","6","50","2012-11-21 00:00:00","2012-12-02 00:00:00","2012-12-04 00:00:00","2012-12-05 00:00:00","3.0000","36.7500","36.7500","2012-12-04 23:00:00"
"25392","827","6","50","2012-11-21 00:00:00","2012-12-02 00:00:00","2012-12-04 00:00:00","2012-12-05 00:00:00","3.0000","36.7500","36.7500","2012-12-04 23:00:00"
"25393","828","6","50","2012-11-21 00:00:00","2012-12-02 00:00:00","2012-12-04 00:00:00","2012-12-05 00:00:00","3.0000","36.7500","36.7500","2012-12-04 23:00:00"
"25397","894","6","50","2012-11-21 00:00:00","2012-12-02 00:00:00","2012-12-04 00:00:00","2012-12-05 00:00:00","3.0000","36.7500","36.7500","2012-12-04 23:00:00"
"25398","945","1","10","2012-11-21 00:00:00","2012-12-02 00:00:00","2012-12-04 00:00:00","2012-12-05 00:00:00","4.1000","92.2500","92.2500","2012-12-04 23:00:00"
"25398","945","6","50","2012-11-21 00:00:00","2012-12-02 00:00:00","2012-12-04 00:00:00","2012-12-05 00:00:00","3.0000","36.7500","36.7500","2012-12-04 23:00:00"
"25399","950","6","50","2012-11-21 00:00:00","2012-12-02 00:00:00","2012-12-04 00:00:00","2012-12-05 00:00:00","3.0000","36.7500","36.7500","2012-12-04 23:00:00"
"25400","994","6","50","2012-11-21 00:00:00","2012-12-02 00:00:00","2012-12-04 00:00:00","2012-12-05 00:00:00","3.0000","36.7500","36.7500","2012-12-04 23:00:00"
"25401","995","6","50","2012-11-21 00:00:00","2012-12-02 00:00:00","2012-12-04 00:00:00","2012-12-05 00:00:00","3.0000","36.7500","36.7500","2012-12-04 23:00:00"
"25402","996","6","50","2012-11-21 00:00:00","2012-12-02 00:00:00","2012-12-04 00:00:00","2012-12-05 00:00:00","3.0000","36.7500","36.7500","2012-12-04 23:00:00"
"25416","802","1","10","2012-11-21 00:00:00","2012-12-02 00:00:00","2012-12-04 00:00:00","2012-12-05 00:00:00","4.1000","92.2500","92.2500","2012-12-04 23:00:00"
"25416","802","6","50","2012-11-21 00:00:00","2012-12-02 00:00:00","2012-12-04 00:00:00","2012-12-05 00:00:00","3.0000","36.7500","36.7500","2012-12-04 23:00:00"
"25417","803","1","10","2012-11-21 00:00:00","2012-12-02 00:00:00","2012-12-04 00:00:00","2012-12-05 00:00:00","4.1000","92.2500","92.2500","2012-12-04 23:00:00"
"25417","803","6","50","2012-11-21 00:00:00","2012-12-02 00:00:00","2012-12-04 00:00:00","2012-12-05 00:00:00","3.0000","36.7500","36.7500","2012-12-04 23:00:00"
"25418","804","1","10","2012-11-21 00:00:00","2012-12-02 00:00:00","2012-12-04 00:00:00","2012-12-05 00:00:00","4.1000","92.2500","92.2500","2012-12-04 23:00:00"
"25418","804","6","50","2012-11-21 00:00:00","2012-12-02 00:00:00","2012-12-04 00:00:00","2012-12-05 00:00:00","3.0000","36.7500","36.7500","2012-12-04 23:00:00"
"25423","779","7","60","2012-11-22 00:00:00","2012-12-03 00:00:00","2012-11-22 00:00:00","2012-12-03 00:00:00","4.0000","49.0000","49.0000","2012-12-02 23:00:00"
"25424","784","7","60","2012-11-22 00:00:00","2012-12-03 00:00:00","2012-11-22 00:00:00","2012-12-03 00:00:00","4.0000","49.0000","49.0000","2012-12-02 23:00:00"
"25425","801","7","60","2012-11-22 00:00:00","2012-12-03 00:00:00","2012-11-22 00:00:00","2012-12-03 00:00:00","4.0000","49.0000","49.0000","2012-12-02 23:00:00"
"25426","516","6","50","2012-11-22 00:00:00","2012-12-03 00:00:00","2012-11-22 00:00:00","2012-12-03 00:00:00","3.0000","36.7500","36.7500","2012-12-02 23:00:00"
"25426","516","7","60","2012-11-22 00:00:00","2012-12-03 00:00:00","2012-11-22 00:00:00","2012-12-03 00:00:00","4.0000","49.0000","49.0000","2012-12-02 23:00:00"
"25427","518","6","50","2012-11-22 00:00:00","2012-12-03 00:00:00","2012-11-22 00:00:00","2012-12-03 00:00:00","3.0000","36.7500","36.7500","2012-12-02 23:00:00"
"25427","518","7","60","2012-11-22 00:00:00","2012-12-03 00:00:00","2012-11-22 00:00:00","2012-12-03 00:00:00","4.0000","49.0000","49.0000","2012-12-02 23:00:00"
"25429","748","1","10","2012-11-22 00:00:00","2012-12-03 00:00:00","2012-11-22 00:00:00","2012-12-03 00:00:00","4.1000","92.2500","92.2500","2012-12-02 23:00:00"
"25429","748","2","20","2012-11-22 00:00:00","2012-12-03 00:00:00","2012-11-22 00:00:00","2012-12-03 00:00:00","3.5000","87.5000","87.5000","2012-12-02 23:00:00"
"25429","748","3","30","2012-11-22 00:00:00","2012-12-03 00:00:00","2012-11-22 00:00:00","2012-12-03 00:00:00","1.0000","14.5000","14.5000","2012-12-02 23:00:00"
"25429","748","5","45","2012-11-22 00:00:00","2012-12-03 00:00:00","2012-11-22 00:00:00","2012-12-03 00:00:00","2.0000","36.0000","36.0000","2012-12-02 23:00:00"
"25429","748","6","50","2012-11-22 00:00:00","2012-12-03 00:00:00","2012-11-22 00:00:00","2012-12-03 00:00:00","3.0000","36.7500","36.7500","2012-12-02 23:00:00"
"25429","748","7","60","2012-11-22 00:00:00","2012-12-03 00:00:00","2012-11-22 00:00:00","2012-12-03 00:00:00","4.0000","49.0000","49.0000","2012-12-02 23:00:00"
"25430","806","6","50","2012-11-22 00:00:00","2012-12-03 00:00:00","2012-11-22 00:00:00","2012-12-03 00:00:00","3.0000","36.7500","36.7500","2012-12-02 23:00:00"
"25431","810","1","10","2012-11-22 00:00:00","2012-12-03 00:00:00","2012-11-22 00:00:00","2012-12-03 00:00:00","4.1000","92.2500","92.2500","2012-12-02 23:00:00"
"25431","810","2","20","2012-11-22 00:00:00","2012-12-03 00:00:00","2012-11-22 00:00:00","2012-12-03 00:00:00","3.5000","87.5000","87.5000","2012-12-02 23:00:00"
"25431","810","6","50","2012-11-22 00:00:00","2012-12-03 00:00:00","2012-11-22 00:00:00","2012-12-03 00:00:00","3.0000","36.7500","36.7500","2012-12-02 23:00:00"
"25432","812","1","10","2012-11-22 00:00:00","2012-12-03 00:00:00","2012-11-22 00:00:00","2012-12-03 00:00:00","4.1000","92.2500","92.2500","2012-12-02 23:00:00"
"25432","812","2","20","2012-11-22 00:00:00","2012-12-03 00:00:00","2012-11-22 00:00:00","2012-12-03 00:00:00","3.5000","87.5000","87.5000","2012-12-02 23:00:00"
"25432","812","6","50","2012-11-22 00:00:00","2012-12-03 00:00:00","2012-11-22 00:00:00","2012-12-03 00:00:00","3.0000","36.7500","36.7500","2012-12-02 23:00:00"
"25433","816","6","50","2012-11-22 00:00:00","2012-12-03 00:00:00","2012-11-22 00:00:00","2012-12-03 00:00:00","3.0000","36.7500","36.7500","2012-12-02 23:00:00"
"25434","819","6","50","2012-11-22 00:00:00","2012-12-03 00:00:00","2012-11-22 00:00:00","2012-12-03 00:00:00","3.0000","36.7500","36.7500","2012-12-02 23:00:00"
"25435","824","6","50","2012-11-22 00:00:00","2012-12-03 00:00:00","2012-11-22 00:00:00","2012-12-03 00:00:00","3.0000","36.7500","36.7500","2012-12-02 23:00:00"
"25436","827","6","50","2012-11-22 00:00:00","2012-12-03 00:00:00","2012-11-22 00:00:00","2012-12-03 00:00:00","3.0000","36.7500","36.7500","2012-12-02 23:00:00"
"25438","894","6","50","2012-11-22 00:00:00","2012-12-03 00:00:00","2012-11-22 00:00:00","2012-12-03 00:00:00","3.0000","36.7500","36.7500","2012-12-02 23:00:00"
"25439","945","1","10","2012-11-22 00:00:00","2012-12-03 00:00:00","2012-11-22 00:00:00","2012-12-03 00:00:00","4.1000","92.2500","92.2500","2012-12-02 23:00:00"
"25439","945","6","50","2012-11-22 00:00:00","2012-12-03 00:00:00","2012-11-22 00:00:00","2012-12-03 00:00:00","3.0000","36.7500","36.7500","2012-12-02 23:00:00"
"25440","950","6","50","2012-11-22 00:00:00","2012-12-03 00:00:00","2012-11-22 00:00:00","2012-12-03 00:00:00","3.0000","36.7500","36.7500","2012-12-02 23:00:00"
"25441","994","6","50","2012-11-22 00:00:00","2012-12-03 00:00:00","2012-11-22 00:00:00","2012-12-03 00:00:00","3.0000","36.7500","36.7500","2012-12-02 23:00:00"
"25442","995","6","50","2012-11-22 00:00:00","2012-12-03 00:00:00","2012-11-22 00:00:00","2012-12-03 00:00:00","3.0000","36.7500","36.7500","2012-12-02 23:00:00"
"25455","803","1","10","2012-11-22 00:00:00","2012-12-03 00:00:00","2012-11-22 00:00:00","2012-12-03 00:00:00","4.1000","92.2500","92.2500","2012-12-02 23:00:00"
"25455","803","6","50","2012-11-22 00:00:00","2012-12-03 00:00:00","2012-11-22 00:00:00","2012-12-03 00:00:00","3.0000","36.7500","36.7500","2012-12-02 23:00:00"
"25456","804","1","10","2012-11-22 00:00:00","2012-12-03 00:00:00","2012-11-22 00:00:00","2012-12-03 00:00:00","4.1000","92.2500","92.2500","2012-12-02 23:00:00"
"25456","804","6","50","2012-11-22 00:00:00","2012-12-03 00:00:00","2012-11-22 00:00:00","2012-12-03 00:00:00","3.0000","36.7500","36.7500","2012-12-02 23:00:00"
"25461","761","7","60","2012-11-23 00:00:00","2012-12-04 00:00:00","2012-12-08 00:00:00","2012-12-09 00:00:00","4.0000","49.0000","49.0000","2012-12-08 23:00:00"
"25462","766","7","60","2012-11-23 00:00:00","2012-12-04 00:00:00","2012-12-08 00:00:00","2012-12-09 00:00:00","4.0000","49.0000","49.0000","2012-12-08 23:00:00"
"25463","767","7","60","2012-11-23 00:00:00","2012-12-04 00:00:00","2012-12-08 00:00:00","2012-12-09 00:00:00","4.0000","49.0000","49.0000","2012-12-08 23:00:00"
"25464","768","7","60","2012-11-23 00:00:00","2012-12-04 00:00:00","2012-12-08 00:00:00","2012-12-09 00:00:00","4.0000","49.0000","49.0000","2012-12-08 23:00:00"
"25465","780","7","60","2012-11-23 00:00:00","2012-12-04 00:00:00","2012-12-08 00:00:00","2012-12-09 00:00:00","4.0000","49.0000","49.0000","2012-12-08 23:00:00"
"25466","781","7","60","2012-11-23 00:00:00","2012-12-04 00:00:00","2012-12-08 00:00:00","2012-12-09 00:00:00","4.0000","49.0000","49.0000","2012-12-08 23:00:00"
"25467","782","7","60","2012-11-23 00:00:00","2012-12-04 00:00:00","2012-12-08 00:00:00","2012-12-09 00:00:00","4.0000","49.0000","49.0000","2012-12-08 23:00:00"
"25468","784","7","60","2012-11-23 00:00:00","2012-12-04 00:00:00","2012-12-08 00:00:00","2012-12-09 00:00:00","4.0000","49.0000","49.0000","2012-12-08 23:00:00"
"25469","794","7","60","2012-11-23 00:00:00","2012-12-04 00:00:00","2012-12-08 00:00:00","2012-12-09 00:00:00","4.0000","49.0000","49.0000","2012-12-08 23:00:00"
"25470","796","7","60","2012-11-23 00:00:00","2012-12-04 00:00:00","2012-12-08 00:00:00","2012-12-09 00:00:00","4.0000","49.0000","49.0000","2012-12-08 23:00:00"
"25471","516","6","50","2012-11-23 00:00:00","2012-12-04 00:00:00","2012-12-08 00:00:00","2012-12-09 00:00:00","3.0000","36.7500","36.7500","2012-12-08 23:00:00"
"25471","516","7","60","2012-11-23 00:00:00","2012-12-04 00:00:00","2012-12-08 00:00:00","2012-12-09 00:00:00","4.0000","49.0000","49.0000","2012-12-08 23:00:00"
"25472","517","6","50","2012-11-23 00:00:00","2012-12-04 00:00:00","2012-12-08 00:00:00","2012-12-09 00:00:00","3.0000","36.7500","36.7500","2012-12-08 23:00:00"
"25472","517","7","60","2012-11-23 00:00:00","2012-12-04 00:00:00","2012-12-08 00:00:00","2012-12-09 00:00:00","4.0000","49.0000","49.0000","2012-12-08 23:00:00"
"25473","519","6","50","2012-11-23 00:00:00","2012-12-04 00:00:00","2012-12-08 00:00:00","2012-12-09 00:00:00","3.0000","36.7500","36.7500","2012-12-08 23:00:00"
"25473","519","7","60","2012-11-23 00:00:00","2012-12-04 00:00:00","2012-12-08 00:00:00","2012-12-09 00:00:00","4.0000","49.0000","49.0000","2012-12-08 23:00:00"
"25482","747","1","10","2012-11-23 00:00:00","2012-12-04 00:00:00","2012-12-08 00:00:00","2012-12-09 00:00:00","4.1000","92.2500","92.2500","2012-12-08 23:00:00"
"25482","747","2","20","2012-11-23 00:00:00","2012-12-04 00:00:00","2012-12-08 00:00:00","2012-12-09 00:00:00","3.5000","87.5000","87.5000","2012-12-08 23:00:00"
"25482","747","3","30","2012-11-23 00:00:00","2012-12-04 00:00:00","2012-12-08 00:00:00","2012-12-09 00:00:00","1.0000","14.5000","14.5000","2012-12-08 23:00:00"
"25482","747","4","40","2012-11-23 00:00:00","2012-12-04 00:00:00","2012-12-08 00:00:00","2012-12-09 00:00:00","2.0000","31.5000","31.5000","2012-12-08 23:00:00"
"25482","747","6","50","2012-11-23 00:00:00","2012-12-04 00:00:00","2012-12-08 00:00:00","2012-12-09 00:00:00","3.0000","36.7500","36.7500","2012-12-08 23:00:00"
"25482","747","7","60","2012-11-23 00:00:00","2012-12-04 00:00:00","2012-12-08 00:00:00","2012-12-09 00:00:00","4.0000","49.0000","49.0000","2012-12-08 23:00:00"
"25483","806","6","50","2012-11-23 00:00:00","2012-12-04 00:00:00","2012-12-08 00:00:00","2012-12-09 00:00:00","3.0000","36.7500","36.7500","2012-12-08 23:00:00"
"25484","810","1","10","2012-11-23 00:00:00","2012-12-04 00:00:00","2012-12-08 00:00:00","2012-12-09 00:00:00","4.1000","92.2500","92.2500","2012-12-08 23:00:00"
"25484","810","2","20","2012-11-23 00:00:00","2012-12-04 00:00:00","2012-12-08 00:00:00","2012-12-09 00:00:00","3.5000","87.5000","87.5000","2012-12-08 23:00:00"
"25484","810","6","50","2012-11-23 00:00:00","2012-12-04 00:00:00","2012-12-08 00:00:00","2012-12-09 00:00:00","3.0000","36.7500","36.7500","2012-12-08 23:00:00"
"25485","811","1","10","2012-11-23 00:00:00","2012-12-04 00:00:00","2012-12-08 00:00:00","2012-12-09 00:00:00","4.1000","92.2500","92.2500","2012-12-08 23:00:00"
"25485","811","2","20","2012-11-23 00:00:00","2012-12-04 00:00:00","2012-12-08 00:00:00","2012-12-09 00:00:00","3.5000","87.5000","87.5000","2012-12-08 23:00:00"
"25485","811","6","50","2012-11-23 00:00:00","2012-12-04 00:00:00","2012-12-08 00:00:00","2012-12-09 00:00:00","3.0000","36.7500","36.7500","2012-12-08 23:00:00"
"25486","813","1","10","2012-11-23 00:00:00","2012-12-04 00:00:00","2012-12-08 00:00:00","2012-12-09 00:00:00","4.1000","92.2500","92.2500","2012-12-08 23:00:00"
"25486","813","2","20","2012-11-23 00:00:00","2012-12-04 00:00:00","2012-12-08 00:00:00","2012-12-09 00:00:00","3.5000","87.5000","87.5000","2012-12-08 23:00:00"
"25486","813","6","50","2012-11-23 00:00:00","2012-12-04 00:00:00","2012-12-08 00:00:00","2012-12-09 00:00:00","3.0000","36.7500","36.7500","2012-12-08 23:00:00"
"25487","816","6","50","2012-11-23 00:00:00","2012-12-04 00:00:00","2012-12-08 00:00:00","2012-12-09 00:00:00","3.0000","36.7500","36.7500","2012-12-08 23:00:00"
"25488","818","6","50","2012-11-23 00:00:00","2012-12-04 00:00:00","2012-12-08 00:00:00","2012-12-09 00:00:00","3.0000","36.7500","36.7500","2012-12-08 23:00:00"
"25489","820","6","50","2012-11-23 00:00:00","2012-12-04 00:00:00","2012-12-08 00:00:00","2012-12-09 00:00:00","3.0000","36.7500","36.7500","2012-12-08 23:00:00"
"25490","824","6","50","2012-11-23 00:00:00","2012-12-04 00:00:00","2012-12-08 00:00:00","2012-12-09 00:00:00","3.0000","36.7500","36.7500","2012-12-08 23:00:00"
"25491","826","6","50","2012-11-23 00:00:00","2012-12-04 00:00:00","2012-12-08 00:00:00","2012-12-09 00:00:00","3.0000","36.7500","36.7500","2012-12-08 23:00:00"
"25492","828","6","50","2012-11-23 00:00:00","2012-12-04 00:00:00","2012-12-08 00:00:00","2012-12-09 00:00:00","3.0000","36.7500","36.7500","2012-12-08 23:00:00"
"25494","894","6","50","2012-11-23 00:00:00","2012-12-04 00:00:00","2012-12-08 00:00:00","2012-12-09 00:00:00","3.0000","36.7500","36.7500","2012-12-08 23:00:00"
"25495","945","1","10","2012-11-23 00:00:00","2012-12-04 00:00:00","2012-12-08 00:00:00","2012-12-09 00:00:00","4.1000","92.2500","92.2500","2012-12-08 23:00:00"
"25495","945","6","50","2012-11-23 00:00:00","2012-12-04 00:00:00","2012-12-08 00:00:00","2012-12-09 00:00:00","3.0000","36.7500","36.7500","2012-12-08 23:00:00"
"25496","950","6","50","2012-11-23 00:00:00","2012-12-04 00:00:00","2012-12-08 00:00:00","2012-12-09 00:00:00","3.0000","36.7500","36.7500","2012-12-08 23:00:00"
"25497","994","6","50","2012-11-23 00:00:00","2012-12-04 00:00:00","2012-12-08 00:00:00","2012-12-09 00:00:00","3.0000","36.7500","36.7500","2012-12-08 23:00:00"
"25498","995","6","50","2012-11-23 00:00:00","2012-12-04 00:00:00","2012-12-08 00:00:00","2012-12-09 00:00:00","3.0000","36.7500","36.7500","2012-12-08 23:00:00"
"25499","996","6","50","2012-11-23 00:00:00","2012-12-04 00:00:00","2012-12-08 00:00:00","2012-12-09 00:00:00","3.0000","36.7500","36.7500","2012-12-08 23:00:00"
"25513","802","1","10","2012-11-23 00:00:00","2012-12-04 00:00:00","2012-12-08 00:00:00","2012-12-09 00:00:00","4.1000","92.2500","92.2500","2012-12-08 23:00:00"
"25513","802","6","50","2012-11-23 00:00:00","2012-12-04 00:00:00","2012-12-08 00:00:00","2012-12-09 00:00:00","3.0000","36.7500","36.7500","2012-12-08 23:00:00"
"25514","804","1","10","2012-11-23 00:00:00","2012-12-04 00:00:00","2012-12-08 00:00:00","2012-12-09 00:00:00","4.1000","92.2500","92.2500","2012-12-08 23:00:00"
"25514","804","6","50","2012-11-23 00:00:00","2012-12-04 00:00:00","2012-12-08 00:00:00","2012-12-09 00:00:00","3.0000","36.7500","36.7500","2012-12-08 23:00:00"
"25519","768","7","60","2012-11-24 00:00:00","2012-12-05 00:00:00","2012-11-24 00:00:00","2012-12-05 00:00:00","4.0000","49.0000","49.0000","2012-12-04 23:00:00"
"25520","770","7","60","2012-11-24 00:00:00","2012-12-05 00:00:00","2012-11-24 00:00:00","2012-12-05 00:00:00","4.0000","49.0000","49.0000","2012-12-04 23:00:00"
"25521","780","7","60","2012-11-24 00:00:00","2012-12-05 00:00:00","2012-11-24 00:00:00","2012-12-05 00:00:00","4.0000","49.0000","49.0000","2012-12-04 23:00:00"
"25522","783","7","60","2012-11-24 00:00:00","2012-12-05 00:00:00","2012-11-24 00:00:00","2012-12-05 00:00:00","4.0000","49.0000","49.0000","2012-12-04 23:00:00"
"25523","789","7","60","2012-11-24 00:00:00","2012-12-05 00:00:00","2012-11-24 00:00:00","2012-12-05 00:00:00","4.0000","49.0000","49.0000","2012-12-04 23:00:00"
"25524","791","7","60","2012-11-24 00:00:00","2012-12-05 00:00:00","2012-11-24 00:00:00","2012-12-05 00:00:00","4.0000","49.0000","49.0000","2012-12-04 23:00:00"
"25525","792","7","60","2012-11-24 00:00:00","2012-12-05 00:00:00","2012-11-24 00:00:00","2012-12-05 00:00:00","4.0000","49.0000","49.0000","2012-12-04 23:00:00"
"25526","793","7","60","2012-11-24 00:00:00","2012-12-05 00:00:00","2012-11-24 00:00:00","2012-12-05 00:00:00","4.0000","49.0000","49.0000","2012-12-04 23:00:00"
"25527","795","7","60","2012-11-24 00:00:00","2012-12-05 00:00:00","2012-11-24 00:00:00","2012-12-05 00:00:00","4.0000","49.0000","49.0000","2012-12-04 23:00:00"
"25528","800","7","60","2012-11-24 00:00:00","2012-12-05 00:00:00","2012-11-24 00:00:00","2012-12-05 00:00:00","4.0000","49.0000","49.0000","2012-12-04 23:00:00"
"25529","516","6","50","2012-11-24 00:00:00","2012-12-05 00:00:00","2012-11-24 00:00:00","2012-12-05 00:00:00","3.0000","36.7500","36.7500","2012-12-04 23:00:00"
"25529","516","7","60","2012-11-24 00:00:00","2012-12-05 00:00:00","2012-11-24 00:00:00","2012-12-05 00:00:00","4.0000","49.0000","49.0000","2012-12-04 23:00:00"
"25530","517","6","50","2012-11-24 00:00:00","2012-12-05 00:00:00","2012-11-24 00:00:00","2012-12-05 00:00:00","3.0000","36.7500","36.7500","2012-12-04 23:00:00"
"25530","517","7","60","2012-11-24 00:00:00","2012-12-05 00:00:00","2012-11-24 00:00:00","2012-12-05 00:00:00","4.0000","49.0000","49.0000","2012-12-04 23:00:00"
"25531","518","6","50","2012-11-24 00:00:00","2012-12-05 00:00:00","2012-11-24 00:00:00","2012-12-05 00:00:00","3.0000","36.7500","36.7500","2012-12-04 23:00:00"
"25531","518","7","60","2012-11-24 00:00:00","2012-12-05 00:00:00","2012-11-24 00:00:00","2012-12-05 00:00:00","4.0000","49.0000","49.0000","2012-12-04 23:00:00"
"25532","519","6","50","2012-11-24 00:00:00","2012-12-05 00:00:00","2012-11-24 00:00:00","2012-12-05 00:00:00","3.0000","36.7500","36.7500","2012-12-04 23:00:00"
"25532","519","7","60","2012-11-24 00:00:00","2012-12-05 00:00:00","2012-11-24 00:00:00","2012-12-05 00:00:00","4.0000","49.0000","49.0000","2012-12-04 23:00:00"
"25540","806","6","50","2012-11-24 00:00:00","2012-12-05 00:00:00","2012-11-24 00:00:00","2012-12-05 00:00:00","3.0000","36.7500","36.7500","2012-12-04 23:00:00"
"25541","810","1","10","2012-11-24 00:00:00","2012-12-05 00:00:00","2012-11-24 00:00:00","2012-12-05 00:00:00","4.1000","92.2500","92.2500","2012-12-04 23:00:00"
"25541","810","2","20","2012-11-24 00:00:00","2012-12-05 00:00:00","2012-11-24 00:00:00","2012-12-05 00:00:00","3.5000","87.5000","87.5000","2012-12-04 23:00:00"
"25541","810","6","50","2012-11-24 00:00:00","2012-12-05 00:00:00","2012-11-24 00:00:00","2012-12-05 00:00:00","3.0000","36.7500","36.7500","2012-12-04 23:00:00"
"25542","811","1","10","2012-11-24 00:00:00","2012-12-05 00:00:00","2012-11-24 00:00:00","2012-12-05 00:00:00","4.1000","92.2500","92.2500","2012-12-04 23:00:00"
"25542","811","2","20","2012-11-24 00:00:00","2012-12-05 00:00:00","2012-11-24 00:00:00","2012-12-05 00:00:00","3.5000","87.5000","87.5000","2012-12-04 23:00:00"
"25542","811","6","50","2012-11-24 00:00:00","2012-12-05 00:00:00","2012-11-24 00:00:00","2012-12-05 00:00:00","3.0000","36.7500","36.7500","2012-12-04 23:00:00"
"25543","812","1","10","2012-11-24 00:00:00","2012-12-05 00:00:00","2012-11-24 00:00:00","2012-12-05 00:00:00","4.1000","92.2500","92.2500","2012-12-04 23:00:00"
"25543","812","2","20","2012-11-24 00:00:00","2012-12-05 00:00:00","2012-11-24 00:00:00","2012-12-05 00:00:00","3.5000","87.5000","87.5000","2012-12-04 23:00:00"
"25543","812","6","50","2012-11-24 00:00:00","2012-12-05 00:00:00","2012-11-24 00:00:00","2012-12-05 00:00:00","3.0000","36.7500","36.7500","2012-12-04 23:00:00"
"25544","813","1","10","2012-11-24 00:00:00","2012-12-05 00:00:00","2012-11-24 00:00:00","2012-12-05 00:00:00","4.1000","92.2500","92.2500","2012-12-04 23:00:00"
"25544","813","2","20","2012-11-24 00:00:00","2012-12-05 00:00:00","2012-11-24 00:00:00","2012-12-05 00:00:00","3.5000","87.5000","87.5000","2012-12-04 23:00:00"
"25544","813","6","50","2012-11-24 00:00:00","2012-12-05 00:00:00","2012-11-24 00:00:00","2012-12-05 00:00:00","3.0000","36.7500","36.7500","2012-12-04 23:00:00"
"25545","816","6","50","2012-11-24 00:00:00","2012-12-05 00:00:00","2012-11-24 00:00:00","2012-12-05 00:00:00","3.0000","36.7500","36.7500","2012-12-04 23:00:00"
"25546","818","6","50","2012-11-24 00:00:00","2012-12-05 00:00:00","2012-11-24 00:00:00","2012-12-05 00:00:00","3.0000","36.7500","36.7500","2012-12-04 23:00:00"
"25547","819","6","50","2012-11-24 00:00:00","2012-12-05 00:00:00","2012-11-24 00:00:00","2012-12-05 00:00:00","3.0000","36.7500","36.7500","2012-12-04 23:00:00"
"25548","820","6","50","2012-11-24 00:00:00","2012-12-05 00:00:00","2012-11-24 00:00:00","2012-12-05 00:00:00","3.0000","36.7500","36.7500","2012-12-04 23:00:00"
"25549","824","6","50","2012-11-24 00:00:00","2012-12-05 00:00:00","2012-11-24 00:00:00","2012-12-05 00:00:00","3.0000","36.7500","36.7500","2012-12-04 23:00:00"
"25550","826","6","50","2012-11-24 00:00:00","2012-12-05 00:00:00","2012-11-24 00:00:00","2012-12-05 00:00:00","3.0000","36.7500","36.7500","2012-12-04 23:00:00"
"25551","827","6","50","2012-11-24 00:00:00","2012-12-05 00:00:00","2012-11-24 00:00:00","2012-12-05 00:00:00","3.0000","36.7500","36.7500","2012-12-04 23:00:00"
"25552","828","6","50","2012-11-24 00:00:00","2012-12-05 00:00:00","2012-11-24 00:00:00","2012-12-05 00:00:00","3.0000","36.7500","36.7500","2012-12-04 23:00:00"
"25556","894","6","50","2012-11-24 00:00:00","2012-12-05 00:00:00","2012-11-24 00:00:00","2012-12-05 00:00:00","3.0000","36.7500","36.7500","2012-12-04 23:00:00"
"25557","945","1","10","2012-11-24 00:00:00","2012-12-05 00:00:00","2012-11-24 00:00:00","2012-12-05 00:00:00","4.1000","92.2500","92.2500","2012-12-04 23:00:00"
"25557","945","6","50","2012-11-24 00:00:00","2012-12-05 00:00:00","2012-11-24 00:00:00","2012-12-05 00:00:00","3.0000","36.7500","36.7500","2012-12-04 23:00:00"
"25558","950","6","50","2012-11-24 00:00:00","2012-12-05 00:00:00","2012-11-24 00:00:00","2012-12-05 00:00:00","3.0000","36.7500","36.7500","2012-12-04 23:00:00"
"25559","994","6","50","2012-11-24 00:00:00","2012-12-05 00:00:00","2012-11-24 00:00:00","2012-12-05 00:00:00","3.0000","36.7500","36.7500","2012-12-04 23:00:00"
"25560","995","6","50","2012-11-24 00:00:00","2012-12-05 00:00:00","2012-11-24 00:00:00","2012-12-05 00:00:00","3.0000","36.7500","36.7500","2012-12-04 23:00:00"
"25561","996","6","50","2012-11-24 00:00:00","2012-12-05 00:00:00","2012-11-24 00:00:00","2012-12-05 00:00:00","3.0000","36.7500","36.7500","2012-12-04 23:00:00"
"25575","802","1","10","2012-11-24 00:00:00","2012-12-05 00:00:00","2012-11-24 00:00:00","2012-12-05 00:00:00","4.1000","92.2500","92.2500","2012-12-04 23:00:00"
"25575","802","6","50","2012-11-24 00:00:00","2012-12-05 00:00:00","2012-11-24 00:00:00","2012-12-05 00:00:00","3.0000","36.7500","36.7500","2012-12-04 23:00:00"
"25576","803","1","10","2012-11-24 00:00:00","2012-12-05 00:00:00","2012-11-24 00:00:00","2012-12-05 00:00:00","4.1000","92.2500","92.2500","2012-12-04 23:00:00"
"25576","803","6","50","2012-11-24 00:00:00","2012-12-05 00:00:00","2012-11-24 00:00:00","2012-12-05 00:00:00","3.0000","36.7500","36.7500","2012-12-04 23:00:00"
"25577","804","1","10","2012-11-24 00:00:00","2012-12-05 00:00:00","2012-11-24 00:00:00","2012-12-05 00:00:00","4.1000","92.2500","92.2500","2012-12-04 23:00:00"
"25577","804","6","50","2012-11-24 00:00:00","2012-12-05 00:00:00","2012-11-24 00:00:00","2012-12-05 00:00:00","3.0000","36.7500","36.7500","2012-12-04 23:00:00"
"25582","765","7","60","2012-11-25 00:00:00","2012-12-06 00:00:00","2012-12-12 00:00:00","2012-12-13 00:00:00","4.0000","49.0000","49.0000","2012-12-12 23:00:00"
"25583","766","7","60","2012-11-25 00:00:00","2012-12-06 00:00:00","2012-12-12 00:00:00","2012-12-13 00:00:00","4.0000","49.0000","49.0000","2012-12-12 23:00:00"
"25584","767","7","60","2012-11-25 00:00:00","2012-12-06 00:00:00","2012-12-12 00:00:00","2012-12-13 00:00:00","4.0000","49.0000","49.0000","2012-12-12 23:00:00"
"25585","779","7","60","2012-11-25 00:00:00","2012-12-06 00:00:00","2012-12-12 00:00:00","2012-12-13 00:00:00","4.0000","49.0000","49.0000","2012-12-12 23:00:00"
"25586","780","7","60","2012-11-25 00:00:00","2012-12-06 00:00:00","2012-12-12 00:00:00","2012-12-13 00:00:00","4.0000","49.0000","49.0000","2012-12-12 23:00:00"
"25587","781","7","60","2012-11-25 00:00:00","2012-12-06 00:00:00","2012-12-12 00:00:00","2012-12-13 00:00:00","4.0000","49.0000","49.0000","2012-12-12 23:00:00"
"25588","783","7","60","2012-11-25 00:00:00","2012-12-06 00:00:00","2012-12-12 00:00:00","2012-12-13 00:00:00","4.0000","49.0000","49.0000","2012-12-12 23:00:00"
"25589","784","7","60","2012-11-25 00:00:00","2012-12-06 00:00:00","2012-12-12 00:00:00","2012-12-13 00:00:00","4.0000","49.0000","49.0000","2012-12-12 23:00:00"
"25590","790","7","60","2012-11-25 00:00:00","2012-12-06 00:00:00","2012-12-12 00:00:00","2012-12-13 00:00:00","4.0000","49.0000","49.0000","2012-12-12 23:00:00"
"25591","793","7","60","2012-11-25 00:00:00","2012-12-06 00:00:00","2012-12-12 00:00:00","2012-12-13 00:00:00","4.0000","49.0000","49.0000","2012-12-12 23:00:00"
"25592","794","7","60","2012-11-25 00:00:00","2012-12-06 00:00:00","2012-12-12 00:00:00","2012-12-13 00:00:00","4.0000","49.0000","49.0000","2012-12-12 23:00:00"
"25593","799","7","60","2012-11-25 00:00:00","2012-12-06 00:00:00","2012-12-12 00:00:00","2012-12-13 00:00:00","4.0000","49.0000","49.0000","2012-12-12 23:00:00"
"25594","516","6","50","2012-11-25 00:00:00","2012-12-06 00:00:00","2012-12-12 00:00:00","2012-12-13 00:00:00","3.0000","36.7500","36.7500","2012-12-12 23:00:00"
"25594","516","7","60","2012-11-25 00:00:00","2012-12-06 00:00:00","2012-12-12 00:00:00","2012-12-13 00:00:00","4.0000","49.0000","49.0000","2012-12-12 23:00:00"
"25595","517","6","50","2012-11-25 00:00:00","2012-12-06 00:00:00","2012-12-12 00:00:00","2012-12-13 00:00:00","3.0000","36.7500","36.7500","2012-12-12 23:00:00"
"25595","517","7","60","2012-11-25 00:00:00","2012-12-06 00:00:00","2012-12-12 00:00:00","2012-12-13 00:00:00","4.0000","49.0000","49.0000","2012-12-12 23:00:00"
"25596","518","6","50","2012-11-25 00:00:00","2012-12-06 00:00:00","2012-12-12 00:00:00","2012-12-13 00:00:00","3.0000","36.7500","36.7500","2012-12-12 23:00:00"
"25596","518","7","60","2012-11-25 00:00:00","2012-12-06 00:00:00","2012-12-12 00:00:00","2012-12-13 00:00:00","4.0000","49.0000","49.0000","2012-12-12 23:00:00"
"25597","519","6","50","2012-11-25 00:00:00","2012-12-06 00:00:00","2012-12-12 00:00:00","2012-12-13 00:00:00","3.0000","36.7500","36.7500","2012-12-12 23:00:00"
"25597","519","7","60","2012-11-25 00:00:00","2012-12-06 00:00:00","2012-12-12 00:00:00","2012-12-13 00:00:00","4.0000","49.0000","49.0000","2012-12-12 23:00:00"
"25606","748","1","10","2012-11-25 00:00:00","2012-12-06 00:00:00","2012-12-12 00:00:00","2012-12-13 00:00:00","4.1000","92.2500","92.2500","2012-12-12 23:00:00"
"25606","748","2","20","2012-11-25 00:00:00","2012-12-06 00:00:00","2012-12-12 00:00:00","2012-12-13 00:00:00","3.5000","87.5000","87.5000","2012-12-12 23:00:00"
"25606","748","3","30","2012-11-25 00:00:00","2012-12-06 00:00:00","2012-12-12 00:00:00","2012-12-13 00:00:00","1.0000","14.5000","14.5000","2012-12-12 23:00:00"
"25606","748","5","45","2012-11-25 00:00:00","2012-12-06 00:00:00","2012-12-12 00:00:00","2012-12-13 00:00:00","2.0000","36.0000","36.0000","2012-12-12 23:00:00"
"25606","748","6","50","2012-11-25 00:00:00","2012-12-06 00:00:00","2012-12-12 00:00:00","2012-12-13 00:00:00","3.0000","36.7500","36.7500","2012-12-12 23:00:00"
"25606","748","7","60","2012-11-25 00:00:00","2012-12-06 00:00:00","2012-12-12 00:00:00","2012-12-13 00:00:00","4.0000","49.0000","49.0000","2012-12-12 23:00:00"
"25607","806","6","50","2012-11-25 00:00:00","2012-12-06 00:00:00","2012-12-12 00:00:00","2012-12-13 00:00:00","3.0000","36.7500","36.7500","2012-12-12 23:00:00"
"25608","810","1","10","2012-11-25 00:00:00","2012-12-06 00:00:00","2012-12-12 00:00:00","2012-12-13 00:00:00","4.1000","92.2500","92.2500","2012-12-12 23:00:00"
"25608","810","2","20","2012-11-25 00:00:00","2012-12-06 00:00:00","2012-12-12 00:00:00","2012-12-13 00:00:00","3.5000","87.5000","87.5000","2012-12-12 23:00:00"
"25608","810","6","50","2012-11-25 00:00:00","2012-12-06 00:00:00","2012-12-12 00:00:00","2012-12-13 00:00:00","3.0000","36.7500","36.7500","2012-12-12 23:00:00"
"25609","811","1","10","2012-11-25 00:00:00","2012-12-06 00:00:00","2012-12-12 00:00:00","2012-12-13 00:00:00","4.1000","92.2500","92.2500","2012-12-12 23:00:00"
"25609","811","2","20","2012-11-25 00:00:00","2012-12-06 00:00:00","2012-12-12 00:00:00","2012-12-13 00:00:00","3.5000","87.5000","87.5000","2012-12-12 23:00:00"
"25609","811","6","50","2012-11-25 00:00:00","2012-12-06 00:00:00","2012-12-12 00:00:00","2012-12-13 00:00:00","3.0000","36.7500","36.7500","2012-12-12 23:00:00"
"25610","812","1","10","2012-11-25 00:00:00","2012-12-06 00:00:00","2012-12-12 00:00:00","2012-12-13 00:00:00","4.1000","92.2500","92.2500","2012-12-12 23:00:00"
"25610","812","2","20","2012-11-25 00:00:00","2012-12-06 00:00:00","2012-12-12 00:00:00","2012-12-13 00:00:00","3.5000","87.5000","87.5000","2012-12-12 23:00:00"
"25610","812","6","50","2012-11-25 00:00:00","2012-12-06 00:00:00","2012-12-12 00:00:00","2012-12-13 00:00:00","3.0000","36.7500","36.7500","2012-12-12 23:00:00"
"25611","813","1","10","2012-11-25 00:00:00","2012-12-06 00:00:00","2012-12-12 00:00:00","2012-12-13 00:00:00","4.1000","92.2500","92.2500","2012-12-12 23:00:00"
"25611","813","2","20","2012-11-25 00:00:00","2012-12-06 00:00:00","2012-12-12 00:00:00","2012-12-13 00:00:00","3.5000","87.5000","87.5000","2012-12-12 23:00:00"
"25611","813","6","50","2012-11-25 00:00:00","2012-12-06 00:00:00","2012-12-12 00:00:00","2012-12-13 00:00:00","3.0000","36.7500","36.7500","2012-12-12 23:00:00"
"25612","816","6","50","2012-11-25 00:00:00","2012-12-06 00:00:00","2012-12-12 00:00:00","2012-12-13 00:00:00","3.0000","36.7500","36.7500","2012-12-12 23:00:00"
"25613","818","6","50","2012-11-25 00:00:00","2012-12-06 00:00:00","2012-12-12 00:00:00","2012-12-13 00:00:00","3.0000","36.7500","36.7500","2012-12-12 23:00:00"
"25614","819","6","50","2012-11-25 00:00:00","2012-12-06 00:00:00","2012-12-12 00:00:00","2012-12-13 00:00:00","3.0000","36.7500","36.7500","2012-12-12 23:00:00"
"25615","820","6","50","2012-11-25 00:00:00","2012-12-06 00:00:00","2012-12-12 00:00:00","2012-12-13 00:00:00","3.0000","36.7500","36.7500","2012-12-12 23:00:00"
"25616","824","6","50","2012-11-25 00:00:00","2012-12-06 00:00:00","2012-12-12 00:00:00","2012-12-13 00:00:00","3.0000","36.7500","36.7500","2012-12-12 23:00:00"
"25617","826","6","50","2012-11-25 00:00:00","2012-12-06 00:00:00","2012-12-12 00:00:00","2012-12-13 00:00:00","3.0000","36.7500","36.7500","2012-12-12 23:00:00"
"25618","827","6","50","2012-11-25 00:00:00","2012-12-06 00:00:00","2012-12-12 00:00:00","2012-12-13 00:00:00","3.0000","36.7500","36.7500","2012-12-12 23:00:00"
"25619","828","6","50","2012-11-25 00:00:00","2012-12-06 00:00:00","2012-12-12 00:00:00","2012-12-13 00:00:00","3.0000","36.7500","36.7500","2012-12-12 23:00:00"
"25623","894","6","50","2012-11-25 00:00:00","2012-12-06 00:00:00","2012-12-12 00:00:00","2012-12-13 00:00:00","3.0000","36.7500","36.7500","2012-12-12 23:00:00"
"25624","945","1","10","2012-11-25 00:00:00","2012-12-06 00:00:00","2012-12-12 00:00:00","2012-12-13 00:00:00","4.1000","92.2500","92.2500","2012-12-12 23:00:00"
"25624","945","6","50","2012-11-25 00:00:00","2012-12-06 00:00:00","2012-12-12 00:00:00","2012-12-13 00:00:00","3.0000","36.7500","36.7500","2012-12-12 23:00:00"
"25625","950","6","50","2012-11-25 00:00:00","2012-12-06 00:00:00","2012-12-12 00:00:00","2012-12-13 00:00:00","3.0000","36.7500","36.7500","2012-12-12 23:00:00"
"25626","994","6","50","2012-11-25 00:00:00","2012-12-06 00:00:00","2012-12-12 00:00:00","2012-12-13 00:00:00","3.0000","36.7500","36.7500","2012-12-12 23:00:00"
"25627","995","6","50","2012-11-25 00:00:00","2012-12-06 00:00:00","2012-12-12 00:00:00","2012-12-13 00:00:00","3.0000","36.7500","36.7500","2012-12-12 23:00:00"
"25628","996","6","50","2012-11-25 00:00:00","2012-12-06 00:00:00","2012-12-12 00:00:00","2012-12-13 00:00:00","3.0000","36.7500","36.7500","2012-12-12 23:00:00"
"25642","802","1","10","2012-11-25 00:00:00","2012-12-06 00:00:00","2012-12-12 00:00:00","2012-12-13 00:00:00","4.1000","92.2500","92.2500","2012-12-12 23:00:00"
"25642","802","6","50","2012-11-25 00:00:00","2012-12-06 00:00:00","2012-12-12 00:00:00","2012-12-13 00:00:00","3.0000","36.7500","36.7500","2012-12-12 23:00:00"
"25643","803","1","10","2012-11-25 00:00:00","2012-12-06 00:00:00","2012-12-12 00:00:00","2012-12-13 00:00:00","4.1000","92.2500","92.2500","2012-12-12 23:00:00"
"25643","803","6","50","2012-11-25 00:00:00","2012-12-06 00:00:00","2012-12-12 00:00:00","2012-12-13 00:00:00","3.0000","36.7500","36.7500","2012-12-12 23:00:00"
"25644","804","1","10","2012-11-25 00:00:00","2012-12-06 00:00:00","2012-12-12 00:00:00","2012-12-13 00:00:00","4.1000","92.2500","92.2500","2012-12-12 23:00:00"
"25644","804","6","50","2012-11-25 00:00:00","2012-12-06 00:00:00","2012-12-12 00:00:00","2012-12-13 00:00:00","3.0000","36.7500","36.7500","2012-12-12 23:00:00"
"25649","763","7","60","2012-11-26 00:00:00","2012-12-07 00:00:00","2012-11-26 00:00:00","2012-12-07 00:00:00","4.0000","49.0000","49.0000","2012-12-06 23:00:00"
"25650","766","7","60","2012-11-26 00:00:00","2012-12-07 00:00:00","2012-11-26 00:00:00","2012-12-07 00:00:00","4.0000","49.0000","49.0000","2012-12-06 23:00:00"
"25651","783","7","60","2012-11-26 00:00:00","2012-12-07 00:00:00","2012-11-26 00:00:00","2012-12-07 00:00:00","4.0000","49.0000","49.0000","2012-12-06 23:00:00"
"25652","795","7","60","2012-11-26 00:00:00","2012-12-07 00:00:00","2012-11-26 00:00:00","2012-12-07 00:00:00","4.0000","49.0000","49.0000","2012-12-06 23:00:00"
"25653","796","7","60","2012-11-26 00:00:00","2012-12-07 00:00:00","2012-11-26 00:00:00","2012-12-07 00:00:00","4.0000","49.0000","49.0000","2012-12-06 23:00:00"
"25654","801","7","60","2012-11-26 00:00:00","2012-12-07 00:00:00","2012-11-26 00:00:00","2012-12-07 00:00:00","4.0000","49.0000","49.0000","2012-12-06 23:00:00"
"25655","516","6","50","2012-11-26 00:00:00","2012-12-07 00:00:00","2012-11-26 00:00:00","2012-12-07 00:00:00","3.0000","36.7500","36.7500","2012-12-06 23:00:00"
"25655","516","7","60","2012-11-26 00:00:00","2012-12-07 00:00:00","2012-11-26 00:00:00","2012-12-07 00:00:00","4.0000","49.0000","49.0000","2012-12-06 23:00:00"
"25656","517","6","50","2012-11-26 00:00:00","2012-12-07 00:00:00","2012-11-26 00:00:00","2012-12-07 00:00:00","3.0000","36.7500","36.7500","2012-12-06 23:00:00"
"25656","517","7","60","2012-11-26 00:00:00","2012-12-07 00:00:00","2012-11-26 00:00:00","2012-12-07 00:00:00","4.0000","49.0000","49.0000","2012-12-06 23:00:00"
"25657","518","6","50","2012-11-26 00:00:00","2012-12-07 00:00:00","2012-11-26 00:00:00","2012-12-07 00:00:00","3.0000","36.7500","36.7500","2012-12-06 23:00:00"
"25657","518","7","60","2012-11-26 00:00:00","2012-12-07 00:00:00","2012-11-26 00:00:00","2012-12-07 00:00:00","4.0000","49.0000","49.0000","2012-12-06 23:00:00"
"25658","519","6","50","2012-11-26 00:00:00","2012-12-07 00:00:00","2012-11-26 00:00:00","2012-12-07 00:00:00","3.0000","36.7500","36.7500","2012-12-06 23:00:00"
"25658","519","7","60","2012-11-26 00:00:00","2012-12-07 00:00:00","2012-11-26 00:00:00","2012-12-07 00:00:00","4.0000","49.0000","49.0000","2012-12-06 23:00:00"
"25663","806","6","50","2012-11-26 00:00:00","2012-12-07 00:00:00","2012-11-26 00:00:00","2012-12-07 00:00:00","3.0000","36.7500","36.7500","2012-12-06 23:00:00"
"25664","810","1","10","2012-11-26 00:00:00","2012-12-07 00:00:00","2012-11-26 00:00:00","2012-12-07 00:00:00","4.1000","92.2500","92.2500","2012-12-06 23:00:00"
"25664","810","2","20","2012-11-26 00:00:00","2012-12-07 00:00:00","2012-11-26 00:00:00","2012-12-07 00:00:00","3.5000","87.5000","87.5000","2012-12-06 23:00:00"
"25664","810","6","50","2012-11-26 00:00:00","2012-12-07 00:00:00","2012-11-26 00:00:00","2012-12-07 00:00:00","3.0000","36.7500","36.7500","2012-12-06 23:00:00"
"25665","811","1","10","2012-11-26 00:00:00","2012-12-07 00:00:00","2012-11-26 00:00:00","2012-12-07 00:00:00","4.1000","92.2500","92.2500","2012-12-06 23:00:00"
"25665","811","2","20","2012-11-26 00:00:00","2012-12-07 00:00:00","2012-11-26 00:00:00","2012-12-07 00:00:00","3.5000","87.5000","87.5000","2012-12-06 23:00:00"
"25665","811","6","50","2012-11-26 00:00:00","2012-12-07 00:00:00","2012-11-26 00:00:00","2012-12-07 00:00:00","3.0000","36.7500","36.7500","2012-12-06 23:00:00"
"25666","812","1","10","2012-11-26 00:00:00","2012-12-07 00:00:00","2012-11-26 00:00:00","2012-12-07 00:00:00","4.1000","92.2500","92.2500","2012-12-06 23:00:00"
"25666","812","2","20","2012-11-26 00:00:00","2012-12-07 00:00:00","2012-11-26 00:00:00","2012-12-07 00:00:00","3.5000","87.5000","87.5000","2012-12-06 23:00:00"
"25666","812","6","50","2012-11-26 00:00:00","2012-12-07 00:00:00","2012-11-26 00:00:00","2012-12-07 00:00:00","3.0000","36.7500","36.7500","2012-12-06 23:00:00"
"25667","813","1","10","2012-11-26 00:00:00","2012-12-07 00:00:00","2012-11-26 00:00:00","2012-12-07 00:00:00","4.1000","92.2500","92.2500","2012-12-06 23:00:00"
"25667","813","2","20","2012-11-26 00:00:00","2012-12-07 00:00:00","2012-11-26 00:00:00","2012-12-07 00:00:00","3.5000","87.5000","87.5000","2012-12-06 23:00:00"
"25667","813","6","50","2012-11-26 00:00:00","2012-12-07 00:00:00","2012-11-26 00:00:00","2012-12-07 00:00:00","3.0000","36.7500","36.7500","2012-12-06 23:00:00"
"25668","816","6","50","2012-11-26 00:00:00","2012-12-07 00:00:00","2012-11-26 00:00:00","2012-12-07 00:00:00","3.0000","36.7500","36.7500","2012-12-06 23:00:00"
"25669","818","6","50","2012-11-26 00:00:00","2012-12-07 00:00:00","2012-11-26 00:00:00","2012-12-07 00:00:00","3.0000","36.7500","36.7500","2012-12-06 23:00:00"
"25670","819","6","50","2012-11-26 00:00:00","2012-12-07 00:00:00","2012-11-26 00:00:00","2012-12-07 00:00:00","3.0000","36.7500","36.7500","2012-12-06 23:00:00"
"25671","820","6","50","2012-11-26 00:00:00","2012-12-07 00:00:00","2012-11-26 00:00:00","2012-12-07 00:00:00","3.0000","36.7500","36.7500","2012-12-06 23:00:00"
"25672","824","6","50","2012-11-26 00:00:00","2012-12-07 00:00:00","2012-11-26 00:00:00","2012-12-07 00:00:00","3.0000","36.7500","36.7500","2012-12-06 23:00:00"
"25673","826","6","50","2012-11-26 00:00:00","2012-12-07 00:00:00","2012-11-26 00:00:00","2012-12-07 00:00:00","3.0000","36.7500","36.7500","2012-12-06 23:00:00"
"25674","827","6","50","2012-11-26 00:00:00","2012-12-07 00:00:00","2012-11-26 00:00:00","2012-12-07 00:00:00","3.0000","36.7500","36.7500","2012-12-06 23:00:00"
"25675","828","6","50","2012-11-26 00:00:00","2012-12-07 00:00:00","2012-11-26 00:00:00","2012-12-07 00:00:00","3.0000","36.7500","36.7500","2012-12-06 23:00:00"
"25678","894","6","50","2012-11-26 00:00:00","2012-12-07 00:00:00","2012-11-26 00:00:00","2012-12-07 00:00:00","3.0000","36.7500","36.7500","2012-12-06 23:00:00"
"25679","945","1","10","2012-11-26 00:00:00","2012-12-07 00:00:00","2012-11-26 00:00:00","2012-12-07 00:00:00","4.1000","92.2500","92.2500","2012-12-06 23:00:00"
"25679","945","6","50","2012-11-26 00:00:00","2012-12-07 00:00:00","2012-11-26 00:00:00","2012-12-07 00:00:00","3.0000","36.7500","36.7500","2012-12-06 23:00:00"
"25680","950","6","50","2012-11-26 00:00:00","2012-12-07 00:00:00","2012-11-26 00:00:00","2012-12-07 00:00:00","3.0000","36.7500","36.7500","2012-12-06 23:00:00"
"25681","994","6","50","2012-11-26 00:00:00","2012-12-07 00:00:00","2012-11-26 00:00:00","2012-12-07 00:00:00","3.0000","36.7500","36.7500","2012-12-06 23:00:00"
"25682","995","6","50","2012-11-26 00:00:00","2012-12-07 00:00:00","2012-11-26 00:00:00","2012-12-07 00:00:00","3.0000","36.7500","36.7500","2012-12-06 23:00:00"
"25683","996","6","50","2012-11-26 00:00:00","2012-12-07 00:00:00","2012-11-26 00:00:00","2012-12-07 00:00:00","3.0000","36.7500","36.7500","2012-12-06 23:00:00"
"25697","802","1","10","2012-11-26 00:00:00","2012-12-07 00:00:00","2012-11-26 00:00:00","2012-12-07 00:00:00","4.1000","92.2500","92.2500","2012-12-06 23:00:00"
"25697","802","6","50","2012-11-26 00:00:00","2012-12-07 00:00:00","2012-11-26 00:00:00","2012-12-07 00:00:00","3.0000","36.7500","36.7500","2012-12-06 23:00:00"
"25698","803","1","10","2012-11-26 00:00:00","2012-12-07 00:00:00","2012-11-26 00:00:00","2012-12-07 00:00:00","4.1000","92.2500","92.2500","2012-12-06 23:00:00"
"25698","803","6","50","2012-11-26 00:00:00","2012-12-07 00:00:00","2012-11-26 00:00:00","2012-12-07 00:00:00","3.0000","36.7500","36.7500","2012-12-06 23:00:00"
"25699","804","1","10","2012-11-26 00:00:00","2012-12-07 00:00:00","2012-11-26 00:00:00","2012-12-07 00:00:00","4.1000","92.2500","92.2500","2012-12-06 23:00:00"
"25699","804","6","50","2012-11-26 00:00:00","2012-12-07 00:00:00","2012-11-26 00:00:00","2012-12-07 00:00:00","3.0000","36.7500","36.7500","2012-12-06 23:00:00"
"25704","769","7","60","2012-11-27 00:00:00","2012-12-08 00:00:00","2012-12-16 00:00:00","2012-12-17 00:00:00","4.0000","49.0000","49.0000","2012-12-16 23:00:00"
"25705","779","7","60","2012-11-27 00:00:00","2012-12-08 00:00:00","2012-12-16 00:00:00","2012-12-17 00:00:00","4.0000","49.0000","49.0000","2012-12-16 23:00:00"
"25706","780","7","60","2012-11-27 00:00:00","2012-12-08 00:00:00","2012-12-16 00:00:00","2012-12-17 00:00:00","4.0000","49.0000","49.0000","2012-12-16 23:00:00"
"25707","782","7","60","2012-11-27 00:00:00","2012-12-08 00:00:00","2012-12-16 00:00:00","2012-12-17 00:00:00","4.0000","49.0000","49.0000","2012-12-16 23:00:00"
"25708","784","7","60","2012-11-27 00:00:00","2012-12-08 00:00:00","2012-12-16 00:00:00","2012-12-17 00:00:00","4.0000","49.0000","49.0000","2012-12-16 23:00:00"
"25709","791","7","60","2012-11-27 00:00:00","2012-12-08 00:00:00","2012-12-16 00:00:00","2012-12-17 00:00:00","4.0000","49.0000","49.0000","2012-12-16 23:00:00"
"25710","796","7","60","2012-11-27 00:00:00","2012-12-08 00:00:00","2012-12-16 00:00:00","2012-12-17 00:00:00","4.0000","49.0000","49.0000","2012-12-16 23:00:00"
"25711","516","6","50","2012-11-27 00:00:00","2012-12-08 00:00:00","2012-12-16 00:00:00","2012-12-17 00:00:00","3.0000","36.7500","36.7500","2012-12-16 23:00:00"
"25711","516","7","60","2012-11-27 00:00:00","2012-12-08 00:00:00","2012-12-16 00:00:00","2012-12-17 00:00:00","4.0000","49.0000","49.0000","2012-12-16 23:00:00"
"25712","517","6","50","2012-11-27 00:00:00","2012-12-08 00:00:00","2012-12-16 00:00:00","2012-12-17 00:00:00","3.0000","36.7500","36.7500","2012-12-16 23:00:00"
"25712","517","7","60","2012-11-27 00:00:00","2012-12-08 00:00:00","2012-12-16 00:00:00","2012-12-17 00:00:00","4.0000","49.0000","49.0000","2012-12-16 23:00:00"
"25713","519","6","50","2012-11-27 00:00:00","2012-12-08 00:00:00","2012-12-16 00:00:00","2012-12-17 00:00:00","3.0000","36.7500","36.7500","2012-12-16 23:00:00"
"25713","519","7","60","2012-11-27 00:00:00","2012-12-08 00:00:00","2012-12-16 00:00:00","2012-12-17 00:00:00","4.0000","49.0000","49.0000","2012-12-16 23:00:00"
"25719","747","1","10","2012-11-27 00:00:00","2012-12-08 00:00:00","2012-12-16 00:00:00","2012-12-17 00:00:00","4.1000","92.2500","92.2500","2012-12-16 23:00:00"
"25719","747","2","20","2012-11-27 00:00:00","2012-12-08 00:00:00","2012-12-16 00:00:00","2012-12-17 00:00:00","3.5000","87.5000","87.5000","2012-12-16 23:00:00"
"25719","747","3","30","2012-11-27 00:00:00","2012-12-08 00:00:00","2012-12-16 00:00:00","2012-12-17 00:00:00","1.0000","14.5000","14.5000","2012-12-16 23:00:00"
"25719","747","4","40","2012-11-27 00:00:00","2012-12-08 00:00:00","2012-12-16 00:00:00","2012-12-17 00:00:00","2.0000","31.5000","31.5000","2012-12-16 23:00:00"
"25719","747","6","50","2012-11-27 00:00:00","2012-12-08 00:00:00","2012-12-16 00:00:00","2012-12-17 00:00:00","3.0000","36.7500","36.7500","2012-12-16 23:00:00"
"25719","747","7","60","2012-11-27 00:00:00","2012-12-08 00:00:00","2012-12-16 00:00:00","2012-12-17 00:00:00","4.0000","49.0000","49.0000","2012-12-16 23:00:00"
"25720","748","1","10","2012-11-27 00:00:00","2012-12-08 00:00:00","2012-12-16 00:00:00","2012-12-17 00:00:00","4.1000","92.2500","92.2500","2012-12-16 23:00:00"
"25720","748","2","20","2012-11-27 00:00:00","2012-12-08 00:00:00","2012-12-16 00:00:00","2012-12-17 00:00:00","3.5000","87.5000","87.5000","2012-12-16 23:00:00"
"25720","748","3","30","2012-11-27 00:00:00","2012-12-08 00:00:00","2012-12-16 00:00:00","2012-12-17 00:00:00","1.0000","14.5000","14.5000","2012-12-16 23:00:00"
"25720","748","5","45","2012-11-27 00:00:00","2012-12-08 00:00:00","2012-12-16 00:00:00","2012-12-17 00:00:00","2.0000","36.0000","36.0000","2012-12-16 23:00:00"
"25720","748","6","50","2012-11-27 00:00:00","2012-12-08 00:00:00","2012-12-16 00:00:00","2012-12-17 00:00:00","3.0000","36.7500","36.7500","2012-12-16 23:00:00"
"25720","748","7","60","2012-11-27 00:00:00","2012-12-08 00:00:00","2012-12-16 00:00:00","2012-12-17 00:00:00","4.0000","49.0000","49.0000","2012-12-16 23:00:00"
"25721","806","6","50","2012-11-27 00:00:00","2012-12-08 00:00:00","2012-12-16 00:00:00","2012-12-17 00:00:00","3.0000","36.7500","36.7500","2012-12-16 23:00:00"
"25722","810","1","10","2012-11-27 00:00:00","2012-12-08 00:00:00","2012-12-16 00:00:00","2012-12-17 00:00:00","4.1000","92.2500","92.2500","2012-12-16 23:00:00"
"25722","810","2","20","2012-11-27 00:00:00","2012-12-08 00:00:00","2012-12-16 00:00:00","2012-12-17 00:00:00","3.5000","87.5000","87.5000","2012-12-16 23:00:00"
"25722","810","6","50","2012-11-27 00:00:00","2012-12-08 00:00:00","2012-12-16 00:00:00","2012-12-17 00:00:00","3.0000","36.7500","36.7500","2012-12-16 23:00:00"
"25723","811","1","10","2012-11-27 00:00:00","2012-12-08 00:00:00","2012-12-16 00:00:00","2012-12-17 00:00:00","4.1000","92.2500","92.2500","2012-12-16 23:00:00"
"25723","811","2","20","2012-11-27 00:00:00","2012-12-08 00:00:00","2012-12-16 00:00:00","2012-12-17 00:00:00","3.5000","87.5000","87.5000","2012-12-16 23:00:00"
"25723","811","6","50","2012-11-27 00:00:00","2012-12-08 00:00:00","2012-12-16 00:00:00","2012-12-17 00:00:00","3.0000","36.7500","36.7500","2012-12-16 23:00:00"
"25724","813","1","10","2012-11-27 00:00:00","2012-12-08 00:00:00","2012-12-16 00:00:00","2012-12-17 00:00:00","4.1000","92.2500","92.2500","2012-12-16 23:00:00"
"25724","813","2","20","2012-11-27 00:00:00","2012-12-08 00:00:00","2012-12-16 00:00:00","2012-12-17 00:00:00","3.5000","87.5000","87.5000","2012-12-16 23:00:00"
"25724","813","6","50","2012-11-27 00:00:00","2012-12-08 00:00:00","2012-12-16 00:00:00","2012-12-17 00:00:00","3.0000","36.7500","36.7500","2012-12-16 23:00:00"
"25725","816","6","50","2012-11-27 00:00:00","2012-12-08 00:00:00","2012-12-16 00:00:00","2012-12-17 00:00:00","3.0000","36.7500","36.7500","2012-12-16 23:00:00"
"25726","818","6","50","2012-11-27 00:00:00","2012-12-08 00:00:00","2012-12-16 00:00:00","2012-12-17 00:00:00","3.0000","36.7500","36.7500","2012-12-16 23:00:00"
"25727","820","6","50","2012-11-27 00:00:00","2012-12-08 00:00:00","2012-12-16 00:00:00","2012-12-17 00:00:00","3.0000","36.7500","36.7500","2012-12-16 23:00:00"
"25728","824","6","50","2012-11-27 00:00:00","2012-12-08 00:00:00","2012-12-16 00:00:00","2012-12-17 00:00:00","3.0000","36.7500","36.7500","2012-12-16 23:00:00"
"25729","826","6","50","2012-11-27 00:00:00","2012-12-08 00:00:00","2012-12-16 00:00:00","2012-12-17 00:00:00","3.0000","36.7500","36.7500","2012-12-16 23:00:00"
"25730","828","6","50","2012-11-27 00:00:00","2012-12-08 00:00:00","2012-12-16 00:00:00","2012-12-17 00:00:00","3.0000","36.7500","36.7500","2012-12-16 23:00:00"
"25731","894","6","50","2012-11-27 00:00:00","2012-12-08 00:00:00","2012-12-16 00:00:00","2012-12-17 00:00:00","3.0000","36.7500","36.7500","2012-12-16 23:00:00"
"25732","945","1","10","2012-11-27 00:00:00","2012-12-08 00:00:00","2012-12-16 00:00:00","2012-12-17 00:00:00","4.1000","92.2500","92.2500","2012-12-16 23:00:00"
"25732","945","6","50","2012-11-27 00:00:00","2012-12-08 00:00:00","2012-12-16 00:00:00","2012-12-17 00:00:00","3.0000","36.7500","36.7500","2012-12-16 23:00:00"
"25733","950","6","50","2012-11-27 00:00:00","2012-12-08 00:00:00","2012-12-16 00:00:00","2012-12-17 00:00:00","3.0000","36.7500","36.7500","2012-12-16 23:00:00"
"25734","994","6","50","2012-11-27 00:00:00","2012-12-08 00:00:00","2012-12-16 00:00:00","2012-12-17 00:00:00","3.0000","36.7500","36.7500","2012-12-16 23:00:00"
"25735","995","6","50","2012-11-27 00:00:00","2012-12-08 00:00:00","2012-12-16 00:00:00","2012-12-17 00:00:00","3.0000","36.7500","36.7500","2012-12-16 23:00:00"
"25736","996","6","50","2012-11-27 00:00:00","2012-12-08 00:00:00","2012-12-16 00:00:00","2012-12-17 00:00:00","3.0000","36.7500","36.7500","2012-12-16 23:00:00"
"25750","802","1","10","2012-11-27 00:00:00","2012-12-08 00:00:00","2012-12-16 00:00:00","2012-12-17 00:00:00","4.1000","92.2500","92.2500","2012-12-16 23:00:00"
"25750","802","6","50","2012-11-27 00:00:00","2012-12-08 00:00:00","2012-12-16 00:00:00","2012-12-17 00:00:00","3.0000","36.7500","36.7500","2012-12-16 23:00:00"
"25751","804","1","10","2012-11-27 00:00:00","2012-12-08 00:00:00","2012-12-16 00:00:00","2012-12-17 00:00:00","4.1000","92.2500","92.2500","2012-12-16 23:00:00"
"25751","804","6","50","2012-11-27 00:00:00","2012-12-08 00:00:00","2012-12-16 00:00:00","2012-12-17 00:00:00","3.0000","36.7500","36.7500","2012-12-16 23:00:00"
"25756","768","7","60","2012-11-28 00:00:00","2012-12-09 00:00:00","2012-11-28 00:00:00","2012-12-09 00:00:00","4.0000","49.0000","49.0000","2012-12-08 23:00:00"
"25757","779","7","60","2012-11-28 00:00:00","2012-12-09 00:00:00","2012-11-28 00:00:00","2012-12-09 00:00:00","4.0000","49.0000","49.0000","2012-12-08 23:00:00"
"25758","783","7","60","2012-11-28 00:00:00","2012-12-09 00:00:00","2012-11-28 00:00:00","2012-12-09 00:00:00","4.0000","49.0000","49.0000","2012-12-08 23:00:00"
"25759","790","7","60","2012-11-28 00:00:00","2012-12-09 00:00:00","2012-11-28 00:00:00","2012-12-09 00:00:00","4.0000","49.0000","49.0000","2012-12-08 23:00:00"
"25760","792","7","60","2012-11-28 00:00:00","2012-12-09 00:00:00","2012-11-28 00:00:00","2012-12-09 00:00:00","4.0000","49.0000","49.0000","2012-12-08 23:00:00"
"25761","793","7","60","2012-11-28 00:00:00","2012-12-09 00:00:00","2012-11-28 00:00:00","2012-12-09 00:00:00","4.0000","49.0000","49.0000","2012-12-08 23:00:00"
"25762","796","7","60","2012-11-28 00:00:00","2012-12-09 00:00:00","2012-11-28 00:00:00","2012-12-09 00:00:00","4.0000","49.0000","49.0000","2012-12-08 23:00:00"
"25763","799","7","60","2012-11-28 00:00:00","2012-12-09 00:00:00","2012-11-28 00:00:00","2012-12-09 00:00:00","4.0000","49.0000","49.0000","2012-12-08 23:00:00"
"25764","516","6","50","2012-11-28 00:00:00","2012-12-09 00:00:00","2012-11-28 00:00:00","2012-12-09 00:00:00","3.0000","36.7500","36.7500","2012-12-08 23:00:00"
"25764","516","7","60","2012-11-28 00:00:00","2012-12-09 00:00:00","2012-11-28 00:00:00","2012-12-09 00:00:00","4.0000","49.0000","49.0000","2012-12-08 23:00:00"
"25765","517","6","50","2012-11-28 00:00:00","2012-12-09 00:00:00","2012-11-28 00:00:00","2012-12-09 00:00:00","3.0000","36.7500","36.7500","2012-12-08 23:00:00"
"25765","517","7","60","2012-11-28 00:00:00","2012-12-09 00:00:00","2012-11-28 00:00:00","2012-12-09 00:00:00","4.0000","49.0000","49.0000","2012-12-08 23:00:00"
"25766","518","6","50","2012-11-28 00:00:00","2012-12-09 00:00:00","2012-11-28 00:00:00","2012-12-09 00:00:00","3.0000","36.7500","36.7500","2012-12-08 23:00:00"
"25766","518","7","60","2012-11-28 00:00:00","2012-12-09 00:00:00","2012-11-28 00:00:00","2012-12-09 00:00:00","4.0000","49.0000","49.0000","2012-12-08 23:00:00"
"25767","519","6","50","2012-11-28 00:00:00","2012-12-09 00:00:00","2012-11-28 00:00:00","2012-12-09 00:00:00","3.0000","36.7500","36.7500","2012-12-08 23:00:00"
"25767","519","7","60","2012-11-28 00:00:00","2012-12-09 00:00:00","2012-11-28 00:00:00","2012-12-09 00:00:00","4.0000","49.0000","49.0000","2012-12-08 23:00:00"
"25773","748","1","10","2012-11-28 00:00:00","2012-12-09 00:00:00","2012-11-28 00:00:00","2012-12-09 00:00:00","4.1000","92.2500","92.2500","2012-12-08 23:00:00"
"25773","748","2","20","2012-11-28 00:00:00","2012-12-09 00:00:00","2012-11-28 00:00:00","2012-12-09 00:00:00","3.5000","87.5000","87.5000","2012-12-08 23:00:00"
"25773","748","3","30","2012-11-28 00:00:00","2012-12-09 00:00:00","2012-11-28 00:00:00","2012-12-09 00:00:00","1.0000","14.5000","14.5000","2012-12-08 23:00:00"
"25773","748","5","45","2012-11-28 00:00:00","2012-12-09 00:00:00","2012-11-28 00:00:00","2012-12-09 00:00:00","2.0000","36.0000","36.0000","2012-12-08 23:00:00"
"25773","748","6","50","2012-11-28 00:00:00","2012-12-09 00:00:00","2012-11-28 00:00:00","2012-12-09 00:00:00","3.0000","36.7500","36.7500","2012-12-08 23:00:00"
"25773","748","7","60","2012-11-28 00:00:00","2012-12-09 00:00:00","2012-11-28 00:00:00","2012-12-09 00:00:00","4.0000","49.0000","49.0000","2012-12-08 23:00:00"
"25774","806","6","50","2012-11-28 00:00:00","2012-12-09 00:00:00","2012-11-28 00:00:00","2012-12-09 00:00:00","3.0000","36.7500","36.7500","2012-12-08 23:00:00"
"25775","810","1","10","2012-11-28 00:00:00","2012-12-09 00:00:00","2012-11-28 00:00:00","2012-12-09 00:00:00","4.1000","92.2500","92.2500","2012-12-08 23:00:00"
"25775","810","2","20","2012-11-28 00:00:00","2012-12-09 00:00:00","2012-11-28 00:00:00","2012-12-09 00:00:00","3.5000","87.5000","87.5000","2012-12-08 23:00:00"
"25775","810","6","50","2012-11-28 00:00:00","2012-12-09 00:00:00","2012-11-28 00:00:00","2012-12-09 00:00:00","3.0000","36.7500","36.7500","2012-12-08 23:00:00"
"25776","811","1","10","2012-11-28 00:00:00","2012-12-09 00:00:00","2012-11-28 00:00:00","2012-12-09 00:00:00","4.1000","92.2500","92.2500","2012-12-08 23:00:00"
"25776","811","2","20","2012-11-28 00:00:00","2012-12-09 00:00:00","2012-11-28 00:00:00","2012-12-09 00:00:00","3.5000","87.5000","87.5000","2012-12-08 23:00:00"
"25776","811","6","50","2012-11-28 00:00:00","2012-12-09 00:00:00","2012-11-28 00:00:00","2012-12-09 00:00:00","3.0000","36.7500","36.7500","2012-12-08 23:00:00"
"25777","812","1","10","2012-11-28 00:00:00","2012-12-09 00:00:00","2012-11-28 00:00:00","2012-12-09 00:00:00","4.1000","92.2500","92.2500","2012-12-08 23:00:00"
"25777","812","2","20","2012-11-28 00:00:00","2012-12-09 00:00:00","2012-11-28 00:00:00","2012-12-09 00:00:00","3.5000","87.5000","87.5000","2012-12-08 23:00:00"
"25777","812","6","50","2012-11-28 00:00:00","2012-12-09 00:00:00","2012-11-28 00:00:00","2012-12-09 00:00:00","3.0000","36.7500","36.7500","2012-12-08 23:00:00"
"25778","813","1","10","2012-11-28 00:00:00","2012-12-09 00:00:00","2012-11-28 00:00:00","2012-12-09 00:00:00","4.1000","92.2500","92.2500","2012-12-08 23:00:00"
"25778","813","2","20","2012-11-28 00:00:00","2012-12-09 00:00:00","2012-11-28 00:00:00","2012-12-09 00:00:00","3.5000","87.5000","87.5000","2012-12-08 23:00:00"
"25778","813","6","50","2012-11-28 00:00:00","2012-12-09 00:00:00","2012-11-28 00:00:00","2012-12-09 00:00:00","3.0000","36.7500","36.7500","2012-12-08 23:00:00"
"25779","816","6","50","2012-11-28 00:00:00","2012-12-09 00:00:00","2012-11-28 00:00:00","2012-12-09 00:00:00","3.0000","36.7500","36.7500","2012-12-08 23:00:00"
"25780","818","6","50","2012-11-28 00:00:00","2012-12-09 00:00:00","2012-11-28 00:00:00","2012-12-09 00:00:00","3.0000","36.7500","36.7500","2012-12-08 23:00:00"
"25781","819","6","50","2012-11-28 00:00:00","2012-12-09 00:00:00","2012-11-28 00:00:00","2012-12-09 00:00:00","3.0000","36.7500","36.7500","2012-12-08 23:00:00"
"25782","820","6","50","2012-11-28 00:00:00","2012-12-09 00:00:00","2012-11-28 00:00:00","2012-12-09 00:00:00","3.0000","36.7500","36.7500","2012-12-08 23:00:00"
"25783","824","6","50","2012-11-28 00:00:00","2012-12-09 00:00:00","2012-11-28 00:00:00","2012-12-09 00:00:00","3.0000","36.7500","36.7500","2012-12-08 23:00:00"
"25784","826","6","50","2012-11-28 00:00:00","2012-12-09 00:00:00","2012-11-28 00:00:00","2012-12-09 00:00:00","3.0000","36.7500","36.7500","2012-12-08 23:00:00"
"25785","827","6","50","2012-11-28 00:00:00","2012-12-09 00:00:00","2012-11-28 00:00:00","2012-12-09 00:00:00","3.0000","36.7500","36.7500","2012-12-08 23:00:00"
"25786","828","6","50","2012-11-28 00:00:00","2012-12-09 00:00:00","2012-11-28 00:00:00","2012-12-09 00:00:00","3.0000","36.7500","36.7500","2012-12-08 23:00:00"
"25789","894","6","50","2012-11-28 00:00:00","2012-12-09 00:00:00","2012-11-28 00:00:00","2012-12-09 00:00:00","3.0000","36.7500","36.7500","2012-12-08 23:00:00"
"25790","945","1","10","2012-11-28 00:00:00","2012-12-09 00:00:00","2012-11-28 00:00:00","2012-12-09 00:00:00","4.1000","92.2500","92.2500","2012-12-08 23:00:00"
"25790","945","6","50","2012-11-28 00:00:00","2012-12-09 00:00:00","2012-11-28 00:00:00","2012-12-09 00:00:00","3.0000","36.7500","36.7500","2012-12-08 23:00:00"
"25791","950","6","50","2012-11-28 00:00:00","2012-12-09 00:00:00","2012-11-28 00:00:00","2012-12-09 00:00:00","3.0000","36.7500","36.7500","2012-12-08 23:00:00"
"25792","994","6","50","2012-11-28 00:00:00","2012-12-09 00:00:00","2012-11-28 00:00:00","2012-12-09 00:00:00","3.0000","36.7500","36.7500","2012-12-08 23:00:00"
"25793","995","6","50","2012-11-28 00:00:00","2012-12-09 00:00:00","2012-11-28 00:00:00","2012-12-09 00:00:00","3.0000","36.7500","36.7500","2012-12-08 23:00:00"
"25794","996","6","50","2012-11-28 00:00:00","2012-12-09 00:00:00","2012-11-28 00:00:00","2012-12-09 00:00:00","3.0000","36.7500","36.7500","2012-12-08 23:00:00"
"25808","802","1","10","2012-11-28 00:00:00","2012-12-09 00:00:00","2012-11-28 00:00:00","2012-12-09 00:00:00","4.1000","92.2500","92.2500","2012-12-08 23:00:00"
"25808","802","6","50","2012-11-28 00:00:00","2012-12-09 00:00:00","2012-11-28 00:00:00","2012-12-09 00:00:00","3.0000","36.7500","36.7500","2012-12-08 23:00:00"
"25809","803","1","10","2012-11-28 00:00:00","2012-12-09 00:00:00","2012-11-28 00:00:00","2012-12-09 00:00:00","4.1000","92.2500","92.2500","2012-12-08 23:00:00"
"25809","803","6","50","2012-11-28 00:00:00","2012-12-09 00:00:00","2012-11-28 00:00:00","2012-12-09 00:00:00","3.0000","36.7500","36.7500","2012-12-08 23:00:00"
"25810","804","1","10","2012-11-28 00:00:00","2012-12-09 00:00:00","2012-11-28 00:00:00","2012-12-09 00:00:00","4.1000","92.2500","92.2500","2012-12-08 23:00:00"
"25810","804","6","50","2012-11-28 00:00:00","2012-12-09 00:00:00","2012-11-28 00:00:00","2012-12-09 00:00:00","3.0000","36.7500","36.7500","2012-12-08 23:00:00"
"25815","783","7","60","2012-11-29 00:00:00","2012-12-10 00:00:00","2012-12-20 00:00:00","2013-01-01 00:00:00","4.0000","49.0000","49.0000","2012-12-31 23:00:00"
"25816","784","7","60","2012-11-29 00:00:00","2012-12-10 00:00:00","2012-12-20 00:00:00","2013-01-01 00:00:00","4.0000","49.0000","49.0000","2012-12-31 23:00:00"
"25817","789","7","60","2012-11-29 00:00:00","2012-12-10 00:00:00","2012-12-20 00:00:00","2013-01-01 00:00:00","4.0000","49.0000","49.0000","2012-12-31 23:00:00"
"25818","791","7","60","2012-11-29 00:00:00","2012-12-10 00:00:00","2012-12-20 00:00:00","2013-01-01 00:00:00","4.0000","49.0000","49.0000","2012-12-31 23:00:00"
"25819","792","7","60","2012-11-29 00:00:00","2012-12-10 00:00:00","2012-12-20 00:00:00","2013-01-01 00:00:00","4.0000","49.0000","49.0000","2012-12-31 23:00:00"
"25820","797","7","60","2012-11-29 00:00:00","2012-12-10 00:00:00","2012-12-20 00:00:00","2013-01-01 00:00:00","4.0000","49.0000","49.0000","2012-12-31 23:00:00"
"25821","516","6","50","2012-11-29 00:00:00","2012-12-10 00:00:00","2012-12-20 00:00:00","2013-01-01 00:00:00","3.0000","36.7500","36.7500","2012-12-31 23:00:00"
"25821","516","7","60","2012-11-29 00:00:00","2012-12-10 00:00:00","2012-12-20 00:00:00","2013-01-01 00:00:00","4.0000","49.0000","49.0000","2012-12-31 23:00:00"
"25822","518","6","50","2012-11-29 00:00:00","2012-12-10 00:00:00","2012-12-20 00:00:00","2013-01-01 00:00:00","3.0000","36.7500","36.7500","2012-12-31 23:00:00"
"25822","518","7","60","2012-11-29 00:00:00","2012-12-10 00:00:00","2012-12-20 00:00:00","2013-01-01 00:00:00","4.0000","49.0000","49.0000","2012-12-31 23:00:00"
"25823","519","6","50","2012-11-29 00:00:00","2012-12-10 00:00:00","2012-12-20 00:00:00","2013-01-01 00:00:00","3.0000","36.7500","36.7500","2012-12-31 23:00:00"
"25823","519","7","60","2012-11-29 00:00:00","2012-12-10 00:00:00","2012-12-20 00:00:00","2013-01-01 00:00:00","4.0000","49.0000","49.0000","2012-12-31 23:00:00"
"25829","806","6","50","2012-11-29 00:00:00","2012-12-10 00:00:00","2012-12-20 00:00:00","2013-01-01 00:00:00","3.0000","36.7500","36.7500","2012-12-31 23:00:00"
"25830","810","1","10","2012-11-29 00:00:00","2012-12-10 00:00:00","2012-12-20 00:00:00","2013-01-01 00:00:00","4.1000","92.2500","92.2500","2012-12-31 23:00:00"
"25830","810","2","20","2012-11-29 00:00:00","2012-12-10 00:00:00","2012-12-20 00:00:00","2013-01-01 00:00:00","3.5000","87.5000","87.5000","2012-12-31 23:00:00"
"25830","810","6","50","2012-11-29 00:00:00","2012-12-10 00:00:00","2012-12-20 00:00:00","2013-01-01 00:00:00","3.0000","36.7500","36.7500","2012-12-31 23:00:00"
"25831","812","1","10","2012-11-29 00:00:00","2012-12-10 00:00:00","2012-12-20 00:00:00","2013-01-01 00:00:00","4.1000","92.2500","92.2500","2012-12-31 23:00:00"
"25831","812","2","20","2012-11-29 00:00:00","2012-12-10 00:00:00","2012-12-20 00:00:00","2013-01-01 00:00:00","3.5000","87.5000","87.5000","2012-12-31 23:00:00"
"25831","812","6","50","2012-11-29 00:00:00","2012-12-10 00:00:00","2012-12-20 00:00:00","2013-01-01 00:00:00","3.0000","36.7500","36.7500","2012-12-31 23:00:00"
"25832","813","1","10","2012-11-29 00:00:00","2012-12-10 00:00:00","2012-12-20 00:00:00","2013-01-01 00:00:00","4.1000","92.2500","92.2500","2012-12-31 23:00:00"
"25832","813","2","20","2012-11-29 00:00:00","2012-12-10 00:00:00","2012-12-20 00:00:00","2013-01-01 00:00:00","3.5000","87.5000","87.5000","2012-12-31 23:00:00"
"25832","813","6","50","2012-11-29 00:00:00","2012-12-10 00:00:00","2012-12-20 00:00:00","2013-01-01 00:00:00","3.0000","36.7500","36.7500","2012-12-31 23:00:00"
"25833","816","6","50","2012-11-29 00:00:00","2012-12-10 00:00:00","2012-12-20 00:00:00","2013-01-01 00:00:00","3.0000","36.7500","36.7500","2012-12-31 23:00:00"
"25834","819","6","50","2012-11-29 00:00:00","2012-12-10 00:00:00","2012-12-20 00:00:00","2013-01-01 00:00:00","3.0000","36.7500","36.7500","2012-12-31 23:00:00"
"25835","820","6","50","2012-11-29 00:00:00","2012-12-10 00:00:00","2012-12-20 00:00:00","2013-01-01 00:00:00","3.0000","36.7500","36.7500","2012-12-31 23:00:00"
"25836","822","1","10","2012-11-29 00:00:00","2012-12-10 00:00:00","2012-12-20 00:00:00","2013-01-01 00:00:00","4.1000","92.2500","92.2500","2012-12-31 23:00:00"
"25836","822","2","20","2012-11-29 00:00:00","2012-12-10 00:00:00","2012-12-20 00:00:00","2013-01-01 00:00:00","3.5000","87.5000","87.5000","2012-12-31 23:00:00"
"25836","822","3","30","2012-11-29 00:00:00","2012-12-10 00:00:00","2012-12-20 00:00:00","2013-01-01 00:00:00","1.0000","14.5000","14.5000","2012-12-31 23:00:00"
"25836","822","4","40","2012-11-29 00:00:00","2012-12-10 00:00:00","2012-12-20 00:00:00","2013-01-01 00:00:00","2.0000","31.5000","31.5000","2012-12-31 23:00:00"
"25836","822","6","50","2012-11-29 00:00:00","2012-12-10 00:00:00","2012-12-20 00:00:00","2013-01-01 00:00:00","3.0000","36.7500","36.7500","2012-12-31 23:00:00"
"25836","822","7","60","2012-11-29 00:00:00","2012-12-10 00:00:00","2012-12-20 00:00:00","2013-01-01 00:00:00","4.0000","49.0000","49.0000","2012-12-31 23:00:00"
"25837","824","6","50","2012-11-29 00:00:00","2012-12-10 00:00:00","2012-12-20 00:00:00","2013-01-01 00:00:00","3.0000","36.7500","36.7500","2012-12-31 23:00:00"
"25838","827","6","50","2012-11-29 00:00:00","2012-12-10 00:00:00","2012-12-20 00:00:00","2013-01-01 00:00:00","3.0000","36.7500","36.7500","2012-12-31 23:00:00"
"25839","828","6","50","2012-11-29 00:00:00","2012-12-10 00:00:00","2012-12-20 00:00:00","2013-01-01 00:00:00","3.0000","36.7500","36.7500","2012-12-31 23:00:00"
"25840","894","6","50","2012-11-29 00:00:00","2012-12-10 00:00:00","2012-12-20 00:00:00","2013-01-01 00:00:00","3.0000","36.7500","36.7500","2012-12-31 23:00:00"
"25841","945","1","10","2012-11-29 00:00:00","2012-12-10 00:00:00","2012-12-20 00:00:00","2013-01-01 00:00:00","4.1000","92.2500","92.2500","2012-12-31 23:00:00"
"25841","945","6","50","2012-11-29 00:00:00","2012-12-10 00:00:00","2012-12-20 00:00:00","2013-01-01 00:00:00","3.0000","36.7500","36.7500","2012-12-31 23:00:00"
"25842","950","6","50","2012-11-29 00:00:00","2012-12-10 00:00:00","2012-12-20 00:00:00","2013-01-01 00:00:00","3.0000","36.7500","36.7500","2012-12-31 23:00:00"
"25843","994","6","50","2012-11-29 00:00:00","2012-12-10 00:00:00","2012-12-20 00:00:00","2013-01-01 00:00:00","3.0000","36.7500","36.7500","2012-12-31 23:00:00"
"25844","995","6","50","2012-11-29 00:00:00","2012-12-10 00:00:00","2012-12-20 00:00:00","2013-01-01 00:00:00","3.0000","36.7500","36.7500","2012-12-31 23:00:00"
"25845","996","6","50","2012-11-29 00:00:00","2012-12-10 00:00:00","2012-12-20 00:00:00","2013-01-01 00:00:00","3.0000","36.7500","36.7500","2012-12-31 23:00:00"
"25858","803","1","10","2012-11-29 00:00:00","2012-12-10 00:00:00","2012-12-20 00:00:00","2013-01-01 00:00:00","4.1000","92.2500","92.2500","2012-12-31 23:00:00"
"25858","803","6","50","2012-11-29 00:00:00","2012-12-10 00:00:00","2012-12-20 00:00:00","2013-01-01 00:00:00","3.0000","36.7500","36.7500","2012-12-31 23:00:00"
"25859","804","1","10","2012-11-29 00:00:00","2012-12-10 00:00:00","2012-12-20 00:00:00","2013-01-01 00:00:00","4.1000","92.2500","92.2500","2012-12-31 23:00:00"
"25859","804","6","50","2012-11-29 00:00:00","2012-12-10 00:00:00","2012-12-20 00:00:00","2013-01-01 00:00:00","3.0000","36.7500","36.7500","2012-12-31 23:00:00"
"25864","762","7","60","2012-11-30 00:00:00","2012-12-11 00:00:00","2012-12-01 00:00:00","2012-12-11 00:00:00","4.0000","49.0000","49.0000","2012-12-10 23:00:00"
"25865","766","7","60","2012-11-30 00:00:00","2012-12-11 00:00:00","2012-12-01 00:00:00","2012-12-11 00:00:00","4.0000","49.0000","49.0000","2012-12-10 23:00:00"
"25866","768","7","60","2012-11-30 00:00:00","2012-12-11 00:00:00","2012-12-01 00:00:00","2012-12-11 00:00:00","4.0000","49.0000","49.0000","2012-12-10 23:00:00"
"25867","780","7","60","2012-11-30 00:00:00","2012-12-11 00:00:00","2012-12-01 00:00:00","2012-12-11 00:00:00","4.0000","49.0000","49.0000","2012-12-10 23:00:00"
"25868","790","7","60","2012-11-30 00:00:00","2012-12-11 00:00:00","2012-12-01 00:00:00","2012-12-11 00:00:00","4.0000","49.0000","49.0000","2012-12-10 23:00:00"
"25869","793","7","60","2012-11-30 00:00:00","2012-12-11 00:00:00","2012-12-01 00:00:00","2012-12-11 00:00:00","4.0000","49.0000","49.0000","2012-12-10 23:00:00"
"25870","794","7","60","2012-11-30 00:00:00","2012-12-11 00:00:00","2012-12-01 00:00:00","2012-12-11 00:00:00","4.0000","49.0000","49.0000","2012-12-10 23:00:00"
"25871","795","7","60","2012-11-30 00:00:00","2012-12-11 00:00:00","2012-12-01 00:00:00","2012-12-11 00:00:00","4.0000","49.0000","49.0000","2012-12-10 23:00:00"
"25872","797","7","60","2012-11-30 00:00:00","2012-12-11 00:00:00","2012-12-01 00:00:00","2012-12-11 00:00:00","4.0000","49.0000","49.0000","2012-12-10 23:00:00"
"25873","800","7","60","2012-11-30 00:00:00","2012-12-11 00:00:00","2012-12-01 00:00:00","2012-12-11 00:00:00","4.0000","49.0000","49.0000","2012-12-10 23:00:00"
"25874","516","6","50","2012-11-30 00:00:00","2012-12-11 00:00:00","2012-12-01 00:00:00","2012-12-11 00:00:00","3.0000","36.7500","36.7500","2012-12-10 23:00:00"
"25874","516","7","60","2012-11-30 00:00:00","2012-12-11 00:00:00","2012-12-01 00:00:00","2012-12-11 00:00:00","4.0000","49.0000","49.0000","2012-12-10 23:00:00"
"25875","517","6","50","2012-11-30 00:00:00","2012-12-11 00:00:00","2012-12-01 00:00:00","2012-12-11 00:00:00","3.0000","36.7500","36.7500","2012-12-10 23:00:00"
"25875","517","7","60","2012-11-30 00:00:00","2012-12-11 00:00:00","2012-12-01 00:00:00","2012-12-11 00:00:00","4.0000","49.0000","49.0000","2012-12-10 23:00:00"
"25876","518","6","50","2012-11-30 00:00:00","2012-12-11 00:00:00","2012-12-01 00:00:00","2012-12-11 00:00:00","3.0000","36.7500","36.7500","2012-12-10 23:00:00"
"25876","518","7","60","2012-11-30 00:00:00","2012-12-11 00:00:00","2012-12-01 00:00:00","2012-12-11 00:00:00","4.0000","49.0000","49.0000","2012-12-10 23:00:00"
"25877","519","6","50","2012-11-30 00:00:00","2012-12-11 00:00:00","2012-12-01 00:00:00","2012-12-11 00:00:00","3.0000","36.7500","36.7500","2012-12-10 23:00:00"
"25877","519","7","60","2012-11-30 00:00:00","2012-12-11 00:00:00","2012-12-01 00:00:00","2012-12-11 00:00:00","4.0000","49.0000","49.0000","2012-12-10 23:00:00"
"25883","806","6","50","2012-11-30 00:00:00","2012-12-11 00:00:00","2012-12-01 00:00:00","2012-12-11 00:00:00","3.0000","36.7500","36.7500","2012-12-10 23:00:00"
"25884","810","1","10","2012-11-30 00:00:00","2012-12-11 00:00:00","2012-12-01 00:00:00","2012-12-11 00:00:00","4.1000","92.2500","92.2500","2012-12-10 23:00:00"
"25884","810","2","20","2012-11-30 00:00:00","2012-12-11 00:00:00","2012-12-01 00:00:00","2012-12-11 00:00:00","3.5000","87.5000","87.5000","2012-12-10 23:00:00"
"25884","810","6","50","2012-11-30 00:00:00","2012-12-11 00:00:00","2012-12-01 00:00:00","2012-12-11 00:00:00","3.0000","36.7500","36.7500","2012-12-10 23:00:00"
"25885","811","1","10","2012-11-30 00:00:00","2012-12-11 00:00:00","2012-12-01 00:00:00","2012-12-11 00:00:00","4.1000","92.2500","92.2500","2012-12-10 23:00:00"
"25885","811","2","20","2012-11-30 00:00:00","2012-12-11 00:00:00","2012-12-01 00:00:00","2012-12-11 00:00:00","3.5000","87.5000","87.5000","2012-12-10 23:00:00"
"25885","811","6","50","2012-11-30 00:00:00","2012-12-11 00:00:00","2012-12-01 00:00:00","2012-12-11 00:00:00","3.0000","36.7500","36.7500","2012-12-10 23:00:00"
"25886","812","1","10","2012-11-30 00:00:00","2012-12-11 00:00:00","2012-12-01 00:00:00","2012-12-11 00:00:00","4.1000","92.2500","92.2500","2012-12-10 23:00:00"
"25886","812","2","20","2012-11-30 00:00:00","2012-12-11 00:00:00","2012-12-01 00:00:00","2012-12-11 00:00:00","3.5000","87.5000","87.5000","2012-12-10 23:00:00"
"25886","812","6","50","2012-11-30 00:00:00","2012-12-11 00:00:00","2012-12-01 00:00:00","2012-12-11 00:00:00","3.0000","36.7500","36.7500","2012-12-10 23:00:00"
"25887","813","1","10","2012-11-30 00:00:00","2012-12-11 00:00:00","2012-12-01 00:00:00","2012-12-11 00:00:00","4.1000","92.2500","92.2500","2012-12-10 23:00:00"
"25887","813","2","20","2012-11-30 00:00:00","2012-12-11 00:00:00","2012-12-01 00:00:00","2012-12-11 00:00:00","3.5000","87.5000","87.5000","2012-12-10 23:00:00"
"25887","813","6","50","2012-11-30 00:00:00","2012-12-11 00:00:00","2012-12-01 00:00:00","2012-12-11 00:00:00","3.0000","36.7500","36.7500","2012-12-10 23:00:00"
"25888","816","6","50","2012-11-30 00:00:00","2012-12-11 00:00:00","2012-12-01 00:00:00","2012-12-11 00:00:00","3.0000","36.7500","36.7500","2012-12-10 23:00:00"
"25889","818","6","50","2012-11-30 00:00:00","2012-12-11 00:00:00","2012-12-01 00:00:00","2012-12-11 00:00:00","3.0000","36.7500","36.7500","2012-12-10 23:00:00"
"25890","819","6","50","2012-11-30 00:00:00","2012-12-11 00:00:00","2012-12-01 00:00:00","2012-12-11 00:00:00","3.0000","36.7500","36.7500","2012-12-10 23:00:00"
"25891","820","6","50","2012-11-30 00:00:00","2012-12-11 00:00:00","2012-12-01 00:00:00","2012-12-11 00:00:00","3.0000","36.7500","36.7500","2012-12-10 23:00:00"
"25892","822","1","10","2012-11-30 00:00:00","2012-12-11 00:00:00","2012-12-01 00:00:00","2012-12-11 00:00:00","4.1000","92.2500","92.2500","2012-12-10 23:00:00"
"25892","822","2","20","2012-11-30 00:00:00","2012-12-11 00:00:00","2012-12-01 00:00:00","2012-12-11 00:00:00","3.5000","87.5000","87.5000","2012-12-10 23:00:00"
"25892","822","3","30","2012-11-30 00:00:00","2012-12-11 00:00:00","2012-12-01 00:00:00","2012-12-11 00:00:00","1.0000","14.5000","14.5000","2012-12-10 23:00:00"
"25892","822","4","40","2012-11-30 00:00:00","2012-12-11 00:00:00","2012-12-01 00:00:00","2012-12-11 00:00:00","2.0000","31.5000","31.5000","2012-12-10 23:00:00"
"25892","822","6","50","2012-11-30 00:00:00","2012-12-11 00:00:00","2012-12-01 00:00:00","2012-12-11 00:00:00","3.0000","36.7500","36.7500","2012-12-10 23:00:00"
"25892","822","7","60","2012-11-30 00:00:00","2012-12-11 00:00:00","2012-12-01 00:00:00","2012-12-11 00:00:00","4.0000","49.0000","49.0000","2012-12-10 23:00:00"
"25893","824","6","50","2012-11-30 00:00:00","2012-12-11 00:00:00","2012-12-01 00:00:00","2012-12-11 00:00:00","3.0000","36.7500","36.7500","2012-12-10 23:00:00"
"25894","826","6","50","2012-11-30 00:00:00","2012-12-11 00:00:00","2012-12-01 00:00:00","2012-12-11 00:00:00","3.0000","36.7500","36.7500","2012-12-10 23:00:00"
"25895","827","6","50","2012-11-30 00:00:00","2012-12-11 00:00:00","2012-12-01 00:00:00","2012-12-11 00:00:00","3.0000","36.7500","36.7500","2012-12-10 23:00:00"
"25896","828","6","50","2012-11-30 00:00:00","2012-12-11 00:00:00","2012-12-01 00:00:00","2012-12-11 00:00:00","3.0000","36.7500","36.7500","2012-12-10 23:00:00"
"25901","894","6","50","2012-11-30 00:00:00","2012-12-11 00:00:00","2012-12-01 00:00:00","2012-12-11 00:00:00","3.0000","36.7500","36.7500","2012-12-10 23:00:00"
"25902","945","1","10","2012-11-30 00:00:00","2012-12-11 00:00:00","2012-12-01 00:00:00","2012-12-11 00:00:00","4.1000","92.2500","92.2500","2012-12-10 23:00:00"
"25902","945","6","50","2012-11-30 00:00:00","2012-12-11 00:00:00","2012-12-01 00:00:00","2012-12-11 00:00:00","3.0000","36.7500","36.7500","2012-12-10 23:00:00"
"25903","950","6","50","2012-11-30 00:00:00","2012-12-11 00:00:00","2012-12-01 00:00:00","2012-12-11 00:00:00","3.0000","36.7500","36.7500","2012-12-10 23:00:00"
"25904","994","6","50","2012-11-30 00:00:00","2012-12-11 00:00:00","2012-12-01 00:00:00","2012-12-11 00:00:00","3.0000","36.7500","36.7500","2012-12-10 23:00:00"
"25905","995","6","50","2012-11-30 00:00:00","2012-12-11 00:00:00","2012-12-01 00:00:00","2012-12-11 00:00:00","3.0000","36.7500","36.7500","2012-12-10 23:00:00"
"25906","996","6","50","2012-11-30 00:00:00","2012-12-11 00:00:00","2012-12-01 00:00:00","2012-12-11 00:00:00","3.0000","36.7500","36.7500","2012-12-10 23:00:00"
"25920","802","1","10","2012-11-30 00:00:00","2012-12-11 00:00:00","2012-12-01 00:00:00","2012-12-11 00:00:00","4.1000","92.2500","92.2500","2012-12-10 23:00:00"
"25920","802","6","50","2012-11-30 00:00:00","2012-12-11 00:00:00","2012-12-01 00:00:00","2012-12-11 00:00:00","3.0000","36.7500","36.7500","2012-12-10 23:00:00"
"25921","803","1","10","2012-11-30 00:00:00","2012-12-11 00:00:00","2012-12-01 00:00:00","2012-12-11 00:00:00","4.1000","92.2500","92.2500","2012-12-10 23:00:00"
"25921","803","6","50","2012-11-30 00:00:00","2012-12-11 00:00:00","2012-12-01 00:00:00","2012-12-11 00:00:00","3.0000","36.7500","36.7500","2012-12-10 23:00:00"
"25922","804","1","10","2012-11-30 00:00:00","2012-12-11 00:00:00","2012-12-01 00:00:00","2012-12-11 00:00:00","4.1000","92.2500","92.2500","2012-12-10 23:00:00"
"25922","804","6","50","2012-11-30 00:00:00","2012-12-11 00:00:00","2012-12-01 00:00:00","2012-12-11 00:00:00","3.0000","36.7500","36.7500","2012-12-10 23:00:00"
"25927","779","7","60","2012-12-01 00:00:00","2012-12-12 00:00:00","2012-12-01 00:00:00","2012-12-15 00:00:00","4.0000","49.0000","49.0000","2012-12-14 23:00:00"
"25928","781","7","60","2012-12-01 00:00:00","2012-12-12 00:00:00","2012-12-01 00:00:00","2012-12-15 00:00:00","4.0000","49.0000","49.0000","2012-12-14 23:00:00"
"25929","789","7","60","2012-12-01 00:00:00","2012-12-12 00:00:00","2012-12-01 00:00:00","2012-12-15 00:00:00","4.0000","49.0000","49.0000","2012-12-14 23:00:00"
"25930","790","7","60","2012-12-01 00:00:00","2012-12-12 00:00:00","2012-12-01 00:00:00","2012-12-15 00:00:00","4.0000","49.0000","49.0000","2012-12-14 23:00:00"
"25931","792","7","60","2012-12-01 00:00:00","2012-12-12 00:00:00","2012-12-01 00:00:00","2012-12-15 00:00:00","4.0000","49.0000","49.0000","2012-12-14 23:00:00"
"25932","795","7","60","2012-12-01 00:00:00","2012-12-12 00:00:00","2012-12-01 00:00:00","2012-12-15 00:00:00","4.0000","49.0000","49.0000","2012-12-14 23:00:00"
"25933","516","6","50","2012-12-01 00:00:00","2012-12-12 00:00:00","2012-12-01 00:00:00","2012-12-15 00:00:00","3.0000","36.7500","36.7500","2012-12-14 23:00:00"
"25933","516","7","60","2012-12-01 00:00:00","2012-12-12 00:00:00","2012-12-01 00:00:00","2012-12-15 00:00:00","4.0000","49.0000","49.0000","2012-12-14 23:00:00"
"25934","519","6","50","2012-12-01 00:00:00","2012-12-12 00:00:00","2012-12-01 00:00:00","2012-12-15 00:00:00","3.0000","36.7500","36.7500","2012-12-14 23:00:00"
"25934","519","7","60","2012-12-01 00:00:00","2012-12-12 00:00:00","2012-12-01 00:00:00","2012-12-15 00:00:00","4.0000","49.0000","49.0000","2012-12-14 23:00:00"
"25939","748","1","10","2012-12-01 00:00:00","2012-12-12 00:00:00","2012-12-01 00:00:00","2012-12-15 00:00:00","4.1000","92.2500","92.2500","2012-12-14 23:00:00"
"25939","748","2","20","2012-12-01 00:00:00","2012-12-12 00:00:00","2012-12-01 00:00:00","2012-12-15 00:00:00","3.5000","87.5000","87.5000","2012-12-14 23:00:00"
"25939","748","3","30","2012-12-01 00:00:00","2012-12-12 00:00:00","2012-12-01 00:00:00","2012-12-15 00:00:00","1.0000","14.5000","14.5000","2012-12-14 23:00:00"
"25939","748","5","45","2012-12-01 00:00:00","2012-12-12 00:00:00","2012-12-01 00:00:00","2012-12-15 00:00:00","2.0000","36.0000","36.0000","2012-12-14 23:00:00"
"25939","748","6","50","2012-12-01 00:00:00","2012-12-12 00:00:00","2012-12-01 00:00:00","2012-12-15 00:00:00","3.0000","36.7500","36.7500","2012-12-14 23:00:00"
"25939","748","7","60","2012-12-01 00:00:00","2012-12-12 00:00:00","2012-12-01 00:00:00","2012-12-15 00:00:00","4.0000","49.0000","49.0000","2012-12-14 23:00:00"
"25940","806","6","50","2012-12-01 00:00:00","2012-12-12 00:00:00","2012-12-01 00:00:00","2012-12-15 00:00:00","3.0000","36.7500","36.7500","2012-12-14 23:00:00"
"25941","810","1","10","2012-12-01 00:00:00","2012-12-12 00:00:00","2012-12-01 00:00:00","2012-12-15 00:00:00","4.1000","92.2500","92.2500","2012-12-14 23:00:00"
"25941","810","2","20","2012-12-01 00:00:00","2012-12-12 00:00:00","2012-12-01 00:00:00","2012-12-15 00:00:00","3.5000","87.5000","87.5000","2012-12-14 23:00:00"
"25941","810","6","50","2012-12-01 00:00:00","2012-12-12 00:00:00","2012-12-01 00:00:00","2012-12-15 00:00:00","3.0000","36.7500","36.7500","2012-12-14 23:00:00"
"25942","813","1","10","2012-12-01 00:00:00","2012-12-12 00:00:00","2012-12-01 00:00:00","2012-12-15 00:00:00","4.1000","92.2500","92.2500","2012-12-14 23:00:00"
"25942","813","2","20","2012-12-01 00:00:00","2012-12-12 00:00:00","2012-12-01 00:00:00","2012-12-15 00:00:00","3.5000","87.5000","87.5000","2012-12-14 23:00:00"
"25942","813","6","50","2012-12-01 00:00:00","2012-12-12 00:00:00","2012-12-01 00:00:00","2012-12-15 00:00:00","3.0000","36.7500","36.7500","2012-12-14 23:00:00"
"25943","816","6","50","2012-12-01 00:00:00","2012-12-12 00:00:00","2012-12-01 00:00:00","2012-12-15 00:00:00","3.0000","36.7500","36.7500","2012-12-14 23:00:00"
"25944","820","6","50","2012-12-01 00:00:00","2012-12-12 00:00:00","2012-12-01 00:00:00","2012-12-15 00:00:00","3.0000","36.7500","36.7500","2012-12-14 23:00:00"
"25945","824","6","50","2012-12-01 00:00:00","2012-12-12 00:00:00","2012-12-01 00:00:00","2012-12-15 00:00:00","3.0000","36.7500","36.7500","2012-12-14 23:00:00"
"25946","828","6","50","2012-12-01 00:00:00","2012-12-12 00:00:00","2012-12-01 00:00:00","2012-12-15 00:00:00","3.0000","36.7500","36.7500","2012-12-14 23:00:00"
"25948","894","6","50","2012-12-01 00:00:00","2012-12-12 00:00:00","2012-12-01 00:00:00","2012-12-15 00:00:00","3.0000","36.7500","36.7500","2012-12-14 23:00:00"
"25949","945","1","10","2012-12-01 00:00:00","2012-12-12 00:00:00","2012-12-01 00:00:00","2012-12-15 00:00:00","4.1000","92.2500","92.2500","2012-12-14 23:00:00"
"25949","945","6","50","2012-12-01 00:00:00","2012-12-12 00:00:00","2012-12-01 00:00:00","2012-12-15 00:00:00","3.0000","36.7500","36.7500","2012-12-14 23:00:00"
"25950","950","6","50","2012-12-01 00:00:00","2012-12-12 00:00:00","2012-12-01 00:00:00","2012-12-15 00:00:00","3.0000","36.7500","36.7500","2012-12-14 23:00:00"
"25951","995","6","50","2012-12-01 00:00:00","2012-12-12 00:00:00","2012-12-01 00:00:00","2012-12-15 00:00:00","3.0000","36.7500","36.7500","2012-12-14 23:00:00"
"25952","996","6","50","2012-12-01 00:00:00","2012-12-12 00:00:00","2012-12-01 00:00:00","2012-12-15 00:00:00","3.0000","36.7500","36.7500","2012-12-14 23:00:00"
"25965","804","1","10","2012-12-01 00:00:00","2012-12-12 00:00:00","2012-12-01 00:00:00","2012-12-15 00:00:00","4.1000","92.2500","92.2500","2012-12-14 23:00:00"
"25965","804","6","50","2012-12-01 00:00:00","2012-12-12 00:00:00","2012-12-01 00:00:00","2012-12-15 00:00:00","3.0000","36.7500","36.7500","2012-12-14 23:00:00"
"25970","761","7","60","2012-12-02 00:00:00","2012-12-13 00:00:00","2012-12-05 00:00:00","2012-12-13 00:00:00","4.0000","49.0000","49.0000","2012-12-12 23:00:00"
"25971","769","7","60","2012-12-02 00:00:00","2012-12-13 00:00:00","2012-12-05 00:00:00","2012-12-13 00:00:00","4.0000","49.0000","49.0000","2012-12-12 23:00:00"
"25972","780","7","60","2012-12-02 00:00:00","2012-12-13 00:00:00","2012-12-05 00:00:00","2012-12-13 00:00:00","4.0000","49.0000","49.0000","2012-12-12 23:00:00"
"25973","783","7","60","2012-12-02 00:00:00","2012-12-13 00:00:00","2012-12-05 00:00:00","2012-12-13 00:00:00","4.0000","49.0000","49.0000","2012-12-12 23:00:00"
"25974","790","7","60","2012-12-02 00:00:00","2012-12-13 00:00:00","2012-12-05 00:00:00","2012-12-13 00:00:00","4.0000","49.0000","49.0000","2012-12-12 23:00:00"
"25975","795","7","60","2012-12-02 00:00:00","2012-12-13 00:00:00","2012-12-05 00:00:00","2012-12-13 00:00:00","4.0000","49.0000","49.0000","2012-12-12 23:00:00"
"25976","798","7","60","2012-12-02 00:00:00","2012-12-13 00:00:00","2012-12-05 00:00:00","2012-12-13 00:00:00","4.0000","49.0000","49.0000","2012-12-12 23:00:00"
"25977","516","6","50","2012-12-02 00:00:00","2012-12-13 00:00:00","2012-12-05 00:00:00","2012-12-13 00:00:00","3.0000","36.7500","36.7500","2012-12-12 23:00:00"
"25977","516","7","60","2012-12-02 00:00:00","2012-12-13 00:00:00","2012-12-05 00:00:00","2012-12-13 00:00:00","4.0000","49.0000","49.0000","2012-12-12 23:00:00"
"25978","517","6","50","2012-12-02 00:00:00","2012-12-13 00:00:00","2012-12-05 00:00:00","2012-12-13 00:00:00","3.0000","36.7500","36.7500","2012-12-12 23:00:00"
"25978","517","7","60","2012-12-02 00:00:00","2012-12-13 00:00:00","2012-12-05 00:00:00","2012-12-13 00:00:00","4.0000","49.0000","49.0000","2012-12-12 23:00:00"
"25979","518","6","50","2012-12-02 00:00:00","2012-12-13 00:00:00","2012-12-05 00:00:00","2012-12-13 00:00:00","3.0000","36.7500","36.7500","2012-12-12 23:00:00"
"25979","518","7","60","2012-12-02 00:00:00","2012-12-13 00:00:00","2012-12-05 00:00:00","2012-12-13 00:00:00","4.0000","49.0000","49.0000","2012-12-12 23:00:00"
"25980","519","6","50","2012-12-02 00:00:00","2012-12-13 00:00:00","2012-12-05 00:00:00","2012-12-13 00:00:00","3.0000","36.7500","36.7500","2012-12-12 23:00:00"
"25980","519","7","60","2012-12-02 00:00:00","2012-12-13 00:00:00","2012-12-05 00:00:00","2012-12-13 00:00:00","4.0000","49.0000","49.0000","2012-12-12 23:00:00"
"25986","806","6","50","2012-12-02 00:00:00","2012-12-13 00:00:00","2012-12-05 00:00:00","2012-12-13 00:00:00","3.0000","36.7500","36.7500","2012-12-12 23:00:00"
"25987","810","1","10","2012-12-02 00:00:00","2012-12-13 00:00:00","2012-12-05 00:00:00","2012-12-13 00:00:00","4.1000","92.2500","92.2500","2012-12-12 23:00:00"
"25987","810","2","20","2012-12-02 00:00:00","2012-12-13 00:00:00","2012-12-05 00:00:00","2012-12-13 00:00:00","3.5000","87.5000","87.5000","2012-12-12 23:00:00"
"25987","810","6","50","2012-12-02 00:00:00","2012-12-13 00:00:00","2012-12-05 00:00:00","2012-12-13 00:00:00","3.0000","36.7500","36.7500","2012-12-12 23:00:00"
"25988","811","1","10","2012-12-02 00:00:00","2012-12-13 00:00:00","2012-12-05 00:00:00","2012-12-13 00:00:00","4.1000","92.2500","92.2500","2012-12-12 23:00:00"
"25988","811","2","20","2012-12-02 00:00:00","2012-12-13 00:00:00","2012-12-05 00:00:00","2012-12-13 00:00:00","3.5000","87.5000","87.5000","2012-12-12 23:00:00"
"25988","811","6","50","2012-12-02 00:00:00","2012-12-13 00:00:00","2012-12-05 00:00:00","2012-12-13 00:00:00","3.0000","36.7500","36.7500","2012-12-12 23:00:00"
"25989","812","1","10","2012-12-02 00:00:00","2012-12-13 00:00:00","2012-12-05 00:00:00","2012-12-13 00:00:00","4.1000","92.2500","92.2500","2012-12-12 23:00:00"
"25989","812","2","20","2012-12-02 00:00:00","2012-12-13 00:00:00","2012-12-05 00:00:00","2012-12-13 00:00:00","3.5000","87.5000","87.5000","2012-12-12 23:00:00"
"25989","812","6","50","2012-12-02 00:00:00","2012-12-13 00:00:00","2012-12-05 00:00:00","2012-12-13 00:00:00","3.0000","36.7500","36.7500","2012-12-12 23:00:00"
"25990","813","1","10","2012-12-02 00:00:00","2012-12-13 00:00:00","2012-12-05 00:00:00","2012-12-13 00:00:00","4.1000","92.2500","92.2500","2012-12-12 23:00:00"
"25990","813","2","20","2012-12-02 00:00:00","2012-12-13 00:00:00","2012-12-05 00:00:00","2012-12-13 00:00:00","3.5000","87.5000","87.5000","2012-12-12 23:00:00"
"25990","813","6","50","2012-12-02 00:00:00","2012-12-13 00:00:00","2012-12-05 00:00:00","2012-12-13 00:00:00","3.0000","36.7500","36.7500","2012-12-12 23:00:00"
"25991","816","6","50","2012-12-02 00:00:00","2012-12-13 00:00:00","2012-12-05 00:00:00","2012-12-13 00:00:00","3.0000","36.7500","36.7500","2012-12-12 23:00:00"
"25992","818","6","50","2012-12-02 00:00:00","2012-12-13 00:00:00","2012-12-05 00:00:00","2012-12-13 00:00:00","3.0000","36.7500","36.7500","2012-12-12 23:00:00"
"25993","819","6","50","2012-12-02 00:00:00","2012-12-13 00:00:00","2012-12-05 00:00:00","2012-12-13 00:00:00","3.0000","36.7500","36.7500","2012-12-12 23:00:00"
"25994","820","6","50","2012-12-02 00:00:00","2012-12-13 00:00:00","2012-12-05 00:00:00","2012-12-13 00:00:00","3.0000","36.7500","36.7500","2012-12-12 23:00:00"
"25995","824","6","50","2012-12-02 00:00:00","2012-12-13 00:00:00","2012-12-05 00:00:00","2012-12-13 00:00:00","3.0000","36.7500","36.7500","2012-12-12 23:00:00"
"25996","826","6","50","2012-12-02 00:00:00","2012-12-13 00:00:00","2012-12-05 00:00:00","2012-12-13 00:00:00","3.0000","36.7500","36.7500","2012-12-12 23:00:00"
"25997","827","6","50","2012-12-02 00:00:00","2012-12-13 00:00:00","2012-12-05 00:00:00","2012-12-13 00:00:00","3.0000","36.7500","36.7500","2012-12-12 23:00:00"
"25998","828","6","50","2012-12-02 00:00:00","2012-12-13 00:00:00","2012-12-05 00:00:00","2012-12-13 00:00:00","3.0000","36.7500","36.7500","2012-12-12 23:00:00"
"26001","894","6","50","2012-12-02 00:00:00","2012-12-13 00:00:00","2012-12-05 00:00:00","2012-12-13 00:00:00","3.0000","36.7500","36.7500","2012-12-12 23:00:00"
"26002","945","1","10","2012-12-02 00:00:00","2012-12-13 00:00:00","2012-12-05 00:00:00","2012-12-13 00:00:00","4.1000","92.2500","92.2500","2012-12-12 23:00:00"
"26002","945","6","50","2012-12-02 00:00:00","2012-12-13 00:00:00","2012-12-05 00:00:00","2012-12-13 00:00:00","3.0000","36.7500","36.7500","2012-12-12 23:00:00"
"26003","950","6","50","2012-12-02 00:00:00","2012-12-13 00:00:00","2012-12-05 00:00:00","2012-12-13 00:00:00","3.0000","36.7500","36.7500","2012-12-12 23:00:00"
"26004","994","6","50","2012-12-02 00:00:00","2012-12-13 00:00:00","2012-12-05 00:00:00","2012-12-13 00:00:00","3.0000","36.7500","36.7500","2012-12-12 23:00:00"
"26005","995","6","50","2012-12-02 00:00:00","2012-12-13 00:00:00","2012-12-05 00:00:00","2012-12-13 00:00:00","3.0000","36.7500","36.7500","2012-12-12 23:00:00"
"26006","996","6","50","2012-12-02 00:00:00","2012-12-13 00:00:00","2012-12-05 00:00:00","2012-12-13 00:00:00","3.0000","36.7500","36.7500","2012-12-12 23:00:00"
"26020","802","1","10","2012-12-02 00:00:00","2012-12-13 00:00:00","2012-12-05 00:00:00","2012-12-13 00:00:00","4.1000","92.2500","92.2500","2012-12-12 23:00:00"
"26020","802","6","50","2012-12-02 00:00:00","2012-12-13 00:00:00","2012-12-05 00:00:00","2012-12-13 00:00:00","3.0000","36.7500","36.7500","2012-12-12 23:00:00"
"26021","803","1","10","2012-12-02 00:00:00","2012-12-13 00:00:00","2012-12-05 00:00:00","2012-12-13 00:00:00","4.1000","92.2500","92.2500","2012-12-12 23:00:00"
"26021","803","6","50","2012-12-02 00:00:00","2012-12-13 00:00:00","2012-12-05 00:00:00","2012-12-13 00:00:00","3.0000","36.7500","36.7500","2012-12-12 23:00:00"
"26022","804","1","10","2012-12-02 00:00:00","2012-12-13 00:00:00","2012-12-05 00:00:00","2012-12-13 00:00:00","4.1000","92.2500","92.2500","2012-12-12 23:00:00"
"26022","804","6","50","2012-12-02 00:00:00","2012-12-13 00:00:00","2012-12-05 00:00:00","2012-12-13 00:00:00","3.0000","36.7500","36.7500","2012-12-12 23:00:00"
"26035","747","1","10","2012-12-03 00:00:00","2012-12-14 00:00:00","2012-12-03 00:00:00","2012-12-19 00:00:00","4.1000","92.2500","92.2500","2012-12-18 23:00:00"
"26035","747","2","20","2012-12-03 00:00:00","2012-12-14 00:00:00","2012-12-03 00:00:00","2012-12-19 00:00:00","3.5000","87.5000","87.5000","2012-12-18 23:00:00"
"26035","747","3","30","2012-12-03 00:00:00","2012-12-14 00:00:00","2012-12-03 00:00:00","2012-12-19 00:00:00","1.0000","14.5000","14.5000","2012-12-18 23:00:00"
"26035","747","4","40","2012-12-03 00:00:00","2012-12-14 00:00:00","2012-12-03 00:00:00","2012-12-19 00:00:00","2.0000","31.5000","31.5000","2012-12-18 23:00:00"
"26035","747","6","50","2012-12-03 00:00:00","2012-12-14 00:00:00","2012-12-03 00:00:00","2012-12-19 00:00:00","3.0000","36.7500","36.7500","2012-12-18 23:00:00"
"26035","747","7","60","2012-12-03 00:00:00","2012-12-14 00:00:00","2012-12-03 00:00:00","2012-12-19 00:00:00","4.0000","49.0000","49.0000","2012-12-18 23:00:00"
"26036","748","1","10","2012-12-03 00:00:00","2012-12-14 00:00:00","2012-12-03 00:00:00","2012-12-19 00:00:00","4.1000","92.2500","92.2500","2012-12-18 23:00:00"
"26036","748","2","20","2012-12-03 00:00:00","2012-12-14 00:00:00","2012-12-03 00:00:00","2012-12-19 00:00:00","3.5000","87.5000","87.5000","2012-12-18 23:00:00"
"26036","748","3","30","2012-12-03 00:00:00","2012-12-14 00:00:00","2012-12-03 00:00:00","2012-12-19 00:00:00","1.0000","14.5000","14.5000","2012-12-18 23:00:00"
"26036","748","5","45","2012-12-03 00:00:00","2012-12-14 00:00:00","2012-12-03 00:00:00","2012-12-19 00:00:00","2.0000","36.0000","36.0000","2012-12-18 23:00:00"
"26036","748","6","50","2012-12-03 00:00:00","2012-12-14 00:00:00","2012-12-03 00:00:00","2012-12-19 00:00:00","3.0000","36.7500","36.7500","2012-12-18 23:00:00"
"26036","748","7","60","2012-12-03 00:00:00","2012-12-14 00:00:00","2012-12-03 00:00:00","2012-12-19 00:00:00","4.0000","49.0000","49.0000","2012-12-18 23:00:00"
"26037","759","7","60","2012-12-03 00:00:00","2012-12-14 00:00:00","2012-12-03 00:00:00","2012-12-19 00:00:00","4.0000","49.0000","49.0000","2012-12-18 23:00:00"
"26038","760","7","60","2012-12-03 00:00:00","2012-12-14 00:00:00","2012-12-03 00:00:00","2012-12-19 00:00:00","4.0000","49.0000","49.0000","2012-12-18 23:00:00"
"26039","761","7","60","2012-12-03 00:00:00","2012-12-14 00:00:00","2012-12-03 00:00:00","2012-12-19 00:00:00","4.0000","49.0000","49.0000","2012-12-18 23:00:00"
"26040","762","7","60","2012-12-03 00:00:00","2012-12-14 00:00:00","2012-12-03 00:00:00","2012-12-19 00:00:00","4.0000","49.0000","49.0000","2012-12-18 23:00:00"
"26041","763","7","60","2012-12-03 00:00:00","2012-12-14 00:00:00","2012-12-03 00:00:00","2012-12-19 00:00:00","4.0000","49.0000","49.0000","2012-12-18 23:00:00"
"26042","764","7","60","2012-12-03 00:00:00","2012-12-14 00:00:00","2012-12-03 00:00:00","2012-12-19 00:00:00","4.0000","49.0000","49.0000","2012-12-18 23:00:00"
"26043","765","7","60","2012-12-03 00:00:00","2012-12-14 00:00:00","2012-12-03 00:00:00","2012-12-19 00:00:00","4.0000","49.0000","49.0000","2012-12-18 23:00:00"
"26044","766","7","60","2012-12-03 00:00:00","2012-12-14 00:00:00","2012-12-03 00:00:00","2012-12-19 00:00:00","4.0000","49.0000","49.0000","2012-12-18 23:00:00"
"26045","767","7","60","2012-12-03 00:00:00","2012-12-14 00:00:00","2012-12-03 00:00:00","2012-12-19 00:00:00","4.0000","49.0000","49.0000","2012-12-18 23:00:00"
"26046","768","7","60","2012-12-03 00:00:00","2012-12-14 00:00:00","2012-12-03 00:00:00","2012-12-19 00:00:00","4.0000","49.0000","49.0000","2012-12-18 23:00:00"
"26047","769","7","60","2012-12-03 00:00:00","2012-12-14 00:00:00","2012-12-03 00:00:00","2012-12-19 00:00:00","4.0000","49.0000","49.0000","2012-12-18 23:00:00"
"26048","770","7","60","2012-12-03 00:00:00","2012-12-14 00:00:00","2012-12-03 00:00:00","2012-12-19 00:00:00","4.0000","49.0000","49.0000","2012-12-18 23:00:00"
"26049","779","7","60","2012-12-03 00:00:00","2012-12-14 00:00:00","2012-12-03 00:00:00","2012-12-19 00:00:00","4.0000","49.0000","49.0000","2012-12-18 23:00:00"
"26050","780","7","60","2012-12-03 00:00:00","2012-12-14 00:00:00","2012-12-03 00:00:00","2012-12-19 00:00:00","4.0000","49.0000","49.0000","2012-12-18 23:00:00"
"26051","781","7","60","2012-12-03 00:00:00","2012-12-14 00:00:00","2012-12-03 00:00:00","2012-12-19 00:00:00","4.0000","49.0000","49.0000","2012-12-18 23:00:00"
"26052","782","7","60","2012-12-03 00:00:00","2012-12-14 00:00:00","2012-12-03 00:00:00","2012-12-19 00:00:00","4.0000","49.0000","49.0000","2012-12-18 23:00:00"
"26053","783","7","60","2012-12-03 00:00:00","2012-12-14 00:00:00","2012-12-03 00:00:00","2012-12-19 00:00:00","4.0000","49.0000","49.0000","2012-12-18 23:00:00"
"26054","784","7","60","2012-12-03 00:00:00","2012-12-14 00:00:00","2012-12-03 00:00:00","2012-12-19 00:00:00","4.0000","49.0000","49.0000","2012-12-18 23:00:00"
"26055","785","7","60","2012-12-03 00:00:00","2012-12-14 00:00:00","2012-12-03 00:00:00","2012-12-19 00:00:00","4.0000","49.0000","49.0000","2012-12-18 23:00:00"
"26056","786","7","60","2012-12-03 00:00:00","2012-12-14 00:00:00","2012-12-03 00:00:00","2012-12-19 00:00:00","4.0000","49.0000","49.0000","2012-12-18 23:00:00"
"26057","787","7","60","2012-12-03 00:00:00","2012-12-14 00:00:00","2012-12-03 00:00:00","2012-12-19 00:00:00","4.0000","49.0000","49.0000","2012-12-18 23:00:00"
"26058","788","7","60","2012-12-03 00:00:00","2012-12-14 00:00:00","2012-12-03 00:00:00","2012-12-19 00:00:00","4.0000","49.0000","49.0000","2012-12-18 23:00:00"
"26059","789","7","60","2012-12-03 00:00:00","2012-12-14 00:00:00","2012-12-03 00:00:00","2012-12-19 00:00:00","4.0000","49.0000","49.0000","2012-12-18 23:00:00"
"26060","790","7","60","2012-12-03 00:00:00","2012-12-14 00:00:00","2012-12-03 00:00:00","2012-12-19 00:00:00","4.0000","49.0000","49.0000","2012-12-18 23:00:00"
"26061","791","7","60","2012-12-03 00:00:00","2012-12-14 00:00:00","2012-12-03 00:00:00","2012-12-19 00:00:00","4.0000","49.0000","49.0000","2012-12-18 23:00:00"
"26062","792","7","60","2012-12-03 00:00:00","2012-12-14 00:00:00","2012-12-03 00:00:00","2012-12-19 00:00:00","4.0000","49.0000","49.0000","2012-12-18 23:00:00"
"26063","793","7","60","2012-12-03 00:00:00","2012-12-14 00:00:00","2012-12-03 00:00:00","2012-12-19 00:00:00","4.0000","49.0000","49.0000","2012-12-18 23:00:00"
"26064","794","7","60","2012-12-03 00:00:00","2012-12-14 00:00:00","2012-12-03 00:00:00","2012-12-19 00:00:00","4.0000","49.0000","49.0000","2012-12-18 23:00:00"
"26065","795","7","60","2012-12-03 00:00:00","2012-12-14 00:00:00","2012-12-03 00:00:00","2012-12-19 00:00:00","4.0000","49.0000","49.0000","2012-12-18 23:00:00"
"26066","796","7","60","2012-12-03 00:00:00","2012-12-14 00:00:00","2012-12-03 00:00:00","2012-12-19 00:00:00","4.0000","49.0000","49.0000","2012-12-18 23:00:00"
"26067","797","7","60","2012-12-03 00:00:00","2012-12-14 00:00:00","2012-12-03 00:00:00","2012-12-19 00:00:00","4.0000","49.0000","49.0000","2012-12-18 23:00:00"
"26068","798","7","60","2012-12-03 00:00:00","2012-12-14 00:00:00","2012-12-03 00:00:00","2012-12-19 00:00:00","4.0000","49.0000","49.0000","2012-12-18 23:00:00"
"26069","799","7","60","2012-12-03 00:00:00","2012-12-14 00:00:00","2012-12-03 00:00:00","2012-12-19 00:00:00","4.0000","49.0000","49.0000","2012-12-18 23:00:00"
"26070","800","7","60","2012-12-03 00:00:00","2012-12-14 00:00:00","2012-12-03 00:00:00","2012-12-19 00:00:00","4.0000","49.0000","49.0000","2012-12-18 23:00:00"
"26071","801","7","60","2012-12-03 00:00:00","2012-12-14 00:00:00","2012-12-03 00:00:00","2012-12-19 00:00:00","4.0000","49.0000","49.0000","2012-12-18 23:00:00"
"26072","804","1","10","2012-12-03 00:00:00","2012-12-14 00:00:00","2012-12-03 00:00:00","2012-12-19 00:00:00","4.1000","92.2500","92.2500","2012-12-18 23:00:00"
"26072","804","6","50","2012-12-03 00:00:00","2012-12-14 00:00:00","2012-12-03 00:00:00","2012-12-19 00:00:00","3.0000","36.7500","36.7500","2012-12-18 23:00:00"
"26073","806","6","50","2012-12-03 00:00:00","2012-12-14 00:00:00","2012-12-03 00:00:00","2012-12-19 00:00:00","3.0000","36.7500","36.7500","2012-12-18 23:00:00"
"26074","807","6","50","2012-12-03 00:00:00","2012-12-14 00:00:00","2012-12-03 00:00:00","2012-12-19 00:00:00","3.0000","36.7500","36.7500","2012-12-18 23:00:00"
"26075","808","1","10","2012-12-03 00:00:00","2012-12-14 00:00:00","2012-12-03 00:00:00","2012-12-19 00:00:00","4.1000","92.2500","92.2500","2012-12-18 23:00:00"
"26075","808","2","20","2012-12-03 00:00:00","2012-12-14 00:00:00","2012-12-03 00:00:00","2012-12-19 00:00:00","3.5000","87.5000","87.5000","2012-12-18 23:00:00"
"26075","808","6","50","2012-12-03 00:00:00","2012-12-14 00:00:00","2012-12-03 00:00:00","2012-12-19 00:00:00","3.0000","36.7500","36.7500","2012-12-18 23:00:00"
"26076","809","1","10","2012-12-03 00:00:00","2012-12-14 00:00:00","2012-12-03 00:00:00","2012-12-19 00:00:00","4.1000","92.2500","92.2500","2012-12-18 23:00:00"
"26076","809","2","20","2012-12-03 00:00:00","2012-12-14 00:00:00","2012-12-03 00:00:00","2012-12-19 00:00:00","3.5000","87.5000","87.5000","2012-12-18 23:00:00"
"26076","809","6","50","2012-12-03 00:00:00","2012-12-14 00:00:00","2012-12-03 00:00:00","2012-12-19 00:00:00","3.0000","36.7500","36.7500","2012-12-18 23:00:00"
"26077","814","1","10","2012-12-03 00:00:00","2012-12-14 00:00:00","2012-12-03 00:00:00","2012-12-19 00:00:00","4.1000","92.2500","92.2500","2012-12-18 23:00:00"
"26077","814","2","20","2012-12-03 00:00:00","2012-12-14 00:00:00","2012-12-03 00:00:00","2012-12-19 00:00:00","3.5000","87.5000","87.5000","2012-12-18 23:00:00"
"26077","814","3","30","2012-12-03 00:00:00","2012-12-14 00:00:00","2012-12-03 00:00:00","2012-12-19 00:00:00","1.0000","14.5000","14.5000","2012-12-18 23:00:00"
"26077","814","4","40","2012-12-03 00:00:00","2012-12-14 00:00:00","2012-12-03 00:00:00","2012-12-19 00:00:00","2.0000","31.5000","31.5000","2012-12-18 23:00:00"
"26077","814","6","50","2012-12-03 00:00:00","2012-12-14 00:00:00","2012-12-03 00:00:00","2012-12-19 00:00:00","3.0000","36.7500","36.7500","2012-12-18 23:00:00"
"26077","814","7","60","2012-12-03 00:00:00","2012-12-14 00:00:00","2012-12-03 00:00:00","2012-12-19 00:00:00","4.0000","49.0000","49.0000","2012-12-18 23:00:00"
"26078","815","6","50","2012-12-03 00:00:00","2012-12-14 00:00:00","2012-12-03 00:00:00","2012-12-19 00:00:00","3.0000","36.7500","36.7500","2012-12-18 23:00:00"
"26079","820","6","50","2012-12-03 00:00:00","2012-12-14 00:00:00","2012-12-03 00:00:00","2012-12-19 00:00:00","3.0000","36.7500","36.7500","2012-12-18 23:00:00"
"26080","822","1","10","2012-12-03 00:00:00","2012-12-14 00:00:00","2012-12-03 00:00:00","2012-12-19 00:00:00","4.1000","92.2500","92.2500","2012-12-18 23:00:00"
"26080","822","2","20","2012-12-03 00:00:00","2012-12-14 00:00:00","2012-12-03 00:00:00","2012-12-19 00:00:00","3.5000","87.5000","87.5000","2012-12-18 23:00:00"
"26080","822","3","30","2012-12-03 00:00:00","2012-12-14 00:00:00","2012-12-03 00:00:00","2012-12-19 00:00:00","1.0000","14.5000","14.5000","2012-12-18 23:00:00"
"26080","822","4","40","2012-12-03 00:00:00","2012-12-14 00:00:00","2012-12-03 00:00:00","2012-12-19 00:00:00","2.0000","31.5000","31.5000","2012-12-18 23:00:00"
"26080","822","6","50","2012-12-03 00:00:00","2012-12-14 00:00:00","2012-12-03 00:00:00","2012-12-19 00:00:00","3.0000","36.7500","36.7500","2012-12-18 23:00:00"
"26080","822","7","60","2012-12-03 00:00:00","2012-12-14 00:00:00","2012-12-03 00:00:00","2012-12-19 00:00:00","4.0000","49.0000","49.0000","2012-12-18 23:00:00"
"26081","824","6","50","2012-12-03 00:00:00","2012-12-14 00:00:00","2012-12-03 00:00:00","2012-12-19 00:00:00","3.0000","36.7500","36.7500","2012-12-18 23:00:00"
"26082","825","6","50","2012-12-03 00:00:00","2012-12-14 00:00:00","2012-12-03 00:00:00","2012-12-19 00:00:00","3.0000","36.7500","36.7500","2012-12-18 23:00:00"
"26083","826","6","50","2012-12-03 00:00:00","2012-12-14 00:00:00","2012-12-03 00:00:00","2012-12-19 00:00:00","3.0000","36.7500","36.7500","2012-12-18 23:00:00"
"26088","515","6","50","2012-12-03 00:00:00","2012-12-14 00:00:00","2012-12-03 00:00:00","2012-12-19 00:00:00","3.0000","36.7500","36.7500","2012-12-18 23:00:00"
"26088","515","7","60","2012-12-03 00:00:00","2012-12-14 00:00:00","2012-12-03 00:00:00","2012-12-19 00:00:00","4.0000","49.0000","49.0000","2012-12-18 23:00:00"
"26089","516","6","50","2012-12-03 00:00:00","2012-12-14 00:00:00","2012-12-03 00:00:00","2012-12-19 00:00:00","3.0000","36.7500","36.7500","2012-12-18 23:00:00"
"26089","516","7","60","2012-12-03 00:00:00","2012-12-14 00:00:00","2012-12-03 00:00:00","2012-12-19 00:00:00","4.0000","49.0000","49.0000","2012-12-18 23:00:00"
"26090","517","6","50","2012-12-03 00:00:00","2012-12-14 00:00:00","2012-12-03 00:00:00","2012-12-19 00:00:00","3.0000","36.7500","36.7500","2012-12-18 23:00:00"
"26090","517","7","60","2012-12-03 00:00:00","2012-12-14 00:00:00","2012-12-03 00:00:00","2012-12-19 00:00:00","4.0000","49.0000","49.0000","2012-12-18 23:00:00"
"26091","518","6","50","2012-12-03 00:00:00","2012-12-14 00:00:00","2012-12-03 00:00:00","2012-12-19 00:00:00","3.0000","36.7500","36.7500","2012-12-18 23:00:00"
"26091","518","7","60","2012-12-03 00:00:00","2012-12-14 00:00:00","2012-12-03 00:00:00","2012-12-19 00:00:00","4.0000","49.0000","49.0000","2012-12-18 23:00:00"
"26092","519","6","50","2012-12-03 00:00:00","2012-12-14 00:00:00","2012-12-03 00:00:00","2012-12-19 00:00:00","3.0000","36.7500","36.7500","2012-12-18 23:00:00"
"26092","519","7","60","2012-12-03 00:00:00","2012-12-14 00:00:00","2012-12-03 00:00:00","2012-12-19 00:00:00","4.0000","49.0000","49.0000","2012-12-18 23:00:00"
"26114","747","1","10","2012-12-03 00:00:00","2012-12-14 00:00:00","2012-12-03 00:00:00","2012-12-19 00:00:00","4.1000","92.2500","92.2500","2012-12-18 23:00:00"
"26114","747","2","20","2012-12-03 00:00:00","2012-12-14 00:00:00","2012-12-03 00:00:00","2012-12-19 00:00:00","3.5000","87.5000","87.5000","2012-12-18 23:00:00"
"26114","747","3","30","2012-12-03 00:00:00","2012-12-14 00:00:00","2012-12-03 00:00:00","2012-12-19 00:00:00","1.0000","14.5000","14.5000","2012-12-18 23:00:00"
"26114","747","4","40","2012-12-03 00:00:00","2012-12-14 00:00:00","2012-12-03 00:00:00","2012-12-19 00:00:00","2.0000","31.5000","31.5000","2012-12-18 23:00:00"
"26114","747","6","50","2012-12-03 00:00:00","2012-12-14 00:00:00","2012-12-03 00:00:00","2012-12-19 00:00:00","3.0000","36.7500","36.7500","2012-12-18 23:00:00"
"26114","747","7","60","2012-12-03 00:00:00","2012-12-14 00:00:00","2012-12-03 00:00:00","2012-12-19 00:00:00","4.0000","49.0000","49.0000","2012-12-18 23:00:00"
"26115","748","1","10","2012-12-03 00:00:00","2012-12-14 00:00:00","2012-12-03 00:00:00","2012-12-19 00:00:00","4.1000","92.2500","92.2500","2012-12-18 23:00:00"
"26115","748","2","20","2012-12-03 00:00:00","2012-12-14 00:00:00","2012-12-03 00:00:00","2012-12-19 00:00:00","3.5000","87.5000","87.5000","2012-12-18 23:00:00"
"26115","748","3","30","2012-12-03 00:00:00","2012-12-14 00:00:00","2012-12-03 00:00:00","2012-12-19 00:00:00","1.0000","14.5000","14.5000","2012-12-18 23:00:00"
"26115","748","5","45","2012-12-03 00:00:00","2012-12-14 00:00:00","2012-12-03 00:00:00","2012-12-19 00:00:00","2.0000","36.0000","36.0000","2012-12-18 23:00:00"
"26115","748","6","50","2012-12-03 00:00:00","2012-12-14 00:00:00","2012-12-03 00:00:00","2012-12-19 00:00:00","3.0000","36.7500","36.7500","2012-12-18 23:00:00"
"26115","748","7","60","2012-12-03 00:00:00","2012-12-14 00:00:00","2012-12-03 00:00:00","2012-12-19 00:00:00","4.0000","49.0000","49.0000","2012-12-18 23:00:00"
"26116","806","6","50","2012-12-03 00:00:00","2012-12-14 00:00:00","2012-12-03 00:00:00","2012-12-19 00:00:00","3.0000","36.7500","36.7500","2012-12-18 23:00:00"
"26117","809","1","10","2012-12-03 00:00:00","2012-12-14 00:00:00","2012-12-03 00:00:00","2012-12-19 00:00:00","4.1000","92.2500","92.2500","2012-12-18 23:00:00"
"26117","809","2","20","2012-12-03 00:00:00","2012-12-14 00:00:00","2012-12-03 00:00:00","2012-12-19 00:00:00","3.5000","87.5000","87.5000","2012-12-18 23:00:00"
"26117","809","6","50","2012-12-03 00:00:00","2012-12-14 00:00:00","2012-12-03 00:00:00","2012-12-19 00:00:00","3.0000","36.7500","36.7500","2012-12-18 23:00:00"
"26118","810","1","10","2012-12-03 00:00:00","2012-12-14 00:00:00","2012-12-03 00:00:00","2012-12-19 00:00:00","4.1000","92.2500","92.2500","2012-12-18 23:00:00"
"26118","810","2","20","2012-12-03 00:00:00","2012-12-14 00:00:00","2012-12-03 00:00:00","2012-12-19 00:00:00","3.5000","87.5000","87.5000","2012-12-18 23:00:00"
"26118","810","6","50","2012-12-03 00:00:00","2012-12-14 00:00:00","2012-12-03 00:00:00","2012-12-19 00:00:00","3.0000","36.7500","36.7500","2012-12-18 23:00:00"
"26119","811","1","10","2012-12-03 00:00:00","2012-12-14 00:00:00","2012-12-03 00:00:00","2012-12-19 00:00:00","4.1000","92.2500","92.2500","2012-12-18 23:00:00"
"26119","811","2","20","2012-12-03 00:00:00","2012-12-14 00:00:00","2012-12-03 00:00:00","2012-12-19 00:00:00","3.5000","87.5000","87.5000","2012-12-18 23:00:00"
"26119","811","6","50","2012-12-03 00:00:00","2012-12-14 00:00:00","2012-12-03 00:00:00","2012-12-19 00:00:00","3.0000","36.7500","36.7500","2012-12-18 23:00:00"
"26120","812","1","10","2012-12-03 00:00:00","2012-12-14 00:00:00","2012-12-03 00:00:00","2012-12-19 00:00:00","4.1000","92.2500","92.2500","2012-12-18 23:00:00"
"26120","812","2","20","2012-12-03 00:00:00","2012-12-14 00:00:00","2012-12-03 00:00:00","2012-12-19 00:00:00","3.5000","87.5000","87.5000","2012-12-18 23:00:00"
"26120","812","6","50","2012-12-03 00:00:00","2012-12-14 00:00:00","2012-12-03 00:00:00","2012-12-19 00:00:00","3.0000","36.7500","36.7500","2012-12-18 23:00:00"
"26121","813","1","10","2012-12-03 00:00:00","2012-12-14 00:00:00","2012-12-03 00:00:00","2012-12-19 00:00:00","4.1000","92.2500","92.2500","2012-12-18 23:00:00"
"26121","813","2","20","2012-12-03 00:00:00","2012-12-14 00:00:00","2012-12-03 00:00:00","2012-12-19 00:00:00","3.5000","87.5000","87.5000","2012-12-18 23:00:00"
"26121","813","6","50","2012-12-03 00:00:00","2012-12-14 00:00:00","2012-12-03 00:00:00","2012-12-19 00:00:00","3.0000","36.7500","36.7500","2012-12-18 23:00:00"
"26122","814","1","10","2012-12-03 00:00:00","2012-12-14 00:00:00","2012-12-03 00:00:00","2012-12-19 00:00:00","4.1000","92.2500","92.2500","2012-12-18 23:00:00"
"26122","814","2","20","2012-12-03 00:00:00","2012-12-14 00:00:00","2012-12-03 00:00:00","2012-12-19 00:00:00","3.5000","87.5000","87.5000","2012-12-18 23:00:00"
"26122","814","3","30","2012-12-03 00:00:00","2012-12-14 00:00:00","2012-12-03 00:00:00","2012-12-19 00:00:00","1.0000","14.5000","14.5000","2012-12-18 23:00:00"
"26122","814","4","40","2012-12-03 00:00:00","2012-12-14 00:00:00","2012-12-03 00:00:00","2012-12-19 00:00:00","2.0000","31.5000","31.5000","2012-12-18 23:00:00"
"26122","814","6","50","2012-12-03 00:00:00","2012-12-14 00:00:00","2012-12-03 00:00:00","2012-12-19 00:00:00","3.0000","36.7500","36.7500","2012-12-18 23:00:00"
"26122","814","7","60","2012-12-03 00:00:00","2012-12-14 00:00:00","2012-12-03 00:00:00","2012-12-19 00:00:00","4.0000","49.0000","49.0000","2012-12-18 23:00:00"
"26123","816","6","50","2012-12-03 00:00:00","2012-12-14 00:00:00","2012-12-03 00:00:00","2012-12-19 00:00:00","3.0000","36.7500","36.7500","2012-12-18 23:00:00"
"26124","818","6","50","2012-12-03 00:00:00","2012-12-14 00:00:00","2012-12-03 00:00:00","2012-12-19 00:00:00","3.0000","36.7500","36.7500","2012-12-18 23:00:00"
"26125","819","6","50","2012-12-03 00:00:00","2012-12-14 00:00:00","2012-12-03 00:00:00","2012-12-19 00:00:00","3.0000","36.7500","36.7500","2012-12-18 23:00:00"
"26126","820","6","50","2012-12-03 00:00:00","2012-12-14 00:00:00","2012-12-03 00:00:00","2012-12-19 00:00:00","3.0000","36.7500","36.7500","2012-12-18 23:00:00"
"26127","822","1","10","2012-12-03 00:00:00","2012-12-14 00:00:00","2012-12-03 00:00:00","2012-12-19 00:00:00","4.1000","92.2500","92.2500","2012-12-18 23:00:00"
"26127","822","2","20","2012-12-03 00:00:00","2012-12-14 00:00:00","2012-12-03 00:00:00","2012-12-19 00:00:00","3.5000","87.5000","87.5000","2012-12-18 23:00:00"
"26127","822","3","30","2012-12-03 00:00:00","2012-12-14 00:00:00","2012-12-03 00:00:00","2012-12-19 00:00:00","1.0000","14.5000","14.5000","2012-12-18 23:00:00"
"26127","822","4","40","2012-12-03 00:00:00","2012-12-14 00:00:00","2012-12-03 00:00:00","2012-12-19 00:00:00","2.0000","31.5000","31.5000","2012-12-18 23:00:00"
"26127","822","6","50","2012-12-03 00:00:00","2012-12-14 00:00:00","2012-12-03 00:00:00","2012-12-19 00:00:00","3.0000","36.7500","36.7500","2012-12-18 23:00:00"
"26127","822","7","60","2012-12-03 00:00:00","2012-12-14 00:00:00","2012-12-03 00:00:00","2012-12-19 00:00:00","4.0000","49.0000","49.0000","2012-12-18 23:00:00"
"26128","824","6","50","2012-12-03 00:00:00","2012-12-14 00:00:00","2012-12-03 00:00:00","2012-12-19 00:00:00","3.0000","36.7500","36.7500","2012-12-18 23:00:00"
"26129","826","6","50","2012-12-03 00:00:00","2012-12-14 00:00:00","2012-12-03 00:00:00","2012-12-19 00:00:00","3.0000","36.7500","36.7500","2012-12-18 23:00:00"
"26130","827","6","50","2012-12-03 00:00:00","2012-12-14 00:00:00","2012-12-03 00:00:00","2012-12-19 00:00:00","3.0000","36.7500","36.7500","2012-12-18 23:00:00"
"26131","828","6","50","2012-12-03 00:00:00","2012-12-14 00:00:00","2012-12-03 00:00:00","2012-12-19 00:00:00","3.0000","36.7500","36.7500","2012-12-18 23:00:00"
"26142","894","6","50","2012-12-03 00:00:00","2012-12-14 00:00:00","2012-12-03 00:00:00","2012-12-19 00:00:00","3.0000","36.7500","36.7500","2012-12-18 23:00:00"
"26143","945","1","10","2012-12-03 00:00:00","2012-12-14 00:00:00","2012-12-03 00:00:00","2012-12-19 00:00:00","4.1000","92.2500","92.2500","2012-12-18 23:00:00"
"26143","945","6","50","2012-12-03 00:00:00","2012-12-14 00:00:00","2012-12-03 00:00:00","2012-12-19 00:00:00","3.0000","36.7500","36.7500","2012-12-18 23:00:00"
"26144","950","6","50","2012-12-03 00:00:00","2012-12-14 00:00:00","2012-12-03 00:00:00","2012-12-19 00:00:00","3.0000","36.7500","36.7500","2012-12-18 23:00:00"
"26145","994","6","50","2012-12-03 00:00:00","2012-12-14 00:00:00","2012-12-03 00:00:00","2012-12-19 00:00:00","3.0000","36.7500","36.7500","2012-12-18 23:00:00"
"26146","995","6","50","2012-12-03 00:00:00","2012-12-14 00:00:00","2012-12-03 00:00:00","2012-12-19 00:00:00","3.0000","36.7500","36.7500","2012-12-18 23:00:00"
"26147","996","6","50","2012-12-03 00:00:00","2012-12-14 00:00:00","2012-12-03 00:00:00","2012-12-19 00:00:00","3.0000","36.7500","36.7500","2012-12-18 23:00:00"
"26161","802","1","10","2012-12-03 00:00:00","2012-12-14 00:00:00","2012-12-03 00:00:00","2012-12-19 00:00:00","4.1000","92.2500","92.2500","2012-12-18 23:00:00"
"26161","802","6","50","2012-12-03 00:00:00","2012-12-14 00:00:00","2012-12-03 00:00:00","2012-12-19 00:00:00","3.0000","36.7500","36.7500","2012-12-18 23:00:00"
"26162","803","1","10","2012-12-03 00:00:00","2012-12-14 00:00:00","2012-12-03 00:00:00","2012-12-19 00:00:00","4.1000","92.2500","92.2500","2012-12-18 23:00:00"
"26162","803","6","50","2012-12-03 00:00:00","2012-12-14 00:00:00","2012-12-03 00:00:00","2012-12-19 00:00:00","3.0000","36.7500","36.7500","2012-12-18 23:00:00"
"26163","804","1","10","2012-12-03 00:00:00","2012-12-14 00:00:00","2012-12-03 00:00:00","2012-12-19 00:00:00","4.1000","92.2500","92.2500","2012-12-18 23:00:00"
"26163","804","6","50","2012-12-03 00:00:00","2012-12-14 00:00:00","2012-12-03 00:00:00","2012-12-19 00:00:00","3.0000","36.7500","36.7500","2012-12-18 23:00:00"
"26168","761","7","60","2012-12-04 00:00:00","2012-12-15 00:00:00","2012-12-09 00:00:00","2012-12-15 00:00:00","4.0000","49.0000","49.0000","2012-12-14 23:00:00"
"26169","764","7","60","2012-12-04 00:00:00","2012-12-15 00:00:00","2012-12-09 00:00:00","2012-12-15 00:00:00","4.0000","49.0000","49.0000","2012-12-14 23:00:00"
"26170","766","7","60","2012-12-04 00:00:00","2012-12-15 00:00:00","2012-12-09 00:00:00","2012-12-15 00:00:00","4.0000","49.0000","49.0000","2012-12-14 23:00:00"
"26171","769","7","60","2012-12-04 00:00:00","2012-12-15 00:00:00","2012-12-09 00:00:00","2012-12-15 00:00:00","4.0000","49.0000","49.0000","2012-12-14 23:00:00"
"26172","781","7","60","2012-12-04 00:00:00","2012-12-15 00:00:00","2012-12-09 00:00:00","2012-12-15 00:00:00","4.0000","49.0000","49.0000","2012-12-14 23:00:00"
"26173","783","7","60","2012-12-04 00:00:00","2012-12-15 00:00:00","2012-12-09 00:00:00","2012-12-15 00:00:00","4.0000","49.0000","49.0000","2012-12-14 23:00:00"
"26174","784","7","60","2012-12-04 00:00:00","2012-12-15 00:00:00","2012-12-09 00:00:00","2012-12-15 00:00:00","4.0000","49.0000","49.0000","2012-12-14 23:00:00"
"26175","789","7","60","2012-12-04 00:00:00","2012-12-15 00:00:00","2012-12-09 00:00:00","2012-12-15 00:00:00","4.0000","49.0000","49.0000","2012-12-14 23:00:00"
"26176","790","7","60","2012-12-04 00:00:00","2012-12-15 00:00:00","2012-12-09 00:00:00","2012-12-15 00:00:00","4.0000","49.0000","49.0000","2012-12-14 23:00:00"
"26177","798","7","60","2012-12-04 00:00:00","2012-12-15 00:00:00","2012-12-09 00:00:00","2012-12-15 00:00:00","4.0000","49.0000","49.0000","2012-12-14 23:00:00"
"26178","516","6","50","2012-12-04 00:00:00","2012-12-15 00:00:00","2012-12-09 00:00:00","2012-12-15 00:00:00","3.0000","36.7500","36.7500","2012-12-14 23:00:00"
"26178","516","7","60","2012-12-04 00:00:00","2012-12-15 00:00:00","2012-12-09 00:00:00","2012-12-15 00:00:00","4.0000","49.0000","49.0000","2012-12-14 23:00:00"
"26179","517","6","50","2012-12-04 00:00:00","2012-12-15 00:00:00","2012-12-09 00:00:00","2012-12-15 00:00:00","3.0000","36.7500","36.7500","2012-12-14 23:00:00"
"26179","517","7","60","2012-12-04 00:00:00","2012-12-15 00:00:00","2012-12-09 00:00:00","2012-12-15 00:00:00","4.0000","49.0000","49.0000","2012-12-14 23:00:00"
"26180","518","6","50","2012-12-04 00:00:00","2012-12-15 00:00:00","2012-12-09 00:00:00","2012-12-15 00:00:00","3.0000","36.7500","36.7500","2012-12-14 23:00:00"
"26180","518","7","60","2012-12-04 00:00:00","2012-12-15 00:00:00","2012-12-09 00:00:00","2012-12-15 00:00:00","4.0000","49.0000","49.0000","2012-12-14 23:00:00"
"26181","519","6","50","2012-12-04 00:00:00","2012-12-15 00:00:00","2012-12-09 00:00:00","2012-12-15 00:00:00","3.0000","36.7500","36.7500","2012-12-14 23:00:00"
"26181","519","7","60","2012-12-04 00:00:00","2012-12-15 00:00:00","2012-12-09 00:00:00","2012-12-15 00:00:00","4.0000","49.0000","49.0000","2012-12-14 23:00:00"
"26191","806","6","50","2012-12-04 00:00:00","2012-12-15 00:00:00","2012-12-09 00:00:00","2012-12-15 00:00:00","3.0000","36.7500","36.7500","2012-12-14 23:00:00"
"26192","810","1","10","2012-12-04 00:00:00","2012-12-15 00:00:00","2012-12-09 00:00:00","2012-12-15 00:00:00","4.1000","92.2500","92.2500","2012-12-14 23:00:00"
"26192","810","2","20","2012-12-04 00:00:00","2012-12-15 00:00:00","2012-12-09 00:00:00","2012-12-15 00:00:00","3.5000","87.5000","87.5000","2012-12-14 23:00:00"
"26192","810","6","50","2012-12-04 00:00:00","2012-12-15 00:00:00","2012-12-09 00:00:00","2012-12-15 00:00:00","3.0000","36.7500","36.7500","2012-12-14 23:00:00"
"26193","811","1","10","2012-12-04 00:00:00","2012-12-15 00:00:00","2012-12-09 00:00:00","2012-12-15 00:00:00","4.1000","92.2500","92.2500","2012-12-14 23:00:00"
"26193","811","2","20","2012-12-04 00:00:00","2012-12-15 00:00:00","2012-12-09 00:00:00","2012-12-15 00:00:00","3.5000","87.5000","87.5000","2012-12-14 23:00:00"
"26193","811","6","50","2012-12-04 00:00:00","2012-12-15 00:00:00","2012-12-09 00:00:00","2012-12-15 00:00:00","3.0000","36.7500","36.7500","2012-12-14 23:00:00"
"26194","812","1","10","2012-12-04 00:00:00","2012-12-15 00:00:00","2012-12-09 00:00:00","2012-12-15 00:00:00","4.1000","92.2500","92.2500","2012-12-14 23:00:00"
"26194","812","2","20","2012-12-04 00:00:00","2012-12-15 00:00:00","2012-12-09 00:00:00","2012-12-15 00:00:00","3.5000","87.5000","87.5000","2012-12-14 23:00:00"
"26194","812","6","50","2012-12-04 00:00:00","2012-12-15 00:00:00","2012-12-09 00:00:00","2012-12-15 00:00:00","3.0000","36.7500","36.7500","2012-12-14 23:00:00"
"26195","813","1","10","2012-12-04 00:00:00","2012-12-15 00:00:00","2012-12-09 00:00:00","2012-12-15 00:00:00","4.1000","92.2500","92.2500","2012-12-14 23:00:00"
"26195","813","2","20","2012-12-04 00:00:00","2012-12-15 00:00:00","2012-12-09 00:00:00","2012-12-15 00:00:00","3.5000","87.5000","87.5000","2012-12-14 23:00:00"
"26195","813","6","50","2012-12-04 00:00:00","2012-12-15 00:00:00","2012-12-09 00:00:00","2012-12-15 00:00:00","3.0000","36.7500","36.7500","2012-12-14 23:00:00"
"26196","816","6","50","2012-12-04 00:00:00","2012-12-15 00:00:00","2012-12-09 00:00:00","2012-12-15 00:00:00","3.0000","36.7500","36.7500","2012-12-14 23:00:00"
"26197","818","6","50","2012-12-04 00:00:00","2012-12-15 00:00:00","2012-12-09 00:00:00","2012-12-15 00:00:00","3.0000","36.7500","36.7500","2012-12-14 23:00:00"
"26198","819","6","50","2012-12-04 00:00:00","2012-12-15 00:00:00","2012-12-09 00:00:00","2012-12-15 00:00:00","3.0000","36.7500","36.7500","2012-12-14 23:00:00"
"26199","820","6","50","2012-12-04 00:00:00","2012-12-15 00:00:00","2012-12-09 00:00:00","2012-12-15 00:00:00","3.0000","36.7500","36.7500","2012-12-14 23:00:00"
"26200","824","6","50","2012-12-04 00:00:00","2012-12-15 00:00:00","2012-12-09 00:00:00","2012-12-15 00:00:00","3.0000","36.7500","36.7500","2012-12-14 23:00:00"
"26201","826","6","50","2012-12-04 00:00:00","2012-12-15 00:00:00","2012-12-09 00:00:00","2012-12-15 00:00:00","3.0000","36.7500","36.7500","2012-12-14 23:00:00"
"26202","827","6","50","2012-12-04 00:00:00","2012-12-15 00:00:00","2012-12-09 00:00:00","2012-12-15 00:00:00","3.0000","36.7500","36.7500","2012-12-14 23:00:00"
"26203","828","6","50","2012-12-04 00:00:00","2012-12-15 00:00:00","2012-12-09 00:00:00","2012-12-15 00:00:00","3.0000","36.7500","36.7500","2012-12-14 23:00:00"
"26205","894","6","50","2012-12-04 00:00:00","2012-12-15 00:00:00","2012-12-09 00:00:00","2012-12-15 00:00:00","3.0000","36.7500","36.7500","2012-12-14 23:00:00"
"26206","945","1","10","2012-12-04 00:00:00","2012-12-15 00:00:00","2012-12-09 00:00:00","2012-12-15 00:00:00","4.1000","92.2500","92.2500","2012-12-14 23:00:00"
"26206","945","6","50","2012-12-04 00:00:00","2012-12-15 00:00:00","2012-12-09 00:00:00","2012-12-15 00:00:00","3.0000","36.7500","36.7500","2012-12-14 23:00:00"
"26207","950","6","50","2012-12-04 00:00:00","2012-12-15 00:00:00","2012-12-09 00:00:00","2012-12-15 00:00:00","3.0000","36.7500","36.7500","2012-12-14 23:00:00"
"26208","994","6","50","2012-12-04 00:00:00","2012-12-15 00:00:00","2012-12-09 00:00:00","2012-12-15 00:00:00","3.0000","36.7500","36.7500","2012-12-14 23:00:00"
"26209","995","6","50","2012-12-04 00:00:00","2012-12-15 00:00:00","2012-12-09 00:00:00","2012-12-15 00:00:00","3.0000","36.7500","36.7500","2012-12-14 23:00:00"
"26210","996","6","50","2012-12-04 00:00:00","2012-12-15 00:00:00","2012-12-09 00:00:00","2012-12-15 00:00:00","3.0000","36.7500","36.7500","2012-12-14 23:00:00"
"26224","802","1","10","2012-12-04 00:00:00","2012-12-15 00:00:00","2012-12-09 00:00:00","2012-12-15 00:00:00","4.1000","92.2500","92.2500","2012-12-14 23:00:00"
"26224","802","6","50","2012-12-04 00:00:00","2012-12-15 00:00:00","2012-12-09 00:00:00","2012-12-15 00:00:00","3.0000","36.7500","36.7500","2012-12-14 23:00:00"
"26225","803","1","10","2012-12-04 00:00:00","2012-12-15 00:00:00","2012-12-09 00:00:00","2012-12-15 00:00:00","4.1000","92.2500","92.2500","2012-12-14 23:00:00"
"26225","803","6","50","2012-12-04 00:00:00","2012-12-15 00:00:00","2012-12-09 00:00:00","2012-12-15 00:00:00","3.0000","36.7500","36.7500","2012-12-14 23:00:00"
"26226","804","1","10","2012-12-04 00:00:00","2012-12-15 00:00:00","2012-12-09 00:00:00","2012-12-15 00:00:00","4.1000","92.2500","92.2500","2012-12-14 23:00:00"
"26226","804","6","50","2012-12-04 00:00:00","2012-12-15 00:00:00","2012-12-09 00:00:00","2012-12-15 00:00:00","3.0000","36.7500","36.7500","2012-12-14 23:00:00"
"26231","765","7","60","2012-12-05 00:00:00","2012-12-16 00:00:00","2012-12-05 00:00:00","2012-12-23 00:00:00","4.0000","49.0000","49.0000","2012-12-22 23:00:00"
"26232","779","7","60","2012-12-05 00:00:00","2012-12-16 00:00:00","2012-12-05 00:00:00","2012-12-23 00:00:00","4.0000","49.0000","49.0000","2012-12-22 23:00:00"
"26233","781","7","60","2012-12-05 00:00:00","2012-12-16 00:00:00","2012-12-05 00:00:00","2012-12-23 00:00:00","4.0000","49.0000","49.0000","2012-12-22 23:00:00"
"26234","782","7","60","2012-12-05 00:00:00","2012-12-16 00:00:00","2012-12-05 00:00:00","2012-12-23 00:00:00","4.0000","49.0000","49.0000","2012-12-22 23:00:00"
"26235","793","7","60","2012-12-05 00:00:00","2012-12-16 00:00:00","2012-12-05 00:00:00","2012-12-23 00:00:00","4.0000","49.0000","49.0000","2012-12-22 23:00:00"
"26236","795","7","60","2012-12-05 00:00:00","2012-12-16 00:00:00","2012-12-05 00:00:00","2012-12-23 00:00:00","4.0000","49.0000","49.0000","2012-12-22 23:00:00"
"26237","796","7","60","2012-12-05 00:00:00","2012-12-16 00:00:00","2012-12-05 00:00:00","2012-12-23 00:00:00","4.0000","49.0000","49.0000","2012-12-22 23:00:00"
"26238","516","6","50","2012-12-05 00:00:00","2012-12-16 00:00:00","2012-12-05 00:00:00","2012-12-23 00:00:00","3.0000","36.7500","36.7500","2012-12-22 23:00:00"
"26238","516","7","60","2012-12-05 00:00:00","2012-12-16 00:00:00","2012-12-05 00:00:00","2012-12-23 00:00:00","4.0000","49.0000","49.0000","2012-12-22 23:00:00"
"26239","517","6","50","2012-12-05 00:00:00","2012-12-16 00:00:00","2012-12-05 00:00:00","2012-12-23 00:00:00","3.0000","36.7500","36.7500","2012-12-22 23:00:00"
"26239","517","7","60","2012-12-05 00:00:00","2012-12-16 00:00:00","2012-12-05 00:00:00","2012-12-23 00:00:00","4.0000","49.0000","49.0000","2012-12-22 23:00:00"
"26240","519","6","50","2012-12-05 00:00:00","2012-12-16 00:00:00","2012-12-05 00:00:00","2012-12-23 00:00:00","3.0000","36.7500","36.7500","2012-12-22 23:00:00"
"26240","519","7","60","2012-12-05 00:00:00","2012-12-16 00:00:00","2012-12-05 00:00:00","2012-12-23 00:00:00","4.0000","49.0000","49.0000","2012-12-22 23:00:00"
"26244","747","1","10","2012-12-05 00:00:00","2012-12-16 00:00:00","2012-12-05 00:00:00","2012-12-23 00:00:00","4.1000","92.2500","92.2500","2012-12-22 23:00:00"
"26244","747","2","20","2012-12-05 00:00:00","2012-12-16 00:00:00","2012-12-05 00:00:00","2012-12-23 00:00:00","3.5000","87.5000","87.5000","2012-12-22 23:00:00"
"26244","747","3","30","2012-12-05 00:00:00","2012-12-16 00:00:00","2012-12-05 00:00:00","2012-12-23 00:00:00","1.0000","14.5000","14.5000","2012-12-22 23:00:00"
"26244","747","4","40","2012-12-05 00:00:00","2012-12-16 00:00:00","2012-12-05 00:00:00","2012-12-23 00:00:00","2.0000","31.5000","31.5000","2012-12-22 23:00:00"
"26244","747","6","50","2012-12-05 00:00:00","2012-12-16 00:00:00","2012-12-05 00:00:00","2012-12-23 00:00:00","3.0000","36.7500","36.7500","2012-12-22 23:00:00"
"26244","747","7","60","2012-12-05 00:00:00","2012-12-16 00:00:00","2012-12-05 00:00:00","2012-12-23 00:00:00","4.0000","49.0000","49.0000","2012-12-22 23:00:00"
"26245","748","1","10","2012-12-05 00:00:00","2012-12-16 00:00:00","2012-12-05 00:00:00","2012-12-23 00:00:00","4.1000","92.2500","92.2500","2012-12-22 23:00:00"
"26245","748","2","20","2012-12-05 00:00:00","2012-12-16 00:00:00","2012-12-05 00:00:00","2012-12-23 00:00:00","3.5000","87.5000","87.5000","2012-12-22 23:00:00"
"26245","748","3","30","2012-12-05 00:00:00","2012-12-16 00:00:00","2012-12-05 00:00:00","2012-12-23 00:00:00","1.0000","14.5000","14.5000","2012-12-22 23:00:00"
"26245","748","5","45","2012-12-05 00:00:00","2012-12-16 00:00:00","2012-12-05 00:00:00","2012-12-23 00:00:00","2.0000","36.0000","36.0000","2012-12-22 23:00:00"
"26245","748","6","50","2012-12-05 00:00:00","2012-12-16 00:00:00","2012-12-05 00:00:00","2012-12-23 00:00:00","3.0000","36.7500","36.7500","2012-12-22 23:00:00"
"26245","748","7","60","2012-12-05 00:00:00","2012-12-16 00:00:00","2012-12-05 00:00:00","2012-12-23 00:00:00","4.0000","49.0000","49.0000","2012-12-22 23:00:00"
"26246","806","6","50","2012-12-05 00:00:00","2012-12-16 00:00:00","2012-12-05 00:00:00","2012-12-23 00:00:00","3.0000","36.7500","36.7500","2012-12-22 23:00:00"
"26247","810","1","10","2012-12-05 00:00:00","2012-12-16 00:00:00","2012-12-05 00:00:00","2012-12-23 00:00:00","4.1000","92.2500","92.2500","2012-12-22 23:00:00"
"26247","810","2","20","2012-12-05 00:00:00","2012-12-16 00:00:00","2012-12-05 00:00:00","2012-12-23 00:00:00","3.5000","87.5000","87.5000","2012-12-22 23:00:00"
"26247","810","6","50","2012-12-05 00:00:00","2012-12-16 00:00:00","2012-12-05 00:00:00","2012-12-23 00:00:00","3.0000","36.7500","36.7500","2012-12-22 23:00:00"
"26248","811","1","10","2012-12-05 00:00:00","2012-12-16 00:00:00","2012-12-05 00:00:00","2012-12-23 00:00:00","4.1000","92.2500","92.2500","2012-12-22 23:00:00"
"26248","811","2","20","2012-12-05 00:00:00","2012-12-16 00:00:00","2012-12-05 00:00:00","2012-12-23 00:00:00","3.5000","87.5000","87.5000","2012-12-22 23:00:00"
"26248","811","6","50","2012-12-05 00:00:00","2012-12-16 00:00:00","2012-12-05 00:00:00","2012-12-23 00:00:00","3.0000","36.7500","36.7500","2012-12-22 23:00:00"
"26249","813","1","10","2012-12-05 00:00:00","2012-12-16 00:00:00","2012-12-05 00:00:00","2012-12-23 00:00:00","4.1000","92.2500","92.2500","2012-12-22 23:00:00"
"26249","813","2","20","2012-12-05 00:00:00","2012-12-16 00:00:00","2012-12-05 00:00:00","2012-12-23 00:00:00","3.5000","87.5000","87.5000","2012-12-22 23:00:00"
"26249","813","6","50","2012-12-05 00:00:00","2012-12-16 00:00:00","2012-12-05 00:00:00","2012-12-23 00:00:00","3.0000","36.7500","36.7500","2012-12-22 23:00:00"
"26250","816","6","50","2012-12-05 00:00:00","2012-12-16 00:00:00","2012-12-05 00:00:00","2012-12-23 00:00:00","3.0000","36.7500","36.7500","2012-12-22 23:00:00"
"26251","818","6","50","2012-12-05 00:00:00","2012-12-16 00:00:00","2012-12-05 00:00:00","2012-12-23 00:00:00","3.0000","36.7500","36.7500","2012-12-22 23:00:00"
"26252","820","6","50","2012-12-05 00:00:00","2012-12-16 00:00:00","2012-12-05 00:00:00","2012-12-23 00:00:00","3.0000","36.7500","36.7500","2012-12-22 23:00:00"
"26253","824","6","50","2012-12-05 00:00:00","2012-12-16 00:00:00","2012-12-05 00:00:00","2012-12-23 00:00:00","3.0000","36.7500","36.7500","2012-12-22 23:00:00"
"26254","826","6","50","2012-12-05 00:00:00","2012-12-16 00:00:00","2012-12-05 00:00:00","2012-12-23 00:00:00","3.0000","36.7500","36.7500","2012-12-22 23:00:00"
"26255","828","6","50","2012-12-05 00:00:00","2012-12-16 00:00:00","2012-12-05 00:00:00","2012-12-23 00:00:00","3.0000","36.7500","36.7500","2012-12-22 23:00:00"
"26258","894","6","50","2012-12-05 00:00:00","2012-12-16 00:00:00","2012-12-05 00:00:00","2012-12-23 00:00:00","3.0000","36.7500","36.7500","2012-12-22 23:00:00"
"26259","945","1","10","2012-12-05 00:00:00","2012-12-16 00:00:00","2012-12-05 00:00:00","2012-12-23 00:00:00","4.1000","92.2500","92.2500","2012-12-22 23:00:00"
"26259","945","6","50","2012-12-05 00:00:00","2012-12-16 00:00:00","2012-12-05 00:00:00","2012-12-23 00:00:00","3.0000","36.7500","36.7500","2012-12-22 23:00:00"
"26260","950","6","50","2012-12-05 00:00:00","2012-12-16 00:00:00","2012-12-05 00:00:00","2012-12-23 00:00:00","3.0000","36.7500","36.7500","2012-12-22 23:00:00"
"26261","994","6","50","2012-12-05 00:00:00","2012-12-16 00:00:00","2012-12-05 00:00:00","2012-12-23 00:00:00","3.0000","36.7500","36.7500","2012-12-22 23:00:00"
"26262","995","6","50","2012-12-05 00:00:00","2012-12-16 00:00:00","2012-12-05 00:00:00","2012-12-23 00:00:00","3.0000","36.7500","36.7500","2012-12-22 23:00:00"
"26263","996","6","50","2012-12-05 00:00:00","2012-12-16 00:00:00","2012-12-05 00:00:00","2012-12-23 00:00:00","3.0000","36.7500","36.7500","2012-12-22 23:00:00"
"26277","802","1","10","2012-12-05 00:00:00","2012-12-16 00:00:00","2012-12-05 00:00:00","2012-12-23 00:00:00","4.1000","92.2500","92.2500","2012-12-22 23:00:00"
"26277","802","6","50","2012-12-05 00:00:00","2012-12-16 00:00:00","2012-12-05 00:00:00","2012-12-23 00:00:00","3.0000","36.7500","36.7500","2012-12-22 23:00:00"
"26278","804","1","10","2012-12-05 00:00:00","2012-12-16 00:00:00","2012-12-05 00:00:00","2012-12-23 00:00:00","4.1000","92.2500","92.2500","2012-12-22 23:00:00"
"26278","804","6","50","2012-12-05 00:00:00","2012-12-16 00:00:00","2012-12-05 00:00:00","2012-12-23 00:00:00","3.0000","36.7500","36.7500","2012-12-22 23:00:00"
"26283","783","7","60","2012-12-06 00:00:00","2012-12-17 00:00:00","2012-12-13 00:00:00","2012-12-17 00:00:00","4.0000","49.0000","49.0000","2012-12-16 23:00:00"
"26284","789","7","60","2012-12-06 00:00:00","2012-12-17 00:00:00","2012-12-13 00:00:00","2012-12-17 00:00:00","4.0000","49.0000","49.0000","2012-12-16 23:00:00"
"26285","790","7","60","2012-12-06 00:00:00","2012-12-17 00:00:00","2012-12-13 00:00:00","2012-12-17 00:00:00","4.0000","49.0000","49.0000","2012-12-16 23:00:00"
"26286","793","7","60","2012-12-06 00:00:00","2012-12-17 00:00:00","2012-12-13 00:00:00","2012-12-17 00:00:00","4.0000","49.0000","49.0000","2012-12-16 23:00:00"
"26287","796","7","60","2012-12-06 00:00:00","2012-12-17 00:00:00","2012-12-13 00:00:00","2012-12-17 00:00:00","4.0000","49.0000","49.0000","2012-12-16 23:00:00"
"26288","516","6","50","2012-12-06 00:00:00","2012-12-17 00:00:00","2012-12-13 00:00:00","2012-12-17 00:00:00","3.0000","36.7500","36.7500","2012-12-16 23:00:00"
"26288","516","7","60","2012-12-06 00:00:00","2012-12-17 00:00:00","2012-12-13 00:00:00","2012-12-17 00:00:00","4.0000","49.0000","49.0000","2012-12-16 23:00:00"
"26289","519","6","50","2012-12-06 00:00:00","2012-12-17 00:00:00","2012-12-13 00:00:00","2012-12-17 00:00:00","3.0000","36.7500","36.7500","2012-12-16 23:00:00"
"26289","519","7","60","2012-12-06 00:00:00","2012-12-17 00:00:00","2012-12-13 00:00:00","2012-12-17 00:00:00","4.0000","49.0000","49.0000","2012-12-16 23:00:00"
"26294","806","6","50","2012-12-06 00:00:00","2012-12-17 00:00:00","2012-12-13 00:00:00","2012-12-17 00:00:00","3.0000","36.7500","36.7500","2012-12-16 23:00:00"
"26295","810","1","10","2012-12-06 00:00:00","2012-12-17 00:00:00","2012-12-13 00:00:00","2012-12-17 00:00:00","4.1000","92.2500","92.2500","2012-12-16 23:00:00"
"26295","810","2","20","2012-12-06 00:00:00","2012-12-17 00:00:00","2012-12-13 00:00:00","2012-12-17 00:00:00","3.5000","87.5000","87.5000","2012-12-16 23:00:00"
"26295","810","6","50","2012-12-06 00:00:00","2012-12-17 00:00:00","2012-12-13 00:00:00","2012-12-17 00:00:00","3.0000","36.7500","36.7500","2012-12-16 23:00:00"
"26296","813","1","10","2012-12-06 00:00:00","2012-12-17 00:00:00","2012-12-13 00:00:00","2012-12-17 00:00:00","4.1000","92.2500","92.2500","2012-12-16 23:00:00"
"26296","813","2","20","2012-12-06 00:00:00","2012-12-17 00:00:00","2012-12-13 00:00:00","2012-12-17 00:00:00","3.5000","87.5000","87.5000","2012-12-16 23:00:00"
"26296","813","6","50","2012-12-06 00:00:00","2012-12-17 00:00:00","2012-12-13 00:00:00","2012-12-17 00:00:00","3.0000","36.7500","36.7500","2012-12-16 23:00:00"
"26297","816","6","50","2012-12-06 00:00:00","2012-12-17 00:00:00","2012-12-13 00:00:00","2012-12-17 00:00:00","3.0000","36.7500","36.7500","2012-12-16 23:00:00"
"26298","820","6","50","2012-12-06 00:00:00","2012-12-17 00:00:00","2012-12-13 00:00:00","2012-12-17 00:00:00","3.0000","36.7500","36.7500","2012-12-16 23:00:00"
"26299","824","6","50","2012-12-06 00:00:00","2012-12-17 00:00:00","2012-12-13 00:00:00","2012-12-17 00:00:00","3.0000","36.7500","36.7500","2012-12-16 23:00:00"
"26300","828","6","50","2012-12-06 00:00:00","2012-12-17 00:00:00","2012-12-13 00:00:00","2012-12-17 00:00:00","3.0000","36.7500","36.7500","2012-12-16 23:00:00"
"26302","894","6","50","2012-12-06 00:00:00","2012-12-17 00:00:00","2012-12-13 00:00:00","2012-12-17 00:00:00","3.0000","36.7500","36.7500","2012-12-16 23:00:00"
"26303","945","1","10","2012-12-06 00:00:00","2012-12-17 00:00:00","2012-12-13 00:00:00","2012-12-17 00:00:00","4.1000","92.2500","92.2500","2012-12-16 23:00:00"
"26303","945","6","50","2012-12-06 00:00:00","2012-12-17 00:00:00","2012-12-13 00:00:00","2012-12-17 00:00:00","3.0000","36.7500","36.7500","2012-12-16 23:00:00"
"26304","950","6","50","2012-12-06 00:00:00","2012-12-17 00:00:00","2012-12-13 00:00:00","2012-12-17 00:00:00","3.0000","36.7500","36.7500","2012-12-16 23:00:00"
"26305","995","6","50","2012-12-06 00:00:00","2012-12-17 00:00:00","2012-12-13 00:00:00","2012-12-17 00:00:00","3.0000","36.7500","36.7500","2012-12-16 23:00:00"
"26306","996","6","50","2012-12-06 00:00:00","2012-12-17 00:00:00","2012-12-13 00:00:00","2012-12-17 00:00:00","3.0000","36.7500","36.7500","2012-12-16 23:00:00"
"26319","804","1","10","2012-12-06 00:00:00","2012-12-17 00:00:00","2012-12-13 00:00:00","2012-12-17 00:00:00","4.1000","92.2500","92.2500","2012-12-16 23:00:00"
"26319","804","6","50","2012-12-06 00:00:00","2012-12-17 00:00:00","2012-12-13 00:00:00","2012-12-17 00:00:00","3.0000","36.7500","36.7500","2012-12-16 23:00:00"
"26324","762","7","60","2012-12-07 00:00:00","2012-12-18 00:00:00","2012-12-07 00:00:00","2012-12-27 00:00:00","4.0000","49.0000","49.0000","2012-12-26 23:00:00"
"26325","779","7","60","2012-12-07 00:00:00","2012-12-18 00:00:00","2012-12-07 00:00:00","2012-12-27 00:00:00","4.0000","49.0000","49.0000","2012-12-26 23:00:00"
"26326","783","7","60","2012-12-07 00:00:00","2012-12-18 00:00:00","2012-12-07 00:00:00","2012-12-27 00:00:00","4.0000","49.0000","49.0000","2012-12-26 23:00:00"
"26327","792","7","60","2012-12-07 00:00:00","2012-12-18 00:00:00","2012-12-07 00:00:00","2012-12-27 00:00:00","4.0000","49.0000","49.0000","2012-12-26 23:00:00"
"26328","793","7","60","2012-12-07 00:00:00","2012-12-18 00:00:00","2012-12-07 00:00:00","2012-12-27 00:00:00","4.0000","49.0000","49.0000","2012-12-26 23:00:00"
"26329","516","6","50","2012-12-07 00:00:00","2012-12-18 00:00:00","2012-12-07 00:00:00","2012-12-27 00:00:00","3.0000","36.7500","36.7500","2012-12-26 23:00:00"
"26329","516","7","60","2012-12-07 00:00:00","2012-12-18 00:00:00","2012-12-07 00:00:00","2012-12-27 00:00:00","4.0000","49.0000","49.0000","2012-12-26 23:00:00"
"26330","517","6","50","2012-12-07 00:00:00","2012-12-18 00:00:00","2012-12-07 00:00:00","2012-12-27 00:00:00","3.0000","36.7500","36.7500","2012-12-26 23:00:00"
"26330","517","7","60","2012-12-07 00:00:00","2012-12-18 00:00:00","2012-12-07 00:00:00","2012-12-27 00:00:00","4.0000","49.0000","49.0000","2012-12-26 23:00:00"
"26331","519","6","50","2012-12-07 00:00:00","2012-12-18 00:00:00","2012-12-07 00:00:00","2012-12-27 00:00:00","3.0000","36.7500","36.7500","2012-12-26 23:00:00"
"26331","519","7","60","2012-12-07 00:00:00","2012-12-18 00:00:00","2012-12-07 00:00:00","2012-12-27 00:00:00","4.0000","49.0000","49.0000","2012-12-26 23:00:00"
"26335","748","1","10","2012-12-07 00:00:00","2012-12-18 00:00:00","2012-12-07 00:00:00","2012-12-27 00:00:00","4.1000","92.2500","92.2500","2012-12-26 23:00:00"
"26335","748","2","20","2012-12-07 00:00:00","2012-12-18 00:00:00","2012-12-07 00:00:00","2012-12-27 00:00:00","3.5000","87.5000","87.5000","2012-12-26 23:00:00"
"26335","748","3","30","2012-12-07 00:00:00","2012-12-18 00:00:00","2012-12-07 00:00:00","2012-12-27 00:00:00","1.0000","14.5000","14.5000","2012-12-26 23:00:00"
"26335","748","5","45","2012-12-07 00:00:00","2012-12-18 00:00:00","2012-12-07 00:00:00","2012-12-27 00:00:00","2.0000","36.0000","36.0000","2012-12-26 23:00:00"
"26335","748","6","50","2012-12-07 00:00:00","2012-12-18 00:00:00","2012-12-07 00:00:00","2012-12-27 00:00:00","3.0000","36.7500","36.7500","2012-12-26 23:00:00"
"26335","748","7","60","2012-12-07 00:00:00","2012-12-18 00:00:00","2012-12-07 00:00:00","2012-12-27 00:00:00","4.0000","49.0000","49.0000","2012-12-26 23:00:00"
"26336","806","6","50","2012-12-07 00:00:00","2012-12-18 00:00:00","2012-12-07 00:00:00","2012-12-27 00:00:00","3.0000","36.7500","36.7500","2012-12-26 23:00:00"
"26337","810","1","10","2012-12-07 00:00:00","2012-12-18 00:00:00","2012-12-07 00:00:00","2012-12-27 00:00:00","4.1000","92.2500","92.2500","2012-12-26 23:00:00"
"26337","810","2","20","2012-12-07 00:00:00","2012-12-18 00:00:00","2012-12-07 00:00:00","2012-12-27 00:00:00","3.5000","87.5000","87.5000","2012-12-26 23:00:00"
"26337","810","6","50","2012-12-07 00:00:00","2012-12-18 00:00:00","2012-12-07 00:00:00","2012-12-27 00:00:00","3.0000","36.7500","36.7500","2012-12-26 23:00:00"
"26338","811","1","10","2012-12-07 00:00:00","2012-12-18 00:00:00","2012-12-07 00:00:00","2012-12-27 00:00:00","4.1000","92.2500","92.2500","2012-12-26 23:00:00"
"26338","811","2","20","2012-12-07 00:00:00","2012-12-18 00:00:00","2012-12-07 00:00:00","2012-12-27 00:00:00","3.5000","87.5000","87.5000","2012-12-26 23:00:00"
"26338","811","6","50","2012-12-07 00:00:00","2012-12-18 00:00:00","2012-12-07 00:00:00","2012-12-27 00:00:00","3.0000","36.7500","36.7500","2012-12-26 23:00:00"
"26339","813","1","10","2012-12-07 00:00:00","2012-12-18 00:00:00","2012-12-07 00:00:00","2012-12-27 00:00:00","4.1000","92.2500","92.2500","2012-12-26 23:00:00"
"26339","813","2","20","2012-12-07 00:00:00","2012-12-18 00:00:00","2012-12-07 00:00:00","2012-12-27 00:00:00","3.5000","87.5000","87.5000","2012-12-26 23:00:00"
"26339","813","6","50","2012-12-07 00:00:00","2012-12-18 00:00:00","2012-12-07 00:00:00","2012-12-27 00:00:00","3.0000","36.7500","36.7500","2012-12-26 23:00:00"
"26340","816","6","50","2012-12-07 00:00:00","2012-12-18 00:00:00","2012-12-07 00:00:00","2012-12-27 00:00:00","3.0000","36.7500","36.7500","2012-12-26 23:00:00"
"26341","818","6","50","2012-12-07 00:00:00","2012-12-18 00:00:00","2012-12-07 00:00:00","2012-12-27 00:00:00","3.0000","36.7500","36.7500","2012-12-26 23:00:00"
"26342","820","6","50","2012-12-07 00:00:00","2012-12-18 00:00:00","2012-12-07 00:00:00","2012-12-27 00:00:00","3.0000","36.7500","36.7500","2012-12-26 23:00:00"
"26343","824","6","50","2012-12-07 00:00:00","2012-12-18 00:00:00","2012-12-07 00:00:00","2012-12-27 00:00:00","3.0000","36.7500","36.7500","2012-12-26 23:00:00"
"26344","826","6","50","2012-12-07 00:00:00","2012-12-18 00:00:00","2012-12-07 00:00:00","2012-12-27 00:00:00","3.0000","36.7500","36.7500","2012-12-26 23:00:00"
"26345","828","6","50","2012-12-07 00:00:00","2012-12-18 00:00:00","2012-12-07 00:00:00","2012-12-27 00:00:00","3.0000","36.7500","36.7500","2012-12-26 23:00:00"
"26347","894","6","50","2012-12-07 00:00:00","2012-12-18 00:00:00","2012-12-07 00:00:00","2012-12-27 00:00:00","3.0000","36.7500","36.7500","2012-12-26 23:00:00"
"26348","945","1","10","2012-12-07 00:00:00","2012-12-18 00:00:00","2012-12-07 00:00:00","2012-12-27 00:00:00","4.1000","92.2500","92.2500","2012-12-26 23:00:00"
"26348","945","6","50","2012-12-07 00:00:00","2012-12-18 00:00:00","2012-12-07 00:00:00","2012-12-27 00:00:00","3.0000","36.7500","36.7500","2012-12-26 23:00:00"
"26349","950","6","50","2012-12-07 00:00:00","2012-12-18 00:00:00","2012-12-07 00:00:00","2012-12-27 00:00:00","3.0000","36.7500","36.7500","2012-12-26 23:00:00"
"26350","994","6","50","2012-12-07 00:00:00","2012-12-18 00:00:00","2012-12-07 00:00:00","2012-12-27 00:00:00","3.0000","36.7500","36.7500","2012-12-26 23:00:00"
"26351","995","6","50","2012-12-07 00:00:00","2012-12-18 00:00:00","2012-12-07 00:00:00","2012-12-27 00:00:00","3.0000","36.7500","36.7500","2012-12-26 23:00:00"
"26352","996","6","50","2012-12-07 00:00:00","2012-12-18 00:00:00","2012-12-07 00:00:00","2012-12-27 00:00:00","3.0000","36.7500","36.7500","2012-12-26 23:00:00"
"26366","802","1","10","2012-12-07 00:00:00","2012-12-18 00:00:00","2012-12-07 00:00:00","2012-12-27 00:00:00","4.1000","92.2500","92.2500","2012-12-26 23:00:00"
"26366","802","6","50","2012-12-07 00:00:00","2012-12-18 00:00:00","2012-12-07 00:00:00","2012-12-27 00:00:00","3.0000","36.7500","36.7500","2012-12-26 23:00:00"
"26367","804","1","10","2012-12-07 00:00:00","2012-12-18 00:00:00","2012-12-07 00:00:00","2012-12-27 00:00:00","4.1000","92.2500","92.2500","2012-12-26 23:00:00"
"26367","804","6","50","2012-12-07 00:00:00","2012-12-18 00:00:00","2012-12-07 00:00:00","2012-12-27 00:00:00","3.0000","36.7500","36.7500","2012-12-26 23:00:00"
"26372","792","7","60","2012-12-08 00:00:00","2012-12-19 00:00:00","2012-12-17 00:00:00","2012-12-19 00:00:00","4.0000","49.0000","49.0000","2012-12-18 23:00:00"
"26373","793","7","60","2012-12-08 00:00:00","2012-12-19 00:00:00","2012-12-17 00:00:00","2012-12-19 00:00:00","4.0000","49.0000","49.0000","2012-12-18 23:00:00"
"26374","519","6","50","2012-12-08 00:00:00","2012-12-19 00:00:00","2012-12-17 00:00:00","2012-12-19 00:00:00","3.0000","36.7500","36.7500","2012-12-18 23:00:00"
"26374","519","7","60","2012-12-08 00:00:00","2012-12-19 00:00:00","2012-12-17 00:00:00","2012-12-19 00:00:00","4.0000","49.0000","49.0000","2012-12-18 23:00:00"
"26376","806","6","50","2012-12-08 00:00:00","2012-12-19 00:00:00","2012-12-17 00:00:00","2012-12-19 00:00:00","3.0000","36.7500","36.7500","2012-12-18 23:00:00"
"26377","813","1","10","2012-12-08 00:00:00","2012-12-19 00:00:00","2012-12-17 00:00:00","2012-12-19 00:00:00","4.1000","92.2500","92.2500","2012-12-18 23:00:00"
"26377","813","2","20","2012-12-08 00:00:00","2012-12-19 00:00:00","2012-12-17 00:00:00","2012-12-19 00:00:00","3.5000","87.5000","87.5000","2012-12-18 23:00:00"
"26377","813","6","50","2012-12-08 00:00:00","2012-12-19 00:00:00","2012-12-17 00:00:00","2012-12-19 00:00:00","3.0000","36.7500","36.7500","2012-12-18 23:00:00"
"26378","820","6","50","2012-12-08 00:00:00","2012-12-19 00:00:00","2012-12-17 00:00:00","2012-12-19 00:00:00","3.0000","36.7500","36.7500","2012-12-18 23:00:00"
"26379","828","6","50","2012-12-08 00:00:00","2012-12-19 00:00:00","2012-12-17 00:00:00","2012-12-19 00:00:00","3.0000","36.7500","36.7500","2012-12-18 23:00:00"
"26381","894","6","50","2012-12-08 00:00:00","2012-12-19 00:00:00","2012-12-17 00:00:00","2012-12-19 00:00:00","3.0000","36.7500","36.7500","2012-12-18 23:00:00"
"26382","945","1","10","2012-12-08 00:00:00","2012-12-19 00:00:00","2012-12-17 00:00:00","2012-12-19 00:00:00","4.1000","92.2500","92.2500","2012-12-18 23:00:00"
"26382","945","6","50","2012-12-08 00:00:00","2012-12-19 00:00:00","2012-12-17 00:00:00","2012-12-19 00:00:00","3.0000","36.7500","36.7500","2012-12-18 23:00:00"
"26383","950","6","50","2012-12-08 00:00:00","2012-12-19 00:00:00","2012-12-17 00:00:00","2012-12-19 00:00:00","3.0000","36.7500","36.7500","2012-12-18 23:00:00"
"26384","996","6","50","2012-12-08 00:00:00","2012-12-19 00:00:00","2012-12-17 00:00:00","2012-12-19 00:00:00","3.0000","36.7500","36.7500","2012-12-18 23:00:00"
"26396","804","1","10","2012-12-08 00:00:00","2012-12-19 00:00:00","2012-12-17 00:00:00","2012-12-19 00:00:00","4.1000","92.2500","92.2500","2012-12-18 23:00:00"
"26396","804","6","50","2012-12-08 00:00:00","2012-12-19 00:00:00","2012-12-17 00:00:00","2012-12-19 00:00:00","3.0000","36.7500","36.7500","2012-12-18 23:00:00"
"26401","761","7","60","2012-12-09 00:00:00","2012-12-20 00:00:00","2012-12-09 00:00:00","2012-12-31 00:00:00","4.0000","49.0000","49.0000","2012-12-30 23:00:00"
"26402","768","7","60","2012-12-09 00:00:00","2012-12-20 00:00:00","2012-12-09 00:00:00","2012-12-31 00:00:00","4.0000","49.0000","49.0000","2012-12-30 23:00:00"
"26403","779","7","60","2012-12-09 00:00:00","2012-12-20 00:00:00","2012-12-09 00:00:00","2012-12-31 00:00:00","4.0000","49.0000","49.0000","2012-12-30 23:00:00"
"26404","783","7","60","2012-12-09 00:00:00","2012-12-20 00:00:00","2012-12-09 00:00:00","2012-12-31 00:00:00","4.0000","49.0000","49.0000","2012-12-30 23:00:00"
"26405","784","7","60","2012-12-09 00:00:00","2012-12-20 00:00:00","2012-12-09 00:00:00","2012-12-31 00:00:00","4.0000","49.0000","49.0000","2012-12-30 23:00:00"
"26406","789","7","60","2012-12-09 00:00:00","2012-12-20 00:00:00","2012-12-09 00:00:00","2012-12-31 00:00:00","4.0000","49.0000","49.0000","2012-12-30 23:00:00"
"26407","790","7","60","2012-12-09 00:00:00","2012-12-20 00:00:00","2012-12-09 00:00:00","2012-12-31 00:00:00","4.0000","49.0000","49.0000","2012-12-30 23:00:00"
"26408","797","7","60","2012-12-09 00:00:00","2012-12-20 00:00:00","2012-12-09 00:00:00","2012-12-31 00:00:00","4.0000","49.0000","49.0000","2012-12-30 23:00:00"
"26409","798","7","60","2012-12-09 00:00:00","2012-12-20 00:00:00","2012-12-09 00:00:00","2012-12-31 00:00:00","4.0000","49.0000","49.0000","2012-12-30 23:00:00"
"26410","516","6","50","2012-12-09 00:00:00","2012-12-20 00:00:00","2012-12-09 00:00:00","2012-12-31 00:00:00","3.0000","36.7500","36.7500","2012-12-30 23:00:00"
"26410","516","7","60","2012-12-09 00:00:00","2012-12-20 00:00:00","2012-12-09 00:00:00","2012-12-31 00:00:00","4.0000","49.0000","49.0000","2012-12-30 23:00:00"
"26411","517","6","50","2012-12-09 00:00:00","2012-12-20 00:00:00","2012-12-09 00:00:00","2012-12-31 00:00:00","3.0000","36.7500","36.7500","2012-12-30 23:00:00"
"26411","517","7","60","2012-12-09 00:00:00","2012-12-20 00:00:00","2012-12-09 00:00:00","2012-12-31 00:00:00","4.0000","49.0000","49.0000","2012-12-30 23:00:00"
"26412","518","6","50","2012-12-09 00:00:00","2012-12-20 00:00:00","2012-12-09 00:00:00","2012-12-31 00:00:00","3.0000","36.7500","36.7500","2012-12-30 23:00:00"
"26412","518","7","60","2012-12-09 00:00:00","2012-12-20 00:00:00","2012-12-09 00:00:00","2012-12-31 00:00:00","4.0000","49.0000","49.0000","2012-12-30 23:00:00"
"26413","519","6","50","2012-12-09 00:00:00","2012-12-20 00:00:00","2012-12-09 00:00:00","2012-12-31 00:00:00","3.0000","36.7500","36.7500","2012-12-30 23:00:00"
"26413","519","7","60","2012-12-09 00:00:00","2012-12-20 00:00:00","2012-12-09 00:00:00","2012-12-31 00:00:00","4.0000","49.0000","49.0000","2012-12-30 23:00:00"
"26420","748","1","10","2012-12-09 00:00:00","2012-12-20 00:00:00","2012-12-09 00:00:00","2012-12-31 00:00:00","4.1000","92.2500","92.2500","2012-12-30 23:00:00"
"26420","748","2","20","2012-12-09 00:00:00","2012-12-20 00:00:00","2012-12-09 00:00:00","2012-12-31 00:00:00","3.5000","87.5000","87.5000","2012-12-30 23:00:00"
"26420","748","3","30","2012-12-09 00:00:00","2012-12-20 00:00:00","2012-12-09 00:00:00","2012-12-31 00:00:00","1.0000","14.5000","14.5000","2012-12-30 23:00:00"
"26420","748","5","45","2012-12-09 00:00:00","2012-12-20 00:00:00","2012-12-09 00:00:00","2012-12-31 00:00:00","2.0000","36.0000","36.0000","2012-12-30 23:00:00"
"26420","748","6","50","2012-12-09 00:00:00","2012-12-20 00:00:00","2012-12-09 00:00:00","2012-12-31 00:00:00","3.0000","36.7500","36.7500","2012-12-30 23:00:00"
"26420","748","7","60","2012-12-09 00:00:00","2012-12-20 00:00:00","2012-12-09 00:00:00","2012-12-31 00:00:00","4.0000","49.0000","49.0000","2012-12-30 23:00:00"
"26421","806","6","50","2012-12-09 00:00:00","2012-12-20 00:00:00","2012-12-09 00:00:00","2012-12-31 00:00:00","3.0000","36.7500","36.7500","2012-12-30 23:00:00"
"26422","810","1","10","2012-12-09 00:00:00","2012-12-20 00:00:00","2012-12-09 00:00:00","2012-12-31 00:00:00","4.1000","92.2500","92.2500","2012-12-30 23:00:00"
"26422","810","2","20","2012-12-09 00:00:00","2012-12-20 00:00:00","2012-12-09 00:00:00","2012-12-31 00:00:00","3.5000","87.5000","87.5000","2012-12-30 23:00:00"
"26422","810","6","50","2012-12-09 00:00:00","2012-12-20 00:00:00","2012-12-09 00:00:00","2012-12-31 00:00:00","3.0000","36.7500","36.7500","2012-12-30 23:00:00"
"26423","811","1","10","2012-12-09 00:00:00","2012-12-20 00:00:00","2012-12-09 00:00:00","2012-12-31 00:00:00","4.1000","92.2500","92.2500","2012-12-30 23:00:00"
"26423","811","2","20","2012-12-09 00:00:00","2012-12-20 00:00:00","2012-12-09 00:00:00","2012-12-31 00:00:00","3.5000","87.5000","87.5000","2012-12-30 23:00:00"
"26423","811","6","50","2012-12-09 00:00:00","2012-12-20 00:00:00","2012-12-09 00:00:00","2012-12-31 00:00:00","3.0000","36.7500","36.7500","2012-12-30 23:00:00"
"26424","812","1","10","2012-12-09 00:00:00","2012-12-20 00:00:00","2012-12-09 00:00:00","2012-12-31 00:00:00","4.1000","92.2500","92.2500","2012-12-30 23:00:00"
"26424","812","2","20","2012-12-09 00:00:00","2012-12-20 00:00:00","2012-12-09 00:00:00","2012-12-31 00:00:00","3.5000","87.5000","87.5000","2012-12-30 23:00:00"
"26424","812","6","50","2012-12-09 00:00:00","2012-12-20 00:00:00","2012-12-09 00:00:00","2012-12-31 00:00:00","3.0000","36.7500","36.7500","2012-12-30 23:00:00"
"26425","813","1","10","2012-12-09 00:00:00","2012-12-20 00:00:00","2012-12-09 00:00:00","2012-12-31 00:00:00","4.1000","92.2500","92.2500","2012-12-30 23:00:00"
"26425","813","2","20","2012-12-09 00:00:00","2012-12-20 00:00:00","2012-12-09 00:00:00","2012-12-31 00:00:00","3.5000","87.5000","87.5000","2012-12-30 23:00:00"
"26425","813","6","50","2012-12-09 00:00:00","2012-12-20 00:00:00","2012-12-09 00:00:00","2012-12-31 00:00:00","3.0000","36.7500","36.7500","2012-12-30 23:00:00"
"26426","816","6","50","2012-12-09 00:00:00","2012-12-20 00:00:00","2012-12-09 00:00:00","2012-12-31 00:00:00","3.0000","36.7500","36.7500","2012-12-30 23:00:00"
"26427","818","6","50","2012-12-09 00:00:00","2012-12-20 00:00:00","2012-12-09 00:00:00","2012-12-31 00:00:00","3.0000","36.7500","36.7500","2012-12-30 23:00:00"
"26428","819","6","50","2012-12-09 00:00:00","2012-12-20 00:00:00","2012-12-09 00:00:00","2012-12-31 00:00:00","3.0000","36.7500","36.7500","2012-12-30 23:00:00"
"26429","820","6","50","2012-12-09 00:00:00","2012-12-20 00:00:00","2012-12-09 00:00:00","2012-12-31 00:00:00","3.0000","36.7500","36.7500","2012-12-30 23:00:00"
"26430","822","1","10","2012-12-09 00:00:00","2012-12-20 00:00:00","2012-12-09 00:00:00","2012-12-31 00:00:00","4.1000","92.2500","92.2500","2012-12-30 23:00:00"
"26430","822","2","20","2012-12-09 00:00:00","2012-12-20 00:00:00","2012-12-09 00:00:00","2012-12-31 00:00:00","3.5000","87.5000","87.5000","2012-12-30 23:00:00"
"26430","822","3","30","2012-12-09 00:00:00","2012-12-20 00:00:00","2012-12-09 00:00:00","2012-12-31 00:00:00","1.0000","14.5000","14.5000","2012-12-30 23:00:00"
"26430","822","4","40","2012-12-09 00:00:00","2012-12-20 00:00:00","2012-12-09 00:00:00","2012-12-31 00:00:00","2.0000","31.5000","31.5000","2012-12-30 23:00:00"
"26430","822","6","50","2012-12-09 00:00:00","2012-12-20 00:00:00","2012-12-09 00:00:00","2012-12-31 00:00:00","3.0000","36.7500","36.7500","2012-12-30 23:00:00"
"26430","822","7","60","2012-12-09 00:00:00","2012-12-20 00:00:00","2012-12-09 00:00:00","2012-12-31 00:00:00","4.0000","49.0000","49.0000","2012-12-30 23:00:00"
"26431","824","6","50","2012-12-09 00:00:00","2012-12-20 00:00:00","2012-12-09 00:00:00","2012-12-31 00:00:00","3.0000","36.7500","36.7500","2012-12-30 23:00:00"
"26432","826","6","50","2012-12-09 00:00:00","2012-12-20 00:00:00","2012-12-09 00:00:00","2012-12-31 00:00:00","3.0000","36.7500","36.7500","2012-12-30 23:00:00"
"26433","827","6","50","2012-12-09 00:00:00","2012-12-20 00:00:00","2012-12-09 00:00:00","2012-12-31 00:00:00","3.0000","36.7500","36.7500","2012-12-30 23:00:00"
"26434","828","6","50","2012-12-09 00:00:00","2012-12-20 00:00:00","2012-12-09 00:00:00","2012-12-31 00:00:00","3.0000","36.7500","36.7500","2012-12-30 23:00:00"
"26436","894","6","50","2012-12-09 00:00:00","2012-12-20 00:00:00","2012-12-09 00:00:00","2012-12-31 00:00:00","3.0000","36.7500","36.7500","2012-12-30 23:00:00"
"26437","945","1","10","2012-12-09 00:00:00","2012-12-20 00:00:00","2012-12-09 00:00:00","2012-12-31 00:00:00","4.1000","92.2500","92.2500","2012-12-30 23:00:00"
"26437","945","6","50","2012-12-09 00:00:00","2012-12-20 00:00:00","2012-12-09 00:00:00","2012-12-31 00:00:00","3.0000","36.7500","36.7500","2012-12-30 23:00:00"
"26438","950","6","50","2012-12-09 00:00:00","2012-12-20 00:00:00","2012-12-09 00:00:00","2012-12-31 00:00:00","3.0000","36.7500","36.7500","2012-12-30 23:00:00"
"26439","994","6","50","2012-12-09 00:00:00","2012-12-20 00:00:00","2012-12-09 00:00:00","2012-12-31 00:00:00","3.0000","36.7500","36.7500","2012-12-30 23:00:00"
"26440","995","6","50","2012-12-09 00:00:00","2012-12-20 00:00:00","2012-12-09 00:00:00","2012-12-31 00:00:00","3.0000","36.7500","36.7500","2012-12-30 23:00:00"
"26441","996","6","50","2012-12-09 00:00:00","2012-12-20 00:00:00","2012-12-09 00:00:00","2012-12-31 00:00:00","3.0000","36.7500","36.7500","2012-12-30 23:00:00"
"26455","802","1","10","2012-12-09 00:00:00","2012-12-20 00:00:00","2012-12-09 00:00:00","2012-12-31 00:00:00","4.1000","92.2500","92.2500","2012-12-30 23:00:00"
"26455","802","6","50","2012-12-09 00:00:00","2012-12-20 00:00:00","2012-12-09 00:00:00","2012-12-31 00:00:00","3.0000","36.7500","36.7500","2012-12-30 23:00:00"
"26456","803","1","10","2012-12-09 00:00:00","2012-12-20 00:00:00","2012-12-09 00:00:00","2012-12-31 00:00:00","4.1000","92.2500","92.2500","2012-12-30 23:00:00"
"26456","803","6","50","2012-12-09 00:00:00","2012-12-20 00:00:00","2012-12-09 00:00:00","2012-12-31 00:00:00","3.0000","36.7500","36.7500","2012-12-30 23:00:00"
"26457","804","1","10","2012-12-09 00:00:00","2012-12-20 00:00:00","2012-12-09 00:00:00","2012-12-31 00:00:00","4.1000","92.2500","92.2500","2012-12-30 23:00:00"
"26457","804","6","50","2012-12-09 00:00:00","2012-12-20 00:00:00","2012-12-09 00:00:00","2012-12-31 00:00:00","3.0000","36.7500","36.7500","2012-12-30 23:00:00"
"26462","761","7","60","2012-12-10 00:00:00","2012-12-21 00:00:00","2012-12-11 00:00:00","2012-12-21 00:00:00","4.0000","49.0000","49.0000","2012-12-20 23:00:00"
"26463","767","7","60","2012-12-10 00:00:00","2012-12-21 00:00:00","2012-12-11 00:00:00","2012-12-21 00:00:00","4.0000","49.0000","49.0000","2012-12-20 23:00:00"
"26464","770","7","60","2012-12-10 00:00:00","2012-12-21 00:00:00","2012-12-11 00:00:00","2012-12-21 00:00:00","4.0000","49.0000","49.0000","2012-12-20 23:00:00"
"26465","779","7","60","2012-12-10 00:00:00","2012-12-21 00:00:00","2012-12-11 00:00:00","2012-12-21 00:00:00","4.0000","49.0000","49.0000","2012-12-20 23:00:00"
"26466","780","7","60","2012-12-10 00:00:00","2012-12-21 00:00:00","2012-12-11 00:00:00","2012-12-21 00:00:00","4.0000","49.0000","49.0000","2012-12-20 23:00:00"
"26467","782","7","60","2012-12-10 00:00:00","2012-12-21 00:00:00","2012-12-11 00:00:00","2012-12-21 00:00:00","4.0000","49.0000","49.0000","2012-12-20 23:00:00"
"26468","783","7","60","2012-12-10 00:00:00","2012-12-21 00:00:00","2012-12-11 00:00:00","2012-12-21 00:00:00","4.0000","49.0000","49.0000","2012-12-20 23:00:00"
"26469","798","7","60","2012-12-10 00:00:00","2012-12-21 00:00:00","2012-12-11 00:00:00","2012-12-21 00:00:00","4.0000","49.0000","49.0000","2012-12-20 23:00:00"
"26470","516","6","50","2012-12-10 00:00:00","2012-12-21 00:00:00","2012-12-11 00:00:00","2012-12-21 00:00:00","3.0000","36.7500","36.7500","2012-12-20 23:00:00"
"26470","516","7","60","2012-12-10 00:00:00","2012-12-21 00:00:00","2012-12-11 00:00:00","2012-12-21 00:00:00","4.0000","49.0000","49.0000","2012-12-20 23:00:00"
"26471","517","6","50","2012-12-10 00:00:00","2012-12-21 00:00:00","2012-12-11 00:00:00","2012-12-21 00:00:00","3.0000","36.7500","36.7500","2012-12-20 23:00:00"
"26471","517","7","60","2012-12-10 00:00:00","2012-12-21 00:00:00","2012-12-11 00:00:00","2012-12-21 00:00:00","4.0000","49.0000","49.0000","2012-12-20 23:00:00"
"26472","518","6","50","2012-12-10 00:00:00","2012-12-21 00:00:00","2012-12-11 00:00:00","2012-12-21 00:00:00","3.0000","36.7500","36.7500","2012-12-20 23:00:00"
"26472","518","7","60","2012-12-10 00:00:00","2012-12-21 00:00:00","2012-12-11 00:00:00","2012-12-21 00:00:00","4.0000","49.0000","49.0000","2012-12-20 23:00:00"
"26478","747","1","10","2012-12-10 00:00:00","2012-12-21 00:00:00","2012-12-11 00:00:00","2012-12-21 00:00:00","4.1000","92.2500","92.2500","2012-12-20 23:00:00"
"26478","747","2","20","2012-12-10 00:00:00","2012-12-21 00:00:00","2012-12-11 00:00:00","2012-12-21 00:00:00","3.5000","87.5000","87.5000","2012-12-20 23:00:00"
"26478","747","3","30","2012-12-10 00:00:00","2012-12-21 00:00:00","2012-12-11 00:00:00","2012-12-21 00:00:00","1.0000","14.5000","14.5000","2012-12-20 23:00:00"
"26478","747","4","40","2012-12-10 00:00:00","2012-12-21 00:00:00","2012-12-11 00:00:00","2012-12-21 00:00:00","2.0000","31.5000","31.5000","2012-12-20 23:00:00"
"26478","747","6","50","2012-12-10 00:00:00","2012-12-21 00:00:00","2012-12-11 00:00:00","2012-12-21 00:00:00","3.0000","36.7500","36.7500","2012-12-20 23:00:00"
"26478","747","7","60","2012-12-10 00:00:00","2012-12-21 00:00:00","2012-12-11 00:00:00","2012-12-21 00:00:00","4.0000","49.0000","49.0000","2012-12-20 23:00:00"
"26479","748","1","10","2012-12-10 00:00:00","2012-12-21 00:00:00","2012-12-11 00:00:00","2012-12-21 00:00:00","4.1000","92.2500","92.2500","2012-12-20 23:00:00"
"26479","748","2","20","2012-12-10 00:00:00","2012-12-21 00:00:00","2012-12-11 00:00:00","2012-12-21 00:00:00","3.5000","87.5000","87.5000","2012-12-20 23:00:00"
"26479","748","3","30","2012-12-10 00:00:00","2012-12-21 00:00:00","2012-12-11 00:00:00","2012-12-21 00:00:00","1.0000","14.5000","14.5000","2012-12-20 23:00:00"
"26479","748","5","45","2012-12-10 00:00:00","2012-12-21 00:00:00","2012-12-11 00:00:00","2012-12-21 00:00:00","2.0000","36.0000","36.0000","2012-12-20 23:00:00"
"26479","748","6","50","2012-12-10 00:00:00","2012-12-21 00:00:00","2012-12-11 00:00:00","2012-12-21 00:00:00","3.0000","36.7500","36.7500","2012-12-20 23:00:00"
"26479","748","7","60","2012-12-10 00:00:00","2012-12-21 00:00:00","2012-12-11 00:00:00","2012-12-21 00:00:00","4.0000","49.0000","49.0000","2012-12-20 23:00:00"
"26480","806","6","50","2012-12-10 00:00:00","2012-12-21 00:00:00","2012-12-11 00:00:00","2012-12-21 00:00:00","3.0000","36.7500","36.7500","2012-12-20 23:00:00"
"26481","810","1","10","2012-12-10 00:00:00","2012-12-21 00:00:00","2012-12-11 00:00:00","2012-12-21 00:00:00","4.1000","92.2500","92.2500","2012-12-20 23:00:00"
"26481","810","2","20","2012-12-10 00:00:00","2012-12-21 00:00:00","2012-12-11 00:00:00","2012-12-21 00:00:00","3.5000","87.5000","87.5000","2012-12-20 23:00:00"
"26481","810","6","50","2012-12-10 00:00:00","2012-12-21 00:00:00","2012-12-11 00:00:00","2012-12-21 00:00:00","3.0000","36.7500","36.7500","2012-12-20 23:00:00"
"26482","811","1","10","2012-12-10 00:00:00","2012-12-21 00:00:00","2012-12-11 00:00:00","2012-12-21 00:00:00","4.1000","92.2500","92.2500","2012-12-20 23:00:00"
"26482","811","2","20","2012-12-10 00:00:00","2012-12-21 00:00:00","2012-12-11 00:00:00","2012-12-21 00:00:00","3.5000","87.5000","87.5000","2012-12-20 23:00:00"
"26482","811","6","50","2012-12-10 00:00:00","2012-12-21 00:00:00","2012-12-11 00:00:00","2012-12-21 00:00:00","3.0000","36.7500","36.7500","2012-12-20 23:00:00"
"26483","812","1","10","2012-12-10 00:00:00","2012-12-21 00:00:00","2012-12-11 00:00:00","2012-12-21 00:00:00","4.1000","92.2500","92.2500","2012-12-20 23:00:00"
"26483","812","2","20","2012-12-10 00:00:00","2012-12-21 00:00:00","2012-12-11 00:00:00","2012-12-21 00:00:00","3.5000","87.5000","87.5000","2012-12-20 23:00:00"
"26483","812","6","50","2012-12-10 00:00:00","2012-12-21 00:00:00","2012-12-11 00:00:00","2012-12-21 00:00:00","3.0000","36.7500","36.7500","2012-12-20 23:00:00"
"26484","816","6","50","2012-12-10 00:00:00","2012-12-21 00:00:00","2012-12-11 00:00:00","2012-12-21 00:00:00","3.0000","36.7500","36.7500","2012-12-20 23:00:00"
"26485","818","6","50","2012-12-10 00:00:00","2012-12-21 00:00:00","2012-12-11 00:00:00","2012-12-21 00:00:00","3.0000","36.7500","36.7500","2012-12-20 23:00:00"
"26486","819","6","50","2012-12-10 00:00:00","2012-12-21 00:00:00","2012-12-11 00:00:00","2012-12-21 00:00:00","3.0000","36.7500","36.7500","2012-12-20 23:00:00"
"26487","824","6","50","2012-12-10 00:00:00","2012-12-21 00:00:00","2012-12-11 00:00:00","2012-12-21 00:00:00","3.0000","36.7500","36.7500","2012-12-20 23:00:00"
"26488","826","6","50","2012-12-10 00:00:00","2012-12-21 00:00:00","2012-12-11 00:00:00","2012-12-21 00:00:00","3.0000","36.7500","36.7500","2012-12-20 23:00:00"
"26489","827","6","50","2012-12-10 00:00:00","2012-12-21 00:00:00","2012-12-11 00:00:00","2012-12-21 00:00:00","3.0000","36.7500","36.7500","2012-12-20 23:00:00"
"26491","894","6","50","2012-12-10 00:00:00","2012-12-21 00:00:00","2012-12-11 00:00:00","2012-12-21 00:00:00","3.0000","36.7500","36.7500","2012-12-20 23:00:00"
"26492","945","1","10","2012-12-10 00:00:00","2012-12-21 00:00:00","2012-12-11 00:00:00","2012-12-21 00:00:00","4.1000","92.2500","92.2500","2012-12-20 23:00:00"
"26492","945","6","50","2012-12-10 00:00:00","2012-12-21 00:00:00","2012-12-11 00:00:00","2012-12-21 00:00:00","3.0000","36.7500","36.7500","2012-12-20 23:00:00"
"26493","950","6","50","2012-12-10 00:00:00","2012-12-21 00:00:00","2012-12-11 00:00:00","2012-12-21 00:00:00","3.0000","36.7500","36.7500","2012-12-20 23:00:00"
"26494","994","6","50","2012-12-10 00:00:00","2012-12-21 00:00:00","2012-12-11 00:00:00","2012-12-21 00:00:00","3.0000","36.7500","36.7500","2012-12-20 23:00:00"
"26495","995","6","50","2012-12-10 00:00:00","2012-12-21 00:00:00","2012-12-11 00:00:00","2012-12-21 00:00:00","3.0000","36.7500","36.7500","2012-12-20 23:00:00"
"26509","802","1","10","2012-12-10 00:00:00","2012-12-21 00:00:00","2012-12-11 00:00:00","2012-12-21 00:00:00","4.1000","92.2500","92.2500","2012-12-20 23:00:00"
"26509","802","6","50","2012-12-10 00:00:00","2012-12-21 00:00:00","2012-12-11 00:00:00","2012-12-21 00:00:00","3.0000","36.7500","36.7500","2012-12-20 23:00:00"
"26510","803","1","10","2012-12-10 00:00:00","2012-12-21 00:00:00","2012-12-11 00:00:00","2012-12-21 00:00:00","4.1000","92.2500","92.2500","2012-12-20 23:00:00"
"26510","803","6","50","2012-12-10 00:00:00","2012-12-21 00:00:00","2012-12-11 00:00:00","2012-12-21 00:00:00","3.0000","36.7500","36.7500","2012-12-20 23:00:00"
"26511","804","1","10","2012-12-10 00:00:00","2012-12-21 00:00:00","2012-12-11 00:00:00","2012-12-21 00:00:00","4.1000","92.2500","92.2500","2012-12-20 23:00:00"
"26511","804","6","50","2012-12-10 00:00:00","2012-12-21 00:00:00","2012-12-11 00:00:00","2012-12-21 00:00:00","3.0000","36.7500","36.7500","2012-12-20 23:00:00"
"26516","779","7","60","2012-12-11 00:00:00","2012-12-22 00:00:00","2012-12-11 00:00:00","2013-01-04 00:00:00","4.0000","49.0000","49.0000","2013-01-03 23:00:00"
"26517","781","7","60","2012-12-11 00:00:00","2012-12-22 00:00:00","2012-12-11 00:00:00","2013-01-04 00:00:00","4.0000","49.0000","49.0000","2013-01-03 23:00:00"
"26518","784","7","60","2012-12-11 00:00:00","2012-12-22 00:00:00","2012-12-11 00:00:00","2013-01-04 00:00:00","4.0000","49.0000","49.0000","2013-01-03 23:00:00"
"26519","789","7","60","2012-12-11 00:00:00","2012-12-22 00:00:00","2012-12-11 00:00:00","2013-01-04 00:00:00","4.0000","49.0000","49.0000","2013-01-03 23:00:00"
"26520","793","7","60","2012-12-11 00:00:00","2012-12-22 00:00:00","2012-12-11 00:00:00","2013-01-04 00:00:00","4.0000","49.0000","49.0000","2013-01-03 23:00:00"
"26521","794","7","60","2012-12-11 00:00:00","2012-12-22 00:00:00","2012-12-11 00:00:00","2013-01-04 00:00:00","4.0000","49.0000","49.0000","2013-01-03 23:00:00"
"26522","797","7","60","2012-12-11 00:00:00","2012-12-22 00:00:00","2012-12-11 00:00:00","2013-01-04 00:00:00","4.0000","49.0000","49.0000","2013-01-03 23:00:00"
"26523","516","6","50","2012-12-11 00:00:00","2012-12-22 00:00:00","2012-12-11 00:00:00","2013-01-04 00:00:00","3.0000","36.7500","36.7500","2013-01-03 23:00:00"
"26523","516","7","60","2012-12-11 00:00:00","2012-12-22 00:00:00","2012-12-11 00:00:00","2013-01-04 00:00:00","4.0000","49.0000","49.0000","2013-01-03 23:00:00"
"26524","518","6","50","2012-12-11 00:00:00","2012-12-22 00:00:00","2012-12-11 00:00:00","2013-01-04 00:00:00","3.0000","36.7500","36.7500","2013-01-03 23:00:00"
"26524","518","7","60","2012-12-11 00:00:00","2012-12-22 00:00:00","2012-12-11 00:00:00","2013-01-04 00:00:00","4.0000","49.0000","49.0000","2013-01-03 23:00:00"
"26525","519","6","50","2012-12-11 00:00:00","2012-12-22 00:00:00","2012-12-11 00:00:00","2013-01-04 00:00:00","3.0000","36.7500","36.7500","2013-01-03 23:00:00"
"26525","519","7","60","2012-12-11 00:00:00","2012-12-22 00:00:00","2012-12-11 00:00:00","2013-01-04 00:00:00","4.0000","49.0000","49.0000","2013-01-03 23:00:00"
"26529","748","1","10","2012-12-11 00:00:00","2012-12-22 00:00:00","2012-12-11 00:00:00","2013-01-04 00:00:00","4.1000","92.2500","92.2500","2013-01-03 23:00:00"
"26529","748","2","20","2012-12-11 00:00:00","2012-12-22 00:00:00","2012-12-11 00:00:00","2013-01-04 00:00:00","3.5000","87.5000","87.5000","2013-01-03 23:00:00"
"26529","748","3","30","2012-12-11 00:00:00","2012-12-22 00:00:00","2012-12-11 00:00:00","2013-01-04 00:00:00","1.0000","14.5000","14.5000","2013-01-03 23:00:00"
"26529","748","5","45","2012-12-11 00:00:00","2012-12-22 00:00:00","2012-12-11 00:00:00","2013-01-04 00:00:00","2.0000","36.0000","36.0000","2013-01-03 23:00:00"
"26529","748","6","50","2012-12-11 00:00:00","2012-12-22 00:00:00","2012-12-11 00:00:00","2013-01-04 00:00:00","3.0000","36.7500","36.7500","2013-01-03 23:00:00"
"26529","748","7","60","2012-12-11 00:00:00","2012-12-22 00:00:00","2012-12-11 00:00:00","2013-01-04 00:00:00","4.0000","49.0000","49.0000","2013-01-03 23:00:00"
"26530","806","6","50","2012-12-11 00:00:00","2012-12-22 00:00:00","2012-12-11 00:00:00","2013-01-04 00:00:00","3.0000","36.7500","36.7500","2013-01-03 23:00:00"
"26531","810","1","10","2012-12-11 00:00:00","2012-12-22 00:00:00","2012-12-11 00:00:00","2013-01-04 00:00:00","4.1000","92.2500","92.2500","2013-01-03 23:00:00"
"26531","810","2","20","2012-12-11 00:00:00","2012-12-22 00:00:00","2012-12-11 00:00:00","2013-01-04 00:00:00","3.5000","87.5000","87.5000","2013-01-03 23:00:00"
"26531","810","6","50","2012-12-11 00:00:00","2012-12-22 00:00:00","2012-12-11 00:00:00","2013-01-04 00:00:00","3.0000","36.7500","36.7500","2013-01-03 23:00:00"
"26532","812","1","10","2012-12-11 00:00:00","2012-12-22 00:00:00","2012-12-11 00:00:00","2013-01-04 00:00:00","4.1000","92.2500","92.2500","2013-01-03 23:00:00"
"26532","812","2","20","2012-12-11 00:00:00","2012-12-22 00:00:00","2012-12-11 00:00:00","2013-01-04 00:00:00","3.5000","87.5000","87.5000","2013-01-03 23:00:00"
"26532","812","6","50","2012-12-11 00:00:00","2012-12-22 00:00:00","2012-12-11 00:00:00","2013-01-04 00:00:00","3.0000","36.7500","36.7500","2013-01-03 23:00:00"
"26533","813","1","10","2012-12-11 00:00:00","2012-12-22 00:00:00","2012-12-11 00:00:00","2013-01-04 00:00:00","4.1000","92.2500","92.2500","2013-01-03 23:00:00"
"26533","813","2","20","2012-12-11 00:00:00","2012-12-22 00:00:00","2012-12-11 00:00:00","2013-01-04 00:00:00","3.5000","87.5000","87.5000","2013-01-03 23:00:00"
"26533","813","6","50","2012-12-11 00:00:00","2012-12-22 00:00:00","2012-12-11 00:00:00","2013-01-04 00:00:00","3.0000","36.7500","36.7500","2013-01-03 23:00:00"
"26534","816","6","50","2012-12-11 00:00:00","2012-12-22 00:00:00","2012-12-11 00:00:00","2013-01-04 00:00:00","3.0000","36.7500","36.7500","2013-01-03 23:00:00"
"26535","819","6","50","2012-12-11 00:00:00","2012-12-22 00:00:00","2012-12-11 00:00:00","2013-01-04 00:00:00","3.0000","36.7500","36.7500","2013-01-03 23:00:00"
"26536","820","6","50","2012-12-11 00:00:00","2012-12-22 00:00:00","2012-12-11 00:00:00","2013-01-04 00:00:00","3.0000","36.7500","36.7500","2013-01-03 23:00:00"
"26537","822","1","10","2012-12-11 00:00:00","2012-12-22 00:00:00","2012-12-11 00:00:00","2013-01-04 00:00:00","4.1000","92.2500","92.2500","2013-01-03 23:00:00"
"26537","822","2","20","2012-12-11 00:00:00","2012-12-22 00:00:00","2012-12-11 00:00:00","2013-01-04 00:00:00","3.5000","87.5000","87.5000","2013-01-03 23:00:00"
"26537","822","3","30","2012-12-11 00:00:00","2012-12-22 00:00:00","2012-12-11 00:00:00","2013-01-04 00:00:00","1.0000","14.5000","14.5000","2013-01-03 23:00:00"
"26537","822","4","40","2012-12-11 00:00:00","2012-12-22 00:00:00","2012-12-11 00:00:00","2013-01-04 00:00:00","2.0000","31.5000","31.5000","2013-01-03 23:00:00"
"26537","822","6","50","2012-12-11 00:00:00","2012-12-22 00:00:00","2012-12-11 00:00:00","2013-01-04 00:00:00","3.0000","36.7500","36.7500","2013-01-03 23:00:00"
"26537","822","7","60","2012-12-11 00:00:00","2012-12-22 00:00:00","2012-12-11 00:00:00","2013-01-04 00:00:00","4.0000","49.0000","49.0000","2013-01-03 23:00:00"
"26538","824","6","50","2012-12-11 00:00:00","2012-12-22 00:00:00","2012-12-11 00:00:00","2013-01-04 00:00:00","3.0000","36.7500","36.7500","2013-01-03 23:00:00"
"26539","827","6","50","2012-12-11 00:00:00","2012-12-22 00:00:00","2012-12-11 00:00:00","2013-01-04 00:00:00","3.0000","36.7500","36.7500","2013-01-03 23:00:00"
"26540","828","6","50","2012-12-11 00:00:00","2012-12-22 00:00:00","2012-12-11 00:00:00","2013-01-04 00:00:00","3.0000","36.7500","36.7500","2013-01-03 23:00:00"
"26543","894","6","50","2012-12-11 00:00:00","2012-12-22 00:00:00","2012-12-11 00:00:00","2013-01-04 00:00:00","3.0000","36.7500","36.7500","2013-01-03 23:00:00"
"26544","945","1","10","2012-12-11 00:00:00","2012-12-22 00:00:00","2012-12-11 00:00:00","2013-01-04 00:00:00","4.1000","92.2500","92.2500","2013-01-03 23:00:00"
"26544","945","6","50","2012-12-11 00:00:00","2012-12-22 00:00:00","2012-12-11 00:00:00","2013-01-04 00:00:00","3.0000","36.7500","36.7500","2013-01-03 23:00:00"
"26545","950","6","50","2012-12-11 00:00:00","2012-12-22 00:00:00","2012-12-11 00:00:00","2013-01-04 00:00:00","3.0000","36.7500","36.7500","2013-01-03 23:00:00"
"26546","994","6","50","2012-12-11 00:00:00","2012-12-22 00:00:00","2012-12-11 00:00:00","2013-01-04 00:00:00","3.0000","36.7500","36.7500","2013-01-03 23:00:00"
"26547","995","6","50","2012-12-11 00:00:00","2012-12-22 00:00:00","2012-12-11 00:00:00","2013-01-04 00:00:00","3.0000","36.7500","36.7500","2013-01-03 23:00:00"
"26548","996","6","50","2012-12-11 00:00:00","2012-12-22 00:00:00","2012-12-11 00:00:00","2013-01-04 00:00:00","3.0000","36.7500","36.7500","2013-01-03 23:00:00"
"26561","803","1","10","2012-12-11 00:00:00","2012-12-22 00:00:00","2012-12-11 00:00:00","2013-01-04 00:00:00","4.1000","92.2500","92.2500","2013-01-03 23:00:00"
"26561","803","6","50","2012-12-11 00:00:00","2012-12-22 00:00:00","2012-12-11 00:00:00","2013-01-04 00:00:00","3.0000","36.7500","36.7500","2013-01-03 23:00:00"
"26562","804","1","10","2012-12-11 00:00:00","2012-12-22 00:00:00","2012-12-11 00:00:00","2013-01-04 00:00:00","4.1000","92.2500","92.2500","2013-01-03 23:00:00"
"26562","804","6","50","2012-12-11 00:00:00","2012-12-22 00:00:00","2012-12-11 00:00:00","2013-01-04 00:00:00","3.0000","36.7500","36.7500","2013-01-03 23:00:00"
"26567","760","7","60","2012-12-12 00:00:00","2012-12-23 00:00:00","2012-12-15 00:00:00","2012-12-23 00:00:00","4.0000","49.0000","49.0000","2012-12-22 23:00:00"
"26568","763","7","60","2012-12-12 00:00:00","2012-12-23 00:00:00","2012-12-15 00:00:00","2012-12-23 00:00:00","4.0000","49.0000","49.0000","2012-12-22 23:00:00"
"26569","766","7","60","2012-12-12 00:00:00","2012-12-23 00:00:00","2012-12-15 00:00:00","2012-12-23 00:00:00","4.0000","49.0000","49.0000","2012-12-22 23:00:00"
"26570","768","7","60","2012-12-12 00:00:00","2012-12-23 00:00:00","2012-12-15 00:00:00","2012-12-23 00:00:00","4.0000","49.0000","49.0000","2012-12-22 23:00:00"
"26571","783","7","60","2012-12-12 00:00:00","2012-12-23 00:00:00","2012-12-15 00:00:00","2012-12-23 00:00:00","4.0000","49.0000","49.0000","2012-12-22 23:00:00"
"26572","792","7","60","2012-12-12 00:00:00","2012-12-23 00:00:00","2012-12-15 00:00:00","2012-12-23 00:00:00","4.0000","49.0000","49.0000","2012-12-22 23:00:00"
"26573","793","7","60","2012-12-12 00:00:00","2012-12-23 00:00:00","2012-12-15 00:00:00","2012-12-23 00:00:00","4.0000","49.0000","49.0000","2012-12-22 23:00:00"
"26574","797","7","60","2012-12-12 00:00:00","2012-12-23 00:00:00","2012-12-15 00:00:00","2012-12-23 00:00:00","4.0000","49.0000","49.0000","2012-12-22 23:00:00"
"26575","516","6","50","2012-12-12 00:00:00","2012-12-23 00:00:00","2012-12-15 00:00:00","2012-12-23 00:00:00","3.0000","36.7500","36.7500","2012-12-22 23:00:00"
"26575","516","7","60","2012-12-12 00:00:00","2012-12-23 00:00:00","2012-12-15 00:00:00","2012-12-23 00:00:00","4.0000","49.0000","49.0000","2012-12-22 23:00:00"
"26576","517","6","50","2012-12-12 00:00:00","2012-12-23 00:00:00","2012-12-15 00:00:00","2012-12-23 00:00:00","3.0000","36.7500","36.7500","2012-12-22 23:00:00"
"26576","517","7","60","2012-12-12 00:00:00","2012-12-23 00:00:00","2012-12-15 00:00:00","2012-12-23 00:00:00","4.0000","49.0000","49.0000","2012-12-22 23:00:00"
"26577","518","6","50","2012-12-12 00:00:00","2012-12-23 00:00:00","2012-12-15 00:00:00","2012-12-23 00:00:00","3.0000","36.7500","36.7500","2012-12-22 23:00:00"
"26577","518","7","60","2012-12-12 00:00:00","2012-12-23 00:00:00","2012-12-15 00:00:00","2012-12-23 00:00:00","4.0000","49.0000","49.0000","2012-12-22 23:00:00"
"26578","519","6","50","2012-12-12 00:00:00","2012-12-23 00:00:00","2012-12-15 00:00:00","2012-12-23 00:00:00","3.0000","36.7500","36.7500","2012-12-22 23:00:00"
"26578","519","7","60","2012-12-12 00:00:00","2012-12-23 00:00:00","2012-12-15 00:00:00","2012-12-23 00:00:00","4.0000","49.0000","49.0000","2012-12-22 23:00:00"
"26585","806","6","50","2012-12-12 00:00:00","2012-12-23 00:00:00","2012-12-15 00:00:00","2012-12-23 00:00:00","3.0000","36.7500","36.7500","2012-12-22 23:00:00"
"26586","810","1","10","2012-12-12 00:00:00","2012-12-23 00:00:00","2012-12-15 00:00:00","2012-12-23 00:00:00","4.1000","92.2500","92.2500","2012-12-22 23:00:00"
"26586","810","2","20","2012-12-12 00:00:00","2012-12-23 00:00:00","2012-12-15 00:00:00","2012-12-23 00:00:00","3.5000","87.5000","87.5000","2012-12-22 23:00:00"
"26586","810","6","50","2012-12-12 00:00:00","2012-12-23 00:00:00","2012-12-15 00:00:00","2012-12-23 00:00:00","3.0000","36.7500","36.7500","2012-12-22 23:00:00"
"26587","811","1","10","2012-12-12 00:00:00","2012-12-23 00:00:00","2012-12-15 00:00:00","2012-12-23 00:00:00","4.1000","92.2500","92.2500","2012-12-22 23:00:00"
"26587","811","2","20","2012-12-12 00:00:00","2012-12-23 00:00:00","2012-12-15 00:00:00","2012-12-23 00:00:00","3.5000","87.5000","87.5000","2012-12-22 23:00:00"
"26587","811","6","50","2012-12-12 00:00:00","2012-12-23 00:00:00","2012-12-15 00:00:00","2012-12-23 00:00:00","3.0000","36.7500","36.7500","2012-12-22 23:00:00"
"26588","812","1","10","2012-12-12 00:00:00","2012-12-23 00:00:00","2012-12-15 00:00:00","2012-12-23 00:00:00","4.1000","92.2500","92.2500","2012-12-22 23:00:00"
"26588","812","2","20","2012-12-12 00:00:00","2012-12-23 00:00:00","2012-12-15 00:00:00","2012-12-23 00:00:00","3.5000","87.5000","87.5000","2012-12-22 23:00:00"
"26588","812","6","50","2012-12-12 00:00:00","2012-12-23 00:00:00","2012-12-15 00:00:00","2012-12-23 00:00:00","3.0000","36.7500","36.7500","2012-12-22 23:00:00"
"26589","813","1","10","2012-12-12 00:00:00","2012-12-23 00:00:00","2012-12-15 00:00:00","2012-12-23 00:00:00","4.1000","92.2500","92.2500","2012-12-22 23:00:00"
"26589","813","2","20","2012-12-12 00:00:00","2012-12-23 00:00:00","2012-12-15 00:00:00","2012-12-23 00:00:00","3.5000","87.5000","87.5000","2012-12-22 23:00:00"
"26589","813","6","50","2012-12-12 00:00:00","2012-12-23 00:00:00","2012-12-15 00:00:00","2012-12-23 00:00:00","3.0000","36.7500","36.7500","2012-12-22 23:00:00"
"26590","816","6","50","2012-12-12 00:00:00","2012-12-23 00:00:00","2012-12-15 00:00:00","2012-12-23 00:00:00","3.0000","36.7500","36.7500","2012-12-22 23:00:00"
"26591","818","6","50","2012-12-12 00:00:00","2012-12-23 00:00:00","2012-12-15 00:00:00","2012-12-23 00:00:00","3.0000","36.7500","36.7500","2012-12-22 23:00:00"
"26592","819","6","50","2012-12-12 00:00:00","2012-12-23 00:00:00","2012-12-15 00:00:00","2012-12-23 00:00:00","3.0000","36.7500","36.7500","2012-12-22 23:00:00"
"26593","820","6","50","2012-12-12 00:00:00","2012-12-23 00:00:00","2012-12-15 00:00:00","2012-12-23 00:00:00","3.0000","36.7500","36.7500","2012-12-22 23:00:00"
"26594","822","1","10","2012-12-12 00:00:00","2012-12-23 00:00:00","2012-12-15 00:00:00","2012-12-23 00:00:00","4.1000","92.2500","92.2500","2012-12-22 23:00:00"
"26594","822","2","20","2012-12-12 00:00:00","2012-12-23 00:00:00","2012-12-15 00:00:00","2012-12-23 00:00:00","3.5000","87.5000","87.5000","2012-12-22 23:00:00"
"26594","822","3","30","2012-12-12 00:00:00","2012-12-23 00:00:00","2012-12-15 00:00:00","2012-12-23 00:00:00","1.0000","14.5000","14.5000","2012-12-22 23:00:00"
"26594","822","4","40","2012-12-12 00:00:00","2012-12-23 00:00:00","2012-12-15 00:00:00","2012-12-23 00:00:00","2.0000","31.5000","31.5000","2012-12-22 23:00:00"
"26594","822","6","50","2012-12-12 00:00:00","2012-12-23 00:00:00","2012-12-15 00:00:00","2012-12-23 00:00:00","3.0000","36.7500","36.7500","2012-12-22 23:00:00"
"26594","822","7","60","2012-12-12 00:00:00","2012-12-23 00:00:00","2012-12-15 00:00:00","2012-12-23 00:00:00","4.0000","49.0000","49.0000","2012-12-22 23:00:00"
"26595","824","6","50","2012-12-12 00:00:00","2012-12-23 00:00:00","2012-12-15 00:00:00","2012-12-23 00:00:00","3.0000","36.7500","36.7500","2012-12-22 23:00:00"
"26596","826","6","50","2012-12-12 00:00:00","2012-12-23 00:00:00","2012-12-15 00:00:00","2012-12-23 00:00:00","3.0000","36.7500","36.7500","2012-12-22 23:00:00"
"26597","827","6","50","2012-12-12 00:00:00","2012-12-23 00:00:00","2012-12-15 00:00:00","2012-12-23 00:00:00","3.0000","36.7500","36.7500","2012-12-22 23:00:00"
"26598","828","6","50","2012-12-12 00:00:00","2012-12-23 00:00:00","2012-12-15 00:00:00","2012-12-23 00:00:00","3.0000","36.7500","36.7500","2012-12-22 23:00:00"
"26600","894","6","50","2012-12-12 00:00:00","2012-12-23 00:00:00","2012-12-15 00:00:00","2012-12-23 00:00:00","3.0000","36.7500","36.7500","2012-12-22 23:00:00"
"26601","945","1","10","2012-12-12 00:00:00","2012-12-23 00:00:00","2012-12-15 00:00:00","2012-12-23 00:00:00","4.1000","92.2500","92.2500","2012-12-22 23:00:00"
"26601","945","6","50","2012-12-12 00:00:00","2012-12-23 00:00:00","2012-12-15 00:00:00","2012-12-23 00:00:00","3.0000","36.7500","36.7500","2012-12-22 23:00:00"
"26602","950","6","50","2012-12-12 00:00:00","2012-12-23 00:00:00","2012-12-15 00:00:00","2012-12-23 00:00:00","3.0000","36.7500","36.7500","2012-12-22 23:00:00"
"26603","994","6","50","2012-12-12 00:00:00","2012-12-23 00:00:00","2012-12-15 00:00:00","2012-12-23 00:00:00","3.0000","36.7500","36.7500","2012-12-22 23:00:00"
"26604","995","6","50","2012-12-12 00:00:00","2012-12-23 00:00:00","2012-12-15 00:00:00","2012-12-23 00:00:00","3.0000","36.7500","36.7500","2012-12-22 23:00:00"
"26605","996","6","50","2012-12-12 00:00:00","2012-12-23 00:00:00","2012-12-15 00:00:00","2012-12-23 00:00:00","3.0000","36.7500","36.7500","2012-12-22 23:00:00"
"26619","802","1","10","2012-12-12 00:00:00","2012-12-23 00:00:00","2012-12-15 00:00:00","2012-12-23 00:00:00","4.1000","92.2500","92.2500","2012-12-22 23:00:00"
"26619","802","6","50","2012-12-12 00:00:00","2012-12-23 00:00:00","2012-12-15 00:00:00","2012-12-23 00:00:00","3.0000","36.7500","36.7500","2012-12-22 23:00:00"
"26620","803","1","10","2012-12-12 00:00:00","2012-12-23 00:00:00","2012-12-15 00:00:00","2012-12-23 00:00:00","4.1000","92.2500","92.2500","2012-12-22 23:00:00"
"26620","803","6","50","2012-12-12 00:00:00","2012-12-23 00:00:00","2012-12-15 00:00:00","2012-12-23 00:00:00","3.0000","36.7500","36.7500","2012-12-22 23:00:00"
"26621","804","1","10","2012-12-12 00:00:00","2012-12-23 00:00:00","2012-12-15 00:00:00","2012-12-23 00:00:00","4.1000","92.2500","92.2500","2012-12-22 23:00:00"
"26621","804","6","50","2012-12-12 00:00:00","2012-12-23 00:00:00","2012-12-15 00:00:00","2012-12-23 00:00:00","3.0000","36.7500","36.7500","2012-12-22 23:00:00"
"26626","781","7","60","2012-12-13 00:00:00","2012-12-24 00:00:00","2012-12-13 00:00:00","2013-01-08 00:00:00","4.0000","49.0000","49.0000","2013-01-07 23:00:00"
"26627","784","7","60","2012-12-13 00:00:00","2012-12-24 00:00:00","2012-12-13 00:00:00","2013-01-08 00:00:00","4.0000","49.0000","49.0000","2013-01-07 23:00:00"
"26628","789","7","60","2012-12-13 00:00:00","2012-12-24 00:00:00","2012-12-13 00:00:00","2013-01-08 00:00:00","4.0000","49.0000","49.0000","2013-01-07 23:00:00"
"26629","792","7","60","2012-12-13 00:00:00","2012-12-24 00:00:00","2012-12-13 00:00:00","2013-01-08 00:00:00","4.0000","49.0000","49.0000","2013-01-07 23:00:00"
"26630","794","7","60","2012-12-13 00:00:00","2012-12-24 00:00:00","2012-12-13 00:00:00","2013-01-08 00:00:00","4.0000","49.0000","49.0000","2013-01-07 23:00:00"
"26631","801","7","60","2012-12-13 00:00:00","2012-12-24 00:00:00","2012-12-13 00:00:00","2013-01-08 00:00:00","4.0000","49.0000","49.0000","2013-01-07 23:00:00"
"26632","516","6","50","2012-12-13 00:00:00","2012-12-24 00:00:00","2012-12-13 00:00:00","2013-01-08 00:00:00","3.0000","36.7500","36.7500","2013-01-07 23:00:00"
"26632","516","7","60","2012-12-13 00:00:00","2012-12-24 00:00:00","2012-12-13 00:00:00","2013-01-08 00:00:00","4.0000","49.0000","49.0000","2013-01-07 23:00:00"
"26633","518","6","50","2012-12-13 00:00:00","2012-12-24 00:00:00","2012-12-13 00:00:00","2013-01-08 00:00:00","3.0000","36.7500","36.7500","2013-01-07 23:00:00"
"26633","518","7","60","2012-12-13 00:00:00","2012-12-24 00:00:00","2012-12-13 00:00:00","2013-01-08 00:00:00","4.0000","49.0000","49.0000","2013-01-07 23:00:00"
"26634","519","6","50","2012-12-13 00:00:00","2012-12-24 00:00:00","2012-12-13 00:00:00","2013-01-08 00:00:00","3.0000","36.7500","36.7500","2013-01-07 23:00:00"
"26634","519","7","60","2012-12-13 00:00:00","2012-12-24 00:00:00","2012-12-13 00:00:00","2013-01-08 00:00:00","4.0000","49.0000","49.0000","2013-01-07 23:00:00"
"26639","806","6","50","2012-12-13 00:00:00","2012-12-24 00:00:00","2012-12-13 00:00:00","2013-01-08 00:00:00","3.0000","36.7500","36.7500","2013-01-07 23:00:00"
"26640","810","1","10","2012-12-13 00:00:00","2012-12-24 00:00:00","2012-12-13 00:00:00","2013-01-08 00:00:00","4.1000","92.2500","92.2500","2013-01-07 23:00:00"
"26640","810","2","20","2012-12-13 00:00:00","2012-12-24 00:00:00","2012-12-13 00:00:00","2013-01-08 00:00:00","3.5000","87.5000","87.5000","2013-01-07 23:00:00"
"26640","810","6","50","2012-12-13 00:00:00","2012-12-24 00:00:00","2012-12-13 00:00:00","2013-01-08 00:00:00","3.0000","36.7500","36.7500","2013-01-07 23:00:00"
"26641","812","1","10","2012-12-13 00:00:00","2012-12-24 00:00:00","2012-12-13 00:00:00","2013-01-08 00:00:00","4.1000","92.2500","92.2500","2013-01-07 23:00:00"
"26641","812","2","20","2012-12-13 00:00:00","2012-12-24 00:00:00","2012-12-13 00:00:00","2013-01-08 00:00:00","3.5000","87.5000","87.5000","2013-01-07 23:00:00"
"26641","812","6","50","2012-12-13 00:00:00","2012-12-24 00:00:00","2012-12-13 00:00:00","2013-01-08 00:00:00","3.0000","36.7500","36.7500","2013-01-07 23:00:00"
"26642","813","1","10","2012-12-13 00:00:00","2012-12-24 00:00:00","2012-12-13 00:00:00","2013-01-08 00:00:00","4.1000","92.2500","92.2500","2013-01-07 23:00:00"
"26642","813","2","20","2012-12-13 00:00:00","2012-12-24 00:00:00","2012-12-13 00:00:00","2013-01-08 00:00:00","3.5000","87.5000","87.5000","2013-01-07 23:00:00"
"26642","813","6","50","2012-12-13 00:00:00","2012-12-24 00:00:00","2012-12-13 00:00:00","2013-01-08 00:00:00","3.0000","36.7500","36.7500","2013-01-07 23:00:00"
"26643","816","6","50","2012-12-13 00:00:00","2012-12-24 00:00:00","2012-12-13 00:00:00","2013-01-08 00:00:00","3.0000","36.7500","36.7500","2013-01-07 23:00:00"
"26644","819","6","50","2012-12-13 00:00:00","2012-12-24 00:00:00","2012-12-13 00:00:00","2013-01-08 00:00:00","3.0000","36.7500","36.7500","2013-01-07 23:00:00"
"26645","820","6","50","2012-12-13 00:00:00","2012-12-24 00:00:00","2012-12-13 00:00:00","2013-01-08 00:00:00","3.0000","36.7500","36.7500","2013-01-07 23:00:00"
"26646","824","6","50","2012-12-13 00:00:00","2012-12-24 00:00:00","2012-12-13 00:00:00","2013-01-08 00:00:00","3.0000","36.7500","36.7500","2013-01-07 23:00:00"
"26647","827","6","50","2012-12-13 00:00:00","2012-12-24 00:00:00","2012-12-13 00:00:00","2013-01-08 00:00:00","3.0000","36.7500","36.7500","2013-01-07 23:00:00"
"26648","828","6","50","2012-12-13 00:00:00","2012-12-24 00:00:00","2012-12-13 00:00:00","2013-01-08 00:00:00","3.0000","36.7500","36.7500","2013-01-07 23:00:00"
"26651","894","6","50","2012-12-13 00:00:00","2012-12-24 00:00:00","2012-12-13 00:00:00","2013-01-08 00:00:00","3.0000","36.7500","36.7500","2013-01-07 23:00:00"
"26652","945","1","10","2012-12-13 00:00:00","2012-12-24 00:00:00","2012-12-13 00:00:00","2013-01-08 00:00:00","4.1000","92.2500","92.2500","2013-01-07 23:00:00"
"26652","945","6","50","2012-12-13 00:00:00","2012-12-24 00:00:00","2012-12-13 00:00:00","2013-01-08 00:00:00","3.0000","36.7500","36.7500","2013-01-07 23:00:00"
"26653","950","6","50","2012-12-13 00:00:00","2012-12-24 00:00:00","2012-12-13 00:00:00","2013-01-08 00:00:00","3.0000","36.7500","36.7500","2013-01-07 23:00:00"
"26654","994","6","50","2012-12-13 00:00:00","2012-12-24 00:00:00","2012-12-13 00:00:00","2013-01-08 00:00:00","3.0000","36.7500","36.7500","2013-01-07 23:00:00"
"26655","995","6","50","2012-12-13 00:00:00","2012-12-24 00:00:00","2012-12-13 00:00:00","2013-01-08 00:00:00","3.0000","36.7500","36.7500","2013-01-07 23:00:00"
"26656","996","6","50","2012-12-13 00:00:00","2012-12-24 00:00:00","2012-12-13 00:00:00","2013-01-08 00:00:00","3.0000","36.7500","36.7500","2013-01-07 23:00:00"
"26669","803","1","10","2012-12-13 00:00:00","2012-12-24 00:00:00","2012-12-13 00:00:00","2013-01-08 00:00:00","4.1000","92.2500","92.2500","2013-01-07 23:00:00"
"26669","803","6","50","2012-12-13 00:00:00","2012-12-24 00:00:00","2012-12-13 00:00:00","2013-01-08 00:00:00","3.0000","36.7500","36.7500","2013-01-07 23:00:00"
"26670","804","1","10","2012-12-13 00:00:00","2012-12-24 00:00:00","2012-12-13 00:00:00","2013-01-08 00:00:00","4.1000","92.2500","92.2500","2013-01-07 23:00:00"
"26670","804","6","50","2012-12-13 00:00:00","2012-12-24 00:00:00","2012-12-13 00:00:00","2013-01-08 00:00:00","3.0000","36.7500","36.7500","2013-01-07 23:00:00"
"26675","763","7","60","2012-12-14 00:00:00","2012-12-25 00:00:00","2012-12-19 00:00:00","2012-12-25 00:00:00","4.0000","49.0000","49.0000","2012-12-24 23:00:00"
"26676","779","7","60","2012-12-14 00:00:00","2012-12-25 00:00:00","2012-12-19 00:00:00","2012-12-25 00:00:00","4.0000","49.0000","49.0000","2012-12-24 23:00:00"
"26677","781","7","60","2012-12-14 00:00:00","2012-12-25 00:00:00","2012-12-19 00:00:00","2012-12-25 00:00:00","4.0000","49.0000","49.0000","2012-12-24 23:00:00"
"26678","782","7","60","2012-12-14 00:00:00","2012-12-25 00:00:00","2012-12-19 00:00:00","2012-12-25 00:00:00","4.0000","49.0000","49.0000","2012-12-24 23:00:00"
"26679","783","7","60","2012-12-14 00:00:00","2012-12-25 00:00:00","2012-12-19 00:00:00","2012-12-25 00:00:00","4.0000","49.0000","49.0000","2012-12-24 23:00:00"
"26680","784","7","60","2012-12-14 00:00:00","2012-12-25 00:00:00","2012-12-19 00:00:00","2012-12-25 00:00:00","4.0000","49.0000","49.0000","2012-12-24 23:00:00"
"26681","792","7","60","2012-12-14 00:00:00","2012-12-25 00:00:00","2012-12-19 00:00:00","2012-12-25 00:00:00","4.0000","49.0000","49.0000","2012-12-24 23:00:00"
"26682","516","6","50","2012-12-14 00:00:00","2012-12-25 00:00:00","2012-12-19 00:00:00","2012-12-25 00:00:00","3.0000","36.7500","36.7500","2012-12-24 23:00:00"
"26682","516","7","60","2012-12-14 00:00:00","2012-12-25 00:00:00","2012-12-19 00:00:00","2012-12-25 00:00:00","4.0000","49.0000","49.0000","2012-12-24 23:00:00"
"26683","517","6","50","2012-12-14 00:00:00","2012-12-25 00:00:00","2012-12-19 00:00:00","2012-12-25 00:00:00","3.0000","36.7500","36.7500","2012-12-24 23:00:00"
"26683","517","7","60","2012-12-14 00:00:00","2012-12-25 00:00:00","2012-12-19 00:00:00","2012-12-25 00:00:00","4.0000","49.0000","49.0000","2012-12-24 23:00:00"
"26684","519","6","50","2012-12-14 00:00:00","2012-12-25 00:00:00","2012-12-19 00:00:00","2012-12-25 00:00:00","3.0000","36.7500","36.7500","2012-12-24 23:00:00"
"26684","519","7","60","2012-12-14 00:00:00","2012-12-25 00:00:00","2012-12-19 00:00:00","2012-12-25 00:00:00","4.0000","49.0000","49.0000","2012-12-24 23:00:00"
"26690","747","1","10","2012-12-14 00:00:00","2012-12-25 00:00:00","2012-12-19 00:00:00","2012-12-25 00:00:00","4.1000","92.2500","92.2500","2012-12-24 23:00:00"
"26690","747","2","20","2012-12-14 00:00:00","2012-12-25 00:00:00","2012-12-19 00:00:00","2012-12-25 00:00:00","3.5000","87.5000","87.5000","2012-12-24 23:00:00"
"26690","747","3","30","2012-12-14 00:00:00","2012-12-25 00:00:00","2012-12-19 00:00:00","2012-12-25 00:00:00","1.0000","14.5000","14.5000","2012-12-24 23:00:00"
"26690","747","4","40","2012-12-14 00:00:00","2012-12-25 00:00:00","2012-12-19 00:00:00","2012-12-25 00:00:00","2.0000","31.5000","31.5000","2012-12-24 23:00:00"
"26690","747","6","50","2012-12-14 00:00:00","2012-12-25 00:00:00","2012-12-19 00:00:00","2012-12-25 00:00:00","3.0000","36.7500","36.7500","2012-12-24 23:00:00"
"26690","747","7","60","2012-12-14 00:00:00","2012-12-25 00:00:00","2012-12-19 00:00:00","2012-12-25 00:00:00","4.0000","49.0000","49.0000","2012-12-24 23:00:00"
"26691","748","1","10","2012-12-14 00:00:00","2012-12-25 00:00:00","2012-12-19 00:00:00","2012-12-25 00:00:00","4.1000","92.2500","92.2500","2012-12-24 23:00:00"
"26691","748","2","20","2012-12-14 00:00:00","2012-12-25 00:00:00","2012-12-19 00:00:00","2012-12-25 00:00:00","3.5000","87.5000","87.5000","2012-12-24 23:00:00"
"26691","748","3","30","2012-12-14 00:00:00","2012-12-25 00:00:00","2012-12-19 00:00:00","2012-12-25 00:00:00","1.0000","14.5000","14.5000","2012-12-24 23:00:00"
"26691","748","5","45","2012-12-14 00:00:00","2012-12-25 00:00:00","2012-12-19 00:00:00","2012-12-25 00:00:00","2.0000","36.0000","36.0000","2012-12-24 23:00:00"
"26691","748","6","50","2012-12-14 00:00:00","2012-12-25 00:00:00","2012-12-19 00:00:00","2012-12-25 00:00:00","3.0000","36.7500","36.7500","2012-12-24 23:00:00"
"26691","748","7","60","2012-12-14 00:00:00","2012-12-25 00:00:00","2012-12-19 00:00:00","2012-12-25 00:00:00","4.0000","49.0000","49.0000","2012-12-24 23:00:00"
"26692","806","6","50","2012-12-14 00:00:00","2012-12-25 00:00:00","2012-12-19 00:00:00","2012-12-25 00:00:00","3.0000","36.7500","36.7500","2012-12-24 23:00:00"
"26693","810","1","10","2012-12-14 00:00:00","2012-12-25 00:00:00","2012-12-19 00:00:00","2012-12-25 00:00:00","4.1000","92.2500","92.2500","2012-12-24 23:00:00"
"26693","810","2","20","2012-12-14 00:00:00","2012-12-25 00:00:00","2012-12-19 00:00:00","2012-12-25 00:00:00","3.5000","87.5000","87.5000","2012-12-24 23:00:00"
"26693","810","6","50","2012-12-14 00:00:00","2012-12-25 00:00:00","2012-12-19 00:00:00","2012-12-25 00:00:00","3.0000","36.7500","36.7500","2012-12-24 23:00:00"
"26694","811","1","10","2012-12-14 00:00:00","2012-12-25 00:00:00","2012-12-19 00:00:00","2012-12-25 00:00:00","4.1000","92.2500","92.2500","2012-12-24 23:00:00"
"26694","811","2","20","2012-12-14 00:00:00","2012-12-25 00:00:00","2012-12-19 00:00:00","2012-12-25 00:00:00","3.5000","87.5000","87.5000","2012-12-24 23:00:00"
"26694","811","6","50","2012-12-14 00:00:00","2012-12-25 00:00:00","2012-12-19 00:00:00","2012-12-25 00:00:00","3.0000","36.7500","36.7500","2012-12-24 23:00:00"
"26695","813","1","10","2012-12-14 00:00:00","2012-12-25 00:00:00","2012-12-19 00:00:00","2012-12-25 00:00:00","4.1000","92.2500","92.2500","2012-12-24 23:00:00"
"26695","813","2","20","2012-12-14 00:00:00","2012-12-25 00:00:00","2012-12-19 00:00:00","2012-12-25 00:00:00","3.5000","87.5000","87.5000","2012-12-24 23:00:00"
"26695","813","6","50","2012-12-14 00:00:00","2012-12-25 00:00:00","2012-12-19 00:00:00","2012-12-25 00:00:00","3.0000","36.7500","36.7500","2012-12-24 23:00:00"
"26696","816","6","50","2012-12-14 00:00:00","2012-12-25 00:00:00","2012-12-19 00:00:00","2012-12-25 00:00:00","3.0000","36.7500","36.7500","2012-12-24 23:00:00"
"26697","818","6","50","2012-12-14 00:00:00","2012-12-25 00:00:00","2012-12-19 00:00:00","2012-12-25 00:00:00","3.0000","36.7500","36.7500","2012-12-24 23:00:00"
"26698","820","6","50","2012-12-14 00:00:00","2012-12-25 00:00:00","2012-12-19 00:00:00","2012-12-25 00:00:00","3.0000","36.7500","36.7500","2012-12-24 23:00:00"
"26699","824","6","50","2012-12-14 00:00:00","2012-12-25 00:00:00","2012-12-19 00:00:00","2012-12-25 00:00:00","3.0000","36.7500","36.7500","2012-12-24 23:00:00"
"26700","826","6","50","2012-12-14 00:00:00","2012-12-25 00:00:00","2012-12-19 00:00:00","2012-12-25 00:00:00","3.0000","36.7500","36.7500","2012-12-24 23:00:00"
"26701","828","6","50","2012-12-14 00:00:00","2012-12-25 00:00:00","2012-12-19 00:00:00","2012-12-25 00:00:00","3.0000","36.7500","36.7500","2012-12-24 23:00:00"
"26702","894","6","50","2012-12-14 00:00:00","2012-12-25 00:00:00","2012-12-19 00:00:00","2012-12-25 00:00:00","3.0000","36.7500","36.7500","2012-12-24 23:00:00"
"26703","945","1","10","2012-12-14 00:00:00","2012-12-25 00:00:00","2012-12-19 00:00:00","2012-12-25 00:00:00","4.1000","92.2500","92.2500","2012-12-24 23:00:00"
"26703","945","6","50","2012-12-14 00:00:00","2012-12-25 00:00:00","2012-12-19 00:00:00","2012-12-25 00:00:00","3.0000","36.7500","36.7500","2012-12-24 23:00:00"
"26704","950","6","50","2012-12-14 00:00:00","2012-12-25 00:00:00","2012-12-19 00:00:00","2012-12-25 00:00:00","3.0000","36.7500","36.7500","2012-12-24 23:00:00"
"26705","994","6","50","2012-12-14 00:00:00","2012-12-25 00:00:00","2012-12-19 00:00:00","2012-12-25 00:00:00","3.0000","36.7500","36.7500","2012-12-24 23:00:00"
"26706","995","6","50","2012-12-14 00:00:00","2012-12-25 00:00:00","2012-12-19 00:00:00","2012-12-25 00:00:00","3.0000","36.7500","36.7500","2012-12-24 23:00:00"
"26707","996","6","50","2012-12-14 00:00:00","2012-12-25 00:00:00","2012-12-19 00:00:00","2012-12-25 00:00:00","3.0000","36.7500","36.7500","2012-12-24 23:00:00"
"26721","802","1","10","2012-12-14 00:00:00","2012-12-25 00:00:00","2012-12-19 00:00:00","2012-12-25 00:00:00","4.1000","92.2500","92.2500","2012-12-24 23:00:00"
"26721","802","6","50","2012-12-14 00:00:00","2012-12-25 00:00:00","2012-12-19 00:00:00","2012-12-25 00:00:00","3.0000","36.7500","36.7500","2012-12-24 23:00:00"
"26722","804","1","10","2012-12-14 00:00:00","2012-12-25 00:00:00","2012-12-19 00:00:00","2012-12-25 00:00:00","4.1000","92.2500","92.2500","2012-12-24 23:00:00"
"26722","804","6","50","2012-12-14 00:00:00","2012-12-25 00:00:00","2012-12-19 00:00:00","2012-12-25 00:00:00","3.0000","36.7500","36.7500","2012-12-24 23:00:00"
"26727","770","7","60","2012-12-15 00:00:00","2012-12-26 00:00:00","2012-12-15 00:00:00","2013-01-12 00:00:00","4.0000","49.0000","49.0000","2013-01-11 23:00:00"
"26728","779","7","60","2012-12-15 00:00:00","2012-12-26 00:00:00","2012-12-15 00:00:00","2013-01-12 00:00:00","4.0000","49.0000","49.0000","2013-01-11 23:00:00"
"26729","782","7","60","2012-12-15 00:00:00","2012-12-26 00:00:00","2012-12-15 00:00:00","2013-01-12 00:00:00","4.0000","49.0000","49.0000","2013-01-11 23:00:00"
"26730","793","7","60","2012-12-15 00:00:00","2012-12-26 00:00:00","2012-12-15 00:00:00","2013-01-12 00:00:00","4.0000","49.0000","49.0000","2013-01-11 23:00:00"
"26731","795","7","60","2012-12-15 00:00:00","2012-12-26 00:00:00","2012-12-15 00:00:00","2013-01-12 00:00:00","4.0000","49.0000","49.0000","2013-01-11 23:00:00"
"26732","798","7","60","2012-12-15 00:00:00","2012-12-26 00:00:00","2012-12-15 00:00:00","2013-01-12 00:00:00","4.0000","49.0000","49.0000","2013-01-11 23:00:00"
"26733","801","7","60","2012-12-15 00:00:00","2012-12-26 00:00:00","2012-12-15 00:00:00","2013-01-12 00:00:00","4.0000","49.0000","49.0000","2013-01-11 23:00:00"
"26734","516","6","50","2012-12-15 00:00:00","2012-12-26 00:00:00","2012-12-15 00:00:00","2013-01-12 00:00:00","3.0000","36.7500","36.7500","2013-01-11 23:00:00"
"26734","516","7","60","2012-12-15 00:00:00","2012-12-26 00:00:00","2012-12-15 00:00:00","2013-01-12 00:00:00","4.0000","49.0000","49.0000","2013-01-11 23:00:00"
"26735","517","6","50","2012-12-15 00:00:00","2012-12-26 00:00:00","2012-12-15 00:00:00","2013-01-12 00:00:00","3.0000","36.7500","36.7500","2013-01-11 23:00:00"
"26735","517","7","60","2012-12-15 00:00:00","2012-12-26 00:00:00","2012-12-15 00:00:00","2013-01-12 00:00:00","4.0000","49.0000","49.0000","2013-01-11 23:00:00"
"26736","518","6","50","2012-12-15 00:00:00","2012-12-26 00:00:00","2012-12-15 00:00:00","2013-01-12 00:00:00","3.0000","36.7500","36.7500","2013-01-11 23:00:00"
"26736","518","7","60","2012-12-15 00:00:00","2012-12-26 00:00:00","2012-12-15 00:00:00","2013-01-12 00:00:00","4.0000","49.0000","49.0000","2013-01-11 23:00:00"
"26737","519","6","50","2012-12-15 00:00:00","2012-12-26 00:00:00","2012-12-15 00:00:00","2013-01-12 00:00:00","3.0000","36.7500","36.7500","2013-01-11 23:00:00"
"26737","519","7","60","2012-12-15 00:00:00","2012-12-26 00:00:00","2012-12-15 00:00:00","2013-01-12 00:00:00","4.0000","49.0000","49.0000","2013-01-11 23:00:00"
"26739","747","1","10","2012-12-15 00:00:00","2012-12-26 00:00:00","2012-12-15 00:00:00","2013-01-12 00:00:00","4.1000","92.2500","92.2500","2013-01-11 23:00:00"
"26739","747","2","20","2012-12-15 00:00:00","2012-12-26 00:00:00","2012-12-15 00:00:00","2013-01-12 00:00:00","3.5000","87.5000","87.5000","2013-01-11 23:00:00"
"26739","747","3","30","2012-12-15 00:00:00","2012-12-26 00:00:00","2012-12-15 00:00:00","2013-01-12 00:00:00","1.0000","14.5000","14.5000","2013-01-11 23:00:00"
"26739","747","4","40","2012-12-15 00:00:00","2012-12-26 00:00:00","2012-12-15 00:00:00","2013-01-12 00:00:00","2.0000","31.5000","31.5000","2013-01-11 23:00:00"
"26739","747","6","50","2012-12-15 00:00:00","2012-12-26 00:00:00","2012-12-15 00:00:00","2013-01-12 00:00:00","3.0000","36.7500","36.7500","2013-01-11 23:00:00"
"26739","747","7","60","2012-12-15 00:00:00","2012-12-26 00:00:00","2012-12-15 00:00:00","2013-01-12 00:00:00","4.0000","49.0000","49.0000","2013-01-11 23:00:00"
"26740","748","1","10","2012-12-15 00:00:00","2012-12-26 00:00:00","2012-12-15 00:00:00","2013-01-12 00:00:00","4.1000","92.2500","92.2500","2013-01-11 23:00:00"
"26740","748","2","20","2012-12-15 00:00:00","2012-12-26 00:00:00","2012-12-15 00:00:00","2013-01-12 00:00:00","3.5000","87.5000","87.5000","2013-01-11 23:00:00"
"26740","748","3","30","2012-12-15 00:00:00","2012-12-26 00:00:00","2012-12-15 00:00:00","2013-01-12 00:00:00","1.0000","14.5000","14.5000","2013-01-11 23:00:00"
"26740","748","5","45","2012-12-15 00:00:00","2012-12-26 00:00:00","2012-12-15 00:00:00","2013-01-12 00:00:00","2.0000","36.0000","36.0000","2013-01-11 23:00:00"
"26740","748","6","50","2012-12-15 00:00:00","2012-12-26 00:00:00","2012-12-15 00:00:00","2013-01-12 00:00:00","3.0000","36.7500","36.7500","2013-01-11 23:00:00"
"26740","748","7","60","2012-12-15 00:00:00","2012-12-26 00:00:00","2012-12-15 00:00:00","2013-01-12 00:00:00","4.0000","49.0000","49.0000","2013-01-11 23:00:00"
"26741","806","6","50","2012-12-15 00:00:00","2012-12-26 00:00:00","2012-12-15 00:00:00","2013-01-12 00:00:00","3.0000","36.7500","36.7500","2013-01-11 23:00:00"
"26742","810","1","10","2012-12-15 00:00:00","2012-12-26 00:00:00","2012-12-15 00:00:00","2013-01-12 00:00:00","4.1000","92.2500","92.2500","2013-01-11 23:00:00"
"26742","810","2","20","2012-12-15 00:00:00","2012-12-26 00:00:00","2012-12-15 00:00:00","2013-01-12 00:00:00","3.5000","87.5000","87.5000","2013-01-11 23:00:00"
"26742","810","6","50","2012-12-15 00:00:00","2012-12-26 00:00:00","2012-12-15 00:00:00","2013-01-12 00:00:00","3.0000","36.7500","36.7500","2013-01-11 23:00:00"
"26743","811","1","10","2012-12-15 00:00:00","2012-12-26 00:00:00","2012-12-15 00:00:00","2013-01-12 00:00:00","4.1000","92.2500","92.2500","2013-01-11 23:00:00"
"26743","811","2","20","2012-12-15 00:00:00","2012-12-26 00:00:00","2012-12-15 00:00:00","2013-01-12 00:00:00","3.5000","87.5000","87.5000","2013-01-11 23:00:00"
"26743","811","6","50","2012-12-15 00:00:00","2012-12-26 00:00:00","2012-12-15 00:00:00","2013-01-12 00:00:00","3.0000","36.7500","36.7500","2013-01-11 23:00:00"
"26744","812","1","10","2012-12-15 00:00:00","2012-12-26 00:00:00","2012-12-15 00:00:00","2013-01-12 00:00:00","4.1000","92.2500","92.2500","2013-01-11 23:00:00"
"26744","812","2","20","2012-12-15 00:00:00","2012-12-26 00:00:00","2012-12-15 00:00:00","2013-01-12 00:00:00","3.5000","87.5000","87.5000","2013-01-11 23:00:00"
"26744","812","6","50","2012-12-15 00:00:00","2012-12-26 00:00:00","2012-12-15 00:00:00","2013-01-12 00:00:00","3.0000","36.7500","36.7500","2013-01-11 23:00:00"
"26745","813","1","10","2012-12-15 00:00:00","2012-12-26 00:00:00","2012-12-15 00:00:00","2013-01-12 00:00:00","4.1000","92.2500","92.2500","2013-01-11 23:00:00"
"26745","813","2","20","2012-12-15 00:00:00","2012-12-26 00:00:00","2012-12-15 00:00:00","2013-01-12 00:00:00","3.5000","87.5000","87.5000","2013-01-11 23:00:00"
"26745","813","6","50","2012-12-15 00:00:00","2012-12-26 00:00:00","2012-12-15 00:00:00","2013-01-12 00:00:00","3.0000","36.7500","36.7500","2013-01-11 23:00:00"
"26746","816","6","50","2012-12-15 00:00:00","2012-12-26 00:00:00","2012-12-15 00:00:00","2013-01-12 00:00:00","3.0000","36.7500","36.7500","2013-01-11 23:00:00"
"26747","818","6","50","2012-12-15 00:00:00","2012-12-26 00:00:00","2012-12-15 00:00:00","2013-01-12 00:00:00","3.0000","36.7500","36.7500","2013-01-11 23:00:00"
"26748","819","6","50","2012-12-15 00:00:00","2012-12-26 00:00:00","2012-12-15 00:00:00","2013-01-12 00:00:00","3.0000","36.7500","36.7500","2013-01-11 23:00:00"
"26749","820","6","50","2012-12-15 00:00:00","2012-12-26 00:00:00","2012-12-15 00:00:00","2013-01-12 00:00:00","3.0000","36.7500","36.7500","2013-01-11 23:00:00"
"26750","824","6","50","2012-12-15 00:00:00","2012-12-26 00:00:00","2012-12-15 00:00:00","2013-01-12 00:00:00","3.0000","36.7500","36.7500","2013-01-11 23:00:00"
"26751","826","6","50","2012-12-15 00:00:00","2012-12-26 00:00:00","2012-12-15 00:00:00","2013-01-12 00:00:00","3.0000","36.7500","36.7500","2013-01-11 23:00:00"
"26752","827","6","50","2012-12-15 00:00:00","2012-12-26 00:00:00","2012-12-15 00:00:00","2013-01-12 00:00:00","3.0000","36.7500","36.7500","2013-01-11 23:00:00"
"26753","828","6","50","2012-12-15 00:00:00","2012-12-26 00:00:00","2012-12-15 00:00:00","2013-01-12 00:00:00","3.0000","36.7500","36.7500","2013-01-11 23:00:00"
"26758","894","6","50","2012-12-15 00:00:00","2012-12-26 00:00:00","2012-12-15 00:00:00","2013-01-12 00:00:00","3.0000","36.7500","36.7500","2013-01-11 23:00:00"
"26759","945","1","10","2012-12-15 00:00:00","2012-12-26 00:00:00","2012-12-15 00:00:00","2013-01-12 00:00:00","4.1000","92.2500","92.2500","2013-01-11 23:00:00"
"26759","945","6","50","2012-12-15 00:00:00","2012-12-26 00:00:00","2012-12-15 00:00:00","2013-01-12 00:00:00","3.0000","36.7500","36.7500","2013-01-11 23:00:00"
"26760","950","6","50","2012-12-15 00:00:00","2012-12-26 00:00:00","2012-12-15 00:00:00","2013-01-12 00:00:00","3.0000","36.7500","36.7500","2013-01-11 23:00:00"
"26761","994","6","50","2012-12-15 00:00:00","2012-12-26 00:00:00","2012-12-15 00:00:00","2013-01-12 00:00:00","3.0000","36.7500","36.7500","2013-01-11 23:00:00"
"26762","995","6","50","2012-12-15 00:00:00","2012-12-26 00:00:00","2012-12-15 00:00:00","2013-01-12 00:00:00","3.0000","36.7500","36.7500","2013-01-11 23:00:00"
"26763","996","6","50","2012-12-15 00:00:00","2012-12-26 00:00:00","2012-12-15 00:00:00","2013-01-12 00:00:00","3.0000","36.7500","36.7500","2013-01-11 23:00:00"
"26777","802","1","10","2012-12-15 00:00:00","2012-12-26 00:00:00","2012-12-15 00:00:00","2013-01-12 00:00:00","4.1000","92.2500","92.2500","2013-01-11 23:00:00"
"26777","802","6","50","2012-12-15 00:00:00","2012-12-26 00:00:00","2012-12-15 00:00:00","2013-01-12 00:00:00","3.0000","36.7500","36.7500","2013-01-11 23:00:00"
"26778","803","1","10","2012-12-15 00:00:00","2012-12-26 00:00:00","2012-12-15 00:00:00","2013-01-12 00:00:00","4.1000","92.2500","92.2500","2013-01-11 23:00:00"
"26778","803","6","50","2012-12-15 00:00:00","2012-12-26 00:00:00","2012-12-15 00:00:00","2013-01-12 00:00:00","3.0000","36.7500","36.7500","2013-01-11 23:00:00"
"26779","804","1","10","2012-12-15 00:00:00","2012-12-26 00:00:00","2012-12-15 00:00:00","2013-01-12 00:00:00","4.1000","92.2500","92.2500","2013-01-11 23:00:00"
"26779","804","6","50","2012-12-15 00:00:00","2012-12-26 00:00:00","2012-12-15 00:00:00","2013-01-12 00:00:00","3.0000","36.7500","36.7500","2013-01-11 23:00:00"
"26784","779","7","60","2012-12-16 00:00:00","2012-12-27 00:00:00","2012-12-23 00:00:00","2012-12-27 00:00:00","4.0000","49.0000","49.0000","2012-12-26 23:00:00"
"26785","781","7","60","2012-12-16 00:00:00","2012-12-27 00:00:00","2012-12-23 00:00:00","2012-12-27 00:00:00","4.0000","49.0000","49.0000","2012-12-26 23:00:00"
"26786","784","7","60","2012-12-16 00:00:00","2012-12-27 00:00:00","2012-12-23 00:00:00","2012-12-27 00:00:00","4.0000","49.0000","49.0000","2012-12-26 23:00:00"
"26787","516","6","50","2012-12-16 00:00:00","2012-12-27 00:00:00","2012-12-23 00:00:00","2012-12-27 00:00:00","3.0000","36.7500","36.7500","2012-12-26 23:00:00"
"26787","516","7","60","2012-12-16 00:00:00","2012-12-27 00:00:00","2012-12-23 00:00:00","2012-12-27 00:00:00","4.0000","49.0000","49.0000","2012-12-26 23:00:00"
"26790","748","1","10","2012-12-16 00:00:00","2012-12-27 00:00:00","2012-12-23 00:00:00","2012-12-27 00:00:00","4.1000","92.2500","92.2500","2012-12-26 23:00:00"
"26790","748","2","20","2012-12-16 00:00:00","2012-12-27 00:00:00","2012-12-23 00:00:00","2012-12-27 00:00:00","3.5000","87.5000","87.5000","2012-12-26 23:00:00"
"26790","748","3","30","2012-12-16 00:00:00","2012-12-27 00:00:00","2012-12-23 00:00:00","2012-12-27 00:00:00","1.0000","14.5000","14.5000","2012-12-26 23:00:00"
"26790","748","5","45","2012-12-16 00:00:00","2012-12-27 00:00:00","2012-12-23 00:00:00","2012-12-27 00:00:00","2.0000","36.0000","36.0000","2012-12-26 23:00:00"
"26790","748","6","50","2012-12-16 00:00:00","2012-12-27 00:00:00","2012-12-23 00:00:00","2012-12-27 00:00:00","3.0000","36.7500","36.7500","2012-12-26 23:00:00"
"26790","748","7","60","2012-12-16 00:00:00","2012-12-27 00:00:00","2012-12-23 00:00:00","2012-12-27 00:00:00","4.0000","49.0000","49.0000","2012-12-26 23:00:00"
"26791","806","6","50","2012-12-16 00:00:00","2012-12-27 00:00:00","2012-12-23 00:00:00","2012-12-27 00:00:00","3.0000","36.7500","36.7500","2012-12-26 23:00:00"
"26792","810","1","10","2012-12-16 00:00:00","2012-12-27 00:00:00","2012-12-23 00:00:00","2012-12-27 00:00:00","4.1000","92.2500","92.2500","2012-12-26 23:00:00"
"26792","810","2","20","2012-12-16 00:00:00","2012-12-27 00:00:00","2012-12-23 00:00:00","2012-12-27 00:00:00","3.5000","87.5000","87.5000","2012-12-26 23:00:00"
"26792","810","6","50","2012-12-16 00:00:00","2012-12-27 00:00:00","2012-12-23 00:00:00","2012-12-27 00:00:00","3.0000","36.7500","36.7500","2012-12-26 23:00:00"
"26793","816","6","50","2012-12-16 00:00:00","2012-12-27 00:00:00","2012-12-23 00:00:00","2012-12-27 00:00:00","3.0000","36.7500","36.7500","2012-12-26 23:00:00"
"26794","824","6","50","2012-12-16 00:00:00","2012-12-27 00:00:00","2012-12-23 00:00:00","2012-12-27 00:00:00","3.0000","36.7500","36.7500","2012-12-26 23:00:00"
"26795","894","6","50","2012-12-16 00:00:00","2012-12-27 00:00:00","2012-12-23 00:00:00","2012-12-27 00:00:00","3.0000","36.7500","36.7500","2012-12-26 23:00:00"
"26796","945","1","10","2012-12-16 00:00:00","2012-12-27 00:00:00","2012-12-23 00:00:00","2012-12-27 00:00:00","4.1000","92.2500","92.2500","2012-12-26 23:00:00"
"26796","945","6","50","2012-12-16 00:00:00","2012-12-27 00:00:00","2012-12-23 00:00:00","2012-12-27 00:00:00","3.0000","36.7500","36.7500","2012-12-26 23:00:00"
"26797","950","6","50","2012-12-16 00:00:00","2012-12-27 00:00:00","2012-12-23 00:00:00","2012-12-27 00:00:00","3.0000","36.7500","36.7500","2012-12-26 23:00:00"
"26798","995","6","50","2012-12-16 00:00:00","2012-12-27 00:00:00","2012-12-23 00:00:00","2012-12-27 00:00:00","3.0000","36.7500","36.7500","2012-12-26 23:00:00"
"26810","804","1","10","2012-12-16 00:00:00","2012-12-27 00:00:00","2012-12-23 00:00:00","2012-12-27 00:00:00","4.1000","92.2500","92.2500","2012-12-26 23:00:00"
"26810","804","6","50","2012-12-16 00:00:00","2012-12-27 00:00:00","2012-12-23 00:00:00","2012-12-27 00:00:00","3.0000","36.7500","36.7500","2012-12-26 23:00:00"
"26815","762","7","60","2012-12-17 00:00:00","2012-12-28 00:00:00","2012-12-17 00:00:00","2013-01-16 00:00:00","4.0000","49.0000","49.0000","2013-01-15 23:00:00"
"26816","763","7","60","2012-12-17 00:00:00","2012-12-28 00:00:00","2012-12-17 00:00:00","2013-01-16 00:00:00","4.0000","49.0000","49.0000","2013-01-15 23:00:00"
"26817","766","7","60","2012-12-17 00:00:00","2012-12-28 00:00:00","2012-12-17 00:00:00","2013-01-16 00:00:00","4.0000","49.0000","49.0000","2013-01-15 23:00:00"
"26818","781","7","60","2012-12-17 00:00:00","2012-12-28 00:00:00","2012-12-17 00:00:00","2013-01-16 00:00:00","4.0000","49.0000","49.0000","2013-01-15 23:00:00"
"26819","782","7","60","2012-12-17 00:00:00","2012-12-28 00:00:00","2012-12-17 00:00:00","2013-01-16 00:00:00","4.0000","49.0000","49.0000","2013-01-15 23:00:00"
"26820","784","7","60","2012-12-17 00:00:00","2012-12-28 00:00:00","2012-12-17 00:00:00","2013-01-16 00:00:00","4.0000","49.0000","49.0000","2013-01-15 23:00:00"
"26821","790","7","60","2012-12-17 00:00:00","2012-12-28 00:00:00","2012-12-17 00:00:00","2013-01-16 00:00:00","4.0000","49.0000","49.0000","2013-01-15 23:00:00"
"26822","795","7","60","2012-12-17 00:00:00","2012-12-28 00:00:00","2012-12-17 00:00:00","2013-01-16 00:00:00","4.0000","49.0000","49.0000","2013-01-15 23:00:00"
"26823","516","6","50","2012-12-17 00:00:00","2012-12-28 00:00:00","2012-12-17 00:00:00","2013-01-16 00:00:00","3.0000","36.7500","36.7500","2013-01-15 23:00:00"
"26823","516","7","60","2012-12-17 00:00:00","2012-12-28 00:00:00","2012-12-17 00:00:00","2013-01-16 00:00:00","4.0000","49.0000","49.0000","2013-01-15 23:00:00"
"26824","517","6","50","2012-12-17 00:00:00","2012-12-28 00:00:00","2012-12-17 00:00:00","2013-01-16 00:00:00","3.0000","36.7500","36.7500","2013-01-15 23:00:00"
"26824","517","7","60","2012-12-17 00:00:00","2012-12-28 00:00:00","2012-12-17 00:00:00","2013-01-16 00:00:00","4.0000","49.0000","49.0000","2013-01-15 23:00:00"
"26825","519","6","50","2012-12-17 00:00:00","2012-12-28 00:00:00","2012-12-17 00:00:00","2013-01-16 00:00:00","3.0000","36.7500","36.7500","2013-01-15 23:00:00"
"26825","519","7","60","2012-12-17 00:00:00","2012-12-28 00:00:00","2012-12-17 00:00:00","2013-01-16 00:00:00","4.0000","49.0000","49.0000","2013-01-15 23:00:00"
"26832","747","1","10","2012-12-17 00:00:00","2012-12-28 00:00:00","2012-12-17 00:00:00","2013-01-16 00:00:00","4.1000","92.2500","92.2500","2013-01-15 23:00:00"
"26832","747","2","20","2012-12-17 00:00:00","2012-12-28 00:00:00","2012-12-17 00:00:00","2013-01-16 00:00:00","3.5000","87.5000","87.5000","2013-01-15 23:00:00"
"26832","747","3","30","2012-12-17 00:00:00","2012-12-28 00:00:00","2012-12-17 00:00:00","2013-01-16 00:00:00","1.0000","14.5000","14.5000","2013-01-15 23:00:00"
"26832","747","4","40","2012-12-17 00:00:00","2012-12-28 00:00:00","2012-12-17 00:00:00","2013-01-16 00:00:00","2.0000","31.5000","31.5000","2013-01-15 23:00:00"
"26832","747","6","50","2012-12-17 00:00:00","2012-12-28 00:00:00","2012-12-17 00:00:00","2013-01-16 00:00:00","3.0000","36.7500","36.7500","2013-01-15 23:00:00"
"26832","747","7","60","2012-12-17 00:00:00","2012-12-28 00:00:00","2012-12-17 00:00:00","2013-01-16 00:00:00","4.0000","49.0000","49.0000","2013-01-15 23:00:00"
"26833","806","6","50","2012-12-17 00:00:00","2012-12-28 00:00:00","2012-12-17 00:00:00","2013-01-16 00:00:00","3.0000","36.7500","36.7500","2013-01-15 23:00:00"
"26834","810","1","10","2012-12-17 00:00:00","2012-12-28 00:00:00","2012-12-17 00:00:00","2013-01-16 00:00:00","4.1000","92.2500","92.2500","2013-01-15 23:00:00"
"26834","810","2","20","2012-12-17 00:00:00","2012-12-28 00:00:00","2012-12-17 00:00:00","2013-01-16 00:00:00","3.5000","87.5000","87.5000","2013-01-15 23:00:00"
"26834","810","6","50","2012-12-17 00:00:00","2012-12-28 00:00:00","2012-12-17 00:00:00","2013-01-16 00:00:00","3.0000","36.7500","36.7500","2013-01-15 23:00:00"
"26835","811","1","10","2012-12-17 00:00:00","2012-12-28 00:00:00","2012-12-17 00:00:00","2013-01-16 00:00:00","4.1000","92.2500","92.2500","2013-01-15 23:00:00"
"26835","811","2","20","2012-12-17 00:00:00","2012-12-28 00:00:00","2012-12-17 00:00:00","2013-01-16 00:00:00","3.5000","87.5000","87.5000","2013-01-15 23:00:00"
"26835","811","6","50","2012-12-17 00:00:00","2012-12-28 00:00:00","2012-12-17 00:00:00","2013-01-16 00:00:00","3.0000","36.7500","36.7500","2013-01-15 23:00:00"
"26836","813","1","10","2012-12-17 00:00:00","2012-12-28 00:00:00","2012-12-17 00:00:00","2013-01-16 00:00:00","4.1000","92.2500","92.2500","2013-01-15 23:00:00"
"26836","813","2","20","2012-12-17 00:00:00","2012-12-28 00:00:00","2012-12-17 00:00:00","2013-01-16 00:00:00","3.5000","87.5000","87.5000","2013-01-15 23:00:00"
"26836","813","6","50","2012-12-17 00:00:00","2012-12-28 00:00:00","2012-12-17 00:00:00","2013-01-16 00:00:00","3.0000","36.7500","36.7500","2013-01-15 23:00:00"
"26837","816","6","50","2012-12-17 00:00:00","2012-12-28 00:00:00","2012-12-17 00:00:00","2013-01-16 00:00:00","3.0000","36.7500","36.7500","2013-01-15 23:00:00"
"26838","818","6","50","2012-12-17 00:00:00","2012-12-28 00:00:00","2012-12-17 00:00:00","2013-01-16 00:00:00","3.0000","36.7500","36.7500","2013-01-15 23:00:00"
"26839","820","6","50","2012-12-17 00:00:00","2012-12-28 00:00:00","2012-12-17 00:00:00","2013-01-16 00:00:00","3.0000","36.7500","36.7500","2013-01-15 23:00:00"
"26840","824","6","50","2012-12-17 00:00:00","2012-12-28 00:00:00","2012-12-17 00:00:00","2013-01-16 00:00:00","3.0000","36.7500","36.7500","2013-01-15 23:00:00"
"26841","826","6","50","2012-12-17 00:00:00","2012-12-28 00:00:00","2012-12-17 00:00:00","2013-01-16 00:00:00","3.0000","36.7500","36.7500","2013-01-15 23:00:00"
"26842","828","6","50","2012-12-17 00:00:00","2012-12-28 00:00:00","2012-12-17 00:00:00","2013-01-16 00:00:00","3.0000","36.7500","36.7500","2013-01-15 23:00:00"
"26844","894","6","50","2012-12-17 00:00:00","2012-12-28 00:00:00","2012-12-17 00:00:00","2013-01-16 00:00:00","3.0000","36.7500","36.7500","2013-01-15 23:00:00"
"26845","945","1","10","2012-12-17 00:00:00","2012-12-28 00:00:00","2012-12-17 00:00:00","2013-01-16 00:00:00","4.1000","92.2500","92.2500","2013-01-15 23:00:00"
"26845","945","6","50","2012-12-17 00:00:00","2012-12-28 00:00:00","2012-12-17 00:00:00","2013-01-16 00:00:00","3.0000","36.7500","36.7500","2013-01-15 23:00:00"
"26846","950","6","50","2012-12-17 00:00:00","2012-12-28 00:00:00","2012-12-17 00:00:00","2013-01-16 00:00:00","3.0000","36.7500","36.7500","2013-01-15 23:00:00"
"26847","994","6","50","2012-12-17 00:00:00","2012-12-28 00:00:00","2012-12-17 00:00:00","2013-01-16 00:00:00","3.0000","36.7500","36.7500","2013-01-15 23:00:00"
"26848","995","6","50","2012-12-17 00:00:00","2012-12-28 00:00:00","2012-12-17 00:00:00","2013-01-16 00:00:00","3.0000","36.7500","36.7500","2013-01-15 23:00:00"
"26849","996","6","50","2012-12-17 00:00:00","2012-12-28 00:00:00","2012-12-17 00:00:00","2013-01-16 00:00:00","3.0000","36.7500","36.7500","2013-01-15 23:00:00"
"26863","802","1","10","2012-12-17 00:00:00","2012-12-28 00:00:00","2012-12-17 00:00:00","2013-01-16 00:00:00","4.1000","92.2500","92.2500","2013-01-15 23:00:00"
"26863","802","6","50","2012-12-17 00:00:00","2012-12-28 00:00:00","2012-12-17 00:00:00","2013-01-16 00:00:00","3.0000","36.7500","36.7500","2013-01-15 23:00:00"
"26864","804","1","10","2012-12-17 00:00:00","2012-12-28 00:00:00","2012-12-17 00:00:00","2013-01-16 00:00:00","4.1000","92.2500","92.2500","2013-01-15 23:00:00"
"26864","804","6","50","2012-12-17 00:00:00","2012-12-28 00:00:00","2012-12-17 00:00:00","2013-01-16 00:00:00","3.0000","36.7500","36.7500","2013-01-15 23:00:00"
"26869","761","7","60","2012-12-18 00:00:00","2012-12-29 00:00:00","2012-12-27 00:00:00","2012-12-29 00:00:00","4.0000","49.0000","49.0000","2012-12-28 23:00:00"
"26870","765","7","60","2012-12-18 00:00:00","2012-12-29 00:00:00","2012-12-27 00:00:00","2012-12-29 00:00:00","4.0000","49.0000","49.0000","2012-12-28 23:00:00"
"26871","779","7","60","2012-12-18 00:00:00","2012-12-29 00:00:00","2012-12-27 00:00:00","2012-12-29 00:00:00","4.0000","49.0000","49.0000","2012-12-28 23:00:00"
"26872","780","7","60","2012-12-18 00:00:00","2012-12-29 00:00:00","2012-12-27 00:00:00","2012-12-29 00:00:00","4.0000","49.0000","49.0000","2012-12-28 23:00:00"
"26873","783","7","60","2012-12-18 00:00:00","2012-12-29 00:00:00","2012-12-27 00:00:00","2012-12-29 00:00:00","4.0000","49.0000","49.0000","2012-12-28 23:00:00"
"26874","784","7","60","2012-12-18 00:00:00","2012-12-29 00:00:00","2012-12-27 00:00:00","2012-12-29 00:00:00","4.0000","49.0000","49.0000","2012-12-28 23:00:00"
"26875","789","7","60","2012-12-18 00:00:00","2012-12-29 00:00:00","2012-12-27 00:00:00","2012-12-29 00:00:00","4.0000","49.0000","49.0000","2012-12-28 23:00:00"
"26876","792","7","60","2012-12-18 00:00:00","2012-12-29 00:00:00","2012-12-27 00:00:00","2012-12-29 00:00:00","4.0000","49.0000","49.0000","2012-12-28 23:00:00"
"26877","793","7","60","2012-12-18 00:00:00","2012-12-29 00:00:00","2012-12-27 00:00:00","2012-12-29 00:00:00","4.0000","49.0000","49.0000","2012-12-28 23:00:00"
"26878","798","7","60","2012-12-18 00:00:00","2012-12-29 00:00:00","2012-12-27 00:00:00","2012-12-29 00:00:00","4.0000","49.0000","49.0000","2012-12-28 23:00:00"
"26879","516","6","50","2012-12-18 00:00:00","2012-12-29 00:00:00","2012-12-27 00:00:00","2012-12-29 00:00:00","3.0000","36.7500","36.7500","2012-12-28 23:00:00"
"26879","516","7","60","2012-12-18 00:00:00","2012-12-29 00:00:00","2012-12-27 00:00:00","2012-12-29 00:00:00","4.0000","49.0000","49.0000","2012-12-28 23:00:00"
"26880","517","6","50","2012-12-18 00:00:00","2012-12-29 00:00:00","2012-12-27 00:00:00","2012-12-29 00:00:00","3.0000","36.7500","36.7500","2012-12-28 23:00:00"
"26880","517","7","60","2012-12-18 00:00:00","2012-12-29 00:00:00","2012-12-27 00:00:00","2012-12-29 00:00:00","4.0000","49.0000","49.0000","2012-12-28 23:00:00"
"26881","518","6","50","2012-12-18 00:00:00","2012-12-29 00:00:00","2012-12-27 00:00:00","2012-12-29 00:00:00","3.0000","36.7500","36.7500","2012-12-28 23:00:00"
"26881","518","7","60","2012-12-18 00:00:00","2012-12-29 00:00:00","2012-12-27 00:00:00","2012-12-29 00:00:00","4.0000","49.0000","49.0000","2012-12-28 23:00:00"
"26882","519","6","50","2012-12-18 00:00:00","2012-12-29 00:00:00","2012-12-27 00:00:00","2012-12-29 00:00:00","3.0000","36.7500","36.7500","2012-12-28 23:00:00"
"26882","519","7","60","2012-12-18 00:00:00","2012-12-29 00:00:00","2012-12-27 00:00:00","2012-12-29 00:00:00","4.0000","49.0000","49.0000","2012-12-28 23:00:00"
"26890","748","1","10","2012-12-18 00:00:00","2012-12-29 00:00:00","2012-12-27 00:00:00","2012-12-29 00:00:00","4.1000","92.2500","92.2500","2012-12-28 23:00:00"
"26890","748","2","20","2012-12-18 00:00:00","2012-12-29 00:00:00","2012-12-27 00:00:00","2012-12-29 00:00:00","3.5000","87.5000","87.5000","2012-12-28 23:00:00"
"26890","748","3","30","2012-12-18 00:00:00","2012-12-29 00:00:00","2012-12-27 00:00:00","2012-12-29 00:00:00","1.0000","14.5000","14.5000","2012-12-28 23:00:00"
"26890","748","5","45","2012-12-18 00:00:00","2012-12-29 00:00:00","2012-12-27 00:00:00","2012-12-29 00:00:00","2.0000","36.0000","36.0000","2012-12-28 23:00:00"
"26890","748","6","50","2012-12-18 00:00:00","2012-12-29 00:00:00","2012-12-27 00:00:00","2012-12-29 00:00:00","3.0000","36.7500","36.7500","2012-12-28 23:00:00"
"26890","748","7","60","2012-12-18 00:00:00","2012-12-29 00:00:00","2012-12-27 00:00:00","2012-12-29 00:00:00","4.0000","49.0000","49.0000","2012-12-28 23:00:00"
"26891","806","6","50","2012-12-18 00:00:00","2012-12-29 00:00:00","2012-12-27 00:00:00","2012-12-29 00:00:00","3.0000","36.7500","36.7500","2012-12-28 23:00:00"
"26892","810","1","10","2012-12-18 00:00:00","2012-12-29 00:00:00","2012-12-27 00:00:00","2012-12-29 00:00:00","4.1000","92.2500","92.2500","2012-12-28 23:00:00"
"26892","810","2","20","2012-12-18 00:00:00","2012-12-29 00:00:00","2012-12-27 00:00:00","2012-12-29 00:00:00","3.5000","87.5000","87.5000","2012-12-28 23:00:00"
"26892","810","6","50","2012-12-18 00:00:00","2012-12-29 00:00:00","2012-12-27 00:00:00","2012-12-29 00:00:00","3.0000","36.7500","36.7500","2012-12-28 23:00:00"
"26893","811","1","10","2012-12-18 00:00:00","2012-12-29 00:00:00","2012-12-27 00:00:00","2012-12-29 00:00:00","4.1000","92.2500","92.2500","2012-12-28 23:00:00"
"26893","811","2","20","2012-12-18 00:00:00","2012-12-29 00:00:00","2012-12-27 00:00:00","2012-12-29 00:00:00","3.5000","87.5000","87.5000","2012-12-28 23:00:00"
"26893","811","6","50","2012-12-18 00:00:00","2012-12-29 00:00:00","2012-12-27 00:00:00","2012-12-29 00:00:00","3.0000","36.7500","36.7500","2012-12-28 23:00:00"
"26894","812","1","10","2012-12-18 00:00:00","2012-12-29 00:00:00","2012-12-27 00:00:00","2012-12-29 00:00:00","4.1000","92.2500","92.2500","2012-12-28 23:00:00"
"26894","812","2","20","2012-12-18 00:00:00","2012-12-29 00:00:00","2012-12-27 00:00:00","2012-12-29 00:00:00","3.5000","87.5000","87.5000","2012-12-28 23:00:00"
"26894","812","6","50","2012-12-18 00:00:00","2012-12-29 00:00:00","2012-12-27 00:00:00","2012-12-29 00:00:00","3.0000","36.7500","36.7500","2012-12-28 23:00:00"
"26895","813","1","10","2012-12-18 00:00:00","2012-12-29 00:00:00","2012-12-27 00:00:00","2012-12-29 00:00:00","4.1000","92.2500","92.2500","2012-12-28 23:00:00"
"26895","813","2","20","2012-12-18 00:00:00","2012-12-29 00:00:00","2012-12-27 00:00:00","2012-12-29 00:00:00","3.5000","87.5000","87.5000","2012-12-28 23:00:00"
"26895","813","6","50","2012-12-18 00:00:00","2012-12-29 00:00:00","2012-12-27 00:00:00","2012-12-29 00:00:00","3.0000","36.7500","36.7500","2012-12-28 23:00:00"
"26896","816","6","50","2012-12-18 00:00:00","2012-12-29 00:00:00","2012-12-27 00:00:00","2012-12-29 00:00:00","3.0000","36.7500","36.7500","2012-12-28 23:00:00"
"26897","818","6","50","2012-12-18 00:00:00","2012-12-29 00:00:00","2012-12-27 00:00:00","2012-12-29 00:00:00","3.0000","36.7500","36.7500","2012-12-28 23:00:00"
"26898","819","6","50","2012-12-18 00:00:00","2012-12-29 00:00:00","2012-12-27 00:00:00","2012-12-29 00:00:00","3.0000","36.7500","36.7500","2012-12-28 23:00:00"
"26899","820","6","50","2012-12-18 00:00:00","2012-12-29 00:00:00","2012-12-27 00:00:00","2012-12-29 00:00:00","3.0000","36.7500","36.7500","2012-12-28 23:00:00"
"26900","824","6","50","2012-12-18 00:00:00","2012-12-29 00:00:00","2012-12-27 00:00:00","2012-12-29 00:00:00","3.0000","36.7500","36.7500","2012-12-28 23:00:00"
"26901","826","6","50","2012-12-18 00:00:00","2012-12-29 00:00:00","2012-12-27 00:00:00","2012-12-29 00:00:00","3.0000","36.7500","36.7500","2012-12-28 23:00:00"
"26902","827","6","50","2012-12-18 00:00:00","2012-12-29 00:00:00","2012-12-27 00:00:00","2012-12-29 00:00:00","3.0000","36.7500","36.7500","2012-12-28 23:00:00"
"26903","828","6","50","2012-12-18 00:00:00","2012-12-29 00:00:00","2012-12-27 00:00:00","2012-12-29 00:00:00","3.0000","36.7500","36.7500","2012-12-28 23:00:00"
"26906","894","6","50","2012-12-18 00:00:00","2012-12-29 00:00:00","2012-12-27 00:00:00","2012-12-29 00:00:00","3.0000","36.7500","36.7500","2012-12-28 23:00:00"
"26907","945","1","10","2012-12-18 00:00:00","2012-12-29 00:00:00","2012-12-27 00:00:00","2012-12-29 00:00:00","4.1000","92.2500","92.2500","2012-12-28 23:00:00"
"26907","945","6","50","2012-12-18 00:00:00","2012-12-29 00:00:00","2012-12-27 00:00:00","2012-12-29 00:00:00","3.0000","36.7500","36.7500","2012-12-28 23:00:00"
"26908","950","6","50","2012-12-18 00:00:00","2012-12-29 00:00:00","2012-12-27 00:00:00","2012-12-29 00:00:00","3.0000","36.7500","36.7500","2012-12-28 23:00:00"
"26909","994","6","50","2012-12-18 00:00:00","2012-12-29 00:00:00","2012-12-27 00:00:00","2012-12-29 00:00:00","3.0000","36.7500","36.7500","2012-12-28 23:00:00"
"26910","995","6","50","2012-12-18 00:00:00","2012-12-29 00:00:00","2012-12-27 00:00:00","2012-12-29 00:00:00","3.0000","36.7500","36.7500","2012-12-28 23:00:00"
"26911","996","6","50","2012-12-18 00:00:00","2012-12-29 00:00:00","2012-12-27 00:00:00","2012-12-29 00:00:00","3.0000","36.7500","36.7500","2012-12-28 23:00:00"
"26925","802","1","10","2012-12-18 00:00:00","2012-12-29 00:00:00","2012-12-27 00:00:00","2012-12-29 00:00:00","4.1000","92.2500","92.2500","2012-12-28 23:00:00"
"26925","802","6","50","2012-12-18 00:00:00","2012-12-29 00:00:00","2012-12-27 00:00:00","2012-12-29 00:00:00","3.0000","36.7500","36.7500","2012-12-28 23:00:00"
"26926","803","1","10","2012-12-18 00:00:00","2012-12-29 00:00:00","2012-12-27 00:00:00","2012-12-29 00:00:00","4.1000","92.2500","92.2500","2012-12-28 23:00:00"
"26926","803","6","50","2012-12-18 00:00:00","2012-12-29 00:00:00","2012-12-27 00:00:00","2012-12-29 00:00:00","3.0000","36.7500","36.7500","2012-12-28 23:00:00"
"26927","804","1","10","2012-12-18 00:00:00","2012-12-29 00:00:00","2012-12-27 00:00:00","2012-12-29 00:00:00","4.1000","92.2500","92.2500","2012-12-28 23:00:00"
"26927","804","6","50","2012-12-18 00:00:00","2012-12-29 00:00:00","2012-12-27 00:00:00","2012-12-29 00:00:00","3.0000","36.7500","36.7500","2012-12-28 23:00:00"
"26932","764","7","60","2012-12-19 00:00:00","2012-12-30 00:00:00","2012-12-19 00:00:00","2013-01-20 00:00:00","4.0000","49.0000","49.0000","2013-01-19 23:00:00"
"26933","779","7","60","2012-12-19 00:00:00","2012-12-30 00:00:00","2012-12-19 00:00:00","2013-01-20 00:00:00","4.0000","49.0000","49.0000","2013-01-19 23:00:00"
"26934","780","7","60","2012-12-19 00:00:00","2012-12-30 00:00:00","2012-12-19 00:00:00","2013-01-20 00:00:00","4.0000","49.0000","49.0000","2013-01-19 23:00:00"
"26935","784","7","60","2012-12-19 00:00:00","2012-12-30 00:00:00","2012-12-19 00:00:00","2013-01-20 00:00:00","4.0000","49.0000","49.0000","2013-01-19 23:00:00"
"26936","799","7","60","2012-12-19 00:00:00","2012-12-30 00:00:00","2012-12-19 00:00:00","2013-01-20 00:00:00","4.0000","49.0000","49.0000","2013-01-19 23:00:00"
"26937","800","7","60","2012-12-19 00:00:00","2012-12-30 00:00:00","2012-12-19 00:00:00","2013-01-20 00:00:00","4.0000","49.0000","49.0000","2013-01-19 23:00:00"
"26938","516","6","50","2012-12-19 00:00:00","2012-12-30 00:00:00","2012-12-19 00:00:00","2013-01-20 00:00:00","3.0000","36.7500","36.7500","2013-01-19 23:00:00"
"26938","516","7","60","2012-12-19 00:00:00","2012-12-30 00:00:00","2012-12-19 00:00:00","2013-01-20 00:00:00","4.0000","49.0000","49.0000","2013-01-19 23:00:00"
"26939","517","6","50","2012-12-19 00:00:00","2012-12-30 00:00:00","2012-12-19 00:00:00","2013-01-20 00:00:00","3.0000","36.7500","36.7500","2013-01-19 23:00:00"
"26939","517","7","60","2012-12-19 00:00:00","2012-12-30 00:00:00","2012-12-19 00:00:00","2013-01-20 00:00:00","4.0000","49.0000","49.0000","2013-01-19 23:00:00"
"26940","518","6","50","2012-12-19 00:00:00","2012-12-30 00:00:00","2012-12-19 00:00:00","2013-01-20 00:00:00","3.0000","36.7500","36.7500","2013-01-19 23:00:00"
"26940","518","7","60","2012-12-19 00:00:00","2012-12-30 00:00:00","2012-12-19 00:00:00","2013-01-20 00:00:00","4.0000","49.0000","49.0000","2013-01-19 23:00:00"
"26944","748","1","10","2012-12-19 00:00:00","2012-12-30 00:00:00","2012-12-19 00:00:00","2013-01-20 00:00:00","4.1000","92.2500","92.2500","2013-01-19 23:00:00"
"26944","748","2","20","2012-12-19 00:00:00","2012-12-30 00:00:00","2012-12-19 00:00:00","2013-01-20 00:00:00","3.5000","87.5000","87.5000","2013-01-19 23:00:00"
"26944","748","3","30","2012-12-19 00:00:00","2012-12-30 00:00:00","2012-12-19 00:00:00","2013-01-20 00:00:00","1.0000","14.5000","14.5000","2013-01-19 23:00:00"
"26944","748","5","45","2012-12-19 00:00:00","2012-12-30 00:00:00","2012-12-19 00:00:00","2013-01-20 00:00:00","2.0000","36.0000","36.0000","2013-01-19 23:00:00"
"26944","748","6","50","2012-12-19 00:00:00","2012-12-30 00:00:00","2012-12-19 00:00:00","2013-01-20 00:00:00","3.0000","36.7500","36.7500","2013-01-19 23:00:00"
"26944","748","7","60","2012-12-19 00:00:00","2012-12-30 00:00:00","2012-12-19 00:00:00","2013-01-20 00:00:00","4.0000","49.0000","49.0000","2013-01-19 23:00:00"
"26945","806","6","50","2012-12-19 00:00:00","2012-12-30 00:00:00","2012-12-19 00:00:00","2013-01-20 00:00:00","3.0000","36.7500","36.7500","2013-01-19 23:00:00"
"26946","810","1","10","2012-12-19 00:00:00","2012-12-30 00:00:00","2012-12-19 00:00:00","2013-01-20 00:00:00","4.1000","92.2500","92.2500","2013-01-19 23:00:00"
"26946","810","2","20","2012-12-19 00:00:00","2012-12-30 00:00:00","2012-12-19 00:00:00","2013-01-20 00:00:00","3.5000","87.5000","87.5000","2013-01-19 23:00:00"
"26946","810","6","50","2012-12-19 00:00:00","2012-12-30 00:00:00","2012-12-19 00:00:00","2013-01-20 00:00:00","3.0000","36.7500","36.7500","2013-01-19 23:00:00"
"26947","811","1","10","2012-12-19 00:00:00","2012-12-30 00:00:00","2012-12-19 00:00:00","2013-01-20 00:00:00","4.1000","92.2500","92.2500","2013-01-19 23:00:00"
"26947","811","2","20","2012-12-19 00:00:00","2012-12-30 00:00:00","2012-12-19 00:00:00","2013-01-20 00:00:00","3.5000","87.5000","87.5000","2013-01-19 23:00:00"
"26947","811","6","50","2012-12-19 00:00:00","2012-12-30 00:00:00","2012-12-19 00:00:00","2013-01-20 00:00:00","3.0000","36.7500","36.7500","2013-01-19 23:00:00"
"26948","812","1","10","2012-12-19 00:00:00","2012-12-30 00:00:00","2012-12-19 00:00:00","2013-01-20 00:00:00","4.1000","92.2500","92.2500","2013-01-19 23:00:00"
"26948","812","2","20","2012-12-19 00:00:00","2012-12-30 00:00:00","2012-12-19 00:00:00","2013-01-20 00:00:00","3.5000","87.5000","87.5000","2013-01-19 23:00:00"
"26948","812","6","50","2012-12-19 00:00:00","2012-12-30 00:00:00","2012-12-19 00:00:00","2013-01-20 00:00:00","3.0000","36.7500","36.7500","2013-01-19 23:00:00"
"26949","816","6","50","2012-12-19 00:00:00","2012-12-30 00:00:00","2012-12-19 00:00:00","2013-01-20 00:00:00","3.0000","36.7500","36.7500","2013-01-19 23:00:00"
"26950","818","6","50","2012-12-19 00:00:00","2012-12-30 00:00:00","2012-12-19 00:00:00","2013-01-20 00:00:00","3.0000","36.7500","36.7500","2013-01-19 23:00:00"
"26951","819","6","50","2012-12-19 00:00:00","2012-12-30 00:00:00","2012-12-19 00:00:00","2013-01-20 00:00:00","3.0000","36.7500","36.7500","2013-01-19 23:00:00"
"26952","824","6","50","2012-12-19 00:00:00","2012-12-30 00:00:00","2012-12-19 00:00:00","2013-01-20 00:00:00","3.0000","36.7500","36.7500","2013-01-19 23:00:00"
"26953","826","6","50","2012-12-19 00:00:00","2012-12-30 00:00:00","2012-12-19 00:00:00","2013-01-20 00:00:00","3.0000","36.7500","36.7500","2013-01-19 23:00:00"
"26954","827","6","50","2012-12-19 00:00:00","2012-12-30 00:00:00","2012-12-19 00:00:00","2013-01-20 00:00:00","3.0000","36.7500","36.7500","2013-01-19 23:00:00"
"26957","894","6","50","2012-12-19 00:00:00","2012-12-30 00:00:00","2012-12-19 00:00:00","2013-01-20 00:00:00","3.0000","36.7500","36.7500","2013-01-19 23:00:00"
"26958","945","1","10","2012-12-19 00:00:00","2012-12-30 00:00:00","2012-12-19 00:00:00","2013-01-20 00:00:00","4.1000","92.2500","92.2500","2013-01-19 23:00:00"
"26958","945","6","50","2012-12-19 00:00:00","2012-12-30 00:00:00","2012-12-19 00:00:00","2013-01-20 00:00:00","3.0000","36.7500","36.7500","2013-01-19 23:00:00"
"26959","950","6","50","2012-12-19 00:00:00","2012-12-30 00:00:00","2012-12-19 00:00:00","2013-01-20 00:00:00","3.0000","36.7500","36.7500","2013-01-19 23:00:00"
"26960","994","6","50","2012-12-19 00:00:00","2012-12-30 00:00:00","2012-12-19 00:00:00","2013-01-20 00:00:00","3.0000","36.7500","36.7500","2013-01-19 23:00:00"
"26961","995","6","50","2012-12-19 00:00:00","2012-12-30 00:00:00","2012-12-19 00:00:00","2013-01-20 00:00:00","3.0000","36.7500","36.7500","2013-01-19 23:00:00"
"26975","802","1","10","2012-12-19 00:00:00","2012-12-30 00:00:00","2012-12-19 00:00:00","2013-01-20 00:00:00","4.1000","92.2500","92.2500","2013-01-19 23:00:00"
"26975","802","6","50","2012-12-19 00:00:00","2012-12-30 00:00:00","2012-12-19 00:00:00","2013-01-20 00:00:00","3.0000","36.7500","36.7500","2013-01-19 23:00:00"
"26976","803","1","10","2012-12-19 00:00:00","2012-12-30 00:00:00","2012-12-19 00:00:00","2013-01-20 00:00:00","4.1000","92.2500","92.2500","2013-01-19 23:00:00"
"26976","803","6","50","2012-12-19 00:00:00","2012-12-30 00:00:00","2012-12-19 00:00:00","2013-01-20 00:00:00","3.0000","36.7500","36.7500","2013-01-19 23:00:00"
"26977","804","1","10","2012-12-19 00:00:00","2012-12-30 00:00:00","2012-12-19 00:00:00","2013-01-20 00:00:00","4.1000","92.2500","92.2500","2013-01-19 23:00:00"
"26977","804","6","50","2012-12-19 00:00:00","2012-12-30 00:00:00","2012-12-19 00:00:00","2013-01-20 00:00:00","3.0000","36.7500","36.7500","2013-01-19 23:00:00"
"26982","761","7","60","2012-12-20 00:00:00","2012-12-31 00:00:00","2012-12-31 00:00:00","2013-01-01 00:00:00","4.0000","49.0000","49.0000","2012-12-31 23:00:00"
"26983","779","7","60","2012-12-20 00:00:00","2012-12-31 00:00:00","2012-12-31 00:00:00","2013-01-01 00:00:00","4.0000","49.0000","49.0000","2012-12-31 23:00:00"
"26984","784","7","60","2012-12-20 00:00:00","2012-12-31 00:00:00","2012-12-31 00:00:00","2013-01-01 00:00:00","4.0000","49.0000","49.0000","2012-12-31 23:00:00"
"26985","790","7","60","2012-12-20 00:00:00","2012-12-31 00:00:00","2012-12-31 00:00:00","2013-01-01 00:00:00","4.0000","49.0000","49.0000","2012-12-31 23:00:00"
"26986","793","7","60","2012-12-20 00:00:00","2012-12-31 00:00:00","2012-12-31 00:00:00","2013-01-01 00:00:00","4.0000","49.0000","49.0000","2012-12-31 23:00:00"
"26987","798","7","60","2012-12-20 00:00:00","2012-12-31 00:00:00","2012-12-31 00:00:00","2013-01-01 00:00:00","4.0000","49.0000","49.0000","2012-12-31 23:00:00"
"26988","516","6","50","2012-12-20 00:00:00","2012-12-31 00:00:00","2012-12-31 00:00:00","2013-01-01 00:00:00","3.0000","36.7500","36.7500","2012-12-31 23:00:00"
"26988","516","7","60","2012-12-20 00:00:00","2012-12-31 00:00:00","2012-12-31 00:00:00","2013-01-01 00:00:00","4.0000","49.0000","49.0000","2012-12-31 23:00:00"
"26989","517","6","50","2012-12-20 00:00:00","2012-12-31 00:00:00","2012-12-31 00:00:00","2013-01-01 00:00:00","3.0000","36.7500","36.7500","2012-12-31 23:00:00"
"26989","517","7","60","2012-12-20 00:00:00","2012-12-31 00:00:00","2012-12-31 00:00:00","2013-01-01 00:00:00","4.0000","49.0000","49.0000","2012-12-31 23:00:00"
"26990","518","6","50","2012-12-20 00:00:00","2012-12-31 00:00:00","2012-12-31 00:00:00","2013-01-01 00:00:00","3.0000","36.7500","36.7500","2012-12-31 23:00:00"
"26990","518","7","60","2012-12-20 00:00:00","2012-12-31 00:00:00","2012-12-31 00:00:00","2013-01-01 00:00:00","4.0000","49.0000","49.0000","2012-12-31 23:00:00"
"26991","519","6","50","2012-12-20 00:00:00","2012-12-31 00:00:00","2012-12-31 00:00:00","2013-01-01 00:00:00","3.0000","36.7500","36.7500","2012-12-31 23:00:00"
"26991","519","7","60","2012-12-20 00:00:00","2012-12-31 00:00:00","2012-12-31 00:00:00","2013-01-01 00:00:00","4.0000","49.0000","49.0000","2012-12-31 23:00:00"
"26995","748","1","10","2012-12-20 00:00:00","2012-12-31 00:00:00","2012-12-31 00:00:00","2013-01-01 00:00:00","4.1000","92.2500","92.2500","2012-12-31 23:00:00"
"26995","748","2","20","2012-12-20 00:00:00","2012-12-31 00:00:00","2012-12-31 00:00:00","2013-01-01 00:00:00","3.5000","87.5000","87.5000","2012-12-31 23:00:00"
"26995","748","3","30","2012-12-20 00:00:00","2012-12-31 00:00:00","2012-12-31 00:00:00","2013-01-01 00:00:00","1.0000","14.5000","14.5000","2012-12-31 23:00:00"
"26995","748","5","45","2012-12-20 00:00:00","2012-12-31 00:00:00","2012-12-31 00:00:00","2013-01-01 00:00:00","2.0000","36.0000","36.0000","2012-12-31 23:00:00"
"26995","748","6","50","2012-12-20 00:00:00","2012-12-31 00:00:00","2012-12-31 00:00:00","2013-01-01 00:00:00","3.0000","36.7500","36.7500","2012-12-31 23:00:00"
"26995","748","7","60","2012-12-20 00:00:00","2012-12-31 00:00:00","2012-12-31 00:00:00","2013-01-01 00:00:00","4.0000","49.0000","49.0000","2012-12-31 23:00:00"
"26996","806","6","50","2012-12-20 00:00:00","2012-12-31 00:00:00","2012-12-31 00:00:00","2013-01-01 00:00:00","3.0000","36.7500","36.7500","2012-12-31 23:00:00"
"26997","810","1","10","2012-12-20 00:00:00","2012-12-31 00:00:00","2012-12-31 00:00:00","2013-01-01 00:00:00","4.1000","92.2500","92.2500","2012-12-31 23:00:00"
"26997","810","2","20","2012-12-20 00:00:00","2012-12-31 00:00:00","2012-12-31 00:00:00","2013-01-01 00:00:00","3.5000","87.5000","87.5000","2012-12-31 23:00:00"
"26997","810","6","50","2012-12-20 00:00:00","2012-12-31 00:00:00","2012-12-31 00:00:00","2013-01-01 00:00:00","3.0000","36.7500","36.7500","2012-12-31 23:00:00"
"26998","811","1","10","2012-12-20 00:00:00","2012-12-31 00:00:00","2012-12-31 00:00:00","2013-01-01 00:00:00","4.1000","92.2500","92.2500","2012-12-31 23:00:00"
"26998","811","2","20","2012-12-20 00:00:00","2012-12-31 00:00:00","2012-12-31 00:00:00","2013-01-01 00:00:00","3.5000","87.5000","87.5000","2012-12-31 23:00:00"
"26998","811","6","50","2012-12-20 00:00:00","2012-12-31 00:00:00","2012-12-31 00:00:00","2013-01-01 00:00:00","3.0000","36.7500","36.7500","2012-12-31 23:00:00"
"26999","812","1","10","2012-12-20 00:00:00","2012-12-31 00:00:00","2012-12-31 00:00:00","2013-01-01 00:00:00","4.1000","92.2500","92.2500","2012-12-31 23:00:00"
"26999","812","2","20","2012-12-20 00:00:00","2012-12-31 00:00:00","2012-12-31 00:00:00","2013-01-01 00:00:00","3.5000","87.5000","87.5000","2012-12-31 23:00:00"
"26999","812","6","50","2012-12-20 00:00:00","2012-12-31 00:00:00","2012-12-31 00:00:00","2013-01-01 00:00:00","3.0000","36.7500","36.7500","2012-12-31 23:00:00"
"27000","813","1","10","2012-12-20 00:00:00","2012-12-31 00:00:00","2012-12-31 00:00:00","2013-01-01 00:00:00","4.1000","92.2500","92.2500","2012-12-31 23:00:00"
"27000","813","2","20","2012-12-20 00:00:00","2012-12-31 00:00:00","2012-12-31 00:00:00","2013-01-01 00:00:00","3.5000","87.5000","87.5000","2012-12-31 23:00:00"
"27000","813","6","50","2012-12-20 00:00:00","2012-12-31 00:00:00","2012-12-31 00:00:00","2013-01-01 00:00:00","3.0000","36.7500","36.7500","2012-12-31 23:00:00"
"27001","816","6","50","2012-12-20 00:00:00","2012-12-31 00:00:00","2012-12-31 00:00:00","2013-01-01 00:00:00","3.0000","36.7500","36.7500","2012-12-31 23:00:00"
"27002","818","6","50","2012-12-20 00:00:00","2012-12-31 00:00:00","2012-12-31 00:00:00","2013-01-01 00:00:00","3.0000","36.7500","36.7500","2012-12-31 23:00:00"
"27003","819","6","50","2012-12-20 00:00:00","2012-12-31 00:00:00","2012-12-31 00:00:00","2013-01-01 00:00:00","3.0000","36.7500","36.7500","2012-12-31 23:00:00"
"27004","820","6","50","2012-12-20 00:00:00","2012-12-31 00:00:00","2012-12-31 00:00:00","2013-01-01 00:00:00","3.0000","36.7500","36.7500","2012-12-31 23:00:00"
"27005","824","6","50","2012-12-20 00:00:00","2012-12-31 00:00:00","2012-12-31 00:00:00","2013-01-01 00:00:00","3.0000","36.7500","36.7500","2012-12-31 23:00:00"
"27006","826","6","50","2012-12-20 00:00:00","2012-12-31 00:00:00","2012-12-31 00:00:00","2013-01-01 00:00:00","3.0000","36.7500","36.7500","2012-12-31 23:00:00"
"27007","827","6","50","2012-12-20 00:00:00","2012-12-31 00:00:00","2012-12-31 00:00:00","2013-01-01 00:00:00","3.0000","36.7500","36.7500","2012-12-31 23:00:00"
"27008","828","6","50","2012-12-20 00:00:00","2012-12-31 00:00:00","2012-12-31 00:00:00","2013-01-01 00:00:00","3.0000","36.7500","36.7500","2012-12-31 23:00:00"
"27011","894","6","50","2012-12-20 00:00:00","2012-12-31 00:00:00","2012-12-31 00:00:00","2013-01-01 00:00:00","3.0000","36.7500","36.7500","2012-12-31 23:00:00"
"27012","945","1","10","2012-12-20 00:00:00","2012-12-31 00:00:00","2012-12-31 00:00:00","2013-01-01 00:00:00","4.1000","92.2500","92.2500","2012-12-31 23:00:00"
"27012","945","6","50","2012-12-20 00:00:00","2012-12-31 00:00:00","2012-12-31 00:00:00","2013-01-01 00:00:00","3.0000","36.7500","36.7500","2012-12-31 23:00:00"
"27013","950","6","50","2012-12-20 00:00:00","2012-12-31 00:00:00","2012-12-31 00:00:00","2013-01-01 00:00:00","3.0000","36.7500","36.7500","2012-12-31 23:00:00"
"27014","994","6","50","2012-12-20 00:00:00","2012-12-31 00:00:00","2012-12-31 00:00:00","2013-01-01 00:00:00","3.0000","36.7500","36.7500","2012-12-31 23:00:00"
"27015","995","6","50","2012-12-20 00:00:00","2012-12-31 00:00:00","2012-12-31 00:00:00","2013-01-01 00:00:00","3.0000","36.7500","36.7500","2012-12-31 23:00:00"
"27016","996","6","50","2012-12-20 00:00:00","2012-12-31 00:00:00","2012-12-31 00:00:00","2013-01-01 00:00:00","3.0000","36.7500","36.7500","2012-12-31 23:00:00"
"27030","802","1","10","2012-12-20 00:00:00","2012-12-31 00:00:00","2012-12-31 00:00:00","2013-01-01 00:00:00","4.1000","92.2500","92.2500","2012-12-31 23:00:00"
"27030","802","6","50","2012-12-20 00:00:00","2012-12-31 00:00:00","2012-12-31 00:00:00","2013-01-01 00:00:00","3.0000","36.7500","36.7500","2012-12-31 23:00:00"
"27031","803","1","10","2012-12-20 00:00:00","2012-12-31 00:00:00","2012-12-31 00:00:00","2013-01-01 00:00:00","4.1000","92.2500","92.2500","2012-12-31 23:00:00"
"27031","803","6","50","2012-12-20 00:00:00","2012-12-31 00:00:00","2012-12-31 00:00:00","2013-01-01 00:00:00","3.0000","36.7500","36.7500","2012-12-31 23:00:00"
"27032","804","1","10","2012-12-20 00:00:00","2012-12-31 00:00:00","2012-12-31 00:00:00","2013-01-01 00:00:00","4.1000","92.2500","92.2500","2012-12-31 23:00:00"
"27032","804","6","50","2012-12-20 00:00:00","2012-12-31 00:00:00","2012-12-31 00:00:00","2013-01-01 00:00:00","3.0000","36.7500","36.7500","2012-12-31 23:00:00"
"27037","766","7","60","2012-12-21 00:00:00","2013-01-01 00:00:00","2012-12-21 00:00:00","2013-01-01 00:00:00","4.0000","49.0000","49.0000","2012-12-31 23:00:00"
"27038","779","7","60","2012-12-21 00:00:00","2013-01-01 00:00:00","2012-12-21 00:00:00","2013-01-01 00:00:00","4.0000","49.0000","49.0000","2012-12-31 23:00:00"
"27039","780","7","60","2012-12-21 00:00:00","2013-01-01 00:00:00","2012-12-21 00:00:00","2013-01-01 00:00:00","4.0000","49.0000","49.0000","2012-12-31 23:00:00"
"27040","782","7","60","2012-12-21 00:00:00","2013-01-01 00:00:00","2012-12-21 00:00:00","2013-01-01 00:00:00","4.0000","49.0000","49.0000","2012-12-31 23:00:00"
"27041","791","7","60","2012-12-21 00:00:00","2013-01-01 00:00:00","2012-12-21 00:00:00","2013-01-01 00:00:00","4.0000","49.0000","49.0000","2012-12-31 23:00:00"
"27042","516","6","50","2012-12-21 00:00:00","2013-01-01 00:00:00","2012-12-21 00:00:00","2013-01-01 00:00:00","3.0000","36.7500","36.7500","2012-12-31 23:00:00"
"27042","516","7","60","2012-12-21 00:00:00","2013-01-01 00:00:00","2012-12-21 00:00:00","2013-01-01 00:00:00","4.0000","49.0000","49.0000","2012-12-31 23:00:00"
"27043","517","6","50","2012-12-21 00:00:00","2013-01-01 00:00:00","2012-12-21 00:00:00","2013-01-01 00:00:00","3.0000","36.7500","36.7500","2012-12-31 23:00:00"
"27043","517","7","60","2012-12-21 00:00:00","2013-01-01 00:00:00","2012-12-21 00:00:00","2013-01-01 00:00:00","4.0000","49.0000","49.0000","2012-12-31 23:00:00"
"27044","519","6","50","2012-12-21 00:00:00","2013-01-01 00:00:00","2012-12-21 00:00:00","2013-01-01 00:00:00","3.0000","36.7500","36.7500","2012-12-31 23:00:00"
"27044","519","7","60","2012-12-21 00:00:00","2013-01-01 00:00:00","2012-12-21 00:00:00","2013-01-01 00:00:00","4.0000","49.0000","49.0000","2012-12-31 23:00:00"
"27048","747","1","10","2012-12-21 00:00:00","2013-01-01 00:00:00","2012-12-21 00:00:00","2013-01-01 00:00:00","4.1000","92.2500","92.2500","2012-12-31 23:00:00"
"27048","747","2","20","2012-12-21 00:00:00","2013-01-01 00:00:00","2012-12-21 00:00:00","2013-01-01 00:00:00","3.5000","87.5000","87.5000","2012-12-31 23:00:00"
"27048","747","3","30","2012-12-21 00:00:00","2013-01-01 00:00:00","2012-12-21 00:00:00","2013-01-01 00:00:00","1.0000","14.5000","14.5000","2012-12-31 23:00:00"
"27048","747","4","40","2012-12-21 00:00:00","2013-01-01 00:00:00","2012-12-21 00:00:00","2013-01-01 00:00:00","2.0000","31.5000","31.5000","2012-12-31 23:00:00"
"27048","747","6","50","2012-12-21 00:00:00","2013-01-01 00:00:00","2012-12-21 00:00:00","2013-01-01 00:00:00","3.0000","36.7500","36.7500","2012-12-31 23:00:00"
"27048","747","7","60","2012-12-21 00:00:00","2013-01-01 00:00:00","2012-12-21 00:00:00","2013-01-01 00:00:00","4.0000","49.0000","49.0000","2012-12-31 23:00:00"
"27049","748","1","10","2012-12-21 00:00:00","2013-01-01 00:00:00","2012-12-21 00:00:00","2013-01-01 00:00:00","4.1000","92.2500","92.2500","2012-12-31 23:00:00"
"27049","748","2","20","2012-12-21 00:00:00","2013-01-01 00:00:00","2012-12-21 00:00:00","2013-01-01 00:00:00","3.5000","87.5000","87.5000","2012-12-31 23:00:00"
"27049","748","3","30","2012-12-21 00:00:00","2013-01-01 00:00:00","2012-12-21 00:00:00","2013-01-01 00:00:00","1.0000","14.5000","14.5000","2012-12-31 23:00:00"
"27049","748","5","45","2012-12-21 00:00:00","2013-01-01 00:00:00","2012-12-21 00:00:00","2013-01-01 00:00:00","2.0000","36.0000","36.0000","2012-12-31 23:00:00"
"27049","748","6","50","2012-12-21 00:00:00","2013-01-01 00:00:00","2012-12-21 00:00:00","2013-01-01 00:00:00","3.0000","36.7500","36.7500","2012-12-31 23:00:00"
"27049","748","7","60","2012-12-21 00:00:00","2013-01-01 00:00:00","2012-12-21 00:00:00","2013-01-01 00:00:00","4.0000","49.0000","49.0000","2012-12-31 23:00:00"
"27050","806","6","50","2012-12-21 00:00:00","2013-01-01 00:00:00","2012-12-21 00:00:00","2013-01-01 00:00:00","3.0000","36.7500","36.7500","2012-12-31 23:00:00"
"27051","810","1","10","2012-12-21 00:00:00","2013-01-01 00:00:00","2012-12-21 00:00:00","2013-01-01 00:00:00","4.1000","92.2500","92.2500","2012-12-31 23:00:00"
"27051","810","2","20","2012-12-21 00:00:00","2013-01-01 00:00:00","2012-12-21 00:00:00","2013-01-01 00:00:00","3.5000","87.5000","87.5000","2012-12-31 23:00:00"
"27051","810","6","50","2012-12-21 00:00:00","2013-01-01 00:00:00","2012-12-21 00:00:00","2013-01-01 00:00:00","3.0000","36.7500","36.7500","2012-12-31 23:00:00"
"27052","811","1","10","2012-12-21 00:00:00","2013-01-01 00:00:00","2012-12-21 00:00:00","2013-01-01 00:00:00","4.1000","92.2500","92.2500","2012-12-31 23:00:00"
"27052","811","2","20","2012-12-21 00:00:00","2013-01-01 00:00:00","2012-12-21 00:00:00","2013-01-01 00:00:00","3.5000","87.5000","87.5000","2012-12-31 23:00:00"
"27052","811","6","50","2012-12-21 00:00:00","2013-01-01 00:00:00","2012-12-21 00:00:00","2013-01-01 00:00:00","3.0000","36.7500","36.7500","2012-12-31 23:00:00"
"27053","813","1","10","2012-12-21 00:00:00","2013-01-01 00:00:00","2012-12-21 00:00:00","2013-01-01 00:00:00","4.1000","92.2500","92.2500","2012-12-31 23:00:00"
"27053","813","2","20","2012-12-21 00:00:00","2013-01-01 00:00:00","2012-12-21 00:00:00","2013-01-01 00:00:00","3.5000","87.5000","87.5000","2012-12-31 23:00:00"
"27053","813","6","50","2012-12-21 00:00:00","2013-01-01 00:00:00","2012-12-21 00:00:00","2013-01-01 00:00:00","3.0000","36.7500","36.7500","2012-12-31 23:00:00"
"27054","816","6","50","2012-12-21 00:00:00","2013-01-01 00:00:00","2012-12-21 00:00:00","2013-01-01 00:00:00","3.0000","36.7500","36.7500","2012-12-31 23:00:00"
"27055","818","6","50","2012-12-21 00:00:00","2013-01-01 00:00:00","2012-12-21 00:00:00","2013-01-01 00:00:00","3.0000","36.7500","36.7500","2012-12-31 23:00:00"
"27056","820","6","50","2012-12-21 00:00:00","2013-01-01 00:00:00","2012-12-21 00:00:00","2013-01-01 00:00:00","3.0000","36.7500","36.7500","2012-12-31 23:00:00"
"27057","824","6","50","2012-12-21 00:00:00","2013-01-01 00:00:00","2012-12-21 00:00:00","2013-01-01 00:00:00","3.0000","36.7500","36.7500","2012-12-31 23:00:00"
"27058","826","6","50","2012-12-21 00:00:00","2013-01-01 00:00:00","2012-12-21 00:00:00","2013-01-01 00:00:00","3.0000","36.7500","36.7500","2012-12-31 23:00:00"
"27059","828","6","50","2012-12-21 00:00:00","2013-01-01 00:00:00","2012-12-21 00:00:00","2013-01-01 00:00:00","3.0000","36.7500","36.7500","2012-12-31 23:00:00"
"27060","894","6","50","2012-12-21 00:00:00","2013-01-01 00:00:00","2012-12-21 00:00:00","2013-01-01 00:00:00","3.0000","36.7500","36.7500","2012-12-31 23:00:00"
"27061","945","1","10","2012-12-21 00:00:00","2013-01-01 00:00:00","2012-12-21 00:00:00","2013-01-01 00:00:00","4.1000","92.2500","92.2500","2012-12-31 23:00:00"
"27061","945","6","50","2012-12-21 00:00:00","2013-01-01 00:00:00","2012-12-21 00:00:00","2013-01-01 00:00:00","3.0000","36.7500","36.7500","2012-12-31 23:00:00"
"27062","950","6","50","2012-12-21 00:00:00","2013-01-01 00:00:00","2012-12-21 00:00:00","2013-01-01 00:00:00","3.0000","36.7500","36.7500","2012-12-31 23:00:00"
"27063","994","6","50","2012-12-21 00:00:00","2013-01-01 00:00:00","2012-12-21 00:00:00","2013-01-01 00:00:00","3.0000","36.7500","36.7500","2012-12-31 23:00:00"
"27064","995","6","50","2012-12-21 00:00:00","2013-01-01 00:00:00","2012-12-21 00:00:00","2013-01-01 00:00:00","3.0000","36.7500","36.7500","2012-12-31 23:00:00"
"27065","996","6","50","2012-12-21 00:00:00","2013-01-01 00:00:00","2012-12-21 00:00:00","2013-01-01 00:00:00","3.0000","36.7500","36.7500","2012-12-31 23:00:00"
"27079","802","1","10","2012-12-21 00:00:00","2013-01-01 00:00:00","2012-12-21 00:00:00","2013-01-01 00:00:00","4.1000","92.2500","92.2500","2012-12-31 23:00:00"
"27079","802","6","50","2012-12-21 00:00:00","2013-01-01 00:00:00","2012-12-21 00:00:00","2013-01-01 00:00:00","3.0000","36.7500","36.7500","2012-12-31 23:00:00"
"27080","804","1","10","2012-12-21 00:00:00","2013-01-01 00:00:00","2012-12-21 00:00:00","2013-01-01 00:00:00","4.1000","92.2500","92.2500","2012-12-31 23:00:00"
"27080","804","6","50","2012-12-21 00:00:00","2013-01-01 00:00:00","2012-12-21 00:00:00","2013-01-01 00:00:00","3.0000","36.7500","36.7500","2012-12-31 23:00:00"
"27085","779","7","60","2012-12-22 00:00:00","2013-01-02 00:00:00","2013-01-04 00:00:00","2013-01-05 00:00:00","4.0000","49.0000","49.0000","2013-01-04 23:00:00"
"27086","781","7","60","2012-12-22 00:00:00","2013-01-02 00:00:00","2013-01-04 00:00:00","2013-01-05 00:00:00","4.0000","49.0000","49.0000","2013-01-04 23:00:00"
"27087","782","7","60","2012-12-22 00:00:00","2013-01-02 00:00:00","2013-01-04 00:00:00","2013-01-05 00:00:00","4.0000","49.0000","49.0000","2013-01-04 23:00:00"
"27088","784","7","60","2012-12-22 00:00:00","2013-01-02 00:00:00","2013-01-04 00:00:00","2013-01-05 00:00:00","4.0000","49.0000","49.0000","2013-01-04 23:00:00"
"27089","789","7","60","2012-12-22 00:00:00","2013-01-02 00:00:00","2013-01-04 00:00:00","2013-01-05 00:00:00","4.0000","49.0000","49.0000","2013-01-04 23:00:00"
"27090","791","7","60","2012-12-22 00:00:00","2013-01-02 00:00:00","2013-01-04 00:00:00","2013-01-05 00:00:00","4.0000","49.0000","49.0000","2013-01-04 23:00:00"
"27091","516","6","50","2012-12-22 00:00:00","2013-01-02 00:00:00","2013-01-04 00:00:00","2013-01-05 00:00:00","3.0000","36.7500","36.7500","2013-01-04 23:00:00"
"27091","516","7","60","2012-12-22 00:00:00","2013-01-02 00:00:00","2013-01-04 00:00:00","2013-01-05 00:00:00","4.0000","49.0000","49.0000","2013-01-04 23:00:00"
"27092","519","6","50","2012-12-22 00:00:00","2013-01-02 00:00:00","2013-01-04 00:00:00","2013-01-05 00:00:00","3.0000","36.7500","36.7500","2013-01-04 23:00:00"
"27092","519","7","60","2012-12-22 00:00:00","2013-01-02 00:00:00","2013-01-04 00:00:00","2013-01-05 00:00:00","4.0000","49.0000","49.0000","2013-01-04 23:00:00"
"27097","747","1","10","2012-12-22 00:00:00","2013-01-02 00:00:00","2013-01-04 00:00:00","2013-01-05 00:00:00","4.1000","92.2500","92.2500","2013-01-04 23:00:00"
"27097","747","2","20","2012-12-22 00:00:00","2013-01-02 00:00:00","2013-01-04 00:00:00","2013-01-05 00:00:00","3.5000","87.5000","87.5000","2013-01-04 23:00:00"
"27097","747","3","30","2012-12-22 00:00:00","2013-01-02 00:00:00","2013-01-04 00:00:00","2013-01-05 00:00:00","1.0000","14.5000","14.5000","2013-01-04 23:00:00"
"27097","747","4","40","2012-12-22 00:00:00","2013-01-02 00:00:00","2013-01-04 00:00:00","2013-01-05 00:00:00","2.0000","31.5000","31.5000","2013-01-04 23:00:00"
"27097","747","6","50","2012-12-22 00:00:00","2013-01-02 00:00:00","2013-01-04 00:00:00","2013-01-05 00:00:00","3.0000","36.7500","36.7500","2013-01-04 23:00:00"
"27097","747","7","60","2012-12-22 00:00:00","2013-01-02 00:00:00","2013-01-04 00:00:00","2013-01-05 00:00:00","4.0000","49.0000","49.0000","2013-01-04 23:00:00"
"27098","748","1","10","2012-12-22 00:00:00","2013-01-02 00:00:00","2013-01-04 00:00:00","2013-01-05 00:00:00","4.1000","92.2500","92.2500","2013-01-04 23:00:00"
"27098","748","2","20","2012-12-22 00:00:00","2013-01-02 00:00:00","2013-01-04 00:00:00","2013-01-05 00:00:00","3.5000","87.5000","87.5000","2013-01-04 23:00:00"
"27098","748","3","30","2012-12-22 00:00:00","2013-01-02 00:00:00","2013-01-04 00:00:00","2013-01-05 00:00:00","1.0000","14.5000","14.5000","2013-01-04 23:00:00"
"27098","748","5","45","2012-12-22 00:00:00","2013-01-02 00:00:00","2013-01-04 00:00:00","2013-01-05 00:00:00","2.0000","36.0000","36.0000","2013-01-04 23:00:00"
"27098","748","6","50","2012-12-22 00:00:00","2013-01-02 00:00:00","2013-01-04 00:00:00","2013-01-05 00:00:00","3.0000","36.7500","36.7500","2013-01-04 23:00:00"
"27098","748","7","60","2012-12-22 00:00:00","2013-01-02 00:00:00","2013-01-04 00:00:00","2013-01-05 00:00:00","4.0000","49.0000","49.0000","2013-01-04 23:00:00"
"27099","806","6","50","2012-12-22 00:00:00","2013-01-02 00:00:00","2013-01-04 00:00:00","2013-01-05 00:00:00","3.0000","36.7500","36.7500","2013-01-04 23:00:00"
"27100","810","1","10","2012-12-22 00:00:00","2013-01-02 00:00:00","2013-01-04 00:00:00","2013-01-05 00:00:00","4.1000","92.2500","92.2500","2013-01-04 23:00:00"
"27100","810","2","20","2012-12-22 00:00:00","2013-01-02 00:00:00","2013-01-04 00:00:00","2013-01-05 00:00:00","3.5000","87.5000","87.5000","2013-01-04 23:00:00"
"27100","810","6","50","2012-12-22 00:00:00","2013-01-02 00:00:00","2013-01-04 00:00:00","2013-01-05 00:00:00","3.0000","36.7500","36.7500","2013-01-04 23:00:00"
"27101","813","1","10","2012-12-22 00:00:00","2013-01-02 00:00:00","2013-01-04 00:00:00","2013-01-05 00:00:00","4.1000","92.2500","92.2500","2013-01-04 23:00:00"
"27101","813","2","20","2012-12-22 00:00:00","2013-01-02 00:00:00","2013-01-04 00:00:00","2013-01-05 00:00:00","3.5000","87.5000","87.5000","2013-01-04 23:00:00"
"27101","813","6","50","2012-12-22 00:00:00","2013-01-02 00:00:00","2013-01-04 00:00:00","2013-01-05 00:00:00","3.0000","36.7500","36.7500","2013-01-04 23:00:00"
"27102","816","6","50","2012-12-22 00:00:00","2013-01-02 00:00:00","2013-01-04 00:00:00","2013-01-05 00:00:00","3.0000","36.7500","36.7500","2013-01-04 23:00:00"
"27103","820","6","50","2012-12-22 00:00:00","2013-01-02 00:00:00","2013-01-04 00:00:00","2013-01-05 00:00:00","3.0000","36.7500","36.7500","2013-01-04 23:00:00"
"27104","824","6","50","2012-12-22 00:00:00","2013-01-02 00:00:00","2013-01-04 00:00:00","2013-01-05 00:00:00","3.0000","36.7500","36.7500","2013-01-04 23:00:00"
"27105","828","6","50","2012-12-22 00:00:00","2013-01-02 00:00:00","2013-01-04 00:00:00","2013-01-05 00:00:00","3.0000","36.7500","36.7500","2013-01-04 23:00:00"
"27106","894","6","50","2012-12-22 00:00:00","2013-01-02 00:00:00","2013-01-04 00:00:00","2013-01-05 00:00:00","3.0000","36.7500","36.7500","2013-01-04 23:00:00"
"27107","945","1","10","2012-12-22 00:00:00","2013-01-02 00:00:00","2013-01-04 00:00:00","2013-01-05 00:00:00","4.1000","92.2500","92.2500","2013-01-04 23:00:00"
"27107","945","6","50","2012-12-22 00:00:00","2013-01-02 00:00:00","2013-01-04 00:00:00","2013-01-05 00:00:00","3.0000","36.7500","36.7500","2013-01-04 23:00:00"
"27108","950","6","50","2012-12-22 00:00:00","2013-01-02 00:00:00","2013-01-04 00:00:00","2013-01-05 00:00:00","3.0000","36.7500","36.7500","2013-01-04 23:00:00"
"27109","995","6","50","2012-12-22 00:00:00","2013-01-02 00:00:00","2013-01-04 00:00:00","2013-01-05 00:00:00","3.0000","36.7500","36.7500","2013-01-04 23:00:00"
"27110","996","6","50","2012-12-22 00:00:00","2013-01-02 00:00:00","2013-01-04 00:00:00","2013-01-05 00:00:00","3.0000","36.7500","36.7500","2013-01-04 23:00:00"
"27123","804","1","10","2012-12-22 00:00:00","2013-01-02 00:00:00","2013-01-04 00:00:00","2013-01-05 00:00:00","4.1000","92.2500","92.2500","2013-01-04 23:00:00"
"27123","804","6","50","2012-12-22 00:00:00","2013-01-02 00:00:00","2013-01-04 00:00:00","2013-01-05 00:00:00","3.0000","36.7500","36.7500","2013-01-04 23:00:00"
"27128","765","7","60","2012-12-23 00:00:00","2013-01-03 00:00:00","2012-12-23 00:00:00","2013-01-03 00:00:00","4.0000","49.0000","49.0000","2013-01-02 23:00:00"
"27129","780","7","60","2012-12-23 00:00:00","2013-01-03 00:00:00","2012-12-23 00:00:00","2013-01-03 00:00:00","4.0000","49.0000","49.0000","2013-01-02 23:00:00"
"27130","782","7","60","2012-12-23 00:00:00","2013-01-03 00:00:00","2012-12-23 00:00:00","2013-01-03 00:00:00","4.0000","49.0000","49.0000","2013-01-02 23:00:00"
"27131","784","7","60","2012-12-23 00:00:00","2013-01-03 00:00:00","2012-12-23 00:00:00","2013-01-03 00:00:00","4.0000","49.0000","49.0000","2013-01-02 23:00:00"
"27132","794","7","60","2012-12-23 00:00:00","2013-01-03 00:00:00","2012-12-23 00:00:00","2013-01-03 00:00:00","4.0000","49.0000","49.0000","2013-01-02 23:00:00"
"27133","795","7","60","2012-12-23 00:00:00","2013-01-03 00:00:00","2012-12-23 00:00:00","2013-01-03 00:00:00","4.0000","49.0000","49.0000","2013-01-02 23:00:00"
"27134","798","7","60","2012-12-23 00:00:00","2013-01-03 00:00:00","2012-12-23 00:00:00","2013-01-03 00:00:00","4.0000","49.0000","49.0000","2013-01-02 23:00:00"
"27135","516","6","50","2012-12-23 00:00:00","2013-01-03 00:00:00","2012-12-23 00:00:00","2013-01-03 00:00:00","3.0000","36.7500","36.7500","2013-01-02 23:00:00"
"27135","516","7","60","2012-12-23 00:00:00","2013-01-03 00:00:00","2012-12-23 00:00:00","2013-01-03 00:00:00","4.0000","49.0000","49.0000","2013-01-02 23:00:00"
"27136","517","6","50","2012-12-23 00:00:00","2013-01-03 00:00:00","2012-12-23 00:00:00","2013-01-03 00:00:00","3.0000","36.7500","36.7500","2013-01-02 23:00:00"
"27136","517","7","60","2012-12-23 00:00:00","2013-01-03 00:00:00","2012-12-23 00:00:00","2013-01-03 00:00:00","4.0000","49.0000","49.0000","2013-01-02 23:00:00"
"27137","518","6","50","2012-12-23 00:00:00","2013-01-03 00:00:00","2012-12-23 00:00:00","2013-01-03 00:00:00","3.0000","36.7500","36.7500","2013-01-02 23:00:00"
"27137","518","7","60","2012-12-23 00:00:00","2013-01-03 00:00:00","2012-12-23 00:00:00","2013-01-03 00:00:00","4.0000","49.0000","49.0000","2013-01-02 23:00:00"
"27138","519","6","50","2012-12-23 00:00:00","2013-01-03 00:00:00","2012-12-23 00:00:00","2013-01-03 00:00:00","3.0000","36.7500","36.7500","2013-01-02 23:00:00"
"27138","519","7","60","2012-12-23 00:00:00","2013-01-03 00:00:00","2012-12-23 00:00:00","2013-01-03 00:00:00","4.0000","49.0000","49.0000","2013-01-02 23:00:00"
"27142","747","1","10","2012-12-23 00:00:00","2013-01-03 00:00:00","2012-12-23 00:00:00","2013-01-03 00:00:00","4.1000","92.2500","92.2500","2013-01-02 23:00:00"
"27142","747","2","20","2012-12-23 00:00:00","2013-01-03 00:00:00","2012-12-23 00:00:00","2013-01-03 00:00:00","3.5000","87.5000","87.5000","2013-01-02 23:00:00"
"27142","747","3","30","2012-12-23 00:00:00","2013-01-03 00:00:00","2012-12-23 00:00:00","2013-01-03 00:00:00","1.0000","14.5000","14.5000","2013-01-02 23:00:00"
"27142","747","4","40","2012-12-23 00:00:00","2013-01-03 00:00:00","2012-12-23 00:00:00","2013-01-03 00:00:00","2.0000","31.5000","31.5000","2013-01-02 23:00:00"
"27142","747","6","50","2012-12-23 00:00:00","2013-01-03 00:00:00","2012-12-23 00:00:00","2013-01-03 00:00:00","3.0000","36.7500","36.7500","2013-01-02 23:00:00"
"27142","747","7","60","2012-12-23 00:00:00","2013-01-03 00:00:00","2012-12-23 00:00:00","2013-01-03 00:00:00","4.0000","49.0000","49.0000","2013-01-02 23:00:00"
"27143","806","6","50","2012-12-23 00:00:00","2013-01-03 00:00:00","2012-12-23 00:00:00","2013-01-03 00:00:00","3.0000","36.7500","36.7500","2013-01-02 23:00:00"
"27144","810","1","10","2012-12-23 00:00:00","2013-01-03 00:00:00","2012-12-23 00:00:00","2013-01-03 00:00:00","4.1000","92.2500","92.2500","2013-01-02 23:00:00"
"27144","810","2","20","2012-12-23 00:00:00","2013-01-03 00:00:00","2012-12-23 00:00:00","2013-01-03 00:00:00","3.5000","87.5000","87.5000","2013-01-02 23:00:00"
"27144","810","6","50","2012-12-23 00:00:00","2013-01-03 00:00:00","2012-12-23 00:00:00","2013-01-03 00:00:00","3.0000","36.7500","36.7500","2013-01-02 23:00:00"
"27145","811","1","10","2012-12-23 00:00:00","2013-01-03 00:00:00","2012-12-23 00:00:00","2013-01-03 00:00:00","4.1000","92.2500","92.2500","2013-01-02 23:00:00"
"27145","811","2","20","2012-12-23 00:00:00","2013-01-03 00:00:00","2012-12-23 00:00:00","2013-01-03 00:00:00","3.5000","87.5000","87.5000","2013-01-02 23:00:00"
"27145","811","6","50","2012-12-23 00:00:00","2013-01-03 00:00:00","2012-12-23 00:00:00","2013-01-03 00:00:00","3.0000","36.7500","36.7500","2013-01-02 23:00:00"
"27146","812","1","10","2012-12-23 00:00:00","2013-01-03 00:00:00","2012-12-23 00:00:00","2013-01-03 00:00:00","4.1000","92.2500","92.2500","2013-01-02 23:00:00"
"27146","812","2","20","2012-12-23 00:00:00","2013-01-03 00:00:00","2012-12-23 00:00:00","2013-01-03 00:00:00","3.5000","87.5000","87.5000","2013-01-02 23:00:00"
"27146","812","6","50","2012-12-23 00:00:00","2013-01-03 00:00:00","2012-12-23 00:00:00","2013-01-03 00:00:00","3.0000","36.7500","36.7500","2013-01-02 23:00:00"
"27147","813","1","10","2012-12-23 00:00:00","2013-01-03 00:00:00","2012-12-23 00:00:00","2013-01-03 00:00:00","4.1000","92.2500","92.2500","2013-01-02 23:00:00"
"27147","813","2","20","2012-12-23 00:00:00","2013-01-03 00:00:00","2012-12-23 00:00:00","2013-01-03 00:00:00","3.5000","87.5000","87.5000","2013-01-02 23:00:00"
"27147","813","6","50","2012-12-23 00:00:00","2013-01-03 00:00:00","2012-12-23 00:00:00","2013-01-03 00:00:00","3.0000","36.7500","36.7500","2013-01-02 23:00:00"
"27148","816","6","50","2012-12-23 00:00:00","2013-01-03 00:00:00","2012-12-23 00:00:00","2013-01-03 00:00:00","3.0000","36.7500","36.7500","2013-01-02 23:00:00"
"27149","818","6","50","2012-12-23 00:00:00","2013-01-03 00:00:00","2012-12-23 00:00:00","2013-01-03 00:00:00","3.0000","36.7500","36.7500","2013-01-02 23:00:00"
"27150","819","6","50","2012-12-23 00:00:00","2013-01-03 00:00:00","2012-12-23 00:00:00","2013-01-03 00:00:00","3.0000","36.7500","36.7500","2013-01-02 23:00:00"
"27151","820","6","50","2012-12-23 00:00:00","2013-01-03 00:00:00","2012-12-23 00:00:00","2013-01-03 00:00:00","3.0000","36.7500","36.7500","2013-01-02 23:00:00"
"27152","824","6","50","2012-12-23 00:00:00","2013-01-03 00:00:00","2012-12-23 00:00:00","2013-01-03 00:00:00","3.0000","36.7500","36.7500","2013-01-02 23:00:00"
"27153","826","6","50","2012-12-23 00:00:00","2013-01-03 00:00:00","2012-12-23 00:00:00","2013-01-03 00:00:00","3.0000","36.7500","36.7500","2013-01-02 23:00:00"
"27154","827","6","50","2012-12-23 00:00:00","2013-01-03 00:00:00","2012-12-23 00:00:00","2013-01-03 00:00:00","3.0000","36.7500","36.7500","2013-01-02 23:00:00"
"27155","828","6","50","2012-12-23 00:00:00","2013-01-03 00:00:00","2012-12-23 00:00:00","2013-01-03 00:00:00","3.0000","36.7500","36.7500","2013-01-02 23:00:00"
"27159","894","6","50","2012-12-23 00:00:00","2013-01-03 00:00:00","2012-12-23 00:00:00","2013-01-03 00:00:00","3.0000","36.7500","36.7500","2013-01-02 23:00:00"
"27160","945","1","10","2012-12-23 00:00:00","2013-01-03 00:00:00","2012-12-23 00:00:00","2013-01-03 00:00:00","4.1000","92.2500","92.2500","2013-01-02 23:00:00"
"27160","945","6","50","2012-12-23 00:00:00","2013-01-03 00:00:00","2012-12-23 00:00:00","2013-01-03 00:00:00","3.0000","36.7500","36.7500","2013-01-02 23:00:00"
"27161","950","6","50","2012-12-23 00:00:00","2013-01-03 00:00:00","2012-12-23 00:00:00","2013-01-03 00:00:00","3.0000","36.7500","36.7500","2013-01-02 23:00:00"
"27162","994","6","50","2012-12-23 00:00:00","2013-01-03 00:00:00","2012-12-23 00:00:00","2013-01-03 00:00:00","3.0000","36.7500","36.7500","2013-01-02 23:00:00"
"27163","995","6","50","2012-12-23 00:00:00","2013-01-03 00:00:00","2012-12-23 00:00:00","2013-01-03 00:00:00","3.0000","36.7500","36.7500","2013-01-02 23:00:00"
"27164","996","6","50","2012-12-23 00:00:00","2013-01-03 00:00:00","2012-12-23 00:00:00","2013-01-03 00:00:00","3.0000","36.7500","36.7500","2013-01-02 23:00:00"
"27178","802","1","10","2012-12-23 00:00:00","2013-01-03 00:00:00","2012-12-23 00:00:00","2013-01-03 00:00:00","4.1000","92.2500","92.2500","2013-01-02 23:00:00"
"27178","802","6","50","2012-12-23 00:00:00","2013-01-03 00:00:00","2012-12-23 00:00:00","2013-01-03 00:00:00","3.0000","36.7500","36.7500","2013-01-02 23:00:00"
"27179","803","1","10","2012-12-23 00:00:00","2013-01-03 00:00:00","2012-12-23 00:00:00","2013-01-03 00:00:00","4.1000","92.2500","92.2500","2013-01-02 23:00:00"
"27179","803","6","50","2012-12-23 00:00:00","2013-01-03 00:00:00","2012-12-23 00:00:00","2013-01-03 00:00:00","3.0000","36.7500","36.7500","2013-01-02 23:00:00"
"27180","804","1","10","2012-12-23 00:00:00","2013-01-03 00:00:00","2012-12-23 00:00:00","2013-01-03 00:00:00","4.1000","92.2500","92.2500","2013-01-02 23:00:00"
"27180","804","6","50","2012-12-23 00:00:00","2013-01-03 00:00:00","2012-12-23 00:00:00","2013-01-03 00:00:00","3.0000","36.7500","36.7500","2013-01-02 23:00:00"
"27185","767","7","60","2012-12-24 00:00:00","2013-01-04 00:00:00","2013-01-08 00:00:00","2013-01-09 00:00:00","4.0000","49.0000","49.0000","2013-01-08 23:00:00"
"27186","783","7","60","2012-12-24 00:00:00","2013-01-04 00:00:00","2013-01-08 00:00:00","2013-01-09 00:00:00","4.0000","49.0000","49.0000","2013-01-08 23:00:00"
"27187","784","7","60","2012-12-24 00:00:00","2013-01-04 00:00:00","2013-01-08 00:00:00","2013-01-09 00:00:00","4.0000","49.0000","49.0000","2013-01-08 23:00:00"
"27188","792","7","60","2012-12-24 00:00:00","2013-01-04 00:00:00","2013-01-08 00:00:00","2013-01-09 00:00:00","4.0000","49.0000","49.0000","2013-01-08 23:00:00"
"27189","793","7","60","2012-12-24 00:00:00","2013-01-04 00:00:00","2013-01-08 00:00:00","2013-01-09 00:00:00","4.0000","49.0000","49.0000","2013-01-08 23:00:00"
"27190","796","7","60","2012-12-24 00:00:00","2013-01-04 00:00:00","2013-01-08 00:00:00","2013-01-09 00:00:00","4.0000","49.0000","49.0000","2013-01-08 23:00:00"
"27191","799","7","60","2012-12-24 00:00:00","2013-01-04 00:00:00","2013-01-08 00:00:00","2013-01-09 00:00:00","4.0000","49.0000","49.0000","2013-01-08 23:00:00"
"27192","800","7","60","2012-12-24 00:00:00","2013-01-04 00:00:00","2013-01-08 00:00:00","2013-01-09 00:00:00","4.0000","49.0000","49.0000","2013-01-08 23:00:00"
"27193","801","7","60","2012-12-24 00:00:00","2013-01-04 00:00:00","2013-01-08 00:00:00","2013-01-09 00:00:00","4.0000","49.0000","49.0000","2013-01-08 23:00:00"
"27194","516","6","50","2012-12-24 00:00:00","2013-01-04 00:00:00","2013-01-08 00:00:00","2013-01-09 00:00:00","3.0000","36.7500","36.7500","2013-01-08 23:00:00"
"27194","516","7","60","2012-12-24 00:00:00","2013-01-04 00:00:00","2013-01-08 00:00:00","2013-01-09 00:00:00","4.0000","49.0000","49.0000","2013-01-08 23:00:00"
"27195","517","6","50","2012-12-24 00:00:00","2013-01-04 00:00:00","2013-01-08 00:00:00","2013-01-09 00:00:00","3.0000","36.7500","36.7500","2013-01-08 23:00:00"
"27195","517","7","60","2012-12-24 00:00:00","2013-01-04 00:00:00","2013-01-08 00:00:00","2013-01-09 00:00:00","4.0000","49.0000","49.0000","2013-01-08 23:00:00"
"27196","518","6","50","2012-12-24 00:00:00","2013-01-04 00:00:00","2013-01-08 00:00:00","2013-01-09 00:00:00","3.0000","36.7500","36.7500","2013-01-08 23:00:00"
"27196","518","7","60","2012-12-24 00:00:00","2013-01-04 00:00:00","2013-01-08 00:00:00","2013-01-09 00:00:00","4.0000","49.0000","49.0000","2013-01-08 23:00:00"
"27197","519","6","50","2012-12-24 00:00:00","2013-01-04 00:00:00","2013-01-08 00:00:00","2013-01-09 00:00:00","3.0000","36.7500","36.7500","2013-01-08 23:00:00"
"27197","519","7","60","2012-12-24 00:00:00","2013-01-04 00:00:00","2013-01-08 00:00:00","2013-01-09 00:00:00","4.0000","49.0000","49.0000","2013-01-08 23:00:00"
"27203","806","6","50","2012-12-24 00:00:00","2013-01-04 00:00:00","2013-01-08 00:00:00","2013-01-09 00:00:00","3.0000","36.7500","36.7500","2013-01-08 23:00:00"
"27204","810","1","10","2012-12-24 00:00:00","2013-01-04 00:00:00","2013-01-08 00:00:00","2013-01-09 00:00:00","4.1000","92.2500","92.2500","2013-01-08 23:00:00"
"27204","810","2","20","2012-12-24 00:00:00","2013-01-04 00:00:00","2013-01-08 00:00:00","2013-01-09 00:00:00","3.5000","87.5000","87.5000","2013-01-08 23:00:00"
"27204","810","6","50","2012-12-24 00:00:00","2013-01-04 00:00:00","2013-01-08 00:00:00","2013-01-09 00:00:00","3.0000","36.7500","36.7500","2013-01-08 23:00:00"
"27205","811","1","10","2012-12-24 00:00:00","2013-01-04 00:00:00","2013-01-08 00:00:00","2013-01-09 00:00:00","4.1000","92.2500","92.2500","2013-01-08 23:00:00"
"27205","811","2","20","2012-12-24 00:00:00","2013-01-04 00:00:00","2013-01-08 00:00:00","2013-01-09 00:00:00","3.5000","87.5000","87.5000","2013-01-08 23:00:00"
"27205","811","6","50","2012-12-24 00:00:00","2013-01-04 00:00:00","2013-01-08 00:00:00","2013-01-09 00:00:00","3.0000","36.7500","36.7500","2013-01-08 23:00:00"
"27206","812","1","10","2012-12-24 00:00:00","2013-01-04 00:00:00","2013-01-08 00:00:00","2013-01-09 00:00:00","4.1000","92.2500","92.2500","2013-01-08 23:00:00"
"27206","812","2","20","2012-12-24 00:00:00","2013-01-04 00:00:00","2013-01-08 00:00:00","2013-01-09 00:00:00","3.5000","87.5000","87.5000","2013-01-08 23:00:00"
"27206","812","6","50","2012-12-24 00:00:00","2013-01-04 00:00:00","2013-01-08 00:00:00","2013-01-09 00:00:00","3.0000","36.7500","36.7500","2013-01-08 23:00:00"
"27207","813","1","10","2012-12-24 00:00:00","2013-01-04 00:00:00","2013-01-08 00:00:00","2013-01-09 00:00:00","4.1000","92.2500","92.2500","2013-01-08 23:00:00"
"27207","813","2","20","2012-12-24 00:00:00","2013-01-04 00:00:00","2013-01-08 00:00:00","2013-01-09 00:00:00","3.5000","87.5000","87.5000","2013-01-08 23:00:00"
"27207","813","6","50","2012-12-24 00:00:00","2013-01-04 00:00:00","2013-01-08 00:00:00","2013-01-09 00:00:00","3.0000","36.7500","36.7500","2013-01-08 23:00:00"
"27208","816","6","50","2012-12-24 00:00:00","2013-01-04 00:00:00","2013-01-08 00:00:00","2013-01-09 00:00:00","3.0000","36.7500","36.7500","2013-01-08 23:00:00"
"27209","818","6","50","2012-12-24 00:00:00","2013-01-04 00:00:00","2013-01-08 00:00:00","2013-01-09 00:00:00","3.0000","36.7500","36.7500","2013-01-08 23:00:00"
"27210","819","6","50","2012-12-24 00:00:00","2013-01-04 00:00:00","2013-01-08 00:00:00","2013-01-09 00:00:00","3.0000","36.7500","36.7500","2013-01-08 23:00:00"
"27211","820","6","50","2012-12-24 00:00:00","2013-01-04 00:00:00","2013-01-08 00:00:00","2013-01-09 00:00:00","3.0000","36.7500","36.7500","2013-01-08 23:00:00"
"27212","824","6","50","2012-12-24 00:00:00","2013-01-04 00:00:00","2013-01-08 00:00:00","2013-01-09 00:00:00","3.0000","36.7500","36.7500","2013-01-08 23:00:00"
"27213","826","6","50","2012-12-24 00:00:00","2013-01-04 00:00:00","2013-01-08 00:00:00","2013-01-09 00:00:00","3.0000","36.7500","36.7500","2013-01-08 23:00:00"
"27214","827","6","50","2012-12-24 00:00:00","2013-01-04 00:00:00","2013-01-08 00:00:00","2013-01-09 00:00:00","3.0000","36.7500","36.7500","2013-01-08 23:00:00"
"27215","828","6","50","2012-12-24 00:00:00","2013-01-04 00:00:00","2013-01-08 00:00:00","2013-01-09 00:00:00","3.0000","36.7500","36.7500","2013-01-08 23:00:00"
"27220","894","6","50","2012-12-24 00:00:00","2013-01-04 00:00:00","2013-01-08 00:00:00","2013-01-09 00:00:00","3.0000","36.7500","36.7500","2013-01-08 23:00:00"
"27221","945","1","10","2012-12-24 00:00:00","2013-01-04 00:00:00","2013-01-08 00:00:00","2013-01-09 00:00:00","4.1000","92.2500","92.2500","2013-01-08 23:00:00"
"27221","945","6","50","2012-12-24 00:00:00","2013-01-04 00:00:00","2013-01-08 00:00:00","2013-01-09 00:00:00","3.0000","36.7500","36.7500","2013-01-08 23:00:00"
"27222","950","6","50","2012-12-24 00:00:00","2013-01-04 00:00:00","2013-01-08 00:00:00","2013-01-09 00:00:00","3.0000","36.7500","36.7500","2013-01-08 23:00:00"
"27223","994","6","50","2012-12-24 00:00:00","2013-01-04 00:00:00","2013-01-08 00:00:00","2013-01-09 00:00:00","3.0000","36.7500","36.7500","2013-01-08 23:00:00"
"27224","995","6","50","2012-12-24 00:00:00","2013-01-04 00:00:00","2013-01-08 00:00:00","2013-01-09 00:00:00","3.0000","36.7500","36.7500","2013-01-08 23:00:00"
"27225","996","6","50","2012-12-24 00:00:00","2013-01-04 00:00:00","2013-01-08 00:00:00","2013-01-09 00:00:00","3.0000","36.7500","36.7500","2013-01-08 23:00:00"
"27239","802","1","10","2012-12-24 00:00:00","2013-01-04 00:00:00","2013-01-08 00:00:00","2013-01-09 00:00:00","4.1000","92.2500","92.2500","2013-01-08 23:00:00"
"27239","802","6","50","2012-12-24 00:00:00","2013-01-04 00:00:00","2013-01-08 00:00:00","2013-01-09 00:00:00","3.0000","36.7500","36.7500","2013-01-08 23:00:00"
"27240","803","1","10","2012-12-24 00:00:00","2013-01-04 00:00:00","2013-01-08 00:00:00","2013-01-09 00:00:00","4.1000","92.2500","92.2500","2013-01-08 23:00:00"
"27240","803","6","50","2012-12-24 00:00:00","2013-01-04 00:00:00","2013-01-08 00:00:00","2013-01-09 00:00:00","3.0000","36.7500","36.7500","2013-01-08 23:00:00"
"27241","804","1","10","2012-12-24 00:00:00","2013-01-04 00:00:00","2013-01-08 00:00:00","2013-01-09 00:00:00","4.1000","92.2500","92.2500","2013-01-08 23:00:00"
"27241","804","6","50","2012-12-24 00:00:00","2013-01-04 00:00:00","2013-01-08 00:00:00","2013-01-09 00:00:00","3.0000","36.7500","36.7500","2013-01-08 23:00:00"
"27246","759","7","60","2012-12-25 00:00:00","2013-01-05 00:00:00","2012-12-25 00:00:00","2013-01-05 00:00:00","4.0000","49.0000","49.0000","2013-01-04 23:00:00"
"27247","760","7","60","2012-12-25 00:00:00","2013-01-05 00:00:00","2012-12-25 00:00:00","2013-01-05 00:00:00","4.0000","49.0000","49.0000","2013-01-04 23:00:00"
"27248","761","7","60","2012-12-25 00:00:00","2013-01-05 00:00:00","2012-12-25 00:00:00","2013-01-05 00:00:00","4.0000","49.0000","49.0000","2013-01-04 23:00:00"
"27249","765","7","60","2012-12-25 00:00:00","2013-01-05 00:00:00","2012-12-25 00:00:00","2013-01-05 00:00:00","4.0000","49.0000","49.0000","2013-01-04 23:00:00"
"27250","780","7","60","2012-12-25 00:00:00","2013-01-05 00:00:00","2012-12-25 00:00:00","2013-01-05 00:00:00","4.0000","49.0000","49.0000","2013-01-04 23:00:00"
"27251","783","7","60","2012-12-25 00:00:00","2013-01-05 00:00:00","2012-12-25 00:00:00","2013-01-05 00:00:00","4.0000","49.0000","49.0000","2013-01-04 23:00:00"
"27252","789","7","60","2012-12-25 00:00:00","2013-01-05 00:00:00","2012-12-25 00:00:00","2013-01-05 00:00:00","4.0000","49.0000","49.0000","2013-01-04 23:00:00"
"27253","790","7","60","2012-12-25 00:00:00","2013-01-05 00:00:00","2012-12-25 00:00:00","2013-01-05 00:00:00","4.0000","49.0000","49.0000","2013-01-04 23:00:00"
"27254","794","7","60","2012-12-25 00:00:00","2013-01-05 00:00:00","2012-12-25 00:00:00","2013-01-05 00:00:00","4.0000","49.0000","49.0000","2013-01-04 23:00:00"
"27255","800","7","60","2012-12-25 00:00:00","2013-01-05 00:00:00","2012-12-25 00:00:00","2013-01-05 00:00:00","4.0000","49.0000","49.0000","2013-01-04 23:00:00"
"27256","516","6","50","2012-12-25 00:00:00","2013-01-05 00:00:00","2012-12-25 00:00:00","2013-01-05 00:00:00","3.0000","36.7500","36.7500","2013-01-04 23:00:00"
"27256","516","7","60","2012-12-25 00:00:00","2013-01-05 00:00:00","2012-12-25 00:00:00","2013-01-05 00:00:00","4.0000","49.0000","49.0000","2013-01-04 23:00:00"
"27257","517","6","50","2012-12-25 00:00:00","2013-01-05 00:00:00","2012-12-25 00:00:00","2013-01-05 00:00:00","3.0000","36.7500","36.7500","2013-01-04 23:00:00"
"27257","517","7","60","2012-12-25 00:00:00","2013-01-05 00:00:00","2012-12-25 00:00:00","2013-01-05 00:00:00","4.0000","49.0000","49.0000","2013-01-04 23:00:00"
"27258","518","6","50","2012-12-25 00:00:00","2013-01-05 00:00:00","2012-12-25 00:00:00","2013-01-05 00:00:00","3.0000","36.7500","36.7500","2013-01-04 23:00:00"
"27258","518","7","60","2012-12-25 00:00:00","2013-01-05 00:00:00","2012-12-25 00:00:00","2013-01-05 00:00:00","4.0000","49.0000","49.0000","2013-01-04 23:00:00"
"27259","519","6","50","2012-12-25 00:00:00","2013-01-05 00:00:00","2012-12-25 00:00:00","2013-01-05 00:00:00","3.0000","36.7500","36.7500","2013-01-04 23:00:00"
"27259","519","7","60","2012-12-25 00:00:00","2013-01-05 00:00:00","2012-12-25 00:00:00","2013-01-05 00:00:00","4.0000","49.0000","49.0000","2013-01-04 23:00:00"
"27268","806","6","50","2012-12-25 00:00:00","2013-01-05 00:00:00","2012-12-25 00:00:00","2013-01-05 00:00:00","3.0000","36.7500","36.7500","2013-01-04 23:00:00"
"27269","810","1","10","2012-12-25 00:00:00","2013-01-05 00:00:00","2012-12-25 00:00:00","2013-01-05 00:00:00","4.1000","92.2500","92.2500","2013-01-04 23:00:00"
"27269","810","2","20","2012-12-25 00:00:00","2013-01-05 00:00:00","2012-12-25 00:00:00","2013-01-05 00:00:00","3.5000","87.5000","87.5000","2013-01-04 23:00:00"
"27269","810","6","50","2012-12-25 00:00:00","2013-01-05 00:00:00","2012-12-25 00:00:00","2013-01-05 00:00:00","3.0000","36.7500","36.7500","2013-01-04 23:00:00"
"27270","811","1","10","2012-12-25 00:00:00","2013-01-05 00:00:00","2012-12-25 00:00:00","2013-01-05 00:00:00","4.1000","92.2500","92.2500","2013-01-04 23:00:00"
"27270","811","2","20","2012-12-25 00:00:00","2013-01-05 00:00:00","2012-12-25 00:00:00","2013-01-05 00:00:00","3.5000","87.5000","87.5000","2013-01-04 23:00:00"
"27270","811","6","50","2012-12-25 00:00:00","2013-01-05 00:00:00","2012-12-25 00:00:00","2013-01-05 00:00:00","3.0000","36.7500","36.7500","2013-01-04 23:00:00"
"27271","812","1","10","2012-12-25 00:00:00","2013-01-05 00:00:00","2012-12-25 00:00:00","2013-01-05 00:00:00","4.1000","92.2500","92.2500","2013-01-04 23:00:00"
"27271","812","2","20","2012-12-25 00:00:00","2013-01-05 00:00:00","2012-12-25 00:00:00","2013-01-05 00:00:00","3.5000","87.5000","87.5000","2013-01-04 23:00:00"
"27271","812","6","50","2012-12-25 00:00:00","2013-01-05 00:00:00","2012-12-25 00:00:00","2013-01-05 00:00:00","3.0000","36.7500","36.7500","2013-01-04 23:00:00"
"27272","813","1","10","2012-12-25 00:00:00","2013-01-05 00:00:00","2012-12-25 00:00:00","2013-01-05 00:00:00","4.1000","92.2500","92.2500","2013-01-04 23:00:00"
"27272","813","2","20","2012-12-25 00:00:00","2013-01-05 00:00:00","2012-12-25 00:00:00","2013-01-05 00:00:00","3.5000","87.5000","87.5000","2013-01-04 23:00:00"
"27272","813","6","50","2012-12-25 00:00:00","2013-01-05 00:00:00","2012-12-25 00:00:00","2013-01-05 00:00:00","3.0000","36.7500","36.7500","2013-01-04 23:00:00"
"27273","816","6","50","2012-12-25 00:00:00","2013-01-05 00:00:00","2012-12-25 00:00:00","2013-01-05 00:00:00","3.0000","36.7500","36.7500","2013-01-04 23:00:00"
"27274","818","6","50","2012-12-25 00:00:00","2013-01-05 00:00:00","2012-12-25 00:00:00","2013-01-05 00:00:00","3.0000","36.7500","36.7500","2013-01-04 23:00:00"
"27275","819","6","50","2012-12-25 00:00:00","2013-01-05 00:00:00","2012-12-25 00:00:00","2013-01-05 00:00:00","3.0000","36.7500","36.7500","2013-01-04 23:00:00"
"27276","820","6","50","2012-12-25 00:00:00","2013-01-05 00:00:00","2012-12-25 00:00:00","2013-01-05 00:00:00","3.0000","36.7500","36.7500","2013-01-04 23:00:00"
"27277","824","6","50","2012-12-25 00:00:00","2013-01-05 00:00:00","2012-12-25 00:00:00","2013-01-05 00:00:00","3.0000","36.7500","36.7500","2013-01-04 23:00:00"
"27278","826","6","50","2012-12-25 00:00:00","2013-01-05 00:00:00","2012-12-25 00:00:00","2013-01-05 00:00:00","3.0000","36.7500","36.7500","2013-01-04 23:00:00"
"27279","827","6","50","2012-12-25 00:00:00","2013-01-05 00:00:00","2012-12-25 00:00:00","2013-01-05 00:00:00","3.0000","36.7500","36.7500","2013-01-04 23:00:00"
"27280","828","6","50","2012-12-25 00:00:00","2013-01-05 00:00:00","2012-12-25 00:00:00","2013-01-05 00:00:00","3.0000","36.7500","36.7500","2013-01-04 23:00:00"
"27283","894","6","50","2012-12-25 00:00:00","2013-01-05 00:00:00","2012-12-25 00:00:00","2013-01-05 00:00:00","3.0000","36.7500","36.7500","2013-01-04 23:00:00"
"27284","945","1","10","2012-12-25 00:00:00","2013-01-05 00:00:00","2012-12-25 00:00:00","2013-01-05 00:00:00","4.1000","92.2500","92.2500","2013-01-04 23:00:00"
"27284","945","6","50","2012-12-25 00:00:00","2013-01-05 00:00:00","2012-12-25 00:00:00","2013-01-05 00:00:00","3.0000","36.7500","36.7500","2013-01-04 23:00:00"
"27285","950","6","50","2012-12-25 00:00:00","2013-01-05 00:00:00","2012-12-25 00:00:00","2013-01-05 00:00:00","3.0000","36.7500","36.7500","2013-01-04 23:00:00"
"27286","994","6","50","2012-12-25 00:00:00","2013-01-05 00:00:00","2012-12-25 00:00:00","2013-01-05 00:00:00","3.0000","36.7500","36.7500","2013-01-04 23:00:00"
"27287","995","6","50","2012-12-25 00:00:00","2013-01-05 00:00:00","2012-12-25 00:00:00","2013-01-05 00:00:00","3.0000","36.7500","36.7500","2013-01-04 23:00:00"
"27288","996","6","50","2012-12-25 00:00:00","2013-01-05 00:00:00","2012-12-25 00:00:00","2013-01-05 00:00:00","3.0000","36.7500","36.7500","2013-01-04 23:00:00"
"27302","802","1","10","2012-12-25 00:00:00","2013-01-05 00:00:00","2012-12-25 00:00:00","2013-01-05 00:00:00","4.1000","92.2500","92.2500","2013-01-04 23:00:00"
"27302","802","6","50","2012-12-25 00:00:00","2013-01-05 00:00:00","2012-12-25 00:00:00","2013-01-05 00:00:00","3.0000","36.7500","36.7500","2013-01-04 23:00:00"
"27303","803","1","10","2012-12-25 00:00:00","2013-01-05 00:00:00","2012-12-25 00:00:00","2013-01-05 00:00:00","4.1000","92.2500","92.2500","2013-01-04 23:00:00"
"27303","803","6","50","2012-12-25 00:00:00","2013-01-05 00:00:00","2012-12-25 00:00:00","2013-01-05 00:00:00","3.0000","36.7500","36.7500","2013-01-04 23:00:00"
"27304","804","1","10","2012-12-25 00:00:00","2013-01-05 00:00:00","2012-12-25 00:00:00","2013-01-05 00:00:00","4.1000","92.2500","92.2500","2013-01-04 23:00:00"
"27304","804","6","50","2012-12-25 00:00:00","2013-01-05 00:00:00","2012-12-25 00:00:00","2013-01-05 00:00:00","3.0000","36.7500","36.7500","2013-01-04 23:00:00"
"27309","761","7","60","2012-12-26 00:00:00","2013-01-06 00:00:00","2013-01-12 00:00:00","2013-01-13 00:00:00","4.0000","49.0000","49.0000","2013-01-12 23:00:00"
"27310","780","7","60","2012-12-26 00:00:00","2013-01-06 00:00:00","2013-01-12 00:00:00","2013-01-13 00:00:00","4.0000","49.0000","49.0000","2013-01-12 23:00:00"
"27311","783","7","60","2012-12-26 00:00:00","2013-01-06 00:00:00","2013-01-12 00:00:00","2013-01-13 00:00:00","4.0000","49.0000","49.0000","2013-01-12 23:00:00"
"27312","784","7","60","2012-12-26 00:00:00","2013-01-06 00:00:00","2013-01-12 00:00:00","2013-01-13 00:00:00","4.0000","49.0000","49.0000","2013-01-12 23:00:00"
"27313","791","7","60","2012-12-26 00:00:00","2013-01-06 00:00:00","2013-01-12 00:00:00","2013-01-13 00:00:00","4.0000","49.0000","49.0000","2013-01-12 23:00:00"
"27314","795","7","60","2012-12-26 00:00:00","2013-01-06 00:00:00","2013-01-12 00:00:00","2013-01-13 00:00:00","4.0000","49.0000","49.0000","2013-01-12 23:00:00"
"27315","796","7","60","2012-12-26 00:00:00","2013-01-06 00:00:00","2013-01-12 00:00:00","2013-01-13 00:00:00","4.0000","49.0000","49.0000","2013-01-12 23:00:00"
"27316","516","6","50","2012-12-26 00:00:00","2013-01-06 00:00:00","2013-01-12 00:00:00","2013-01-13 00:00:00","3.0000","36.7500","36.7500","2013-01-12 23:00:00"
"27316","516","7","60","2012-12-26 00:00:00","2013-01-06 00:00:00","2013-01-12 00:00:00","2013-01-13 00:00:00","4.0000","49.0000","49.0000","2013-01-12 23:00:00"
"27317","517","6","50","2012-12-26 00:00:00","2013-01-06 00:00:00","2013-01-12 00:00:00","2013-01-13 00:00:00","3.0000","36.7500","36.7500","2013-01-12 23:00:00"
"27317","517","7","60","2012-12-26 00:00:00","2013-01-06 00:00:00","2013-01-12 00:00:00","2013-01-13 00:00:00","4.0000","49.0000","49.0000","2013-01-12 23:00:00"
"27318","519","6","50","2012-12-26 00:00:00","2013-01-06 00:00:00","2013-01-12 00:00:00","2013-01-13 00:00:00","3.0000","36.7500","36.7500","2013-01-12 23:00:00"
"27318","519","7","60","2012-12-26 00:00:00","2013-01-06 00:00:00","2013-01-12 00:00:00","2013-01-13 00:00:00","4.0000","49.0000","49.0000","2013-01-12 23:00:00"
"27325","806","6","50","2012-12-26 00:00:00","2013-01-06 00:00:00","2013-01-12 00:00:00","2013-01-13 00:00:00","3.0000","36.7500","36.7500","2013-01-12 23:00:00"
"27326","810","1","10","2012-12-26 00:00:00","2013-01-06 00:00:00","2013-01-12 00:00:00","2013-01-13 00:00:00","4.1000","92.2500","92.2500","2013-01-12 23:00:00"
"27326","810","2","20","2012-12-26 00:00:00","2013-01-06 00:00:00","2013-01-12 00:00:00","2013-01-13 00:00:00","3.5000","87.5000","87.5000","2013-01-12 23:00:00"
"27326","810","6","50","2012-12-26 00:00:00","2013-01-06 00:00:00","2013-01-12 00:00:00","2013-01-13 00:00:00","3.0000","36.7500","36.7500","2013-01-12 23:00:00"
"27327","811","1","10","2012-12-26 00:00:00","2013-01-06 00:00:00","2013-01-12 00:00:00","2013-01-13 00:00:00","4.1000","92.2500","92.2500","2013-01-12 23:00:00"
"27327","811","2","20","2012-12-26 00:00:00","2013-01-06 00:00:00","2013-01-12 00:00:00","2013-01-13 00:00:00","3.5000","87.5000","87.5000","2013-01-12 23:00:00"
"27327","811","6","50","2012-12-26 00:00:00","2013-01-06 00:00:00","2013-01-12 00:00:00","2013-01-13 00:00:00","3.0000","36.7500","36.7500","2013-01-12 23:00:00"
"27328","813","1","10","2012-12-26 00:00:00","2013-01-06 00:00:00","2013-01-12 00:00:00","2013-01-13 00:00:00","4.1000","92.2500","92.2500","2013-01-12 23:00:00"
"27328","813","2","20","2012-12-26 00:00:00","2013-01-06 00:00:00","2013-01-12 00:00:00","2013-01-13 00:00:00","3.5000","87.5000","87.5000","2013-01-12 23:00:00"
"27328","813","6","50","2012-12-26 00:00:00","2013-01-06 00:00:00","2013-01-12 00:00:00","2013-01-13 00:00:00","3.0000","36.7500","36.7500","2013-01-12 23:00:00"
"27329","816","6","50","2012-12-26 00:00:00","2013-01-06 00:00:00","2013-01-12 00:00:00","2013-01-13 00:00:00","3.0000","36.7500","36.7500","2013-01-12 23:00:00"
"27330","818","6","50","2012-12-26 00:00:00","2013-01-06 00:00:00","2013-01-12 00:00:00","2013-01-13 00:00:00","3.0000","36.7500","36.7500","2013-01-12 23:00:00"
"27331","820","6","50","2012-12-26 00:00:00","2013-01-06 00:00:00","2013-01-12 00:00:00","2013-01-13 00:00:00","3.0000","36.7500","36.7500","2013-01-12 23:00:00"
"27332","824","6","50","2012-12-26 00:00:00","2013-01-06 00:00:00","2013-01-12 00:00:00","2013-01-13 00:00:00","3.0000","36.7500","36.7500","2013-01-12 23:00:00"
"27333","826","6","50","2012-12-26 00:00:00","2013-01-06 00:00:00","2013-01-12 00:00:00","2013-01-13 00:00:00","3.0000","36.7500","36.7500","2013-01-12 23:00:00"
"27334","828","6","50","2012-12-26 00:00:00","2013-01-06 00:00:00","2013-01-12 00:00:00","2013-01-13 00:00:00","3.0000","36.7500","36.7500","2013-01-12 23:00:00"
"27336","894","6","50","2012-12-26 00:00:00","2013-01-06 00:00:00","2013-01-12 00:00:00","2013-01-13 00:00:00","3.0000","36.7500","36.7500","2013-01-12 23:00:00"
"27337","945","1","10","2012-12-26 00:00:00","2013-01-06 00:00:00","2013-01-12 00:00:00","2013-01-13 00:00:00","4.1000","92.2500","92.2500","2013-01-12 23:00:00"
"27337","945","6","50","2012-12-26 00:00:00","2013-01-06 00:00:00","2013-01-12 00:00:00","2013-01-13 00:00:00","3.0000","36.7500","36.7500","2013-01-12 23:00:00"
"27338","950","6","50","2012-12-26 00:00:00","2013-01-06 00:00:00","2013-01-12 00:00:00","2013-01-13 00:00:00","3.0000","36.7500","36.7500","2013-01-12 23:00:00"
"27339","994","6","50","2012-12-26 00:00:00","2013-01-06 00:00:00","2013-01-12 00:00:00","2013-01-13 00:00:00","3.0000","36.7500","36.7500","2013-01-12 23:00:00"
"27340","995","6","50","2012-12-26 00:00:00","2013-01-06 00:00:00","2013-01-12 00:00:00","2013-01-13 00:00:00","3.0000","36.7500","36.7500","2013-01-12 23:00:00"
"27341","996","6","50","2012-12-26 00:00:00","2013-01-06 00:00:00","2013-01-12 00:00:00","2013-01-13 00:00:00","3.0000","36.7500","36.7500","2013-01-12 23:00:00"
"27355","802","1","10","2012-12-26 00:00:00","2013-01-06 00:00:00","2013-01-12 00:00:00","2013-01-13 00:00:00","4.1000","92.2500","92.2500","2013-01-12 23:00:00"
"27355","802","6","50","2012-12-26 00:00:00","2013-01-06 00:00:00","2013-01-12 00:00:00","2013-01-13 00:00:00","3.0000","36.7500","36.7500","2013-01-12 23:00:00"
"27356","804","1","10","2012-12-26 00:00:00","2013-01-06 00:00:00","2013-01-12 00:00:00","2013-01-13 00:00:00","4.1000","92.2500","92.2500","2013-01-12 23:00:00"
"27356","804","6","50","2012-12-26 00:00:00","2013-01-06 00:00:00","2013-01-12 00:00:00","2013-01-13 00:00:00","3.0000","36.7500","36.7500","2013-01-12 23:00:00"
"27361","765","7","60","2012-12-27 00:00:00","2013-01-07 00:00:00","2012-12-27 00:00:00","2013-01-07 00:00:00","4.0000","49.0000","49.0000","2013-01-06 23:00:00"
"27362","780","7","60","2012-12-27 00:00:00","2013-01-07 00:00:00","2012-12-27 00:00:00","2013-01-07 00:00:00","4.0000","49.0000","49.0000","2013-01-06 23:00:00"
"27363","790","7","60","2012-12-27 00:00:00","2013-01-07 00:00:00","2012-12-27 00:00:00","2013-01-07 00:00:00","4.0000","49.0000","49.0000","2013-01-06 23:00:00"
"27364","800","7","60","2012-12-27 00:00:00","2013-01-07 00:00:00","2012-12-27 00:00:00","2013-01-07 00:00:00","4.0000","49.0000","49.0000","2013-01-06 23:00:00"
"27365","516","6","50","2012-12-27 00:00:00","2013-01-07 00:00:00","2012-12-27 00:00:00","2013-01-07 00:00:00","3.0000","36.7500","36.7500","2013-01-06 23:00:00"
"27365","516","7","60","2012-12-27 00:00:00","2013-01-07 00:00:00","2012-12-27 00:00:00","2013-01-07 00:00:00","4.0000","49.0000","49.0000","2013-01-06 23:00:00"
"27366","517","6","50","2012-12-27 00:00:00","2013-01-07 00:00:00","2012-12-27 00:00:00","2013-01-07 00:00:00","3.0000","36.7500","36.7500","2013-01-06 23:00:00"
"27366","517","7","60","2012-12-27 00:00:00","2013-01-07 00:00:00","2012-12-27 00:00:00","2013-01-07 00:00:00","4.0000","49.0000","49.0000","2013-01-06 23:00:00"
"27367","518","6","50","2012-12-27 00:00:00","2013-01-07 00:00:00","2012-12-27 00:00:00","2013-01-07 00:00:00","3.0000","36.7500","36.7500","2013-01-06 23:00:00"
"27367","518","7","60","2012-12-27 00:00:00","2013-01-07 00:00:00","2012-12-27 00:00:00","2013-01-07 00:00:00","4.0000","49.0000","49.0000","2013-01-06 23:00:00"
"27368","519","6","50","2012-12-27 00:00:00","2013-01-07 00:00:00","2012-12-27 00:00:00","2013-01-07 00:00:00","3.0000","36.7500","36.7500","2013-01-06 23:00:00"
"27368","519","7","60","2012-12-27 00:00:00","2013-01-07 00:00:00","2012-12-27 00:00:00","2013-01-07 00:00:00","4.0000","49.0000","49.0000","2013-01-06 23:00:00"
"27372","806","6","50","2012-12-27 00:00:00","2013-01-07 00:00:00","2012-12-27 00:00:00","2013-01-07 00:00:00","3.0000","36.7500","36.7500","2013-01-06 23:00:00"
"27373","810","1","10","2012-12-27 00:00:00","2013-01-07 00:00:00","2012-12-27 00:00:00","2013-01-07 00:00:00","4.1000","92.2500","92.2500","2013-01-06 23:00:00"
"27373","810","2","20","2012-12-27 00:00:00","2013-01-07 00:00:00","2012-12-27 00:00:00","2013-01-07 00:00:00","3.5000","87.5000","87.5000","2013-01-06 23:00:00"
"27373","810","6","50","2012-12-27 00:00:00","2013-01-07 00:00:00","2012-12-27 00:00:00","2013-01-07 00:00:00","3.0000","36.7500","36.7500","2013-01-06 23:00:00"
"27374","811","1","10","2012-12-27 00:00:00","2013-01-07 00:00:00","2012-12-27 00:00:00","2013-01-07 00:00:00","4.1000","92.2500","92.2500","2013-01-06 23:00:00"
"27374","811","2","20","2012-12-27 00:00:00","2013-01-07 00:00:00","2012-12-27 00:00:00","2013-01-07 00:00:00","3.5000","87.5000","87.5000","2013-01-06 23:00:00"
"27374","811","6","50","2012-12-27 00:00:00","2013-01-07 00:00:00","2012-12-27 00:00:00","2013-01-07 00:00:00","3.0000","36.7500","36.7500","2013-01-06 23:00:00"
"27375","812","1","10","2012-12-27 00:00:00","2013-01-07 00:00:00","2012-12-27 00:00:00","2013-01-07 00:00:00","4.1000","92.2500","92.2500","2013-01-06 23:00:00"
"27375","812","2","20","2012-12-27 00:00:00","2013-01-07 00:00:00","2012-12-27 00:00:00","2013-01-07 00:00:00","3.5000","87.5000","87.5000","2013-01-06 23:00:00"
"27375","812","6","50","2012-12-27 00:00:00","2013-01-07 00:00:00","2012-12-27 00:00:00","2013-01-07 00:00:00","3.0000","36.7500","36.7500","2013-01-06 23:00:00"
"27376","813","1","10","2012-12-27 00:00:00","2013-01-07 00:00:00","2012-12-27 00:00:00","2013-01-07 00:00:00","4.1000","92.2500","92.2500","2013-01-06 23:00:00"
"27376","813","2","20","2012-12-27 00:00:00","2013-01-07 00:00:00","2012-12-27 00:00:00","2013-01-07 00:00:00","3.5000","87.5000","87.5000","2013-01-06 23:00:00"
"27376","813","6","50","2012-12-27 00:00:00","2013-01-07 00:00:00","2012-12-27 00:00:00","2013-01-07 00:00:00","3.0000","36.7500","36.7500","2013-01-06 23:00:00"
"27377","816","6","50","2012-12-27 00:00:00","2013-01-07 00:00:00","2012-12-27 00:00:00","2013-01-07 00:00:00","3.0000","36.7500","36.7500","2013-01-06 23:00:00"
"27378","818","6","50","2012-12-27 00:00:00","2013-01-07 00:00:00","2012-12-27 00:00:00","2013-01-07 00:00:00","3.0000","36.7500","36.7500","2013-01-06 23:00:00"
"27379","819","6","50","2012-12-27 00:00:00","2013-01-07 00:00:00","2012-12-27 00:00:00","2013-01-07 00:00:00","3.0000","36.7500","36.7500","2013-01-06 23:00:00"
"27380","820","6","50","2012-12-27 00:00:00","2013-01-07 00:00:00","2012-12-27 00:00:00","2013-01-07 00:00:00","3.0000","36.7500","36.7500","2013-01-06 23:00:00"
"27381","824","6","50","2012-12-27 00:00:00","2013-01-07 00:00:00","2012-12-27 00:00:00","2013-01-07 00:00:00","3.0000","36.7500","36.7500","2013-01-06 23:00:00"
"27382","826","6","50","2012-12-27 00:00:00","2013-01-07 00:00:00","2012-12-27 00:00:00","2013-01-07 00:00:00","3.0000","36.7500","36.7500","2013-01-06 23:00:00"
"27383","827","6","50","2012-12-27 00:00:00","2013-01-07 00:00:00","2012-12-27 00:00:00","2013-01-07 00:00:00","3.0000","36.7500","36.7500","2013-01-06 23:00:00"
"27384","828","6","50","2012-12-27 00:00:00","2013-01-07 00:00:00","2012-12-27 00:00:00","2013-01-07 00:00:00","3.0000","36.7500","36.7500","2013-01-06 23:00:00"
"27386","894","6","50","2012-12-27 00:00:00","2013-01-07 00:00:00","2012-12-27 00:00:00","2013-01-07 00:00:00","3.0000","36.7500","36.7500","2013-01-06 23:00:00"
"27387","945","1","10","2012-12-27 00:00:00","2013-01-07 00:00:00","2012-12-27 00:00:00","2013-01-07 00:00:00","4.1000","92.2500","92.2500","2013-01-06 23:00:00"
"27387","945","6","50","2012-12-27 00:00:00","2013-01-07 00:00:00","2012-12-27 00:00:00","2013-01-07 00:00:00","3.0000","36.7500","36.7500","2013-01-06 23:00:00"
"27388","950","6","50","2012-12-27 00:00:00","2013-01-07 00:00:00","2012-12-27 00:00:00","2013-01-07 00:00:00","3.0000","36.7500","36.7500","2013-01-06 23:00:00"
"27389","994","6","50","2012-12-27 00:00:00","2013-01-07 00:00:00","2012-12-27 00:00:00","2013-01-07 00:00:00","3.0000","36.7500","36.7500","2013-01-06 23:00:00"
"27390","995","6","50","2012-12-27 00:00:00","2013-01-07 00:00:00","2012-12-27 00:00:00","2013-01-07 00:00:00","3.0000","36.7500","36.7500","2013-01-06 23:00:00"
"27391","996","6","50","2012-12-27 00:00:00","2013-01-07 00:00:00","2012-12-27 00:00:00","2013-01-07 00:00:00","3.0000","36.7500","36.7500","2013-01-06 23:00:00"
"27405","802","1","10","2012-12-27 00:00:00","2013-01-07 00:00:00","2012-12-27 00:00:00","2013-01-07 00:00:00","4.1000","92.2500","92.2500","2013-01-06 23:00:00"
"27405","802","6","50","2012-12-27 00:00:00","2013-01-07 00:00:00","2012-12-27 00:00:00","2013-01-07 00:00:00","3.0000","36.7500","36.7500","2013-01-06 23:00:00"
"27406","803","1","10","2012-12-27 00:00:00","2013-01-07 00:00:00","2012-12-27 00:00:00","2013-01-07 00:00:00","4.1000","92.2500","92.2500","2013-01-06 23:00:00"
"27406","803","6","50","2012-12-27 00:00:00","2013-01-07 00:00:00","2012-12-27 00:00:00","2013-01-07 00:00:00","3.0000","36.7500","36.7500","2013-01-06 23:00:00"
"27407","804","1","10","2012-12-27 00:00:00","2013-01-07 00:00:00","2012-12-27 00:00:00","2013-01-07 00:00:00","4.1000","92.2500","92.2500","2013-01-06 23:00:00"
"27407","804","6","50","2012-12-27 00:00:00","2013-01-07 00:00:00","2012-12-27 00:00:00","2013-01-07 00:00:00","3.0000","36.7500","36.7500","2013-01-06 23:00:00"
"27412","764","7","60","2012-12-28 00:00:00","2013-01-08 00:00:00","2013-01-16 00:00:00","2013-01-17 00:00:00","4.0000","49.0000","49.0000","2013-01-16 23:00:00"
"27413","781","7","60","2012-12-28 00:00:00","2013-01-08 00:00:00","2013-01-16 00:00:00","2013-01-17 00:00:00","4.0000","49.0000","49.0000","2013-01-16 23:00:00"
"27414","783","7","60","2012-12-28 00:00:00","2013-01-08 00:00:00","2013-01-16 00:00:00","2013-01-17 00:00:00","4.0000","49.0000","49.0000","2013-01-16 23:00:00"
"27415","784","7","60","2012-12-28 00:00:00","2013-01-08 00:00:00","2013-01-16 00:00:00","2013-01-17 00:00:00","4.0000","49.0000","49.0000","2013-01-16 23:00:00"
"27416","790","7","60","2012-12-28 00:00:00","2013-01-08 00:00:00","2013-01-16 00:00:00","2013-01-17 00:00:00","4.0000","49.0000","49.0000","2013-01-16 23:00:00"
"27417","791","7","60","2012-12-28 00:00:00","2013-01-08 00:00:00","2013-01-16 00:00:00","2013-01-17 00:00:00","4.0000","49.0000","49.0000","2013-01-16 23:00:00"
"27418","792","7","60","2012-12-28 00:00:00","2013-01-08 00:00:00","2013-01-16 00:00:00","2013-01-17 00:00:00","4.0000","49.0000","49.0000","2013-01-16 23:00:00"
"27419","795","7","60","2012-12-28 00:00:00","2013-01-08 00:00:00","2013-01-16 00:00:00","2013-01-17 00:00:00","4.0000","49.0000","49.0000","2013-01-16 23:00:00"
"27420","516","6","50","2012-12-28 00:00:00","2013-01-08 00:00:00","2013-01-16 00:00:00","2013-01-17 00:00:00","3.0000","36.7500","36.7500","2013-01-16 23:00:00"
"27420","516","7","60","2012-12-28 00:00:00","2013-01-08 00:00:00","2013-01-16 00:00:00","2013-01-17 00:00:00","4.0000","49.0000","49.0000","2013-01-16 23:00:00"
"27421","517","6","50","2012-12-28 00:00:00","2013-01-08 00:00:00","2013-01-16 00:00:00","2013-01-17 00:00:00","3.0000","36.7500","36.7500","2013-01-16 23:00:00"
"27421","517","7","60","2012-12-28 00:00:00","2013-01-08 00:00:00","2013-01-16 00:00:00","2013-01-17 00:00:00","4.0000","49.0000","49.0000","2013-01-16 23:00:00"
"27422","519","6","50","2012-12-28 00:00:00","2013-01-08 00:00:00","2013-01-16 00:00:00","2013-01-17 00:00:00","3.0000","36.7500","36.7500","2013-01-16 23:00:00"
"27422","519","7","60","2012-12-28 00:00:00","2013-01-08 00:00:00","2013-01-16 00:00:00","2013-01-17 00:00:00","4.0000","49.0000","49.0000","2013-01-16 23:00:00"
"27430","806","6","50","2012-12-28 00:00:00","2013-01-08 00:00:00","2013-01-16 00:00:00","2013-01-17 00:00:00","3.0000","36.7500","36.7500","2013-01-16 23:00:00"
"27431","810","1","10","2012-12-28 00:00:00","2013-01-08 00:00:00","2013-01-16 00:00:00","2013-01-17 00:00:00","4.1000","92.2500","92.2500","2013-01-16 23:00:00"
"27431","810","2","20","2012-12-28 00:00:00","2013-01-08 00:00:00","2013-01-16 00:00:00","2013-01-17 00:00:00","3.5000","87.5000","87.5000","2013-01-16 23:00:00"
"27431","810","6","50","2012-12-28 00:00:00","2013-01-08 00:00:00","2013-01-16 00:00:00","2013-01-17 00:00:00","3.0000","36.7500","36.7500","2013-01-16 23:00:00"
"27432","811","1","10","2012-12-28 00:00:00","2013-01-08 00:00:00","2013-01-16 00:00:00","2013-01-17 00:00:00","4.1000","92.2500","92.2500","2013-01-16 23:00:00"
"27432","811","2","20","2012-12-28 00:00:00","2013-01-08 00:00:00","2013-01-16 00:00:00","2013-01-17 00:00:00","3.5000","87.5000","87.5000","2013-01-16 23:00:00"
"27432","811","6","50","2012-12-28 00:00:00","2013-01-08 00:00:00","2013-01-16 00:00:00","2013-01-17 00:00:00","3.0000","36.7500","36.7500","2013-01-16 23:00:00"
"27433","813","1","10","2012-12-28 00:00:00","2013-01-08 00:00:00","2013-01-16 00:00:00","2013-01-17 00:00:00","4.1000","92.2500","92.2500","2013-01-16 23:00:00"
"27433","813","2","20","2012-12-28 00:00:00","2013-01-08 00:00:00","2013-01-16 00:00:00","2013-01-17 00:00:00","3.5000","87.5000","87.5000","2013-01-16 23:00:00"
"27433","813","6","50","2012-12-28 00:00:00","2013-01-08 00:00:00","2013-01-16 00:00:00","2013-01-17 00:00:00","3.0000","36.7500","36.7500","2013-01-16 23:00:00"
"27434","816","6","50","2012-12-28 00:00:00","2013-01-08 00:00:00","2013-01-16 00:00:00","2013-01-17 00:00:00","3.0000","36.7500","36.7500","2013-01-16 23:00:00"
"27435","818","6","50","2012-12-28 00:00:00","2013-01-08 00:00:00","2013-01-16 00:00:00","2013-01-17 00:00:00","3.0000","36.7500","36.7500","2013-01-16 23:00:00"
"27436","820","6","50","2012-12-28 00:00:00","2013-01-08 00:00:00","2013-01-16 00:00:00","2013-01-17 00:00:00","3.0000","36.7500","36.7500","2013-01-16 23:00:00"
"27437","824","6","50","2012-12-28 00:00:00","2013-01-08 00:00:00","2013-01-16 00:00:00","2013-01-17 00:00:00","3.0000","36.7500","36.7500","2013-01-16 23:00:00"
"27438","826","6","50","2012-12-28 00:00:00","2013-01-08 00:00:00","2013-01-16 00:00:00","2013-01-17 00:00:00","3.0000","36.7500","36.7500","2013-01-16 23:00:00"
"27439","828","6","50","2012-12-28 00:00:00","2013-01-08 00:00:00","2013-01-16 00:00:00","2013-01-17 00:00:00","3.0000","36.7500","36.7500","2013-01-16 23:00:00"
"27441","894","6","50","2012-12-28 00:00:00","2013-01-08 00:00:00","2013-01-16 00:00:00","2013-01-17 00:00:00","3.0000","36.7500","36.7500","2013-01-16 23:00:00"
"27442","945","1","10","2012-12-28 00:00:00","2013-01-08 00:00:00","2013-01-16 00:00:00","2013-01-17 00:00:00","4.1000","92.2500","92.2500","2013-01-16 23:00:00"
"27442","945","6","50","2012-12-28 00:00:00","2013-01-08 00:00:00","2013-01-16 00:00:00","2013-01-17 00:00:00","3.0000","36.7500","36.7500","2013-01-16 23:00:00"
"27443","950","6","50","2012-12-28 00:00:00","2013-01-08 00:00:00","2013-01-16 00:00:00","2013-01-17 00:00:00","3.0000","36.7500","36.7500","2013-01-16 23:00:00"
"27444","994","6","50","2012-12-28 00:00:00","2013-01-08 00:00:00","2013-01-16 00:00:00","2013-01-17 00:00:00","3.0000","36.7500","36.7500","2013-01-16 23:00:00"
"27445","995","6","50","2012-12-28 00:00:00","2013-01-08 00:00:00","2013-01-16 00:00:00","2013-01-17 00:00:00","3.0000","36.7500","36.7500","2013-01-16 23:00:00"
"27446","996","6","50","2012-12-28 00:00:00","2013-01-08 00:00:00","2013-01-16 00:00:00","2013-01-17 00:00:00","3.0000","36.7500","36.7500","2013-01-16 23:00:00"
"27460","802","1","10","2012-12-28 00:00:00","2013-01-08 00:00:00","2013-01-16 00:00:00","2013-01-17 00:00:00","4.1000","92.2500","92.2500","2013-01-16 23:00:00"
"27460","802","6","50","2012-12-28 00:00:00","2013-01-08 00:00:00","2013-01-16 00:00:00","2013-01-17 00:00:00","3.0000","36.7500","36.7500","2013-01-16 23:00:00"
"27461","804","1","10","2012-12-28 00:00:00","2013-01-08 00:00:00","2013-01-16 00:00:00","2013-01-17 00:00:00","4.1000","92.2500","92.2500","2013-01-16 23:00:00"
"27461","804","6","50","2012-12-28 00:00:00","2013-01-08 00:00:00","2013-01-16 00:00:00","2013-01-17 00:00:00","3.0000","36.7500","36.7500","2013-01-16 23:00:00"
"27466","765","7","60","2012-12-29 00:00:00","2013-01-09 00:00:00","2012-12-29 00:00:00","2013-01-09 00:00:00","4.0000","49.0000","49.0000","2013-01-08 23:00:00"
"27467","782","7","60","2012-12-29 00:00:00","2013-01-09 00:00:00","2012-12-29 00:00:00","2013-01-09 00:00:00","4.0000","49.0000","49.0000","2013-01-08 23:00:00"
"27468","790","7","60","2012-12-29 00:00:00","2013-01-09 00:00:00","2012-12-29 00:00:00","2013-01-09 00:00:00","4.0000","49.0000","49.0000","2013-01-08 23:00:00"
"27469","516","6","50","2012-12-29 00:00:00","2013-01-09 00:00:00","2012-12-29 00:00:00","2013-01-09 00:00:00","3.0000","36.7500","36.7500","2013-01-08 23:00:00"
"27469","516","7","60","2012-12-29 00:00:00","2013-01-09 00:00:00","2012-12-29 00:00:00","2013-01-09 00:00:00","4.0000","49.0000","49.0000","2013-01-08 23:00:00"
"27470","517","6","50","2012-12-29 00:00:00","2013-01-09 00:00:00","2012-12-29 00:00:00","2013-01-09 00:00:00","3.0000","36.7500","36.7500","2013-01-08 23:00:00"
"27470","517","7","60","2012-12-29 00:00:00","2013-01-09 00:00:00","2012-12-29 00:00:00","2013-01-09 00:00:00","4.0000","49.0000","49.0000","2013-01-08 23:00:00"
"27471","519","6","50","2012-12-29 00:00:00","2013-01-09 00:00:00","2012-12-29 00:00:00","2013-01-09 00:00:00","3.0000","36.7500","36.7500","2013-01-08 23:00:00"
"27471","519","7","60","2012-12-29 00:00:00","2013-01-09 00:00:00","2012-12-29 00:00:00","2013-01-09 00:00:00","4.0000","49.0000","49.0000","2013-01-08 23:00:00"
"27474","747","1","10","2012-12-29 00:00:00","2013-01-09 00:00:00","2012-12-29 00:00:00","2013-01-09 00:00:00","4.1000","92.2500","92.2500","2013-01-08 23:00:00"
"27474","747","2","20","2012-12-29 00:00:00","2013-01-09 00:00:00","2012-12-29 00:00:00","2013-01-09 00:00:00","3.5000","87.5000","87.5000","2013-01-08 23:00:00"
"27474","747","3","30","2012-12-29 00:00:00","2013-01-09 00:00:00","2012-12-29 00:00:00","2013-01-09 00:00:00","1.0000","14.5000","14.5000","2013-01-08 23:00:00"
"27474","747","4","40","2012-12-29 00:00:00","2013-01-09 00:00:00","2012-12-29 00:00:00","2013-01-09 00:00:00","2.0000","31.5000","31.5000","2013-01-08 23:00:00"
"27474","747","6","50","2012-12-29 00:00:00","2013-01-09 00:00:00","2012-12-29 00:00:00","2013-01-09 00:00:00","3.0000","36.7500","36.7500","2013-01-08 23:00:00"
"27474","747","7","60","2012-12-29 00:00:00","2013-01-09 00:00:00","2012-12-29 00:00:00","2013-01-09 00:00:00","4.0000","49.0000","49.0000","2013-01-08 23:00:00"
"27475","806","6","50","2012-12-29 00:00:00","2013-01-09 00:00:00","2012-12-29 00:00:00","2013-01-09 00:00:00","3.0000","36.7500","36.7500","2013-01-08 23:00:00"
"27476","810","1","10","2012-12-29 00:00:00","2013-01-09 00:00:00","2012-12-29 00:00:00","2013-01-09 00:00:00","4.1000","92.2500","92.2500","2013-01-08 23:00:00"
"27476","810","2","20","2012-12-29 00:00:00","2013-01-09 00:00:00","2012-12-29 00:00:00","2013-01-09 00:00:00","3.5000","87.5000","87.5000","2013-01-08 23:00:00"
"27476","810","6","50","2012-12-29 00:00:00","2013-01-09 00:00:00","2012-12-29 00:00:00","2013-01-09 00:00:00","3.0000","36.7500","36.7500","2013-01-08 23:00:00"
"27477","811","1","10","2012-12-29 00:00:00","2013-01-09 00:00:00","2012-12-29 00:00:00","2013-01-09 00:00:00","4.1000","92.2500","92.2500","2013-01-08 23:00:00"
"27477","811","2","20","2012-12-29 00:00:00","2013-01-09 00:00:00","2012-12-29 00:00:00","2013-01-09 00:00:00","3.5000","87.5000","87.5000","2013-01-08 23:00:00"
"27477","811","6","50","2012-12-29 00:00:00","2013-01-09 00:00:00","2012-12-29 00:00:00","2013-01-09 00:00:00","3.0000","36.7500","36.7500","2013-01-08 23:00:00"
"27478","813","1","10","2012-12-29 00:00:00","2013-01-09 00:00:00","2012-12-29 00:00:00","2013-01-09 00:00:00","4.1000","92.2500","92.2500","2013-01-08 23:00:00"
"27478","813","2","20","2012-12-29 00:00:00","2013-01-09 00:00:00","2012-12-29 00:00:00","2013-01-09 00:00:00","3.5000","87.5000","87.5000","2013-01-08 23:00:00"
"27478","813","6","50","2012-12-29 00:00:00","2013-01-09 00:00:00","2012-12-29 00:00:00","2013-01-09 00:00:00","3.0000","36.7500","36.7500","2013-01-08 23:00:00"
"27479","816","6","50","2012-12-29 00:00:00","2013-01-09 00:00:00","2012-12-29 00:00:00","2013-01-09 00:00:00","3.0000","36.7500","36.7500","2013-01-08 23:00:00"
"27480","818","6","50","2012-12-29 00:00:00","2013-01-09 00:00:00","2012-12-29 00:00:00","2013-01-09 00:00:00","3.0000","36.7500","36.7500","2013-01-08 23:00:00"
"27481","820","6","50","2012-12-29 00:00:00","2013-01-09 00:00:00","2012-12-29 00:00:00","2013-01-09 00:00:00","3.0000","36.7500","36.7500","2013-01-08 23:00:00"
"27482","824","6","50","2012-12-29 00:00:00","2013-01-09 00:00:00","2012-12-29 00:00:00","2013-01-09 00:00:00","3.0000","36.7500","36.7500","2013-01-08 23:00:00"
"27483","826","6","50","2012-12-29 00:00:00","2013-01-09 00:00:00","2012-12-29 00:00:00","2013-01-09 00:00:00","3.0000","36.7500","36.7500","2013-01-08 23:00:00"
"27484","828","6","50","2012-12-29 00:00:00","2013-01-09 00:00:00","2012-12-29 00:00:00","2013-01-09 00:00:00","3.0000","36.7500","36.7500","2013-01-08 23:00:00"
"27485","894","6","50","2012-12-29 00:00:00","2013-01-09 00:00:00","2012-12-29 00:00:00","2013-01-09 00:00:00","3.0000","36.7500","36.7500","2013-01-08 23:00:00"
"27486","945","1","10","2012-12-29 00:00:00","2013-01-09 00:00:00","2012-12-29 00:00:00","2013-01-09 00:00:00","4.1000","92.2500","92.2500","2013-01-08 23:00:00"
"27486","945","6","50","2012-12-29 00:00:00","2013-01-09 00:00:00","2012-12-29 00:00:00","2013-01-09 00:00:00","3.0000","36.7500","36.7500","2013-01-08 23:00:00"
"27487","950","6","50","2012-12-29 00:00:00","2013-01-09 00:00:00","2012-12-29 00:00:00","2013-01-09 00:00:00","3.0000","36.7500","36.7500","2013-01-08 23:00:00"
"27488","994","6","50","2012-12-29 00:00:00","2013-01-09 00:00:00","2012-12-29 00:00:00","2013-01-09 00:00:00","3.0000","36.7500","36.7500","2013-01-08 23:00:00"
"27489","995","6","50","2012-12-29 00:00:00","2013-01-09 00:00:00","2012-12-29 00:00:00","2013-01-09 00:00:00","3.0000","36.7500","36.7500","2013-01-08 23:00:00"
"27490","996","6","50","2012-12-29 00:00:00","2013-01-09 00:00:00","2012-12-29 00:00:00","2013-01-09 00:00:00","3.0000","36.7500","36.7500","2013-01-08 23:00:00"
"27504","802","1","10","2012-12-29 00:00:00","2013-01-09 00:00:00","2012-12-29 00:00:00","2013-01-09 00:00:00","4.1000","92.2500","92.2500","2013-01-08 23:00:00"
"27504","802","6","50","2012-12-29 00:00:00","2013-01-09 00:00:00","2012-12-29 00:00:00","2013-01-09 00:00:00","3.0000","36.7500","36.7500","2013-01-08 23:00:00"
"27505","804","1","10","2012-12-29 00:00:00","2013-01-09 00:00:00","2012-12-29 00:00:00","2013-01-09 00:00:00","4.1000","92.2500","92.2500","2013-01-08 23:00:00"
"27505","804","6","50","2012-12-29 00:00:00","2013-01-09 00:00:00","2012-12-29 00:00:00","2013-01-09 00:00:00","3.0000","36.7500","36.7500","2013-01-08 23:00:00"
"27510","779","7","60","2012-12-30 00:00:00","2013-01-10 00:00:00","2013-01-20 00:00:00","2013-02-01 00:00:00","4.0000","49.0000","49.0000","2013-01-31 23:00:00"
"27511","782","7","60","2012-12-30 00:00:00","2013-01-10 00:00:00","2013-01-20 00:00:00","2013-02-01 00:00:00","4.0000","49.0000","49.0000","2013-01-31 23:00:00"
"27512","789","7","60","2012-12-30 00:00:00","2013-01-10 00:00:00","2013-01-20 00:00:00","2013-02-01 00:00:00","4.0000","49.0000","49.0000","2013-01-31 23:00:00"
"27513","791","7","60","2012-12-30 00:00:00","2013-01-10 00:00:00","2013-01-20 00:00:00","2013-02-01 00:00:00","4.0000","49.0000","49.0000","2013-01-31 23:00:00"
"27514","516","6","50","2012-12-30 00:00:00","2013-01-10 00:00:00","2013-01-20 00:00:00","2013-02-01 00:00:00","3.0000","36.7500","36.7500","2013-01-31 23:00:00"
"27514","516","7","60","2012-12-30 00:00:00","2013-01-10 00:00:00","2013-01-20 00:00:00","2013-02-01 00:00:00","4.0000","49.0000","49.0000","2013-01-31 23:00:00"
"27515","519","6","50","2012-12-30 00:00:00","2013-01-10 00:00:00","2013-01-20 00:00:00","2013-02-01 00:00:00","3.0000","36.7500","36.7500","2013-01-31 23:00:00"
"27515","519","7","60","2012-12-30 00:00:00","2013-01-10 00:00:00","2013-01-20 00:00:00","2013-02-01 00:00:00","4.0000","49.0000","49.0000","2013-01-31 23:00:00"
"27518","747","1","10","2012-12-30 00:00:00","2013-01-10 00:00:00","2013-01-20 00:00:00","2013-02-01 00:00:00","4.1000","92.2500","92.2500","2013-01-31 23:00:00"
"27518","747","2","20","2012-12-30 00:00:00","2013-01-10 00:00:00","2013-01-20 00:00:00","2013-02-01 00:00:00","3.5000","87.5000","87.5000","2013-01-31 23:00:00"
"27518","747","3","30","2012-12-30 00:00:00","2013-01-10 00:00:00","2013-01-20 00:00:00","2013-02-01 00:00:00","1.0000","14.5000","14.5000","2013-01-31 23:00:00"
"27518","747","4","40","2012-12-30 00:00:00","2013-01-10 00:00:00","2013-01-20 00:00:00","2013-02-01 00:00:00","2.0000","31.5000","31.5000","2013-01-31 23:00:00"
"27518","747","6","50","2012-12-30 00:00:00","2013-01-10 00:00:00","2013-01-20 00:00:00","2013-02-01 00:00:00","3.0000","36.7500","36.7500","2013-01-31 23:00:00"
"27518","747","7","60","2012-12-30 00:00:00","2013-01-10 00:00:00","2013-01-20 00:00:00","2013-02-01 00:00:00","4.0000","49.0000","49.0000","2013-01-31 23:00:00"
"27519","748","1","10","2012-12-30 00:00:00","2013-01-10 00:00:00","2013-01-20 00:00:00","2013-02-01 00:00:00","4.1000","92.2500","92.2500","2013-01-31 23:00:00"
"27519","748","2","20","2012-12-30 00:00:00","2013-01-10 00:00:00","2013-01-20 00:00:00","2013-02-01 00:00:00","3.5000","87.5000","87.5000","2013-01-31 23:00:00"
"27519","748","3","30","2012-12-30 00:00:00","2013-01-10 00:00:00","2013-01-20 00:00:00","2013-02-01 00:00:00","1.0000","14.5000","14.5000","2013-01-31 23:00:00"
"27519","748","5","45","2012-12-30 00:00:00","2013-01-10 00:00:00","2013-01-20 00:00:00","2013-02-01 00:00:00","2.0000","36.0000","36.0000","2013-01-31 23:00:00"
"27519","748","6","50","2012-12-30 00:00:00","2013-01-10 00:00:00","2013-01-20 00:00:00","2013-02-01 00:00:00","3.0000","36.7500","36.7500","2013-01-31 23:00:00"
"27519","748","7","60","2012-12-30 00:00:00","2013-01-10 00:00:00","2013-01-20 00:00:00","2013-02-01 00:00:00","4.0000","49.0000","49.0000","2013-01-31 23:00:00"
"27520","806","6","50","2012-12-30 00:00:00","2013-01-10 00:00:00","2013-01-20 00:00:00","2013-02-01 00:00:00","3.0000","36.7500","36.7500","2013-01-31 23:00:00"
"27521","810","1","10","2012-12-30 00:00:00","2013-01-10 00:00:00","2013-01-20 00:00:00","2013-02-01 00:00:00","4.1000","92.2500","92.2500","2013-01-31 23:00:00"
"27521","810","2","20","2012-12-30 00:00:00","2013-01-10 00:00:00","2013-01-20 00:00:00","2013-02-01 00:00:00","3.5000","87.5000","87.5000","2013-01-31 23:00:00"
"27521","810","6","50","2012-12-30 00:00:00","2013-01-10 00:00:00","2013-01-20 00:00:00","2013-02-01 00:00:00","3.0000","36.7500","36.7500","2013-01-31 23:00:00"
"27522","813","1","10","2012-12-30 00:00:00","2013-01-10 00:00:00","2013-01-20 00:00:00","2013-02-01 00:00:00","4.1000","92.2500","92.2500","2013-01-31 23:00:00"
"27522","813","2","20","2012-12-30 00:00:00","2013-01-10 00:00:00","2013-01-20 00:00:00","2013-02-01 00:00:00","3.5000","87.5000","87.5000","2013-01-31 23:00:00"
"27522","813","6","50","2012-12-30 00:00:00","2013-01-10 00:00:00","2013-01-20 00:00:00","2013-02-01 00:00:00","3.0000","36.7500","36.7500","2013-01-31 23:00:00"
"27523","816","6","50","2012-12-30 00:00:00","2013-01-10 00:00:00","2013-01-20 00:00:00","2013-02-01 00:00:00","3.0000","36.7500","36.7500","2013-01-31 23:00:00"
"27524","820","6","50","2012-12-30 00:00:00","2013-01-10 00:00:00","2013-01-20 00:00:00","2013-02-01 00:00:00","3.0000","36.7500","36.7500","2013-01-31 23:00:00"
"27525","824","6","50","2012-12-30 00:00:00","2013-01-10 00:00:00","2013-01-20 00:00:00","2013-02-01 00:00:00","3.0000","36.7500","36.7500","2013-01-31 23:00:00"
"27526","828","6","50","2012-12-30 00:00:00","2013-01-10 00:00:00","2013-01-20 00:00:00","2013-02-01 00:00:00","3.0000","36.7500","36.7500","2013-01-31 23:00:00"
"27527","894","6","50","2012-12-30 00:00:00","2013-01-10 00:00:00","2013-01-20 00:00:00","2013-02-01 00:00:00","3.0000","36.7500","36.7500","2013-01-31 23:00:00"
"27528","945","1","10","2012-12-30 00:00:00","2013-01-10 00:00:00","2013-01-20 00:00:00","2013-02-01 00:00:00","4.1000","92.2500","92.2500","2013-01-31 23:00:00"
"27528","945","6","50","2012-12-30 00:00:00","2013-01-10 00:00:00","2013-01-20 00:00:00","2013-02-01 00:00:00","3.0000","36.7500","36.7500","2013-01-31 23:00:00"
"27529","950","6","50","2012-12-30 00:00:00","2013-01-10 00:00:00","2013-01-20 00:00:00","2013-02-01 00:00:00","3.0000","36.7500","36.7500","2013-01-31 23:00:00"
"27530","995","6","50","2012-12-30 00:00:00","2013-01-10 00:00:00","2013-01-20 00:00:00","2013-02-01 00:00:00","3.0000","36.7500","36.7500","2013-01-31 23:00:00"
"27531","996","6","50","2012-12-30 00:00:00","2013-01-10 00:00:00","2013-01-20 00:00:00","2013-02-01 00:00:00","3.0000","36.7500","36.7500","2013-01-31 23:00:00"
"27544","804","1","10","2012-12-30 00:00:00","2013-01-10 00:00:00","2013-01-20 00:00:00","2013-02-01 00:00:00","4.1000","92.2500","92.2500","2013-01-31 23:00:00"
"27544","804","6","50","2012-12-30 00:00:00","2013-01-10 00:00:00","2013-01-20 00:00:00","2013-02-01 00:00:00","3.0000","36.7500","36.7500","2013-01-31 23:00:00"
"27549","763","7","60","2012-12-31 00:00:00","2013-01-11 00:00:00","2013-01-01 00:00:00","2013-01-11 00:00:00","4.0000","49.0000","49.0000","2013-01-10 23:00:00"
"27550","769","7","60","2012-12-31 00:00:00","2013-01-11 00:00:00","2013-01-01 00:00:00","2013-01-11 00:00:00","4.0000","49.0000","49.0000","2013-01-10 23:00:00"
"27551","792","7","60","2012-12-31 00:00:00","2013-01-11 00:00:00","2013-01-01 00:00:00","2013-01-11 00:00:00","4.0000","49.0000","49.0000","2013-01-10 23:00:00"
"27552","794","7","60","2012-12-31 00:00:00","2013-01-11 00:00:00","2013-01-01 00:00:00","2013-01-11 00:00:00","4.0000","49.0000","49.0000","2013-01-10 23:00:00"
"27553","795","7","60","2012-12-31 00:00:00","2013-01-11 00:00:00","2013-01-01 00:00:00","2013-01-11 00:00:00","4.0000","49.0000","49.0000","2013-01-10 23:00:00"
"27554","799","7","60","2012-12-31 00:00:00","2013-01-11 00:00:00","2013-01-01 00:00:00","2013-01-11 00:00:00","4.0000","49.0000","49.0000","2013-01-10 23:00:00"
"27555","517","6","50","2012-12-31 00:00:00","2013-01-11 00:00:00","2013-01-01 00:00:00","2013-01-11 00:00:00","3.0000","36.7500","36.7500","2013-01-10 23:00:00"
"27555","517","7","60","2012-12-31 00:00:00","2013-01-11 00:00:00","2013-01-01 00:00:00","2013-01-11 00:00:00","4.0000","49.0000","49.0000","2013-01-10 23:00:00"
"27556","518","6","50","2012-12-31 00:00:00","2013-01-11 00:00:00","2013-01-01 00:00:00","2013-01-11 00:00:00","3.0000","36.7500","36.7500","2013-01-10 23:00:00"
"27556","518","7","60","2012-12-31 00:00:00","2013-01-11 00:00:00","2013-01-01 00:00:00","2013-01-11 00:00:00","4.0000","49.0000","49.0000","2013-01-10 23:00:00"
"27557","519","6","50","2012-12-31 00:00:00","2013-01-11 00:00:00","2013-01-01 00:00:00","2013-01-11 00:00:00","3.0000","36.7500","36.7500","2013-01-10 23:00:00"
"27557","519","7","60","2012-12-31 00:00:00","2013-01-11 00:00:00","2013-01-01 00:00:00","2013-01-11 00:00:00","4.0000","49.0000","49.0000","2013-01-10 23:00:00"
"27561","806","6","50","2012-12-31 00:00:00","2013-01-11 00:00:00","2013-01-01 00:00:00","2013-01-11 00:00:00","3.0000","36.7500","36.7500","2013-01-10 23:00:00"
"27562","811","1","10","2012-12-31 00:00:00","2013-01-11 00:00:00","2013-01-01 00:00:00","2013-01-11 00:00:00","4.1000","92.2500","92.2500","2013-01-10 23:00:00"
"27562","811","2","20","2012-12-31 00:00:00","2013-01-11 00:00:00","2013-01-01 00:00:00","2013-01-11 00:00:00","3.5000","87.5000","87.5000","2013-01-10 23:00:00"
"27562","811","6","50","2012-12-31 00:00:00","2013-01-11 00:00:00","2013-01-01 00:00:00","2013-01-11 00:00:00","3.0000","36.7500","36.7500","2013-01-10 23:00:00"
"27563","812","1","10","2012-12-31 00:00:00","2013-01-11 00:00:00","2013-01-01 00:00:00","2013-01-11 00:00:00","4.1000","92.2500","92.2500","2013-01-10 23:00:00"
"27563","812","2","20","2012-12-31 00:00:00","2013-01-11 00:00:00","2013-01-01 00:00:00","2013-01-11 00:00:00","3.5000","87.5000","87.5000","2013-01-10 23:00:00"
"27563","812","6","50","2012-12-31 00:00:00","2013-01-11 00:00:00","2013-01-01 00:00:00","2013-01-11 00:00:00","3.0000","36.7500","36.7500","2013-01-10 23:00:00"
"27564","813","1","10","2012-12-31 00:00:00","2013-01-11 00:00:00","2013-01-01 00:00:00","2013-01-11 00:00:00","4.1000","92.2500","92.2500","2013-01-10 23:00:00"
"27564","813","2","20","2012-12-31 00:00:00","2013-01-11 00:00:00","2013-01-01 00:00:00","2013-01-11 00:00:00","3.5000","87.5000","87.5000","2013-01-10 23:00:00"
"27564","813","6","50","2012-12-31 00:00:00","2013-01-11 00:00:00","2013-01-01 00:00:00","2013-01-11 00:00:00","3.0000","36.7500","36.7500","2013-01-10 23:00:00"
"27565","818","6","50","2012-12-31 00:00:00","2013-01-11 00:00:00","2013-01-01 00:00:00","2013-01-11 00:00:00","3.0000","36.7500","36.7500","2013-01-10 23:00:00"
"27566","819","6","50","2012-12-31 00:00:00","2013-01-11 00:00:00","2013-01-01 00:00:00","2013-01-11 00:00:00","3.0000","36.7500","36.7500","2013-01-10 23:00:00"
"27567","820","6","50","2012-12-31 00:00:00","2013-01-11 00:00:00","2013-01-01 00:00:00","2013-01-11 00:00:00","3.0000","36.7500","36.7500","2013-01-10 23:00:00"
"27568","826","6","50","2012-12-31 00:00:00","2013-01-11 00:00:00","2013-01-01 00:00:00","2013-01-11 00:00:00","3.0000","36.7500","36.7500","2013-01-10 23:00:00"
"27569","827","6","50","2012-12-31 00:00:00","2013-01-11 00:00:00","2013-01-01 00:00:00","2013-01-11 00:00:00","3.0000","36.7500","36.7500","2013-01-10 23:00:00"
"27570","828","6","50","2012-12-31 00:00:00","2013-01-11 00:00:00","2013-01-01 00:00:00","2013-01-11 00:00:00","3.0000","36.7500","36.7500","2013-01-10 23:00:00"
"27574","894","6","50","2012-12-31 00:00:00","2013-01-11 00:00:00","2013-01-01 00:00:00","2013-01-11 00:00:00","3.0000","36.7500","36.7500","2013-01-10 23:00:00"
"27575","945","1","10","2012-12-31 00:00:00","2013-01-11 00:00:00","2013-01-01 00:00:00","2013-01-11 00:00:00","4.1000","92.2500","92.2500","2013-01-10 23:00:00"
"27575","945","6","50","2012-12-31 00:00:00","2013-01-11 00:00:00","2013-01-01 00:00:00","2013-01-11 00:00:00","3.0000","36.7500","36.7500","2013-01-10 23:00:00"
"27576","950","6","50","2012-12-31 00:00:00","2013-01-11 00:00:00","2013-01-01 00:00:00","2013-01-11 00:00:00","3.0000","36.7500","36.7500","2013-01-10 23:00:00"
"27577","994","6","50","2012-12-31 00:00:00","2013-01-11 00:00:00","2013-01-01 00:00:00","2013-01-11 00:00:00","3.0000","36.7500","36.7500","2013-01-10 23:00:00"
"27578","996","6","50","2012-12-31 00:00:00","2013-01-11 00:00:00","2013-01-01 00:00:00","2013-01-11 00:00:00","3.0000","36.7500","36.7500","2013-01-10 23:00:00"
"27591","802","1","10","2012-12-31 00:00:00","2013-01-11 00:00:00","2013-01-01 00:00:00","2013-01-11 00:00:00","4.1000","92.2500","92.2500","2013-01-10 23:00:00"
"27591","802","6","50","2012-12-31 00:00:00","2013-01-11 00:00:00","2013-01-01 00:00:00","2013-01-11 00:00:00","3.0000","36.7500","36.7500","2013-01-10 23:00:00"
"27592","803","1","10","2012-12-31 00:00:00","2013-01-11 00:00:00","2013-01-01 00:00:00","2013-01-11 00:00:00","4.1000","92.2500","92.2500","2013-01-10 23:00:00"
"27592","803","6","50","2012-12-31 00:00:00","2013-01-11 00:00:00","2013-01-01 00:00:00","2013-01-11 00:00:00","3.0000","36.7500","36.7500","2013-01-10 23:00:00"
"27593","804","1","10","2012-12-31 00:00:00","2013-01-11 00:00:00","2013-01-01 00:00:00","2013-01-11 00:00:00","4.1000","92.2500","92.2500","2013-01-10 23:00:00"
"27593","804","6","50","2012-12-31 00:00:00","2013-01-11 00:00:00","2013-01-01 00:00:00","2013-01-11 00:00:00","3.0000","36.7500","36.7500","2013-01-10 23:00:00"
"27598","761","7","60","2013-01-01 00:00:00","2013-01-12 00:00:00","2013-01-01 00:00:00","2013-01-15 00:00:00","4.0000","49.0000","49.0000","2013-01-14 23:00:00"
"27599","765","7","60","2013-01-01 00:00:00","2013-01-12 00:00:00","2013-01-01 00:00:00","2013-01-15 00:00:00","4.0000","49.0000","49.0000","2013-01-14 23:00:00"
"27600","783","7","60","2013-01-01 00:00:00","2013-01-12 00:00:00","2013-01-01 00:00:00","2013-01-15 00:00:00","4.0000","49.0000","49.0000","2013-01-14 23:00:00"
"27601","791","7","60","2013-01-01 00:00:00","2013-01-12 00:00:00","2013-01-01 00:00:00","2013-01-15 00:00:00","4.0000","49.0000","49.0000","2013-01-14 23:00:00"
"27602","794","7","60","2013-01-01 00:00:00","2013-01-12 00:00:00","2013-01-01 00:00:00","2013-01-15 00:00:00","4.0000","49.0000","49.0000","2013-01-14 23:00:00"
"27603","798","7","60","2013-01-01 00:00:00","2013-01-12 00:00:00","2013-01-01 00:00:00","2013-01-15 00:00:00","4.0000","49.0000","49.0000","2013-01-14 23:00:00"
"27604","516","6","50","2013-01-01 00:00:00","2013-01-12 00:00:00","2013-01-01 00:00:00","2013-01-15 00:00:00","3.0000","36.7500","36.7500","2013-01-14 23:00:00"
"27604","516","7","60","2013-01-01 00:00:00","2013-01-12 00:00:00","2013-01-01 00:00:00","2013-01-15 00:00:00","4.0000","49.0000","49.0000","2013-01-14 23:00:00"
"27605","517","6","50","2013-01-01 00:00:00","2013-01-12 00:00:00","2013-01-01 00:00:00","2013-01-15 00:00:00","3.0000","36.7500","36.7500","2013-01-14 23:00:00"
"27605","517","7","60","2013-01-01 00:00:00","2013-01-12 00:00:00","2013-01-01 00:00:00","2013-01-15 00:00:00","4.0000","49.0000","49.0000","2013-01-14 23:00:00"
"27606","518","6","50","2013-01-01 00:00:00","2013-01-12 00:00:00","2013-01-01 00:00:00","2013-01-15 00:00:00","3.0000","36.7500","36.7500","2013-01-14 23:00:00"
"27606","518","7","60","2013-01-01 00:00:00","2013-01-12 00:00:00","2013-01-01 00:00:00","2013-01-15 00:00:00","4.0000","49.0000","49.0000","2013-01-14 23:00:00"
"27607","519","6","50","2013-01-01 00:00:00","2013-01-12 00:00:00","2013-01-01 00:00:00","2013-01-15 00:00:00","3.0000","36.7500","36.7500","2013-01-14 23:00:00"
"27607","519","7","60","2013-01-01 00:00:00","2013-01-12 00:00:00","2013-01-01 00:00:00","2013-01-15 00:00:00","4.0000","49.0000","49.0000","2013-01-14 23:00:00"
"27612","806","6","50","2013-01-01 00:00:00","2013-01-12 00:00:00","2013-01-01 00:00:00","2013-01-15 00:00:00","3.0000","36.7500","36.7500","2013-01-14 23:00:00"
"27613","810","1","10","2013-01-01 00:00:00","2013-01-12 00:00:00","2013-01-01 00:00:00","2013-01-15 00:00:00","4.1000","92.2500","92.2500","2013-01-14 23:00:00"
"27613","810","2","20","2013-01-01 00:00:00","2013-01-12 00:00:00","2013-01-01 00:00:00","2013-01-15 00:00:00","3.5000","87.5000","87.5000","2013-01-14 23:00:00"
"27613","810","6","50","2013-01-01 00:00:00","2013-01-12 00:00:00","2013-01-01 00:00:00","2013-01-15 00:00:00","3.0000","36.7500","36.7500","2013-01-14 23:00:00"
"27614","811","1","10","2013-01-01 00:00:00","2013-01-12 00:00:00","2013-01-01 00:00:00","2013-01-15 00:00:00","4.1000","92.2500","92.2500","2013-01-14 23:00:00"
"27614","811","2","20","2013-01-01 00:00:00","2013-01-12 00:00:00","2013-01-01 00:00:00","2013-01-15 00:00:00","3.5000","87.5000","87.5000","2013-01-14 23:00:00"
"27614","811","6","50","2013-01-01 00:00:00","2013-01-12 00:00:00","2013-01-01 00:00:00","2013-01-15 00:00:00","3.0000","36.7500","36.7500","2013-01-14 23:00:00"
"27615","812","1","10","2013-01-01 00:00:00","2013-01-12 00:00:00","2013-01-01 00:00:00","2013-01-15 00:00:00","4.1000","92.2500","92.2500","2013-01-14 23:00:00"
"27615","812","2","20","2013-01-01 00:00:00","2013-01-12 00:00:00","2013-01-01 00:00:00","2013-01-15 00:00:00","3.5000","87.5000","87.5000","2013-01-14 23:00:00"
"27615","812","6","50","2013-01-01 00:00:00","2013-01-12 00:00:00","2013-01-01 00:00:00","2013-01-15 00:00:00","3.0000","36.7500","36.7500","2013-01-14 23:00:00"
"27616","813","1","10","2013-01-01 00:00:00","2013-01-12 00:00:00","2013-01-01 00:00:00","2013-01-15 00:00:00","4.1000","92.2500","92.2500","2013-01-14 23:00:00"
"27616","813","2","20","2013-01-01 00:00:00","2013-01-12 00:00:00","2013-01-01 00:00:00","2013-01-15 00:00:00","3.5000","87.5000","87.5000","2013-01-14 23:00:00"
"27616","813","6","50","2013-01-01 00:00:00","2013-01-12 00:00:00","2013-01-01 00:00:00","2013-01-15 00:00:00","3.0000","36.7500","36.7500","2013-01-14 23:00:00"
"27617","816","6","50","2013-01-01 00:00:00","2013-01-12 00:00:00","2013-01-01 00:00:00","2013-01-15 00:00:00","3.0000","36.7500","36.7500","2013-01-14 23:00:00"
"27618","818","6","50","2013-01-01 00:00:00","2013-01-12 00:00:00","2013-01-01 00:00:00","2013-01-15 00:00:00","3.0000","36.7500","36.7500","2013-01-14 23:00:00"
"27619","819","6","50","2013-01-01 00:00:00","2013-01-12 00:00:00","2013-01-01 00:00:00","2013-01-15 00:00:00","3.0000","36.7500","36.7500","2013-01-14 23:00:00"
"27620","820","6","50","2013-01-01 00:00:00","2013-01-12 00:00:00","2013-01-01 00:00:00","2013-01-15 00:00:00","3.0000","36.7500","36.7500","2013-01-14 23:00:00"
"27621","824","6","50","2013-01-01 00:00:00","2013-01-12 00:00:00","2013-01-01 00:00:00","2013-01-15 00:00:00","3.0000","36.7500","36.7500","2013-01-14 23:00:00"
"27622","826","6","50","2013-01-01 00:00:00","2013-01-12 00:00:00","2013-01-01 00:00:00","2013-01-15 00:00:00","3.0000","36.7500","36.7500","2013-01-14 23:00:00"
"27623","827","6","50","2013-01-01 00:00:00","2013-01-12 00:00:00","2013-01-01 00:00:00","2013-01-15 00:00:00","3.0000","36.7500","36.7500","2013-01-14 23:00:00"
"27624","828","6","50","2013-01-01 00:00:00","2013-01-12 00:00:00","2013-01-01 00:00:00","2013-01-15 00:00:00","3.0000","36.7500","36.7500","2013-01-14 23:00:00"
"27627","894","6","50","2013-01-01 00:00:00","2013-01-12 00:00:00","2013-01-01 00:00:00","2013-01-15 00:00:00","3.0000","36.7500","36.7500","2013-01-14 23:00:00"
"27628","945","1","10","2013-01-01 00:00:00","2013-01-12 00:00:00","2013-01-01 00:00:00","2013-01-15 00:00:00","4.1000","92.2500","92.2500","2013-01-14 23:00:00"
"27628","945","6","50","2013-01-01 00:00:00","2013-01-12 00:00:00","2013-01-01 00:00:00","2013-01-15 00:00:00","3.0000","36.7500","36.7500","2013-01-14 23:00:00"
"27629","950","6","50","2013-01-01 00:00:00","2013-01-12 00:00:00","2013-01-01 00:00:00","2013-01-15 00:00:00","3.0000","36.7500","36.7500","2013-01-14 23:00:00"
"27630","994","6","50","2013-01-01 00:00:00","2013-01-12 00:00:00","2013-01-01 00:00:00","2013-01-15 00:00:00","3.0000","36.7500","36.7500","2013-01-14 23:00:00"
"27631","995","6","50","2013-01-01 00:00:00","2013-01-12 00:00:00","2013-01-01 00:00:00","2013-01-15 00:00:00","3.0000","36.7500","36.7500","2013-01-14 23:00:00"
"27632","996","6","50","2013-01-01 00:00:00","2013-01-12 00:00:00","2013-01-01 00:00:00","2013-01-15 00:00:00","3.0000","36.7500","36.7500","2013-01-14 23:00:00"
"27646","802","1","10","2013-01-01 00:00:00","2013-01-12 00:00:00","2013-01-01 00:00:00","2013-01-15 00:00:00","4.1000","92.2500","92.2500","2013-01-14 23:00:00"
"27646","802","6","50","2013-01-01 00:00:00","2013-01-12 00:00:00","2013-01-01 00:00:00","2013-01-15 00:00:00","3.0000","36.7500","36.7500","2013-01-14 23:00:00"
"27647","803","1","10","2013-01-01 00:00:00","2013-01-12 00:00:00","2013-01-01 00:00:00","2013-01-15 00:00:00","4.1000","92.2500","92.2500","2013-01-14 23:00:00"
"27647","803","6","50","2013-01-01 00:00:00","2013-01-12 00:00:00","2013-01-01 00:00:00","2013-01-15 00:00:00","3.0000","36.7500","36.7500","2013-01-14 23:00:00"
"27648","804","1","10","2013-01-01 00:00:00","2013-01-12 00:00:00","2013-01-01 00:00:00","2013-01-15 00:00:00","4.1000","92.2500","92.2500","2013-01-14 23:00:00"
"27648","804","6","50","2013-01-01 00:00:00","2013-01-12 00:00:00","2013-01-01 00:00:00","2013-01-15 00:00:00","3.0000","36.7500","36.7500","2013-01-14 23:00:00"
"27653","781","7","60","2013-01-02 00:00:00","2013-01-13 00:00:00","2013-01-05 00:00:00","2013-01-13 00:00:00","4.0000","49.0000","49.0000","2013-01-12 23:00:00"
"27654","783","7","60","2013-01-02 00:00:00","2013-01-13 00:00:00","2013-01-05 00:00:00","2013-01-13 00:00:00","4.0000","49.0000","49.0000","2013-01-12 23:00:00"
"27655","784","7","60","2013-01-02 00:00:00","2013-01-13 00:00:00","2013-01-05 00:00:00","2013-01-13 00:00:00","4.0000","49.0000","49.0000","2013-01-12 23:00:00"
"27656","789","7","60","2013-01-02 00:00:00","2013-01-13 00:00:00","2013-01-05 00:00:00","2013-01-13 00:00:00","4.0000","49.0000","49.0000","2013-01-12 23:00:00"
"27657","794","7","60","2013-01-02 00:00:00","2013-01-13 00:00:00","2013-01-05 00:00:00","2013-01-13 00:00:00","4.0000","49.0000","49.0000","2013-01-12 23:00:00"
"27658","516","6","50","2013-01-02 00:00:00","2013-01-13 00:00:00","2013-01-05 00:00:00","2013-01-13 00:00:00","3.0000","36.7500","36.7500","2013-01-12 23:00:00"
"27658","516","7","60","2013-01-02 00:00:00","2013-01-13 00:00:00","2013-01-05 00:00:00","2013-01-13 00:00:00","4.0000","49.0000","49.0000","2013-01-12 23:00:00"
"27659","519","6","50","2013-01-02 00:00:00","2013-01-13 00:00:00","2013-01-05 00:00:00","2013-01-13 00:00:00","3.0000","36.7500","36.7500","2013-01-12 23:00:00"
"27659","519","7","60","2013-01-02 00:00:00","2013-01-13 00:00:00","2013-01-05 00:00:00","2013-01-13 00:00:00","4.0000","49.0000","49.0000","2013-01-12 23:00:00"
"27664","806","6","50","2013-01-02 00:00:00","2013-01-13 00:00:00","2013-01-05 00:00:00","2013-01-13 00:00:00","3.0000","36.7500","36.7500","2013-01-12 23:00:00"
"27665","810","1","10","2013-01-02 00:00:00","2013-01-13 00:00:00","2013-01-05 00:00:00","2013-01-13 00:00:00","4.1000","92.2500","92.2500","2013-01-12 23:00:00"
"27665","810","2","20","2013-01-02 00:00:00","2013-01-13 00:00:00","2013-01-05 00:00:00","2013-01-13 00:00:00","3.5000","87.5000","87.5000","2013-01-12 23:00:00"
"27665","810","6","50","2013-01-02 00:00:00","2013-01-13 00:00:00","2013-01-05 00:00:00","2013-01-13 00:00:00","3.0000","36.7500","36.7500","2013-01-12 23:00:00"
"27666","813","1","10","2013-01-02 00:00:00","2013-01-13 00:00:00","2013-01-05 00:00:00","2013-01-13 00:00:00","4.1000","92.2500","92.2500","2013-01-12 23:00:00"
"27666","813","2","20","2013-01-02 00:00:00","2013-01-13 00:00:00","2013-01-05 00:00:00","2013-01-13 00:00:00","3.5000","87.5000","87.5000","2013-01-12 23:00:00"
"27666","813","6","50","2013-01-02 00:00:00","2013-01-13 00:00:00","2013-01-05 00:00:00","2013-01-13 00:00:00","3.0000","36.7500","36.7500","2013-01-12 23:00:00"
"27667","816","6","50","2013-01-02 00:00:00","2013-01-13 00:00:00","2013-01-05 00:00:00","2013-01-13 00:00:00","3.0000","36.7500","36.7500","2013-01-12 23:00:00"
"27668","820","6","50","2013-01-02 00:00:00","2013-01-13 00:00:00","2013-01-05 00:00:00","2013-01-13 00:00:00","3.0000","36.7500","36.7500","2013-01-12 23:00:00"
"27669","824","6","50","2013-01-02 00:00:00","2013-01-13 00:00:00","2013-01-05 00:00:00","2013-01-13 00:00:00","3.0000","36.7500","36.7500","2013-01-12 23:00:00"
"27670","828","6","50","2013-01-02 00:00:00","2013-01-13 00:00:00","2013-01-05 00:00:00","2013-01-13 00:00:00","3.0000","36.7500","36.7500","2013-01-12 23:00:00"
"27672","894","6","50","2013-01-02 00:00:00","2013-01-13 00:00:00","2013-01-05 00:00:00","2013-01-13 00:00:00","3.0000","36.7500","36.7500","2013-01-12 23:00:00"
"27673","945","1","10","2013-01-02 00:00:00","2013-01-13 00:00:00","2013-01-05 00:00:00","2013-01-13 00:00:00","4.1000","92.2500","92.2500","2013-01-12 23:00:00"
"27673","945","6","50","2013-01-02 00:00:00","2013-01-13 00:00:00","2013-01-05 00:00:00","2013-01-13 00:00:00","3.0000","36.7500","36.7500","2013-01-12 23:00:00"
"27674","950","6","50","2013-01-02 00:00:00","2013-01-13 00:00:00","2013-01-05 00:00:00","2013-01-13 00:00:00","3.0000","36.7500","36.7500","2013-01-12 23:00:00"
"27675","995","6","50","2013-01-02 00:00:00","2013-01-13 00:00:00","2013-01-05 00:00:00","2013-01-13 00:00:00","3.0000","36.7500","36.7500","2013-01-12 23:00:00"
"27676","996","6","50","2013-01-02 00:00:00","2013-01-13 00:00:00","2013-01-05 00:00:00","2013-01-13 00:00:00","3.0000","36.7500","36.7500","2013-01-12 23:00:00"
"27689","804","1","10","2013-01-02 00:00:00","2013-01-13 00:00:00","2013-01-05 00:00:00","2013-01-13 00:00:00","4.1000","92.2500","92.2500","2013-01-12 23:00:00"
"27689","804","6","50","2013-01-02 00:00:00","2013-01-13 00:00:00","2013-01-05 00:00:00","2013-01-13 00:00:00","3.0000","36.7500","36.7500","2013-01-12 23:00:00"
"27702","747","1","10","2013-01-03 00:00:00","2013-01-14 00:00:00","2013-01-03 00:00:00","2013-01-19 00:00:00","4.1000","92.2500","92.2500","2013-01-18 23:00:00"
"27702","747","2","20","2013-01-03 00:00:00","2013-01-14 00:00:00","2013-01-03 00:00:00","2013-01-19 00:00:00","3.5000","87.5000","87.5000","2013-01-18 23:00:00"
"27702","747","3","30","2013-01-03 00:00:00","2013-01-14 00:00:00","2013-01-03 00:00:00","2013-01-19 00:00:00","1.0000","14.5000","14.5000","2013-01-18 23:00:00"
"27702","747","4","40","2013-01-03 00:00:00","2013-01-14 00:00:00","2013-01-03 00:00:00","2013-01-19 00:00:00","2.0000","31.5000","31.5000","2013-01-18 23:00:00"
"27702","747","6","50","2013-01-03 00:00:00","2013-01-14 00:00:00","2013-01-03 00:00:00","2013-01-19 00:00:00","3.0000","36.7500","36.7500","2013-01-18 23:00:00"
"27702","747","7","60","2013-01-03 00:00:00","2013-01-14 00:00:00","2013-01-03 00:00:00","2013-01-19 00:00:00","4.0000","49.0000","49.0000","2013-01-18 23:00:00"
"27703","748","1","10","2013-01-03 00:00:00","2013-01-14 00:00:00","2013-01-03 00:00:00","2013-01-19 00:00:00","4.1000","92.2500","92.2500","2013-01-18 23:00:00"
"27703","748","2","20","2013-01-03 00:00:00","2013-01-14 00:00:00","2013-01-03 00:00:00","2013-01-19 00:00:00","3.5000","87.5000","87.5000","2013-01-18 23:00:00"
"27703","748","3","30","2013-01-03 00:00:00","2013-01-14 00:00:00","2013-01-03 00:00:00","2013-01-19 00:00:00","1.0000","14.5000","14.5000","2013-01-18 23:00:00"
"27703","748","5","45","2013-01-03 00:00:00","2013-01-14 00:00:00","2013-01-03 00:00:00","2013-01-19 00:00:00","2.0000","36.0000","36.0000","2013-01-18 23:00:00"
"27703","748","6","50","2013-01-03 00:00:00","2013-01-14 00:00:00","2013-01-03 00:00:00","2013-01-19 00:00:00","3.0000","36.7500","36.7500","2013-01-18 23:00:00"
"27703","748","7","60","2013-01-03 00:00:00","2013-01-14 00:00:00","2013-01-03 00:00:00","2013-01-19 00:00:00","4.0000","49.0000","49.0000","2013-01-18 23:00:00"
"27704","759","7","60","2013-01-03 00:00:00","2013-01-14 00:00:00","2013-01-03 00:00:00","2013-01-19 00:00:00","4.0000","49.0000","49.0000","2013-01-18 23:00:00"
"27705","760","7","60","2013-01-03 00:00:00","2013-01-14 00:00:00","2013-01-03 00:00:00","2013-01-19 00:00:00","4.0000","49.0000","49.0000","2013-01-18 23:00:00"
"27706","761","7","60","2013-01-03 00:00:00","2013-01-14 00:00:00","2013-01-03 00:00:00","2013-01-19 00:00:00","4.0000","49.0000","49.0000","2013-01-18 23:00:00"
"27707","762","7","60","2013-01-03 00:00:00","2013-01-14 00:00:00","2013-01-03 00:00:00","2013-01-19 00:00:00","4.0000","49.0000","49.0000","2013-01-18 23:00:00"
"27708","763","7","60","2013-01-03 00:00:00","2013-01-14 00:00:00","2013-01-03 00:00:00","2013-01-19 00:00:00","4.0000","49.0000","49.0000","2013-01-18 23:00:00"
"27709","764","7","60","2013-01-03 00:00:00","2013-01-14 00:00:00","2013-01-03 00:00:00","2013-01-19 00:00:00","4.0000","49.0000","49.0000","2013-01-18 23:00:00"
"27710","765","7","60","2013-01-03 00:00:00","2013-01-14 00:00:00","2013-01-03 00:00:00","2013-01-19 00:00:00","4.0000","49.0000","49.0000","2013-01-18 23:00:00"
"27711","766","7","60","2013-01-03 00:00:00","2013-01-14 00:00:00","2013-01-03 00:00:00","2013-01-19 00:00:00","4.0000","49.0000","49.0000","2013-01-18 23:00:00"
"27712","767","7","60","2013-01-03 00:00:00","2013-01-14 00:00:00","2013-01-03 00:00:00","2013-01-19 00:00:00","4.0000","49.0000","49.0000","2013-01-18 23:00:00"
"27713","768","7","60","2013-01-03 00:00:00","2013-01-14 00:00:00","2013-01-03 00:00:00","2013-01-19 00:00:00","4.0000","49.0000","49.0000","2013-01-18 23:00:00"
"27714","769","7","60","2013-01-03 00:00:00","2013-01-14 00:00:00","2013-01-03 00:00:00","2013-01-19 00:00:00","4.0000","49.0000","49.0000","2013-01-18 23:00:00"
"27715","770","7","60","2013-01-03 00:00:00","2013-01-14 00:00:00","2013-01-03 00:00:00","2013-01-19 00:00:00","4.0000","49.0000","49.0000","2013-01-18 23:00:00"
"27716","779","7","60","2013-01-03 00:00:00","2013-01-14 00:00:00","2013-01-03 00:00:00","2013-01-19 00:00:00","4.0000","49.0000","49.0000","2013-01-18 23:00:00"
"27717","780","7","60","2013-01-03 00:00:00","2013-01-14 00:00:00","2013-01-03 00:00:00","2013-01-19 00:00:00","4.0000","49.0000","49.0000","2013-01-18 23:00:00"
"27718","781","7","60","2013-01-03 00:00:00","2013-01-14 00:00:00","2013-01-03 00:00:00","2013-01-19 00:00:00","4.0000","49.0000","49.0000","2013-01-18 23:00:00"
"27719","782","7","60","2013-01-03 00:00:00","2013-01-14 00:00:00","2013-01-03 00:00:00","2013-01-19 00:00:00","4.0000","49.0000","49.0000","2013-01-18 23:00:00"
"27720","783","7","60","2013-01-03 00:00:00","2013-01-14 00:00:00","2013-01-03 00:00:00","2013-01-19 00:00:00","4.0000","49.0000","49.0000","2013-01-18 23:00:00"
"27721","784","7","60","2013-01-03 00:00:00","2013-01-14 00:00:00","2013-01-03 00:00:00","2013-01-19 00:00:00","4.0000","49.0000","49.0000","2013-01-18 23:00:00"
"27722","785","7","60","2013-01-03 00:00:00","2013-01-14 00:00:00","2013-01-03 00:00:00","2013-01-19 00:00:00","4.0000","49.0000","49.0000","2013-01-18 23:00:00"
"27723","786","7","60","2013-01-03 00:00:00","2013-01-14 00:00:00","2013-01-03 00:00:00","2013-01-19 00:00:00","4.0000","49.0000","49.0000","2013-01-18 23:00:00"
"27724","787","7","60","2013-01-03 00:00:00","2013-01-14 00:00:00","2013-01-03 00:00:00","2013-01-19 00:00:00","4.0000","49.0000","49.0000","2013-01-18 23:00:00"
"27725","788","7","60","2013-01-03 00:00:00","2013-01-14 00:00:00","2013-01-03 00:00:00","2013-01-19 00:00:00","4.0000","49.0000","49.0000","2013-01-18 23:00:00"
"27726","789","7","60","2013-01-03 00:00:00","2013-01-14 00:00:00","2013-01-03 00:00:00","2013-01-19 00:00:00","4.0000","49.0000","49.0000","2013-01-18 23:00:00"
"27727","790","7","60","2013-01-03 00:00:00","2013-01-14 00:00:00","2013-01-03 00:00:00","2013-01-19 00:00:00","4.0000","49.0000","49.0000","2013-01-18 23:00:00"
"27728","791","7","60","2013-01-03 00:00:00","2013-01-14 00:00:00","2013-01-03 00:00:00","2013-01-19 00:00:00","4.0000","49.0000","49.0000","2013-01-18 23:00:00"
"27729","792","7","60","2013-01-03 00:00:00","2013-01-14 00:00:00","2013-01-03 00:00:00","2013-01-19 00:00:00","4.0000","49.0000","49.0000","2013-01-18 23:00:00"
"27730","793","7","60","2013-01-03 00:00:00","2013-01-14 00:00:00","2013-01-03 00:00:00","2013-01-19 00:00:00","4.0000","49.0000","49.0000","2013-01-18 23:00:00"
"27731","794","7","60","2013-01-03 00:00:00","2013-01-14 00:00:00","2013-01-03 00:00:00","2013-01-19 00:00:00","4.0000","49.0000","49.0000","2013-01-18 23:00:00"
"27732","795","7","60","2013-01-03 00:00:00","2013-01-14 00:00:00","2013-01-03 00:00:00","2013-01-19 00:00:00","4.0000","49.0000","49.0000","2013-01-18 23:00:00"
"27733","796","7","60","2013-01-03 00:00:00","2013-01-14 00:00:00","2013-01-03 00:00:00","2013-01-19 00:00:00","4.0000","49.0000","49.0000","2013-01-18 23:00:00"
"27734","797","7","60","2013-01-03 00:00:00","2013-01-14 00:00:00","2013-01-03 00:00:00","2013-01-19 00:00:00","4.0000","49.0000","49.0000","2013-01-18 23:00:00"
"27735","798","7","60","2013-01-03 00:00:00","2013-01-14 00:00:00","2013-01-03 00:00:00","2013-01-19 00:00:00","4.0000","49.0000","49.0000","2013-01-18 23:00:00"
"27736","799","7","60","2013-01-03 00:00:00","2013-01-14 00:00:00","2013-01-03 00:00:00","2013-01-19 00:00:00","4.0000","49.0000","49.0000","2013-01-18 23:00:00"
"27737","800","7","60","2013-01-03 00:00:00","2013-01-14 00:00:00","2013-01-03 00:00:00","2013-01-19 00:00:00","4.0000","49.0000","49.0000","2013-01-18 23:00:00"
"27738","801","7","60","2013-01-03 00:00:00","2013-01-14 00:00:00","2013-01-03 00:00:00","2013-01-19 00:00:00","4.0000","49.0000","49.0000","2013-01-18 23:00:00"
"27739","804","1","10","2013-01-03 00:00:00","2013-01-14 00:00:00","2013-01-03 00:00:00","2013-01-19 00:00:00","4.1000","92.2500","92.2500","2013-01-18 23:00:00"
"27739","804","6","50","2013-01-03 00:00:00","2013-01-14 00:00:00","2013-01-03 00:00:00","2013-01-19 00:00:00","3.0000","36.7500","36.7500","2013-01-18 23:00:00"
"27740","806","6","50","2013-01-03 00:00:00","2013-01-14 00:00:00","2013-01-03 00:00:00","2013-01-19 00:00:00","3.0000","36.7500","36.7500","2013-01-18 23:00:00"
"27741","807","6","50","2013-01-03 00:00:00","2013-01-14 00:00:00","2013-01-03 00:00:00","2013-01-19 00:00:00","3.0000","36.7500","36.7500","2013-01-18 23:00:00"
"27742","808","1","10","2013-01-03 00:00:00","2013-01-14 00:00:00","2013-01-03 00:00:00","2013-01-19 00:00:00","4.1000","92.2500","92.2500","2013-01-18 23:00:00"
"27742","808","2","20","2013-01-03 00:00:00","2013-01-14 00:00:00","2013-01-03 00:00:00","2013-01-19 00:00:00","3.5000","87.5000","87.5000","2013-01-18 23:00:00"
"27742","808","6","50","2013-01-03 00:00:00","2013-01-14 00:00:00","2013-01-03 00:00:00","2013-01-19 00:00:00","3.0000","36.7500","36.7500","2013-01-18 23:00:00"
"27743","809","1","10","2013-01-03 00:00:00","2013-01-14 00:00:00","2013-01-03 00:00:00","2013-01-19 00:00:00","4.1000","92.2500","92.2500","2013-01-18 23:00:00"
"27743","809","2","20","2013-01-03 00:00:00","2013-01-14 00:00:00","2013-01-03 00:00:00","2013-01-19 00:00:00","3.5000","87.5000","87.5000","2013-01-18 23:00:00"
"27743","809","6","50","2013-01-03 00:00:00","2013-01-14 00:00:00","2013-01-03 00:00:00","2013-01-19 00:00:00","3.0000","36.7500","36.7500","2013-01-18 23:00:00"
"27744","814","1","10","2013-01-03 00:00:00","2013-01-14 00:00:00","2013-01-03 00:00:00","2013-01-19 00:00:00","4.1000","92.2500","92.2500","2013-01-18 23:00:00"
"27744","814","2","20","2013-01-03 00:00:00","2013-01-14 00:00:00","2013-01-03 00:00:00","2013-01-19 00:00:00","3.5000","87.5000","87.5000","2013-01-18 23:00:00"
"27744","814","3","30","2013-01-03 00:00:00","2013-01-14 00:00:00","2013-01-03 00:00:00","2013-01-19 00:00:00","1.0000","14.5000","14.5000","2013-01-18 23:00:00"
"27744","814","4","40","2013-01-03 00:00:00","2013-01-14 00:00:00","2013-01-03 00:00:00","2013-01-19 00:00:00","2.0000","31.5000","31.5000","2013-01-18 23:00:00"
"27744","814","6","50","2013-01-03 00:00:00","2013-01-14 00:00:00","2013-01-03 00:00:00","2013-01-19 00:00:00","3.0000","36.7500","36.7500","2013-01-18 23:00:00"
"27744","814","7","60","2013-01-03 00:00:00","2013-01-14 00:00:00","2013-01-03 00:00:00","2013-01-19 00:00:00","4.0000","49.0000","49.0000","2013-01-18 23:00:00"
"27745","815","6","50","2013-01-03 00:00:00","2013-01-14 00:00:00","2013-01-03 00:00:00","2013-01-19 00:00:00","3.0000","36.7500","36.7500","2013-01-18 23:00:00"
"27746","820","6","50","2013-01-03 00:00:00","2013-01-14 00:00:00","2013-01-03 00:00:00","2013-01-19 00:00:00","3.0000","36.7500","36.7500","2013-01-18 23:00:00"
"27747","822","1","10","2013-01-03 00:00:00","2013-01-14 00:00:00","2013-01-03 00:00:00","2013-01-19 00:00:00","4.1000","92.2500","92.2500","2013-01-18 23:00:00"
"27747","822","2","20","2013-01-03 00:00:00","2013-01-14 00:00:00","2013-01-03 00:00:00","2013-01-19 00:00:00","3.5000","87.5000","87.5000","2013-01-18 23:00:00"
"27747","822","3","30","2013-01-03 00:00:00","2013-01-14 00:00:00","2013-01-03 00:00:00","2013-01-19 00:00:00","1.0000","14.5000","14.5000","2013-01-18 23:00:00"
"27747","822","4","40","2013-01-03 00:00:00","2013-01-14 00:00:00","2013-01-03 00:00:00","2013-01-19 00:00:00","2.0000","31.5000","31.5000","2013-01-18 23:00:00"
"27747","822","6","50","2013-01-03 00:00:00","2013-01-14 00:00:00","2013-01-03 00:00:00","2013-01-19 00:00:00","3.0000","36.7500","36.7500","2013-01-18 23:00:00"
"27747","822","7","60","2013-01-03 00:00:00","2013-01-14 00:00:00","2013-01-03 00:00:00","2013-01-19 00:00:00","4.0000","49.0000","49.0000","2013-01-18 23:00:00"
"27748","824","6","50","2013-01-03 00:00:00","2013-01-14 00:00:00","2013-01-03 00:00:00","2013-01-19 00:00:00","3.0000","36.7500","36.7500","2013-01-18 23:00:00"
"27749","825","6","50","2013-01-03 00:00:00","2013-01-14 00:00:00","2013-01-03 00:00:00","2013-01-19 00:00:00","3.0000","36.7500","36.7500","2013-01-18 23:00:00"
"27750","826","6","50","2013-01-03 00:00:00","2013-01-14 00:00:00","2013-01-03 00:00:00","2013-01-19 00:00:00","3.0000","36.7500","36.7500","2013-01-18 23:00:00"
"27755","515","6","50","2013-01-03 00:00:00","2013-01-14 00:00:00","2013-01-03 00:00:00","2013-01-19 00:00:00","3.0000","36.7500","36.7500","2013-01-18 23:00:00"
"27755","515","7","60","2013-01-03 00:00:00","2013-01-14 00:00:00","2013-01-03 00:00:00","2013-01-19 00:00:00","4.0000","49.0000","49.0000","2013-01-18 23:00:00"
"27756","516","6","50","2013-01-03 00:00:00","2013-01-14 00:00:00","2013-01-03 00:00:00","2013-01-19 00:00:00","3.0000","36.7500","36.7500","2013-01-18 23:00:00"
"27756","516","7","60","2013-01-03 00:00:00","2013-01-14 00:00:00","2013-01-03 00:00:00","2013-01-19 00:00:00","4.0000","49.0000","49.0000","2013-01-18 23:00:00"
"27757","517","6","50","2013-01-03 00:00:00","2013-01-14 00:00:00","2013-01-03 00:00:00","2013-01-19 00:00:00","3.0000","36.7500","36.7500","2013-01-18 23:00:00"
"27757","517","7","60","2013-01-03 00:00:00","2013-01-14 00:00:00","2013-01-03 00:00:00","2013-01-19 00:00:00","4.0000","49.0000","49.0000","2013-01-18 23:00:00"
"27758","518","6","50","2013-01-03 00:00:00","2013-01-14 00:00:00","2013-01-03 00:00:00","2013-01-19 00:00:00","3.0000","36.7500","36.7500","2013-01-18 23:00:00"
"27758","518","7","60","2013-01-03 00:00:00","2013-01-14 00:00:00","2013-01-03 00:00:00","2013-01-19 00:00:00","4.0000","49.0000","49.0000","2013-01-18 23:00:00"
"27759","519","6","50","2013-01-03 00:00:00","2013-01-14 00:00:00","2013-01-03 00:00:00","2013-01-19 00:00:00","3.0000","36.7500","36.7500","2013-01-18 23:00:00"
"27759","519","7","60","2013-01-03 00:00:00","2013-01-14 00:00:00","2013-01-03 00:00:00","2013-01-19 00:00:00","4.0000","49.0000","49.0000","2013-01-18 23:00:00"
"27781","747","1","10","2013-01-03 00:00:00","2013-01-14 00:00:00","2013-01-03 00:00:00","2013-01-19 00:00:00","4.1000","92.2500","92.2500","2013-01-18 23:00:00"
"27781","747","2","20","2013-01-03 00:00:00","2013-01-14 00:00:00","2013-01-03 00:00:00","2013-01-19 00:00:00","3.5000","87.5000","87.5000","2013-01-18 23:00:00"
"27781","747","3","30","2013-01-03 00:00:00","2013-01-14 00:00:00","2013-01-03 00:00:00","2013-01-19 00:00:00","1.0000","14.5000","14.5000","2013-01-18 23:00:00"
"27781","747","4","40","2013-01-03 00:00:00","2013-01-14 00:00:00","2013-01-03 00:00:00","2013-01-19 00:00:00","2.0000","31.5000","31.5000","2013-01-18 23:00:00"
"27781","747","6","50","2013-01-03 00:00:00","2013-01-14 00:00:00","2013-01-03 00:00:00","2013-01-19 00:00:00","3.0000","36.7500","36.7500","2013-01-18 23:00:00"
"27781","747","7","60","2013-01-03 00:00:00","2013-01-14 00:00:00","2013-01-03 00:00:00","2013-01-19 00:00:00","4.0000","49.0000","49.0000","2013-01-18 23:00:00"
"27782","748","1","10","2013-01-03 00:00:00","2013-01-14 00:00:00","2013-01-03 00:00:00","2013-01-19 00:00:00","4.1000","92.2500","92.2500","2013-01-18 23:00:00"
"27782","748","2","20","2013-01-03 00:00:00","2013-01-14 00:00:00","2013-01-03 00:00:00","2013-01-19 00:00:00","3.5000","87.5000","87.5000","2013-01-18 23:00:00"
"27782","748","3","30","2013-01-03 00:00:00","2013-01-14 00:00:00","2013-01-03 00:00:00","2013-01-19 00:00:00","1.0000","14.5000","14.5000","2013-01-18 23:00:00"
"27782","748","5","45","2013-01-03 00:00:00","2013-01-14 00:00:00","2013-01-03 00:00:00","2013-01-19 00:00:00","2.0000","36.0000","36.0000","2013-01-18 23:00:00"
"27782","748","6","50","2013-01-03 00:00:00","2013-01-14 00:00:00","2013-01-03 00:00:00","2013-01-19 00:00:00","3.0000","36.7500","36.7500","2013-01-18 23:00:00"
"27782","748","7","60","2013-01-03 00:00:00","2013-01-14 00:00:00","2013-01-03 00:00:00","2013-01-19 00:00:00","4.0000","49.0000","49.0000","2013-01-18 23:00:00"
"27783","806","6","50","2013-01-03 00:00:00","2013-01-14 00:00:00","2013-01-03 00:00:00","2013-01-19 00:00:00","3.0000","36.7500","36.7500","2013-01-18 23:00:00"
"27784","809","1","10","2013-01-03 00:00:00","2013-01-14 00:00:00","2013-01-03 00:00:00","2013-01-19 00:00:00","4.1000","92.2500","92.2500","2013-01-18 23:00:00"
"27784","809","2","20","2013-01-03 00:00:00","2013-01-14 00:00:00","2013-01-03 00:00:00","2013-01-19 00:00:00","3.5000","87.5000","87.5000","2013-01-18 23:00:00"
"27784","809","6","50","2013-01-03 00:00:00","2013-01-14 00:00:00","2013-01-03 00:00:00","2013-01-19 00:00:00","3.0000","36.7500","36.7500","2013-01-18 23:00:00"
"27785","810","1","10","2013-01-03 00:00:00","2013-01-14 00:00:00","2013-01-03 00:00:00","2013-01-19 00:00:00","4.1000","92.2500","92.2500","2013-01-18 23:00:00"
"27785","810","2","20","2013-01-03 00:00:00","2013-01-14 00:00:00","2013-01-03 00:00:00","2013-01-19 00:00:00","3.5000","87.5000","87.5000","2013-01-18 23:00:00"
"27785","810","6","50","2013-01-03 00:00:00","2013-01-14 00:00:00","2013-01-03 00:00:00","2013-01-19 00:00:00","3.0000","36.7500","36.7500","2013-01-18 23:00:00"
"27786","811","1","10","2013-01-03 00:00:00","2013-01-14 00:00:00","2013-01-03 00:00:00","2013-01-19 00:00:00","4.1000","92.2500","92.2500","2013-01-18 23:00:00"
"27786","811","2","20","2013-01-03 00:00:00","2013-01-14 00:00:00","2013-01-03 00:00:00","2013-01-19 00:00:00","3.5000","87.5000","87.5000","2013-01-18 23:00:00"
"27786","811","6","50","2013-01-03 00:00:00","2013-01-14 00:00:00","2013-01-03 00:00:00","2013-01-19 00:00:00","3.0000","36.7500","36.7500","2013-01-18 23:00:00"
"27787","812","1","10","2013-01-03 00:00:00","2013-01-14 00:00:00","2013-01-03 00:00:00","2013-01-19 00:00:00","4.1000","92.2500","92.2500","2013-01-18 23:00:00"
"27787","812","2","20","2013-01-03 00:00:00","2013-01-14 00:00:00","2013-01-03 00:00:00","2013-01-19 00:00:00","3.5000","87.5000","87.5000","2013-01-18 23:00:00"
"27787","812","6","50","2013-01-03 00:00:00","2013-01-14 00:00:00","2013-01-03 00:00:00","2013-01-19 00:00:00","3.0000","36.7500","36.7500","2013-01-18 23:00:00"
"27788","813","1","10","2013-01-03 00:00:00","2013-01-14 00:00:00","2013-01-03 00:00:00","2013-01-19 00:00:00","4.1000","92.2500","92.2500","2013-01-18 23:00:00"
"27788","813","2","20","2013-01-03 00:00:00","2013-01-14 00:00:00","2013-01-03 00:00:00","2013-01-19 00:00:00","3.5000","87.5000","87.5000","2013-01-18 23:00:00"
"27788","813","6","50","2013-01-03 00:00:00","2013-01-14 00:00:00","2013-01-03 00:00:00","2013-01-19 00:00:00","3.0000","36.7500","36.7500","2013-01-18 23:00:00"
"27789","814","1","10","2013-01-03 00:00:00","2013-01-14 00:00:00","2013-01-03 00:00:00","2013-01-19 00:00:00","4.1000","92.2500","92.2500","2013-01-18 23:00:00"
"27789","814","2","20","2013-01-03 00:00:00","2013-01-14 00:00:00","2013-01-03 00:00:00","2013-01-19 00:00:00","3.5000","87.5000","87.5000","2013-01-18 23:00:00"
"27789","814","3","30","2013-01-03 00:00:00","2013-01-14 00:00:00","2013-01-03 00:00:00","2013-01-19 00:00:00","1.0000","14.5000","14.5000","2013-01-18 23:00:00"
"27789","814","4","40","2013-01-03 00:00:00","2013-01-14 00:00:00","2013-01-03 00:00:00","2013-01-19 00:00:00","2.0000","31.5000","31.5000","2013-01-18 23:00:00"
"27789","814","6","50","2013-01-03 00:00:00","2013-01-14 00:00:00","2013-01-03 00:00:00","2013-01-19 00:00:00","3.0000","36.7500","36.7500","2013-01-18 23:00:00"
"27789","814","7","60","2013-01-03 00:00:00","2013-01-14 00:00:00","2013-01-03 00:00:00","2013-01-19 00:00:00","4.0000","49.0000","49.0000","2013-01-18 23:00:00"
"27790","816","6","50","2013-01-03 00:00:00","2013-01-14 00:00:00","2013-01-03 00:00:00","2013-01-19 00:00:00","3.0000","36.7500","36.7500","2013-01-18 23:00:00"
"27791","818","6","50","2013-01-03 00:00:00","2013-01-14 00:00:00","2013-01-03 00:00:00","2013-01-19 00:00:00","3.0000","36.7500","36.7500","2013-01-18 23:00:00"
"27792","819","6","50","2013-01-03 00:00:00","2013-01-14 00:00:00","2013-01-03 00:00:00","2013-01-19 00:00:00","3.0000","36.7500","36.7500","2013-01-18 23:00:00"
"27793","820","6","50","2013-01-03 00:00:00","2013-01-14 00:00:00","2013-01-03 00:00:00","2013-01-19 00:00:00","3.0000","36.7500","36.7500","2013-01-18 23:00:00"
"27794","822","1","10","2013-01-03 00:00:00","2013-01-14 00:00:00","2013-01-03 00:00:00","2013-01-19 00:00:00","4.1000","92.2500","92.2500","2013-01-18 23:00:00"
"27794","822","2","20","2013-01-03 00:00:00","2013-01-14 00:00:00","2013-01-03 00:00:00","2013-01-19 00:00:00","3.5000","87.5000","87.5000","2013-01-18 23:00:00"
"27794","822","3","30","2013-01-03 00:00:00","2013-01-14 00:00:00","2013-01-03 00:00:00","2013-01-19 00:00:00","1.0000","14.5000","14.5000","2013-01-18 23:00:00"
"27794","822","4","40","2013-01-03 00:00:00","2013-01-14 00:00:00","2013-01-03 00:00:00","2013-01-19 00:00:00","2.0000","31.5000","31.5000","2013-01-18 23:00:00"
"27794","822","6","50","2013-01-03 00:00:00","2013-01-14 00:00:00","2013-01-03 00:00:00","2013-01-19 00:00:00","3.0000","36.7500","36.7500","2013-01-18 23:00:00"
"27794","822","7","60","2013-01-03 00:00:00","2013-01-14 00:00:00","2013-01-03 00:00:00","2013-01-19 00:00:00","4.0000","49.0000","49.0000","2013-01-18 23:00:00"
"27795","824","6","50","2013-01-03 00:00:00","2013-01-14 00:00:00","2013-01-03 00:00:00","2013-01-19 00:00:00","3.0000","36.7500","36.7500","2013-01-18 23:00:00"
"27796","826","6","50","2013-01-03 00:00:00","2013-01-14 00:00:00","2013-01-03 00:00:00","2013-01-19 00:00:00","3.0000","36.7500","36.7500","2013-01-18 23:00:00"
"27797","827","6","50","2013-01-03 00:00:00","2013-01-14 00:00:00","2013-01-03 00:00:00","2013-01-19 00:00:00","3.0000","36.7500","36.7500","2013-01-18 23:00:00"
"27798","828","6","50","2013-01-03 00:00:00","2013-01-14 00:00:00","2013-01-03 00:00:00","2013-01-19 00:00:00","3.0000","36.7500","36.7500","2013-01-18 23:00:00"
"27809","894","6","50","2013-01-03 00:00:00","2013-01-14 00:00:00","2013-01-03 00:00:00","2013-01-19 00:00:00","3.0000","36.7500","36.7500","2013-01-18 23:00:00"
"27810","945","1","10","2013-01-03 00:00:00","2013-01-14 00:00:00","2013-01-03 00:00:00","2013-01-19 00:00:00","4.1000","92.2500","92.2500","2013-01-18 23:00:00"
"27810","945","6","50","2013-01-03 00:00:00","2013-01-14 00:00:00","2013-01-03 00:00:00","2013-01-19 00:00:00","3.0000","36.7500","36.7500","2013-01-18 23:00:00"
"27811","950","6","50","2013-01-03 00:00:00","2013-01-14 00:00:00","2013-01-03 00:00:00","2013-01-19 00:00:00","3.0000","36.7500","36.7500","2013-01-18 23:00:00"
"27812","994","6","50","2013-01-03 00:00:00","2013-01-14 00:00:00","2013-01-03 00:00:00","2013-01-19 00:00:00","3.0000","36.7500","36.7500","2013-01-18 23:00:00"
"27813","995","6","50","2013-01-03 00:00:00","2013-01-14 00:00:00","2013-01-03 00:00:00","2013-01-19 00:00:00","3.0000","36.7500","36.7500","2013-01-18 23:00:00"
"27814","996","6","50","2013-01-03 00:00:00","2013-01-14 00:00:00","2013-01-03 00:00:00","2013-01-19 00:00:00","3.0000","36.7500","36.7500","2013-01-18 23:00:00"
"27828","802","1","10","2013-01-03 00:00:00","2013-01-14 00:00:00","2013-01-03 00:00:00","2013-01-19 00:00:00","4.1000","92.2500","92.2500","2013-01-18 23:00:00"
"27828","802","6","50","2013-01-03 00:00:00","2013-01-14 00:00:00","2013-01-03 00:00:00","2013-01-19 00:00:00","3.0000","36.7500","36.7500","2013-01-18 23:00:00"
"27829","803","1","10","2013-01-03 00:00:00","2013-01-14 00:00:00","2013-01-03 00:00:00","2013-01-19 00:00:00","4.1000","92.2500","92.2500","2013-01-18 23:00:00"
"27829","803","6","50","2013-01-03 00:00:00","2013-01-14 00:00:00","2013-01-03 00:00:00","2013-01-19 00:00:00","3.0000","36.7500","36.7500","2013-01-18 23:00:00"
"27830","804","1","10","2013-01-03 00:00:00","2013-01-14 00:00:00","2013-01-03 00:00:00","2013-01-19 00:00:00","4.1000","92.2500","92.2500","2013-01-18 23:00:00"
"27830","804","6","50","2013-01-03 00:00:00","2013-01-14 00:00:00","2013-01-03 00:00:00","2013-01-19 00:00:00","3.0000","36.7500","36.7500","2013-01-18 23:00:00"
"27835","769","7","60","2013-01-04 00:00:00","2013-01-15 00:00:00","2013-01-09 00:00:00","2013-01-15 00:00:00","4.0000","49.0000","49.0000","2013-01-14 23:00:00"
"27836","782","7","60","2013-01-04 00:00:00","2013-01-15 00:00:00","2013-01-09 00:00:00","2013-01-15 00:00:00","4.0000","49.0000","49.0000","2013-01-14 23:00:00"
"27837","784","7","60","2013-01-04 00:00:00","2013-01-15 00:00:00","2013-01-09 00:00:00","2013-01-15 00:00:00","4.0000","49.0000","49.0000","2013-01-14 23:00:00"
"27838","790","7","60","2013-01-04 00:00:00","2013-01-15 00:00:00","2013-01-09 00:00:00","2013-01-15 00:00:00","4.0000","49.0000","49.0000","2013-01-14 23:00:00"
"27839","791","7","60","2013-01-04 00:00:00","2013-01-15 00:00:00","2013-01-09 00:00:00","2013-01-15 00:00:00","4.0000","49.0000","49.0000","2013-01-14 23:00:00"
"27840","794","7","60","2013-01-04 00:00:00","2013-01-15 00:00:00","2013-01-09 00:00:00","2013-01-15 00:00:00","4.0000","49.0000","49.0000","2013-01-14 23:00:00"
"27841","796","7","60","2013-01-04 00:00:00","2013-01-15 00:00:00","2013-01-09 00:00:00","2013-01-15 00:00:00","4.0000","49.0000","49.0000","2013-01-14 23:00:00"
"27842","798","7","60","2013-01-04 00:00:00","2013-01-15 00:00:00","2013-01-09 00:00:00","2013-01-15 00:00:00","4.0000","49.0000","49.0000","2013-01-14 23:00:00"
"27843","516","6","50","2013-01-04 00:00:00","2013-01-15 00:00:00","2013-01-09 00:00:00","2013-01-15 00:00:00","3.0000","36.7500","36.7500","2013-01-14 23:00:00"
"27843","516","7","60","2013-01-04 00:00:00","2013-01-15 00:00:00","2013-01-09 00:00:00","2013-01-15 00:00:00","4.0000","49.0000","49.0000","2013-01-14 23:00:00"
"27844","517","6","50","2013-01-04 00:00:00","2013-01-15 00:00:00","2013-01-09 00:00:00","2013-01-15 00:00:00","3.0000","36.7500","36.7500","2013-01-14 23:00:00"
"27844","517","7","60","2013-01-04 00:00:00","2013-01-15 00:00:00","2013-01-09 00:00:00","2013-01-15 00:00:00","4.0000","49.0000","49.0000","2013-01-14 23:00:00"
"27845","518","6","50","2013-01-04 00:00:00","2013-01-15 00:00:00","2013-01-09 00:00:00","2013-01-15 00:00:00","3.0000","36.7500","36.7500","2013-01-14 23:00:00"
"27845","518","7","60","2013-01-04 00:00:00","2013-01-15 00:00:00","2013-01-09 00:00:00","2013-01-15 00:00:00","4.0000","49.0000","49.0000","2013-01-14 23:00:00"
"27846","519","6","50","2013-01-04 00:00:00","2013-01-15 00:00:00","2013-01-09 00:00:00","2013-01-15 00:00:00","3.0000","36.7500","36.7500","2013-01-14 23:00:00"
"27846","519","7","60","2013-01-04 00:00:00","2013-01-15 00:00:00","2013-01-09 00:00:00","2013-01-15 00:00:00","4.0000","49.0000","49.0000","2013-01-14 23:00:00"
"27852","747","1","10","2013-01-04 00:00:00","2013-01-15 00:00:00","2013-01-09 00:00:00","2013-01-15 00:00:00","4.1000","92.2500","92.2500","2013-01-14 23:00:00"
"27852","747","2","20","2013-01-04 00:00:00","2013-01-15 00:00:00","2013-01-09 00:00:00","2013-01-15 00:00:00","3.5000","87.5000","87.5000","2013-01-14 23:00:00"
"27852","747","3","30","2013-01-04 00:00:00","2013-01-15 00:00:00","2013-01-09 00:00:00","2013-01-15 00:00:00","1.0000","14.5000","14.5000","2013-01-14 23:00:00"
"27852","747","4","40","2013-01-04 00:00:00","2013-01-15 00:00:00","2013-01-09 00:00:00","2013-01-15 00:00:00","2.0000","31.5000","31.5000","2013-01-14 23:00:00"
"27852","747","6","50","2013-01-04 00:00:00","2013-01-15 00:00:00","2013-01-09 00:00:00","2013-01-15 00:00:00","3.0000","36.7500","36.7500","2013-01-14 23:00:00"
"27852","747","7","60","2013-01-04 00:00:00","2013-01-15 00:00:00","2013-01-09 00:00:00","2013-01-15 00:00:00","4.0000","49.0000","49.0000","2013-01-14 23:00:00"
"27853","806","6","50","2013-01-04 00:00:00","2013-01-15 00:00:00","2013-01-09 00:00:00","2013-01-15 00:00:00","3.0000","36.7500","36.7500","2013-01-14 23:00:00"
"27854","810","1","10","2013-01-04 00:00:00","2013-01-15 00:00:00","2013-01-09 00:00:00","2013-01-15 00:00:00","4.1000","92.2500","92.2500","2013-01-14 23:00:00"
"27854","810","2","20","2013-01-04 00:00:00","2013-01-15 00:00:00","2013-01-09 00:00:00","2013-01-15 00:00:00","3.5000","87.5000","87.5000","2013-01-14 23:00:00"
"27854","810","6","50","2013-01-04 00:00:00","2013-01-15 00:00:00","2013-01-09 00:00:00","2013-01-15 00:00:00","3.0000","36.7500","36.7500","2013-01-14 23:00:00"
"27855","811","1","10","2013-01-04 00:00:00","2013-01-15 00:00:00","2013-01-09 00:00:00","2013-01-15 00:00:00","4.1000","92.2500","92.2500","2013-01-14 23:00:00"
"27855","811","2","20","2013-01-04 00:00:00","2013-01-15 00:00:00","2013-01-09 00:00:00","2013-01-15 00:00:00","3.5000","87.5000","87.5000","2013-01-14 23:00:00"
"27855","811","6","50","2013-01-04 00:00:00","2013-01-15 00:00:00","2013-01-09 00:00:00","2013-01-15 00:00:00","3.0000","36.7500","36.7500","2013-01-14 23:00:00"
"27856","812","1","10","2013-01-04 00:00:00","2013-01-15 00:00:00","2013-01-09 00:00:00","2013-01-15 00:00:00","4.1000","92.2500","92.2500","2013-01-14 23:00:00"
"27856","812","2","20","2013-01-04 00:00:00","2013-01-15 00:00:00","2013-01-09 00:00:00","2013-01-15 00:00:00","3.5000","87.5000","87.5000","2013-01-14 23:00:00"
"27856","812","6","50","2013-01-04 00:00:00","2013-01-15 00:00:00","2013-01-09 00:00:00","2013-01-15 00:00:00","3.0000","36.7500","36.7500","2013-01-14 23:00:00"
"27857","813","1","10","2013-01-04 00:00:00","2013-01-15 00:00:00","2013-01-09 00:00:00","2013-01-15 00:00:00","4.1000","92.2500","92.2500","2013-01-14 23:00:00"
"27857","813","2","20","2013-01-04 00:00:00","2013-01-15 00:00:00","2013-01-09 00:00:00","2013-01-15 00:00:00","3.5000","87.5000","87.5000","2013-01-14 23:00:00"
"27857","813","6","50","2013-01-04 00:00:00","2013-01-15 00:00:00","2013-01-09 00:00:00","2013-01-15 00:00:00","3.0000","36.7500","36.7500","2013-01-14 23:00:00"
"27858","816","6","50","2013-01-04 00:00:00","2013-01-15 00:00:00","2013-01-09 00:00:00","2013-01-15 00:00:00","3.0000","36.7500","36.7500","2013-01-14 23:00:00"
"27859","818","6","50","2013-01-04 00:00:00","2013-01-15 00:00:00","2013-01-09 00:00:00","2013-01-15 00:00:00","3.0000","36.7500","36.7500","2013-01-14 23:00:00"
"27860","819","6","50","2013-01-04 00:00:00","2013-01-15 00:00:00","2013-01-09 00:00:00","2013-01-15 00:00:00","3.0000","36.7500","36.7500","2013-01-14 23:00:00"
"27861","820","6","50","2013-01-04 00:00:00","2013-01-15 00:00:00","2013-01-09 00:00:00","2013-01-15 00:00:00","3.0000","36.7500","36.7500","2013-01-14 23:00:00"
"27862","824","6","50","2013-01-04 00:00:00","2013-01-15 00:00:00","2013-01-09 00:00:00","2013-01-15 00:00:00","3.0000","36.7500","36.7500","2013-01-14 23:00:00"
"27863","826","6","50","2013-01-04 00:00:00","2013-01-15 00:00:00","2013-01-09 00:00:00","2013-01-15 00:00:00","3.0000","36.7500","36.7500","2013-01-14 23:00:00"
"27864","827","6","50","2013-01-04 00:00:00","2013-01-15 00:00:00","2013-01-09 00:00:00","2013-01-15 00:00:00","3.0000","36.7500","36.7500","2013-01-14 23:00:00"
"27865","828","6","50","2013-01-04 00:00:00","2013-01-15 00:00:00","2013-01-09 00:00:00","2013-01-15 00:00:00","3.0000","36.7500","36.7500","2013-01-14 23:00:00"
"27868","894","6","50","2013-01-04 00:00:00","2013-01-15 00:00:00","2013-01-09 00:00:00","2013-01-15 00:00:00","3.0000","36.7500","36.7500","2013-01-14 23:00:00"
"27869","945","1","10","2013-01-04 00:00:00","2013-01-15 00:00:00","2013-01-09 00:00:00","2013-01-15 00:00:00","4.1000","92.2500","92.2500","2013-01-14 23:00:00"
"27869","945","6","50","2013-01-04 00:00:00","2013-01-15 00:00:00","2013-01-09 00:00:00","2013-01-15 00:00:00","3.0000","36.7500","36.7500","2013-01-14 23:00:00"
"27870","950","6","50","2013-01-04 00:00:00","2013-01-15 00:00:00","2013-01-09 00:00:00","2013-01-15 00:00:00","3.0000","36.7500","36.7500","2013-01-14 23:00:00"
"27871","994","6","50","2013-01-04 00:00:00","2013-01-15 00:00:00","2013-01-09 00:00:00","2013-01-15 00:00:00","3.0000","36.7500","36.7500","2013-01-14 23:00:00"
"27872","995","6","50","2013-01-04 00:00:00","2013-01-15 00:00:00","2013-01-09 00:00:00","2013-01-15 00:00:00","3.0000","36.7500","36.7500","2013-01-14 23:00:00"
"27873","996","6","50","2013-01-04 00:00:00","2013-01-15 00:00:00","2013-01-09 00:00:00","2013-01-15 00:00:00","3.0000","36.7500","36.7500","2013-01-14 23:00:00"
"27887","802","1","10","2013-01-04 00:00:00","2013-01-15 00:00:00","2013-01-09 00:00:00","2013-01-15 00:00:00","4.1000","92.2500","92.2500","2013-01-14 23:00:00"
"27887","802","6","50","2013-01-04 00:00:00","2013-01-15 00:00:00","2013-01-09 00:00:00","2013-01-15 00:00:00","3.0000","36.7500","36.7500","2013-01-14 23:00:00"
"27888","803","1","10","2013-01-04 00:00:00","2013-01-15 00:00:00","2013-01-09 00:00:00","2013-01-15 00:00:00","4.1000","92.2500","92.2500","2013-01-14 23:00:00"
"27888","803","6","50","2013-01-04 00:00:00","2013-01-15 00:00:00","2013-01-09 00:00:00","2013-01-15 00:00:00","3.0000","36.7500","36.7500","2013-01-14 23:00:00"
"27889","804","1","10","2013-01-04 00:00:00","2013-01-15 00:00:00","2013-01-09 00:00:00","2013-01-15 00:00:00","4.1000","92.2500","92.2500","2013-01-14 23:00:00"
"27889","804","6","50","2013-01-04 00:00:00","2013-01-15 00:00:00","2013-01-09 00:00:00","2013-01-15 00:00:00","3.0000","36.7500","36.7500","2013-01-14 23:00:00"
"27894","759","7","60","2013-01-05 00:00:00","2013-01-16 00:00:00","2013-01-05 00:00:00","2013-01-23 00:00:00","4.0000","49.0000","49.0000","2013-01-22 23:00:00"
"27895","766","7","60","2013-01-05 00:00:00","2013-01-16 00:00:00","2013-01-05 00:00:00","2013-01-23 00:00:00","4.0000","49.0000","49.0000","2013-01-22 23:00:00"
"27896","767","7","60","2013-01-05 00:00:00","2013-01-16 00:00:00","2013-01-05 00:00:00","2013-01-23 00:00:00","4.0000","49.0000","49.0000","2013-01-22 23:00:00"
"27897","770","7","60","2013-01-05 00:00:00","2013-01-16 00:00:00","2013-01-05 00:00:00","2013-01-23 00:00:00","4.0000","49.0000","49.0000","2013-01-22 23:00:00"
"27898","780","7","60","2013-01-05 00:00:00","2013-01-16 00:00:00","2013-01-05 00:00:00","2013-01-23 00:00:00","4.0000","49.0000","49.0000","2013-01-22 23:00:00"
"27899","783","7","60","2013-01-05 00:00:00","2013-01-16 00:00:00","2013-01-05 00:00:00","2013-01-23 00:00:00","4.0000","49.0000","49.0000","2013-01-22 23:00:00"
"27900","800","7","60","2013-01-05 00:00:00","2013-01-16 00:00:00","2013-01-05 00:00:00","2013-01-23 00:00:00","4.0000","49.0000","49.0000","2013-01-22 23:00:00"
"27901","516","6","50","2013-01-05 00:00:00","2013-01-16 00:00:00","2013-01-05 00:00:00","2013-01-23 00:00:00","3.0000","36.7500","36.7500","2013-01-22 23:00:00"
"27901","516","7","60","2013-01-05 00:00:00","2013-01-16 00:00:00","2013-01-05 00:00:00","2013-01-23 00:00:00","4.0000","49.0000","49.0000","2013-01-22 23:00:00"
"27902","517","6","50","2013-01-05 00:00:00","2013-01-16 00:00:00","2013-01-05 00:00:00","2013-01-23 00:00:00","3.0000","36.7500","36.7500","2013-01-22 23:00:00"
"27902","517","7","60","2013-01-05 00:00:00","2013-01-16 00:00:00","2013-01-05 00:00:00","2013-01-23 00:00:00","4.0000","49.0000","49.0000","2013-01-22 23:00:00"
"27903","518","6","50","2013-01-05 00:00:00","2013-01-16 00:00:00","2013-01-05 00:00:00","2013-01-23 00:00:00","3.0000","36.7500","36.7500","2013-01-22 23:00:00"
"27903","518","7","60","2013-01-05 00:00:00","2013-01-16 00:00:00","2013-01-05 00:00:00","2013-01-23 00:00:00","4.0000","49.0000","49.0000","2013-01-22 23:00:00"
"27910","806","6","50","2013-01-05 00:00:00","2013-01-16 00:00:00","2013-01-05 00:00:00","2013-01-23 00:00:00","3.0000","36.7500","36.7500","2013-01-22 23:00:00"
"27911","810","1","10","2013-01-05 00:00:00","2013-01-16 00:00:00","2013-01-05 00:00:00","2013-01-23 00:00:00","4.1000","92.2500","92.2500","2013-01-22 23:00:00"
"27911","810","2","20","2013-01-05 00:00:00","2013-01-16 00:00:00","2013-01-05 00:00:00","2013-01-23 00:00:00","3.5000","87.5000","87.5000","2013-01-22 23:00:00"
"27911","810","6","50","2013-01-05 00:00:00","2013-01-16 00:00:00","2013-01-05 00:00:00","2013-01-23 00:00:00","3.0000","36.7500","36.7500","2013-01-22 23:00:00"
"27912","811","1","10","2013-01-05 00:00:00","2013-01-16 00:00:00","2013-01-05 00:00:00","2013-01-23 00:00:00","4.1000","92.2500","92.2500","2013-01-22 23:00:00"
"27912","811","2","20","2013-01-05 00:00:00","2013-01-16 00:00:00","2013-01-05 00:00:00","2013-01-23 00:00:00","3.5000","87.5000","87.5000","2013-01-22 23:00:00"
"27912","811","6","50","2013-01-05 00:00:00","2013-01-16 00:00:00","2013-01-05 00:00:00","2013-01-23 00:00:00","3.0000","36.7500","36.7500","2013-01-22 23:00:00"
"27913","812","1","10","2013-01-05 00:00:00","2013-01-16 00:00:00","2013-01-05 00:00:00","2013-01-23 00:00:00","4.1000","92.2500","92.2500","2013-01-22 23:00:00"
"27913","812","2","20","2013-01-05 00:00:00","2013-01-16 00:00:00","2013-01-05 00:00:00","2013-01-23 00:00:00","3.5000","87.5000","87.5000","2013-01-22 23:00:00"
"27913","812","6","50","2013-01-05 00:00:00","2013-01-16 00:00:00","2013-01-05 00:00:00","2013-01-23 00:00:00","3.0000","36.7500","36.7500","2013-01-22 23:00:00"
"27914","816","6","50","2013-01-05 00:00:00","2013-01-16 00:00:00","2013-01-05 00:00:00","2013-01-23 00:00:00","3.0000","36.7500","36.7500","2013-01-22 23:00:00"
"27915","818","6","50","2013-01-05 00:00:00","2013-01-16 00:00:00","2013-01-05 00:00:00","2013-01-23 00:00:00","3.0000","36.7500","36.7500","2013-01-22 23:00:00"
"27916","819","6","50","2013-01-05 00:00:00","2013-01-16 00:00:00","2013-01-05 00:00:00","2013-01-23 00:00:00","3.0000","36.7500","36.7500","2013-01-22 23:00:00"
"27917","824","6","50","2013-01-05 00:00:00","2013-01-16 00:00:00","2013-01-05 00:00:00","2013-01-23 00:00:00","3.0000","36.7500","36.7500","2013-01-22 23:00:00"
"27918","826","6","50","2013-01-05 00:00:00","2013-01-16 00:00:00","2013-01-05 00:00:00","2013-01-23 00:00:00","3.0000","36.7500","36.7500","2013-01-22 23:00:00"
"27919","827","6","50","2013-01-05 00:00:00","2013-01-16 00:00:00","2013-01-05 00:00:00","2013-01-23 00:00:00","3.0000","36.7500","36.7500","2013-01-22 23:00:00"
"27921","894","6","50","2013-01-05 00:00:00","2013-01-16 00:00:00","2013-01-05 00:00:00","2013-01-23 00:00:00","3.0000","36.7500","36.7500","2013-01-22 23:00:00"
"27922","945","1","10","2013-01-05 00:00:00","2013-01-16 00:00:00","2013-01-05 00:00:00","2013-01-23 00:00:00","4.1000","92.2500","92.2500","2013-01-22 23:00:00"
"27922","945","6","50","2013-01-05 00:00:00","2013-01-16 00:00:00","2013-01-05 00:00:00","2013-01-23 00:00:00","3.0000","36.7500","36.7500","2013-01-22 23:00:00"
"27923","950","6","50","2013-01-05 00:00:00","2013-01-16 00:00:00","2013-01-05 00:00:00","2013-01-23 00:00:00","3.0000","36.7500","36.7500","2013-01-22 23:00:00"
"27924","994","6","50","2013-01-05 00:00:00","2013-01-16 00:00:00","2013-01-05 00:00:00","2013-01-23 00:00:00","3.0000","36.7500","36.7500","2013-01-22 23:00:00"
"27925","995","6","50","2013-01-05 00:00:00","2013-01-16 00:00:00","2013-01-05 00:00:00","2013-01-23 00:00:00","3.0000","36.7500","36.7500","2013-01-22 23:00:00"
"27939","802","1","10","2013-01-05 00:00:00","2013-01-16 00:00:00","2013-01-05 00:00:00","2013-01-23 00:00:00","4.1000","92.2500","92.2500","2013-01-22 23:00:00"
"27939","802","6","50","2013-01-05 00:00:00","2013-01-16 00:00:00","2013-01-05 00:00:00","2013-01-23 00:00:00","3.0000","36.7500","36.7500","2013-01-22 23:00:00"
"27940","803","1","10","2013-01-05 00:00:00","2013-01-16 00:00:00","2013-01-05 00:00:00","2013-01-23 00:00:00","4.1000","92.2500","92.2500","2013-01-22 23:00:00"
"27940","803","6","50","2013-01-05 00:00:00","2013-01-16 00:00:00","2013-01-05 00:00:00","2013-01-23 00:00:00","3.0000","36.7500","36.7500","2013-01-22 23:00:00"
"27941","804","1","10","2013-01-05 00:00:00","2013-01-16 00:00:00","2013-01-05 00:00:00","2013-01-23 00:00:00","4.1000","92.2500","92.2500","2013-01-22 23:00:00"
"27941","804","6","50","2013-01-05 00:00:00","2013-01-16 00:00:00","2013-01-05 00:00:00","2013-01-23 00:00:00","3.0000","36.7500","36.7500","2013-01-22 23:00:00"
"27946","761","7","60","2013-01-06 00:00:00","2013-01-17 00:00:00","2013-01-13 00:00:00","2013-01-17 00:00:00","4.0000","49.0000","49.0000","2013-01-16 23:00:00"
"27947","762","7","60","2013-01-06 00:00:00","2013-01-17 00:00:00","2013-01-13 00:00:00","2013-01-17 00:00:00","4.0000","49.0000","49.0000","2013-01-16 23:00:00"
"27948","764","7","60","2013-01-06 00:00:00","2013-01-17 00:00:00","2013-01-13 00:00:00","2013-01-17 00:00:00","4.0000","49.0000","49.0000","2013-01-16 23:00:00"
"27949","779","7","60","2013-01-06 00:00:00","2013-01-17 00:00:00","2013-01-13 00:00:00","2013-01-17 00:00:00","4.0000","49.0000","49.0000","2013-01-16 23:00:00"
"27950","780","7","60","2013-01-06 00:00:00","2013-01-17 00:00:00","2013-01-13 00:00:00","2013-01-17 00:00:00","4.0000","49.0000","49.0000","2013-01-16 23:00:00"
"27951","781","7","60","2013-01-06 00:00:00","2013-01-17 00:00:00","2013-01-13 00:00:00","2013-01-17 00:00:00","4.0000","49.0000","49.0000","2013-01-16 23:00:00"
"27952","782","7","60","2013-01-06 00:00:00","2013-01-17 00:00:00","2013-01-13 00:00:00","2013-01-17 00:00:00","4.0000","49.0000","49.0000","2013-01-16 23:00:00"
"27953","789","7","60","2013-01-06 00:00:00","2013-01-17 00:00:00","2013-01-13 00:00:00","2013-01-17 00:00:00","4.0000","49.0000","49.0000","2013-01-16 23:00:00"
"27954","790","7","60","2013-01-06 00:00:00","2013-01-17 00:00:00","2013-01-13 00:00:00","2013-01-17 00:00:00","4.0000","49.0000","49.0000","2013-01-16 23:00:00"
"27955","791","7","60","2013-01-06 00:00:00","2013-01-17 00:00:00","2013-01-13 00:00:00","2013-01-17 00:00:00","4.0000","49.0000","49.0000","2013-01-16 23:00:00"
"27956","792","7","60","2013-01-06 00:00:00","2013-01-17 00:00:00","2013-01-13 00:00:00","2013-01-17 00:00:00","4.0000","49.0000","49.0000","2013-01-16 23:00:00"
"27957","794","7","60","2013-01-06 00:00:00","2013-01-17 00:00:00","2013-01-13 00:00:00","2013-01-17 00:00:00","4.0000","49.0000","49.0000","2013-01-16 23:00:00"
"27958","796","7","60","2013-01-06 00:00:00","2013-01-17 00:00:00","2013-01-13 00:00:00","2013-01-17 00:00:00","4.0000","49.0000","49.0000","2013-01-16 23:00:00"
"27959","800","7","60","2013-01-06 00:00:00","2013-01-17 00:00:00","2013-01-13 00:00:00","2013-01-17 00:00:00","4.0000","49.0000","49.0000","2013-01-16 23:00:00"
"27960","516","6","50","2013-01-06 00:00:00","2013-01-17 00:00:00","2013-01-13 00:00:00","2013-01-17 00:00:00","3.0000","36.7500","36.7500","2013-01-16 23:00:00"
"27960","516","7","60","2013-01-06 00:00:00","2013-01-17 00:00:00","2013-01-13 00:00:00","2013-01-17 00:00:00","4.0000","49.0000","49.0000","2013-01-16 23:00:00"
"27961","517","6","50","2013-01-06 00:00:00","2013-01-17 00:00:00","2013-01-13 00:00:00","2013-01-17 00:00:00","3.0000","36.7500","36.7500","2013-01-16 23:00:00"
"27961","517","7","60","2013-01-06 00:00:00","2013-01-17 00:00:00","2013-01-13 00:00:00","2013-01-17 00:00:00","4.0000","49.0000","49.0000","2013-01-16 23:00:00"
"27962","518","6","50","2013-01-06 00:00:00","2013-01-17 00:00:00","2013-01-13 00:00:00","2013-01-17 00:00:00","3.0000","36.7500","36.7500","2013-01-16 23:00:00"
"27962","518","7","60","2013-01-06 00:00:00","2013-01-17 00:00:00","2013-01-13 00:00:00","2013-01-17 00:00:00","4.0000","49.0000","49.0000","2013-01-16 23:00:00"
"27963","519","6","50","2013-01-06 00:00:00","2013-01-17 00:00:00","2013-01-13 00:00:00","2013-01-17 00:00:00","3.0000","36.7500","36.7500","2013-01-16 23:00:00"
"27963","519","7","60","2013-01-06 00:00:00","2013-01-17 00:00:00","2013-01-13 00:00:00","2013-01-17 00:00:00","4.0000","49.0000","49.0000","2013-01-16 23:00:00"
"27974","747","1","10","2013-01-06 00:00:00","2013-01-17 00:00:00","2013-01-13 00:00:00","2013-01-17 00:00:00","4.1000","92.2500","92.2500","2013-01-16 23:00:00"
"27974","747","2","20","2013-01-06 00:00:00","2013-01-17 00:00:00","2013-01-13 00:00:00","2013-01-17 00:00:00","3.5000","87.5000","87.5000","2013-01-16 23:00:00"
"27974","747","3","30","2013-01-06 00:00:00","2013-01-17 00:00:00","2013-01-13 00:00:00","2013-01-17 00:00:00","1.0000","14.5000","14.5000","2013-01-16 23:00:00"
"27974","747","4","40","2013-01-06 00:00:00","2013-01-17 00:00:00","2013-01-13 00:00:00","2013-01-17 00:00:00","2.0000","31.5000","31.5000","2013-01-16 23:00:00"
"27974","747","6","50","2013-01-06 00:00:00","2013-01-17 00:00:00","2013-01-13 00:00:00","2013-01-17 00:00:00","3.0000","36.7500","36.7500","2013-01-16 23:00:00"
"27974","747","7","60","2013-01-06 00:00:00","2013-01-17 00:00:00","2013-01-13 00:00:00","2013-01-17 00:00:00","4.0000","49.0000","49.0000","2013-01-16 23:00:00"
"27975","748","1","10","2013-01-06 00:00:00","2013-01-17 00:00:00","2013-01-13 00:00:00","2013-01-17 00:00:00","4.1000","92.2500","92.2500","2013-01-16 23:00:00"
"27975","748","2","20","2013-01-06 00:00:00","2013-01-17 00:00:00","2013-01-13 00:00:00","2013-01-17 00:00:00","3.5000","87.5000","87.5000","2013-01-16 23:00:00"
"27975","748","3","30","2013-01-06 00:00:00","2013-01-17 00:00:00","2013-01-13 00:00:00","2013-01-17 00:00:00","1.0000","14.5000","14.5000","2013-01-16 23:00:00"
"27975","748","5","45","2013-01-06 00:00:00","2013-01-17 00:00:00","2013-01-13 00:00:00","2013-01-17 00:00:00","2.0000","36.0000","36.0000","2013-01-16 23:00:00"
"27975","748","6","50","2013-01-06 00:00:00","2013-01-17 00:00:00","2013-01-13 00:00:00","2013-01-17 00:00:00","3.0000","36.7500","36.7500","2013-01-16 23:00:00"
"27975","748","7","60","2013-01-06 00:00:00","2013-01-17 00:00:00","2013-01-13 00:00:00","2013-01-17 00:00:00","4.0000","49.0000","49.0000","2013-01-16 23:00:00"
"27976","806","6","50","2013-01-06 00:00:00","2013-01-17 00:00:00","2013-01-13 00:00:00","2013-01-17 00:00:00","3.0000","36.7500","36.7500","2013-01-16 23:00:00"
"27977","810","1","10","2013-01-06 00:00:00","2013-01-17 00:00:00","2013-01-13 00:00:00","2013-01-17 00:00:00","4.1000","92.2500","92.2500","2013-01-16 23:00:00"
"27977","810","2","20","2013-01-06 00:00:00","2013-01-17 00:00:00","2013-01-13 00:00:00","2013-01-17 00:00:00","3.5000","87.5000","87.5000","2013-01-16 23:00:00"
"27977","810","6","50","2013-01-06 00:00:00","2013-01-17 00:00:00","2013-01-13 00:00:00","2013-01-17 00:00:00","3.0000","36.7500","36.7500","2013-01-16 23:00:00"
"27978","811","1","10","2013-01-06 00:00:00","2013-01-17 00:00:00","2013-01-13 00:00:00","2013-01-17 00:00:00","4.1000","92.2500","92.2500","2013-01-16 23:00:00"
"27978","811","2","20","2013-01-06 00:00:00","2013-01-17 00:00:00","2013-01-13 00:00:00","2013-01-17 00:00:00","3.5000","87.5000","87.5000","2013-01-16 23:00:00"
"27978","811","6","50","2013-01-06 00:00:00","2013-01-17 00:00:00","2013-01-13 00:00:00","2013-01-17 00:00:00","3.0000","36.7500","36.7500","2013-01-16 23:00:00"
"27979","812","1","10","2013-01-06 00:00:00","2013-01-17 00:00:00","2013-01-13 00:00:00","2013-01-17 00:00:00","4.1000","92.2500","92.2500","2013-01-16 23:00:00"
"27979","812","2","20","2013-01-06 00:00:00","2013-01-17 00:00:00","2013-01-13 00:00:00","2013-01-17 00:00:00","3.5000","87.5000","87.5000","2013-01-16 23:00:00"
"27979","812","6","50","2013-01-06 00:00:00","2013-01-17 00:00:00","2013-01-13 00:00:00","2013-01-17 00:00:00","3.0000","36.7500","36.7500","2013-01-16 23:00:00"
"27980","813","1","10","2013-01-06 00:00:00","2013-01-17 00:00:00","2013-01-13 00:00:00","2013-01-17 00:00:00","4.1000","92.2500","92.2500","2013-01-16 23:00:00"
"27980","813","2","20","2013-01-06 00:00:00","2013-01-17 00:00:00","2013-01-13 00:00:00","2013-01-17 00:00:00","3.5000","87.5000","87.5000","2013-01-16 23:00:00"
"27980","813","6","50","2013-01-06 00:00:00","2013-01-17 00:00:00","2013-01-13 00:00:00","2013-01-17 00:00:00","3.0000","36.7500","36.7500","2013-01-16 23:00:00"
"27981","816","6","50","2013-01-06 00:00:00","2013-01-17 00:00:00","2013-01-13 00:00:00","2013-01-17 00:00:00","3.0000","36.7500","36.7500","2013-01-16 23:00:00"
"27982","818","6","50","2013-01-06 00:00:00","2013-01-17 00:00:00","2013-01-13 00:00:00","2013-01-17 00:00:00","3.0000","36.7500","36.7500","2013-01-16 23:00:00"
"27983","819","6","50","2013-01-06 00:00:00","2013-01-17 00:00:00","2013-01-13 00:00:00","2013-01-17 00:00:00","3.0000","36.7500","36.7500","2013-01-16 23:00:00"
"27984","820","6","50","2013-01-06 00:00:00","2013-01-17 00:00:00","2013-01-13 00:00:00","2013-01-17 00:00:00","3.0000","36.7500","36.7500","2013-01-16 23:00:00"
"27985","824","6","50","2013-01-06 00:00:00","2013-01-17 00:00:00","2013-01-13 00:00:00","2013-01-17 00:00:00","3.0000","36.7500","36.7500","2013-01-16 23:00:00"
"27986","826","6","50","2013-01-06 00:00:00","2013-01-17 00:00:00","2013-01-13 00:00:00","2013-01-17 00:00:00","3.0000","36.7500","36.7500","2013-01-16 23:00:00"
"27987","827","6","50","2013-01-06 00:00:00","2013-01-17 00:00:00","2013-01-13 00:00:00","2013-01-17 00:00:00","3.0000","36.7500","36.7500","2013-01-16 23:00:00"
"27988","828","6","50","2013-01-06 00:00:00","2013-01-17 00:00:00","2013-01-13 00:00:00","2013-01-17 00:00:00","3.0000","36.7500","36.7500","2013-01-16 23:00:00"
"27991","894","6","50","2013-01-06 00:00:00","2013-01-17 00:00:00","2013-01-13 00:00:00","2013-01-17 00:00:00","3.0000","36.7500","36.7500","2013-01-16 23:00:00"
"27992","945","1","10","2013-01-06 00:00:00","2013-01-17 00:00:00","2013-01-13 00:00:00","2013-01-17 00:00:00","4.1000","92.2500","92.2500","2013-01-16 23:00:00"
"27992","945","6","50","2013-01-06 00:00:00","2013-01-17 00:00:00","2013-01-13 00:00:00","2013-01-17 00:00:00","3.0000","36.7500","36.7500","2013-01-16 23:00:00"
"27993","950","6","50","2013-01-06 00:00:00","2013-01-17 00:00:00","2013-01-13 00:00:00","2013-01-17 00:00:00","3.0000","36.7500","36.7500","2013-01-16 23:00:00"
"27994","994","6","50","2013-01-06 00:00:00","2013-01-17 00:00:00","2013-01-13 00:00:00","2013-01-17 00:00:00","3.0000","36.7500","36.7500","2013-01-16 23:00:00"
"27995","995","6","50","2013-01-06 00:00:00","2013-01-17 00:00:00","2013-01-13 00:00:00","2013-01-17 00:00:00","3.0000","36.7500","36.7500","2013-01-16 23:00:00"
"27996","996","6","50","2013-01-06 00:00:00","2013-01-17 00:00:00","2013-01-13 00:00:00","2013-01-17 00:00:00","3.0000","36.7500","36.7500","2013-01-16 23:00:00"
"28010","802","1","10","2013-01-06 00:00:00","2013-01-17 00:00:00","2013-01-13 00:00:00","2013-01-17 00:00:00","4.1000","92.2500","92.2500","2013-01-16 23:00:00"
"28010","802","6","50","2013-01-06 00:00:00","2013-01-17 00:00:00","2013-01-13 00:00:00","2013-01-17 00:00:00","3.0000","36.7500","36.7500","2013-01-16 23:00:00"
"28011","803","1","10","2013-01-06 00:00:00","2013-01-17 00:00:00","2013-01-13 00:00:00","2013-01-17 00:00:00","4.1000","92.2500","92.2500","2013-01-16 23:00:00"
"28011","803","6","50","2013-01-06 00:00:00","2013-01-17 00:00:00","2013-01-13 00:00:00","2013-01-17 00:00:00","3.0000","36.7500","36.7500","2013-01-16 23:00:00"
"28012","804","1","10","2013-01-06 00:00:00","2013-01-17 00:00:00","2013-01-13 00:00:00","2013-01-17 00:00:00","4.1000","92.2500","92.2500","2013-01-16 23:00:00"
"28012","804","6","50","2013-01-06 00:00:00","2013-01-17 00:00:00","2013-01-13 00:00:00","2013-01-17 00:00:00","3.0000","36.7500","36.7500","2013-01-16 23:00:00"
"28017","779","7","60","2013-01-07 00:00:00","2013-01-18 00:00:00","2013-01-07 00:00:00","2013-01-27 00:00:00","4.0000","49.0000","49.0000","2013-01-26 23:00:00"
"28018","782","7","60","2013-01-07 00:00:00","2013-01-18 00:00:00","2013-01-07 00:00:00","2013-01-27 00:00:00","4.0000","49.0000","49.0000","2013-01-26 23:00:00"
"28019","783","7","60","2013-01-07 00:00:00","2013-01-18 00:00:00","2013-01-07 00:00:00","2013-01-27 00:00:00","4.0000","49.0000","49.0000","2013-01-26 23:00:00"
"28020","784","7","60","2013-01-07 00:00:00","2013-01-18 00:00:00","2013-01-07 00:00:00","2013-01-27 00:00:00","4.0000","49.0000","49.0000","2013-01-26 23:00:00"
"28021","795","7","60","2013-01-07 00:00:00","2013-01-18 00:00:00","2013-01-07 00:00:00","2013-01-27 00:00:00","4.0000","49.0000","49.0000","2013-01-26 23:00:00"
"28022","796","7","60","2013-01-07 00:00:00","2013-01-18 00:00:00","2013-01-07 00:00:00","2013-01-27 00:00:00","4.0000","49.0000","49.0000","2013-01-26 23:00:00"
"28023","516","6","50","2013-01-07 00:00:00","2013-01-18 00:00:00","2013-01-07 00:00:00","2013-01-27 00:00:00","3.0000","36.7500","36.7500","2013-01-26 23:00:00"
"28023","516","7","60","2013-01-07 00:00:00","2013-01-18 00:00:00","2013-01-07 00:00:00","2013-01-27 00:00:00","4.0000","49.0000","49.0000","2013-01-26 23:00:00"
"28024","519","6","50","2013-01-07 00:00:00","2013-01-18 00:00:00","2013-01-07 00:00:00","2013-01-27 00:00:00","3.0000","36.7500","36.7500","2013-01-26 23:00:00"
"28024","519","7","60","2013-01-07 00:00:00","2013-01-18 00:00:00","2013-01-07 00:00:00","2013-01-27 00:00:00","4.0000","49.0000","49.0000","2013-01-26 23:00:00"
"28028","747","1","10","2013-01-07 00:00:00","2013-01-18 00:00:00","2013-01-07 00:00:00","2013-01-27 00:00:00","4.1000","92.2500","92.2500","2013-01-26 23:00:00"
"28028","747","2","20","2013-01-07 00:00:00","2013-01-18 00:00:00","2013-01-07 00:00:00","2013-01-27 00:00:00","3.5000","87.5000","87.5000","2013-01-26 23:00:00"
"28028","747","3","30","2013-01-07 00:00:00","2013-01-18 00:00:00","2013-01-07 00:00:00","2013-01-27 00:00:00","1.0000","14.5000","14.5000","2013-01-26 23:00:00"
"28028","747","4","40","2013-01-07 00:00:00","2013-01-18 00:00:00","2013-01-07 00:00:00","2013-01-27 00:00:00","2.0000","31.5000","31.5000","2013-01-26 23:00:00"
"28028","747","6","50","2013-01-07 00:00:00","2013-01-18 00:00:00","2013-01-07 00:00:00","2013-01-27 00:00:00","3.0000","36.7500","36.7500","2013-01-26 23:00:00"
"28028","747","7","60","2013-01-07 00:00:00","2013-01-18 00:00:00","2013-01-07 00:00:00","2013-01-27 00:00:00","4.0000","49.0000","49.0000","2013-01-26 23:00:00"
"28029","748","1","10","2013-01-07 00:00:00","2013-01-18 00:00:00","2013-01-07 00:00:00","2013-01-27 00:00:00","4.1000","92.2500","92.2500","2013-01-26 23:00:00"
"28029","748","2","20","2013-01-07 00:00:00","2013-01-18 00:00:00","2013-01-07 00:00:00","2013-01-27 00:00:00","3.5000","87.5000","87.5000","2013-01-26 23:00:00"
"28029","748","3","30","2013-01-07 00:00:00","2013-01-18 00:00:00","2013-01-07 00:00:00","2013-01-27 00:00:00","1.0000","14.5000","14.5000","2013-01-26 23:00:00"
"28029","748","5","45","2013-01-07 00:00:00","2013-01-18 00:00:00","2013-01-07 00:00:00","2013-01-27 00:00:00","2.0000","36.0000","36.0000","2013-01-26 23:00:00"
"28029","748","6","50","2013-01-07 00:00:00","2013-01-18 00:00:00","2013-01-07 00:00:00","2013-01-27 00:00:00","3.0000","36.7500","36.7500","2013-01-26 23:00:00"
"28029","748","7","60","2013-01-07 00:00:00","2013-01-18 00:00:00","2013-01-07 00:00:00","2013-01-27 00:00:00","4.0000","49.0000","49.0000","2013-01-26 23:00:00"
"28030","806","6","50","2013-01-07 00:00:00","2013-01-18 00:00:00","2013-01-07 00:00:00","2013-01-27 00:00:00","3.0000","36.7500","36.7500","2013-01-26 23:00:00"
"28031","810","1","10","2013-01-07 00:00:00","2013-01-18 00:00:00","2013-01-07 00:00:00","2013-01-27 00:00:00","4.1000","92.2500","92.2500","2013-01-26 23:00:00"
"28031","810","2","20","2013-01-07 00:00:00","2013-01-18 00:00:00","2013-01-07 00:00:00","2013-01-27 00:00:00","3.5000","87.5000","87.5000","2013-01-26 23:00:00"
"28031","810","6","50","2013-01-07 00:00:00","2013-01-18 00:00:00","2013-01-07 00:00:00","2013-01-27 00:00:00","3.0000","36.7500","36.7500","2013-01-26 23:00:00"
"28032","813","1","10","2013-01-07 00:00:00","2013-01-18 00:00:00","2013-01-07 00:00:00","2013-01-27 00:00:00","4.1000","92.2500","92.2500","2013-01-26 23:00:00"
"28032","813","2","20","2013-01-07 00:00:00","2013-01-18 00:00:00","2013-01-07 00:00:00","2013-01-27 00:00:00","3.5000","87.5000","87.5000","2013-01-26 23:00:00"
"28032","813","6","50","2013-01-07 00:00:00","2013-01-18 00:00:00","2013-01-07 00:00:00","2013-01-27 00:00:00","3.0000","36.7500","36.7500","2013-01-26 23:00:00"
"28033","816","6","50","2013-01-07 00:00:00","2013-01-18 00:00:00","2013-01-07 00:00:00","2013-01-27 00:00:00","3.0000","36.7500","36.7500","2013-01-26 23:00:00"
"28034","820","6","50","2013-01-07 00:00:00","2013-01-18 00:00:00","2013-01-07 00:00:00","2013-01-27 00:00:00","3.0000","36.7500","36.7500","2013-01-26 23:00:00"
"28035","824","6","50","2013-01-07 00:00:00","2013-01-18 00:00:00","2013-01-07 00:00:00","2013-01-27 00:00:00","3.0000","36.7500","36.7500","2013-01-26 23:00:00"
"28036","828","6","50","2013-01-07 00:00:00","2013-01-18 00:00:00","2013-01-07 00:00:00","2013-01-27 00:00:00","3.0000","36.7500","36.7500","2013-01-26 23:00:00"
"28038","894","6","50","2013-01-07 00:00:00","2013-01-18 00:00:00","2013-01-07 00:00:00","2013-01-27 00:00:00","3.0000","36.7500","36.7500","2013-01-26 23:00:00"
"28039","945","1","10","2013-01-07 00:00:00","2013-01-18 00:00:00","2013-01-07 00:00:00","2013-01-27 00:00:00","4.1000","92.2500","92.2500","2013-01-26 23:00:00"
"28039","945","6","50","2013-01-07 00:00:00","2013-01-18 00:00:00","2013-01-07 00:00:00","2013-01-27 00:00:00","3.0000","36.7500","36.7500","2013-01-26 23:00:00"
"28040","950","6","50","2013-01-07 00:00:00","2013-01-18 00:00:00","2013-01-07 00:00:00","2013-01-27 00:00:00","3.0000","36.7500","36.7500","2013-01-26 23:00:00"
"28041","995","6","50","2013-01-07 00:00:00","2013-01-18 00:00:00","2013-01-07 00:00:00","2013-01-27 00:00:00","3.0000","36.7500","36.7500","2013-01-26 23:00:00"
"28042","996","6","50","2013-01-07 00:00:00","2013-01-18 00:00:00","2013-01-07 00:00:00","2013-01-27 00:00:00","3.0000","36.7500","36.7500","2013-01-26 23:00:00"
"28055","804","1","10","2013-01-07 00:00:00","2013-01-18 00:00:00","2013-01-07 00:00:00","2013-01-27 00:00:00","4.1000","92.2500","92.2500","2013-01-26 23:00:00"
"28055","804","6","50","2013-01-07 00:00:00","2013-01-18 00:00:00","2013-01-07 00:00:00","2013-01-27 00:00:00","3.0000","36.7500","36.7500","2013-01-26 23:00:00"
"28060","759","7","60","2013-01-08 00:00:00","2013-01-19 00:00:00","2013-01-17 00:00:00","2013-01-19 00:00:00","4.0000","49.0000","49.0000","2013-01-18 23:00:00"
"28061","761","7","60","2013-01-08 00:00:00","2013-01-19 00:00:00","2013-01-17 00:00:00","2013-01-19 00:00:00","4.0000","49.0000","49.0000","2013-01-18 23:00:00"
"28062","763","7","60","2013-01-08 00:00:00","2013-01-19 00:00:00","2013-01-17 00:00:00","2013-01-19 00:00:00","4.0000","49.0000","49.0000","2013-01-18 23:00:00"
"28063","781","7","60","2013-01-08 00:00:00","2013-01-19 00:00:00","2013-01-17 00:00:00","2013-01-19 00:00:00","4.0000","49.0000","49.0000","2013-01-18 23:00:00"
"28064","782","7","60","2013-01-08 00:00:00","2013-01-19 00:00:00","2013-01-17 00:00:00","2013-01-19 00:00:00","4.0000","49.0000","49.0000","2013-01-18 23:00:00"
"28065","783","7","60","2013-01-08 00:00:00","2013-01-19 00:00:00","2013-01-17 00:00:00","2013-01-19 00:00:00","4.0000","49.0000","49.0000","2013-01-18 23:00:00"
"28066","784","7","60","2013-01-08 00:00:00","2013-01-19 00:00:00","2013-01-17 00:00:00","2013-01-19 00:00:00","4.0000","49.0000","49.0000","2013-01-18 23:00:00"
"28067","790","7","60","2013-01-08 00:00:00","2013-01-19 00:00:00","2013-01-17 00:00:00","2013-01-19 00:00:00","4.0000","49.0000","49.0000","2013-01-18 23:00:00"
"28068","791","7","60","2013-01-08 00:00:00","2013-01-19 00:00:00","2013-01-17 00:00:00","2013-01-19 00:00:00","4.0000","49.0000","49.0000","2013-01-18 23:00:00"
"28069","794","7","60","2013-01-08 00:00:00","2013-01-19 00:00:00","2013-01-17 00:00:00","2013-01-19 00:00:00","4.0000","49.0000","49.0000","2013-01-18 23:00:00"
"28070","796","7","60","2013-01-08 00:00:00","2013-01-19 00:00:00","2013-01-17 00:00:00","2013-01-19 00:00:00","4.0000","49.0000","49.0000","2013-01-18 23:00:00"
"28071","799","7","60","2013-01-08 00:00:00","2013-01-19 00:00:00","2013-01-17 00:00:00","2013-01-19 00:00:00","4.0000","49.0000","49.0000","2013-01-18 23:00:00"
"28072","801","7","60","2013-01-08 00:00:00","2013-01-19 00:00:00","2013-01-17 00:00:00","2013-01-19 00:00:00","4.0000","49.0000","49.0000","2013-01-18 23:00:00"
"28073","516","6","50","2013-01-08 00:00:00","2013-01-19 00:00:00","2013-01-17 00:00:00","2013-01-19 00:00:00","3.0000","36.7500","36.7500","2013-01-18 23:00:00"
"28073","516","7","60","2013-01-08 00:00:00","2013-01-19 00:00:00","2013-01-17 00:00:00","2013-01-19 00:00:00","4.0000","49.0000","49.0000","2013-01-18 23:00:00"
"28074","517","6","50","2013-01-08 00:00:00","2013-01-19 00:00:00","2013-01-17 00:00:00","2013-01-19 00:00:00","3.0000","36.7500","36.7500","2013-01-18 23:00:00"
"28074","517","7","60","2013-01-08 00:00:00","2013-01-19 00:00:00","2013-01-17 00:00:00","2013-01-19 00:00:00","4.0000","49.0000","49.0000","2013-01-18 23:00:00"
"28075","518","6","50","2013-01-08 00:00:00","2013-01-19 00:00:00","2013-01-17 00:00:00","2013-01-19 00:00:00","3.0000","36.7500","36.7500","2013-01-18 23:00:00"
"28075","518","7","60","2013-01-08 00:00:00","2013-01-19 00:00:00","2013-01-17 00:00:00","2013-01-19 00:00:00","4.0000","49.0000","49.0000","2013-01-18 23:00:00"
"28076","519","6","50","2013-01-08 00:00:00","2013-01-19 00:00:00","2013-01-17 00:00:00","2013-01-19 00:00:00","3.0000","36.7500","36.7500","2013-01-18 23:00:00"
"28076","519","7","60","2013-01-08 00:00:00","2013-01-19 00:00:00","2013-01-17 00:00:00","2013-01-19 00:00:00","4.0000","49.0000","49.0000","2013-01-18 23:00:00"
"28086","747","1","10","2013-01-08 00:00:00","2013-01-19 00:00:00","2013-01-17 00:00:00","2013-01-19 00:00:00","4.1000","92.2500","92.2500","2013-01-18 23:00:00"
"28086","747","2","20","2013-01-08 00:00:00","2013-01-19 00:00:00","2013-01-17 00:00:00","2013-01-19 00:00:00","3.5000","87.5000","87.5000","2013-01-18 23:00:00"
"28086","747","3","30","2013-01-08 00:00:00","2013-01-19 00:00:00","2013-01-17 00:00:00","2013-01-19 00:00:00","1.0000","14.5000","14.5000","2013-01-18 23:00:00"
"28086","747","4","40","2013-01-08 00:00:00","2013-01-19 00:00:00","2013-01-17 00:00:00","2013-01-19 00:00:00","2.0000","31.5000","31.5000","2013-01-18 23:00:00"
"28086","747","6","50","2013-01-08 00:00:00","2013-01-19 00:00:00","2013-01-17 00:00:00","2013-01-19 00:00:00","3.0000","36.7500","36.7500","2013-01-18 23:00:00"
"28086","747","7","60","2013-01-08 00:00:00","2013-01-19 00:00:00","2013-01-17 00:00:00","2013-01-19 00:00:00","4.0000","49.0000","49.0000","2013-01-18 23:00:00"
"28087","806","6","50","2013-01-08 00:00:00","2013-01-19 00:00:00","2013-01-17 00:00:00","2013-01-19 00:00:00","3.0000","36.7500","36.7500","2013-01-18 23:00:00"
"28088","810","1","10","2013-01-08 00:00:00","2013-01-19 00:00:00","2013-01-17 00:00:00","2013-01-19 00:00:00","4.1000","92.2500","92.2500","2013-01-18 23:00:00"
"28088","810","2","20","2013-01-08 00:00:00","2013-01-19 00:00:00","2013-01-17 00:00:00","2013-01-19 00:00:00","3.5000","87.5000","87.5000","2013-01-18 23:00:00"
"28088","810","6","50","2013-01-08 00:00:00","2013-01-19 00:00:00","2013-01-17 00:00:00","2013-01-19 00:00:00","3.0000","36.7500","36.7500","2013-01-18 23:00:00"
"28089","811","1","10","2013-01-08 00:00:00","2013-01-19 00:00:00","2013-01-17 00:00:00","2013-01-19 00:00:00","4.1000","92.2500","92.2500","2013-01-18 23:00:00"
"28089","811","2","20","2013-01-08 00:00:00","2013-01-19 00:00:00","2013-01-17 00:00:00","2013-01-19 00:00:00","3.5000","87.5000","87.5000","2013-01-18 23:00:00"
"28089","811","6","50","2013-01-08 00:00:00","2013-01-19 00:00:00","2013-01-17 00:00:00","2013-01-19 00:00:00","3.0000","36.7500","36.7500","2013-01-18 23:00:00"
"28090","812","1","10","2013-01-08 00:00:00","2013-01-19 00:00:00","2013-01-17 00:00:00","2013-01-19 00:00:00","4.1000","92.2500","92.2500","2013-01-18 23:00:00"
"28090","812","2","20","2013-01-08 00:00:00","2013-01-19 00:00:00","2013-01-17 00:00:00","2013-01-19 00:00:00","3.5000","87.5000","87.5000","2013-01-18 23:00:00"
"28090","812","6","50","2013-01-08 00:00:00","2013-01-19 00:00:00","2013-01-17 00:00:00","2013-01-19 00:00:00","3.0000","36.7500","36.7500","2013-01-18 23:00:00"
"28091","813","1","10","2013-01-08 00:00:00","2013-01-19 00:00:00","2013-01-17 00:00:00","2013-01-19 00:00:00","4.1000","92.2500","92.2500","2013-01-18 23:00:00"
"28091","813","2","20","2013-01-08 00:00:00","2013-01-19 00:00:00","2013-01-17 00:00:00","2013-01-19 00:00:00","3.5000","87.5000","87.5000","2013-01-18 23:00:00"
"28091","813","6","50","2013-01-08 00:00:00","2013-01-19 00:00:00","2013-01-17 00:00:00","2013-01-19 00:00:00","3.0000","36.7500","36.7500","2013-01-18 23:00:00"
"28092","816","6","50","2013-01-08 00:00:00","2013-01-19 00:00:00","2013-01-17 00:00:00","2013-01-19 00:00:00","3.0000","36.7500","36.7500","2013-01-18 23:00:00"
"28093","818","6","50","2013-01-08 00:00:00","2013-01-19 00:00:00","2013-01-17 00:00:00","2013-01-19 00:00:00","3.0000","36.7500","36.7500","2013-01-18 23:00:00"
"28094","819","6","50","2013-01-08 00:00:00","2013-01-19 00:00:00","2013-01-17 00:00:00","2013-01-19 00:00:00","3.0000","36.7500","36.7500","2013-01-18 23:00:00"
"28095","820","6","50","2013-01-08 00:00:00","2013-01-19 00:00:00","2013-01-17 00:00:00","2013-01-19 00:00:00","3.0000","36.7500","36.7500","2013-01-18 23:00:00"
"28096","824","6","50","2013-01-08 00:00:00","2013-01-19 00:00:00","2013-01-17 00:00:00","2013-01-19 00:00:00","3.0000","36.7500","36.7500","2013-01-18 23:00:00"
"28097","826","6","50","2013-01-08 00:00:00","2013-01-19 00:00:00","2013-01-17 00:00:00","2013-01-19 00:00:00","3.0000","36.7500","36.7500","2013-01-18 23:00:00"
"28098","827","6","50","2013-01-08 00:00:00","2013-01-19 00:00:00","2013-01-17 00:00:00","2013-01-19 00:00:00","3.0000","36.7500","36.7500","2013-01-18 23:00:00"
"28099","828","6","50","2013-01-08 00:00:00","2013-01-19 00:00:00","2013-01-17 00:00:00","2013-01-19 00:00:00","3.0000","36.7500","36.7500","2013-01-18 23:00:00"
"28103","894","6","50","2013-01-08 00:00:00","2013-01-19 00:00:00","2013-01-17 00:00:00","2013-01-19 00:00:00","3.0000","36.7500","36.7500","2013-01-18 23:00:00"
"28104","945","1","10","2013-01-08 00:00:00","2013-01-19 00:00:00","2013-01-17 00:00:00","2013-01-19 00:00:00","4.1000","92.2500","92.2500","2013-01-18 23:00:00"
"28104","945","6","50","2013-01-08 00:00:00","2013-01-19 00:00:00","2013-01-17 00:00:00","2013-01-19 00:00:00","3.0000","36.7500","36.7500","2013-01-18 23:00:00"
"28105","950","6","50","2013-01-08 00:00:00","2013-01-19 00:00:00","2013-01-17 00:00:00","2013-01-19 00:00:00","3.0000","36.7500","36.7500","2013-01-18 23:00:00"
"28106","994","6","50","2013-01-08 00:00:00","2013-01-19 00:00:00","2013-01-17 00:00:00","2013-01-19 00:00:00","3.0000","36.7500","36.7500","2013-01-18 23:00:00"
"28107","995","6","50","2013-01-08 00:00:00","2013-01-19 00:00:00","2013-01-17 00:00:00","2013-01-19 00:00:00","3.0000","36.7500","36.7500","2013-01-18 23:00:00"
"28108","996","6","50","2013-01-08 00:00:00","2013-01-19 00:00:00","2013-01-17 00:00:00","2013-01-19 00:00:00","3.0000","36.7500","36.7500","2013-01-18 23:00:00"
"28122","802","1","10","2013-01-08 00:00:00","2013-01-19 00:00:00","2013-01-17 00:00:00","2013-01-19 00:00:00","4.1000","92.2500","92.2500","2013-01-18 23:00:00"
"28122","802","6","50","2013-01-08 00:00:00","2013-01-19 00:00:00","2013-01-17 00:00:00","2013-01-19 00:00:00","3.0000","36.7500","36.7500","2013-01-18 23:00:00"
"28123","803","1","10","2013-01-08 00:00:00","2013-01-19 00:00:00","2013-01-17 00:00:00","2013-01-19 00:00:00","4.1000","92.2500","92.2500","2013-01-18 23:00:00"
"28123","803","6","50","2013-01-08 00:00:00","2013-01-19 00:00:00","2013-01-17 00:00:00","2013-01-19 00:00:00","3.0000","36.7500","36.7500","2013-01-18 23:00:00"
"28124","804","1","10","2013-01-08 00:00:00","2013-01-19 00:00:00","2013-01-17 00:00:00","2013-01-19 00:00:00","4.1000","92.2500","92.2500","2013-01-18 23:00:00"
"28124","804","6","50","2013-01-08 00:00:00","2013-01-19 00:00:00","2013-01-17 00:00:00","2013-01-19 00:00:00","3.0000","36.7500","36.7500","2013-01-18 23:00:00"
"28129","779","7","60","2013-01-09 00:00:00","2013-01-20 00:00:00","2013-01-09 00:00:00","2013-01-31 00:00:00","4.0000","49.0000","49.0000","2013-01-30 23:00:00"
"28130","780","7","60","2013-01-09 00:00:00","2013-01-20 00:00:00","2013-01-09 00:00:00","2013-01-31 00:00:00","4.0000","49.0000","49.0000","2013-01-30 23:00:00"
"28131","782","7","60","2013-01-09 00:00:00","2013-01-20 00:00:00","2013-01-09 00:00:00","2013-01-31 00:00:00","4.0000","49.0000","49.0000","2013-01-30 23:00:00"
"28132","784","7","60","2013-01-09 00:00:00","2013-01-20 00:00:00","2013-01-09 00:00:00","2013-01-31 00:00:00","4.0000","49.0000","49.0000","2013-01-30 23:00:00"
"28133","789","7","60","2013-01-09 00:00:00","2013-01-20 00:00:00","2013-01-09 00:00:00","2013-01-31 00:00:00","4.0000","49.0000","49.0000","2013-01-30 23:00:00"
"28134","793","7","60","2013-01-09 00:00:00","2013-01-20 00:00:00","2013-01-09 00:00:00","2013-01-31 00:00:00","4.0000","49.0000","49.0000","2013-01-30 23:00:00"
"28135","801","7","60","2013-01-09 00:00:00","2013-01-20 00:00:00","2013-01-09 00:00:00","2013-01-31 00:00:00","4.0000","49.0000","49.0000","2013-01-30 23:00:00"
"28136","516","6","50","2013-01-09 00:00:00","2013-01-20 00:00:00","2013-01-09 00:00:00","2013-01-31 00:00:00","3.0000","36.7500","36.7500","2013-01-30 23:00:00"
"28136","516","7","60","2013-01-09 00:00:00","2013-01-20 00:00:00","2013-01-09 00:00:00","2013-01-31 00:00:00","4.0000","49.0000","49.0000","2013-01-30 23:00:00"
"28137","518","6","50","2013-01-09 00:00:00","2013-01-20 00:00:00","2013-01-09 00:00:00","2013-01-31 00:00:00","3.0000","36.7500","36.7500","2013-01-30 23:00:00"
"28137","518","7","60","2013-01-09 00:00:00","2013-01-20 00:00:00","2013-01-09 00:00:00","2013-01-31 00:00:00","4.0000","49.0000","49.0000","2013-01-30 23:00:00"
"28138","519","6","50","2013-01-09 00:00:00","2013-01-20 00:00:00","2013-01-09 00:00:00","2013-01-31 00:00:00","3.0000","36.7500","36.7500","2013-01-30 23:00:00"
"28138","519","7","60","2013-01-09 00:00:00","2013-01-20 00:00:00","2013-01-09 00:00:00","2013-01-31 00:00:00","4.0000","49.0000","49.0000","2013-01-30 23:00:00"
"28142","747","1","10","2013-01-09 00:00:00","2013-01-20 00:00:00","2013-01-09 00:00:00","2013-01-31 00:00:00","4.1000","92.2500","92.2500","2013-01-30 23:00:00"
"28142","747","2","20","2013-01-09 00:00:00","2013-01-20 00:00:00","2013-01-09 00:00:00","2013-01-31 00:00:00","3.5000","87.5000","87.5000","2013-01-30 23:00:00"
"28142","747","3","30","2013-01-09 00:00:00","2013-01-20 00:00:00","2013-01-09 00:00:00","2013-01-31 00:00:00","1.0000","14.5000","14.5000","2013-01-30 23:00:00"
"28142","747","4","40","2013-01-09 00:00:00","2013-01-20 00:00:00","2013-01-09 00:00:00","2013-01-31 00:00:00","2.0000","31.5000","31.5000","2013-01-30 23:00:00"
"28142","747","6","50","2013-01-09 00:00:00","2013-01-20 00:00:00","2013-01-09 00:00:00","2013-01-31 00:00:00","3.0000","36.7500","36.7500","2013-01-30 23:00:00"
"28142","747","7","60","2013-01-09 00:00:00","2013-01-20 00:00:00","2013-01-09 00:00:00","2013-01-31 00:00:00","4.0000","49.0000","49.0000","2013-01-30 23:00:00"
"28143","748","1","10","2013-01-09 00:00:00","2013-01-20 00:00:00","2013-01-09 00:00:00","2013-01-31 00:00:00","4.1000","92.2500","92.2500","2013-01-30 23:00:00"
"28143","748","2","20","2013-01-09 00:00:00","2013-01-20 00:00:00","2013-01-09 00:00:00","2013-01-31 00:00:00","3.5000","87.5000","87.5000","2013-01-30 23:00:00"
"28143","748","3","30","2013-01-09 00:00:00","2013-01-20 00:00:00","2013-01-09 00:00:00","2013-01-31 00:00:00","1.0000","14.5000","14.5000","2013-01-30 23:00:00"
"28143","748","5","45","2013-01-09 00:00:00","2013-01-20 00:00:00","2013-01-09 00:00:00","2013-01-31 00:00:00","2.0000","36.0000","36.0000","2013-01-30 23:00:00"
"28143","748","6","50","2013-01-09 00:00:00","2013-01-20 00:00:00","2013-01-09 00:00:00","2013-01-31 00:00:00","3.0000","36.7500","36.7500","2013-01-30 23:00:00"
"28143","748","7","60","2013-01-09 00:00:00","2013-01-20 00:00:00","2013-01-09 00:00:00","2013-01-31 00:00:00","4.0000","49.0000","49.0000","2013-01-30 23:00:00"
"28144","806","6","50","2013-01-09 00:00:00","2013-01-20 00:00:00","2013-01-09 00:00:00","2013-01-31 00:00:00","3.0000","36.7500","36.7500","2013-01-30 23:00:00"
"28145","810","1","10","2013-01-09 00:00:00","2013-01-20 00:00:00","2013-01-09 00:00:00","2013-01-31 00:00:00","4.1000","92.2500","92.2500","2013-01-30 23:00:00"
"28145","810","2","20","2013-01-09 00:00:00","2013-01-20 00:00:00","2013-01-09 00:00:00","2013-01-31 00:00:00","3.5000","87.5000","87.5000","2013-01-30 23:00:00"
"28145","810","6","50","2013-01-09 00:00:00","2013-01-20 00:00:00","2013-01-09 00:00:00","2013-01-31 00:00:00","3.0000","36.7500","36.7500","2013-01-30 23:00:00"
"28146","812","1","10","2013-01-09 00:00:00","2013-01-20 00:00:00","2013-01-09 00:00:00","2013-01-31 00:00:00","4.1000","92.2500","92.2500","2013-01-30 23:00:00"
"28146","812","2","20","2013-01-09 00:00:00","2013-01-20 00:00:00","2013-01-09 00:00:00","2013-01-31 00:00:00","3.5000","87.5000","87.5000","2013-01-30 23:00:00"
"28146","812","6","50","2013-01-09 00:00:00","2013-01-20 00:00:00","2013-01-09 00:00:00","2013-01-31 00:00:00","3.0000","36.7500","36.7500","2013-01-30 23:00:00"
"28147","813","1","10","2013-01-09 00:00:00","2013-01-20 00:00:00","2013-01-09 00:00:00","2013-01-31 00:00:00","4.1000","92.2500","92.2500","2013-01-30 23:00:00"
"28147","813","2","20","2013-01-09 00:00:00","2013-01-20 00:00:00","2013-01-09 00:00:00","2013-01-31 00:00:00","3.5000","87.5000","87.5000","2013-01-30 23:00:00"
"28147","813","6","50","2013-01-09 00:00:00","2013-01-20 00:00:00","2013-01-09 00:00:00","2013-01-31 00:00:00","3.0000","36.7500","36.7500","2013-01-30 23:00:00"
"28148","816","6","50","2013-01-09 00:00:00","2013-01-20 00:00:00","2013-01-09 00:00:00","2013-01-31 00:00:00","3.0000","36.7500","36.7500","2013-01-30 23:00:00"
"28149","819","6","50","2013-01-09 00:00:00","2013-01-20 00:00:00","2013-01-09 00:00:00","2013-01-31 00:00:00","3.0000","36.7500","36.7500","2013-01-30 23:00:00"
"28150","820","6","50","2013-01-09 00:00:00","2013-01-20 00:00:00","2013-01-09 00:00:00","2013-01-31 00:00:00","3.0000","36.7500","36.7500","2013-01-30 23:00:00"
"28151","824","6","50","2013-01-09 00:00:00","2013-01-20 00:00:00","2013-01-09 00:00:00","2013-01-31 00:00:00","3.0000","36.7500","36.7500","2013-01-30 23:00:00"
"28152","827","6","50","2013-01-09 00:00:00","2013-01-20 00:00:00","2013-01-09 00:00:00","2013-01-31 00:00:00","3.0000","36.7500","36.7500","2013-01-30 23:00:00"
"28153","828","6","50","2013-01-09 00:00:00","2013-01-20 00:00:00","2013-01-09 00:00:00","2013-01-31 00:00:00","3.0000","36.7500","36.7500","2013-01-30 23:00:00"
"28156","894","6","50","2013-01-09 00:00:00","2013-01-20 00:00:00","2013-01-09 00:00:00","2013-01-31 00:00:00","3.0000","36.7500","36.7500","2013-01-30 23:00:00"
"28157","945","1","10","2013-01-09 00:00:00","2013-01-20 00:00:00","2013-01-09 00:00:00","2013-01-31 00:00:00","4.1000","92.2500","92.2500","2013-01-30 23:00:00"
"28157","945","6","50","2013-01-09 00:00:00","2013-01-20 00:00:00","2013-01-09 00:00:00","2013-01-31 00:00:00","3.0000","36.7500","36.7500","2013-01-30 23:00:00"
"28158","950","6","50","2013-01-09 00:00:00","2013-01-20 00:00:00","2013-01-09 00:00:00","2013-01-31 00:00:00","3.0000","36.7500","36.7500","2013-01-30 23:00:00"
"28159","994","6","50","2013-01-09 00:00:00","2013-01-20 00:00:00","2013-01-09 00:00:00","2013-01-31 00:00:00","3.0000","36.7500","36.7500","2013-01-30 23:00:00"
"28160","995","6","50","2013-01-09 00:00:00","2013-01-20 00:00:00","2013-01-09 00:00:00","2013-01-31 00:00:00","3.0000","36.7500","36.7500","2013-01-30 23:00:00"
"28161","996","6","50","2013-01-09 00:00:00","2013-01-20 00:00:00","2013-01-09 00:00:00","2013-01-31 00:00:00","3.0000","36.7500","36.7500","2013-01-30 23:00:00"
"28174","803","1","10","2013-01-09 00:00:00","2013-01-20 00:00:00","2013-01-09 00:00:00","2013-01-31 00:00:00","4.1000","92.2500","92.2500","2013-01-30 23:00:00"
"28174","803","6","50","2013-01-09 00:00:00","2013-01-20 00:00:00","2013-01-09 00:00:00","2013-01-31 00:00:00","3.0000","36.7500","36.7500","2013-01-30 23:00:00"
"28175","804","1","10","2013-01-09 00:00:00","2013-01-20 00:00:00","2013-01-09 00:00:00","2013-01-31 00:00:00","4.1000","92.2500","92.2500","2013-01-30 23:00:00"
"28175","804","6","50","2013-01-09 00:00:00","2013-01-20 00:00:00","2013-01-09 00:00:00","2013-01-31 00:00:00","3.0000","36.7500","36.7500","2013-01-30 23:00:00"
"28180","759","7","60","2013-01-10 00:00:00","2013-01-21 00:00:00","2013-01-11 00:00:00","2013-01-21 00:00:00","4.0000","49.0000","49.0000","2013-01-20 23:00:00"
"28181","762","7","60","2013-01-10 00:00:00","2013-01-21 00:00:00","2013-01-11 00:00:00","2013-01-21 00:00:00","4.0000","49.0000","49.0000","2013-01-20 23:00:00"
"28182","770","7","60","2013-01-10 00:00:00","2013-01-21 00:00:00","2013-01-11 00:00:00","2013-01-21 00:00:00","4.0000","49.0000","49.0000","2013-01-20 23:00:00"
"28183","779","7","60","2013-01-10 00:00:00","2013-01-21 00:00:00","2013-01-11 00:00:00","2013-01-21 00:00:00","4.0000","49.0000","49.0000","2013-01-20 23:00:00"
"28184","780","7","60","2013-01-10 00:00:00","2013-01-21 00:00:00","2013-01-11 00:00:00","2013-01-21 00:00:00","4.0000","49.0000","49.0000","2013-01-20 23:00:00"
"28185","782","7","60","2013-01-10 00:00:00","2013-01-21 00:00:00","2013-01-11 00:00:00","2013-01-21 00:00:00","4.0000","49.0000","49.0000","2013-01-20 23:00:00"
"28186","783","7","60","2013-01-10 00:00:00","2013-01-21 00:00:00","2013-01-11 00:00:00","2013-01-21 00:00:00","4.0000","49.0000","49.0000","2013-01-20 23:00:00"
"28187","790","7","60","2013-01-10 00:00:00","2013-01-21 00:00:00","2013-01-11 00:00:00","2013-01-21 00:00:00","4.0000","49.0000","49.0000","2013-01-20 23:00:00"
"28188","795","7","60","2013-01-10 00:00:00","2013-01-21 00:00:00","2013-01-11 00:00:00","2013-01-21 00:00:00","4.0000","49.0000","49.0000","2013-01-20 23:00:00"
"28189","799","7","60","2013-01-10 00:00:00","2013-01-21 00:00:00","2013-01-11 00:00:00","2013-01-21 00:00:00","4.0000","49.0000","49.0000","2013-01-20 23:00:00"
"28190","800","7","60","2013-01-10 00:00:00","2013-01-21 00:00:00","2013-01-11 00:00:00","2013-01-21 00:00:00","4.0000","49.0000","49.0000","2013-01-20 23:00:00"
"28191","516","6","50","2013-01-10 00:00:00","2013-01-21 00:00:00","2013-01-11 00:00:00","2013-01-21 00:00:00","3.0000","36.7500","36.7500","2013-01-20 23:00:00"
"28191","516","7","60","2013-01-10 00:00:00","2013-01-21 00:00:00","2013-01-11 00:00:00","2013-01-21 00:00:00","4.0000","49.0000","49.0000","2013-01-20 23:00:00"
"28192","517","6","50","2013-01-10 00:00:00","2013-01-21 00:00:00","2013-01-11 00:00:00","2013-01-21 00:00:00","3.0000","36.7500","36.7500","2013-01-20 23:00:00"
"28192","517","7","60","2013-01-10 00:00:00","2013-01-21 00:00:00","2013-01-11 00:00:00","2013-01-21 00:00:00","4.0000","49.0000","49.0000","2013-01-20 23:00:00"
"28193","518","6","50","2013-01-10 00:00:00","2013-01-21 00:00:00","2013-01-11 00:00:00","2013-01-21 00:00:00","3.0000","36.7500","36.7500","2013-01-20 23:00:00"
"28193","518","7","60","2013-01-10 00:00:00","2013-01-21 00:00:00","2013-01-11 00:00:00","2013-01-21 00:00:00","4.0000","49.0000","49.0000","2013-01-20 23:00:00"
"28194","519","6","50","2013-01-10 00:00:00","2013-01-21 00:00:00","2013-01-11 00:00:00","2013-01-21 00:00:00","3.0000","36.7500","36.7500","2013-01-20 23:00:00"
"28194","519","7","60","2013-01-10 00:00:00","2013-01-21 00:00:00","2013-01-11 00:00:00","2013-01-21 00:00:00","4.0000","49.0000","49.0000","2013-01-20 23:00:00"
"28201","747","1","10","2013-01-10 00:00:00","2013-01-21 00:00:00","2013-01-11 00:00:00","2013-01-21 00:00:00","4.1000","92.2500","92.2500","2013-01-20 23:00:00"
"28201","747","2","20","2013-01-10 00:00:00","2013-01-21 00:00:00","2013-01-11 00:00:00","2013-01-21 00:00:00","3.5000","87.5000","87.5000","2013-01-20 23:00:00"
"28201","747","3","30","2013-01-10 00:00:00","2013-01-21 00:00:00","2013-01-11 00:00:00","2013-01-21 00:00:00","1.0000","14.5000","14.5000","2013-01-20 23:00:00"
"28201","747","4","40","2013-01-10 00:00:00","2013-01-21 00:00:00","2013-01-11 00:00:00","2013-01-21 00:00:00","2.0000","31.5000","31.5000","2013-01-20 23:00:00"
"28201","747","6","50","2013-01-10 00:00:00","2013-01-21 00:00:00","2013-01-11 00:00:00","2013-01-21 00:00:00","3.0000","36.7500","36.7500","2013-01-20 23:00:00"
"28201","747","7","60","2013-01-10 00:00:00","2013-01-21 00:00:00","2013-01-11 00:00:00","2013-01-21 00:00:00","4.0000","49.0000","49.0000","2013-01-20 23:00:00"
"28202","748","1","10","2013-01-10 00:00:00","2013-01-21 00:00:00","2013-01-11 00:00:00","2013-01-21 00:00:00","4.1000","92.2500","92.2500","2013-01-20 23:00:00"
"28202","748","2","20","2013-01-10 00:00:00","2013-01-21 00:00:00","2013-01-11 00:00:00","2013-01-21 00:00:00","3.5000","87.5000","87.5000","2013-01-20 23:00:00"
"28202","748","3","30","2013-01-10 00:00:00","2013-01-21 00:00:00","2013-01-11 00:00:00","2013-01-21 00:00:00","1.0000","14.5000","14.5000","2013-01-20 23:00:00"
"28202","748","5","45","2013-01-10 00:00:00","2013-01-21 00:00:00","2013-01-11 00:00:00","2013-01-21 00:00:00","2.0000","36.0000","36.0000","2013-01-20 23:00:00"
"28202","748","6","50","2013-01-10 00:00:00","2013-01-21 00:00:00","2013-01-11 00:00:00","2013-01-21 00:00:00","3.0000","36.7500","36.7500","2013-01-20 23:00:00"
"28202","748","7","60","2013-01-10 00:00:00","2013-01-21 00:00:00","2013-01-11 00:00:00","2013-01-21 00:00:00","4.0000","49.0000","49.0000","2013-01-20 23:00:00"
"28203","806","6","50","2013-01-10 00:00:00","2013-01-21 00:00:00","2013-01-11 00:00:00","2013-01-21 00:00:00","3.0000","36.7500","36.7500","2013-01-20 23:00:00"
"28204","810","1","10","2013-01-10 00:00:00","2013-01-21 00:00:00","2013-01-11 00:00:00","2013-01-21 00:00:00","4.1000","92.2500","92.2500","2013-01-20 23:00:00"
"28204","810","2","20","2013-01-10 00:00:00","2013-01-21 00:00:00","2013-01-11 00:00:00","2013-01-21 00:00:00","3.5000","87.5000","87.5000","2013-01-20 23:00:00"
"28204","810","6","50","2013-01-10 00:00:00","2013-01-21 00:00:00","2013-01-11 00:00:00","2013-01-21 00:00:00","3.0000","36.7500","36.7500","2013-01-20 23:00:00"
"28205","811","1","10","2013-01-10 00:00:00","2013-01-21 00:00:00","2013-01-11 00:00:00","2013-01-21 00:00:00","4.1000","92.2500","92.2500","2013-01-20 23:00:00"
"28205","811","2","20","2013-01-10 00:00:00","2013-01-21 00:00:00","2013-01-11 00:00:00","2013-01-21 00:00:00","3.5000","87.5000","87.5000","2013-01-20 23:00:00"
"28205","811","6","50","2013-01-10 00:00:00","2013-01-21 00:00:00","2013-01-11 00:00:00","2013-01-21 00:00:00","3.0000","36.7500","36.7500","2013-01-20 23:00:00"
"28206","812","1","10","2013-01-10 00:00:00","2013-01-21 00:00:00","2013-01-11 00:00:00","2013-01-21 00:00:00","4.1000","92.2500","92.2500","2013-01-20 23:00:00"
"28206","812","2","20","2013-01-10 00:00:00","2013-01-21 00:00:00","2013-01-11 00:00:00","2013-01-21 00:00:00","3.5000","87.5000","87.5000","2013-01-20 23:00:00"
"28206","812","6","50","2013-01-10 00:00:00","2013-01-21 00:00:00","2013-01-11 00:00:00","2013-01-21 00:00:00","3.0000","36.7500","36.7500","2013-01-20 23:00:00"
"28207","813","1","10","2013-01-10 00:00:00","2013-01-21 00:00:00","2013-01-11 00:00:00","2013-01-21 00:00:00","4.1000","92.2500","92.2500","2013-01-20 23:00:00"
"28207","813","2","20","2013-01-10 00:00:00","2013-01-21 00:00:00","2013-01-11 00:00:00","2013-01-21 00:00:00","3.5000","87.5000","87.5000","2013-01-20 23:00:00"
"28207","813","6","50","2013-01-10 00:00:00","2013-01-21 00:00:00","2013-01-11 00:00:00","2013-01-21 00:00:00","3.0000","36.7500","36.7500","2013-01-20 23:00:00"
"28208","816","6","50","2013-01-10 00:00:00","2013-01-21 00:00:00","2013-01-11 00:00:00","2013-01-21 00:00:00","3.0000","36.7500","36.7500","2013-01-20 23:00:00"
"28209","818","6","50","2013-01-10 00:00:00","2013-01-21 00:00:00","2013-01-11 00:00:00","2013-01-21 00:00:00","3.0000","36.7500","36.7500","2013-01-20 23:00:00"
"28210","819","6","50","2013-01-10 00:00:00","2013-01-21 00:00:00","2013-01-11 00:00:00","2013-01-21 00:00:00","3.0000","36.7500","36.7500","2013-01-20 23:00:00"
"28211","820","6","50","2013-01-10 00:00:00","2013-01-21 00:00:00","2013-01-11 00:00:00","2013-01-21 00:00:00","3.0000","36.7500","36.7500","2013-01-20 23:00:00"
"28212","824","6","50","2013-01-10 00:00:00","2013-01-21 00:00:00","2013-01-11 00:00:00","2013-01-21 00:00:00","3.0000","36.7500","36.7500","2013-01-20 23:00:00"
"28213","826","6","50","2013-01-10 00:00:00","2013-01-21 00:00:00","2013-01-11 00:00:00","2013-01-21 00:00:00","3.0000","36.7500","36.7500","2013-01-20 23:00:00"
"28214","827","6","50","2013-01-10 00:00:00","2013-01-21 00:00:00","2013-01-11 00:00:00","2013-01-21 00:00:00","3.0000","36.7500","36.7500","2013-01-20 23:00:00"
"28215","828","6","50","2013-01-10 00:00:00","2013-01-21 00:00:00","2013-01-11 00:00:00","2013-01-21 00:00:00","3.0000","36.7500","36.7500","2013-01-20 23:00:00"
"28219","894","6","50","2013-01-10 00:00:00","2013-01-21 00:00:00","2013-01-11 00:00:00","2013-01-21 00:00:00","3.0000","36.7500","36.7500","2013-01-20 23:00:00"
"28220","945","1","10","2013-01-10 00:00:00","2013-01-21 00:00:00","2013-01-11 00:00:00","2013-01-21 00:00:00","4.1000","92.2500","92.2500","2013-01-20 23:00:00"
"28220","945","6","50","2013-01-10 00:00:00","2013-01-21 00:00:00","2013-01-11 00:00:00","2013-01-21 00:00:00","3.0000","36.7500","36.7500","2013-01-20 23:00:00"
"28221","950","6","50","2013-01-10 00:00:00","2013-01-21 00:00:00","2013-01-11 00:00:00","2013-01-21 00:00:00","3.0000","36.7500","36.7500","2013-01-20 23:00:00"
"28222","994","6","50","2013-01-10 00:00:00","2013-01-21 00:00:00","2013-01-11 00:00:00","2013-01-21 00:00:00","3.0000","36.7500","36.7500","2013-01-20 23:00:00"
"28223","995","6","50","2013-01-10 00:00:00","2013-01-21 00:00:00","2013-01-11 00:00:00","2013-01-21 00:00:00","3.0000","36.7500","36.7500","2013-01-20 23:00:00"
"28224","996","6","50","2013-01-10 00:00:00","2013-01-21 00:00:00","2013-01-11 00:00:00","2013-01-21 00:00:00","3.0000","36.7500","36.7500","2013-01-20 23:00:00"
"28238","802","1","10","2013-01-10 00:00:00","2013-01-21 00:00:00","2013-01-11 00:00:00","2013-01-21 00:00:00","4.1000","92.2500","92.2500","2013-01-20 23:00:00"
"28238","802","6","50","2013-01-10 00:00:00","2013-01-21 00:00:00","2013-01-11 00:00:00","2013-01-21 00:00:00","3.0000","36.7500","36.7500","2013-01-20 23:00:00"
"28239","803","1","10","2013-01-10 00:00:00","2013-01-21 00:00:00","2013-01-11 00:00:00","2013-01-21 00:00:00","4.1000","92.2500","92.2500","2013-01-20 23:00:00"
"28239","803","6","50","2013-01-10 00:00:00","2013-01-21 00:00:00","2013-01-11 00:00:00","2013-01-21 00:00:00","3.0000","36.7500","36.7500","2013-01-20 23:00:00"
"28240","804","1","10","2013-01-10 00:00:00","2013-01-21 00:00:00","2013-01-11 00:00:00","2013-01-21 00:00:00","4.1000","92.2500","92.2500","2013-01-20 23:00:00"
"28240","804","6","50","2013-01-10 00:00:00","2013-01-21 00:00:00","2013-01-11 00:00:00","2013-01-21 00:00:00","3.0000","36.7500","36.7500","2013-01-20 23:00:00"
"28245","765","7","60","2013-01-11 00:00:00","2013-01-22 00:00:00","2013-01-11 00:00:00","2013-02-04 00:00:00","4.0000","49.0000","49.0000","2013-02-03 23:00:00"
"28246","770","7","60","2013-01-11 00:00:00","2013-01-22 00:00:00","2013-01-11 00:00:00","2013-02-04 00:00:00","4.0000","49.0000","49.0000","2013-02-03 23:00:00"
"28247","781","7","60","2013-01-11 00:00:00","2013-01-22 00:00:00","2013-01-11 00:00:00","2013-02-04 00:00:00","4.0000","49.0000","49.0000","2013-02-03 23:00:00"
"28248","783","7","60","2013-01-11 00:00:00","2013-01-22 00:00:00","2013-01-11 00:00:00","2013-02-04 00:00:00","4.0000","49.0000","49.0000","2013-02-03 23:00:00"
"28249","784","7","60","2013-01-11 00:00:00","2013-01-22 00:00:00","2013-01-11 00:00:00","2013-02-04 00:00:00","4.0000","49.0000","49.0000","2013-02-03 23:00:00"
"28250","789","7","60","2013-01-11 00:00:00","2013-01-22 00:00:00","2013-01-11 00:00:00","2013-02-04 00:00:00","4.0000","49.0000","49.0000","2013-02-03 23:00:00"
"28251","516","6","50","2013-01-11 00:00:00","2013-01-22 00:00:00","2013-01-11 00:00:00","2013-02-04 00:00:00","3.0000","36.7500","36.7500","2013-02-03 23:00:00"
"28251","516","7","60","2013-01-11 00:00:00","2013-01-22 00:00:00","2013-01-11 00:00:00","2013-02-04 00:00:00","4.0000","49.0000","49.0000","2013-02-03 23:00:00"
"28252","517","6","50","2013-01-11 00:00:00","2013-01-22 00:00:00","2013-01-11 00:00:00","2013-02-04 00:00:00","3.0000","36.7500","36.7500","2013-02-03 23:00:00"
"28252","517","7","60","2013-01-11 00:00:00","2013-01-22 00:00:00","2013-01-11 00:00:00","2013-02-04 00:00:00","4.0000","49.0000","49.0000","2013-02-03 23:00:00"
"28253","519","6","50","2013-01-11 00:00:00","2013-01-22 00:00:00","2013-01-11 00:00:00","2013-02-04 00:00:00","3.0000","36.7500","36.7500","2013-02-03 23:00:00"
"28253","519","7","60","2013-01-11 00:00:00","2013-01-22 00:00:00","2013-01-11 00:00:00","2013-02-04 00:00:00","4.0000","49.0000","49.0000","2013-02-03 23:00:00"
"28260","806","6","50","2013-01-11 00:00:00","2013-01-22 00:00:00","2013-01-11 00:00:00","2013-02-04 00:00:00","3.0000","36.7500","36.7500","2013-02-03 23:00:00"
"28261","810","1","10","2013-01-11 00:00:00","2013-01-22 00:00:00","2013-01-11 00:00:00","2013-02-04 00:00:00","4.1000","92.2500","92.2500","2013-02-03 23:00:00"
"28261","810","2","20","2013-01-11 00:00:00","2013-01-22 00:00:00","2013-01-11 00:00:00","2013-02-04 00:00:00","3.5000","87.5000","87.5000","2013-02-03 23:00:00"
"28261","810","6","50","2013-01-11 00:00:00","2013-01-22 00:00:00","2013-01-11 00:00:00","2013-02-04 00:00:00","3.0000","36.7500","36.7500","2013-02-03 23:00:00"
"28262","811","1","10","2013-01-11 00:00:00","2013-01-22 00:00:00","2013-01-11 00:00:00","2013-02-04 00:00:00","4.1000","92.2500","92.2500","2013-02-03 23:00:00"
"28262","811","2","20","2013-01-11 00:00:00","2013-01-22 00:00:00","2013-01-11 00:00:00","2013-02-04 00:00:00","3.5000","87.5000","87.5000","2013-02-03 23:00:00"
"28262","811","6","50","2013-01-11 00:00:00","2013-01-22 00:00:00","2013-01-11 00:00:00","2013-02-04 00:00:00","3.0000","36.7500","36.7500","2013-02-03 23:00:00"
"28263","813","1","10","2013-01-11 00:00:00","2013-01-22 00:00:00","2013-01-11 00:00:00","2013-02-04 00:00:00","4.1000","92.2500","92.2500","2013-02-03 23:00:00"
"28263","813","2","20","2013-01-11 00:00:00","2013-01-22 00:00:00","2013-01-11 00:00:00","2013-02-04 00:00:00","3.5000","87.5000","87.5000","2013-02-03 23:00:00"
"28263","813","6","50","2013-01-11 00:00:00","2013-01-22 00:00:00","2013-01-11 00:00:00","2013-02-04 00:00:00","3.0000","36.7500","36.7500","2013-02-03 23:00:00"
"28264","816","6","50","2013-01-11 00:00:00","2013-01-22 00:00:00","2013-01-11 00:00:00","2013-02-04 00:00:00","3.0000","36.7500","36.7500","2013-02-03 23:00:00"
"28265","818","6","50","2013-01-11 00:00:00","2013-01-22 00:00:00","2013-01-11 00:00:00","2013-02-04 00:00:00","3.0000","36.7500","36.7500","2013-02-03 23:00:00"
"28266","820","6","50","2013-01-11 00:00:00","2013-01-22 00:00:00","2013-01-11 00:00:00","2013-02-04 00:00:00","3.0000","36.7500","36.7500","2013-02-03 23:00:00"
"28267","824","6","50","2013-01-11 00:00:00","2013-01-22 00:00:00","2013-01-11 00:00:00","2013-02-04 00:00:00","3.0000","36.7500","36.7500","2013-02-03 23:00:00"
"28268","826","6","50","2013-01-11 00:00:00","2013-01-22 00:00:00","2013-01-11 00:00:00","2013-02-04 00:00:00","3.0000","36.7500","36.7500","2013-02-03 23:00:00"
"28269","828","6","50","2013-01-11 00:00:00","2013-01-22 00:00:00","2013-01-11 00:00:00","2013-02-04 00:00:00","3.0000","36.7500","36.7500","2013-02-03 23:00:00"
"28270","894","6","50","2013-01-11 00:00:00","2013-01-22 00:00:00","2013-01-11 00:00:00","2013-02-04 00:00:00","3.0000","36.7500","36.7500","2013-02-03 23:00:00"
"28271","945","1","10","2013-01-11 00:00:00","2013-01-22 00:00:00","2013-01-11 00:00:00","2013-02-04 00:00:00","4.1000","92.2500","92.2500","2013-02-03 23:00:00"
"28271","945","6","50","2013-01-11 00:00:00","2013-01-22 00:00:00","2013-01-11 00:00:00","2013-02-04 00:00:00","3.0000","36.7500","36.7500","2013-02-03 23:00:00"
"28272","950","6","50","2013-01-11 00:00:00","2013-01-22 00:00:00","2013-01-11 00:00:00","2013-02-04 00:00:00","3.0000","36.7500","36.7500","2013-02-03 23:00:00"
"28273","994","6","50","2013-01-11 00:00:00","2013-01-22 00:00:00","2013-01-11 00:00:00","2013-02-04 00:00:00","3.0000","36.7500","36.7500","2013-02-03 23:00:00"
"28274","995","6","50","2013-01-11 00:00:00","2013-01-22 00:00:00","2013-01-11 00:00:00","2013-02-04 00:00:00","3.0000","36.7500","36.7500","2013-02-03 23:00:00"
"28275","996","6","50","2013-01-11 00:00:00","2013-01-22 00:00:00","2013-01-11 00:00:00","2013-02-04 00:00:00","3.0000","36.7500","36.7500","2013-02-03 23:00:00"
"28289","802","1","10","2013-01-11 00:00:00","2013-01-22 00:00:00","2013-01-11 00:00:00","2013-02-04 00:00:00","4.1000","92.2500","92.2500","2013-02-03 23:00:00"
"28289","802","6","50","2013-01-11 00:00:00","2013-01-22 00:00:00","2013-01-11 00:00:00","2013-02-04 00:00:00","3.0000","36.7500","36.7500","2013-02-03 23:00:00"
"28290","804","1","10","2013-01-11 00:00:00","2013-01-22 00:00:00","2013-01-11 00:00:00","2013-02-04 00:00:00","4.1000","92.2500","92.2500","2013-02-03 23:00:00"
"28290","804","6","50","2013-01-11 00:00:00","2013-01-22 00:00:00","2013-01-11 00:00:00","2013-02-04 00:00:00","3.0000","36.7500","36.7500","2013-02-03 23:00:00"
"28295","779","7","60","2013-01-12 00:00:00","2013-01-23 00:00:00","2013-01-15 00:00:00","2013-01-23 00:00:00","4.0000","49.0000","49.0000","2013-01-22 23:00:00"
"28296","780","7","60","2013-01-12 00:00:00","2013-01-23 00:00:00","2013-01-15 00:00:00","2013-01-23 00:00:00","4.0000","49.0000","49.0000","2013-01-22 23:00:00"
"28297","784","7","60","2013-01-12 00:00:00","2013-01-23 00:00:00","2013-01-15 00:00:00","2013-01-23 00:00:00","4.0000","49.0000","49.0000","2013-01-22 23:00:00"
"28298","789","7","60","2013-01-12 00:00:00","2013-01-23 00:00:00","2013-01-15 00:00:00","2013-01-23 00:00:00","4.0000","49.0000","49.0000","2013-01-22 23:00:00"
"28299","793","7","60","2013-01-12 00:00:00","2013-01-23 00:00:00","2013-01-15 00:00:00","2013-01-23 00:00:00","4.0000","49.0000","49.0000","2013-01-22 23:00:00"
"28300","516","6","50","2013-01-12 00:00:00","2013-01-23 00:00:00","2013-01-15 00:00:00","2013-01-23 00:00:00","3.0000","36.7500","36.7500","2013-01-22 23:00:00"
"28300","516","7","60","2013-01-12 00:00:00","2013-01-23 00:00:00","2013-01-15 00:00:00","2013-01-23 00:00:00","4.0000","49.0000","49.0000","2013-01-22 23:00:00"
"28301","519","6","50","2013-01-12 00:00:00","2013-01-23 00:00:00","2013-01-15 00:00:00","2013-01-23 00:00:00","3.0000","36.7500","36.7500","2013-01-22 23:00:00"
"28301","519","7","60","2013-01-12 00:00:00","2013-01-23 00:00:00","2013-01-15 00:00:00","2013-01-23 00:00:00","4.0000","49.0000","49.0000","2013-01-22 23:00:00"
"28305","748","1","10","2013-01-12 00:00:00","2013-01-23 00:00:00","2013-01-15 00:00:00","2013-01-23 00:00:00","4.1000","92.2500","92.2500","2013-01-22 23:00:00"
"28305","748","2","20","2013-01-12 00:00:00","2013-01-23 00:00:00","2013-01-15 00:00:00","2013-01-23 00:00:00","3.5000","87.5000","87.5000","2013-01-22 23:00:00"
"28305","748","3","30","2013-01-12 00:00:00","2013-01-23 00:00:00","2013-01-15 00:00:00","2013-01-23 00:00:00","1.0000","14.5000","14.5000","2013-01-22 23:00:00"
"28305","748","5","45","2013-01-12 00:00:00","2013-01-23 00:00:00","2013-01-15 00:00:00","2013-01-23 00:00:00","2.0000","36.0000","36.0000","2013-01-22 23:00:00"
"28305","748","6","50","2013-01-12 00:00:00","2013-01-23 00:00:00","2013-01-15 00:00:00","2013-01-23 00:00:00","3.0000","36.7500","36.7500","2013-01-22 23:00:00"
"28305","748","7","60","2013-01-12 00:00:00","2013-01-23 00:00:00","2013-01-15 00:00:00","2013-01-23 00:00:00","4.0000","49.0000","49.0000","2013-01-22 23:00:00"
"28306","806","6","50","2013-01-12 00:00:00","2013-01-23 00:00:00","2013-01-15 00:00:00","2013-01-23 00:00:00","3.0000","36.7500","36.7500","2013-01-22 23:00:00"
"28307","810","1","10","2013-01-12 00:00:00","2013-01-23 00:00:00","2013-01-15 00:00:00","2013-01-23 00:00:00","4.1000","92.2500","92.2500","2013-01-22 23:00:00"
"28307","810","2","20","2013-01-12 00:00:00","2013-01-23 00:00:00","2013-01-15 00:00:00","2013-01-23 00:00:00","3.5000","87.5000","87.5000","2013-01-22 23:00:00"
"28307","810","6","50","2013-01-12 00:00:00","2013-01-23 00:00:00","2013-01-15 00:00:00","2013-01-23 00:00:00","3.0000","36.7500","36.7500","2013-01-22 23:00:00"
"28308","813","1","10","2013-01-12 00:00:00","2013-01-23 00:00:00","2013-01-15 00:00:00","2013-01-23 00:00:00","4.1000","92.2500","92.2500","2013-01-22 23:00:00"
"28308","813","2","20","2013-01-12 00:00:00","2013-01-23 00:00:00","2013-01-15 00:00:00","2013-01-23 00:00:00","3.5000","87.5000","87.5000","2013-01-22 23:00:00"
"28308","813","6","50","2013-01-12 00:00:00","2013-01-23 00:00:00","2013-01-15 00:00:00","2013-01-23 00:00:00","3.0000","36.7500","36.7500","2013-01-22 23:00:00"
"28309","816","6","50","2013-01-12 00:00:00","2013-01-23 00:00:00","2013-01-15 00:00:00","2013-01-23 00:00:00","3.0000","36.7500","36.7500","2013-01-22 23:00:00"
"28310","820","6","50","2013-01-12 00:00:00","2013-01-23 00:00:00","2013-01-15 00:00:00","2013-01-23 00:00:00","3.0000","36.7500","36.7500","2013-01-22 23:00:00"
"28311","824","6","50","2013-01-12 00:00:00","2013-01-23 00:00:00","2013-01-15 00:00:00","2013-01-23 00:00:00","3.0000","36.7500","36.7500","2013-01-22 23:00:00"
"28312","828","6","50","2013-01-12 00:00:00","2013-01-23 00:00:00","2013-01-15 00:00:00","2013-01-23 00:00:00","3.0000","36.7500","36.7500","2013-01-22 23:00:00"
"28314","894","6","50","2013-01-12 00:00:00","2013-01-23 00:00:00","2013-01-15 00:00:00","2013-01-23 00:00:00","3.0000","36.7500","36.7500","2013-01-22 23:00:00"
"28315","945","1","10","2013-01-12 00:00:00","2013-01-23 00:00:00","2013-01-15 00:00:00","2013-01-23 00:00:00","4.1000","92.2500","92.2500","2013-01-22 23:00:00"
"28315","945","6","50","2013-01-12 00:00:00","2013-01-23 00:00:00","2013-01-15 00:00:00","2013-01-23 00:00:00","3.0000","36.7500","36.7500","2013-01-22 23:00:00"
"28316","950","6","50","2013-01-12 00:00:00","2013-01-23 00:00:00","2013-01-15 00:00:00","2013-01-23 00:00:00","3.0000","36.7500","36.7500","2013-01-22 23:00:00"
"28317","995","6","50","2013-01-12 00:00:00","2013-01-23 00:00:00","2013-01-15 00:00:00","2013-01-23 00:00:00","3.0000","36.7500","36.7500","2013-01-22 23:00:00"
"28318","996","6","50","2013-01-12 00:00:00","2013-01-23 00:00:00","2013-01-15 00:00:00","2013-01-23 00:00:00","3.0000","36.7500","36.7500","2013-01-22 23:00:00"
"28331","804","1","10","2013-01-12 00:00:00","2013-01-23 00:00:00","2013-01-15 00:00:00","2013-01-23 00:00:00","4.1000","92.2500","92.2500","2013-01-22 23:00:00"
"28331","804","6","50","2013-01-12 00:00:00","2013-01-23 00:00:00","2013-01-15 00:00:00","2013-01-23 00:00:00","3.0000","36.7500","36.7500","2013-01-22 23:00:00"
"28336","779","7","60","2013-01-13 00:00:00","2013-01-24 00:00:00","2013-01-13 00:00:00","2013-02-08 00:00:00","4.0000","49.0000","49.0000","2013-02-07 23:00:00"
"28337","782","7","60","2013-01-13 00:00:00","2013-01-24 00:00:00","2013-01-13 00:00:00","2013-02-08 00:00:00","4.0000","49.0000","49.0000","2013-02-07 23:00:00"
"28338","784","7","60","2013-01-13 00:00:00","2013-01-24 00:00:00","2013-01-13 00:00:00","2013-02-08 00:00:00","4.0000","49.0000","49.0000","2013-02-07 23:00:00"
"28339","796","7","60","2013-01-13 00:00:00","2013-01-24 00:00:00","2013-01-13 00:00:00","2013-02-08 00:00:00","4.0000","49.0000","49.0000","2013-02-07 23:00:00"
"28340","516","6","50","2013-01-13 00:00:00","2013-01-24 00:00:00","2013-01-13 00:00:00","2013-02-08 00:00:00","3.0000","36.7500","36.7500","2013-02-07 23:00:00"
"28340","516","7","60","2013-01-13 00:00:00","2013-01-24 00:00:00","2013-01-13 00:00:00","2013-02-08 00:00:00","4.0000","49.0000","49.0000","2013-02-07 23:00:00"
"28341","519","6","50","2013-01-13 00:00:00","2013-01-24 00:00:00","2013-01-13 00:00:00","2013-02-08 00:00:00","3.0000","36.7500","36.7500","2013-02-07 23:00:00"
"28341","519","7","60","2013-01-13 00:00:00","2013-01-24 00:00:00","2013-01-13 00:00:00","2013-02-08 00:00:00","4.0000","49.0000","49.0000","2013-02-07 23:00:00"
"28344","747","1","10","2013-01-13 00:00:00","2013-01-24 00:00:00","2013-01-13 00:00:00","2013-02-08 00:00:00","4.1000","92.2500","92.2500","2013-02-07 23:00:00"
"28344","747","2","20","2013-01-13 00:00:00","2013-01-24 00:00:00","2013-01-13 00:00:00","2013-02-08 00:00:00","3.5000","87.5000","87.5000","2013-02-07 23:00:00"
"28344","747","3","30","2013-01-13 00:00:00","2013-01-24 00:00:00","2013-01-13 00:00:00","2013-02-08 00:00:00","1.0000","14.5000","14.5000","2013-02-07 23:00:00"
"28344","747","4","40","2013-01-13 00:00:00","2013-01-24 00:00:00","2013-01-13 00:00:00","2013-02-08 00:00:00","2.0000","31.5000","31.5000","2013-02-07 23:00:00"
"28344","747","6","50","2013-01-13 00:00:00","2013-01-24 00:00:00","2013-01-13 00:00:00","2013-02-08 00:00:00","3.0000","36.7500","36.7500","2013-02-07 23:00:00"
"28344","747","7","60","2013-01-13 00:00:00","2013-01-24 00:00:00","2013-01-13 00:00:00","2013-02-08 00:00:00","4.0000","49.0000","49.0000","2013-02-07 23:00:00"
"28345","748","1","10","2013-01-13 00:00:00","2013-01-24 00:00:00","2013-01-13 00:00:00","2013-02-08 00:00:00","4.1000","92.2500","92.2500","2013-02-07 23:00:00"
"28345","748","2","20","2013-01-13 00:00:00","2013-01-24 00:00:00","2013-01-13 00:00:00","2013-02-08 00:00:00","3.5000","87.5000","87.5000","2013-02-07 23:00:00"
"28345","748","3","30","2013-01-13 00:00:00","2013-01-24 00:00:00","2013-01-13 00:00:00","2013-02-08 00:00:00","1.0000","14.5000","14.5000","2013-02-07 23:00:00"
"28345","748","5","45","2013-01-13 00:00:00","2013-01-24 00:00:00","2013-01-13 00:00:00","2013-02-08 00:00:00","2.0000","36.0000","36.0000","2013-02-07 23:00:00"
"28345","748","6","50","2013-01-13 00:00:00","2013-01-24 00:00:00","2013-01-13 00:00:00","2013-02-08 00:00:00","3.0000","36.7500","36.7500","2013-02-07 23:00:00"
"28345","748","7","60","2013-01-13 00:00:00","2013-01-24 00:00:00","2013-01-13 00:00:00","2013-02-08 00:00:00","4.0000","49.0000","49.0000","2013-02-07 23:00:00"
"28346","806","6","50","2013-01-13 00:00:00","2013-01-24 00:00:00","2013-01-13 00:00:00","2013-02-08 00:00:00","3.0000","36.7500","36.7500","2013-02-07 23:00:00"
"28347","810","1","10","2013-01-13 00:00:00","2013-01-24 00:00:00","2013-01-13 00:00:00","2013-02-08 00:00:00","4.1000","92.2500","92.2500","2013-02-07 23:00:00"
"28347","810","2","20","2013-01-13 00:00:00","2013-01-24 00:00:00","2013-01-13 00:00:00","2013-02-08 00:00:00","3.5000","87.5000","87.5000","2013-02-07 23:00:00"
"28347","810","6","50","2013-01-13 00:00:00","2013-01-24 00:00:00","2013-01-13 00:00:00","2013-02-08 00:00:00","3.0000","36.7500","36.7500","2013-02-07 23:00:00"
"28348","813","1","10","2013-01-13 00:00:00","2013-01-24 00:00:00","2013-01-13 00:00:00","2013-02-08 00:00:00","4.1000","92.2500","92.2500","2013-02-07 23:00:00"
"28348","813","2","20","2013-01-13 00:00:00","2013-01-24 00:00:00","2013-01-13 00:00:00","2013-02-08 00:00:00","3.5000","87.5000","87.5000","2013-02-07 23:00:00"
"28348","813","6","50","2013-01-13 00:00:00","2013-01-24 00:00:00","2013-01-13 00:00:00","2013-02-08 00:00:00","3.0000","36.7500","36.7500","2013-02-07 23:00:00"
"28349","816","6","50","2013-01-13 00:00:00","2013-01-24 00:00:00","2013-01-13 00:00:00","2013-02-08 00:00:00","3.0000","36.7500","36.7500","2013-02-07 23:00:00"
"28350","820","6","50","2013-01-13 00:00:00","2013-01-24 00:00:00","2013-01-13 00:00:00","2013-02-08 00:00:00","3.0000","36.7500","36.7500","2013-02-07 23:00:00"
"28351","824","6","50","2013-01-13 00:00:00","2013-01-24 00:00:00","2013-01-13 00:00:00","2013-02-08 00:00:00","3.0000","36.7500","36.7500","2013-02-07 23:00:00"
"28352","828","6","50","2013-01-13 00:00:00","2013-01-24 00:00:00","2013-01-13 00:00:00","2013-02-08 00:00:00","3.0000","36.7500","36.7500","2013-02-07 23:00:00"
"28353","894","6","50","2013-01-13 00:00:00","2013-01-24 00:00:00","2013-01-13 00:00:00","2013-02-08 00:00:00","3.0000","36.7500","36.7500","2013-02-07 23:00:00"
"28354","945","1","10","2013-01-13 00:00:00","2013-01-24 00:00:00","2013-01-13 00:00:00","2013-02-08 00:00:00","4.1000","92.2500","92.2500","2013-02-07 23:00:00"
"28354","945","6","50","2013-01-13 00:00:00","2013-01-24 00:00:00","2013-01-13 00:00:00","2013-02-08 00:00:00","3.0000","36.7500","36.7500","2013-02-07 23:00:00"
"28355","950","6","50","2013-01-13 00:00:00","2013-01-24 00:00:00","2013-01-13 00:00:00","2013-02-08 00:00:00","3.0000","36.7500","36.7500","2013-02-07 23:00:00"
"28356","995","6","50","2013-01-13 00:00:00","2013-01-24 00:00:00","2013-01-13 00:00:00","2013-02-08 00:00:00","3.0000","36.7500","36.7500","2013-02-07 23:00:00"
"28357","996","6","50","2013-01-13 00:00:00","2013-01-24 00:00:00","2013-01-13 00:00:00","2013-02-08 00:00:00","3.0000","36.7500","36.7500","2013-02-07 23:00:00"
"28370","804","1","10","2013-01-13 00:00:00","2013-01-24 00:00:00","2013-01-13 00:00:00","2013-02-08 00:00:00","4.1000","92.2500","92.2500","2013-02-07 23:00:00"
"28370","804","6","50","2013-01-13 00:00:00","2013-01-24 00:00:00","2013-01-13 00:00:00","2013-02-08 00:00:00","3.0000","36.7500","36.7500","2013-02-07 23:00:00"
"28375","764","7","60","2013-01-14 00:00:00","2013-01-25 00:00:00","2013-01-19 00:00:00","2013-01-25 00:00:00","4.0000","49.0000","49.0000","2013-01-24 23:00:00"
"28376","770","7","60","2013-01-14 00:00:00","2013-01-25 00:00:00","2013-01-19 00:00:00","2013-01-25 00:00:00","4.0000","49.0000","49.0000","2013-01-24 23:00:00"
"28377","779","7","60","2013-01-14 00:00:00","2013-01-25 00:00:00","2013-01-19 00:00:00","2013-01-25 00:00:00","4.0000","49.0000","49.0000","2013-01-24 23:00:00"
"28378","780","7","60","2013-01-14 00:00:00","2013-01-25 00:00:00","2013-01-19 00:00:00","2013-01-25 00:00:00","4.0000","49.0000","49.0000","2013-01-24 23:00:00"
"28379","781","7","60","2013-01-14 00:00:00","2013-01-25 00:00:00","2013-01-19 00:00:00","2013-01-25 00:00:00","4.0000","49.0000","49.0000","2013-01-24 23:00:00"
"28380","784","7","60","2013-01-14 00:00:00","2013-01-25 00:00:00","2013-01-19 00:00:00","2013-01-25 00:00:00","4.0000","49.0000","49.0000","2013-01-24 23:00:00"
"28381","789","7","60","2013-01-14 00:00:00","2013-01-25 00:00:00","2013-01-19 00:00:00","2013-01-25 00:00:00","4.0000","49.0000","49.0000","2013-01-24 23:00:00"
"28382","794","7","60","2013-01-14 00:00:00","2013-01-25 00:00:00","2013-01-19 00:00:00","2013-01-25 00:00:00","4.0000","49.0000","49.0000","2013-01-24 23:00:00"
"28383","516","6","50","2013-01-14 00:00:00","2013-01-25 00:00:00","2013-01-19 00:00:00","2013-01-25 00:00:00","3.0000","36.7500","36.7500","2013-01-24 23:00:00"
"28383","516","7","60","2013-01-14 00:00:00","2013-01-25 00:00:00","2013-01-19 00:00:00","2013-01-25 00:00:00","4.0000","49.0000","49.0000","2013-01-24 23:00:00"
"28384","517","6","50","2013-01-14 00:00:00","2013-01-25 00:00:00","2013-01-19 00:00:00","2013-01-25 00:00:00","3.0000","36.7500","36.7500","2013-01-24 23:00:00"
"28384","517","7","60","2013-01-14 00:00:00","2013-01-25 00:00:00","2013-01-19 00:00:00","2013-01-25 00:00:00","4.0000","49.0000","49.0000","2013-01-24 23:00:00"
"28385","519","6","50","2013-01-14 00:00:00","2013-01-25 00:00:00","2013-01-19 00:00:00","2013-01-25 00:00:00","3.0000","36.7500","36.7500","2013-01-24 23:00:00"
"28385","519","7","60","2013-01-14 00:00:00","2013-01-25 00:00:00","2013-01-19 00:00:00","2013-01-25 00:00:00","4.0000","49.0000","49.0000","2013-01-24 23:00:00"
"28392","748","1","10","2013-01-14 00:00:00","2013-01-25 00:00:00","2013-01-19 00:00:00","2013-01-25 00:00:00","4.1000","92.2500","92.2500","2013-01-24 23:00:00"
"28392","748","2","20","2013-01-14 00:00:00","2013-01-25 00:00:00","2013-01-19 00:00:00","2013-01-25 00:00:00","3.5000","87.5000","87.5000","2013-01-24 23:00:00"
"28392","748","3","30","2013-01-14 00:00:00","2013-01-25 00:00:00","2013-01-19 00:00:00","2013-01-25 00:00:00","1.0000","14.5000","14.5000","2013-01-24 23:00:00"
"28392","748","5","45","2013-01-14 00:00:00","2013-01-25 00:00:00","2013-01-19 00:00:00","2013-01-25 00:00:00","2.0000","36.0000","36.0000","2013-01-24 23:00:00"
"28392","748","6","50","2013-01-14 00:00:00","2013-01-25 00:00:00","2013-01-19 00:00:00","2013-01-25 00:00:00","3.0000","36.7500","36.7500","2013-01-24 23:00:00"
"28392","748","7","60","2013-01-14 00:00:00","2013-01-25 00:00:00","2013-01-19 00:00:00","2013-01-25 00:00:00","4.0000","49.0000","49.0000","2013-01-24 23:00:00"
"28393","806","6","50","2013-01-14 00:00:00","2013-01-25 00:00:00","2013-01-19 00:00:00","2013-01-25 00:00:00","3.0000","36.7500","36.7500","2013-01-24 23:00:00"
"28394","810","1","10","2013-01-14 00:00:00","2013-01-25 00:00:00","2013-01-19 00:00:00","2013-01-25 00:00:00","4.1000","92.2500","92.2500","2013-01-24 23:00:00"
"28394","810","2","20","2013-01-14 00:00:00","2013-01-25 00:00:00","2013-01-19 00:00:00","2013-01-25 00:00:00","3.5000","87.5000","87.5000","2013-01-24 23:00:00"
"28394","810","6","50","2013-01-14 00:00:00","2013-01-25 00:00:00","2013-01-19 00:00:00","2013-01-25 00:00:00","3.0000","36.7500","36.7500","2013-01-24 23:00:00"
"28395","811","1","10","2013-01-14 00:00:00","2013-01-25 00:00:00","2013-01-19 00:00:00","2013-01-25 00:00:00","4.1000","92.2500","92.2500","2013-01-24 23:00:00"
"28395","811","2","20","2013-01-14 00:00:00","2013-01-25 00:00:00","2013-01-19 00:00:00","2013-01-25 00:00:00","3.5000","87.5000","87.5000","2013-01-24 23:00:00"
"28395","811","6","50","2013-01-14 00:00:00","2013-01-25 00:00:00","2013-01-19 00:00:00","2013-01-25 00:00:00","3.0000","36.7500","36.7500","2013-01-24 23:00:00"
"28396","813","1","10","2013-01-14 00:00:00","2013-01-25 00:00:00","2013-01-19 00:00:00","2013-01-25 00:00:00","4.1000","92.2500","92.2500","2013-01-24 23:00:00"
"28396","813","2","20","2013-01-14 00:00:00","2013-01-25 00:00:00","2013-01-19 00:00:00","2013-01-25 00:00:00","3.5000","87.5000","87.5000","2013-01-24 23:00:00"
"28396","813","6","50","2013-01-14 00:00:00","2013-01-25 00:00:00","2013-01-19 00:00:00","2013-01-25 00:00:00","3.0000","36.7500","36.7500","2013-01-24 23:00:00"
"28397","816","6","50","2013-01-14 00:00:00","2013-01-25 00:00:00","2013-01-19 00:00:00","2013-01-25 00:00:00","3.0000","36.7500","36.7500","2013-01-24 23:00:00"
"28398","818","6","50","2013-01-14 00:00:00","2013-01-25 00:00:00","2013-01-19 00:00:00","2013-01-25 00:00:00","3.0000","36.7500","36.7500","2013-01-24 23:00:00"
"28399","820","6","50","2013-01-14 00:00:00","2013-01-25 00:00:00","2013-01-19 00:00:00","2013-01-25 00:00:00","3.0000","36.7500","36.7500","2013-01-24 23:00:00"
"28400","824","6","50","2013-01-14 00:00:00","2013-01-25 00:00:00","2013-01-19 00:00:00","2013-01-25 00:00:00","3.0000","36.7500","36.7500","2013-01-24 23:00:00"
"28401","826","6","50","2013-01-14 00:00:00","2013-01-25 00:00:00","2013-01-19 00:00:00","2013-01-25 00:00:00","3.0000","36.7500","36.7500","2013-01-24 23:00:00"
"28402","828","6","50","2013-01-14 00:00:00","2013-01-25 00:00:00","2013-01-19 00:00:00","2013-01-25 00:00:00","3.0000","36.7500","36.7500","2013-01-24 23:00:00"
"28404","894","6","50","2013-01-14 00:00:00","2013-01-25 00:00:00","2013-01-19 00:00:00","2013-01-25 00:00:00","3.0000","36.7500","36.7500","2013-01-24 23:00:00"
"28405","945","1","10","2013-01-14 00:00:00","2013-01-25 00:00:00","2013-01-19 00:00:00","2013-01-25 00:00:00","4.1000","92.2500","92.2500","2013-01-24 23:00:00"
"28405","945","6","50","2013-01-14 00:00:00","2013-01-25 00:00:00","2013-01-19 00:00:00","2013-01-25 00:00:00","3.0000","36.7500","36.7500","2013-01-24 23:00:00"
"28406","950","6","50","2013-01-14 00:00:00","2013-01-25 00:00:00","2013-01-19 00:00:00","2013-01-25 00:00:00","3.0000","36.7500","36.7500","2013-01-24 23:00:00"
"28407","994","6","50","2013-01-14 00:00:00","2013-01-25 00:00:00","2013-01-19 00:00:00","2013-01-25 00:00:00","3.0000","36.7500","36.7500","2013-01-24 23:00:00"
"28408","995","6","50","2013-01-14 00:00:00","2013-01-25 00:00:00","2013-01-19 00:00:00","2013-01-25 00:00:00","3.0000","36.7500","36.7500","2013-01-24 23:00:00"
"28409","996","6","50","2013-01-14 00:00:00","2013-01-25 00:00:00","2013-01-19 00:00:00","2013-01-25 00:00:00","3.0000","36.7500","36.7500","2013-01-24 23:00:00"
"28423","802","1","10","2013-01-14 00:00:00","2013-01-25 00:00:00","2013-01-19 00:00:00","2013-01-25 00:00:00","4.1000","92.2500","92.2500","2013-01-24 23:00:00"
"28423","802","6","50","2013-01-14 00:00:00","2013-01-25 00:00:00","2013-01-19 00:00:00","2013-01-25 00:00:00","3.0000","36.7500","36.7500","2013-01-24 23:00:00"
"28424","804","1","10","2013-01-14 00:00:00","2013-01-25 00:00:00","2013-01-19 00:00:00","2013-01-25 00:00:00","4.1000","92.2500","92.2500","2013-01-24 23:00:00"
"28424","804","6","50","2013-01-14 00:00:00","2013-01-25 00:00:00","2013-01-19 00:00:00","2013-01-25 00:00:00","3.0000","36.7500","36.7500","2013-01-24 23:00:00"
"28429","781","7","60","2013-01-15 00:00:00","2013-01-26 00:00:00","2013-01-15 00:00:00","2013-02-12 00:00:00","4.0000","49.0000","49.0000","2013-02-11 23:00:00"
"28430","782","7","60","2013-01-15 00:00:00","2013-01-26 00:00:00","2013-01-15 00:00:00","2013-02-12 00:00:00","4.0000","49.0000","49.0000","2013-02-11 23:00:00"
"28431","784","7","60","2013-01-15 00:00:00","2013-01-26 00:00:00","2013-01-15 00:00:00","2013-02-12 00:00:00","4.0000","49.0000","49.0000","2013-02-11 23:00:00"
"28432","789","7","60","2013-01-15 00:00:00","2013-01-26 00:00:00","2013-01-15 00:00:00","2013-02-12 00:00:00","4.0000","49.0000","49.0000","2013-02-11 23:00:00"
"28433","790","7","60","2013-01-15 00:00:00","2013-01-26 00:00:00","2013-01-15 00:00:00","2013-02-12 00:00:00","4.0000","49.0000","49.0000","2013-02-11 23:00:00"
"28434","795","7","60","2013-01-15 00:00:00","2013-01-26 00:00:00","2013-01-15 00:00:00","2013-02-12 00:00:00","4.0000","49.0000","49.0000","2013-02-11 23:00:00"
"28435","798","7","60","2013-01-15 00:00:00","2013-01-26 00:00:00","2013-01-15 00:00:00","2013-02-12 00:00:00","4.0000","49.0000","49.0000","2013-02-11 23:00:00"
"28436","800","7","60","2013-01-15 00:00:00","2013-01-26 00:00:00","2013-01-15 00:00:00","2013-02-12 00:00:00","4.0000","49.0000","49.0000","2013-02-11 23:00:00"
"28437","801","7","60","2013-01-15 00:00:00","2013-01-26 00:00:00","2013-01-15 00:00:00","2013-02-12 00:00:00","4.0000","49.0000","49.0000","2013-02-11 23:00:00"
"28438","516","6","50","2013-01-15 00:00:00","2013-01-26 00:00:00","2013-01-15 00:00:00","2013-02-12 00:00:00","3.0000","36.7500","36.7500","2013-02-11 23:00:00"
"28438","516","7","60","2013-01-15 00:00:00","2013-01-26 00:00:00","2013-01-15 00:00:00","2013-02-12 00:00:00","4.0000","49.0000","49.0000","2013-02-11 23:00:00"
"28439","518","6","50","2013-01-15 00:00:00","2013-01-26 00:00:00","2013-01-15 00:00:00","2013-02-12 00:00:00","3.0000","36.7500","36.7500","2013-02-11 23:00:00"
"28439","518","7","60","2013-01-15 00:00:00","2013-01-26 00:00:00","2013-01-15 00:00:00","2013-02-12 00:00:00","4.0000","49.0000","49.0000","2013-02-11 23:00:00"
"28440","519","6","50","2013-01-15 00:00:00","2013-01-26 00:00:00","2013-01-15 00:00:00","2013-02-12 00:00:00","3.0000","36.7500","36.7500","2013-02-11 23:00:00"
"28440","519","7","60","2013-01-15 00:00:00","2013-01-26 00:00:00","2013-01-15 00:00:00","2013-02-12 00:00:00","4.0000","49.0000","49.0000","2013-02-11 23:00:00"
"28445","747","1","10","2013-01-15 00:00:00","2013-01-26 00:00:00","2013-01-15 00:00:00","2013-02-12 00:00:00","4.1000","92.2500","92.2500","2013-02-11 23:00:00"
"28445","747","2","20","2013-01-15 00:00:00","2013-01-26 00:00:00","2013-01-15 00:00:00","2013-02-12 00:00:00","3.5000","87.5000","87.5000","2013-02-11 23:00:00"
"28445","747","3","30","2013-01-15 00:00:00","2013-01-26 00:00:00","2013-01-15 00:00:00","2013-02-12 00:00:00","1.0000","14.5000","14.5000","2013-02-11 23:00:00"
"28445","747","4","40","2013-01-15 00:00:00","2013-01-26 00:00:00","2013-01-15 00:00:00","2013-02-12 00:00:00","2.0000","31.5000","31.5000","2013-02-11 23:00:00"
"28445","747","6","50","2013-01-15 00:00:00","2013-01-26 00:00:00","2013-01-15 00:00:00","2013-02-12 00:00:00","3.0000","36.7500","36.7500","2013-02-11 23:00:00"
"28445","747","7","60","2013-01-15 00:00:00","2013-01-26 00:00:00","2013-01-15 00:00:00","2013-02-12 00:00:00","4.0000","49.0000","49.0000","2013-02-11 23:00:00"
"28446","806","6","50","2013-01-15 00:00:00","2013-01-26 00:00:00","2013-01-15 00:00:00","2013-02-12 00:00:00","3.0000","36.7500","36.7500","2013-02-11 23:00:00"
"28447","810","1","10","2013-01-15 00:00:00","2013-01-26 00:00:00","2013-01-15 00:00:00","2013-02-12 00:00:00","4.1000","92.2500","92.2500","2013-02-11 23:00:00"
"28447","810","2","20","2013-01-15 00:00:00","2013-01-26 00:00:00","2013-01-15 00:00:00","2013-02-12 00:00:00","3.5000","87.5000","87.5000","2013-02-11 23:00:00"
"28447","810","6","50","2013-01-15 00:00:00","2013-01-26 00:00:00","2013-01-15 00:00:00","2013-02-12 00:00:00","3.0000","36.7500","36.7500","2013-02-11 23:00:00"
"28448","812","1","10","2013-01-15 00:00:00","2013-01-26 00:00:00","2013-01-15 00:00:00","2013-02-12 00:00:00","4.1000","92.2500","92.2500","2013-02-11 23:00:00"
"28448","812","2","20","2013-01-15 00:00:00","2013-01-26 00:00:00","2013-01-15 00:00:00","2013-02-12 00:00:00","3.5000","87.5000","87.5000","2013-02-11 23:00:00"
"28448","812","6","50","2013-01-15 00:00:00","2013-01-26 00:00:00","2013-01-15 00:00:00","2013-02-12 00:00:00","3.0000","36.7500","36.7500","2013-02-11 23:00:00"
"28449","813","1","10","2013-01-15 00:00:00","2013-01-26 00:00:00","2013-01-15 00:00:00","2013-02-12 00:00:00","4.1000","92.2500","92.2500","2013-02-11 23:00:00"
"28449","813","2","20","2013-01-15 00:00:00","2013-01-26 00:00:00","2013-01-15 00:00:00","2013-02-12 00:00:00","3.5000","87.5000","87.5000","2013-02-11 23:00:00"
"28449","813","6","50","2013-01-15 00:00:00","2013-01-26 00:00:00","2013-01-15 00:00:00","2013-02-12 00:00:00","3.0000","36.7500","36.7500","2013-02-11 23:00:00"
"28450","816","6","50","2013-01-15 00:00:00","2013-01-26 00:00:00","2013-01-15 00:00:00","2013-02-12 00:00:00","3.0000","36.7500","36.7500","2013-02-11 23:00:00"
"28451","819","6","50","2013-01-15 00:00:00","2013-01-26 00:00:00","2013-01-15 00:00:00","2013-02-12 00:00:00","3.0000","36.7500","36.7500","2013-02-11 23:00:00"
"28452","820","6","50","2013-01-15 00:00:00","2013-01-26 00:00:00","2013-01-15 00:00:00","2013-02-12 00:00:00","3.0000","36.7500","36.7500","2013-02-11 23:00:00"
"28453","824","6","50","2013-01-15 00:00:00","2013-01-26 00:00:00","2013-01-15 00:00:00","2013-02-12 00:00:00","3.0000","36.7500","36.7500","2013-02-11 23:00:00"
"28454","827","6","50","2013-01-15 00:00:00","2013-01-26 00:00:00","2013-01-15 00:00:00","2013-02-12 00:00:00","3.0000","36.7500","36.7500","2013-02-11 23:00:00"
"28455","828","6","50","2013-01-15 00:00:00","2013-01-26 00:00:00","2013-01-15 00:00:00","2013-02-12 00:00:00","3.0000","36.7500","36.7500","2013-02-11 23:00:00"
"28460","894","6","50","2013-01-15 00:00:00","2013-01-26 00:00:00","2013-01-15 00:00:00","2013-02-12 00:00:00","3.0000","36.7500","36.7500","2013-02-11 23:00:00"
"28461","945","1","10","2013-01-15 00:00:00","2013-01-26 00:00:00","2013-01-15 00:00:00","2013-02-12 00:00:00","4.1000","92.2500","92.2500","2013-02-11 23:00:00"
"28461","945","6","50","2013-01-15 00:00:00","2013-01-26 00:00:00","2013-01-15 00:00:00","2013-02-12 00:00:00","3.0000","36.7500","36.7500","2013-02-11 23:00:00"
"28462","950","6","50","2013-01-15 00:00:00","2013-01-26 00:00:00","2013-01-15 00:00:00","2013-02-12 00:00:00","3.0000","36.7500","36.7500","2013-02-11 23:00:00"
"28463","994","6","50","2013-01-15 00:00:00","2013-01-26 00:00:00","2013-01-15 00:00:00","2013-02-12 00:00:00","3.0000","36.7500","36.7500","2013-02-11 23:00:00"
"28464","995","6","50","2013-01-15 00:00:00","2013-01-26 00:00:00","2013-01-15 00:00:00","2013-02-12 00:00:00","3.0000","36.7500","36.7500","2013-02-11 23:00:00"
"28465","996","6","50","2013-01-15 00:00:00","2013-01-26 00:00:00","2013-01-15 00:00:00","2013-02-12 00:00:00","3.0000","36.7500","36.7500","2013-02-11 23:00:00"
"28478","803","1","10","2013-01-15 00:00:00","2013-01-26 00:00:00","2013-01-15 00:00:00","2013-02-12 00:00:00","4.1000","92.2500","92.2500","2013-02-11 23:00:00"
"28478","803","6","50","2013-01-15 00:00:00","2013-01-26 00:00:00","2013-01-15 00:00:00","2013-02-12 00:00:00","3.0000","36.7500","36.7500","2013-02-11 23:00:00"
"28479","804","1","10","2013-01-15 00:00:00","2013-01-26 00:00:00","2013-01-15 00:00:00","2013-02-12 00:00:00","4.1000","92.2500","92.2500","2013-02-11 23:00:00"
"28479","804","6","50","2013-01-15 00:00:00","2013-01-26 00:00:00","2013-01-15 00:00:00","2013-02-12 00:00:00","3.0000","36.7500","36.7500","2013-02-11 23:00:00"
"28484","766","7","60","2013-01-16 00:00:00","2013-01-27 00:00:00","2013-01-23 00:00:00","2013-01-27 00:00:00","4.0000","49.0000","49.0000","2013-01-26 23:00:00"
"28485","767","7","60","2013-01-16 00:00:00","2013-01-27 00:00:00","2013-01-23 00:00:00","2013-01-27 00:00:00","4.0000","49.0000","49.0000","2013-01-26 23:00:00"
"28486","779","7","60","2013-01-16 00:00:00","2013-01-27 00:00:00","2013-01-23 00:00:00","2013-01-27 00:00:00","4.0000","49.0000","49.0000","2013-01-26 23:00:00"
"28487","782","7","60","2013-01-16 00:00:00","2013-01-27 00:00:00","2013-01-23 00:00:00","2013-01-27 00:00:00","4.0000","49.0000","49.0000","2013-01-26 23:00:00"
"28488","792","7","60","2013-01-16 00:00:00","2013-01-27 00:00:00","2013-01-23 00:00:00","2013-01-27 00:00:00","4.0000","49.0000","49.0000","2013-01-26 23:00:00"
"28489","793","7","60","2013-01-16 00:00:00","2013-01-27 00:00:00","2013-01-23 00:00:00","2013-01-27 00:00:00","4.0000","49.0000","49.0000","2013-01-26 23:00:00"
"28490","795","7","60","2013-01-16 00:00:00","2013-01-27 00:00:00","2013-01-23 00:00:00","2013-01-27 00:00:00","4.0000","49.0000","49.0000","2013-01-26 23:00:00"
"28491","797","7","60","2013-01-16 00:00:00","2013-01-27 00:00:00","2013-01-23 00:00:00","2013-01-27 00:00:00","4.0000","49.0000","49.0000","2013-01-26 23:00:00"
"28492","516","6","50","2013-01-16 00:00:00","2013-01-27 00:00:00","2013-01-23 00:00:00","2013-01-27 00:00:00","3.0000","36.7500","36.7500","2013-01-26 23:00:00"
"28492","516","7","60","2013-01-16 00:00:00","2013-01-27 00:00:00","2013-01-23 00:00:00","2013-01-27 00:00:00","4.0000","49.0000","49.0000","2013-01-26 23:00:00"
"28493","517","6","50","2013-01-16 00:00:00","2013-01-27 00:00:00","2013-01-23 00:00:00","2013-01-27 00:00:00","3.0000","36.7500","36.7500","2013-01-26 23:00:00"
"28493","517","7","60","2013-01-16 00:00:00","2013-01-27 00:00:00","2013-01-23 00:00:00","2013-01-27 00:00:00","4.0000","49.0000","49.0000","2013-01-26 23:00:00"
"28494","518","6","50","2013-01-16 00:00:00","2013-01-27 00:00:00","2013-01-23 00:00:00","2013-01-27 00:00:00","3.0000","36.7500","36.7500","2013-01-26 23:00:00"
"28494","518","7","60","2013-01-16 00:00:00","2013-01-27 00:00:00","2013-01-23 00:00:00","2013-01-27 00:00:00","4.0000","49.0000","49.0000","2013-01-26 23:00:00"
"28495","519","6","50","2013-01-16 00:00:00","2013-01-27 00:00:00","2013-01-23 00:00:00","2013-01-27 00:00:00","3.0000","36.7500","36.7500","2013-01-26 23:00:00"
"28495","519","7","60","2013-01-16 00:00:00","2013-01-27 00:00:00","2013-01-23 00:00:00","2013-01-27 00:00:00","4.0000","49.0000","49.0000","2013-01-26 23:00:00"
"28499","747","1","10","2013-01-16 00:00:00","2013-01-27 00:00:00","2013-01-23 00:00:00","2013-01-27 00:00:00","4.1000","92.2500","92.2500","2013-01-26 23:00:00"
"28499","747","2","20","2013-01-16 00:00:00","2013-01-27 00:00:00","2013-01-23 00:00:00","2013-01-27 00:00:00","3.5000","87.5000","87.5000","2013-01-26 23:00:00"
"28499","747","3","30","2013-01-16 00:00:00","2013-01-27 00:00:00","2013-01-23 00:00:00","2013-01-27 00:00:00","1.0000","14.5000","14.5000","2013-01-26 23:00:00"
"28499","747","4","40","2013-01-16 00:00:00","2013-01-27 00:00:00","2013-01-23 00:00:00","2013-01-27 00:00:00","2.0000","31.5000","31.5000","2013-01-26 23:00:00"
"28499","747","6","50","2013-01-16 00:00:00","2013-01-27 00:00:00","2013-01-23 00:00:00","2013-01-27 00:00:00","3.0000","36.7500","36.7500","2013-01-26 23:00:00"
"28499","747","7","60","2013-01-16 00:00:00","2013-01-27 00:00:00","2013-01-23 00:00:00","2013-01-27 00:00:00","4.0000","49.0000","49.0000","2013-01-26 23:00:00"
"28500","748","1","10","2013-01-16 00:00:00","2013-01-27 00:00:00","2013-01-23 00:00:00","2013-01-27 00:00:00","4.1000","92.2500","92.2500","2013-01-26 23:00:00"
"28500","748","2","20","2013-01-16 00:00:00","2013-01-27 00:00:00","2013-01-23 00:00:00","2013-01-27 00:00:00","3.5000","87.5000","87.5000","2013-01-26 23:00:00"
"28500","748","3","30","2013-01-16 00:00:00","2013-01-27 00:00:00","2013-01-23 00:00:00","2013-01-27 00:00:00","1.0000","14.5000","14.5000","2013-01-26 23:00:00"
"28500","748","5","45","2013-01-16 00:00:00","2013-01-27 00:00:00","2013-01-23 00:00:00","2013-01-27 00:00:00","2.0000","36.0000","36.0000","2013-01-26 23:00:00"
"28500","748","6","50","2013-01-16 00:00:00","2013-01-27 00:00:00","2013-01-23 00:00:00","2013-01-27 00:00:00","3.0000","36.7500","36.7500","2013-01-26 23:00:00"
"28500","748","7","60","2013-01-16 00:00:00","2013-01-27 00:00:00","2013-01-23 00:00:00","2013-01-27 00:00:00","4.0000","49.0000","49.0000","2013-01-26 23:00:00"
"28501","806","6","50","2013-01-16 00:00:00","2013-01-27 00:00:00","2013-01-23 00:00:00","2013-01-27 00:00:00","3.0000","36.7500","36.7500","2013-01-26 23:00:00"
"28502","810","1","10","2013-01-16 00:00:00","2013-01-27 00:00:00","2013-01-23 00:00:00","2013-01-27 00:00:00","4.1000","92.2500","92.2500","2013-01-26 23:00:00"
"28502","810","2","20","2013-01-16 00:00:00","2013-01-27 00:00:00","2013-01-23 00:00:00","2013-01-27 00:00:00","3.5000","87.5000","87.5000","2013-01-26 23:00:00"
"28502","810","6","50","2013-01-16 00:00:00","2013-01-27 00:00:00","2013-01-23 00:00:00","2013-01-27 00:00:00","3.0000","36.7500","36.7500","2013-01-26 23:00:00"
"28503","811","1","10","2013-01-16 00:00:00","2013-01-27 00:00:00","2013-01-23 00:00:00","2013-01-27 00:00:00","4.1000","92.2500","92.2500","2013-01-26 23:00:00"
"28503","811","2","20","2013-01-16 00:00:00","2013-01-27 00:00:00","2013-01-23 00:00:00","2013-01-27 00:00:00","3.5000","87.5000","87.5000","2013-01-26 23:00:00"
"28503","811","6","50","2013-01-16 00:00:00","2013-01-27 00:00:00","2013-01-23 00:00:00","2013-01-27 00:00:00","3.0000","36.7500","36.7500","2013-01-26 23:00:00"
"28504","812","1","10","2013-01-16 00:00:00","2013-01-27 00:00:00","2013-01-23 00:00:00","2013-01-27 00:00:00","4.1000","92.2500","92.2500","2013-01-26 23:00:00"
"28504","812","2","20","2013-01-16 00:00:00","2013-01-27 00:00:00","2013-01-23 00:00:00","2013-01-27 00:00:00","3.5000","87.5000","87.5000","2013-01-26 23:00:00"
"28504","812","6","50","2013-01-16 00:00:00","2013-01-27 00:00:00","2013-01-23 00:00:00","2013-01-27 00:00:00","3.0000","36.7500","36.7500","2013-01-26 23:00:00"
"28505","813","1","10","2013-01-16 00:00:00","2013-01-27 00:00:00","2013-01-23 00:00:00","2013-01-27 00:00:00","4.1000","92.2500","92.2500","2013-01-26 23:00:00"
"28505","813","2","20","2013-01-16 00:00:00","2013-01-27 00:00:00","2013-01-23 00:00:00","2013-01-27 00:00:00","3.5000","87.5000","87.5000","2013-01-26 23:00:00"
"28505","813","6","50","2013-01-16 00:00:00","2013-01-27 00:00:00","2013-01-23 00:00:00","2013-01-27 00:00:00","3.0000","36.7500","36.7500","2013-01-26 23:00:00"
"28506","816","6","50","2013-01-16 00:00:00","2013-01-27 00:00:00","2013-01-23 00:00:00","2013-01-27 00:00:00","3.0000","36.7500","36.7500","2013-01-26 23:00:00"
"28507","818","6","50","2013-01-16 00:00:00","2013-01-27 00:00:00","2013-01-23 00:00:00","2013-01-27 00:00:00","3.0000","36.7500","36.7500","2013-01-26 23:00:00"
"28508","819","6","50","2013-01-16 00:00:00","2013-01-27 00:00:00","2013-01-23 00:00:00","2013-01-27 00:00:00","3.0000","36.7500","36.7500","2013-01-26 23:00:00"
"28509","820","6","50","2013-01-16 00:00:00","2013-01-27 00:00:00","2013-01-23 00:00:00","2013-01-27 00:00:00","3.0000","36.7500","36.7500","2013-01-26 23:00:00"
"28510","822","1","10","2013-01-16 00:00:00","2013-01-27 00:00:00","2013-01-23 00:00:00","2013-01-27 00:00:00","4.1000","92.2500","92.2500","2013-01-26 23:00:00"
"28510","822","2","20","2013-01-16 00:00:00","2013-01-27 00:00:00","2013-01-23 00:00:00","2013-01-27 00:00:00","3.5000","87.5000","87.5000","2013-01-26 23:00:00"
"28510","822","3","30","2013-01-16 00:00:00","2013-01-27 00:00:00","2013-01-23 00:00:00","2013-01-27 00:00:00","1.0000","14.5000","14.5000","2013-01-26 23:00:00"
"28510","822","4","40","2013-01-16 00:00:00","2013-01-27 00:00:00","2013-01-23 00:00:00","2013-01-27 00:00:00","2.0000","31.5000","31.5000","2013-01-26 23:00:00"
"28510","822","6","50","2013-01-16 00:00:00","2013-01-27 00:00:00","2013-01-23 00:00:00","2013-01-27 00:00:00","3.0000","36.7500","36.7500","2013-01-26 23:00:00"
"28510","822","7","60","2013-01-16 00:00:00","2013-01-27 00:00:00","2013-01-23 00:00:00","2013-01-27 00:00:00","4.0000","49.0000","49.0000","2013-01-26 23:00:00"
"28511","824","6","50","2013-01-16 00:00:00","2013-01-27 00:00:00","2013-01-23 00:00:00","2013-01-27 00:00:00","3.0000","36.7500","36.7500","2013-01-26 23:00:00"
"28512","826","6","50","2013-01-16 00:00:00","2013-01-27 00:00:00","2013-01-23 00:00:00","2013-01-27 00:00:00","3.0000","36.7500","36.7500","2013-01-26 23:00:00"
"28513","827","6","50","2013-01-16 00:00:00","2013-01-27 00:00:00","2013-01-23 00:00:00","2013-01-27 00:00:00","3.0000","36.7500","36.7500","2013-01-26 23:00:00"
"28514","828","6","50","2013-01-16 00:00:00","2013-01-27 00:00:00","2013-01-23 00:00:00","2013-01-27 00:00:00","3.0000","36.7500","36.7500","2013-01-26 23:00:00"
"28517","894","6","50","2013-01-16 00:00:00","2013-01-27 00:00:00","2013-01-23 00:00:00","2013-01-27 00:00:00","3.0000","36.7500","36.7500","2013-01-26 23:00:00"
"28518","945","1","10","2013-01-16 00:00:00","2013-01-27 00:00:00","2013-01-23 00:00:00","2013-01-27 00:00:00","4.1000","92.2500","92.2500","2013-01-26 23:00:00"
"28518","945","6","50","2013-01-16 00:00:00","2013-01-27 00:00:00","2013-01-23 00:00:00","2013-01-27 00:00:00","3.0000","36.7500","36.7500","2013-01-26 23:00:00"
"28519","950","6","50","2013-01-16 00:00:00","2013-01-27 00:00:00","2013-01-23 00:00:00","2013-01-27 00:00:00","3.0000","36.7500","36.7500","2013-01-26 23:00:00"
"28520","994","6","50","2013-01-16 00:00:00","2013-01-27 00:00:00","2013-01-23 00:00:00","2013-01-27 00:00:00","3.0000","36.7500","36.7500","2013-01-26 23:00:00"
"28521","995","6","50","2013-01-16 00:00:00","2013-01-27 00:00:00","2013-01-23 00:00:00","2013-01-27 00:00:00","3.0000","36.7500","36.7500","2013-01-26 23:00:00"
"28522","996","6","50","2013-01-16 00:00:00","2013-01-27 00:00:00","2013-01-23 00:00:00","2013-01-27 00:00:00","3.0000","36.7500","36.7500","2013-01-26 23:00:00"
"28536","802","1","10","2013-01-16 00:00:00","2013-01-27 00:00:00","2013-01-23 00:00:00","2013-01-27 00:00:00","4.1000","92.2500","92.2500","2013-01-26 23:00:00"
"28536","802","6","50","2013-01-16 00:00:00","2013-01-27 00:00:00","2013-01-23 00:00:00","2013-01-27 00:00:00","3.0000","36.7500","36.7500","2013-01-26 23:00:00"
"28537","803","1","10","2013-01-16 00:00:00","2013-01-27 00:00:00","2013-01-23 00:00:00","2013-01-27 00:00:00","4.1000","92.2500","92.2500","2013-01-26 23:00:00"
"28537","803","6","50","2013-01-16 00:00:00","2013-01-27 00:00:00","2013-01-23 00:00:00","2013-01-27 00:00:00","3.0000","36.7500","36.7500","2013-01-26 23:00:00"
"28538","804","1","10","2013-01-16 00:00:00","2013-01-27 00:00:00","2013-01-23 00:00:00","2013-01-27 00:00:00","4.1000","92.2500","92.2500","2013-01-26 23:00:00"
"28538","804","6","50","2013-01-16 00:00:00","2013-01-27 00:00:00","2013-01-23 00:00:00","2013-01-27 00:00:00","3.0000","36.7500","36.7500","2013-01-26 23:00:00"
"28543","763","7","60","2013-01-17 00:00:00","2013-01-28 00:00:00","2013-01-17 00:00:00","2013-01-29 00:00:00","4.0000","49.0000","49.0000","2013-01-28 23:00:00"
"28544","765","7","60","2013-01-17 00:00:00","2013-01-28 00:00:00","2013-01-17 00:00:00","2013-01-29 00:00:00","4.0000","49.0000","49.0000","2013-01-28 23:00:00"
"28545","781","7","60","2013-01-17 00:00:00","2013-01-28 00:00:00","2013-01-17 00:00:00","2013-01-29 00:00:00","4.0000","49.0000","49.0000","2013-01-28 23:00:00"
"28546","782","7","60","2013-01-17 00:00:00","2013-01-28 00:00:00","2013-01-17 00:00:00","2013-01-29 00:00:00","4.0000","49.0000","49.0000","2013-01-28 23:00:00"
"28547","784","7","60","2013-01-17 00:00:00","2013-01-28 00:00:00","2013-01-17 00:00:00","2013-01-29 00:00:00","4.0000","49.0000","49.0000","2013-01-28 23:00:00"
"28548","790","7","60","2013-01-17 00:00:00","2013-01-28 00:00:00","2013-01-17 00:00:00","2013-01-29 00:00:00","4.0000","49.0000","49.0000","2013-01-28 23:00:00"
"28549","793","7","60","2013-01-17 00:00:00","2013-01-28 00:00:00","2013-01-17 00:00:00","2013-01-29 00:00:00","4.0000","49.0000","49.0000","2013-01-28 23:00:00"
"28550","796","7","60","2013-01-17 00:00:00","2013-01-28 00:00:00","2013-01-17 00:00:00","2013-01-29 00:00:00","4.0000","49.0000","49.0000","2013-01-28 23:00:00"
"28551","797","7","60","2013-01-17 00:00:00","2013-01-28 00:00:00","2013-01-17 00:00:00","2013-01-29 00:00:00","4.0000","49.0000","49.0000","2013-01-28 23:00:00"
"28552","800","7","60","2013-01-17 00:00:00","2013-01-28 00:00:00","2013-01-17 00:00:00","2013-01-29 00:00:00","4.0000","49.0000","49.0000","2013-01-28 23:00:00"
"28553","516","6","50","2013-01-17 00:00:00","2013-01-28 00:00:00","2013-01-17 00:00:00","2013-01-29 00:00:00","3.0000","36.7500","36.7500","2013-01-28 23:00:00"
"28553","516","7","60","2013-01-17 00:00:00","2013-01-28 00:00:00","2013-01-17 00:00:00","2013-01-29 00:00:00","4.0000","49.0000","49.0000","2013-01-28 23:00:00"
"28554","517","6","50","2013-01-17 00:00:00","2013-01-28 00:00:00","2013-01-17 00:00:00","2013-01-29 00:00:00","3.0000","36.7500","36.7500","2013-01-28 23:00:00"
"28554","517","7","60","2013-01-17 00:00:00","2013-01-28 00:00:00","2013-01-17 00:00:00","2013-01-29 00:00:00","4.0000","49.0000","49.0000","2013-01-28 23:00:00"
"28555","518","6","50","2013-01-17 00:00:00","2013-01-28 00:00:00","2013-01-17 00:00:00","2013-01-29 00:00:00","3.0000","36.7500","36.7500","2013-01-28 23:00:00"
"28555","518","7","60","2013-01-17 00:00:00","2013-01-28 00:00:00","2013-01-17 00:00:00","2013-01-29 00:00:00","4.0000","49.0000","49.0000","2013-01-28 23:00:00"
"28556","519","6","50","2013-01-17 00:00:00","2013-01-28 00:00:00","2013-01-17 00:00:00","2013-01-29 00:00:00","3.0000","36.7500","36.7500","2013-01-28 23:00:00"
"28556","519","7","60","2013-01-17 00:00:00","2013-01-28 00:00:00","2013-01-17 00:00:00","2013-01-29 00:00:00","4.0000","49.0000","49.0000","2013-01-28 23:00:00"
"28563","747","1","10","2013-01-17 00:00:00","2013-01-28 00:00:00","2013-01-17 00:00:00","2013-01-29 00:00:00","4.1000","92.2500","92.2500","2013-01-28 23:00:00"
"28563","747","2","20","2013-01-17 00:00:00","2013-01-28 00:00:00","2013-01-17 00:00:00","2013-01-29 00:00:00","3.5000","87.5000","87.5000","2013-01-28 23:00:00"
"28563","747","3","30","2013-01-17 00:00:00","2013-01-28 00:00:00","2013-01-17 00:00:00","2013-01-29 00:00:00","1.0000","14.5000","14.5000","2013-01-28 23:00:00"
"28563","747","4","40","2013-01-17 00:00:00","2013-01-28 00:00:00","2013-01-17 00:00:00","2013-01-29 00:00:00","2.0000","31.5000","31.5000","2013-01-28 23:00:00"
"28563","747","6","50","2013-01-17 00:00:00","2013-01-28 00:00:00","2013-01-17 00:00:00","2013-01-29 00:00:00","3.0000","36.7500","36.7500","2013-01-28 23:00:00"
"28563","747","7","60","2013-01-17 00:00:00","2013-01-28 00:00:00","2013-01-17 00:00:00","2013-01-29 00:00:00","4.0000","49.0000","49.0000","2013-01-28 23:00:00"
"28564","806","6","50","2013-01-17 00:00:00","2013-01-28 00:00:00","2013-01-17 00:00:00","2013-01-29 00:00:00","3.0000","36.7500","36.7500","2013-01-28 23:00:00"
"28565","810","1","10","2013-01-17 00:00:00","2013-01-28 00:00:00","2013-01-17 00:00:00","2013-01-29 00:00:00","4.1000","92.2500","92.2500","2013-01-28 23:00:00"
"28565","810","2","20","2013-01-17 00:00:00","2013-01-28 00:00:00","2013-01-17 00:00:00","2013-01-29 00:00:00","3.5000","87.5000","87.5000","2013-01-28 23:00:00"
"28565","810","6","50","2013-01-17 00:00:00","2013-01-28 00:00:00","2013-01-17 00:00:00","2013-01-29 00:00:00","3.0000","36.7500","36.7500","2013-01-28 23:00:00"
"28566","811","1","10","2013-01-17 00:00:00","2013-01-28 00:00:00","2013-01-17 00:00:00","2013-01-29 00:00:00","4.1000","92.2500","92.2500","2013-01-28 23:00:00"
"28566","811","2","20","2013-01-17 00:00:00","2013-01-28 00:00:00","2013-01-17 00:00:00","2013-01-29 00:00:00","3.5000","87.5000","87.5000","2013-01-28 23:00:00"
"28566","811","6","50","2013-01-17 00:00:00","2013-01-28 00:00:00","2013-01-17 00:00:00","2013-01-29 00:00:00","3.0000","36.7500","36.7500","2013-01-28 23:00:00"
"28567","812","1","10","2013-01-17 00:00:00","2013-01-28 00:00:00","2013-01-17 00:00:00","2013-01-29 00:00:00","4.1000","92.2500","92.2500","2013-01-28 23:00:00"
"28567","812","2","20","2013-01-17 00:00:00","2013-01-28 00:00:00","2013-01-17 00:00:00","2013-01-29 00:00:00","3.5000","87.5000","87.5000","2013-01-28 23:00:00"
"28567","812","6","50","2013-01-17 00:00:00","2013-01-28 00:00:00","2013-01-17 00:00:00","2013-01-29 00:00:00","3.0000","36.7500","36.7500","2013-01-28 23:00:00"
"28568","813","1","10","2013-01-17 00:00:00","2013-01-28 00:00:00","2013-01-17 00:00:00","2013-01-29 00:00:00","4.1000","92.2500","92.2500","2013-01-28 23:00:00"
"28568","813","2","20","2013-01-17 00:00:00","2013-01-28 00:00:00","2013-01-17 00:00:00","2013-01-29 00:00:00","3.5000","87.5000","87.5000","2013-01-28 23:00:00"
"28568","813","6","50","2013-01-17 00:00:00","2013-01-28 00:00:00","2013-01-17 00:00:00","2013-01-29 00:00:00","3.0000","36.7500","36.7500","2013-01-28 23:00:00"
"28569","816","6","50","2013-01-17 00:00:00","2013-01-28 00:00:00","2013-01-17 00:00:00","2013-01-29 00:00:00","3.0000","36.7500","36.7500","2013-01-28 23:00:00"
"28570","818","6","50","2013-01-17 00:00:00","2013-01-28 00:00:00","2013-01-17 00:00:00","2013-01-29 00:00:00","3.0000","36.7500","36.7500","2013-01-28 23:00:00"
"28571","819","6","50","2013-01-17 00:00:00","2013-01-28 00:00:00","2013-01-17 00:00:00","2013-01-29 00:00:00","3.0000","36.7500","36.7500","2013-01-28 23:00:00"
"28572","820","6","50","2013-01-17 00:00:00","2013-01-28 00:00:00","2013-01-17 00:00:00","2013-01-29 00:00:00","3.0000","36.7500","36.7500","2013-01-28 23:00:00"
"28573","822","1","10","2013-01-17 00:00:00","2013-01-28 00:00:00","2013-01-17 00:00:00","2013-01-29 00:00:00","4.1000","92.2500","92.2500","2013-01-28 23:00:00"
"28573","822","2","20","2013-01-17 00:00:00","2013-01-28 00:00:00","2013-01-17 00:00:00","2013-01-29 00:00:00","3.5000","87.5000","87.5000","2013-01-28 23:00:00"
"28573","822","3","30","2013-01-17 00:00:00","2013-01-28 00:00:00","2013-01-17 00:00:00","2013-01-29 00:00:00","1.0000","14.5000","14.5000","2013-01-28 23:00:00"
"28573","822","4","40","2013-01-17 00:00:00","2013-01-28 00:00:00","2013-01-17 00:00:00","2013-01-29 00:00:00","2.0000","31.5000","31.5000","2013-01-28 23:00:00"
"28573","822","6","50","2013-01-17 00:00:00","2013-01-28 00:00:00","2013-01-17 00:00:00","2013-01-29 00:00:00","3.0000","36.7500","36.7500","2013-01-28 23:00:00"
"28573","822","7","60","2013-01-17 00:00:00","2013-01-28 00:00:00","2013-01-17 00:00:00","2013-01-29 00:00:00","4.0000","49.0000","49.0000","2013-01-28 23:00:00"
"28574","824","6","50","2013-01-17 00:00:00","2013-01-28 00:00:00","2013-01-17 00:00:00","2013-01-29 00:00:00","3.0000","36.7500","36.7500","2013-01-28 23:00:00"
"28575","826","6","50","2013-01-17 00:00:00","2013-01-28 00:00:00","2013-01-17 00:00:00","2013-01-29 00:00:00","3.0000","36.7500","36.7500","2013-01-28 23:00:00"
"28576","827","6","50","2013-01-17 00:00:00","2013-01-28 00:00:00","2013-01-17 00:00:00","2013-01-29 00:00:00","3.0000","36.7500","36.7500","2013-01-28 23:00:00"
"28577","828","6","50","2013-01-17 00:00:00","2013-01-28 00:00:00","2013-01-17 00:00:00","2013-01-29 00:00:00","3.0000","36.7500","36.7500","2013-01-28 23:00:00"
"28580","894","6","50","2013-01-17 00:00:00","2013-01-28 00:00:00","2013-01-17 00:00:00","2013-01-29 00:00:00","3.0000","36.7500","36.7500","2013-01-28 23:00:00"
"28581","945","1","10","2013-01-17 00:00:00","2013-01-28 00:00:00","2013-01-17 00:00:00","2013-01-29 00:00:00","4.1000","92.2500","92.2500","2013-01-28 23:00:00"
"28581","945","6","50","2013-01-17 00:00:00","2013-01-28 00:00:00","2013-01-17 00:00:00","2013-01-29 00:00:00","3.0000","36.7500","36.7500","2013-01-28 23:00:00"
"28582","950","6","50","2013-01-17 00:00:00","2013-01-28 00:00:00","2013-01-17 00:00:00","2013-01-29 00:00:00","3.0000","36.7500","36.7500","2013-01-28 23:00:00"
"28583","994","6","50","2013-01-17 00:00:00","2013-01-28 00:00:00","2013-01-17 00:00:00","2013-01-29 00:00:00","3.0000","36.7500","36.7500","2013-01-28 23:00:00"
"28584","995","6","50","2013-01-17 00:00:00","2013-01-28 00:00:00","2013-01-17 00:00:00","2013-01-29 00:00:00","3.0000","36.7500","36.7500","2013-01-28 23:00:00"
"28585","996","6","50","2013-01-17 00:00:00","2013-01-28 00:00:00","2013-01-17 00:00:00","2013-01-29 00:00:00","3.0000","36.7500","36.7500","2013-01-28 23:00:00"
"28599","802","1","10","2013-01-17 00:00:00","2013-01-28 00:00:00","2013-01-17 00:00:00","2013-01-29 00:00:00","4.1000","92.2500","92.2500","2013-01-28 23:00:00"
"28599","802","6","50","2013-01-17 00:00:00","2013-01-28 00:00:00","2013-01-17 00:00:00","2013-01-29 00:00:00","3.0000","36.7500","36.7500","2013-01-28 23:00:00"
"28600","803","1","10","2013-01-17 00:00:00","2013-01-28 00:00:00","2013-01-17 00:00:00","2013-01-29 00:00:00","4.1000","92.2500","92.2500","2013-01-28 23:00:00"
"28600","803","6","50","2013-01-17 00:00:00","2013-01-28 00:00:00","2013-01-17 00:00:00","2013-01-29 00:00:00","3.0000","36.7500","36.7500","2013-01-28 23:00:00"
"28601","804","1","10","2013-01-17 00:00:00","2013-01-28 00:00:00","2013-01-17 00:00:00","2013-01-29 00:00:00","4.1000","92.2500","92.2500","2013-01-28 23:00:00"
"28601","804","6","50","2013-01-17 00:00:00","2013-01-28 00:00:00","2013-01-17 00:00:00","2013-01-29 00:00:00","3.0000","36.7500","36.7500","2013-01-28 23:00:00"
"28606","779","7","60","2013-01-18 00:00:00","2013-01-29 00:00:00","2013-01-27 00:00:00","2013-01-29 00:00:00","4.0000","49.0000","49.0000","2013-01-28 23:00:00"
"28607","781","7","60","2013-01-18 00:00:00","2013-01-29 00:00:00","2013-01-27 00:00:00","2013-01-29 00:00:00","4.0000","49.0000","49.0000","2013-01-28 23:00:00"
"28608","783","7","60","2013-01-18 00:00:00","2013-01-29 00:00:00","2013-01-27 00:00:00","2013-01-29 00:00:00","4.0000","49.0000","49.0000","2013-01-28 23:00:00"
"28609","784","7","60","2013-01-18 00:00:00","2013-01-29 00:00:00","2013-01-27 00:00:00","2013-01-29 00:00:00","4.0000","49.0000","49.0000","2013-01-28 23:00:00"
"28610","516","6","50","2013-01-18 00:00:00","2013-01-29 00:00:00","2013-01-27 00:00:00","2013-01-29 00:00:00","3.0000","36.7500","36.7500","2013-01-28 23:00:00"
"28610","516","7","60","2013-01-18 00:00:00","2013-01-29 00:00:00","2013-01-27 00:00:00","2013-01-29 00:00:00","4.0000","49.0000","49.0000","2013-01-28 23:00:00"
"28614","748","1","10","2013-01-18 00:00:00","2013-01-29 00:00:00","2013-01-27 00:00:00","2013-01-29 00:00:00","4.1000","92.2500","92.2500","2013-01-28 23:00:00"
"28614","748","2","20","2013-01-18 00:00:00","2013-01-29 00:00:00","2013-01-27 00:00:00","2013-01-29 00:00:00","3.5000","87.5000","87.5000","2013-01-28 23:00:00"
"28614","748","3","30","2013-01-18 00:00:00","2013-01-29 00:00:00","2013-01-27 00:00:00","2013-01-29 00:00:00","1.0000","14.5000","14.5000","2013-01-28 23:00:00"
"28614","748","5","45","2013-01-18 00:00:00","2013-01-29 00:00:00","2013-01-27 00:00:00","2013-01-29 00:00:00","2.0000","36.0000","36.0000","2013-01-28 23:00:00"
"28614","748","6","50","2013-01-18 00:00:00","2013-01-29 00:00:00","2013-01-27 00:00:00","2013-01-29 00:00:00","3.0000","36.7500","36.7500","2013-01-28 23:00:00"
"28614","748","7","60","2013-01-18 00:00:00","2013-01-29 00:00:00","2013-01-27 00:00:00","2013-01-29 00:00:00","4.0000","49.0000","49.0000","2013-01-28 23:00:00"
"28615","806","6","50","2013-01-18 00:00:00","2013-01-29 00:00:00","2013-01-27 00:00:00","2013-01-29 00:00:00","3.0000","36.7500","36.7500","2013-01-28 23:00:00"
"28616","810","1","10","2013-01-18 00:00:00","2013-01-29 00:00:00","2013-01-27 00:00:00","2013-01-29 00:00:00","4.1000","92.2500","92.2500","2013-01-28 23:00:00"
"28616","810","2","20","2013-01-18 00:00:00","2013-01-29 00:00:00","2013-01-27 00:00:00","2013-01-29 00:00:00","3.5000","87.5000","87.5000","2013-01-28 23:00:00"
"28616","810","6","50","2013-01-18 00:00:00","2013-01-29 00:00:00","2013-01-27 00:00:00","2013-01-29 00:00:00","3.0000","36.7500","36.7500","2013-01-28 23:00:00"
"28617","816","6","50","2013-01-18 00:00:00","2013-01-29 00:00:00","2013-01-27 00:00:00","2013-01-29 00:00:00","3.0000","36.7500","36.7500","2013-01-28 23:00:00"
"28618","824","6","50","2013-01-18 00:00:00","2013-01-29 00:00:00","2013-01-27 00:00:00","2013-01-29 00:00:00","3.0000","36.7500","36.7500","2013-01-28 23:00:00"
"28619","894","6","50","2013-01-18 00:00:00","2013-01-29 00:00:00","2013-01-27 00:00:00","2013-01-29 00:00:00","3.0000","36.7500","36.7500","2013-01-28 23:00:00"
"28620","945","1","10","2013-01-18 00:00:00","2013-01-29 00:00:00","2013-01-27 00:00:00","2013-01-29 00:00:00","4.1000","92.2500","92.2500","2013-01-28 23:00:00"
"28620","945","6","50","2013-01-18 00:00:00","2013-01-29 00:00:00","2013-01-27 00:00:00","2013-01-29 00:00:00","3.0000","36.7500","36.7500","2013-01-28 23:00:00"
"28621","950","6","50","2013-01-18 00:00:00","2013-01-29 00:00:00","2013-01-27 00:00:00","2013-01-29 00:00:00","3.0000","36.7500","36.7500","2013-01-28 23:00:00"
"28622","995","6","50","2013-01-18 00:00:00","2013-01-29 00:00:00","2013-01-27 00:00:00","2013-01-29 00:00:00","3.0000","36.7500","36.7500","2013-01-28 23:00:00"
"28634","804","1","10","2013-01-18 00:00:00","2013-01-29 00:00:00","2013-01-27 00:00:00","2013-01-29 00:00:00","4.1000","92.2500","92.2500","2013-01-28 23:00:00"
"28634","804","6","50","2013-01-18 00:00:00","2013-01-29 00:00:00","2013-01-27 00:00:00","2013-01-29 00:00:00","3.0000","36.7500","36.7500","2013-01-28 23:00:00"
"28639","779","7","60","2013-01-19 00:00:00","2013-01-30 00:00:00","2013-01-19 00:00:00","2013-02-02 00:00:00","4.0000","49.0000","49.0000","2013-02-01 23:00:00"
"28640","780","7","60","2013-01-19 00:00:00","2013-01-30 00:00:00","2013-01-19 00:00:00","2013-02-02 00:00:00","4.0000","49.0000","49.0000","2013-02-01 23:00:00"
"28641","782","7","60","2013-01-19 00:00:00","2013-01-30 00:00:00","2013-01-19 00:00:00","2013-02-02 00:00:00","4.0000","49.0000","49.0000","2013-02-01 23:00:00"
"28642","783","7","60","2013-01-19 00:00:00","2013-01-30 00:00:00","2013-01-19 00:00:00","2013-02-02 00:00:00","4.0000","49.0000","49.0000","2013-02-01 23:00:00"
"28643","784","7","60","2013-01-19 00:00:00","2013-01-30 00:00:00","2013-01-19 00:00:00","2013-02-02 00:00:00","4.0000","49.0000","49.0000","2013-02-01 23:00:00"
"28644","790","7","60","2013-01-19 00:00:00","2013-01-30 00:00:00","2013-01-19 00:00:00","2013-02-02 00:00:00","4.0000","49.0000","49.0000","2013-02-01 23:00:00"
"28645","793","7","60","2013-01-19 00:00:00","2013-01-30 00:00:00","2013-01-19 00:00:00","2013-02-02 00:00:00","4.0000","49.0000","49.0000","2013-02-01 23:00:00"
"28646","794","7","60","2013-01-19 00:00:00","2013-01-30 00:00:00","2013-01-19 00:00:00","2013-02-02 00:00:00","4.0000","49.0000","49.0000","2013-02-01 23:00:00"
"28647","795","7","60","2013-01-19 00:00:00","2013-01-30 00:00:00","2013-01-19 00:00:00","2013-02-02 00:00:00","4.0000","49.0000","49.0000","2013-02-01 23:00:00"
"28648","800","7","60","2013-01-19 00:00:00","2013-01-30 00:00:00","2013-01-19 00:00:00","2013-02-02 00:00:00","4.0000","49.0000","49.0000","2013-02-01 23:00:00"
"28649","516","6","50","2013-01-19 00:00:00","2013-01-30 00:00:00","2013-01-19 00:00:00","2013-02-02 00:00:00","3.0000","36.7500","36.7500","2013-02-01 23:00:00"
"28649","516","7","60","2013-01-19 00:00:00","2013-01-30 00:00:00","2013-01-19 00:00:00","2013-02-02 00:00:00","4.0000","49.0000","49.0000","2013-02-01 23:00:00"
"28650","518","6","50","2013-01-19 00:00:00","2013-01-30 00:00:00","2013-01-19 00:00:00","2013-02-02 00:00:00","3.0000","36.7500","36.7500","2013-02-01 23:00:00"
"28650","518","7","60","2013-01-19 00:00:00","2013-01-30 00:00:00","2013-01-19 00:00:00","2013-02-02 00:00:00","4.0000","49.0000","49.0000","2013-02-01 23:00:00"
"28651","519","6","50","2013-01-19 00:00:00","2013-01-30 00:00:00","2013-01-19 00:00:00","2013-02-02 00:00:00","3.0000","36.7500","36.7500","2013-02-01 23:00:00"
"28651","519","7","60","2013-01-19 00:00:00","2013-01-30 00:00:00","2013-01-19 00:00:00","2013-02-02 00:00:00","4.0000","49.0000","49.0000","2013-02-01 23:00:00"
"28656","747","1","10","2013-01-19 00:00:00","2013-01-30 00:00:00","2013-01-19 00:00:00","2013-02-02 00:00:00","4.1000","92.2500","92.2500","2013-02-01 23:00:00"
"28656","747","2","20","2013-01-19 00:00:00","2013-01-30 00:00:00","2013-01-19 00:00:00","2013-02-02 00:00:00","3.5000","87.5000","87.5000","2013-02-01 23:00:00"
"28656","747","3","30","2013-01-19 00:00:00","2013-01-30 00:00:00","2013-01-19 00:00:00","2013-02-02 00:00:00","1.0000","14.5000","14.5000","2013-02-01 23:00:00"
"28656","747","4","40","2013-01-19 00:00:00","2013-01-30 00:00:00","2013-01-19 00:00:00","2013-02-02 00:00:00","2.0000","31.5000","31.5000","2013-02-01 23:00:00"
"28656","747","6","50","2013-01-19 00:00:00","2013-01-30 00:00:00","2013-01-19 00:00:00","2013-02-02 00:00:00","3.0000","36.7500","36.7500","2013-02-01 23:00:00"
"28656","747","7","60","2013-01-19 00:00:00","2013-01-30 00:00:00","2013-01-19 00:00:00","2013-02-02 00:00:00","4.0000","49.0000","49.0000","2013-02-01 23:00:00"
"28657","748","1","10","2013-01-19 00:00:00","2013-01-30 00:00:00","2013-01-19 00:00:00","2013-02-02 00:00:00","4.1000","92.2500","92.2500","2013-02-01 23:00:00"
"28657","748","2","20","2013-01-19 00:00:00","2013-01-30 00:00:00","2013-01-19 00:00:00","2013-02-02 00:00:00","3.5000","87.5000","87.5000","2013-02-01 23:00:00"
"28657","748","3","30","2013-01-19 00:00:00","2013-01-30 00:00:00","2013-01-19 00:00:00","2013-02-02 00:00:00","1.0000","14.5000","14.5000","2013-02-01 23:00:00"
"28657","748","5","45","2013-01-19 00:00:00","2013-01-30 00:00:00","2013-01-19 00:00:00","2013-02-02 00:00:00","2.0000","36.0000","36.0000","2013-02-01 23:00:00"
"28657","748","6","50","2013-01-19 00:00:00","2013-01-30 00:00:00","2013-01-19 00:00:00","2013-02-02 00:00:00","3.0000","36.7500","36.7500","2013-02-01 23:00:00"
"28657","748","7","60","2013-01-19 00:00:00","2013-01-30 00:00:00","2013-01-19 00:00:00","2013-02-02 00:00:00","4.0000","49.0000","49.0000","2013-02-01 23:00:00"
"28658","806","6","50","2013-01-19 00:00:00","2013-01-30 00:00:00","2013-01-19 00:00:00","2013-02-02 00:00:00","3.0000","36.7500","36.7500","2013-02-01 23:00:00"
"28659","810","1","10","2013-01-19 00:00:00","2013-01-30 00:00:00","2013-01-19 00:00:00","2013-02-02 00:00:00","4.1000","92.2500","92.2500","2013-02-01 23:00:00"
"28659","810","2","20","2013-01-19 00:00:00","2013-01-30 00:00:00","2013-01-19 00:00:00","2013-02-02 00:00:00","3.5000","87.5000","87.5000","2013-02-01 23:00:00"
"28659","810","6","50","2013-01-19 00:00:00","2013-01-30 00:00:00","2013-01-19 00:00:00","2013-02-02 00:00:00","3.0000","36.7500","36.7500","2013-02-01 23:00:00"
"28660","812","1","10","2013-01-19 00:00:00","2013-01-30 00:00:00","2013-01-19 00:00:00","2013-02-02 00:00:00","4.1000","92.2500","92.2500","2013-02-01 23:00:00"
"28660","812","2","20","2013-01-19 00:00:00","2013-01-30 00:00:00","2013-01-19 00:00:00","2013-02-02 00:00:00","3.5000","87.5000","87.5000","2013-02-01 23:00:00"
"28660","812","6","50","2013-01-19 00:00:00","2013-01-30 00:00:00","2013-01-19 00:00:00","2013-02-02 00:00:00","3.0000","36.7500","36.7500","2013-02-01 23:00:00"
"28661","813","1","10","2013-01-19 00:00:00","2013-01-30 00:00:00","2013-01-19 00:00:00","2013-02-02 00:00:00","4.1000","92.2500","92.2500","2013-02-01 23:00:00"
"28661","813","2","20","2013-01-19 00:00:00","2013-01-30 00:00:00","2013-01-19 00:00:00","2013-02-02 00:00:00","3.5000","87.5000","87.5000","2013-02-01 23:00:00"
"28661","813","6","50","2013-01-19 00:00:00","2013-01-30 00:00:00","2013-01-19 00:00:00","2013-02-02 00:00:00","3.0000","36.7500","36.7500","2013-02-01 23:00:00"
"28662","816","6","50","2013-01-19 00:00:00","2013-01-30 00:00:00","2013-01-19 00:00:00","2013-02-02 00:00:00","3.0000","36.7500","36.7500","2013-02-01 23:00:00"
"28663","819","6","50","2013-01-19 00:00:00","2013-01-30 00:00:00","2013-01-19 00:00:00","2013-02-02 00:00:00","3.0000","36.7500","36.7500","2013-02-01 23:00:00"
"28664","820","6","50","2013-01-19 00:00:00","2013-01-30 00:00:00","2013-01-19 00:00:00","2013-02-02 00:00:00","3.0000","36.7500","36.7500","2013-02-01 23:00:00"
"28665","824","6","50","2013-01-19 00:00:00","2013-01-30 00:00:00","2013-01-19 00:00:00","2013-02-02 00:00:00","3.0000","36.7500","36.7500","2013-02-01 23:00:00"
"28666","827","6","50","2013-01-19 00:00:00","2013-01-30 00:00:00","2013-01-19 00:00:00","2013-02-02 00:00:00","3.0000","36.7500","36.7500","2013-02-01 23:00:00"
"28667","828","6","50","2013-01-19 00:00:00","2013-01-30 00:00:00","2013-01-19 00:00:00","2013-02-02 00:00:00","3.0000","36.7500","36.7500","2013-02-01 23:00:00"
"28672","894","6","50","2013-01-19 00:00:00","2013-01-30 00:00:00","2013-01-19 00:00:00","2013-02-02 00:00:00","3.0000","36.7500","36.7500","2013-02-01 23:00:00"
"28673","945","1","10","2013-01-19 00:00:00","2013-01-30 00:00:00","2013-01-19 00:00:00","2013-02-02 00:00:00","4.1000","92.2500","92.2500","2013-02-01 23:00:00"
"28673","945","6","50","2013-01-19 00:00:00","2013-01-30 00:00:00","2013-01-19 00:00:00","2013-02-02 00:00:00","3.0000","36.7500","36.7500","2013-02-01 23:00:00"
"28674","950","6","50","2013-01-19 00:00:00","2013-01-30 00:00:00","2013-01-19 00:00:00","2013-02-02 00:00:00","3.0000","36.7500","36.7500","2013-02-01 23:00:00"
"28675","994","6","50","2013-01-19 00:00:00","2013-01-30 00:00:00","2013-01-19 00:00:00","2013-02-02 00:00:00","3.0000","36.7500","36.7500","2013-02-01 23:00:00"
"28676","995","6","50","2013-01-19 00:00:00","2013-01-30 00:00:00","2013-01-19 00:00:00","2013-02-02 00:00:00","3.0000","36.7500","36.7500","2013-02-01 23:00:00"
"28677","996","6","50","2013-01-19 00:00:00","2013-01-30 00:00:00","2013-01-19 00:00:00","2013-02-02 00:00:00","3.0000","36.7500","36.7500","2013-02-01 23:00:00"
"28690","803","1","10","2013-01-19 00:00:00","2013-01-30 00:00:00","2013-01-19 00:00:00","2013-02-02 00:00:00","4.1000","92.2500","92.2500","2013-02-01 23:00:00"
"28690","803","6","50","2013-01-19 00:00:00","2013-01-30 00:00:00","2013-01-19 00:00:00","2013-02-02 00:00:00","3.0000","36.7500","36.7500","2013-02-01 23:00:00"
"28691","804","1","10","2013-01-19 00:00:00","2013-01-30 00:00:00","2013-01-19 00:00:00","2013-02-02 00:00:00","4.1000","92.2500","92.2500","2013-02-01 23:00:00"
"28691","804","6","50","2013-01-19 00:00:00","2013-01-30 00:00:00","2013-01-19 00:00:00","2013-02-02 00:00:00","3.0000","36.7500","36.7500","2013-02-01 23:00:00"
"28696","763","7","60","2013-01-20 00:00:00","2013-01-31 00:00:00","2013-01-31 00:00:00","2013-01-31 00:00:00","4.0000","49.0000","49.0000","2013-01-30 23:00:00"
"28697","764","7","60","2013-01-20 00:00:00","2013-01-31 00:00:00","2013-01-31 00:00:00","2013-01-31 00:00:00","4.0000","49.0000","49.0000","2013-01-30 23:00:00"
"28698","779","7","60","2013-01-20 00:00:00","2013-01-31 00:00:00","2013-01-31 00:00:00","2013-01-31 00:00:00","4.0000","49.0000","49.0000","2013-01-30 23:00:00"
"28699","781","7","60","2013-01-20 00:00:00","2013-01-31 00:00:00","2013-01-31 00:00:00","2013-01-31 00:00:00","4.0000","49.0000","49.0000","2013-01-30 23:00:00"
"28700","783","7","60","2013-01-20 00:00:00","2013-01-31 00:00:00","2013-01-31 00:00:00","2013-01-31 00:00:00","4.0000","49.0000","49.0000","2013-01-30 23:00:00"
"28701","784","7","60","2013-01-20 00:00:00","2013-01-31 00:00:00","2013-01-31 00:00:00","2013-01-31 00:00:00","4.0000","49.0000","49.0000","2013-01-30 23:00:00"
"28702","789","7","60","2013-01-20 00:00:00","2013-01-31 00:00:00","2013-01-31 00:00:00","2013-01-31 00:00:00","4.0000","49.0000","49.0000","2013-01-30 23:00:00"
"28703","790","7","60","2013-01-20 00:00:00","2013-01-31 00:00:00","2013-01-31 00:00:00","2013-01-31 00:00:00","4.0000","49.0000","49.0000","2013-01-30 23:00:00"
"28704","794","7","60","2013-01-20 00:00:00","2013-01-31 00:00:00","2013-01-31 00:00:00","2013-01-31 00:00:00","4.0000","49.0000","49.0000","2013-01-30 23:00:00"
"28705","797","7","60","2013-01-20 00:00:00","2013-01-31 00:00:00","2013-01-31 00:00:00","2013-01-31 00:00:00","4.0000","49.0000","49.0000","2013-01-30 23:00:00"
"28706","516","6","50","2013-01-20 00:00:00","2013-01-31 00:00:00","2013-01-31 00:00:00","2013-01-31 00:00:00","3.0000","36.7500","36.7500","2013-01-30 23:00:00"
"28706","516","7","60","2013-01-20 00:00:00","2013-01-31 00:00:00","2013-01-31 00:00:00","2013-01-31 00:00:00","4.0000","49.0000","49.0000","2013-01-30 23:00:00"
"28707","517","6","50","2013-01-20 00:00:00","2013-01-31 00:00:00","2013-01-31 00:00:00","2013-01-31 00:00:00","3.0000","36.7500","36.7500","2013-01-30 23:00:00"
"28707","517","7","60","2013-01-20 00:00:00","2013-01-31 00:00:00","2013-01-31 00:00:00","2013-01-31 00:00:00","4.0000","49.0000","49.0000","2013-01-30 23:00:00"
"28708","518","6","50","2013-01-20 00:00:00","2013-01-31 00:00:00","2013-01-31 00:00:00","2013-01-31 00:00:00","3.0000","36.7500","36.7500","2013-01-30 23:00:00"
"28708","518","7","60","2013-01-20 00:00:00","2013-01-31 00:00:00","2013-01-31 00:00:00","2013-01-31 00:00:00","4.0000","49.0000","49.0000","2013-01-30 23:00:00"
"28709","519","6","50","2013-01-20 00:00:00","2013-01-31 00:00:00","2013-01-31 00:00:00","2013-01-31 00:00:00","3.0000","36.7500","36.7500","2013-01-30 23:00:00"
"28709","519","7","60","2013-01-20 00:00:00","2013-01-31 00:00:00","2013-01-31 00:00:00","2013-01-31 00:00:00","4.0000","49.0000","49.0000","2013-01-30 23:00:00"
"28717","748","1","10","2013-01-20 00:00:00","2013-01-31 00:00:00","2013-01-31 00:00:00","2013-01-31 00:00:00","4.1000","92.2500","92.2500","2013-01-30 23:00:00"
"28717","748","2","20","2013-01-20 00:00:00","2013-01-31 00:00:00","2013-01-31 00:00:00","2013-01-31 00:00:00","3.5000","87.5000","87.5000","2013-01-30 23:00:00"
"28717","748","3","30","2013-01-20 00:00:00","2013-01-31 00:00:00","2013-01-31 00:00:00","2013-01-31 00:00:00","1.0000","14.5000","14.5000","2013-01-30 23:00:00"
"28717","748","5","45","2013-01-20 00:00:00","2013-01-31 00:00:00","2013-01-31 00:00:00","2013-01-31 00:00:00","2.0000","36.0000","36.0000","2013-01-30 23:00:00"
"28717","748","6","50","2013-01-20 00:00:00","2013-01-31 00:00:00","2013-01-31 00:00:00","2013-01-31 00:00:00","3.0000","36.7500","36.7500","2013-01-30 23:00:00"
"28717","748","7","60","2013-01-20 00:00:00","2013-01-31 00:00:00","2013-01-31 00:00:00","2013-01-31 00:00:00","4.0000","49.0000","49.0000","2013-01-30 23:00:00"
"28718","806","6","50","2013-01-20 00:00:00","2013-01-31 00:00:00","2013-01-31 00:00:00","2013-01-31 00:00:00","3.0000","36.7500","36.7500","2013-01-30 23:00:00"
"28719","810","1","10","2013-01-20 00:00:00","2013-01-31 00:00:00","2013-01-31 00:00:00","2013-01-31 00:00:00","4.1000","92.2500","92.2500","2013-01-30 23:00:00"
"28719","810","2","20","2013-01-20 00:00:00","2013-01-31 00:00:00","2013-01-31 00:00:00","2013-01-31 00:00:00","3.5000","87.5000","87.5000","2013-01-30 23:00:00"
"28719","810","6","50","2013-01-20 00:00:00","2013-01-31 00:00:00","2013-01-31 00:00:00","2013-01-31 00:00:00","3.0000","36.7500","36.7500","2013-01-30 23:00:00"
"28720","811","1","10","2013-01-20 00:00:00","2013-01-31 00:00:00","2013-01-31 00:00:00","2013-01-31 00:00:00","4.1000","92.2500","92.2500","2013-01-30 23:00:00"
"28720","811","2","20","2013-01-20 00:00:00","2013-01-31 00:00:00","2013-01-31 00:00:00","2013-01-31 00:00:00","3.5000","87.5000","87.5000","2013-01-30 23:00:00"
"28720","811","6","50","2013-01-20 00:00:00","2013-01-31 00:00:00","2013-01-31 00:00:00","2013-01-31 00:00:00","3.0000","36.7500","36.7500","2013-01-30 23:00:00"
"28721","812","1","10","2013-01-20 00:00:00","2013-01-31 00:00:00","2013-01-31 00:00:00","2013-01-31 00:00:00","4.1000","92.2500","92.2500","2013-01-30 23:00:00"
"28721","812","2","20","2013-01-20 00:00:00","2013-01-31 00:00:00","2013-01-31 00:00:00","2013-01-31 00:00:00","3.5000","87.5000","87.5000","2013-01-30 23:00:00"
"28721","812","6","50","2013-01-20 00:00:00","2013-01-31 00:00:00","2013-01-31 00:00:00","2013-01-31 00:00:00","3.0000","36.7500","36.7500","2013-01-30 23:00:00"
"28722","813","1","10","2013-01-20 00:00:00","2013-01-31 00:00:00","2013-01-31 00:00:00","2013-01-31 00:00:00","4.1000","92.2500","92.2500","2013-01-30 23:00:00"
"28722","813","2","20","2013-01-20 00:00:00","2013-01-31 00:00:00","2013-01-31 00:00:00","2013-01-31 00:00:00","3.5000","87.5000","87.5000","2013-01-30 23:00:00"
"28722","813","6","50","2013-01-20 00:00:00","2013-01-31 00:00:00","2013-01-31 00:00:00","2013-01-31 00:00:00","3.0000","36.7500","36.7500","2013-01-30 23:00:00"
"28723","816","6","50","2013-01-20 00:00:00","2013-01-31 00:00:00","2013-01-31 00:00:00","2013-01-31 00:00:00","3.0000","36.7500","36.7500","2013-01-30 23:00:00"
"28724","818","6","50","2013-01-20 00:00:00","2013-01-31 00:00:00","2013-01-31 00:00:00","2013-01-31 00:00:00","3.0000","36.7500","36.7500","2013-01-30 23:00:00"
"28725","819","6","50","2013-01-20 00:00:00","2013-01-31 00:00:00","2013-01-31 00:00:00","2013-01-31 00:00:00","3.0000","36.7500","36.7500","2013-01-30 23:00:00"
"28726","820","6","50","2013-01-20 00:00:00","2013-01-31 00:00:00","2013-01-31 00:00:00","2013-01-31 00:00:00","3.0000","36.7500","36.7500","2013-01-30 23:00:00"
"28727","822","1","10","2013-01-20 00:00:00","2013-01-31 00:00:00","2013-01-31 00:00:00","2013-01-31 00:00:00","4.1000","92.2500","92.2500","2013-01-30 23:00:00"
"28727","822","2","20","2013-01-20 00:00:00","2013-01-31 00:00:00","2013-01-31 00:00:00","2013-01-31 00:00:00","3.5000","87.5000","87.5000","2013-01-30 23:00:00"
"28727","822","3","30","2013-01-20 00:00:00","2013-01-31 00:00:00","2013-01-31 00:00:00","2013-01-31 00:00:00","1.0000","14.5000","14.5000","2013-01-30 23:00:00"
"28727","822","4","40","2013-01-20 00:00:00","2013-01-31 00:00:00","2013-01-31 00:00:00","2013-01-31 00:00:00","2.0000","31.5000","31.5000","2013-01-30 23:00:00"
"28727","822","6","50","2013-01-20 00:00:00","2013-01-31 00:00:00","2013-01-31 00:00:00","2013-01-31 00:00:00","3.0000","36.7500","36.7500","2013-01-30 23:00:00"
"28727","822","7","60","2013-01-20 00:00:00","2013-01-31 00:00:00","2013-01-31 00:00:00","2013-01-31 00:00:00","4.0000","49.0000","49.0000","2013-01-30 23:00:00"
"28728","824","6","50","2013-01-20 00:00:00","2013-01-31 00:00:00","2013-01-31 00:00:00","2013-01-31 00:00:00","3.0000","36.7500","36.7500","2013-01-30 23:00:00"
"28729","826","6","50","2013-01-20 00:00:00","2013-01-31 00:00:00","2013-01-31 00:00:00","2013-01-31 00:00:00","3.0000","36.7500","36.7500","2013-01-30 23:00:00"
"28730","827","6","50","2013-01-20 00:00:00","2013-01-31 00:00:00","2013-01-31 00:00:00","2013-01-31 00:00:00","3.0000","36.7500","36.7500","2013-01-30 23:00:00"
"28731","828","6","50","2013-01-20 00:00:00","2013-01-31 00:00:00","2013-01-31 00:00:00","2013-01-31 00:00:00","3.0000","36.7500","36.7500","2013-01-30 23:00:00"
"28733","894","6","50","2013-01-20 00:00:00","2013-01-31 00:00:00","2013-01-31 00:00:00","2013-01-31 00:00:00","3.0000","36.7500","36.7500","2013-01-30 23:00:00"
"28734","945","1","10","2013-01-20 00:00:00","2013-01-31 00:00:00","2013-01-31 00:00:00","2013-01-31 00:00:00","4.1000","92.2500","92.2500","2013-01-30 23:00:00"
"28734","945","6","50","2013-01-20 00:00:00","2013-01-31 00:00:00","2013-01-31 00:00:00","2013-01-31 00:00:00","3.0000","36.7500","36.7500","2013-01-30 23:00:00"
"28735","950","6","50","2013-01-20 00:00:00","2013-01-31 00:00:00","2013-01-31 00:00:00","2013-01-31 00:00:00","3.0000","36.7500","36.7500","2013-01-30 23:00:00"
"28736","994","6","50","2013-01-20 00:00:00","2013-01-31 00:00:00","2013-01-31 00:00:00","2013-01-31 00:00:00","3.0000","36.7500","36.7500","2013-01-30 23:00:00"
"28737","995","6","50","2013-01-20 00:00:00","2013-01-31 00:00:00","2013-01-31 00:00:00","2013-01-31 00:00:00","3.0000","36.7500","36.7500","2013-01-30 23:00:00"
"28738","996","6","50","2013-01-20 00:00:00","2013-01-31 00:00:00","2013-01-31 00:00:00","2013-01-31 00:00:00","3.0000","36.7500","36.7500","2013-01-30 23:00:00"
"28752","802","1","10","2013-01-20 00:00:00","2013-01-31 00:00:00","2013-01-31 00:00:00","2013-01-31 00:00:00","4.1000","92.2500","92.2500","2013-01-30 23:00:00"
"28752","802","6","50","2013-01-20 00:00:00","2013-01-31 00:00:00","2013-01-31 00:00:00","2013-01-31 00:00:00","3.0000","36.7500","36.7500","2013-01-30 23:00:00"
"28753","803","1","10","2013-01-20 00:00:00","2013-01-31 00:00:00","2013-01-31 00:00:00","2013-01-31 00:00:00","4.1000","92.2500","92.2500","2013-01-30 23:00:00"
"28753","803","6","50","2013-01-20 00:00:00","2013-01-31 00:00:00","2013-01-31 00:00:00","2013-01-31 00:00:00","3.0000","36.7500","36.7500","2013-01-30 23:00:00"
"28754","804","1","10","2013-01-20 00:00:00","2013-01-31 00:00:00","2013-01-31 00:00:00","2013-01-31 00:00:00","4.1000","92.2500","92.2500","2013-01-30 23:00:00"
"28754","804","6","50","2013-01-20 00:00:00","2013-01-31 00:00:00","2013-01-31 00:00:00","2013-01-31 00:00:00","3.0000","36.7500","36.7500","2013-01-30 23:00:00"
"28759","761","7","60","2013-01-21 00:00:00","2013-02-01 00:00:00","2013-01-21 00:00:00","2013-02-06 00:00:00","4.0000","49.0000","49.0000","2013-02-05 23:00:00"
"28760","781","7","60","2013-01-21 00:00:00","2013-02-01 00:00:00","2013-01-21 00:00:00","2013-02-06 00:00:00","4.0000","49.0000","49.0000","2013-02-05 23:00:00"
"28761","782","7","60","2013-01-21 00:00:00","2013-02-01 00:00:00","2013-01-21 00:00:00","2013-02-06 00:00:00","4.0000","49.0000","49.0000","2013-02-05 23:00:00"
"28762","784","7","60","2013-01-21 00:00:00","2013-02-01 00:00:00","2013-01-21 00:00:00","2013-02-06 00:00:00","4.0000","49.0000","49.0000","2013-02-05 23:00:00"
"28763","790","7","60","2013-01-21 00:00:00","2013-02-01 00:00:00","2013-01-21 00:00:00","2013-02-06 00:00:00","4.0000","49.0000","49.0000","2013-02-05 23:00:00"
"28764","793","7","60","2013-01-21 00:00:00","2013-02-01 00:00:00","2013-01-21 00:00:00","2013-02-06 00:00:00","4.0000","49.0000","49.0000","2013-02-05 23:00:00"
"28765","794","7","60","2013-01-21 00:00:00","2013-02-01 00:00:00","2013-01-21 00:00:00","2013-02-06 00:00:00","4.0000","49.0000","49.0000","2013-02-05 23:00:00"
"28766","795","7","60","2013-01-21 00:00:00","2013-02-01 00:00:00","2013-01-21 00:00:00","2013-02-06 00:00:00","4.0000","49.0000","49.0000","2013-02-05 23:00:00"
"28767","799","7","60","2013-01-21 00:00:00","2013-02-01 00:00:00","2013-01-21 00:00:00","2013-02-06 00:00:00","4.0000","49.0000","49.0000","2013-02-05 23:00:00"
"28768","516","6","50","2013-01-21 00:00:00","2013-02-01 00:00:00","2013-01-21 00:00:00","2013-02-06 00:00:00","3.0000","36.7500","36.7500","2013-02-05 23:00:00"
"28768","516","7","60","2013-01-21 00:00:00","2013-02-01 00:00:00","2013-01-21 00:00:00","2013-02-06 00:00:00","4.0000","49.0000","49.0000","2013-02-05 23:00:00"
"28769","517","6","50","2013-01-21 00:00:00","2013-02-01 00:00:00","2013-01-21 00:00:00","2013-02-06 00:00:00","3.0000","36.7500","36.7500","2013-02-05 23:00:00"
"28769","517","7","60","2013-01-21 00:00:00","2013-02-01 00:00:00","2013-01-21 00:00:00","2013-02-06 00:00:00","4.0000","49.0000","49.0000","2013-02-05 23:00:00"
"28770","518","6","50","2013-01-21 00:00:00","2013-02-01 00:00:00","2013-01-21 00:00:00","2013-02-06 00:00:00","3.0000","36.7500","36.7500","2013-02-05 23:00:00"
"28770","518","7","60","2013-01-21 00:00:00","2013-02-01 00:00:00","2013-01-21 00:00:00","2013-02-06 00:00:00","4.0000","49.0000","49.0000","2013-02-05 23:00:00"
"28771","519","6","50","2013-01-21 00:00:00","2013-02-01 00:00:00","2013-01-21 00:00:00","2013-02-06 00:00:00","3.0000","36.7500","36.7500","2013-02-05 23:00:00"
"28771","519","7","60","2013-01-21 00:00:00","2013-02-01 00:00:00","2013-01-21 00:00:00","2013-02-06 00:00:00","4.0000","49.0000","49.0000","2013-02-05 23:00:00"
"28776","747","1","10","2013-01-21 00:00:00","2013-02-01 00:00:00","2013-01-21 00:00:00","2013-02-06 00:00:00","4.1000","92.2500","92.2500","2013-02-05 23:00:00"
"28776","747","2","20","2013-01-21 00:00:00","2013-02-01 00:00:00","2013-01-21 00:00:00","2013-02-06 00:00:00","3.5000","87.5000","87.5000","2013-02-05 23:00:00"
"28776","747","3","30","2013-01-21 00:00:00","2013-02-01 00:00:00","2013-01-21 00:00:00","2013-02-06 00:00:00","1.0000","14.5000","14.5000","2013-02-05 23:00:00"
"28776","747","4","40","2013-01-21 00:00:00","2013-02-01 00:00:00","2013-01-21 00:00:00","2013-02-06 00:00:00","2.0000","31.5000","31.5000","2013-02-05 23:00:00"
"28776","747","6","50","2013-01-21 00:00:00","2013-02-01 00:00:00","2013-01-21 00:00:00","2013-02-06 00:00:00","3.0000","36.7500","36.7500","2013-02-05 23:00:00"
"28776","747","7","60","2013-01-21 00:00:00","2013-02-01 00:00:00","2013-01-21 00:00:00","2013-02-06 00:00:00","4.0000","49.0000","49.0000","2013-02-05 23:00:00"
"28777","806","6","50","2013-01-21 00:00:00","2013-02-01 00:00:00","2013-01-21 00:00:00","2013-02-06 00:00:00","3.0000","36.7500","36.7500","2013-02-05 23:00:00"
"28778","810","1","10","2013-01-21 00:00:00","2013-02-01 00:00:00","2013-01-21 00:00:00","2013-02-06 00:00:00","4.1000","92.2500","92.2500","2013-02-05 23:00:00"
"28778","810","2","20","2013-01-21 00:00:00","2013-02-01 00:00:00","2013-01-21 00:00:00","2013-02-06 00:00:00","3.5000","87.5000","87.5000","2013-02-05 23:00:00"
"28778","810","6","50","2013-01-21 00:00:00","2013-02-01 00:00:00","2013-01-21 00:00:00","2013-02-06 00:00:00","3.0000","36.7500","36.7500","2013-02-05 23:00:00"
"28779","811","1","10","2013-01-21 00:00:00","2013-02-01 00:00:00","2013-01-21 00:00:00","2013-02-06 00:00:00","4.1000","92.2500","92.2500","2013-02-05 23:00:00"
"28779","811","2","20","2013-01-21 00:00:00","2013-02-01 00:00:00","2013-01-21 00:00:00","2013-02-06 00:00:00","3.5000","87.5000","87.5000","2013-02-05 23:00:00"
"28779","811","6","50","2013-01-21 00:00:00","2013-02-01 00:00:00","2013-01-21 00:00:00","2013-02-06 00:00:00","3.0000","36.7500","36.7500","2013-02-05 23:00:00"
"28780","812","1","10","2013-01-21 00:00:00","2013-02-01 00:00:00","2013-01-21 00:00:00","2013-02-06 00:00:00","4.1000","92.2500","92.2500","2013-02-05 23:00:00"
"28780","812","2","20","2013-01-21 00:00:00","2013-02-01 00:00:00","2013-01-21 00:00:00","2013-02-06 00:00:00","3.5000","87.5000","87.5000","2013-02-05 23:00:00"
"28780","812","6","50","2013-01-21 00:00:00","2013-02-01 00:00:00","2013-01-21 00:00:00","2013-02-06 00:00:00","3.0000","36.7500","36.7500","2013-02-05 23:00:00"
"28781","813","1","10","2013-01-21 00:00:00","2013-02-01 00:00:00","2013-01-21 00:00:00","2013-02-06 00:00:00","4.1000","92.2500","92.2500","2013-02-05 23:00:00"
"28781","813","2","20","2013-01-21 00:00:00","2013-02-01 00:00:00","2013-01-21 00:00:00","2013-02-06 00:00:00","3.5000","87.5000","87.5000","2013-02-05 23:00:00"
"28781","813","6","50","2013-01-21 00:00:00","2013-02-01 00:00:00","2013-01-21 00:00:00","2013-02-06 00:00:00","3.0000","36.7500","36.7500","2013-02-05 23:00:00"
"28782","816","6","50","2013-01-21 00:00:00","2013-02-01 00:00:00","2013-01-21 00:00:00","2013-02-06 00:00:00","3.0000","36.7500","36.7500","2013-02-05 23:00:00"
"28783","818","6","50","2013-01-21 00:00:00","2013-02-01 00:00:00","2013-01-21 00:00:00","2013-02-06 00:00:00","3.0000","36.7500","36.7500","2013-02-05 23:00:00"
"28784","819","6","50","2013-01-21 00:00:00","2013-02-01 00:00:00","2013-01-21 00:00:00","2013-02-06 00:00:00","3.0000","36.7500","36.7500","2013-02-05 23:00:00"
"28785","820","6","50","2013-01-21 00:00:00","2013-02-01 00:00:00","2013-01-21 00:00:00","2013-02-06 00:00:00","3.0000","36.7500","36.7500","2013-02-05 23:00:00"
"28786","824","6","50","2013-01-21 00:00:00","2013-02-01 00:00:00","2013-01-21 00:00:00","2013-02-06 00:00:00","3.0000","36.7500","36.7500","2013-02-05 23:00:00"
"28787","826","6","50","2013-01-21 00:00:00","2013-02-01 00:00:00","2013-01-21 00:00:00","2013-02-06 00:00:00","3.0000","36.7500","36.7500","2013-02-05 23:00:00"
"28788","827","6","50","2013-01-21 00:00:00","2013-02-01 00:00:00","2013-01-21 00:00:00","2013-02-06 00:00:00","3.0000","36.7500","36.7500","2013-02-05 23:00:00"
"28789","828","6","50","2013-01-21 00:00:00","2013-02-01 00:00:00","2013-01-21 00:00:00","2013-02-06 00:00:00","3.0000","36.7500","36.7500","2013-02-05 23:00:00"
"28794","894","6","50","2013-01-21 00:00:00","2013-02-01 00:00:00","2013-01-21 00:00:00","2013-02-06 00:00:00","3.0000","36.7500","36.7500","2013-02-05 23:00:00"
"28795","945","1","10","2013-01-21 00:00:00","2013-02-01 00:00:00","2013-01-21 00:00:00","2013-02-06 00:00:00","4.1000","92.2500","92.2500","2013-02-05 23:00:00"
"28795","945","6","50","2013-01-21 00:00:00","2013-02-01 00:00:00","2013-01-21 00:00:00","2013-02-06 00:00:00","3.0000","36.7500","36.7500","2013-02-05 23:00:00"
"28796","950","6","50","2013-01-21 00:00:00","2013-02-01 00:00:00","2013-01-21 00:00:00","2013-02-06 00:00:00","3.0000","36.7500","36.7500","2013-02-05 23:00:00"
"28797","994","6","50","2013-01-21 00:00:00","2013-02-01 00:00:00","2013-01-21 00:00:00","2013-02-06 00:00:00","3.0000","36.7500","36.7500","2013-02-05 23:00:00"
"28798","995","6","50","2013-01-21 00:00:00","2013-02-01 00:00:00","2013-01-21 00:00:00","2013-02-06 00:00:00","3.0000","36.7500","36.7500","2013-02-05 23:00:00"
"28799","996","6","50","2013-01-21 00:00:00","2013-02-01 00:00:00","2013-01-21 00:00:00","2013-02-06 00:00:00","3.0000","36.7500","36.7500","2013-02-05 23:00:00"
"28813","802","1","10","2013-01-21 00:00:00","2013-02-01 00:00:00","2013-01-21 00:00:00","2013-02-06 00:00:00","4.1000","92.2500","92.2500","2013-02-05 23:00:00"
"28813","802","6","50","2013-01-21 00:00:00","2013-02-01 00:00:00","2013-01-21 00:00:00","2013-02-06 00:00:00","3.0000","36.7500","36.7500","2013-02-05 23:00:00"
"28814","803","1","10","2013-01-21 00:00:00","2013-02-01 00:00:00","2013-01-21 00:00:00","2013-02-06 00:00:00","4.1000","92.2500","92.2500","2013-02-05 23:00:00"
"28814","803","6","50","2013-01-21 00:00:00","2013-02-01 00:00:00","2013-01-21 00:00:00","2013-02-06 00:00:00","3.0000","36.7500","36.7500","2013-02-05 23:00:00"
"28815","804","1","10","2013-01-21 00:00:00","2013-02-01 00:00:00","2013-01-21 00:00:00","2013-02-06 00:00:00","4.1000","92.2500","92.2500","2013-02-05 23:00:00"
"28815","804","6","50","2013-01-21 00:00:00","2013-02-01 00:00:00","2013-01-21 00:00:00","2013-02-06 00:00:00","3.0000","36.7500","36.7500","2013-02-05 23:00:00"
"28820","761","7","60","2013-01-22 00:00:00","2013-02-02 00:00:00","2013-02-04 00:00:00","2013-02-15 00:00:00","4.0000","49.0000","49.0000","2013-02-14 23:00:00"
"28821","763","7","60","2013-01-22 00:00:00","2013-02-02 00:00:00","2013-02-04 00:00:00","2013-02-15 00:00:00","4.0000","49.0000","49.0000","2013-02-14 23:00:00"
"28822","770","7","60","2013-01-22 00:00:00","2013-02-02 00:00:00","2013-02-04 00:00:00","2013-02-15 00:00:00","4.0000","49.0000","49.0000","2013-02-14 23:00:00"
"28823","782","7","60","2013-01-22 00:00:00","2013-02-02 00:00:00","2013-02-04 00:00:00","2013-02-15 00:00:00","4.0000","49.0000","49.0000","2013-02-14 23:00:00"
"28824","783","7","60","2013-01-22 00:00:00","2013-02-02 00:00:00","2013-02-04 00:00:00","2013-02-15 00:00:00","4.0000","49.0000","49.0000","2013-02-14 23:00:00"
"28825","784","7","60","2013-01-22 00:00:00","2013-02-02 00:00:00","2013-02-04 00:00:00","2013-02-15 00:00:00","4.0000","49.0000","49.0000","2013-02-14 23:00:00"
"28826","789","7","60","2013-01-22 00:00:00","2013-02-02 00:00:00","2013-02-04 00:00:00","2013-02-15 00:00:00","4.0000","49.0000","49.0000","2013-02-14 23:00:00"
"28827","795","7","60","2013-01-22 00:00:00","2013-02-02 00:00:00","2013-02-04 00:00:00","2013-02-15 00:00:00","4.0000","49.0000","49.0000","2013-02-14 23:00:00"
"28828","796","7","60","2013-01-22 00:00:00","2013-02-02 00:00:00","2013-02-04 00:00:00","2013-02-15 00:00:00","4.0000","49.0000","49.0000","2013-02-14 23:00:00"
"28829","516","6","50","2013-01-22 00:00:00","2013-02-02 00:00:00","2013-02-04 00:00:00","2013-02-15 00:00:00","3.0000","36.7500","36.7500","2013-02-14 23:00:00"
"28829","516","7","60","2013-01-22 00:00:00","2013-02-02 00:00:00","2013-02-04 00:00:00","2013-02-15 00:00:00","4.0000","49.0000","49.0000","2013-02-14 23:00:00"
"28830","517","6","50","2013-01-22 00:00:00","2013-02-02 00:00:00","2013-02-04 00:00:00","2013-02-15 00:00:00","3.0000","36.7500","36.7500","2013-02-14 23:00:00"
"28830","517","7","60","2013-01-22 00:00:00","2013-02-02 00:00:00","2013-02-04 00:00:00","2013-02-15 00:00:00","4.0000","49.0000","49.0000","2013-02-14 23:00:00"
"28831","519","6","50","2013-01-22 00:00:00","2013-02-02 00:00:00","2013-02-04 00:00:00","2013-02-15 00:00:00","3.0000","36.7500","36.7500","2013-02-14 23:00:00"
"28831","519","7","60","2013-01-22 00:00:00","2013-02-02 00:00:00","2013-02-04 00:00:00","2013-02-15 00:00:00","4.0000","49.0000","49.0000","2013-02-14 23:00:00"
"28839","747","1","10","2013-01-22 00:00:00","2013-02-02 00:00:00","2013-02-04 00:00:00","2013-02-15 00:00:00","4.1000","92.2500","92.2500","2013-02-14 23:00:00"
"28839","747","2","20","2013-01-22 00:00:00","2013-02-02 00:00:00","2013-02-04 00:00:00","2013-02-15 00:00:00","3.5000","87.5000","87.5000","2013-02-14 23:00:00"
"28839","747","3","30","2013-01-22 00:00:00","2013-02-02 00:00:00","2013-02-04 00:00:00","2013-02-15 00:00:00","1.0000","14.5000","14.5000","2013-02-14 23:00:00"
"28839","747","4","40","2013-01-22 00:00:00","2013-02-02 00:00:00","2013-02-04 00:00:00","2013-02-15 00:00:00","2.0000","31.5000","31.5000","2013-02-14 23:00:00"
"28839","747","6","50","2013-01-22 00:00:00","2013-02-02 00:00:00","2013-02-04 00:00:00","2013-02-15 00:00:00","3.0000","36.7500","36.7500","2013-02-14 23:00:00"
"28839","747","7","60","2013-01-22 00:00:00","2013-02-02 00:00:00","2013-02-04 00:00:00","2013-02-15 00:00:00","4.0000","49.0000","49.0000","2013-02-14 23:00:00"
"28840","806","6","50","2013-01-22 00:00:00","2013-02-02 00:00:00","2013-02-04 00:00:00","2013-02-15 00:00:00","3.0000","36.7500","36.7500","2013-02-14 23:00:00"
"28841","810","1","10","2013-01-22 00:00:00","2013-02-02 00:00:00","2013-02-04 00:00:00","2013-02-15 00:00:00","4.1000","92.2500","92.2500","2013-02-14 23:00:00"
"28841","810","2","20","2013-01-22 00:00:00","2013-02-02 00:00:00","2013-02-04 00:00:00","2013-02-15 00:00:00","3.5000","87.5000","87.5000","2013-02-14 23:00:00"
"28841","810","6","50","2013-01-22 00:00:00","2013-02-02 00:00:00","2013-02-04 00:00:00","2013-02-15 00:00:00","3.0000","36.7500","36.7500","2013-02-14 23:00:00"
"28842","811","1","10","2013-01-22 00:00:00","2013-02-02 00:00:00","2013-02-04 00:00:00","2013-02-15 00:00:00","4.1000","92.2500","92.2500","2013-02-14 23:00:00"
"28842","811","2","20","2013-01-22 00:00:00","2013-02-02 00:00:00","2013-02-04 00:00:00","2013-02-15 00:00:00","3.5000","87.5000","87.5000","2013-02-14 23:00:00"
"28842","811","6","50","2013-01-22 00:00:00","2013-02-02 00:00:00","2013-02-04 00:00:00","2013-02-15 00:00:00","3.0000","36.7500","36.7500","2013-02-14 23:00:00"
"28843","813","1","10","2013-01-22 00:00:00","2013-02-02 00:00:00","2013-02-04 00:00:00","2013-02-15 00:00:00","4.1000","92.2500","92.2500","2013-02-14 23:00:00"
"28843","813","2","20","2013-01-22 00:00:00","2013-02-02 00:00:00","2013-02-04 00:00:00","2013-02-15 00:00:00","3.5000","87.5000","87.5000","2013-02-14 23:00:00"
"28843","813","6","50","2013-01-22 00:00:00","2013-02-02 00:00:00","2013-02-04 00:00:00","2013-02-15 00:00:00","3.0000","36.7500","36.7500","2013-02-14 23:00:00"
"28844","816","6","50","2013-01-22 00:00:00","2013-02-02 00:00:00","2013-02-04 00:00:00","2013-02-15 00:00:00","3.0000","36.7500","36.7500","2013-02-14 23:00:00"
"28845","818","6","50","2013-01-22 00:00:00","2013-02-02 00:00:00","2013-02-04 00:00:00","2013-02-15 00:00:00","3.0000","36.7500","36.7500","2013-02-14 23:00:00"
"28846","820","6","50","2013-01-22 00:00:00","2013-02-02 00:00:00","2013-02-04 00:00:00","2013-02-15 00:00:00","3.0000","36.7500","36.7500","2013-02-14 23:00:00"
"28847","824","6","50","2013-01-22 00:00:00","2013-02-02 00:00:00","2013-02-04 00:00:00","2013-02-15 00:00:00","3.0000","36.7500","36.7500","2013-02-14 23:00:00"
"28848","826","6","50","2013-01-22 00:00:00","2013-02-02 00:00:00","2013-02-04 00:00:00","2013-02-15 00:00:00","3.0000","36.7500","36.7500","2013-02-14 23:00:00"
"28849","828","6","50","2013-01-22 00:00:00","2013-02-02 00:00:00","2013-02-04 00:00:00","2013-02-15 00:00:00","3.0000","36.7500","36.7500","2013-02-14 23:00:00"
"28851","894","6","50","2013-01-22 00:00:00","2013-02-02 00:00:00","2013-02-04 00:00:00","2013-02-15 00:00:00","3.0000","36.7500","36.7500","2013-02-14 23:00:00"
"28852","945","1","10","2013-01-22 00:00:00","2013-02-02 00:00:00","2013-02-04 00:00:00","2013-02-15 00:00:00","4.1000","92.2500","92.2500","2013-02-14 23:00:00"
"28852","945","6","50","2013-01-22 00:00:00","2013-02-02 00:00:00","2013-02-04 00:00:00","2013-02-15 00:00:00","3.0000","36.7500","36.7500","2013-02-14 23:00:00"
"28853","950","6","50","2013-01-22 00:00:00","2013-02-02 00:00:00","2013-02-04 00:00:00","2013-02-15 00:00:00","3.0000","36.7500","36.7500","2013-02-14 23:00:00"
"28854","994","6","50","2013-01-22 00:00:00","2013-02-02 00:00:00","2013-02-04 00:00:00","2013-02-15 00:00:00","3.0000","36.7500","36.7500","2013-02-14 23:00:00"
"28855","995","6","50","2013-01-22 00:00:00","2013-02-02 00:00:00","2013-02-04 00:00:00","2013-02-15 00:00:00","3.0000","36.7500","36.7500","2013-02-14 23:00:00"
"28856","996","6","50","2013-01-22 00:00:00","2013-02-02 00:00:00","2013-02-04 00:00:00","2013-02-15 00:00:00","3.0000","36.7500","36.7500","2013-02-14 23:00:00"
"28870","802","1","10","2013-01-22 00:00:00","2013-02-02 00:00:00","2013-02-04 00:00:00","2013-02-15 00:00:00","4.1000","92.2500","92.2500","2013-02-14 23:00:00"
"28870","802","6","50","2013-01-22 00:00:00","2013-02-02 00:00:00","2013-02-04 00:00:00","2013-02-15 00:00:00","3.0000","36.7500","36.7500","2013-02-14 23:00:00"
"28871","804","1","10","2013-01-22 00:00:00","2013-02-02 00:00:00","2013-02-04 00:00:00","2013-02-15 00:00:00","4.1000","92.2500","92.2500","2013-02-14 23:00:00"
"28871","804","6","50","2013-01-22 00:00:00","2013-02-02 00:00:00","2013-02-04 00:00:00","2013-02-15 00:00:00","3.0000","36.7500","36.7500","2013-02-14 23:00:00"
"28876","765","7","60","2013-01-23 00:00:00","2013-02-03 00:00:00","2013-01-23 00:00:00","2013-02-10 00:00:00","4.0000","49.0000","49.0000","2013-02-09 23:00:00"
"28877","767","7","60","2013-01-23 00:00:00","2013-02-03 00:00:00","2013-01-23 00:00:00","2013-02-10 00:00:00","4.0000","49.0000","49.0000","2013-02-09 23:00:00"
"28878","780","7","60","2013-01-23 00:00:00","2013-02-03 00:00:00","2013-01-23 00:00:00","2013-02-10 00:00:00","4.0000","49.0000","49.0000","2013-02-09 23:00:00"
"28879","783","7","60","2013-01-23 00:00:00","2013-02-03 00:00:00","2013-01-23 00:00:00","2013-02-10 00:00:00","4.0000","49.0000","49.0000","2013-02-09 23:00:00"
"28880","790","7","60","2013-01-23 00:00:00","2013-02-03 00:00:00","2013-01-23 00:00:00","2013-02-10 00:00:00","4.0000","49.0000","49.0000","2013-02-09 23:00:00"
"28881","792","7","60","2013-01-23 00:00:00","2013-02-03 00:00:00","2013-01-23 00:00:00","2013-02-10 00:00:00","4.0000","49.0000","49.0000","2013-02-09 23:00:00"
"28882","798","7","60","2013-01-23 00:00:00","2013-02-03 00:00:00","2013-01-23 00:00:00","2013-02-10 00:00:00","4.0000","49.0000","49.0000","2013-02-09 23:00:00"
"28883","516","6","50","2013-01-23 00:00:00","2013-02-03 00:00:00","2013-01-23 00:00:00","2013-02-10 00:00:00","3.0000","36.7500","36.7500","2013-02-09 23:00:00"
"28883","516","7","60","2013-01-23 00:00:00","2013-02-03 00:00:00","2013-01-23 00:00:00","2013-02-10 00:00:00","4.0000","49.0000","49.0000","2013-02-09 23:00:00"
"28884","517","6","50","2013-01-23 00:00:00","2013-02-03 00:00:00","2013-01-23 00:00:00","2013-02-10 00:00:00","3.0000","36.7500","36.7500","2013-02-09 23:00:00"
"28884","517","7","60","2013-01-23 00:00:00","2013-02-03 00:00:00","2013-01-23 00:00:00","2013-02-10 00:00:00","4.0000","49.0000","49.0000","2013-02-09 23:00:00"
"28885","518","6","50","2013-01-23 00:00:00","2013-02-03 00:00:00","2013-01-23 00:00:00","2013-02-10 00:00:00","3.0000","36.7500","36.7500","2013-02-09 23:00:00"
"28885","518","7","60","2013-01-23 00:00:00","2013-02-03 00:00:00","2013-01-23 00:00:00","2013-02-10 00:00:00","4.0000","49.0000","49.0000","2013-02-09 23:00:00"
"28886","519","6","50","2013-01-23 00:00:00","2013-02-03 00:00:00","2013-01-23 00:00:00","2013-02-10 00:00:00","3.0000","36.7500","36.7500","2013-02-09 23:00:00"
"28886","519","7","60","2013-01-23 00:00:00","2013-02-03 00:00:00","2013-01-23 00:00:00","2013-02-10 00:00:00","4.0000","49.0000","49.0000","2013-02-09 23:00:00"
"28893","806","6","50","2013-01-23 00:00:00","2013-02-03 00:00:00","2013-01-23 00:00:00","2013-02-10 00:00:00","3.0000","36.7500","36.7500","2013-02-09 23:00:00"
"28894","810","1","10","2013-01-23 00:00:00","2013-02-03 00:00:00","2013-01-23 00:00:00","2013-02-10 00:00:00","4.1000","92.2500","92.2500","2013-02-09 23:00:00"
"28894","810","2","20","2013-01-23 00:00:00","2013-02-03 00:00:00","2013-01-23 00:00:00","2013-02-10 00:00:00","3.5000","87.5000","87.5000","2013-02-09 23:00:00"
"28894","810","6","50","2013-01-23 00:00:00","2013-02-03 00:00:00","2013-01-23 00:00:00","2013-02-10 00:00:00","3.0000","36.7500","36.7500","2013-02-09 23:00:00"
"28895","811","1","10","2013-01-23 00:00:00","2013-02-03 00:00:00","2013-01-23 00:00:00","2013-02-10 00:00:00","4.1000","92.2500","92.2500","2013-02-09 23:00:00"
"28895","811","2","20","2013-01-23 00:00:00","2013-02-03 00:00:00","2013-01-23 00:00:00","2013-02-10 00:00:00","3.5000","87.5000","87.5000","2013-02-09 23:00:00"
"28895","811","6","50","2013-01-23 00:00:00","2013-02-03 00:00:00","2013-01-23 00:00:00","2013-02-10 00:00:00","3.0000","36.7500","36.7500","2013-02-09 23:00:00"
"28896","812","1","10","2013-01-23 00:00:00","2013-02-03 00:00:00","2013-01-23 00:00:00","2013-02-10 00:00:00","4.1000","92.2500","92.2500","2013-02-09 23:00:00"
"28896","812","2","20","2013-01-23 00:00:00","2013-02-03 00:00:00","2013-01-23 00:00:00","2013-02-10 00:00:00","3.5000","87.5000","87.5000","2013-02-09 23:00:00"
"28896","812","6","50","2013-01-23 00:00:00","2013-02-03 00:00:00","2013-01-23 00:00:00","2013-02-10 00:00:00","3.0000","36.7500","36.7500","2013-02-09 23:00:00"
"28897","813","1","10","2013-01-23 00:00:00","2013-02-03 00:00:00","2013-01-23 00:00:00","2013-02-10 00:00:00","4.1000","92.2500","92.2500","2013-02-09 23:00:00"
"28897","813","2","20","2013-01-23 00:00:00","2013-02-03 00:00:00","2013-01-23 00:00:00","2013-02-10 00:00:00","3.5000","87.5000","87.5000","2013-02-09 23:00:00"
"28897","813","6","50","2013-01-23 00:00:00","2013-02-03 00:00:00","2013-01-23 00:00:00","2013-02-10 00:00:00","3.0000","36.7500","36.7500","2013-02-09 23:00:00"
"28898","816","6","50","2013-01-23 00:00:00","2013-02-03 00:00:00","2013-01-23 00:00:00","2013-02-10 00:00:00","3.0000","36.7500","36.7500","2013-02-09 23:00:00"
"28899","818","6","50","2013-01-23 00:00:00","2013-02-03 00:00:00","2013-01-23 00:00:00","2013-02-10 00:00:00","3.0000","36.7500","36.7500","2013-02-09 23:00:00"
"28900","819","6","50","2013-01-23 00:00:00","2013-02-03 00:00:00","2013-01-23 00:00:00","2013-02-10 00:00:00","3.0000","36.7500","36.7500","2013-02-09 23:00:00"
"28901","820","6","50","2013-01-23 00:00:00","2013-02-03 00:00:00","2013-01-23 00:00:00","2013-02-10 00:00:00","3.0000","36.7500","36.7500","2013-02-09 23:00:00"
"28902","824","6","50","2013-01-23 00:00:00","2013-02-03 00:00:00","2013-01-23 00:00:00","2013-02-10 00:00:00","3.0000","36.7500","36.7500","2013-02-09 23:00:00"
"28903","826","6","50","2013-01-23 00:00:00","2013-02-03 00:00:00","2013-01-23 00:00:00","2013-02-10 00:00:00","3.0000","36.7500","36.7500","2013-02-09 23:00:00"
"28904","827","6","50","2013-01-23 00:00:00","2013-02-03 00:00:00","2013-01-23 00:00:00","2013-02-10 00:00:00","3.0000","36.7500","36.7500","2013-02-09 23:00:00"
"28905","828","6","50","2013-01-23 00:00:00","2013-02-03 00:00:00","2013-01-23 00:00:00","2013-02-10 00:00:00","3.0000","36.7500","36.7500","2013-02-09 23:00:00"
"28907","894","6","50","2013-01-23 00:00:00","2013-02-03 00:00:00","2013-01-23 00:00:00","2013-02-10 00:00:00","3.0000","36.7500","36.7500","2013-02-09 23:00:00"
"28908","945","1","10","2013-01-23 00:00:00","2013-02-03 00:00:00","2013-01-23 00:00:00","2013-02-10 00:00:00","4.1000","92.2500","92.2500","2013-02-09 23:00:00"
"28908","945","6","50","2013-01-23 00:00:00","2013-02-03 00:00:00","2013-01-23 00:00:00","2013-02-10 00:00:00","3.0000","36.7500","36.7500","2013-02-09 23:00:00"
"28909","950","6","50","2013-01-23 00:00:00","2013-02-03 00:00:00","2013-01-23 00:00:00","2013-02-10 00:00:00","3.0000","36.7500","36.7500","2013-02-09 23:00:00"
"28910","994","6","50","2013-01-23 00:00:00","2013-02-03 00:00:00","2013-01-23 00:00:00","2013-02-10 00:00:00","3.0000","36.7500","36.7500","2013-02-09 23:00:00"
"28911","995","6","50","2013-01-23 00:00:00","2013-02-03 00:00:00","2013-01-23 00:00:00","2013-02-10 00:00:00","3.0000","36.7500","36.7500","2013-02-09 23:00:00"
"28912","996","6","50","2013-01-23 00:00:00","2013-02-03 00:00:00","2013-01-23 00:00:00","2013-02-10 00:00:00","3.0000","36.7500","36.7500","2013-02-09 23:00:00"
"28926","802","1","10","2013-01-23 00:00:00","2013-02-03 00:00:00","2013-01-23 00:00:00","2013-02-10 00:00:00","4.1000","92.2500","92.2500","2013-02-09 23:00:00"
"28926","802","6","50","2013-01-23 00:00:00","2013-02-03 00:00:00","2013-01-23 00:00:00","2013-02-10 00:00:00","3.0000","36.7500","36.7500","2013-02-09 23:00:00"
"28927","803","1","10","2013-01-23 00:00:00","2013-02-03 00:00:00","2013-01-23 00:00:00","2013-02-10 00:00:00","4.1000","92.2500","92.2500","2013-02-09 23:00:00"
"28927","803","6","50","2013-01-23 00:00:00","2013-02-03 00:00:00","2013-01-23 00:00:00","2013-02-10 00:00:00","3.0000","36.7500","36.7500","2013-02-09 23:00:00"
"28928","804","1","10","2013-01-23 00:00:00","2013-02-03 00:00:00","2013-01-23 00:00:00","2013-02-10 00:00:00","4.1000","92.2500","92.2500","2013-02-09 23:00:00"
"28928","804","6","50","2013-01-23 00:00:00","2013-02-03 00:00:00","2013-01-23 00:00:00","2013-02-10 00:00:00","3.0000","36.7500","36.7500","2013-02-09 23:00:00"
"28933","766","7","60","2013-01-24 00:00:00","2013-02-04 00:00:00","2013-02-08 00:00:00","2013-02-19 00:00:00","4.0000","49.0000","49.0000","2013-02-18 23:00:00"
"28934","781","7","60","2013-01-24 00:00:00","2013-02-04 00:00:00","2013-02-08 00:00:00","2013-02-19 00:00:00","4.0000","49.0000","49.0000","2013-02-18 23:00:00"
"28935","784","7","60","2013-01-24 00:00:00","2013-02-04 00:00:00","2013-02-08 00:00:00","2013-02-19 00:00:00","4.0000","49.0000","49.0000","2013-02-18 23:00:00"
"28936","790","7","60","2013-01-24 00:00:00","2013-02-04 00:00:00","2013-02-08 00:00:00","2013-02-19 00:00:00","4.0000","49.0000","49.0000","2013-02-18 23:00:00"
"28937","793","7","60","2013-01-24 00:00:00","2013-02-04 00:00:00","2013-02-08 00:00:00","2013-02-19 00:00:00","4.0000","49.0000","49.0000","2013-02-18 23:00:00"
"28938","794","7","60","2013-01-24 00:00:00","2013-02-04 00:00:00","2013-02-08 00:00:00","2013-02-19 00:00:00","4.0000","49.0000","49.0000","2013-02-18 23:00:00"
"28939","796","7","60","2013-01-24 00:00:00","2013-02-04 00:00:00","2013-02-08 00:00:00","2013-02-19 00:00:00","4.0000","49.0000","49.0000","2013-02-18 23:00:00"
"28940","516","6","50","2013-01-24 00:00:00","2013-02-04 00:00:00","2013-02-08 00:00:00","2013-02-19 00:00:00","3.0000","36.7500","36.7500","2013-02-18 23:00:00"
"28940","516","7","60","2013-01-24 00:00:00","2013-02-04 00:00:00","2013-02-08 00:00:00","2013-02-19 00:00:00","4.0000","49.0000","49.0000","2013-02-18 23:00:00"
"28941","517","6","50","2013-01-24 00:00:00","2013-02-04 00:00:00","2013-02-08 00:00:00","2013-02-19 00:00:00","3.0000","36.7500","36.7500","2013-02-18 23:00:00"
"28941","517","7","60","2013-01-24 00:00:00","2013-02-04 00:00:00","2013-02-08 00:00:00","2013-02-19 00:00:00","4.0000","49.0000","49.0000","2013-02-18 23:00:00"
"28942","519","6","50","2013-01-24 00:00:00","2013-02-04 00:00:00","2013-02-08 00:00:00","2013-02-19 00:00:00","3.0000","36.7500","36.7500","2013-02-18 23:00:00"
"28942","519","7","60","2013-01-24 00:00:00","2013-02-04 00:00:00","2013-02-08 00:00:00","2013-02-19 00:00:00","4.0000","49.0000","49.0000","2013-02-18 23:00:00"
"28948","806","6","50","2013-01-24 00:00:00","2013-02-04 00:00:00","2013-02-08 00:00:00","2013-02-19 00:00:00","3.0000","36.7500","36.7500","2013-02-18 23:00:00"
"28949","810","1","10","2013-01-24 00:00:00","2013-02-04 00:00:00","2013-02-08 00:00:00","2013-02-19 00:00:00","4.1000","92.2500","92.2500","2013-02-18 23:00:00"
"28949","810","2","20","2013-01-24 00:00:00","2013-02-04 00:00:00","2013-02-08 00:00:00","2013-02-19 00:00:00","3.5000","87.5000","87.5000","2013-02-18 23:00:00"
"28949","810","6","50","2013-01-24 00:00:00","2013-02-04 00:00:00","2013-02-08 00:00:00","2013-02-19 00:00:00","3.0000","36.7500","36.7500","2013-02-18 23:00:00"
"28950","811","1","10","2013-01-24 00:00:00","2013-02-04 00:00:00","2013-02-08 00:00:00","2013-02-19 00:00:00","4.1000","92.2500","92.2500","2013-02-18 23:00:00"
"28950","811","2","20","2013-01-24 00:00:00","2013-02-04 00:00:00","2013-02-08 00:00:00","2013-02-19 00:00:00","3.5000","87.5000","87.5000","2013-02-18 23:00:00"
"28950","811","6","50","2013-01-24 00:00:00","2013-02-04 00:00:00","2013-02-08 00:00:00","2013-02-19 00:00:00","3.0000","36.7500","36.7500","2013-02-18 23:00:00"
"28951","813","1","10","2013-01-24 00:00:00","2013-02-04 00:00:00","2013-02-08 00:00:00","2013-02-19 00:00:00","4.1000","92.2500","92.2500","2013-02-18 23:00:00"
"28951","813","2","20","2013-01-24 00:00:00","2013-02-04 00:00:00","2013-02-08 00:00:00","2013-02-19 00:00:00","3.5000","87.5000","87.5000","2013-02-18 23:00:00"
"28951","813","6","50","2013-01-24 00:00:00","2013-02-04 00:00:00","2013-02-08 00:00:00","2013-02-19 00:00:00","3.0000","36.7500","36.7500","2013-02-18 23:00:00"
"28952","816","6","50","2013-01-24 00:00:00","2013-02-04 00:00:00","2013-02-08 00:00:00","2013-02-19 00:00:00","3.0000","36.7500","36.7500","2013-02-18 23:00:00"
"28953","818","6","50","2013-01-24 00:00:00","2013-02-04 00:00:00","2013-02-08 00:00:00","2013-02-19 00:00:00","3.0000","36.7500","36.7500","2013-02-18 23:00:00"
"28954","820","6","50","2013-01-24 00:00:00","2013-02-04 00:00:00","2013-02-08 00:00:00","2013-02-19 00:00:00","3.0000","36.7500","36.7500","2013-02-18 23:00:00"
"28955","824","6","50","2013-01-24 00:00:00","2013-02-04 00:00:00","2013-02-08 00:00:00","2013-02-19 00:00:00","3.0000","36.7500","36.7500","2013-02-18 23:00:00"
"28956","826","6","50","2013-01-24 00:00:00","2013-02-04 00:00:00","2013-02-08 00:00:00","2013-02-19 00:00:00","3.0000","36.7500","36.7500","2013-02-18 23:00:00"
"28957","828","6","50","2013-01-24 00:00:00","2013-02-04 00:00:00","2013-02-08 00:00:00","2013-02-19 00:00:00","3.0000","36.7500","36.7500","2013-02-18 23:00:00"
"28960","894","6","50","2013-01-24 00:00:00","2013-02-04 00:00:00","2013-02-08 00:00:00","2013-02-19 00:00:00","3.0000","36.7500","36.7500","2013-02-18 23:00:00"
"28961","945","1","10","2013-01-24 00:00:00","2013-02-04 00:00:00","2013-02-08 00:00:00","2013-02-19 00:00:00","4.1000","92.2500","92.2500","2013-02-18 23:00:00"
"28961","945","6","50","2013-01-24 00:00:00","2013-02-04 00:00:00","2013-02-08 00:00:00","2013-02-19 00:00:00","3.0000","36.7500","36.7500","2013-02-18 23:00:00"
"28962","950","6","50","2013-01-24 00:00:00","2013-02-04 00:00:00","2013-02-08 00:00:00","2013-02-19 00:00:00","3.0000","36.7500","36.7500","2013-02-18 23:00:00"
"28963","994","6","50","2013-01-24 00:00:00","2013-02-04 00:00:00","2013-02-08 00:00:00","2013-02-19 00:00:00","3.0000","36.7500","36.7500","2013-02-18 23:00:00"
"28964","995","6","50","2013-01-24 00:00:00","2013-02-04 00:00:00","2013-02-08 00:00:00","2013-02-19 00:00:00","3.0000","36.7500","36.7500","2013-02-18 23:00:00"
"28965","996","6","50","2013-01-24 00:00:00","2013-02-04 00:00:00","2013-02-08 00:00:00","2013-02-19 00:00:00","3.0000","36.7500","36.7500","2013-02-18 23:00:00"
"28979","802","1","10","2013-01-24 00:00:00","2013-02-04 00:00:00","2013-02-08 00:00:00","2013-02-19 00:00:00","4.1000","92.2500","92.2500","2013-02-18 23:00:00"
"28979","802","6","50","2013-01-24 00:00:00","2013-02-04 00:00:00","2013-02-08 00:00:00","2013-02-19 00:00:00","3.0000","36.7500","36.7500","2013-02-18 23:00:00"
"28980","804","1","10","2013-01-24 00:00:00","2013-02-04 00:00:00","2013-02-08 00:00:00","2013-02-19 00:00:00","4.1000","92.2500","92.2500","2013-02-18 23:00:00"
"28980","804","6","50","2013-01-24 00:00:00","2013-02-04 00:00:00","2013-02-08 00:00:00","2013-02-19 00:00:00","3.0000","36.7500","36.7500","2013-02-18 23:00:00"
"28985","759","7","60","2013-01-25 00:00:00","2013-02-05 00:00:00","2013-01-25 00:00:00","2013-02-14 00:00:00","4.0000","49.0000","49.0000","2013-02-13 23:00:00"
"28986","764","7","60","2013-01-25 00:00:00","2013-02-05 00:00:00","2013-01-25 00:00:00","2013-02-14 00:00:00","4.0000","49.0000","49.0000","2013-02-13 23:00:00"
"28987","791","7","60","2013-01-25 00:00:00","2013-02-05 00:00:00","2013-01-25 00:00:00","2013-02-14 00:00:00","4.0000","49.0000","49.0000","2013-02-13 23:00:00"
"28988","517","6","50","2013-01-25 00:00:00","2013-02-05 00:00:00","2013-01-25 00:00:00","2013-02-14 00:00:00","3.0000","36.7500","36.7500","2013-02-13 23:00:00"
"28988","517","7","60","2013-01-25 00:00:00","2013-02-05 00:00:00","2013-01-25 00:00:00","2013-02-14 00:00:00","4.0000","49.0000","49.0000","2013-02-13 23:00:00"
"28989","519","6","50","2013-01-25 00:00:00","2013-02-05 00:00:00","2013-01-25 00:00:00","2013-02-14 00:00:00","3.0000","36.7500","36.7500","2013-02-13 23:00:00"
"28989","519","7","60","2013-01-25 00:00:00","2013-02-05 00:00:00","2013-01-25 00:00:00","2013-02-14 00:00:00","4.0000","49.0000","49.0000","2013-02-13 23:00:00"
"28993","806","6","50","2013-01-25 00:00:00","2013-02-05 00:00:00","2013-01-25 00:00:00","2013-02-14 00:00:00","3.0000","36.7500","36.7500","2013-02-13 23:00:00"
"28994","811","1","10","2013-01-25 00:00:00","2013-02-05 00:00:00","2013-01-25 00:00:00","2013-02-14 00:00:00","4.1000","92.2500","92.2500","2013-02-13 23:00:00"
"28994","811","2","20","2013-01-25 00:00:00","2013-02-05 00:00:00","2013-01-25 00:00:00","2013-02-14 00:00:00","3.5000","87.5000","87.5000","2013-02-13 23:00:00"
"28994","811","6","50","2013-01-25 00:00:00","2013-02-05 00:00:00","2013-01-25 00:00:00","2013-02-14 00:00:00","3.0000","36.7500","36.7500","2013-02-13 23:00:00"
"28995","813","1","10","2013-01-25 00:00:00","2013-02-05 00:00:00","2013-01-25 00:00:00","2013-02-14 00:00:00","4.1000","92.2500","92.2500","2013-02-13 23:00:00"
"28995","813","2","20","2013-01-25 00:00:00","2013-02-05 00:00:00","2013-01-25 00:00:00","2013-02-14 00:00:00","3.5000","87.5000","87.5000","2013-02-13 23:00:00"
"28995","813","6","50","2013-01-25 00:00:00","2013-02-05 00:00:00","2013-01-25 00:00:00","2013-02-14 00:00:00","3.0000","36.7500","36.7500","2013-02-13 23:00:00"
"28996","818","6","50","2013-01-25 00:00:00","2013-02-05 00:00:00","2013-01-25 00:00:00","2013-02-14 00:00:00","3.0000","36.7500","36.7500","2013-02-13 23:00:00"
"28997","820","6","50","2013-01-25 00:00:00","2013-02-05 00:00:00","2013-01-25 00:00:00","2013-02-14 00:00:00","3.0000","36.7500","36.7500","2013-02-13 23:00:00"
"28998","826","6","50","2013-01-25 00:00:00","2013-02-05 00:00:00","2013-01-25 00:00:00","2013-02-14 00:00:00","3.0000","36.7500","36.7500","2013-02-13 23:00:00"
"28999","828","6","50","2013-01-25 00:00:00","2013-02-05 00:00:00","2013-01-25 00:00:00","2013-02-14 00:00:00","3.0000","36.7500","36.7500","2013-02-13 23:00:00"
"29000","894","6","50","2013-01-25 00:00:00","2013-02-05 00:00:00","2013-01-25 00:00:00","2013-02-14 00:00:00","3.0000","36.7500","36.7500","2013-02-13 23:00:00"
"29001","945","1","10","2013-01-25 00:00:00","2013-02-05 00:00:00","2013-01-25 00:00:00","2013-02-14 00:00:00","4.1000","92.2500","92.2500","2013-02-13 23:00:00"
"29001","945","6","50","2013-01-25 00:00:00","2013-02-05 00:00:00","2013-01-25 00:00:00","2013-02-14 00:00:00","3.0000","36.7500","36.7500","2013-02-13 23:00:00"
"29002","950","6","50","2013-01-25 00:00:00","2013-02-05 00:00:00","2013-01-25 00:00:00","2013-02-14 00:00:00","3.0000","36.7500","36.7500","2013-02-13 23:00:00"
"29003","994","6","50","2013-01-25 00:00:00","2013-02-05 00:00:00","2013-01-25 00:00:00","2013-02-14 00:00:00","3.0000","36.7500","36.7500","2013-02-13 23:00:00"
"29004","996","6","50","2013-01-25 00:00:00","2013-02-05 00:00:00","2013-01-25 00:00:00","2013-02-14 00:00:00","3.0000","36.7500","36.7500","2013-02-13 23:00:00"
"29017","802","1","10","2013-01-25 00:00:00","2013-02-05 00:00:00","2013-01-25 00:00:00","2013-02-14 00:00:00","4.1000","92.2500","92.2500","2013-02-13 23:00:00"
"29017","802","6","50","2013-01-25 00:00:00","2013-02-05 00:00:00","2013-01-25 00:00:00","2013-02-14 00:00:00","3.0000","36.7500","36.7500","2013-02-13 23:00:00"
"29018","804","1","10","2013-01-25 00:00:00","2013-02-05 00:00:00","2013-01-25 00:00:00","2013-02-14 00:00:00","4.1000","92.2500","92.2500","2013-02-13 23:00:00"
"29018","804","6","50","2013-01-25 00:00:00","2013-02-05 00:00:00","2013-01-25 00:00:00","2013-02-14 00:00:00","3.0000","36.7500","36.7500","2013-02-13 23:00:00"
"29023","760","7","60","2013-01-26 00:00:00","2013-02-06 00:00:00","2013-02-12 00:00:00","2013-02-23 00:00:00","4.0000","49.0000","49.0000","2013-02-22 23:00:00"
"29024","768","7","60","2013-01-26 00:00:00","2013-02-06 00:00:00","2013-02-12 00:00:00","2013-02-23 00:00:00","4.0000","49.0000","49.0000","2013-02-22 23:00:00"
"29025","779","7","60","2013-01-26 00:00:00","2013-02-06 00:00:00","2013-02-12 00:00:00","2013-02-23 00:00:00","4.0000","49.0000","49.0000","2013-02-22 23:00:00"
"29026","780","7","60","2013-01-26 00:00:00","2013-02-06 00:00:00","2013-02-12 00:00:00","2013-02-23 00:00:00","4.0000","49.0000","49.0000","2013-02-22 23:00:00"
"29027","782","7","60","2013-01-26 00:00:00","2013-02-06 00:00:00","2013-02-12 00:00:00","2013-02-23 00:00:00","4.0000","49.0000","49.0000","2013-02-22 23:00:00"
"29028","783","7","60","2013-01-26 00:00:00","2013-02-06 00:00:00","2013-02-12 00:00:00","2013-02-23 00:00:00","4.0000","49.0000","49.0000","2013-02-22 23:00:00"
"29029","784","7","60","2013-01-26 00:00:00","2013-02-06 00:00:00","2013-02-12 00:00:00","2013-02-23 00:00:00","4.0000","49.0000","49.0000","2013-02-22 23:00:00"
"29030","790","7","60","2013-01-26 00:00:00","2013-02-06 00:00:00","2013-02-12 00:00:00","2013-02-23 00:00:00","4.0000","49.0000","49.0000","2013-02-22 23:00:00"
"29031","793","7","60","2013-01-26 00:00:00","2013-02-06 00:00:00","2013-02-12 00:00:00","2013-02-23 00:00:00","4.0000","49.0000","49.0000","2013-02-22 23:00:00"
"29032","795","7","60","2013-01-26 00:00:00","2013-02-06 00:00:00","2013-02-12 00:00:00","2013-02-23 00:00:00","4.0000","49.0000","49.0000","2013-02-22 23:00:00"
"29033","801","7","60","2013-01-26 00:00:00","2013-02-06 00:00:00","2013-02-12 00:00:00","2013-02-23 00:00:00","4.0000","49.0000","49.0000","2013-02-22 23:00:00"
"29034","516","6","50","2013-01-26 00:00:00","2013-02-06 00:00:00","2013-02-12 00:00:00","2013-02-23 00:00:00","3.0000","36.7500","36.7500","2013-02-22 23:00:00"
"29034","516","7","60","2013-01-26 00:00:00","2013-02-06 00:00:00","2013-02-12 00:00:00","2013-02-23 00:00:00","4.0000","49.0000","49.0000","2013-02-22 23:00:00"
"29035","517","6","50","2013-01-26 00:00:00","2013-02-06 00:00:00","2013-02-12 00:00:00","2013-02-23 00:00:00","3.0000","36.7500","36.7500","2013-02-22 23:00:00"
"29035","517","7","60","2013-01-26 00:00:00","2013-02-06 00:00:00","2013-02-12 00:00:00","2013-02-23 00:00:00","4.0000","49.0000","49.0000","2013-02-22 23:00:00"
"29036","518","6","50","2013-01-26 00:00:00","2013-02-06 00:00:00","2013-02-12 00:00:00","2013-02-23 00:00:00","3.0000","36.7500","36.7500","2013-02-22 23:00:00"
"29036","518","7","60","2013-01-26 00:00:00","2013-02-06 00:00:00","2013-02-12 00:00:00","2013-02-23 00:00:00","4.0000","49.0000","49.0000","2013-02-22 23:00:00"
"29037","519","6","50","2013-01-26 00:00:00","2013-02-06 00:00:00","2013-02-12 00:00:00","2013-02-23 00:00:00","3.0000","36.7500","36.7500","2013-02-22 23:00:00"
"29037","519","7","60","2013-01-26 00:00:00","2013-02-06 00:00:00","2013-02-12 00:00:00","2013-02-23 00:00:00","4.0000","49.0000","49.0000","2013-02-22 23:00:00"
"29044","747","1","10","2013-01-26 00:00:00","2013-02-06 00:00:00","2013-02-12 00:00:00","2013-02-23 00:00:00","4.1000","92.2500","92.2500","2013-02-22 23:00:00"
"29044","747","2","20","2013-01-26 00:00:00","2013-02-06 00:00:00","2013-02-12 00:00:00","2013-02-23 00:00:00","3.5000","87.5000","87.5000","2013-02-22 23:00:00"
"29044","747","3","30","2013-01-26 00:00:00","2013-02-06 00:00:00","2013-02-12 00:00:00","2013-02-23 00:00:00","1.0000","14.5000","14.5000","2013-02-22 23:00:00"
"29044","747","4","40","2013-01-26 00:00:00","2013-02-06 00:00:00","2013-02-12 00:00:00","2013-02-23 00:00:00","2.0000","31.5000","31.5000","2013-02-22 23:00:00"
"29044","747","6","50","2013-01-26 00:00:00","2013-02-06 00:00:00","2013-02-12 00:00:00","2013-02-23 00:00:00","3.0000","36.7500","36.7500","2013-02-22 23:00:00"
"29044","747","7","60","2013-01-26 00:00:00","2013-02-06 00:00:00","2013-02-12 00:00:00","2013-02-23 00:00:00","4.0000","49.0000","49.0000","2013-02-22 23:00:00"
"29045","748","1","10","2013-01-26 00:00:00","2013-02-06 00:00:00","2013-02-12 00:00:00","2013-02-23 00:00:00","4.1000","92.2500","92.2500","2013-02-22 23:00:00"
"29045","748","2","20","2013-01-26 00:00:00","2013-02-06 00:00:00","2013-02-12 00:00:00","2013-02-23 00:00:00","3.5000","87.5000","87.5000","2013-02-22 23:00:00"
"29045","748","3","30","2013-01-26 00:00:00","2013-02-06 00:00:00","2013-02-12 00:00:00","2013-02-23 00:00:00","1.0000","14.5000","14.5000","2013-02-22 23:00:00"
"29045","748","5","45","2013-01-26 00:00:00","2013-02-06 00:00:00","2013-02-12 00:00:00","2013-02-23 00:00:00","2.0000","36.0000","36.0000","2013-02-22 23:00:00"
"29045","748","6","50","2013-01-26 00:00:00","2013-02-06 00:00:00","2013-02-12 00:00:00","2013-02-23 00:00:00","3.0000","36.7500","36.7500","2013-02-22 23:00:00"
"29045","748","7","60","2013-01-26 00:00:00","2013-02-06 00:00:00","2013-02-12 00:00:00","2013-02-23 00:00:00","4.0000","49.0000","49.0000","2013-02-22 23:00:00"
"29046","806","6","50","2013-01-26 00:00:00","2013-02-06 00:00:00","2013-02-12 00:00:00","2013-02-23 00:00:00","3.0000","36.7500","36.7500","2013-02-22 23:00:00"
"29047","810","1","10","2013-01-26 00:00:00","2013-02-06 00:00:00","2013-02-12 00:00:00","2013-02-23 00:00:00","4.1000","92.2500","92.2500","2013-02-22 23:00:00"
"29047","810","2","20","2013-01-26 00:00:00","2013-02-06 00:00:00","2013-02-12 00:00:00","2013-02-23 00:00:00","3.5000","87.5000","87.5000","2013-02-22 23:00:00"
"29047","810","6","50","2013-01-26 00:00:00","2013-02-06 00:00:00","2013-02-12 00:00:00","2013-02-23 00:00:00","3.0000","36.7500","36.7500","2013-02-22 23:00:00"
"29048","811","1","10","2013-01-26 00:00:00","2013-02-06 00:00:00","2013-02-12 00:00:00","2013-02-23 00:00:00","4.1000","92.2500","92.2500","2013-02-22 23:00:00"
"29048","811","2","20","2013-01-26 00:00:00","2013-02-06 00:00:00","2013-02-12 00:00:00","2013-02-23 00:00:00","3.5000","87.5000","87.5000","2013-02-22 23:00:00"
"29048","811","6","50","2013-01-26 00:00:00","2013-02-06 00:00:00","2013-02-12 00:00:00","2013-02-23 00:00:00","3.0000","36.7500","36.7500","2013-02-22 23:00:00"
"29049","812","1","10","2013-01-26 00:00:00","2013-02-06 00:00:00","2013-02-12 00:00:00","2013-02-23 00:00:00","4.1000","92.2500","92.2500","2013-02-22 23:00:00"
"29049","812","2","20","2013-01-26 00:00:00","2013-02-06 00:00:00","2013-02-12 00:00:00","2013-02-23 00:00:00","3.5000","87.5000","87.5000","2013-02-22 23:00:00"
"29049","812","6","50","2013-01-26 00:00:00","2013-02-06 00:00:00","2013-02-12 00:00:00","2013-02-23 00:00:00","3.0000","36.7500","36.7500","2013-02-22 23:00:00"
"29050","813","1","10","2013-01-26 00:00:00","2013-02-06 00:00:00","2013-02-12 00:00:00","2013-02-23 00:00:00","4.1000","92.2500","92.2500","2013-02-22 23:00:00"
"29050","813","2","20","2013-01-26 00:00:00","2013-02-06 00:00:00","2013-02-12 00:00:00","2013-02-23 00:00:00","3.5000","87.5000","87.5000","2013-02-22 23:00:00"
"29050","813","6","50","2013-01-26 00:00:00","2013-02-06 00:00:00","2013-02-12 00:00:00","2013-02-23 00:00:00","3.0000","36.7500","36.7500","2013-02-22 23:00:00"
"29051","816","6","50","2013-01-26 00:00:00","2013-02-06 00:00:00","2013-02-12 00:00:00","2013-02-23 00:00:00","3.0000","36.7500","36.7500","2013-02-22 23:00:00"
"29052","818","6","50","2013-01-26 00:00:00","2013-02-06 00:00:00","2013-02-12 00:00:00","2013-02-23 00:00:00","3.0000","36.7500","36.7500","2013-02-22 23:00:00"
"29053","819","6","50","2013-01-26 00:00:00","2013-02-06 00:00:00","2013-02-12 00:00:00","2013-02-23 00:00:00","3.0000","36.7500","36.7500","2013-02-22 23:00:00"
"29054","820","6","50","2013-01-26 00:00:00","2013-02-06 00:00:00","2013-02-12 00:00:00","2013-02-23 00:00:00","3.0000","36.7500","36.7500","2013-02-22 23:00:00"
"29055","824","6","50","2013-01-26 00:00:00","2013-02-06 00:00:00","2013-02-12 00:00:00","2013-02-23 00:00:00","3.0000","36.7500","36.7500","2013-02-22 23:00:00"
"29056","826","6","50","2013-01-26 00:00:00","2013-02-06 00:00:00","2013-02-12 00:00:00","2013-02-23 00:00:00","3.0000","36.7500","36.7500","2013-02-22 23:00:00"
"29057","827","6","50","2013-01-26 00:00:00","2013-02-06 00:00:00","2013-02-12 00:00:00","2013-02-23 00:00:00","3.0000","36.7500","36.7500","2013-02-22 23:00:00"
"29058","828","6","50","2013-01-26 00:00:00","2013-02-06 00:00:00","2013-02-12 00:00:00","2013-02-23 00:00:00","3.0000","36.7500","36.7500","2013-02-22 23:00:00"
"29062","894","6","50","2013-01-26 00:00:00","2013-02-06 00:00:00","2013-02-12 00:00:00","2013-02-23 00:00:00","3.0000","36.7500","36.7500","2013-02-22 23:00:00"
"29063","945","1","10","2013-01-26 00:00:00","2013-02-06 00:00:00","2013-02-12 00:00:00","2013-02-23 00:00:00","4.1000","92.2500","92.2500","2013-02-22 23:00:00"
"29063","945","6","50","2013-01-26 00:00:00","2013-02-06 00:00:00","2013-02-12 00:00:00","2013-02-23 00:00:00","3.0000","36.7500","36.7500","2013-02-22 23:00:00"
"29064","950","6","50","2013-01-26 00:00:00","2013-02-06 00:00:00","2013-02-12 00:00:00","2013-02-23 00:00:00","3.0000","36.7500","36.7500","2013-02-22 23:00:00"
"29065","994","6","50","2013-01-26 00:00:00","2013-02-06 00:00:00","2013-02-12 00:00:00","2013-02-23 00:00:00","3.0000","36.7500","36.7500","2013-02-22 23:00:00"
"29066","995","6","50","2013-01-26 00:00:00","2013-02-06 00:00:00","2013-02-12 00:00:00","2013-02-23 00:00:00","3.0000","36.7500","36.7500","2013-02-22 23:00:00"
"29067","996","6","50","2013-01-26 00:00:00","2013-02-06 00:00:00","2013-02-12 00:00:00","2013-02-23 00:00:00","3.0000","36.7500","36.7500","2013-02-22 23:00:00"
"29081","802","1","10","2013-01-26 00:00:00","2013-02-06 00:00:00","2013-02-12 00:00:00","2013-02-23 00:00:00","4.1000","92.2500","92.2500","2013-02-22 23:00:00"
"29081","802","6","50","2013-01-26 00:00:00","2013-02-06 00:00:00","2013-02-12 00:00:00","2013-02-23 00:00:00","3.0000","36.7500","36.7500","2013-02-22 23:00:00"
"29082","803","1","10","2013-01-26 00:00:00","2013-02-06 00:00:00","2013-02-12 00:00:00","2013-02-23 00:00:00","4.1000","92.2500","92.2500","2013-02-22 23:00:00"
"29082","803","6","50","2013-01-26 00:00:00","2013-02-06 00:00:00","2013-02-12 00:00:00","2013-02-23 00:00:00","3.0000","36.7500","36.7500","2013-02-22 23:00:00"
"29083","804","1","10","2013-01-26 00:00:00","2013-02-06 00:00:00","2013-02-12 00:00:00","2013-02-23 00:00:00","4.1000","92.2500","92.2500","2013-02-22 23:00:00"
"29083","804","6","50","2013-01-26 00:00:00","2013-02-06 00:00:00","2013-02-12 00:00:00","2013-02-23 00:00:00","3.0000","36.7500","36.7500","2013-02-22 23:00:00"
"29088","764","7","60","2013-01-27 00:00:00","2013-02-07 00:00:00","2013-01-27 00:00:00","2013-02-08 00:00:00","4.0000","49.0000","49.0000","2013-02-07 23:00:00"
"29089","769","7","60","2013-01-27 00:00:00","2013-02-07 00:00:00","2013-01-27 00:00:00","2013-02-08 00:00:00","4.0000","49.0000","49.0000","2013-02-07 23:00:00"
"29090","770","7","60","2013-01-27 00:00:00","2013-02-07 00:00:00","2013-01-27 00:00:00","2013-02-08 00:00:00","4.0000","49.0000","49.0000","2013-02-07 23:00:00"
"29091","779","7","60","2013-01-27 00:00:00","2013-02-07 00:00:00","2013-01-27 00:00:00","2013-02-08 00:00:00","4.0000","49.0000","49.0000","2013-02-07 23:00:00"
"29092","784","7","60","2013-01-27 00:00:00","2013-02-07 00:00:00","2013-01-27 00:00:00","2013-02-08 00:00:00","4.0000","49.0000","49.0000","2013-02-07 23:00:00"
"29093","789","7","60","2013-01-27 00:00:00","2013-02-07 00:00:00","2013-01-27 00:00:00","2013-02-08 00:00:00","4.0000","49.0000","49.0000","2013-02-07 23:00:00"
"29094","790","7","60","2013-01-27 00:00:00","2013-02-07 00:00:00","2013-01-27 00:00:00","2013-02-08 00:00:00","4.0000","49.0000","49.0000","2013-02-07 23:00:00"
"29095","791","7","60","2013-01-27 00:00:00","2013-02-07 00:00:00","2013-01-27 00:00:00","2013-02-08 00:00:00","4.0000","49.0000","49.0000","2013-02-07 23:00:00"
"29096","793","7","60","2013-01-27 00:00:00","2013-02-07 00:00:00","2013-01-27 00:00:00","2013-02-08 00:00:00","4.0000","49.0000","49.0000","2013-02-07 23:00:00"
"29097","796","7","60","2013-01-27 00:00:00","2013-02-07 00:00:00","2013-01-27 00:00:00","2013-02-08 00:00:00","4.0000","49.0000","49.0000","2013-02-07 23:00:00"
"29098","801","7","60","2013-01-27 00:00:00","2013-02-07 00:00:00","2013-01-27 00:00:00","2013-02-08 00:00:00","4.0000","49.0000","49.0000","2013-02-07 23:00:00"
"29099","516","6","50","2013-01-27 00:00:00","2013-02-07 00:00:00","2013-01-27 00:00:00","2013-02-08 00:00:00","3.0000","36.7500","36.7500","2013-02-07 23:00:00"
"29099","516","7","60","2013-01-27 00:00:00","2013-02-07 00:00:00","2013-01-27 00:00:00","2013-02-08 00:00:00","4.0000","49.0000","49.0000","2013-02-07 23:00:00"
"29100","517","6","50","2013-01-27 00:00:00","2013-02-07 00:00:00","2013-01-27 00:00:00","2013-02-08 00:00:00","3.0000","36.7500","36.7500","2013-02-07 23:00:00"
"29100","517","7","60","2013-01-27 00:00:00","2013-02-07 00:00:00","2013-01-27 00:00:00","2013-02-08 00:00:00","4.0000","49.0000","49.0000","2013-02-07 23:00:00"
"29101","518","6","50","2013-01-27 00:00:00","2013-02-07 00:00:00","2013-01-27 00:00:00","2013-02-08 00:00:00","3.0000","36.7500","36.7500","2013-02-07 23:00:00"
"29101","518","7","60","2013-01-27 00:00:00","2013-02-07 00:00:00","2013-01-27 00:00:00","2013-02-08 00:00:00","4.0000","49.0000","49.0000","2013-02-07 23:00:00"
"29102","519","6","50","2013-01-27 00:00:00","2013-02-07 00:00:00","2013-01-27 00:00:00","2013-02-08 00:00:00","3.0000","36.7500","36.7500","2013-02-07 23:00:00"
"29102","519","7","60","2013-01-27 00:00:00","2013-02-07 00:00:00","2013-01-27 00:00:00","2013-02-08 00:00:00","4.0000","49.0000","49.0000","2013-02-07 23:00:00"
"29111","748","1","10","2013-01-27 00:00:00","2013-02-07 00:00:00","2013-01-27 00:00:00","2013-02-08 00:00:00","4.1000","92.2500","92.2500","2013-02-07 23:00:00"
"29111","748","2","20","2013-01-27 00:00:00","2013-02-07 00:00:00","2013-01-27 00:00:00","2013-02-08 00:00:00","3.5000","87.5000","87.5000","2013-02-07 23:00:00"
"29111","748","3","30","2013-01-27 00:00:00","2013-02-07 00:00:00","2013-01-27 00:00:00","2013-02-08 00:00:00","1.0000","14.5000","14.5000","2013-02-07 23:00:00"
"29111","748","5","45","2013-01-27 00:00:00","2013-02-07 00:00:00","2013-01-27 00:00:00","2013-02-08 00:00:00","2.0000","36.0000","36.0000","2013-02-07 23:00:00"
"29111","748","6","50","2013-01-27 00:00:00","2013-02-07 00:00:00","2013-01-27 00:00:00","2013-02-08 00:00:00","3.0000","36.7500","36.7500","2013-02-07 23:00:00"
"29111","748","7","60","2013-01-27 00:00:00","2013-02-07 00:00:00","2013-01-27 00:00:00","2013-02-08 00:00:00","4.0000","49.0000","49.0000","2013-02-07 23:00:00"
"29112","806","6","50","2013-01-27 00:00:00","2013-02-07 00:00:00","2013-01-27 00:00:00","2013-02-08 00:00:00","3.0000","36.7500","36.7500","2013-02-07 23:00:00"
"29113","810","1","10","2013-01-27 00:00:00","2013-02-07 00:00:00","2013-01-27 00:00:00","2013-02-08 00:00:00","4.1000","92.2500","92.2500","2013-02-07 23:00:00"
"29113","810","2","20","2013-01-27 00:00:00","2013-02-07 00:00:00","2013-01-27 00:00:00","2013-02-08 00:00:00","3.5000","87.5000","87.5000","2013-02-07 23:00:00"
"29113","810","6","50","2013-01-27 00:00:00","2013-02-07 00:00:00","2013-01-27 00:00:00","2013-02-08 00:00:00","3.0000","36.7500","36.7500","2013-02-07 23:00:00"
"29114","811","1","10","2013-01-27 00:00:00","2013-02-07 00:00:00","2013-01-27 00:00:00","2013-02-08 00:00:00","4.1000","92.2500","92.2500","2013-02-07 23:00:00"
"29114","811","2","20","2013-01-27 00:00:00","2013-02-07 00:00:00","2013-01-27 00:00:00","2013-02-08 00:00:00","3.5000","87.5000","87.5000","2013-02-07 23:00:00"
"29114","811","6","50","2013-01-27 00:00:00","2013-02-07 00:00:00","2013-01-27 00:00:00","2013-02-08 00:00:00","3.0000","36.7500","36.7500","2013-02-07 23:00:00"
"29115","812","1","10","2013-01-27 00:00:00","2013-02-07 00:00:00","2013-01-27 00:00:00","2013-02-08 00:00:00","4.1000","92.2500","92.2500","2013-02-07 23:00:00"
"29115","812","2","20","2013-01-27 00:00:00","2013-02-07 00:00:00","2013-01-27 00:00:00","2013-02-08 00:00:00","3.5000","87.5000","87.5000","2013-02-07 23:00:00"
"29115","812","6","50","2013-01-27 00:00:00","2013-02-07 00:00:00","2013-01-27 00:00:00","2013-02-08 00:00:00","3.0000","36.7500","36.7500","2013-02-07 23:00:00"
"29116","813","1","10","2013-01-27 00:00:00","2013-02-07 00:00:00","2013-01-27 00:00:00","2013-02-08 00:00:00","4.1000","92.2500","92.2500","2013-02-07 23:00:00"
"29116","813","2","20","2013-01-27 00:00:00","2013-02-07 00:00:00","2013-01-27 00:00:00","2013-02-08 00:00:00","3.5000","87.5000","87.5000","2013-02-07 23:00:00"
"29116","813","6","50","2013-01-27 00:00:00","2013-02-07 00:00:00","2013-01-27 00:00:00","2013-02-08 00:00:00","3.0000","36.7500","36.7500","2013-02-07 23:00:00"
"29117","816","6","50","2013-01-27 00:00:00","2013-02-07 00:00:00","2013-01-27 00:00:00","2013-02-08 00:00:00","3.0000","36.7500","36.7500","2013-02-07 23:00:00"
"29118","818","6","50","2013-01-27 00:00:00","2013-02-07 00:00:00","2013-01-27 00:00:00","2013-02-08 00:00:00","3.0000","36.7500","36.7500","2013-02-07 23:00:00"
"29119","819","6","50","2013-01-27 00:00:00","2013-02-07 00:00:00","2013-01-27 00:00:00","2013-02-08 00:00:00","3.0000","36.7500","36.7500","2013-02-07 23:00:00"
"29120","820","6","50","2013-01-27 00:00:00","2013-02-07 00:00:00","2013-01-27 00:00:00","2013-02-08 00:00:00","3.0000","36.7500","36.7500","2013-02-07 23:00:00"
"29121","824","6","50","2013-01-27 00:00:00","2013-02-07 00:00:00","2013-01-27 00:00:00","2013-02-08 00:00:00","3.0000","36.7500","36.7500","2013-02-07 23:00:00"
"29122","826","6","50","2013-01-27 00:00:00","2013-02-07 00:00:00","2013-01-27 00:00:00","2013-02-08 00:00:00","3.0000","36.7500","36.7500","2013-02-07 23:00:00"
"29123","827","6","50","2013-01-27 00:00:00","2013-02-07 00:00:00","2013-01-27 00:00:00","2013-02-08 00:00:00","3.0000","36.7500","36.7500","2013-02-07 23:00:00"
"29124","828","6","50","2013-01-27 00:00:00","2013-02-07 00:00:00","2013-01-27 00:00:00","2013-02-08 00:00:00","3.0000","36.7500","36.7500","2013-02-07 23:00:00"
"29127","894","6","50","2013-01-27 00:00:00","2013-02-07 00:00:00","2013-01-27 00:00:00","2013-02-08 00:00:00","3.0000","36.7500","36.7500","2013-02-07 23:00:00"
"29128","945","1","10","2013-01-27 00:00:00","2013-02-07 00:00:00","2013-01-27 00:00:00","2013-02-08 00:00:00","4.1000","92.2500","92.2500","2013-02-07 23:00:00"
"29128","945","6","50","2013-01-27 00:00:00","2013-02-07 00:00:00","2013-01-27 00:00:00","2013-02-08 00:00:00","3.0000","36.7500","36.7500","2013-02-07 23:00:00"
"29129","950","6","50","2013-01-27 00:00:00","2013-02-07 00:00:00","2013-01-27 00:00:00","2013-02-08 00:00:00","3.0000","36.7500","36.7500","2013-02-07 23:00:00"
"29130","994","6","50","2013-01-27 00:00:00","2013-02-07 00:00:00","2013-01-27 00:00:00","2013-02-08 00:00:00","3.0000","36.7500","36.7500","2013-02-07 23:00:00"
"29131","995","6","50","2013-01-27 00:00:00","2013-02-07 00:00:00","2013-01-27 00:00:00","2013-02-08 00:00:00","3.0000","36.7500","36.7500","2013-02-07 23:00:00"
"29132","996","6","50","2013-01-27 00:00:00","2013-02-07 00:00:00","2013-01-27 00:00:00","2013-02-08 00:00:00","3.0000","36.7500","36.7500","2013-02-07 23:00:00"
"29146","802","1","10","2013-01-27 00:00:00","2013-02-07 00:00:00","2013-01-27 00:00:00","2013-02-08 00:00:00","4.1000","92.2500","92.2500","2013-02-07 23:00:00"
"29146","802","6","50","2013-01-27 00:00:00","2013-02-07 00:00:00","2013-01-27 00:00:00","2013-02-08 00:00:00","3.0000","36.7500","36.7500","2013-02-07 23:00:00"
"29147","803","1","10","2013-01-27 00:00:00","2013-02-07 00:00:00","2013-01-27 00:00:00","2013-02-08 00:00:00","4.1000","92.2500","92.2500","2013-02-07 23:00:00"
"29147","803","6","50","2013-01-27 00:00:00","2013-02-07 00:00:00","2013-01-27 00:00:00","2013-02-08 00:00:00","3.0000","36.7500","36.7500","2013-02-07 23:00:00"
"29148","804","1","10","2013-01-27 00:00:00","2013-02-07 00:00:00","2013-01-27 00:00:00","2013-02-08 00:00:00","4.1000","92.2500","92.2500","2013-02-07 23:00:00"
"29148","804","6","50","2013-01-27 00:00:00","2013-02-07 00:00:00","2013-01-27 00:00:00","2013-02-08 00:00:00","3.0000","36.7500","36.7500","2013-02-07 23:00:00"
"29153","760","7","60","2013-01-28 00:00:00","2013-02-08 00:00:00","2013-01-29 00:00:00","2013-02-08 00:00:00","4.0000","49.0000","49.0000","2013-02-07 23:00:00"
"29154","762","7","60","2013-01-28 00:00:00","2013-02-08 00:00:00","2013-01-29 00:00:00","2013-02-08 00:00:00","4.0000","49.0000","49.0000","2013-02-07 23:00:00"
"29155","765","7","60","2013-01-28 00:00:00","2013-02-08 00:00:00","2013-01-29 00:00:00","2013-02-08 00:00:00","4.0000","49.0000","49.0000","2013-02-07 23:00:00"
"29156","768","7","60","2013-01-28 00:00:00","2013-02-08 00:00:00","2013-01-29 00:00:00","2013-02-08 00:00:00","4.0000","49.0000","49.0000","2013-02-07 23:00:00"
"29157","783","7","60","2013-01-28 00:00:00","2013-02-08 00:00:00","2013-01-29 00:00:00","2013-02-08 00:00:00","4.0000","49.0000","49.0000","2013-02-07 23:00:00"
"29158","789","7","60","2013-01-28 00:00:00","2013-02-08 00:00:00","2013-01-29 00:00:00","2013-02-08 00:00:00","4.0000","49.0000","49.0000","2013-02-07 23:00:00"
"29159","790","7","60","2013-01-28 00:00:00","2013-02-08 00:00:00","2013-01-29 00:00:00","2013-02-08 00:00:00","4.0000","49.0000","49.0000","2013-02-07 23:00:00"
"29160","516","6","50","2013-01-28 00:00:00","2013-02-08 00:00:00","2013-01-29 00:00:00","2013-02-08 00:00:00","3.0000","36.7500","36.7500","2013-02-07 23:00:00"
"29160","516","7","60","2013-01-28 00:00:00","2013-02-08 00:00:00","2013-01-29 00:00:00","2013-02-08 00:00:00","4.0000","49.0000","49.0000","2013-02-07 23:00:00"
"29161","517","6","50","2013-01-28 00:00:00","2013-02-08 00:00:00","2013-01-29 00:00:00","2013-02-08 00:00:00","3.0000","36.7500","36.7500","2013-02-07 23:00:00"
"29161","517","7","60","2013-01-28 00:00:00","2013-02-08 00:00:00","2013-01-29 00:00:00","2013-02-08 00:00:00","4.0000","49.0000","49.0000","2013-02-07 23:00:00"
"29162","519","6","50","2013-01-28 00:00:00","2013-02-08 00:00:00","2013-01-29 00:00:00","2013-02-08 00:00:00","3.0000","36.7500","36.7500","2013-02-07 23:00:00"
"29162","519","7","60","2013-01-28 00:00:00","2013-02-08 00:00:00","2013-01-29 00:00:00","2013-02-08 00:00:00","4.0000","49.0000","49.0000","2013-02-07 23:00:00"
"29170","806","6","50","2013-01-28 00:00:00","2013-02-08 00:00:00","2013-01-29 00:00:00","2013-02-08 00:00:00","3.0000","36.7500","36.7500","2013-02-07 23:00:00"
"29171","810","1","10","2013-01-28 00:00:00","2013-02-08 00:00:00","2013-01-29 00:00:00","2013-02-08 00:00:00","4.1000","92.2500","92.2500","2013-02-07 23:00:00"
"29171","810","2","20","2013-01-28 00:00:00","2013-02-08 00:00:00","2013-01-29 00:00:00","2013-02-08 00:00:00","3.5000","87.5000","87.5000","2013-02-07 23:00:00"
"29171","810","6","50","2013-01-28 00:00:00","2013-02-08 00:00:00","2013-01-29 00:00:00","2013-02-08 00:00:00","3.0000","36.7500","36.7500","2013-02-07 23:00:00"
"29172","811","1","10","2013-01-28 00:00:00","2013-02-08 00:00:00","2013-01-29 00:00:00","2013-02-08 00:00:00","4.1000","92.2500","92.2500","2013-02-07 23:00:00"
"29172","811","2","20","2013-01-28 00:00:00","2013-02-08 00:00:00","2013-01-29 00:00:00","2013-02-08 00:00:00","3.5000","87.5000","87.5000","2013-02-07 23:00:00"
"29172","811","6","50","2013-01-28 00:00:00","2013-02-08 00:00:00","2013-01-29 00:00:00","2013-02-08 00:00:00","3.0000","36.7500","36.7500","2013-02-07 23:00:00"
"29173","813","1","10","2013-01-28 00:00:00","2013-02-08 00:00:00","2013-01-29 00:00:00","2013-02-08 00:00:00","4.1000","92.2500","92.2500","2013-02-07 23:00:00"
"29173","813","2","20","2013-01-28 00:00:00","2013-02-08 00:00:00","2013-01-29 00:00:00","2013-02-08 00:00:00","3.5000","87.5000","87.5000","2013-02-07 23:00:00"
"29173","813","6","50","2013-01-28 00:00:00","2013-02-08 00:00:00","2013-01-29 00:00:00","2013-02-08 00:00:00","3.0000","36.7500","36.7500","2013-02-07 23:00:00"
"29174","816","6","50","2013-01-28 00:00:00","2013-02-08 00:00:00","2013-01-29 00:00:00","2013-02-08 00:00:00","3.0000","36.7500","36.7500","2013-02-07 23:00:00"
"29175","818","6","50","2013-01-28 00:00:00","2013-02-08 00:00:00","2013-01-29 00:00:00","2013-02-08 00:00:00","3.0000","36.7500","36.7500","2013-02-07 23:00:00"
"29176","820","6","50","2013-01-28 00:00:00","2013-02-08 00:00:00","2013-01-29 00:00:00","2013-02-08 00:00:00","3.0000","36.7500","36.7500","2013-02-07 23:00:00"
"29177","824","6","50","2013-01-28 00:00:00","2013-02-08 00:00:00","2013-01-29 00:00:00","2013-02-08 00:00:00","3.0000","36.7500","36.7500","2013-02-07 23:00:00"
"29178","826","6","50","2013-01-28 00:00:00","2013-02-08 00:00:00","2013-01-29 00:00:00","2013-02-08 00:00:00","3.0000","36.7500","36.7500","2013-02-07 23:00:00"
"29179","828","6","50","2013-01-28 00:00:00","2013-02-08 00:00:00","2013-01-29 00:00:00","2013-02-08 00:00:00","3.0000","36.7500","36.7500","2013-02-07 23:00:00"
"29180","894","6","50","2013-01-28 00:00:00","2013-02-08 00:00:00","2013-01-29 00:00:00","2013-02-08 00:00:00","3.0000","36.7500","36.7500","2013-02-07 23:00:00"
"29181","945","1","10","2013-01-28 00:00:00","2013-02-08 00:00:00","2013-01-29 00:00:00","2013-02-08 00:00:00","4.1000","92.2500","92.2500","2013-02-07 23:00:00"
"29181","945","6","50","2013-01-28 00:00:00","2013-02-08 00:00:00","2013-01-29 00:00:00","2013-02-08 00:00:00","3.0000","36.7500","36.7500","2013-02-07 23:00:00"
"29182","950","6","50","2013-01-28 00:00:00","2013-02-08 00:00:00","2013-01-29 00:00:00","2013-02-08 00:00:00","3.0000","36.7500","36.7500","2013-02-07 23:00:00"
"29183","994","6","50","2013-01-28 00:00:00","2013-02-08 00:00:00","2013-01-29 00:00:00","2013-02-08 00:00:00","3.0000","36.7500","36.7500","2013-02-07 23:00:00"
"29184","995","6","50","2013-01-28 00:00:00","2013-02-08 00:00:00","2013-01-29 00:00:00","2013-02-08 00:00:00","3.0000","36.7500","36.7500","2013-02-07 23:00:00"
"29185","996","6","50","2013-01-28 00:00:00","2013-02-08 00:00:00","2013-01-29 00:00:00","2013-02-08 00:00:00","3.0000","36.7500","36.7500","2013-02-07 23:00:00"
"29199","802","1","10","2013-01-28 00:00:00","2013-02-08 00:00:00","2013-01-29 00:00:00","2013-02-08 00:00:00","4.1000","92.2500","92.2500","2013-02-07 23:00:00"
"29199","802","6","50","2013-01-28 00:00:00","2013-02-08 00:00:00","2013-01-29 00:00:00","2013-02-08 00:00:00","3.0000","36.7500","36.7500","2013-02-07 23:00:00"
"29200","804","1","10","2013-01-28 00:00:00","2013-02-08 00:00:00","2013-01-29 00:00:00","2013-02-08 00:00:00","4.1000","92.2500","92.2500","2013-02-07 23:00:00"
"29200","804","6","50","2013-01-28 00:00:00","2013-02-08 00:00:00","2013-01-29 00:00:00","2013-02-08 00:00:00","3.0000","36.7500","36.7500","2013-02-07 23:00:00"
"29205","793","7","60","2013-01-29 00:00:00","2013-02-09 00:00:00","2013-01-29 00:00:00","2013-02-12 00:00:00","4.0000","49.0000","49.0000","2013-02-11 23:00:00"
"29206","797","7","60","2013-01-29 00:00:00","2013-02-09 00:00:00","2013-01-29 00:00:00","2013-02-12 00:00:00","4.0000","49.0000","49.0000","2013-02-11 23:00:00"
"29207","518","6","50","2013-01-29 00:00:00","2013-02-09 00:00:00","2013-01-29 00:00:00","2013-02-12 00:00:00","3.0000","36.7500","36.7500","2013-02-11 23:00:00"
"29207","518","7","60","2013-01-29 00:00:00","2013-02-09 00:00:00","2013-01-29 00:00:00","2013-02-12 00:00:00","4.0000","49.0000","49.0000","2013-02-11 23:00:00"
"29208","519","6","50","2013-01-29 00:00:00","2013-02-09 00:00:00","2013-01-29 00:00:00","2013-02-12 00:00:00","3.0000","36.7500","36.7500","2013-02-11 23:00:00"
"29208","519","7","60","2013-01-29 00:00:00","2013-02-09 00:00:00","2013-01-29 00:00:00","2013-02-12 00:00:00","4.0000","49.0000","49.0000","2013-02-11 23:00:00"
"29209","806","6","50","2013-01-29 00:00:00","2013-02-09 00:00:00","2013-01-29 00:00:00","2013-02-12 00:00:00","3.0000","36.7500","36.7500","2013-02-11 23:00:00"
"29210","812","1","10","2013-01-29 00:00:00","2013-02-09 00:00:00","2013-01-29 00:00:00","2013-02-12 00:00:00","4.1000","92.2500","92.2500","2013-02-11 23:00:00"
"29210","812","2","20","2013-01-29 00:00:00","2013-02-09 00:00:00","2013-01-29 00:00:00","2013-02-12 00:00:00","3.5000","87.5000","87.5000","2013-02-11 23:00:00"
"29210","812","6","50","2013-01-29 00:00:00","2013-02-09 00:00:00","2013-01-29 00:00:00","2013-02-12 00:00:00","3.0000","36.7500","36.7500","2013-02-11 23:00:00"
"29211","813","1","10","2013-01-29 00:00:00","2013-02-09 00:00:00","2013-01-29 00:00:00","2013-02-12 00:00:00","4.1000","92.2500","92.2500","2013-02-11 23:00:00"
"29211","813","2","20","2013-01-29 00:00:00","2013-02-09 00:00:00","2013-01-29 00:00:00","2013-02-12 00:00:00","3.5000","87.5000","87.5000","2013-02-11 23:00:00"
"29211","813","6","50","2013-01-29 00:00:00","2013-02-09 00:00:00","2013-01-29 00:00:00","2013-02-12 00:00:00","3.0000","36.7500","36.7500","2013-02-11 23:00:00"
"29212","819","6","50","2013-01-29 00:00:00","2013-02-09 00:00:00","2013-01-29 00:00:00","2013-02-12 00:00:00","3.0000","36.7500","36.7500","2013-02-11 23:00:00"
"29213","820","6","50","2013-01-29 00:00:00","2013-02-09 00:00:00","2013-01-29 00:00:00","2013-02-12 00:00:00","3.0000","36.7500","36.7500","2013-02-11 23:00:00"
"29214","822","1","10","2013-01-29 00:00:00","2013-02-09 00:00:00","2013-01-29 00:00:00","2013-02-12 00:00:00","4.1000","92.2500","92.2500","2013-02-11 23:00:00"
"29214","822","2","20","2013-01-29 00:00:00","2013-02-09 00:00:00","2013-01-29 00:00:00","2013-02-12 00:00:00","3.5000","87.5000","87.5000","2013-02-11 23:00:00"
"29214","822","3","30","2013-01-29 00:00:00","2013-02-09 00:00:00","2013-01-29 00:00:00","2013-02-12 00:00:00","1.0000","14.5000","14.5000","2013-02-11 23:00:00"
"29214","822","4","40","2013-01-29 00:00:00","2013-02-09 00:00:00","2013-01-29 00:00:00","2013-02-12 00:00:00","2.0000","31.5000","31.5000","2013-02-11 23:00:00"
"29214","822","6","50","2013-01-29 00:00:00","2013-02-09 00:00:00","2013-01-29 00:00:00","2013-02-12 00:00:00","3.0000","36.7500","36.7500","2013-02-11 23:00:00"
"29214","822","7","60","2013-01-29 00:00:00","2013-02-09 00:00:00","2013-01-29 00:00:00","2013-02-12 00:00:00","4.0000","49.0000","49.0000","2013-02-11 23:00:00"
"29215","827","6","50","2013-01-29 00:00:00","2013-02-09 00:00:00","2013-01-29 00:00:00","2013-02-12 00:00:00","3.0000","36.7500","36.7500","2013-02-11 23:00:00"
"29216","828","6","50","2013-01-29 00:00:00","2013-02-09 00:00:00","2013-01-29 00:00:00","2013-02-12 00:00:00","3.0000","36.7500","36.7500","2013-02-11 23:00:00"
"29218","894","6","50","2013-01-29 00:00:00","2013-02-09 00:00:00","2013-01-29 00:00:00","2013-02-12 00:00:00","3.0000","36.7500","36.7500","2013-02-11 23:00:00"
"29219","945","1","10","2013-01-29 00:00:00","2013-02-09 00:00:00","2013-01-29 00:00:00","2013-02-12 00:00:00","4.1000","92.2500","92.2500","2013-02-11 23:00:00"
"29219","945","6","50","2013-01-29 00:00:00","2013-02-09 00:00:00","2013-01-29 00:00:00","2013-02-12 00:00:00","3.0000","36.7500","36.7500","2013-02-11 23:00:00"
"29220","950","6","50","2013-01-29 00:00:00","2013-02-09 00:00:00","2013-01-29 00:00:00","2013-02-12 00:00:00","3.0000","36.7500","36.7500","2013-02-11 23:00:00"
"29221","994","6","50","2013-01-29 00:00:00","2013-02-09 00:00:00","2013-01-29 00:00:00","2013-02-12 00:00:00","3.0000","36.7500","36.7500","2013-02-11 23:00:00"
"29222","996","6","50","2013-01-29 00:00:00","2013-02-09 00:00:00","2013-01-29 00:00:00","2013-02-12 00:00:00","3.0000","36.7500","36.7500","2013-02-11 23:00:00"
"29234","803","1","10","2013-01-29 00:00:00","2013-02-09 00:00:00","2013-01-29 00:00:00","2013-02-12 00:00:00","4.1000","92.2500","92.2500","2013-02-11 23:00:00"
"29234","803","6","50","2013-01-29 00:00:00","2013-02-09 00:00:00","2013-01-29 00:00:00","2013-02-12 00:00:00","3.0000","36.7500","36.7500","2013-02-11 23:00:00"
"29235","804","1","10","2013-01-29 00:00:00","2013-02-09 00:00:00","2013-01-29 00:00:00","2013-02-12 00:00:00","4.1000","92.2500","92.2500","2013-02-11 23:00:00"
"29235","804","6","50","2013-01-29 00:00:00","2013-02-09 00:00:00","2013-01-29 00:00:00","2013-02-12 00:00:00","3.0000","36.7500","36.7500","2013-02-11 23:00:00"
"29240","760","7","60","2013-01-30 00:00:00","2013-02-10 00:00:00","2013-02-02 00:00:00","2013-02-10 00:00:00","4.0000","49.0000","49.0000","2013-02-09 23:00:00"
"29241","764","7","60","2013-01-30 00:00:00","2013-02-10 00:00:00","2013-02-02 00:00:00","2013-02-10 00:00:00","4.0000","49.0000","49.0000","2013-02-09 23:00:00"
"29242","766","7","60","2013-01-30 00:00:00","2013-02-10 00:00:00","2013-02-02 00:00:00","2013-02-10 00:00:00","4.0000","49.0000","49.0000","2013-02-09 23:00:00"
"29243","781","7","60","2013-01-30 00:00:00","2013-02-10 00:00:00","2013-02-02 00:00:00","2013-02-10 00:00:00","4.0000","49.0000","49.0000","2013-02-09 23:00:00"
"29244","782","7","60","2013-01-30 00:00:00","2013-02-10 00:00:00","2013-02-02 00:00:00","2013-02-10 00:00:00","4.0000","49.0000","49.0000","2013-02-09 23:00:00"
"29245","783","7","60","2013-01-30 00:00:00","2013-02-10 00:00:00","2013-02-02 00:00:00","2013-02-10 00:00:00","4.0000","49.0000","49.0000","2013-02-09 23:00:00"
"29246","795","7","60","2013-01-30 00:00:00","2013-02-10 00:00:00","2013-02-02 00:00:00","2013-02-10 00:00:00","4.0000","49.0000","49.0000","2013-02-09 23:00:00"
"29247","516","6","50","2013-01-30 00:00:00","2013-02-10 00:00:00","2013-02-02 00:00:00","2013-02-10 00:00:00","3.0000","36.7500","36.7500","2013-02-09 23:00:00"
"29247","516","7","60","2013-01-30 00:00:00","2013-02-10 00:00:00","2013-02-02 00:00:00","2013-02-10 00:00:00","4.0000","49.0000","49.0000","2013-02-09 23:00:00"
"29248","517","6","50","2013-01-30 00:00:00","2013-02-10 00:00:00","2013-02-02 00:00:00","2013-02-10 00:00:00","3.0000","36.7500","36.7500","2013-02-09 23:00:00"
"29248","517","7","60","2013-01-30 00:00:00","2013-02-10 00:00:00","2013-02-02 00:00:00","2013-02-10 00:00:00","4.0000","49.0000","49.0000","2013-02-09 23:00:00"
"29249","519","6","50","2013-01-30 00:00:00","2013-02-10 00:00:00","2013-02-02 00:00:00","2013-02-10 00:00:00","3.0000","36.7500","36.7500","2013-02-09 23:00:00"
"29249","519","7","60","2013-01-30 00:00:00","2013-02-10 00:00:00","2013-02-02 00:00:00","2013-02-10 00:00:00","4.0000","49.0000","49.0000","2013-02-09 23:00:00"
"29255","747","1","10","2013-01-30 00:00:00","2013-02-10 00:00:00","2013-02-02 00:00:00","2013-02-10 00:00:00","4.1000","92.2500","92.2500","2013-02-09 23:00:00"
"29255","747","2","20","2013-01-30 00:00:00","2013-02-10 00:00:00","2013-02-02 00:00:00","2013-02-10 00:00:00","3.5000","87.5000","87.5000","2013-02-09 23:00:00"
"29255","747","3","30","2013-01-30 00:00:00","2013-02-10 00:00:00","2013-02-02 00:00:00","2013-02-10 00:00:00","1.0000","14.5000","14.5000","2013-02-09 23:00:00"
"29255","747","4","40","2013-01-30 00:00:00","2013-02-10 00:00:00","2013-02-02 00:00:00","2013-02-10 00:00:00","2.0000","31.5000","31.5000","2013-02-09 23:00:00"
"29255","747","6","50","2013-01-30 00:00:00","2013-02-10 00:00:00","2013-02-02 00:00:00","2013-02-10 00:00:00","3.0000","36.7500","36.7500","2013-02-09 23:00:00"
"29255","747","7","60","2013-01-30 00:00:00","2013-02-10 00:00:00","2013-02-02 00:00:00","2013-02-10 00:00:00","4.0000","49.0000","49.0000","2013-02-09 23:00:00"
"29256","806","6","50","2013-01-30 00:00:00","2013-02-10 00:00:00","2013-02-02 00:00:00","2013-02-10 00:00:00","3.0000","36.7500","36.7500","2013-02-09 23:00:00"
"29257","810","1","10","2013-01-30 00:00:00","2013-02-10 00:00:00","2013-02-02 00:00:00","2013-02-10 00:00:00","4.1000","92.2500","92.2500","2013-02-09 23:00:00"
"29257","810","2","20","2013-01-30 00:00:00","2013-02-10 00:00:00","2013-02-02 00:00:00","2013-02-10 00:00:00","3.5000","87.5000","87.5000","2013-02-09 23:00:00"
"29257","810","6","50","2013-01-30 00:00:00","2013-02-10 00:00:00","2013-02-02 00:00:00","2013-02-10 00:00:00","3.0000","36.7500","36.7500","2013-02-09 23:00:00"
"29258","811","1","10","2013-01-30 00:00:00","2013-02-10 00:00:00","2013-02-02 00:00:00","2013-02-10 00:00:00","4.1000","92.2500","92.2500","2013-02-09 23:00:00"
"29258","811","2","20","2013-01-30 00:00:00","2013-02-10 00:00:00","2013-02-02 00:00:00","2013-02-10 00:00:00","3.5000","87.5000","87.5000","2013-02-09 23:00:00"
"29258","811","6","50","2013-01-30 00:00:00","2013-02-10 00:00:00","2013-02-02 00:00:00","2013-02-10 00:00:00","3.0000","36.7500","36.7500","2013-02-09 23:00:00"
"29259","813","1","10","2013-01-30 00:00:00","2013-02-10 00:00:00","2013-02-02 00:00:00","2013-02-10 00:00:00","4.1000","92.2500","92.2500","2013-02-09 23:00:00"
"29259","813","2","20","2013-01-30 00:00:00","2013-02-10 00:00:00","2013-02-02 00:00:00","2013-02-10 00:00:00","3.5000","87.5000","87.5000","2013-02-09 23:00:00"
"29259","813","6","50","2013-01-30 00:00:00","2013-02-10 00:00:00","2013-02-02 00:00:00","2013-02-10 00:00:00","3.0000","36.7500","36.7500","2013-02-09 23:00:00"
"29260","816","6","50","2013-01-30 00:00:00","2013-02-10 00:00:00","2013-02-02 00:00:00","2013-02-10 00:00:00","3.0000","36.7500","36.7500","2013-02-09 23:00:00"
"29261","818","6","50","2013-01-30 00:00:00","2013-02-10 00:00:00","2013-02-02 00:00:00","2013-02-10 00:00:00","3.0000","36.7500","36.7500","2013-02-09 23:00:00"
"29262","820","6","50","2013-01-30 00:00:00","2013-02-10 00:00:00","2013-02-02 00:00:00","2013-02-10 00:00:00","3.0000","36.7500","36.7500","2013-02-09 23:00:00"
"29263","824","6","50","2013-01-30 00:00:00","2013-02-10 00:00:00","2013-02-02 00:00:00","2013-02-10 00:00:00","3.0000","36.7500","36.7500","2013-02-09 23:00:00"
"29264","826","6","50","2013-01-30 00:00:00","2013-02-10 00:00:00","2013-02-02 00:00:00","2013-02-10 00:00:00","3.0000","36.7500","36.7500","2013-02-09 23:00:00"
"29265","828","6","50","2013-01-30 00:00:00","2013-02-10 00:00:00","2013-02-02 00:00:00","2013-02-10 00:00:00","3.0000","36.7500","36.7500","2013-02-09 23:00:00"
"29267","894","6","50","2013-01-30 00:00:00","2013-02-10 00:00:00","2013-02-02 00:00:00","2013-02-10 00:00:00","3.0000","36.7500","36.7500","2013-02-09 23:00:00"
"29268","945","1","10","2013-01-30 00:00:00","2013-02-10 00:00:00","2013-02-02 00:00:00","2013-02-10 00:00:00","4.1000","92.2500","92.2500","2013-02-09 23:00:00"
"29268","945","6","50","2013-01-30 00:00:00","2013-02-10 00:00:00","2013-02-02 00:00:00","2013-02-10 00:00:00","3.0000","36.7500","36.7500","2013-02-09 23:00:00"
"29269","950","6","50","2013-01-30 00:00:00","2013-02-10 00:00:00","2013-02-02 00:00:00","2013-02-10 00:00:00","3.0000","36.7500","36.7500","2013-02-09 23:00:00"
"29270","994","6","50","2013-01-30 00:00:00","2013-02-10 00:00:00","2013-02-02 00:00:00","2013-02-10 00:00:00","3.0000","36.7500","36.7500","2013-02-09 23:00:00"
"29271","995","6","50","2013-01-30 00:00:00","2013-02-10 00:00:00","2013-02-02 00:00:00","2013-02-10 00:00:00","3.0000","36.7500","36.7500","2013-02-09 23:00:00"
"29272","996","6","50","2013-01-30 00:00:00","2013-02-10 00:00:00","2013-02-02 00:00:00","2013-02-10 00:00:00","3.0000","36.7500","36.7500","2013-02-09 23:00:00"
"29286","802","1","10","2013-01-30 00:00:00","2013-02-10 00:00:00","2013-02-02 00:00:00","2013-02-10 00:00:00","4.1000","92.2500","92.2500","2013-02-09 23:00:00"
"29286","802","6","50","2013-01-30 00:00:00","2013-02-10 00:00:00","2013-02-02 00:00:00","2013-02-10 00:00:00","3.0000","36.7500","36.7500","2013-02-09 23:00:00"
"29287","804","1","10","2013-01-30 00:00:00","2013-02-10 00:00:00","2013-02-02 00:00:00","2013-02-10 00:00:00","4.1000","92.2500","92.2500","2013-02-09 23:00:00"
"29287","804","6","50","2013-01-30 00:00:00","2013-02-10 00:00:00","2013-02-02 00:00:00","2013-02-10 00:00:00","3.0000","36.7500","36.7500","2013-02-09 23:00:00"
"29300","747","1","10","2013-01-31 00:00:00","2013-02-11 00:00:00","2013-01-31 00:00:00","2013-02-16 00:00:00","4.1000","92.2500","92.2500","2013-02-15 23:00:00"
"29300","747","2","20","2013-01-31 00:00:00","2013-02-11 00:00:00","2013-01-31 00:00:00","2013-02-16 00:00:00","3.5000","87.5000","87.5000","2013-02-15 23:00:00"
"29300","747","3","30","2013-01-31 00:00:00","2013-02-11 00:00:00","2013-01-31 00:00:00","2013-02-16 00:00:00","1.0000","14.5000","14.5000","2013-02-15 23:00:00"
"29300","747","4","40","2013-01-31 00:00:00","2013-02-11 00:00:00","2013-01-31 00:00:00","2013-02-16 00:00:00","2.0000","31.5000","31.5000","2013-02-15 23:00:00"
"29300","747","6","50","2013-01-31 00:00:00","2013-02-11 00:00:00","2013-01-31 00:00:00","2013-02-16 00:00:00","3.0000","36.7500","36.7500","2013-02-15 23:00:00"
"29300","747","7","60","2013-01-31 00:00:00","2013-02-11 00:00:00","2013-01-31 00:00:00","2013-02-16 00:00:00","4.0000","49.0000","49.0000","2013-02-15 23:00:00"
"29301","748","1","10","2013-01-31 00:00:00","2013-02-11 00:00:00","2013-01-31 00:00:00","2013-02-16 00:00:00","4.1000","92.2500","92.2500","2013-02-15 23:00:00"
"29301","748","2","20","2013-01-31 00:00:00","2013-02-11 00:00:00","2013-01-31 00:00:00","2013-02-16 00:00:00","3.5000","87.5000","87.5000","2013-02-15 23:00:00"
"29301","748","3","30","2013-01-31 00:00:00","2013-02-11 00:00:00","2013-01-31 00:00:00","2013-02-16 00:00:00","1.0000","14.5000","14.5000","2013-02-15 23:00:00"
"29301","748","5","45","2013-01-31 00:00:00","2013-02-11 00:00:00","2013-01-31 00:00:00","2013-02-16 00:00:00","2.0000","36.0000","36.0000","2013-02-15 23:00:00"
"29301","748","6","50","2013-01-31 00:00:00","2013-02-11 00:00:00","2013-01-31 00:00:00","2013-02-16 00:00:00","3.0000","36.7500","36.7500","2013-02-15 23:00:00"
"29301","748","7","60","2013-01-31 00:00:00","2013-02-11 00:00:00","2013-01-31 00:00:00","2013-02-16 00:00:00","4.0000","49.0000","49.0000","2013-02-15 23:00:00"
"29302","759","7","60","2013-01-31 00:00:00","2013-02-11 00:00:00","2013-01-31 00:00:00","2013-02-16 00:00:00","4.0000","49.0000","49.0000","2013-02-15 23:00:00"
"29303","760","7","60","2013-01-31 00:00:00","2013-02-11 00:00:00","2013-01-31 00:00:00","2013-02-16 00:00:00","4.0000","49.0000","49.0000","2013-02-15 23:00:00"
"29304","761","7","60","2013-01-31 00:00:00","2013-02-11 00:00:00","2013-01-31 00:00:00","2013-02-16 00:00:00","4.0000","49.0000","49.0000","2013-02-15 23:00:00"
"29305","762","7","60","2013-01-31 00:00:00","2013-02-11 00:00:00","2013-01-31 00:00:00","2013-02-16 00:00:00","4.0000","49.0000","49.0000","2013-02-15 23:00:00"
"29306","763","7","60","2013-01-31 00:00:00","2013-02-11 00:00:00","2013-01-31 00:00:00","2013-02-16 00:00:00","4.0000","49.0000","49.0000","2013-02-15 23:00:00"
"29307","764","7","60","2013-01-31 00:00:00","2013-02-11 00:00:00","2013-01-31 00:00:00","2013-02-16 00:00:00","4.0000","49.0000","49.0000","2013-02-15 23:00:00"
"29308","765","7","60","2013-01-31 00:00:00","2013-02-11 00:00:00","2013-01-31 00:00:00","2013-02-16 00:00:00","4.0000","49.0000","49.0000","2013-02-15 23:00:00"
"29309","766","7","60","2013-01-31 00:00:00","2013-02-11 00:00:00","2013-01-31 00:00:00","2013-02-16 00:00:00","4.0000","49.0000","49.0000","2013-02-15 23:00:00"
"29310","767","7","60","2013-01-31 00:00:00","2013-02-11 00:00:00","2013-01-31 00:00:00","2013-02-16 00:00:00","4.0000","49.0000","49.0000","2013-02-15 23:00:00"
"29311","768","7","60","2013-01-31 00:00:00","2013-02-11 00:00:00","2013-01-31 00:00:00","2013-02-16 00:00:00","4.0000","49.0000","49.0000","2013-02-15 23:00:00"
"29312","769","7","60","2013-01-31 00:00:00","2013-02-11 00:00:00","2013-01-31 00:00:00","2013-02-16 00:00:00","4.0000","49.0000","49.0000","2013-02-15 23:00:00"
"29313","770","7","60","2013-01-31 00:00:00","2013-02-11 00:00:00","2013-01-31 00:00:00","2013-02-16 00:00:00","4.0000","49.0000","49.0000","2013-02-15 23:00:00"
"29314","779","7","60","2013-01-31 00:00:00","2013-02-11 00:00:00","2013-01-31 00:00:00","2013-02-16 00:00:00","4.0000","49.0000","49.0000","2013-02-15 23:00:00"
"29315","780","7","60","2013-01-31 00:00:00","2013-02-11 00:00:00","2013-01-31 00:00:00","2013-02-16 00:00:00","4.0000","49.0000","49.0000","2013-02-15 23:00:00"
"29316","781","7","60","2013-01-31 00:00:00","2013-02-11 00:00:00","2013-01-31 00:00:00","2013-02-16 00:00:00","4.0000","49.0000","49.0000","2013-02-15 23:00:00"
"29317","782","7","60","2013-01-31 00:00:00","2013-02-11 00:00:00","2013-01-31 00:00:00","2013-02-16 00:00:00","4.0000","49.0000","49.0000","2013-02-15 23:00:00"
"29318","783","7","60","2013-01-31 00:00:00","2013-02-11 00:00:00","2013-01-31 00:00:00","2013-02-16 00:00:00","4.0000","49.0000","49.0000","2013-02-15 23:00:00"
"29319","784","7","60","2013-01-31 00:00:00","2013-02-11 00:00:00","2013-01-31 00:00:00","2013-02-16 00:00:00","4.0000","49.0000","49.0000","2013-02-15 23:00:00"
"29320","785","7","60","2013-01-31 00:00:00","2013-02-11 00:00:00","2013-01-31 00:00:00","2013-02-16 00:00:00","4.0000","49.0000","49.0000","2013-02-15 23:00:00"
"29321","786","7","60","2013-01-31 00:00:00","2013-02-11 00:00:00","2013-01-31 00:00:00","2013-02-16 00:00:00","4.0000","49.0000","49.0000","2013-02-15 23:00:00"
"29322","787","7","60","2013-01-31 00:00:00","2013-02-11 00:00:00","2013-01-31 00:00:00","2013-02-16 00:00:00","4.0000","49.0000","49.0000","2013-02-15 23:00:00"
"29323","788","7","60","2013-01-31 00:00:00","2013-02-11 00:00:00","2013-01-31 00:00:00","2013-02-16 00:00:00","4.0000","49.0000","49.0000","2013-02-15 23:00:00"
"29324","789","7","60","2013-01-31 00:00:00","2013-02-11 00:00:00","2013-01-31 00:00:00","2013-02-16 00:00:00","4.0000","49.0000","49.0000","2013-02-15 23:00:00"
"29325","790","7","60","2013-01-31 00:00:00","2013-02-11 00:00:00","2013-01-31 00:00:00","2013-02-16 00:00:00","4.0000","49.0000","49.0000","2013-02-15 23:00:00"
"29326","791","7","60","2013-01-31 00:00:00","2013-02-11 00:00:00","2013-01-31 00:00:00","2013-02-16 00:00:00","4.0000","49.0000","49.0000","2013-02-15 23:00:00"
"29327","792","7","60","2013-01-31 00:00:00","2013-02-11 00:00:00","2013-01-31 00:00:00","2013-02-16 00:00:00","4.0000","49.0000","49.0000","2013-02-15 23:00:00"
"29328","793","7","60","2013-01-31 00:00:00","2013-02-11 00:00:00","2013-01-31 00:00:00","2013-02-16 00:00:00","4.0000","49.0000","49.0000","2013-02-15 23:00:00"
"29329","794","7","60","2013-01-31 00:00:00","2013-02-11 00:00:00","2013-01-31 00:00:00","2013-02-16 00:00:00","4.0000","49.0000","49.0000","2013-02-15 23:00:00"
"29330","795","7","60","2013-01-31 00:00:00","2013-02-11 00:00:00","2013-01-31 00:00:00","2013-02-16 00:00:00","4.0000","49.0000","49.0000","2013-02-15 23:00:00"
"29331","796","7","60","2013-01-31 00:00:00","2013-02-11 00:00:00","2013-01-31 00:00:00","2013-02-16 00:00:00","4.0000","49.0000","49.0000","2013-02-15 23:00:00"
"29332","797","7","60","2013-01-31 00:00:00","2013-02-11 00:00:00","2013-01-31 00:00:00","2013-02-16 00:00:00","4.0000","49.0000","49.0000","2013-02-15 23:00:00"
"29333","798","7","60","2013-01-31 00:00:00","2013-02-11 00:00:00","2013-01-31 00:00:00","2013-02-16 00:00:00","4.0000","49.0000","49.0000","2013-02-15 23:00:00"
"29334","799","7","60","2013-01-31 00:00:00","2013-02-11 00:00:00","2013-01-31 00:00:00","2013-02-16 00:00:00","4.0000","49.0000","49.0000","2013-02-15 23:00:00"
"29335","800","7","60","2013-01-31 00:00:00","2013-02-11 00:00:00","2013-01-31 00:00:00","2013-02-16 00:00:00","4.0000","49.0000","49.0000","2013-02-15 23:00:00"
"29336","801","7","60","2013-01-31 00:00:00","2013-02-11 00:00:00","2013-01-31 00:00:00","2013-02-16 00:00:00","4.0000","49.0000","49.0000","2013-02-15 23:00:00"
"29337","804","1","10","2013-01-31 00:00:00","2013-02-11 00:00:00","2013-01-31 00:00:00","2013-02-16 00:00:00","4.1000","92.2500","92.2500","2013-02-15 23:00:00"
"29337","804","6","50","2013-01-31 00:00:00","2013-02-11 00:00:00","2013-01-31 00:00:00","2013-02-16 00:00:00","3.0000","36.7500","36.7500","2013-02-15 23:00:00"
"29338","806","6","50","2013-01-31 00:00:00","2013-02-11 00:00:00","2013-01-31 00:00:00","2013-02-16 00:00:00","3.0000","36.7500","36.7500","2013-02-15 23:00:00"
"29339","807","6","50","2013-01-31 00:00:00","2013-02-11 00:00:00","2013-01-31 00:00:00","2013-02-16 00:00:00","3.0000","36.7500","36.7500","2013-02-15 23:00:00"
"29340","808","1","10","2013-01-31 00:00:00","2013-02-11 00:00:00","2013-01-31 00:00:00","2013-02-16 00:00:00","4.1000","92.2500","92.2500","2013-02-15 23:00:00"
"29340","808","2","20","2013-01-31 00:00:00","2013-02-11 00:00:00","2013-01-31 00:00:00","2013-02-16 00:00:00","3.5000","87.5000","87.5000","2013-02-15 23:00:00"
"29340","808","6","50","2013-01-31 00:00:00","2013-02-11 00:00:00","2013-01-31 00:00:00","2013-02-16 00:00:00","3.0000","36.7500","36.7500","2013-02-15 23:00:00"
"29341","809","1","10","2013-01-31 00:00:00","2013-02-11 00:00:00","2013-01-31 00:00:00","2013-02-16 00:00:00","4.1000","92.2500","92.2500","2013-02-15 23:00:00"
"29341","809","2","20","2013-01-31 00:00:00","2013-02-11 00:00:00","2013-01-31 00:00:00","2013-02-16 00:00:00","3.5000","87.5000","87.5000","2013-02-15 23:00:00"
"29341","809","6","50","2013-01-31 00:00:00","2013-02-11 00:00:00","2013-01-31 00:00:00","2013-02-16 00:00:00","3.0000","36.7500","36.7500","2013-02-15 23:00:00"
"29342","814","1","10","2013-01-31 00:00:00","2013-02-11 00:00:00","2013-01-31 00:00:00","2013-02-16 00:00:00","4.1000","92.2500","92.2500","2013-02-15 23:00:00"
"29342","814","2","20","2013-01-31 00:00:00","2013-02-11 00:00:00","2013-01-31 00:00:00","2013-02-16 00:00:00","3.5000","87.5000","87.5000","2013-02-15 23:00:00"
"29342","814","3","30","2013-01-31 00:00:00","2013-02-11 00:00:00","2013-01-31 00:00:00","2013-02-16 00:00:00","1.0000","14.5000","14.5000","2013-02-15 23:00:00"
"29342","814","4","40","2013-01-31 00:00:00","2013-02-11 00:00:00","2013-01-31 00:00:00","2013-02-16 00:00:00","2.0000","31.5000","31.5000","2013-02-15 23:00:00"
"29342","814","6","50","2013-01-31 00:00:00","2013-02-11 00:00:00","2013-01-31 00:00:00","2013-02-16 00:00:00","3.0000","36.7500","36.7500","2013-02-15 23:00:00"
"29342","814","7","60","2013-01-31 00:00:00","2013-02-11 00:00:00","2013-01-31 00:00:00","2013-02-16 00:00:00","4.0000","49.0000","49.0000","2013-02-15 23:00:00"
"29343","815","6","50","2013-01-31 00:00:00","2013-02-11 00:00:00","2013-01-31 00:00:00","2013-02-16 00:00:00","3.0000","36.7500","36.7500","2013-02-15 23:00:00"
"29344","820","6","50","2013-01-31 00:00:00","2013-02-11 00:00:00","2013-01-31 00:00:00","2013-02-16 00:00:00","3.0000","36.7500","36.7500","2013-02-15 23:00:00"
"29345","822","1","10","2013-01-31 00:00:00","2013-02-11 00:00:00","2013-01-31 00:00:00","2013-02-16 00:00:00","4.1000","92.2500","92.2500","2013-02-15 23:00:00"
"29345","822","2","20","2013-01-31 00:00:00","2013-02-11 00:00:00","2013-01-31 00:00:00","2013-02-16 00:00:00","3.5000","87.5000","87.5000","2013-02-15 23:00:00"
"29345","822","3","30","2013-01-31 00:00:00","2013-02-11 00:00:00","2013-01-31 00:00:00","2013-02-16 00:00:00","1.0000","14.5000","14.5000","2013-02-15 23:00:00"
"29345","822","4","40","2013-01-31 00:00:00","2013-02-11 00:00:00","2013-01-31 00:00:00","2013-02-16 00:00:00","2.0000","31.5000","31.5000","2013-02-15 23:00:00"
"29345","822","6","50","2013-01-31 00:00:00","2013-02-11 00:00:00","2013-01-31 00:00:00","2013-02-16 00:00:00","3.0000","36.7500","36.7500","2013-02-15 23:00:00"
"29345","822","7","60","2013-01-31 00:00:00","2013-02-11 00:00:00","2013-01-31 00:00:00","2013-02-16 00:00:00","4.0000","49.0000","49.0000","2013-02-15 23:00:00"
"29346","824","6","50","2013-01-31 00:00:00","2013-02-11 00:00:00","2013-01-31 00:00:00","2013-02-16 00:00:00","3.0000","36.7500","36.7500","2013-02-15 23:00:00"
"29347","825","6","50","2013-01-31 00:00:00","2013-02-11 00:00:00","2013-01-31 00:00:00","2013-02-16 00:00:00","3.0000","36.7500","36.7500","2013-02-15 23:00:00"
"29348","826","6","50","2013-01-31 00:00:00","2013-02-11 00:00:00","2013-01-31 00:00:00","2013-02-16 00:00:00","3.0000","36.7500","36.7500","2013-02-15 23:00:00"
"29353","515","6","50","2013-01-31 00:00:00","2013-02-11 00:00:00","2013-01-31 00:00:00","2013-02-16 00:00:00","3.0000","36.7500","36.7500","2013-02-15 23:00:00"
"29353","515","7","60","2013-01-31 00:00:00","2013-02-11 00:00:00","2013-01-31 00:00:00","2013-02-16 00:00:00","4.0000","49.0000","49.0000","2013-02-15 23:00:00"
"29354","516","6","50","2013-01-31 00:00:00","2013-02-11 00:00:00","2013-01-31 00:00:00","2013-02-16 00:00:00","3.0000","36.7500","36.7500","2013-02-15 23:00:00"
"29354","516","7","60","2013-01-31 00:00:00","2013-02-11 00:00:00","2013-01-31 00:00:00","2013-02-16 00:00:00","4.0000","49.0000","49.0000","2013-02-15 23:00:00"
"29355","517","6","50","2013-01-31 00:00:00","2013-02-11 00:00:00","2013-01-31 00:00:00","2013-02-16 00:00:00","3.0000","36.7500","36.7500","2013-02-15 23:00:00"
"29355","517","7","60","2013-01-31 00:00:00","2013-02-11 00:00:00","2013-01-31 00:00:00","2013-02-16 00:00:00","4.0000","49.0000","49.0000","2013-02-15 23:00:00"
"29356","518","6","50","2013-01-31 00:00:00","2013-02-11 00:00:00","2013-01-31 00:00:00","2013-02-16 00:00:00","3.0000","36.7500","36.7500","2013-02-15 23:00:00"
"29356","518","7","60","2013-01-31 00:00:00","2013-02-11 00:00:00","2013-01-31 00:00:00","2013-02-16 00:00:00","4.0000","49.0000","49.0000","2013-02-15 23:00:00"
"29357","519","6","50","2013-01-31 00:00:00","2013-02-11 00:00:00","2013-01-31 00:00:00","2013-02-16 00:00:00","3.0000","36.7500","36.7500","2013-02-15 23:00:00"
"29357","519","7","60","2013-01-31 00:00:00","2013-02-11 00:00:00","2013-01-31 00:00:00","2013-02-16 00:00:00","4.0000","49.0000","49.0000","2013-02-15 23:00:00"
"29379","747","1","10","2013-01-31 00:00:00","2013-02-11 00:00:00","2013-01-31 00:00:00","2013-02-16 00:00:00","4.1000","92.2500","92.2500","2013-02-15 23:00:00"
"29379","747","2","20","2013-01-31 00:00:00","2013-02-11 00:00:00","2013-01-31 00:00:00","2013-02-16 00:00:00","3.5000","87.5000","87.5000","2013-02-15 23:00:00"
"29379","747","3","30","2013-01-31 00:00:00","2013-02-11 00:00:00","2013-01-31 00:00:00","2013-02-16 00:00:00","1.0000","14.5000","14.5000","2013-02-15 23:00:00"
"29379","747","4","40","2013-01-31 00:00:00","2013-02-11 00:00:00","2013-01-31 00:00:00","2013-02-16 00:00:00","2.0000","31.5000","31.5000","2013-02-15 23:00:00"
"29379","747","6","50","2013-01-31 00:00:00","2013-02-11 00:00:00","2013-01-31 00:00:00","2013-02-16 00:00:00","3.0000","36.7500","36.7500","2013-02-15 23:00:00"
"29379","747","7","60","2013-01-31 00:00:00","2013-02-11 00:00:00","2013-01-31 00:00:00","2013-02-16 00:00:00","4.0000","49.0000","49.0000","2013-02-15 23:00:00"
"29380","748","1","10","2013-01-31 00:00:00","2013-02-11 00:00:00","2013-01-31 00:00:00","2013-02-16 00:00:00","4.1000","92.2500","92.2500","2013-02-15 23:00:00"
"29380","748","2","20","2013-01-31 00:00:00","2013-02-11 00:00:00","2013-01-31 00:00:00","2013-02-16 00:00:00","3.5000","87.5000","87.5000","2013-02-15 23:00:00"
"29380","748","3","30","2013-01-31 00:00:00","2013-02-11 00:00:00","2013-01-31 00:00:00","2013-02-16 00:00:00","1.0000","14.5000","14.5000","2013-02-15 23:00:00"
"29380","748","5","45","2013-01-31 00:00:00","2013-02-11 00:00:00","2013-01-31 00:00:00","2013-02-16 00:00:00","2.0000","36.0000","36.0000","2013-02-15 23:00:00"
"29380","748","6","50","2013-01-31 00:00:00","2013-02-11 00:00:00","2013-01-31 00:00:00","2013-02-16 00:00:00","3.0000","36.7500","36.7500","2013-02-15 23:00:00"
"29380","748","7","60","2013-01-31 00:00:00","2013-02-11 00:00:00","2013-01-31 00:00:00","2013-02-16 00:00:00","4.0000","49.0000","49.0000","2013-02-15 23:00:00"
"29381","806","6","50","2013-01-31 00:00:00","2013-02-11 00:00:00","2013-01-31 00:00:00","2013-02-16 00:00:00","3.0000","36.7500","36.7500","2013-02-15 23:00:00"
"29382","809","1","10","2013-01-31 00:00:00","2013-02-11 00:00:00","2013-01-31 00:00:00","2013-02-16 00:00:00","4.1000","92.2500","92.2500","2013-02-15 23:00:00"
"29382","809","2","20","2013-01-31 00:00:00","2013-02-11 00:00:00","2013-01-31 00:00:00","2013-02-16 00:00:00","3.5000","87.5000","87.5000","2013-02-15 23:00:00"
"29382","809","6","50","2013-01-31 00:00:00","2013-02-11 00:00:00","2013-01-31 00:00:00","2013-02-16 00:00:00","3.0000","36.7500","36.7500","2013-02-15 23:00:00"
"29383","810","1","10","2013-01-31 00:00:00","2013-02-11 00:00:00","2013-01-31 00:00:00","2013-02-16 00:00:00","4.1000","92.2500","92.2500","2013-02-15 23:00:00"
"29383","810","2","20","2013-01-31 00:00:00","2013-02-11 00:00:00","2013-01-31 00:00:00","2013-02-16 00:00:00","3.5000","87.5000","87.5000","2013-02-15 23:00:00"
"29383","810","6","50","2013-01-31 00:00:00","2013-02-11 00:00:00","2013-01-31 00:00:00","2013-02-16 00:00:00","3.0000","36.7500","36.7500","2013-02-15 23:00:00"
"29384","811","1","10","2013-01-31 00:00:00","2013-02-11 00:00:00","2013-01-31 00:00:00","2013-02-16 00:00:00","4.1000","92.2500","92.2500","2013-02-15 23:00:00"
"29384","811","2","20","2013-01-31 00:00:00","2013-02-11 00:00:00","2013-01-31 00:00:00","2013-02-16 00:00:00","3.5000","87.5000","87.5000","2013-02-15 23:00:00"
"29384","811","6","50","2013-01-31 00:00:00","2013-02-11 00:00:00","2013-01-31 00:00:00","2013-02-16 00:00:00","3.0000","36.7500","36.7500","2013-02-15 23:00:00"
"29385","812","1","10","2013-01-31 00:00:00","2013-02-11 00:00:00","2013-01-31 00:00:00","2013-02-16 00:00:00","4.1000","92.2500","92.2500","2013-02-15 23:00:00"
"29385","812","2","20","2013-01-31 00:00:00","2013-02-11 00:00:00","2013-01-31 00:00:00","2013-02-16 00:00:00","3.5000","87.5000","87.5000","2013-02-15 23:00:00"
"29385","812","6","50","2013-01-31 00:00:00","2013-02-11 00:00:00","2013-01-31 00:00:00","2013-02-16 00:00:00","3.0000","36.7500","36.7500","2013-02-15 23:00:00"
"29386","813","1","10","2013-01-31 00:00:00","2013-02-11 00:00:00","2013-01-31 00:00:00","2013-02-16 00:00:00","4.1000","92.2500","92.2500","2013-02-15 23:00:00"
"29386","813","2","20","2013-01-31 00:00:00","2013-02-11 00:00:00","2013-01-31 00:00:00","2013-02-16 00:00:00","3.5000","87.5000","87.5000","2013-02-15 23:00:00"
"29386","813","6","50","2013-01-31 00:00:00","2013-02-11 00:00:00","2013-01-31 00:00:00","2013-02-16 00:00:00","3.0000","36.7500","36.7500","2013-02-15 23:00:00"
"29387","814","1","10","2013-01-31 00:00:00","2013-02-11 00:00:00","2013-01-31 00:00:00","2013-02-16 00:00:00","4.1000","92.2500","92.2500","2013-02-15 23:00:00"
"29387","814","2","20","2013-01-31 00:00:00","2013-02-11 00:00:00","2013-01-31 00:00:00","2013-02-16 00:00:00","3.5000","87.5000","87.5000","2013-02-15 23:00:00"
"29387","814","3","30","2013-01-31 00:00:00","2013-02-11 00:00:00","2013-01-31 00:00:00","2013-02-16 00:00:00","1.0000","14.5000","14.5000","2013-02-15 23:00:00"
"29387","814","4","40","2013-01-31 00:00:00","2013-02-11 00:00:00","2013-01-31 00:00:00","2013-02-16 00:00:00","2.0000","31.5000","31.5000","2013-02-15 23:00:00"
"29387","814","6","50","2013-01-31 00:00:00","2013-02-11 00:00:00","2013-01-31 00:00:00","2013-02-16 00:00:00","3.0000","36.7500","36.7500","2013-02-15 23:00:00"
"29387","814","7","60","2013-01-31 00:00:00","2013-02-11 00:00:00","2013-01-31 00:00:00","2013-02-16 00:00:00","4.0000","49.0000","49.0000","2013-02-15 23:00:00"
"29388","816","6","50","2013-01-31 00:00:00","2013-02-11 00:00:00","2013-01-31 00:00:00","2013-02-16 00:00:00","3.0000","36.7500","36.7500","2013-02-15 23:00:00"
"29389","818","6","50","2013-01-31 00:00:00","2013-02-11 00:00:00","2013-01-31 00:00:00","2013-02-16 00:00:00","3.0000","36.7500","36.7500","2013-02-15 23:00:00"
"29390","819","6","50","2013-01-31 00:00:00","2013-02-11 00:00:00","2013-01-31 00:00:00","2013-02-16 00:00:00","3.0000","36.7500","36.7500","2013-02-15 23:00:00"
"29391","820","6","50","2013-01-31 00:00:00","2013-02-11 00:00:00","2013-01-31 00:00:00","2013-02-16 00:00:00","3.0000","36.7500","36.7500","2013-02-15 23:00:00"
"29392","822","1","10","2013-01-31 00:00:00","2013-02-11 00:00:00","2013-01-31 00:00:00","2013-02-16 00:00:00","4.1000","92.2500","92.2500","2013-02-15 23:00:00"
"29392","822","2","20","2013-01-31 00:00:00","2013-02-11 00:00:00","2013-01-31 00:00:00","2013-02-16 00:00:00","3.5000","87.5000","87.5000","2013-02-15 23:00:00"
"29392","822","3","30","2013-01-31 00:00:00","2013-02-11 00:00:00","2013-01-31 00:00:00","2013-02-16 00:00:00","1.0000","14.5000","14.5000","2013-02-15 23:00:00"
"29392","822","4","40","2013-01-31 00:00:00","2013-02-11 00:00:00","2013-01-31 00:00:00","2013-02-16 00:00:00","2.0000","31.5000","31.5000","2013-02-15 23:00:00"
"29392","822","6","50","2013-01-31 00:00:00","2013-02-11 00:00:00","2013-01-31 00:00:00","2013-02-16 00:00:00","3.0000","36.7500","36.7500","2013-02-15 23:00:00"
"29392","822","7","60","2013-01-31 00:00:00","2013-02-11 00:00:00","2013-01-31 00:00:00","2013-02-16 00:00:00","4.0000","49.0000","49.0000","2013-02-15 23:00:00"
"29393","824","6","50","2013-01-31 00:00:00","2013-02-11 00:00:00","2013-01-31 00:00:00","2013-02-16 00:00:00","3.0000","36.7500","36.7500","2013-02-15 23:00:00"
"29394","826","6","50","2013-01-31 00:00:00","2013-02-11 00:00:00","2013-01-31 00:00:00","2013-02-16 00:00:00","3.0000","36.7500","36.7500","2013-02-15 23:00:00"
"29395","827","6","50","2013-01-31 00:00:00","2013-02-11 00:00:00","2013-01-31 00:00:00","2013-02-16 00:00:00","3.0000","36.7500","36.7500","2013-02-15 23:00:00"
"29396","828","6","50","2013-01-31 00:00:00","2013-02-11 00:00:00","2013-01-31 00:00:00","2013-02-16 00:00:00","3.0000","36.7500","36.7500","2013-02-15 23:00:00"
"29407","894","6","50","2013-01-31 00:00:00","2013-02-11 00:00:00","2013-01-31 00:00:00","2013-02-16 00:00:00","3.0000","36.7500","36.7500","2013-02-15 23:00:00"
"29408","945","1","10","2013-01-31 00:00:00","2013-02-11 00:00:00","2013-01-31 00:00:00","2013-02-16 00:00:00","4.1000","92.2500","92.2500","2013-02-15 23:00:00"
"29408","945","6","50","2013-01-31 00:00:00","2013-02-11 00:00:00","2013-01-31 00:00:00","2013-02-16 00:00:00","3.0000","36.7500","36.7500","2013-02-15 23:00:00"
"29409","950","6","50","2013-01-31 00:00:00","2013-02-11 00:00:00","2013-01-31 00:00:00","2013-02-16 00:00:00","3.0000","36.7500","36.7500","2013-02-15 23:00:00"
"29410","994","6","50","2013-01-31 00:00:00","2013-02-11 00:00:00","2013-01-31 00:00:00","2013-02-16 00:00:00","3.0000","36.7500","36.7500","2013-02-15 23:00:00"
"29411","995","6","50","2013-01-31 00:00:00","2013-02-11 00:00:00","2013-01-31 00:00:00","2013-02-16 00:00:00","3.0000","36.7500","36.7500","2013-02-15 23:00:00"
"29412","996","6","50","2013-01-31 00:00:00","2013-02-11 00:00:00","2013-01-31 00:00:00","2013-02-16 00:00:00","3.0000","36.7500","36.7500","2013-02-15 23:00:00"
"29426","802","1","10","2013-01-31 00:00:00","2013-02-11 00:00:00","2013-01-31 00:00:00","2013-02-16 00:00:00","4.1000","92.2500","92.2500","2013-02-15 23:00:00"
"29426","802","6","50","2013-01-31 00:00:00","2013-02-11 00:00:00","2013-01-31 00:00:00","2013-02-16 00:00:00","3.0000","36.7500","36.7500","2013-02-15 23:00:00"
"29427","803","1","10","2013-01-31 00:00:00","2013-02-11 00:00:00","2013-01-31 00:00:00","2013-02-16 00:00:00","4.1000","92.2500","92.2500","2013-02-15 23:00:00"
"29427","803","6","50","2013-01-31 00:00:00","2013-02-11 00:00:00","2013-01-31 00:00:00","2013-02-16 00:00:00","3.0000","36.7500","36.7500","2013-02-15 23:00:00"
"29428","804","1","10","2013-01-31 00:00:00","2013-02-11 00:00:00","2013-01-31 00:00:00","2013-02-16 00:00:00","4.1000","92.2500","92.2500","2013-02-15 23:00:00"
"29428","804","6","50","2013-01-31 00:00:00","2013-02-11 00:00:00","2013-01-31 00:00:00","2013-02-16 00:00:00","3.0000","36.7500","36.7500","2013-02-15 23:00:00"
"29433","765","7","60","2013-02-01 00:00:00","2013-02-12 00:00:00","2013-02-06 00:00:00","2013-02-12 00:00:00","4.0000","49.0000","49.0000","2013-02-11 23:00:00"
"29434","780","7","60","2013-02-01 00:00:00","2013-02-12 00:00:00","2013-02-06 00:00:00","2013-02-12 00:00:00","4.0000","49.0000","49.0000","2013-02-11 23:00:00"
"29435","781","7","60","2013-02-01 00:00:00","2013-02-12 00:00:00","2013-02-06 00:00:00","2013-02-12 00:00:00","4.0000","49.0000","49.0000","2013-02-11 23:00:00"
"29436","782","7","60","2013-02-01 00:00:00","2013-02-12 00:00:00","2013-02-06 00:00:00","2013-02-12 00:00:00","4.0000","49.0000","49.0000","2013-02-11 23:00:00"
"29437","790","7","60","2013-02-01 00:00:00","2013-02-12 00:00:00","2013-02-06 00:00:00","2013-02-12 00:00:00","4.0000","49.0000","49.0000","2013-02-11 23:00:00"
"29438","794","7","60","2013-02-01 00:00:00","2013-02-12 00:00:00","2013-02-06 00:00:00","2013-02-12 00:00:00","4.0000","49.0000","49.0000","2013-02-11 23:00:00"
"29439","800","7","60","2013-02-01 00:00:00","2013-02-12 00:00:00","2013-02-06 00:00:00","2013-02-12 00:00:00","4.0000","49.0000","49.0000","2013-02-11 23:00:00"
"29440","516","6","50","2013-02-01 00:00:00","2013-02-12 00:00:00","2013-02-06 00:00:00","2013-02-12 00:00:00","3.0000","36.7500","36.7500","2013-02-11 23:00:00"
"29440","516","7","60","2013-02-01 00:00:00","2013-02-12 00:00:00","2013-02-06 00:00:00","2013-02-12 00:00:00","4.0000","49.0000","49.0000","2013-02-11 23:00:00"
"29441","517","6","50","2013-02-01 00:00:00","2013-02-12 00:00:00","2013-02-06 00:00:00","2013-02-12 00:00:00","3.0000","36.7500","36.7500","2013-02-11 23:00:00"
"29441","517","7","60","2013-02-01 00:00:00","2013-02-12 00:00:00","2013-02-06 00:00:00","2013-02-12 00:00:00","4.0000","49.0000","49.0000","2013-02-11 23:00:00"
"29442","518","6","50","2013-02-01 00:00:00","2013-02-12 00:00:00","2013-02-06 00:00:00","2013-02-12 00:00:00","3.0000","36.7500","36.7500","2013-02-11 23:00:00"
"29442","518","7","60","2013-02-01 00:00:00","2013-02-12 00:00:00","2013-02-06 00:00:00","2013-02-12 00:00:00","4.0000","49.0000","49.0000","2013-02-11 23:00:00"
"29443","519","6","50","2013-02-01 00:00:00","2013-02-12 00:00:00","2013-02-06 00:00:00","2013-02-12 00:00:00","3.0000","36.7500","36.7500","2013-02-11 23:00:00"
"29443","519","7","60","2013-02-01 00:00:00","2013-02-12 00:00:00","2013-02-06 00:00:00","2013-02-12 00:00:00","4.0000","49.0000","49.0000","2013-02-11 23:00:00"
"29448","747","1","10","2013-02-01 00:00:00","2013-02-12 00:00:00","2013-02-06 00:00:00","2013-02-12 00:00:00","4.1000","92.2500","92.2500","2013-02-11 23:00:00"
"29448","747","2","20","2013-02-01 00:00:00","2013-02-12 00:00:00","2013-02-06 00:00:00","2013-02-12 00:00:00","3.5000","87.5000","87.5000","2013-02-11 23:00:00"
"29448","747","3","30","2013-02-01 00:00:00","2013-02-12 00:00:00","2013-02-06 00:00:00","2013-02-12 00:00:00","1.0000","14.5000","14.5000","2013-02-11 23:00:00"
"29448","747","4","40","2013-02-01 00:00:00","2013-02-12 00:00:00","2013-02-06 00:00:00","2013-02-12 00:00:00","2.0000","31.5000","31.5000","2013-02-11 23:00:00"
"29448","747","6","50","2013-02-01 00:00:00","2013-02-12 00:00:00","2013-02-06 00:00:00","2013-02-12 00:00:00","3.0000","36.7500","36.7500","2013-02-11 23:00:00"
"29448","747","7","60","2013-02-01 00:00:00","2013-02-12 00:00:00","2013-02-06 00:00:00","2013-02-12 00:00:00","4.0000","49.0000","49.0000","2013-02-11 23:00:00"
"29449","806","6","50","2013-02-01 00:00:00","2013-02-12 00:00:00","2013-02-06 00:00:00","2013-02-12 00:00:00","3.0000","36.7500","36.7500","2013-02-11 23:00:00"
"29450","810","1","10","2013-02-01 00:00:00","2013-02-12 00:00:00","2013-02-06 00:00:00","2013-02-12 00:00:00","4.1000","92.2500","92.2500","2013-02-11 23:00:00"
"29450","810","2","20","2013-02-01 00:00:00","2013-02-12 00:00:00","2013-02-06 00:00:00","2013-02-12 00:00:00","3.5000","87.5000","87.5000","2013-02-11 23:00:00"
"29450","810","6","50","2013-02-01 00:00:00","2013-02-12 00:00:00","2013-02-06 00:00:00","2013-02-12 00:00:00","3.0000","36.7500","36.7500","2013-02-11 23:00:00"
"29451","811","1","10","2013-02-01 00:00:00","2013-02-12 00:00:00","2013-02-06 00:00:00","2013-02-12 00:00:00","4.1000","92.2500","92.2500","2013-02-11 23:00:00"
"29451","811","2","20","2013-02-01 00:00:00","2013-02-12 00:00:00","2013-02-06 00:00:00","2013-02-12 00:00:00","3.5000","87.5000","87.5000","2013-02-11 23:00:00"
"29451","811","6","50","2013-02-01 00:00:00","2013-02-12 00:00:00","2013-02-06 00:00:00","2013-02-12 00:00:00","3.0000","36.7500","36.7500","2013-02-11 23:00:00"
"29452","812","1","10","2013-02-01 00:00:00","2013-02-12 00:00:00","2013-02-06 00:00:00","2013-02-12 00:00:00","4.1000","92.2500","92.2500","2013-02-11 23:00:00"
"29452","812","2","20","2013-02-01 00:00:00","2013-02-12 00:00:00","2013-02-06 00:00:00","2013-02-12 00:00:00","3.5000","87.5000","87.5000","2013-02-11 23:00:00"
"29452","812","6","50","2013-02-01 00:00:00","2013-02-12 00:00:00","2013-02-06 00:00:00","2013-02-12 00:00:00","3.0000","36.7500","36.7500","2013-02-11 23:00:00"
"29453","813","1","10","2013-02-01 00:00:00","2013-02-12 00:00:00","2013-02-06 00:00:00","2013-02-12 00:00:00","4.1000","92.2500","92.2500","2013-02-11 23:00:00"
"29453","813","2","20","2013-02-01 00:00:00","2013-02-12 00:00:00","2013-02-06 00:00:00","2013-02-12 00:00:00","3.5000","87.5000","87.5000","2013-02-11 23:00:00"
"29453","813","6","50","2013-02-01 00:00:00","2013-02-12 00:00:00","2013-02-06 00:00:00","2013-02-12 00:00:00","3.0000","36.7500","36.7500","2013-02-11 23:00:00"
"29454","816","6","50","2013-02-01 00:00:00","2013-02-12 00:00:00","2013-02-06 00:00:00","2013-02-12 00:00:00","3.0000","36.7500","36.7500","2013-02-11 23:00:00"
"29455","818","6","50","2013-02-01 00:00:00","2013-02-12 00:00:00","2013-02-06 00:00:00","2013-02-12 00:00:00","3.0000","36.7500","36.7500","2013-02-11 23:00:00"
"29456","819","6","50","2013-02-01 00:00:00","2013-02-12 00:00:00","2013-02-06 00:00:00","2013-02-12 00:00:00","3.0000","36.7500","36.7500","2013-02-11 23:00:00"
"29457","820","6","50","2013-02-01 00:00:00","2013-02-12 00:00:00","2013-02-06 00:00:00","2013-02-12 00:00:00","3.0000","36.7500","36.7500","2013-02-11 23:00:00"
"29458","824","6","50","2013-02-01 00:00:00","2013-02-12 00:00:00","2013-02-06 00:00:00","2013-02-12 00:00:00","3.0000","36.7500","36.7500","2013-02-11 23:00:00"
"29459","826","6","50","2013-02-01 00:00:00","2013-02-12 00:00:00","2013-02-06 00:00:00","2013-02-12 00:00:00","3.0000","36.7500","36.7500","2013-02-11 23:00:00"
"29460","827","6","50","2013-02-01 00:00:00","2013-02-12 00:00:00","2013-02-06 00:00:00","2013-02-12 00:00:00","3.0000","36.7500","36.7500","2013-02-11 23:00:00"
"29461","828","6","50","2013-02-01 00:00:00","2013-02-12 00:00:00","2013-02-06 00:00:00","2013-02-12 00:00:00","3.0000","36.7500","36.7500","2013-02-11 23:00:00"
"29464","894","6","50","2013-02-01 00:00:00","2013-02-12 00:00:00","2013-02-06 00:00:00","2013-02-12 00:00:00","3.0000","36.7500","36.7500","2013-02-11 23:00:00"
"29465","945","1","10","2013-02-01 00:00:00","2013-02-12 00:00:00","2013-02-06 00:00:00","2013-02-12 00:00:00","4.1000","92.2500","92.2500","2013-02-11 23:00:00"
"29465","945","6","50","2013-02-01 00:00:00","2013-02-12 00:00:00","2013-02-06 00:00:00","2013-02-12 00:00:00","3.0000","36.7500","36.7500","2013-02-11 23:00:00"
"29466","950","6","50","2013-02-01 00:00:00","2013-02-12 00:00:00","2013-02-06 00:00:00","2013-02-12 00:00:00","3.0000","36.7500","36.7500","2013-02-11 23:00:00"
"29467","994","6","50","2013-02-01 00:00:00","2013-02-12 00:00:00","2013-02-06 00:00:00","2013-02-12 00:00:00","3.0000","36.7500","36.7500","2013-02-11 23:00:00"
"29468","995","6","50","2013-02-01 00:00:00","2013-02-12 00:00:00","2013-02-06 00:00:00","2013-02-12 00:00:00","3.0000","36.7500","36.7500","2013-02-11 23:00:00"
"29469","996","6","50","2013-02-01 00:00:00","2013-02-12 00:00:00","2013-02-06 00:00:00","2013-02-12 00:00:00","3.0000","36.7500","36.7500","2013-02-11 23:00:00"
"29483","802","1","10","2013-02-01 00:00:00","2013-02-12 00:00:00","2013-02-06 00:00:00","2013-02-12 00:00:00","4.1000","92.2500","92.2500","2013-02-11 23:00:00"
"29483","802","6","50","2013-02-01 00:00:00","2013-02-12 00:00:00","2013-02-06 00:00:00","2013-02-12 00:00:00","3.0000","36.7500","36.7500","2013-02-11 23:00:00"
"29484","803","1","10","2013-02-01 00:00:00","2013-02-12 00:00:00","2013-02-06 00:00:00","2013-02-12 00:00:00","4.1000","92.2500","92.2500","2013-02-11 23:00:00"
"29484","803","6","50","2013-02-01 00:00:00","2013-02-12 00:00:00","2013-02-06 00:00:00","2013-02-12 00:00:00","3.0000","36.7500","36.7500","2013-02-11 23:00:00"
"29485","804","1","10","2013-02-01 00:00:00","2013-02-12 00:00:00","2013-02-06 00:00:00","2013-02-12 00:00:00","4.1000","92.2500","92.2500","2013-02-11 23:00:00"
"29485","804","6","50","2013-02-01 00:00:00","2013-02-12 00:00:00","2013-02-06 00:00:00","2013-02-12 00:00:00","3.0000","36.7500","36.7500","2013-02-11 23:00:00"
"29490","759","7","60","2013-02-02 00:00:00","2013-02-13 00:00:00","2013-02-02 00:00:00","2013-02-20 00:00:00","4.0000","49.0000","49.0000","2013-02-19 23:00:00"
"29491","779","7","60","2013-02-02 00:00:00","2013-02-13 00:00:00","2013-02-02 00:00:00","2013-02-20 00:00:00","4.0000","49.0000","49.0000","2013-02-19 23:00:00"
"29492","782","7","60","2013-02-02 00:00:00","2013-02-13 00:00:00","2013-02-02 00:00:00","2013-02-20 00:00:00","4.0000","49.0000","49.0000","2013-02-19 23:00:00"
"29493","792","7","60","2013-02-02 00:00:00","2013-02-13 00:00:00","2013-02-02 00:00:00","2013-02-20 00:00:00","4.0000","49.0000","49.0000","2013-02-19 23:00:00"
"29494","516","6","50","2013-02-02 00:00:00","2013-02-13 00:00:00","2013-02-02 00:00:00","2013-02-20 00:00:00","3.0000","36.7500","36.7500","2013-02-19 23:00:00"
"29494","516","7","60","2013-02-02 00:00:00","2013-02-13 00:00:00","2013-02-02 00:00:00","2013-02-20 00:00:00","4.0000","49.0000","49.0000","2013-02-19 23:00:00"
"29495","517","6","50","2013-02-02 00:00:00","2013-02-13 00:00:00","2013-02-02 00:00:00","2013-02-20 00:00:00","3.0000","36.7500","36.7500","2013-02-19 23:00:00"
"29495","517","7","60","2013-02-02 00:00:00","2013-02-13 00:00:00","2013-02-02 00:00:00","2013-02-20 00:00:00","4.0000","49.0000","49.0000","2013-02-19 23:00:00"
"29496","519","6","50","2013-02-02 00:00:00","2013-02-13 00:00:00","2013-02-02 00:00:00","2013-02-20 00:00:00","3.0000","36.7500","36.7500","2013-02-19 23:00:00"
"29496","519","7","60","2013-02-02 00:00:00","2013-02-13 00:00:00","2013-02-02 00:00:00","2013-02-20 00:00:00","4.0000","49.0000","49.0000","2013-02-19 23:00:00"
"29499","747","1","10","2013-02-02 00:00:00","2013-02-13 00:00:00","2013-02-02 00:00:00","2013-02-20 00:00:00","4.1000","92.2500","92.2500","2013-02-19 23:00:00"
"29499","747","2","20","2013-02-02 00:00:00","2013-02-13 00:00:00","2013-02-02 00:00:00","2013-02-20 00:00:00","3.5000","87.5000","87.5000","2013-02-19 23:00:00"
"29499","747","3","30","2013-02-02 00:00:00","2013-02-13 00:00:00","2013-02-02 00:00:00","2013-02-20 00:00:00","1.0000","14.5000","14.5000","2013-02-19 23:00:00"
"29499","747","4","40","2013-02-02 00:00:00","2013-02-13 00:00:00","2013-02-02 00:00:00","2013-02-20 00:00:00","2.0000","31.5000","31.5000","2013-02-19 23:00:00"
"29499","747","6","50","2013-02-02 00:00:00","2013-02-13 00:00:00","2013-02-02 00:00:00","2013-02-20 00:00:00","3.0000","36.7500","36.7500","2013-02-19 23:00:00"
"29499","747","7","60","2013-02-02 00:00:00","2013-02-13 00:00:00","2013-02-02 00:00:00","2013-02-20 00:00:00","4.0000","49.0000","49.0000","2013-02-19 23:00:00"
"29500","748","1","10","2013-02-02 00:00:00","2013-02-13 00:00:00","2013-02-02 00:00:00","2013-02-20 00:00:00","4.1000","92.2500","92.2500","2013-02-19 23:00:00"
"29500","748","2","20","2013-02-02 00:00:00","2013-02-13 00:00:00","2013-02-02 00:00:00","2013-02-20 00:00:00","3.5000","87.5000","87.5000","2013-02-19 23:00:00"
"29500","748","3","30","2013-02-02 00:00:00","2013-02-13 00:00:00","2013-02-02 00:00:00","2013-02-20 00:00:00","1.0000","14.5000","14.5000","2013-02-19 23:00:00"
"29500","748","5","45","2013-02-02 00:00:00","2013-02-13 00:00:00","2013-02-02 00:00:00","2013-02-20 00:00:00","2.0000","36.0000","36.0000","2013-02-19 23:00:00"
"29500","748","6","50","2013-02-02 00:00:00","2013-02-13 00:00:00","2013-02-02 00:00:00","2013-02-20 00:00:00","3.0000","36.7500","36.7500","2013-02-19 23:00:00"
"29500","748","7","60","2013-02-02 00:00:00","2013-02-13 00:00:00","2013-02-02 00:00:00","2013-02-20 00:00:00","4.0000","49.0000","49.0000","2013-02-19 23:00:00"
"29501","806","6","50","2013-02-02 00:00:00","2013-02-13 00:00:00","2013-02-02 00:00:00","2013-02-20 00:00:00","3.0000","36.7500","36.7500","2013-02-19 23:00:00"
"29502","810","1","10","2013-02-02 00:00:00","2013-02-13 00:00:00","2013-02-02 00:00:00","2013-02-20 00:00:00","4.1000","92.2500","92.2500","2013-02-19 23:00:00"
"29502","810","2","20","2013-02-02 00:00:00","2013-02-13 00:00:00","2013-02-02 00:00:00","2013-02-20 00:00:00","3.5000","87.5000","87.5000","2013-02-19 23:00:00"
"29502","810","6","50","2013-02-02 00:00:00","2013-02-13 00:00:00","2013-02-02 00:00:00","2013-02-20 00:00:00","3.0000","36.7500","36.7500","2013-02-19 23:00:00"
"29503","811","1","10","2013-02-02 00:00:00","2013-02-13 00:00:00","2013-02-02 00:00:00","2013-02-20 00:00:00","4.1000","92.2500","92.2500","2013-02-19 23:00:00"
"29503","811","2","20","2013-02-02 00:00:00","2013-02-13 00:00:00","2013-02-02 00:00:00","2013-02-20 00:00:00","3.5000","87.5000","87.5000","2013-02-19 23:00:00"
"29503","811","6","50","2013-02-02 00:00:00","2013-02-13 00:00:00","2013-02-02 00:00:00","2013-02-20 00:00:00","3.0000","36.7500","36.7500","2013-02-19 23:00:00"
"29504","813","1","10","2013-02-02 00:00:00","2013-02-13 00:00:00","2013-02-02 00:00:00","2013-02-20 00:00:00","4.1000","92.2500","92.2500","2013-02-19 23:00:00"
"29504","813","2","20","2013-02-02 00:00:00","2013-02-13 00:00:00","2013-02-02 00:00:00","2013-02-20 00:00:00","3.5000","87.5000","87.5000","2013-02-19 23:00:00"
"29504","813","6","50","2013-02-02 00:00:00","2013-02-13 00:00:00","2013-02-02 00:00:00","2013-02-20 00:00:00","3.0000","36.7500","36.7500","2013-02-19 23:00:00"
"29505","816","6","50","2013-02-02 00:00:00","2013-02-13 00:00:00","2013-02-02 00:00:00","2013-02-20 00:00:00","3.0000","36.7500","36.7500","2013-02-19 23:00:00"
"29506","818","6","50","2013-02-02 00:00:00","2013-02-13 00:00:00","2013-02-02 00:00:00","2013-02-20 00:00:00","3.0000","36.7500","36.7500","2013-02-19 23:00:00"
"29507","820","6","50","2013-02-02 00:00:00","2013-02-13 00:00:00","2013-02-02 00:00:00","2013-02-20 00:00:00","3.0000","36.7500","36.7500","2013-02-19 23:00:00"
"29508","824","6","50","2013-02-02 00:00:00","2013-02-13 00:00:00","2013-02-02 00:00:00","2013-02-20 00:00:00","3.0000","36.7500","36.7500","2013-02-19 23:00:00"
"29509","826","6","50","2013-02-02 00:00:00","2013-02-13 00:00:00","2013-02-02 00:00:00","2013-02-20 00:00:00","3.0000","36.7500","36.7500","2013-02-19 23:00:00"
"29510","828","6","50","2013-02-02 00:00:00","2013-02-13 00:00:00","2013-02-02 00:00:00","2013-02-20 00:00:00","3.0000","36.7500","36.7500","2013-02-19 23:00:00"
"29511","894","6","50","2013-02-02 00:00:00","2013-02-13 00:00:00","2013-02-02 00:00:00","2013-02-20 00:00:00","3.0000","36.7500","36.7500","2013-02-19 23:00:00"
"29512","945","1","10","2013-02-02 00:00:00","2013-02-13 00:00:00","2013-02-02 00:00:00","2013-02-20 00:00:00","4.1000","92.2500","92.2500","2013-02-19 23:00:00"
"29512","945","6","50","2013-02-02 00:00:00","2013-02-13 00:00:00","2013-02-02 00:00:00","2013-02-20 00:00:00","3.0000","36.7500","36.7500","2013-02-19 23:00:00"
"29513","950","6","50","2013-02-02 00:00:00","2013-02-13 00:00:00","2013-02-02 00:00:00","2013-02-20 00:00:00","3.0000","36.7500","36.7500","2013-02-19 23:00:00"
"29514","994","6","50","2013-02-02 00:00:00","2013-02-13 00:00:00","2013-02-02 00:00:00","2013-02-20 00:00:00","3.0000","36.7500","36.7500","2013-02-19 23:00:00"
"29515","995","6","50","2013-02-02 00:00:00","2013-02-13 00:00:00","2013-02-02 00:00:00","2013-02-20 00:00:00","3.0000","36.7500","36.7500","2013-02-19 23:00:00"
"29516","996","6","50","2013-02-02 00:00:00","2013-02-13 00:00:00","2013-02-02 00:00:00","2013-02-20 00:00:00","3.0000","36.7500","36.7500","2013-02-19 23:00:00"
"29530","802","1","10","2013-02-02 00:00:00","2013-02-13 00:00:00","2013-02-02 00:00:00","2013-02-20 00:00:00","4.1000","92.2500","92.2500","2013-02-19 23:00:00"
"29530","802","6","50","2013-02-02 00:00:00","2013-02-13 00:00:00","2013-02-02 00:00:00","2013-02-20 00:00:00","3.0000","36.7500","36.7500","2013-02-19 23:00:00"
"29531","804","1","10","2013-02-02 00:00:00","2013-02-13 00:00:00","2013-02-02 00:00:00","2013-02-20 00:00:00","4.1000","92.2500","92.2500","2013-02-19 23:00:00"
"29531","804","6","50","2013-02-02 00:00:00","2013-02-13 00:00:00","2013-02-02 00:00:00","2013-02-20 00:00:00","3.0000","36.7500","36.7500","2013-02-19 23:00:00"
"29536","782","7","60","2013-02-03 00:00:00","2013-02-14 00:00:00","2013-02-10 00:00:00","2013-02-14 00:00:00","4.0000","49.0000","49.0000","2013-02-13 23:00:00"
"29537","791","7","60","2013-02-03 00:00:00","2013-02-14 00:00:00","2013-02-10 00:00:00","2013-02-14 00:00:00","4.0000","49.0000","49.0000","2013-02-13 23:00:00"
"29538","795","7","60","2013-02-03 00:00:00","2013-02-14 00:00:00","2013-02-10 00:00:00","2013-02-14 00:00:00","4.0000","49.0000","49.0000","2013-02-13 23:00:00"
"29539","796","7","60","2013-02-03 00:00:00","2013-02-14 00:00:00","2013-02-10 00:00:00","2013-02-14 00:00:00","4.0000","49.0000","49.0000","2013-02-13 23:00:00"
"29540","801","7","60","2013-02-03 00:00:00","2013-02-14 00:00:00","2013-02-10 00:00:00","2013-02-14 00:00:00","4.0000","49.0000","49.0000","2013-02-13 23:00:00"
"29541","516","6","50","2013-02-03 00:00:00","2013-02-14 00:00:00","2013-02-10 00:00:00","2013-02-14 00:00:00","3.0000","36.7500","36.7500","2013-02-13 23:00:00"
"29541","516","7","60","2013-02-03 00:00:00","2013-02-14 00:00:00","2013-02-10 00:00:00","2013-02-14 00:00:00","4.0000","49.0000","49.0000","2013-02-13 23:00:00"
"29542","518","6","50","2013-02-03 00:00:00","2013-02-14 00:00:00","2013-02-10 00:00:00","2013-02-14 00:00:00","3.0000","36.7500","36.7500","2013-02-13 23:00:00"
"29542","518","7","60","2013-02-03 00:00:00","2013-02-14 00:00:00","2013-02-10 00:00:00","2013-02-14 00:00:00","4.0000","49.0000","49.0000","2013-02-13 23:00:00"
"29543","519","6","50","2013-02-03 00:00:00","2013-02-14 00:00:00","2013-02-10 00:00:00","2013-02-14 00:00:00","3.0000","36.7500","36.7500","2013-02-13 23:00:00"
"29543","519","7","60","2013-02-03 00:00:00","2013-02-14 00:00:00","2013-02-10 00:00:00","2013-02-14 00:00:00","4.0000","49.0000","49.0000","2013-02-13 23:00:00"
"29546","747","1","10","2013-02-03 00:00:00","2013-02-14 00:00:00","2013-02-10 00:00:00","2013-02-14 00:00:00","4.1000","92.2500","92.2500","2013-02-13 23:00:00"
"29546","747","2","20","2013-02-03 00:00:00","2013-02-14 00:00:00","2013-02-10 00:00:00","2013-02-14 00:00:00","3.5000","87.5000","87.5000","2013-02-13 23:00:00"
"29546","747","3","30","2013-02-03 00:00:00","2013-02-14 00:00:00","2013-02-10 00:00:00","2013-02-14 00:00:00","1.0000","14.5000","14.5000","2013-02-13 23:00:00"
"29546","747","4","40","2013-02-03 00:00:00","2013-02-14 00:00:00","2013-02-10 00:00:00","2013-02-14 00:00:00","2.0000","31.5000","31.5000","2013-02-13 23:00:00"
"29546","747","6","50","2013-02-03 00:00:00","2013-02-14 00:00:00","2013-02-10 00:00:00","2013-02-14 00:00:00","3.0000","36.7500","36.7500","2013-02-13 23:00:00"
"29546","747","7","60","2013-02-03 00:00:00","2013-02-14 00:00:00","2013-02-10 00:00:00","2013-02-14 00:00:00","4.0000","49.0000","49.0000","2013-02-13 23:00:00"
"29547","806","6","50","2013-02-03 00:00:00","2013-02-14 00:00:00","2013-02-10 00:00:00","2013-02-14 00:00:00","3.0000","36.7500","36.7500","2013-02-13 23:00:00"
"29548","810","1","10","2013-02-03 00:00:00","2013-02-14 00:00:00","2013-02-10 00:00:00","2013-02-14 00:00:00","4.1000","92.2500","92.2500","2013-02-13 23:00:00"
"29548","810","2","20","2013-02-03 00:00:00","2013-02-14 00:00:00","2013-02-10 00:00:00","2013-02-14 00:00:00","3.5000","87.5000","87.5000","2013-02-13 23:00:00"
"29548","810","6","50","2013-02-03 00:00:00","2013-02-14 00:00:00","2013-02-10 00:00:00","2013-02-14 00:00:00","3.0000","36.7500","36.7500","2013-02-13 23:00:00"
"29549","812","1","10","2013-02-03 00:00:00","2013-02-14 00:00:00","2013-02-10 00:00:00","2013-02-14 00:00:00","4.1000","92.2500","92.2500","2013-02-13 23:00:00"
"29549","812","2","20","2013-02-03 00:00:00","2013-02-14 00:00:00","2013-02-10 00:00:00","2013-02-14 00:00:00","3.5000","87.5000","87.5000","2013-02-13 23:00:00"
"29549","812","6","50","2013-02-03 00:00:00","2013-02-14 00:00:00","2013-02-10 00:00:00","2013-02-14 00:00:00","3.0000","36.7500","36.7500","2013-02-13 23:00:00"
"29550","813","1","10","2013-02-03 00:00:00","2013-02-14 00:00:00","2013-02-10 00:00:00","2013-02-14 00:00:00","4.1000","92.2500","92.2500","2013-02-13 23:00:00"
"29550","813","2","20","2013-02-03 00:00:00","2013-02-14 00:00:00","2013-02-10 00:00:00","2013-02-14 00:00:00","3.5000","87.5000","87.5000","2013-02-13 23:00:00"
"29550","813","6","50","2013-02-03 00:00:00","2013-02-14 00:00:00","2013-02-10 00:00:00","2013-02-14 00:00:00","3.0000","36.7500","36.7500","2013-02-13 23:00:00"
"29551","816","6","50","2013-02-03 00:00:00","2013-02-14 00:00:00","2013-02-10 00:00:00","2013-02-14 00:00:00","3.0000","36.7500","36.7500","2013-02-13 23:00:00"
"29552","819","6","50","2013-02-03 00:00:00","2013-02-14 00:00:00","2013-02-10 00:00:00","2013-02-14 00:00:00","3.0000","36.7500","36.7500","2013-02-13 23:00:00"
"29553","820","6","50","2013-02-03 00:00:00","2013-02-14 00:00:00","2013-02-10 00:00:00","2013-02-14 00:00:00","3.0000","36.7500","36.7500","2013-02-13 23:00:00"
"29554","824","6","50","2013-02-03 00:00:00","2013-02-14 00:00:00","2013-02-10 00:00:00","2013-02-14 00:00:00","3.0000","36.7500","36.7500","2013-02-13 23:00:00"
"29555","827","6","50","2013-02-03 00:00:00","2013-02-14 00:00:00","2013-02-10 00:00:00","2013-02-14 00:00:00","3.0000","36.7500","36.7500","2013-02-13 23:00:00"
"29556","828","6","50","2013-02-03 00:00:00","2013-02-14 00:00:00","2013-02-10 00:00:00","2013-02-14 00:00:00","3.0000","36.7500","36.7500","2013-02-13 23:00:00"
"29559","894","6","50","2013-02-03 00:00:00","2013-02-14 00:00:00","2013-02-10 00:00:00","2013-02-14 00:00:00","3.0000","36.7500","36.7500","2013-02-13 23:00:00"
"29560","945","1","10","2013-02-03 00:00:00","2013-02-14 00:00:00","2013-02-10 00:00:00","2013-02-14 00:00:00","4.1000","92.2500","92.2500","2013-02-13 23:00:00"
"29560","945","6","50","2013-02-03 00:00:00","2013-02-14 00:00:00","2013-02-10 00:00:00","2013-02-14 00:00:00","3.0000","36.7500","36.7500","2013-02-13 23:00:00"
"29561","950","6","50","2013-02-03 00:00:00","2013-02-14 00:00:00","2013-02-10 00:00:00","2013-02-14 00:00:00","3.0000","36.7500","36.7500","2013-02-13 23:00:00"
"29562","994","6","50","2013-02-03 00:00:00","2013-02-14 00:00:00","2013-02-10 00:00:00","2013-02-14 00:00:00","3.0000","36.7500","36.7500","2013-02-13 23:00:00"
"29563","995","6","50","2013-02-03 00:00:00","2013-02-14 00:00:00","2013-02-10 00:00:00","2013-02-14 00:00:00","3.0000","36.7500","36.7500","2013-02-13 23:00:00"
"29564","996","6","50","2013-02-03 00:00:00","2013-02-14 00:00:00","2013-02-10 00:00:00","2013-02-14 00:00:00","3.0000","36.7500","36.7500","2013-02-13 23:00:00"
"29577","803","1","10","2013-02-03 00:00:00","2013-02-14 00:00:00","2013-02-10 00:00:00","2013-02-14 00:00:00","4.1000","92.2500","92.2500","2013-02-13 23:00:00"
"29577","803","6","50","2013-02-03 00:00:00","2013-02-14 00:00:00","2013-02-10 00:00:00","2013-02-14 00:00:00","3.0000","36.7500","36.7500","2013-02-13 23:00:00"
"29578","804","1","10","2013-02-03 00:00:00","2013-02-14 00:00:00","2013-02-10 00:00:00","2013-02-14 00:00:00","4.1000","92.2500","92.2500","2013-02-13 23:00:00"
"29578","804","6","50","2013-02-03 00:00:00","2013-02-14 00:00:00","2013-02-10 00:00:00","2013-02-14 00:00:00","3.0000","36.7500","36.7500","2013-02-13 23:00:00"
"29583","762","7","60","2013-02-04 00:00:00","2013-02-15 00:00:00","2013-02-04 00:00:00","2013-02-24 00:00:00","4.0000","49.0000","49.0000","2013-02-23 23:00:00"
"29584","779","7","60","2013-02-04 00:00:00","2013-02-15 00:00:00","2013-02-04 00:00:00","2013-02-24 00:00:00","4.0000","49.0000","49.0000","2013-02-23 23:00:00"
"29585","780","7","60","2013-02-04 00:00:00","2013-02-15 00:00:00","2013-02-04 00:00:00","2013-02-24 00:00:00","4.0000","49.0000","49.0000","2013-02-23 23:00:00"
"29586","781","7","60","2013-02-04 00:00:00","2013-02-15 00:00:00","2013-02-04 00:00:00","2013-02-24 00:00:00","4.0000","49.0000","49.0000","2013-02-23 23:00:00"
"29587","783","7","60","2013-02-04 00:00:00","2013-02-15 00:00:00","2013-02-04 00:00:00","2013-02-24 00:00:00","4.0000","49.0000","49.0000","2013-02-23 23:00:00"
"29588","784","7","60","2013-02-04 00:00:00","2013-02-15 00:00:00","2013-02-04 00:00:00","2013-02-24 00:00:00","4.0000","49.0000","49.0000","2013-02-23 23:00:00"
"29589","789","7","60","2013-02-04 00:00:00","2013-02-15 00:00:00","2013-02-04 00:00:00","2013-02-24 00:00:00","4.0000","49.0000","49.0000","2013-02-23 23:00:00"
"29590","790","7","60","2013-02-04 00:00:00","2013-02-15 00:00:00","2013-02-04 00:00:00","2013-02-24 00:00:00","4.0000","49.0000","49.0000","2013-02-23 23:00:00"
"29591","795","7","60","2013-02-04 00:00:00","2013-02-15 00:00:00","2013-02-04 00:00:00","2013-02-24 00:00:00","4.0000","49.0000","49.0000","2013-02-23 23:00:00"
"29592","796","7","60","2013-02-04 00:00:00","2013-02-15 00:00:00","2013-02-04 00:00:00","2013-02-24 00:00:00","4.0000","49.0000","49.0000","2013-02-23 23:00:00"
"29593","798","7","60","2013-02-04 00:00:00","2013-02-15 00:00:00","2013-02-04 00:00:00","2013-02-24 00:00:00","4.0000","49.0000","49.0000","2013-02-23 23:00:00"
"29594","516","6","50","2013-02-04 00:00:00","2013-02-15 00:00:00","2013-02-04 00:00:00","2013-02-24 00:00:00","3.0000","36.7500","36.7500","2013-02-23 23:00:00"
"29594","516","7","60","2013-02-04 00:00:00","2013-02-15 00:00:00","2013-02-04 00:00:00","2013-02-24 00:00:00","4.0000","49.0000","49.0000","2013-02-23 23:00:00"
"29595","517","6","50","2013-02-04 00:00:00","2013-02-15 00:00:00","2013-02-04 00:00:00","2013-02-24 00:00:00","3.0000","36.7500","36.7500","2013-02-23 23:00:00"
"29595","517","7","60","2013-02-04 00:00:00","2013-02-15 00:00:00","2013-02-04 00:00:00","2013-02-24 00:00:00","4.0000","49.0000","49.0000","2013-02-23 23:00:00"
"29596","518","6","50","2013-02-04 00:00:00","2013-02-15 00:00:00","2013-02-04 00:00:00","2013-02-24 00:00:00","3.0000","36.7500","36.7500","2013-02-23 23:00:00"
"29596","518","7","60","2013-02-04 00:00:00","2013-02-15 00:00:00","2013-02-04 00:00:00","2013-02-24 00:00:00","4.0000","49.0000","49.0000","2013-02-23 23:00:00"
"29597","519","6","50","2013-02-04 00:00:00","2013-02-15 00:00:00","2013-02-04 00:00:00","2013-02-24 00:00:00","3.0000","36.7500","36.7500","2013-02-23 23:00:00"
"29597","519","7","60","2013-02-04 00:00:00","2013-02-15 00:00:00","2013-02-04 00:00:00","2013-02-24 00:00:00","4.0000","49.0000","49.0000","2013-02-23 23:00:00"
"29606","748","1","10","2013-02-04 00:00:00","2013-02-15 00:00:00","2013-02-04 00:00:00","2013-02-24 00:00:00","4.1000","92.2500","92.2500","2013-02-23 23:00:00"
"29606","748","2","20","2013-02-04 00:00:00","2013-02-15 00:00:00","2013-02-04 00:00:00","2013-02-24 00:00:00","3.5000","87.5000","87.5000","2013-02-23 23:00:00"
"29606","748","3","30","2013-02-04 00:00:00","2013-02-15 00:00:00","2013-02-04 00:00:00","2013-02-24 00:00:00","1.0000","14.5000","14.5000","2013-02-23 23:00:00"
"29606","748","5","45","2013-02-04 00:00:00","2013-02-15 00:00:00","2013-02-04 00:00:00","2013-02-24 00:00:00","2.0000","36.0000","36.0000","2013-02-23 23:00:00"
"29606","748","6","50","2013-02-04 00:00:00","2013-02-15 00:00:00","2013-02-04 00:00:00","2013-02-24 00:00:00","3.0000","36.7500","36.7500","2013-02-23 23:00:00"
"29606","748","7","60","2013-02-04 00:00:00","2013-02-15 00:00:00","2013-02-04 00:00:00","2013-02-24 00:00:00","4.0000","49.0000","49.0000","2013-02-23 23:00:00"
"29607","806","6","50","2013-02-04 00:00:00","2013-02-15 00:00:00","2013-02-04 00:00:00","2013-02-24 00:00:00","3.0000","36.7500","36.7500","2013-02-23 23:00:00"
"29608","810","1","10","2013-02-04 00:00:00","2013-02-15 00:00:00","2013-02-04 00:00:00","2013-02-24 00:00:00","4.1000","92.2500","92.2500","2013-02-23 23:00:00"
"29608","810","2","20","2013-02-04 00:00:00","2013-02-15 00:00:00","2013-02-04 00:00:00","2013-02-24 00:00:00","3.5000","87.5000","87.5000","2013-02-23 23:00:00"
"29608","810","6","50","2013-02-04 00:00:00","2013-02-15 00:00:00","2013-02-04 00:00:00","2013-02-24 00:00:00","3.0000","36.7500","36.7500","2013-02-23 23:00:00"
"29609","811","1","10","2013-02-04 00:00:00","2013-02-15 00:00:00","2013-02-04 00:00:00","2013-02-24 00:00:00","4.1000","92.2500","92.2500","2013-02-23 23:00:00"
"29609","811","2","20","2013-02-04 00:00:00","2013-02-15 00:00:00","2013-02-04 00:00:00","2013-02-24 00:00:00","3.5000","87.5000","87.5000","2013-02-23 23:00:00"
"29609","811","6","50","2013-02-04 00:00:00","2013-02-15 00:00:00","2013-02-04 00:00:00","2013-02-24 00:00:00","3.0000","36.7500","36.7500","2013-02-23 23:00:00"
"29610","812","1","10","2013-02-04 00:00:00","2013-02-15 00:00:00","2013-02-04 00:00:00","2013-02-24 00:00:00","4.1000","92.2500","92.2500","2013-02-23 23:00:00"
"29610","812","2","20","2013-02-04 00:00:00","2013-02-15 00:00:00","2013-02-04 00:00:00","2013-02-24 00:00:00","3.5000","87.5000","87.5000","2013-02-23 23:00:00"
"29610","812","6","50","2013-02-04 00:00:00","2013-02-15 00:00:00","2013-02-04 00:00:00","2013-02-24 00:00:00","3.0000","36.7500","36.7500","2013-02-23 23:00:00"
"29611","813","1","10","2013-02-04 00:00:00","2013-02-15 00:00:00","2013-02-04 00:00:00","2013-02-24 00:00:00","4.1000","92.2500","92.2500","2013-02-23 23:00:00"
"29611","813","2","20","2013-02-04 00:00:00","2013-02-15 00:00:00","2013-02-04 00:00:00","2013-02-24 00:00:00","3.5000","87.5000","87.5000","2013-02-23 23:00:00"
"29611","813","6","50","2013-02-04 00:00:00","2013-02-15 00:00:00","2013-02-04 00:00:00","2013-02-24 00:00:00","3.0000","36.7500","36.7500","2013-02-23 23:00:00"
"29612","816","6","50","2013-02-04 00:00:00","2013-02-15 00:00:00","2013-02-04 00:00:00","2013-02-24 00:00:00","3.0000","36.7500","36.7500","2013-02-23 23:00:00"
"29613","818","6","50","2013-02-04 00:00:00","2013-02-15 00:00:00","2013-02-04 00:00:00","2013-02-24 00:00:00","3.0000","36.7500","36.7500","2013-02-23 23:00:00"
"29614","819","6","50","2013-02-04 00:00:00","2013-02-15 00:00:00","2013-02-04 00:00:00","2013-02-24 00:00:00","3.0000","36.7500","36.7500","2013-02-23 23:00:00"
"29615","820","6","50","2013-02-04 00:00:00","2013-02-15 00:00:00","2013-02-04 00:00:00","2013-02-24 00:00:00","3.0000","36.7500","36.7500","2013-02-23 23:00:00"
"29616","824","6","50","2013-02-04 00:00:00","2013-02-15 00:00:00","2013-02-04 00:00:00","2013-02-24 00:00:00","3.0000","36.7500","36.7500","2013-02-23 23:00:00"
"29617","826","6","50","2013-02-04 00:00:00","2013-02-15 00:00:00","2013-02-04 00:00:00","2013-02-24 00:00:00","3.0000","36.7500","36.7500","2013-02-23 23:00:00"
"29618","827","6","50","2013-02-04 00:00:00","2013-02-15 00:00:00","2013-02-04 00:00:00","2013-02-24 00:00:00","3.0000","36.7500","36.7500","2013-02-23 23:00:00"
"29619","828","6","50","2013-02-04 00:00:00","2013-02-15 00:00:00","2013-02-04 00:00:00","2013-02-24 00:00:00","3.0000","36.7500","36.7500","2013-02-23 23:00:00"
"29622","894","6","50","2013-02-04 00:00:00","2013-02-15 00:00:00","2013-02-04 00:00:00","2013-02-24 00:00:00","3.0000","36.7500","36.7500","2013-02-23 23:00:00"
"29623","945","1","10","2013-02-04 00:00:00","2013-02-15 00:00:00","2013-02-04 00:00:00","2013-02-24 00:00:00","4.1000","92.2500","92.2500","2013-02-23 23:00:00"
"29623","945","6","50","2013-02-04 00:00:00","2013-02-15 00:00:00","2013-02-04 00:00:00","2013-02-24 00:00:00","3.0000","36.7500","36.7500","2013-02-23 23:00:00"
"29624","950","6","50","2013-02-04 00:00:00","2013-02-15 00:00:00","2013-02-04 00:00:00","2013-02-24 00:00:00","3.0000","36.7500","36.7500","2013-02-23 23:00:00"
"29625","994","6","50","2013-02-04 00:00:00","2013-02-15 00:00:00","2013-02-04 00:00:00","2013-02-24 00:00:00","3.0000","36.7500","36.7500","2013-02-23 23:00:00"
"29626","995","6","50","2013-02-04 00:00:00","2013-02-15 00:00:00","2013-02-04 00:00:00","2013-02-24 00:00:00","3.0000","36.7500","36.7500","2013-02-23 23:00:00"
"29627","996","6","50","2013-02-04 00:00:00","2013-02-15 00:00:00","2013-02-04 00:00:00","2013-02-24 00:00:00","3.0000","36.7500","36.7500","2013-02-23 23:00:00"
"29641","802","1","10","2013-02-04 00:00:00","2013-02-15 00:00:00","2013-02-04 00:00:00","2013-02-24 00:00:00","4.1000","92.2500","92.2500","2013-02-23 23:00:00"
"29641","802","6","50","2013-02-04 00:00:00","2013-02-15 00:00:00","2013-02-04 00:00:00","2013-02-24 00:00:00","3.0000","36.7500","36.7500","2013-02-23 23:00:00"
"29642","803","1","10","2013-02-04 00:00:00","2013-02-15 00:00:00","2013-02-04 00:00:00","2013-02-24 00:00:00","4.1000","92.2500","92.2500","2013-02-23 23:00:00"
"29642","803","6","50","2013-02-04 00:00:00","2013-02-15 00:00:00","2013-02-04 00:00:00","2013-02-24 00:00:00","3.0000","36.7500","36.7500","2013-02-23 23:00:00"
"29643","804","1","10","2013-02-04 00:00:00","2013-02-15 00:00:00","2013-02-04 00:00:00","2013-02-24 00:00:00","4.1000","92.2500","92.2500","2013-02-23 23:00:00"
"29643","804","6","50","2013-02-04 00:00:00","2013-02-15 00:00:00","2013-02-04 00:00:00","2013-02-24 00:00:00","3.0000","36.7500","36.7500","2013-02-23 23:00:00"
"29648","764","7","60","2013-02-05 00:00:00","2013-02-16 00:00:00","2013-02-14 00:00:00","2013-02-16 00:00:00","4.0000","49.0000","49.0000","2013-02-15 23:00:00"
"29649","789","7","60","2013-02-05 00:00:00","2013-02-16 00:00:00","2013-02-14 00:00:00","2013-02-16 00:00:00","4.0000","49.0000","49.0000","2013-02-15 23:00:00"
"29650","794","7","60","2013-02-05 00:00:00","2013-02-16 00:00:00","2013-02-14 00:00:00","2013-02-16 00:00:00","4.0000","49.0000","49.0000","2013-02-15 23:00:00"
"29651","797","7","60","2013-02-05 00:00:00","2013-02-16 00:00:00","2013-02-14 00:00:00","2013-02-16 00:00:00","4.0000","49.0000","49.0000","2013-02-15 23:00:00"
"29652","801","7","60","2013-02-05 00:00:00","2013-02-16 00:00:00","2013-02-14 00:00:00","2013-02-16 00:00:00","4.0000","49.0000","49.0000","2013-02-15 23:00:00"
"29653","517","6","50","2013-02-05 00:00:00","2013-02-16 00:00:00","2013-02-14 00:00:00","2013-02-16 00:00:00","3.0000","36.7500","36.7500","2013-02-15 23:00:00"
"29653","517","7","60","2013-02-05 00:00:00","2013-02-16 00:00:00","2013-02-14 00:00:00","2013-02-16 00:00:00","4.0000","49.0000","49.0000","2013-02-15 23:00:00"
"29654","518","6","50","2013-02-05 00:00:00","2013-02-16 00:00:00","2013-02-14 00:00:00","2013-02-16 00:00:00","3.0000","36.7500","36.7500","2013-02-15 23:00:00"
"29654","518","7","60","2013-02-05 00:00:00","2013-02-16 00:00:00","2013-02-14 00:00:00","2013-02-16 00:00:00","4.0000","49.0000","49.0000","2013-02-15 23:00:00"
"29655","519","6","50","2013-02-05 00:00:00","2013-02-16 00:00:00","2013-02-14 00:00:00","2013-02-16 00:00:00","3.0000","36.7500","36.7500","2013-02-15 23:00:00"
"29655","519","7","60","2013-02-05 00:00:00","2013-02-16 00:00:00","2013-02-14 00:00:00","2013-02-16 00:00:00","4.0000","49.0000","49.0000","2013-02-15 23:00:00"
"29658","806","6","50","2013-02-05 00:00:00","2013-02-16 00:00:00","2013-02-14 00:00:00","2013-02-16 00:00:00","3.0000","36.7500","36.7500","2013-02-15 23:00:00"
"29659","811","1","10","2013-02-05 00:00:00","2013-02-16 00:00:00","2013-02-14 00:00:00","2013-02-16 00:00:00","4.1000","92.2500","92.2500","2013-02-15 23:00:00"
"29659","811","2","20","2013-02-05 00:00:00","2013-02-16 00:00:00","2013-02-14 00:00:00","2013-02-16 00:00:00","3.5000","87.5000","87.5000","2013-02-15 23:00:00"
"29659","811","6","50","2013-02-05 00:00:00","2013-02-16 00:00:00","2013-02-14 00:00:00","2013-02-16 00:00:00","3.0000","36.7500","36.7500","2013-02-15 23:00:00"
"29660","812","1","10","2013-02-05 00:00:00","2013-02-16 00:00:00","2013-02-14 00:00:00","2013-02-16 00:00:00","4.1000","92.2500","92.2500","2013-02-15 23:00:00"
"29660","812","2","20","2013-02-05 00:00:00","2013-02-16 00:00:00","2013-02-14 00:00:00","2013-02-16 00:00:00","3.5000","87.5000","87.5000","2013-02-15 23:00:00"
"29660","812","6","50","2013-02-05 00:00:00","2013-02-16 00:00:00","2013-02-14 00:00:00","2013-02-16 00:00:00","3.0000","36.7500","36.7500","2013-02-15 23:00:00"
"29661","813","1","10","2013-02-05 00:00:00","2013-02-16 00:00:00","2013-02-14 00:00:00","2013-02-16 00:00:00","4.1000","92.2500","92.2500","2013-02-15 23:00:00"
"29661","813","2","20","2013-02-05 00:00:00","2013-02-16 00:00:00","2013-02-14 00:00:00","2013-02-16 00:00:00","3.5000","87.5000","87.5000","2013-02-15 23:00:00"
"29661","813","6","50","2013-02-05 00:00:00","2013-02-16 00:00:00","2013-02-14 00:00:00","2013-02-16 00:00:00","3.0000","36.7500","36.7500","2013-02-15 23:00:00"
"29662","818","6","50","2013-02-05 00:00:00","2013-02-16 00:00:00","2013-02-14 00:00:00","2013-02-16 00:00:00","3.0000","36.7500","36.7500","2013-02-15 23:00:00"
"29663","819","6","50","2013-02-05 00:00:00","2013-02-16 00:00:00","2013-02-14 00:00:00","2013-02-16 00:00:00","3.0000","36.7500","36.7500","2013-02-15 23:00:00"
"29664","820","6","50","2013-02-05 00:00:00","2013-02-16 00:00:00","2013-02-14 00:00:00","2013-02-16 00:00:00","3.0000","36.7500","36.7500","2013-02-15 23:00:00"
"29665","822","1","10","2013-02-05 00:00:00","2013-02-16 00:00:00","2013-02-14 00:00:00","2013-02-16 00:00:00","4.1000","92.2500","92.2500","2013-02-15 23:00:00"
"29665","822","2","20","2013-02-05 00:00:00","2013-02-16 00:00:00","2013-02-14 00:00:00","2013-02-16 00:00:00","3.5000","87.5000","87.5000","2013-02-15 23:00:00"
"29665","822","3","30","2013-02-05 00:00:00","2013-02-16 00:00:00","2013-02-14 00:00:00","2013-02-16 00:00:00","1.0000","14.5000","14.5000","2013-02-15 23:00:00"
"29665","822","4","40","2013-02-05 00:00:00","2013-02-16 00:00:00","2013-02-14 00:00:00","2013-02-16 00:00:00","2.0000","31.5000","31.5000","2013-02-15 23:00:00"
"29665","822","6","50","2013-02-05 00:00:00","2013-02-16 00:00:00","2013-02-14 00:00:00","2013-02-16 00:00:00","3.0000","36.7500","36.7500","2013-02-15 23:00:00"
"29665","822","7","60","2013-02-05 00:00:00","2013-02-16 00:00:00","2013-02-14 00:00:00","2013-02-16 00:00:00","4.0000","49.0000","49.0000","2013-02-15 23:00:00"
"29666","826","6","50","2013-02-05 00:00:00","2013-02-16 00:00:00","2013-02-14 00:00:00","2013-02-16 00:00:00","3.0000","36.7500","36.7500","2013-02-15 23:00:00"
"29667","827","6","50","2013-02-05 00:00:00","2013-02-16 00:00:00","2013-02-14 00:00:00","2013-02-16 00:00:00","3.0000","36.7500","36.7500","2013-02-15 23:00:00"
"29668","828","6","50","2013-02-05 00:00:00","2013-02-16 00:00:00","2013-02-14 00:00:00","2013-02-16 00:00:00","3.0000","36.7500","36.7500","2013-02-15 23:00:00"
"29671","894","6","50","2013-02-05 00:00:00","2013-02-16 00:00:00","2013-02-14 00:00:00","2013-02-16 00:00:00","3.0000","36.7500","36.7500","2013-02-15 23:00:00"
"29672","945","1","10","2013-02-05 00:00:00","2013-02-16 00:00:00","2013-02-14 00:00:00","2013-02-16 00:00:00","4.1000","92.2500","92.2500","2013-02-15 23:00:00"
"29672","945","6","50","2013-02-05 00:00:00","2013-02-16 00:00:00","2013-02-14 00:00:00","2013-02-16 00:00:00","3.0000","36.7500","36.7500","2013-02-15 23:00:00"
"29673","950","6","50","2013-02-05 00:00:00","2013-02-16 00:00:00","2013-02-14 00:00:00","2013-02-16 00:00:00","3.0000","36.7500","36.7500","2013-02-15 23:00:00"
"29674","994","6","50","2013-02-05 00:00:00","2013-02-16 00:00:00","2013-02-14 00:00:00","2013-02-16 00:00:00","3.0000","36.7500","36.7500","2013-02-15 23:00:00"
"29675","996","6","50","2013-02-05 00:00:00","2013-02-16 00:00:00","2013-02-14 00:00:00","2013-02-16 00:00:00","3.0000","36.7500","36.7500","2013-02-15 23:00:00"
"29688","802","1","10","2013-02-05 00:00:00","2013-02-16 00:00:00","2013-02-14 00:00:00","2013-02-16 00:00:00","4.1000","92.2500","92.2500","2013-02-15 23:00:00"
"29688","802","6","50","2013-02-05 00:00:00","2013-02-16 00:00:00","2013-02-14 00:00:00","2013-02-16 00:00:00","3.0000","36.7500","36.7500","2013-02-15 23:00:00"
"29689","803","1","10","2013-02-05 00:00:00","2013-02-16 00:00:00","2013-02-14 00:00:00","2013-02-16 00:00:00","4.1000","92.2500","92.2500","2013-02-15 23:00:00"
"29689","803","6","50","2013-02-05 00:00:00","2013-02-16 00:00:00","2013-02-14 00:00:00","2013-02-16 00:00:00","3.0000","36.7500","36.7500","2013-02-15 23:00:00"
"29690","804","1","10","2013-02-05 00:00:00","2013-02-16 00:00:00","2013-02-14 00:00:00","2013-02-16 00:00:00","4.1000","92.2500","92.2500","2013-02-15 23:00:00"
"29690","804","6","50","2013-02-05 00:00:00","2013-02-16 00:00:00","2013-02-14 00:00:00","2013-02-16 00:00:00","3.0000","36.7500","36.7500","2013-02-15 23:00:00"
"29695","767","7","60","2013-02-06 00:00:00","2013-02-17 00:00:00","2013-02-06 00:00:00","2013-02-28 00:00:00","4.0000","49.0000","49.0000","2013-02-27 23:00:00"
"29696","768","7","60","2013-02-06 00:00:00","2013-02-17 00:00:00","2013-02-06 00:00:00","2013-02-28 00:00:00","4.0000","49.0000","49.0000","2013-02-27 23:00:00"
"29697","770","7","60","2013-02-06 00:00:00","2013-02-17 00:00:00","2013-02-06 00:00:00","2013-02-28 00:00:00","4.0000","49.0000","49.0000","2013-02-27 23:00:00"
"29698","779","7","60","2013-02-06 00:00:00","2013-02-17 00:00:00","2013-02-06 00:00:00","2013-02-28 00:00:00","4.0000","49.0000","49.0000","2013-02-27 23:00:00"
"29699","781","7","60","2013-02-06 00:00:00","2013-02-17 00:00:00","2013-02-06 00:00:00","2013-02-28 00:00:00","4.0000","49.0000","49.0000","2013-02-27 23:00:00"
"29700","782","7","60","2013-02-06 00:00:00","2013-02-17 00:00:00","2013-02-06 00:00:00","2013-02-28 00:00:00","4.0000","49.0000","49.0000","2013-02-27 23:00:00"
"29701","791","7","60","2013-02-06 00:00:00","2013-02-17 00:00:00","2013-02-06 00:00:00","2013-02-28 00:00:00","4.0000","49.0000","49.0000","2013-02-27 23:00:00"
"29702","797","7","60","2013-02-06 00:00:00","2013-02-17 00:00:00","2013-02-06 00:00:00","2013-02-28 00:00:00","4.0000","49.0000","49.0000","2013-02-27 23:00:00"
"29703","800","7","60","2013-02-06 00:00:00","2013-02-17 00:00:00","2013-02-06 00:00:00","2013-02-28 00:00:00","4.0000","49.0000","49.0000","2013-02-27 23:00:00"
"29704","516","6","50","2013-02-06 00:00:00","2013-02-17 00:00:00","2013-02-06 00:00:00","2013-02-28 00:00:00","3.0000","36.7500","36.7500","2013-02-27 23:00:00"
"29704","516","7","60","2013-02-06 00:00:00","2013-02-17 00:00:00","2013-02-06 00:00:00","2013-02-28 00:00:00","4.0000","49.0000","49.0000","2013-02-27 23:00:00"
"29705","517","6","50","2013-02-06 00:00:00","2013-02-17 00:00:00","2013-02-06 00:00:00","2013-02-28 00:00:00","3.0000","36.7500","36.7500","2013-02-27 23:00:00"
"29705","517","7","60","2013-02-06 00:00:00","2013-02-17 00:00:00","2013-02-06 00:00:00","2013-02-28 00:00:00","4.0000","49.0000","49.0000","2013-02-27 23:00:00"
"29706","518","6","50","2013-02-06 00:00:00","2013-02-17 00:00:00","2013-02-06 00:00:00","2013-02-28 00:00:00","3.0000","36.7500","36.7500","2013-02-27 23:00:00"
"29706","518","7","60","2013-02-06 00:00:00","2013-02-17 00:00:00","2013-02-06 00:00:00","2013-02-28 00:00:00","4.0000","49.0000","49.0000","2013-02-27 23:00:00"
"29707","519","6","50","2013-02-06 00:00:00","2013-02-17 00:00:00","2013-02-06 00:00:00","2013-02-28 00:00:00","3.0000","36.7500","36.7500","2013-02-27 23:00:00"
"29707","519","7","60","2013-02-06 00:00:00","2013-02-17 00:00:00","2013-02-06 00:00:00","2013-02-28 00:00:00","4.0000","49.0000","49.0000","2013-02-27 23:00:00"
"29713","747","1","10","2013-02-06 00:00:00","2013-02-17 00:00:00","2013-02-06 00:00:00","2013-02-28 00:00:00","4.1000","92.2500","92.2500","2013-02-27 23:00:00"
"29713","747","2","20","2013-02-06 00:00:00","2013-02-17 00:00:00","2013-02-06 00:00:00","2013-02-28 00:00:00","3.5000","87.5000","87.5000","2013-02-27 23:00:00"
"29713","747","3","30","2013-02-06 00:00:00","2013-02-17 00:00:00","2013-02-06 00:00:00","2013-02-28 00:00:00","1.0000","14.5000","14.5000","2013-02-27 23:00:00"
"29713","747","4","40","2013-02-06 00:00:00","2013-02-17 00:00:00","2013-02-06 00:00:00","2013-02-28 00:00:00","2.0000","31.5000","31.5000","2013-02-27 23:00:00"
"29713","747","6","50","2013-02-06 00:00:00","2013-02-17 00:00:00","2013-02-06 00:00:00","2013-02-28 00:00:00","3.0000","36.7500","36.7500","2013-02-27 23:00:00"
"29713","747","7","60","2013-02-06 00:00:00","2013-02-17 00:00:00","2013-02-06 00:00:00","2013-02-28 00:00:00","4.0000","49.0000","49.0000","2013-02-27 23:00:00"
"29714","748","1","10","2013-02-06 00:00:00","2013-02-17 00:00:00","2013-02-06 00:00:00","2013-02-28 00:00:00","4.1000","92.2500","92.2500","2013-02-27 23:00:00"
"29714","748","2","20","2013-02-06 00:00:00","2013-02-17 00:00:00","2013-02-06 00:00:00","2013-02-28 00:00:00","3.5000","87.5000","87.5000","2013-02-27 23:00:00"
"29714","748","3","30","2013-02-06 00:00:00","2013-02-17 00:00:00","2013-02-06 00:00:00","2013-02-28 00:00:00","1.0000","14.5000","14.5000","2013-02-27 23:00:00"
"29714","748","5","45","2013-02-06 00:00:00","2013-02-17 00:00:00","2013-02-06 00:00:00","2013-02-28 00:00:00","2.0000","36.0000","36.0000","2013-02-27 23:00:00"
"29714","748","6","50","2013-02-06 00:00:00","2013-02-17 00:00:00","2013-02-06 00:00:00","2013-02-28 00:00:00","3.0000","36.7500","36.7500","2013-02-27 23:00:00"
"29714","748","7","60","2013-02-06 00:00:00","2013-02-17 00:00:00","2013-02-06 00:00:00","2013-02-28 00:00:00","4.0000","49.0000","49.0000","2013-02-27 23:00:00"
"29715","806","6","50","2013-02-06 00:00:00","2013-02-17 00:00:00","2013-02-06 00:00:00","2013-02-28 00:00:00","3.0000","36.7500","36.7500","2013-02-27 23:00:00"
"29716","810","1","10","2013-02-06 00:00:00","2013-02-17 00:00:00","2013-02-06 00:00:00","2013-02-28 00:00:00","4.1000","92.2500","92.2500","2013-02-27 23:00:00"
"29716","810","2","20","2013-02-06 00:00:00","2013-02-17 00:00:00","2013-02-06 00:00:00","2013-02-28 00:00:00","3.5000","87.5000","87.5000","2013-02-27 23:00:00"
"29716","810","6","50","2013-02-06 00:00:00","2013-02-17 00:00:00","2013-02-06 00:00:00","2013-02-28 00:00:00","3.0000","36.7500","36.7500","2013-02-27 23:00:00"
"29717","811","1","10","2013-02-06 00:00:00","2013-02-17 00:00:00","2013-02-06 00:00:00","2013-02-28 00:00:00","4.1000","92.2500","92.2500","2013-02-27 23:00:00"
"29717","811","2","20","2013-02-06 00:00:00","2013-02-17 00:00:00","2013-02-06 00:00:00","2013-02-28 00:00:00","3.5000","87.5000","87.5000","2013-02-27 23:00:00"
"29717","811","6","50","2013-02-06 00:00:00","2013-02-17 00:00:00","2013-02-06 00:00:00","2013-02-28 00:00:00","3.0000","36.7500","36.7500","2013-02-27 23:00:00"
"29718","812","1","10","2013-02-06 00:00:00","2013-02-17 00:00:00","2013-02-06 00:00:00","2013-02-28 00:00:00","4.1000","92.2500","92.2500","2013-02-27 23:00:00"
"29718","812","2","20","2013-02-06 00:00:00","2013-02-17 00:00:00","2013-02-06 00:00:00","2013-02-28 00:00:00","3.5000","87.5000","87.5000","2013-02-27 23:00:00"
"29718","812","6","50","2013-02-06 00:00:00","2013-02-17 00:00:00","2013-02-06 00:00:00","2013-02-28 00:00:00","3.0000","36.7500","36.7500","2013-02-27 23:00:00"
"29719","813","1","10","2013-02-06 00:00:00","2013-02-17 00:00:00","2013-02-06 00:00:00","2013-02-28 00:00:00","4.1000","92.2500","92.2500","2013-02-27 23:00:00"
"29719","813","2","20","2013-02-06 00:00:00","2013-02-17 00:00:00","2013-02-06 00:00:00","2013-02-28 00:00:00","3.5000","87.5000","87.5000","2013-02-27 23:00:00"
"29719","813","6","50","2013-02-06 00:00:00","2013-02-17 00:00:00","2013-02-06 00:00:00","2013-02-28 00:00:00","3.0000","36.7500","36.7500","2013-02-27 23:00:00"
"29720","816","6","50","2013-02-06 00:00:00","2013-02-17 00:00:00","2013-02-06 00:00:00","2013-02-28 00:00:00","3.0000","36.7500","36.7500","2013-02-27 23:00:00"
"29721","818","6","50","2013-02-06 00:00:00","2013-02-17 00:00:00","2013-02-06 00:00:00","2013-02-28 00:00:00","3.0000","36.7500","36.7500","2013-02-27 23:00:00"
"29722","819","6","50","2013-02-06 00:00:00","2013-02-17 00:00:00","2013-02-06 00:00:00","2013-02-28 00:00:00","3.0000","36.7500","36.7500","2013-02-27 23:00:00"
"29723","820","6","50","2013-02-06 00:00:00","2013-02-17 00:00:00","2013-02-06 00:00:00","2013-02-28 00:00:00","3.0000","36.7500","36.7500","2013-02-27 23:00:00"
"29724","822","1","10","2013-02-06 00:00:00","2013-02-17 00:00:00","2013-02-06 00:00:00","2013-02-28 00:00:00","4.1000","92.2500","92.2500","2013-02-27 23:00:00"
"29724","822","2","20","2013-02-06 00:00:00","2013-02-17 00:00:00","2013-02-06 00:00:00","2013-02-28 00:00:00","3.5000","87.5000","87.5000","2013-02-27 23:00:00"
"29724","822","3","30","2013-02-06 00:00:00","2013-02-17 00:00:00","2013-02-06 00:00:00","2013-02-28 00:00:00","1.0000","14.5000","14.5000","2013-02-27 23:00:00"
"29724","822","4","40","2013-02-06 00:00:00","2013-02-17 00:00:00","2013-02-06 00:00:00","2013-02-28 00:00:00","2.0000","31.5000","31.5000","2013-02-27 23:00:00"
"29724","822","6","50","2013-02-06 00:00:00","2013-02-17 00:00:00","2013-02-06 00:00:00","2013-02-28 00:00:00","3.0000","36.7500","36.7500","2013-02-27 23:00:00"
"29724","822","7","60","2013-02-06 00:00:00","2013-02-17 00:00:00","2013-02-06 00:00:00","2013-02-28 00:00:00","4.0000","49.0000","49.0000","2013-02-27 23:00:00"
"29725","824","6","50","2013-02-06 00:00:00","2013-02-17 00:00:00","2013-02-06 00:00:00","2013-02-28 00:00:00","3.0000","36.7500","36.7500","2013-02-27 23:00:00"
"29726","826","6","50","2013-02-06 00:00:00","2013-02-17 00:00:00","2013-02-06 00:00:00","2013-02-28 00:00:00","3.0000","36.7500","36.7500","2013-02-27 23:00:00"
"29727","827","6","50","2013-02-06 00:00:00","2013-02-17 00:00:00","2013-02-06 00:00:00","2013-02-28 00:00:00","3.0000","36.7500","36.7500","2013-02-27 23:00:00"
"29728","828","6","50","2013-02-06 00:00:00","2013-02-17 00:00:00","2013-02-06 00:00:00","2013-02-28 00:00:00","3.0000","36.7500","36.7500","2013-02-27 23:00:00"
"29730","894","6","50","2013-02-06 00:00:00","2013-02-17 00:00:00","2013-02-06 00:00:00","2013-02-28 00:00:00","3.0000","36.7500","36.7500","2013-02-27 23:00:00"
"29731","945","1","10","2013-02-06 00:00:00","2013-02-17 00:00:00","2013-02-06 00:00:00","2013-02-28 00:00:00","4.1000","92.2500","92.2500","2013-02-27 23:00:00"
"29731","945","6","50","2013-02-06 00:00:00","2013-02-17 00:00:00","2013-02-06 00:00:00","2013-02-28 00:00:00","3.0000","36.7500","36.7500","2013-02-27 23:00:00"
"29732","950","6","50","2013-02-06 00:00:00","2013-02-17 00:00:00","2013-02-06 00:00:00","2013-02-28 00:00:00","3.0000","36.7500","36.7500","2013-02-27 23:00:00"
"29733","994","6","50","2013-02-06 00:00:00","2013-02-17 00:00:00","2013-02-06 00:00:00","2013-02-28 00:00:00","3.0000","36.7500","36.7500","2013-02-27 23:00:00"
"29734","995","6","50","2013-02-06 00:00:00","2013-02-17 00:00:00","2013-02-06 00:00:00","2013-02-28 00:00:00","3.0000","36.7500","36.7500","2013-02-27 23:00:00"
"29735","996","6","50","2013-02-06 00:00:00","2013-02-17 00:00:00","2013-02-06 00:00:00","2013-02-28 00:00:00","3.0000","36.7500","36.7500","2013-02-27 23:00:00"
"29749","802","1","10","2013-02-06 00:00:00","2013-02-17 00:00:00","2013-02-06 00:00:00","2013-02-28 00:00:00","4.1000","92.2500","92.2500","2013-02-27 23:00:00"
"29749","802","6","50","2013-02-06 00:00:00","2013-02-17 00:00:00","2013-02-06 00:00:00","2013-02-28 00:00:00","3.0000","36.7500","36.7500","2013-02-27 23:00:00"
"29750","803","1","10","2013-02-06 00:00:00","2013-02-17 00:00:00","2013-02-06 00:00:00","2013-02-28 00:00:00","4.1000","92.2500","92.2500","2013-02-27 23:00:00"
"29750","803","6","50","2013-02-06 00:00:00","2013-02-17 00:00:00","2013-02-06 00:00:00","2013-02-28 00:00:00","3.0000","36.7500","36.7500","2013-02-27 23:00:00"
"29751","804","1","10","2013-02-06 00:00:00","2013-02-17 00:00:00","2013-02-06 00:00:00","2013-02-28 00:00:00","4.1000","92.2500","92.2500","2013-02-27 23:00:00"
"29751","804","6","50","2013-02-06 00:00:00","2013-02-17 00:00:00","2013-02-06 00:00:00","2013-02-28 00:00:00","3.0000","36.7500","36.7500","2013-02-27 23:00:00"
"29756","762","7","60","2013-02-07 00:00:00","2013-02-18 00:00:00","2013-02-08 00:00:00","2013-02-18 00:00:00","4.0000","49.0000","49.0000","2013-02-17 23:00:00"
"29757","770","7","60","2013-02-07 00:00:00","2013-02-18 00:00:00","2013-02-08 00:00:00","2013-02-18 00:00:00","4.0000","49.0000","49.0000","2013-02-17 23:00:00"
"29758","779","7","60","2013-02-07 00:00:00","2013-02-18 00:00:00","2013-02-08 00:00:00","2013-02-18 00:00:00","4.0000","49.0000","49.0000","2013-02-17 23:00:00"
"29759","781","7","60","2013-02-07 00:00:00","2013-02-18 00:00:00","2013-02-08 00:00:00","2013-02-18 00:00:00","4.0000","49.0000","49.0000","2013-02-17 23:00:00"
"29760","782","7","60","2013-02-07 00:00:00","2013-02-18 00:00:00","2013-02-08 00:00:00","2013-02-18 00:00:00","4.0000","49.0000","49.0000","2013-02-17 23:00:00"
"29761","784","7","60","2013-02-07 00:00:00","2013-02-18 00:00:00","2013-02-08 00:00:00","2013-02-18 00:00:00","4.0000","49.0000","49.0000","2013-02-17 23:00:00"
"29762","794","7","60","2013-02-07 00:00:00","2013-02-18 00:00:00","2013-02-08 00:00:00","2013-02-18 00:00:00","4.0000","49.0000","49.0000","2013-02-17 23:00:00"
"29763","795","7","60","2013-02-07 00:00:00","2013-02-18 00:00:00","2013-02-08 00:00:00","2013-02-18 00:00:00","4.0000","49.0000","49.0000","2013-02-17 23:00:00"
"29764","797","7","60","2013-02-07 00:00:00","2013-02-18 00:00:00","2013-02-08 00:00:00","2013-02-18 00:00:00","4.0000","49.0000","49.0000","2013-02-17 23:00:00"
"29765","516","6","50","2013-02-07 00:00:00","2013-02-18 00:00:00","2013-02-08 00:00:00","2013-02-18 00:00:00","3.0000","36.7500","36.7500","2013-02-17 23:00:00"
"29765","516","7","60","2013-02-07 00:00:00","2013-02-18 00:00:00","2013-02-08 00:00:00","2013-02-18 00:00:00","4.0000","49.0000","49.0000","2013-02-17 23:00:00"
"29766","517","6","50","2013-02-07 00:00:00","2013-02-18 00:00:00","2013-02-08 00:00:00","2013-02-18 00:00:00","3.0000","36.7500","36.7500","2013-02-17 23:00:00"
"29766","517","7","60","2013-02-07 00:00:00","2013-02-18 00:00:00","2013-02-08 00:00:00","2013-02-18 00:00:00","4.0000","49.0000","49.0000","2013-02-17 23:00:00"
"29767","518","6","50","2013-02-07 00:00:00","2013-02-18 00:00:00","2013-02-08 00:00:00","2013-02-18 00:00:00","3.0000","36.7500","36.7500","2013-02-17 23:00:00"
"29767","518","7","60","2013-02-07 00:00:00","2013-02-18 00:00:00","2013-02-08 00:00:00","2013-02-18 00:00:00","4.0000","49.0000","49.0000","2013-02-17 23:00:00"
"29768","519","6","50","2013-02-07 00:00:00","2013-02-18 00:00:00","2013-02-08 00:00:00","2013-02-18 00:00:00","3.0000","36.7500","36.7500","2013-02-17 23:00:00"
"29768","519","7","60","2013-02-07 00:00:00","2013-02-18 00:00:00","2013-02-08 00:00:00","2013-02-18 00:00:00","4.0000","49.0000","49.0000","2013-02-17 23:00:00"
"29773","747","1","10","2013-02-07 00:00:00","2013-02-18 00:00:00","2013-02-08 00:00:00","2013-02-18 00:00:00","4.1000","92.2500","92.2500","2013-02-17 23:00:00"
"29773","747","2","20","2013-02-07 00:00:00","2013-02-18 00:00:00","2013-02-08 00:00:00","2013-02-18 00:00:00","3.5000","87.5000","87.5000","2013-02-17 23:00:00"
"29773","747","3","30","2013-02-07 00:00:00","2013-02-18 00:00:00","2013-02-08 00:00:00","2013-02-18 00:00:00","1.0000","14.5000","14.5000","2013-02-17 23:00:00"
"29773","747","4","40","2013-02-07 00:00:00","2013-02-18 00:00:00","2013-02-08 00:00:00","2013-02-18 00:00:00","2.0000","31.5000","31.5000","2013-02-17 23:00:00"
"29773","747","6","50","2013-02-07 00:00:00","2013-02-18 00:00:00","2013-02-08 00:00:00","2013-02-18 00:00:00","3.0000","36.7500","36.7500","2013-02-17 23:00:00"
"29773","747","7","60","2013-02-07 00:00:00","2013-02-18 00:00:00","2013-02-08 00:00:00","2013-02-18 00:00:00","4.0000","49.0000","49.0000","2013-02-17 23:00:00"
"29774","748","1","10","2013-02-07 00:00:00","2013-02-18 00:00:00","2013-02-08 00:00:00","2013-02-18 00:00:00","4.1000","92.2500","92.2500","2013-02-17 23:00:00"
"29774","748","2","20","2013-02-07 00:00:00","2013-02-18 00:00:00","2013-02-08 00:00:00","2013-02-18 00:00:00","3.5000","87.5000","87.5000","2013-02-17 23:00:00"
"29774","748","3","30","2013-02-07 00:00:00","2013-02-18 00:00:00","2013-02-08 00:00:00","2013-02-18 00:00:00","1.0000","14.5000","14.5000","2013-02-17 23:00:00"
"29774","748","5","45","2013-02-07 00:00:00","2013-02-18 00:00:00","2013-02-08 00:00:00","2013-02-18 00:00:00","2.0000","36.0000","36.0000","2013-02-17 23:00:00"
"29774","748","6","50","2013-02-07 00:00:00","2013-02-18 00:00:00","2013-02-08 00:00:00","2013-02-18 00:00:00","3.0000","36.7500","36.7500","2013-02-17 23:00:00"
"29774","748","7","60","2013-02-07 00:00:00","2013-02-18 00:00:00","2013-02-08 00:00:00","2013-02-18 00:00:00","4.0000","49.0000","49.0000","2013-02-17 23:00:00"
"29775","806","6","50","2013-02-07 00:00:00","2013-02-18 00:00:00","2013-02-08 00:00:00","2013-02-18 00:00:00","3.0000","36.7500","36.7500","2013-02-17 23:00:00"
"29776","810","1","10","2013-02-07 00:00:00","2013-02-18 00:00:00","2013-02-08 00:00:00","2013-02-18 00:00:00","4.1000","92.2500","92.2500","2013-02-17 23:00:00"
"29776","810","2","20","2013-02-07 00:00:00","2013-02-18 00:00:00","2013-02-08 00:00:00","2013-02-18 00:00:00","3.5000","87.5000","87.5000","2013-02-17 23:00:00"
"29776","810","6","50","2013-02-07 00:00:00","2013-02-18 00:00:00","2013-02-08 00:00:00","2013-02-18 00:00:00","3.0000","36.7500","36.7500","2013-02-17 23:00:00"
"29777","811","1","10","2013-02-07 00:00:00","2013-02-18 00:00:00","2013-02-08 00:00:00","2013-02-18 00:00:00","4.1000","92.2500","92.2500","2013-02-17 23:00:00"
"29777","811","2","20","2013-02-07 00:00:00","2013-02-18 00:00:00","2013-02-08 00:00:00","2013-02-18 00:00:00","3.5000","87.5000","87.5000","2013-02-17 23:00:00"
"29777","811","6","50","2013-02-07 00:00:00","2013-02-18 00:00:00","2013-02-08 00:00:00","2013-02-18 00:00:00","3.0000","36.7500","36.7500","2013-02-17 23:00:00"
"29778","812","1","10","2013-02-07 00:00:00","2013-02-18 00:00:00","2013-02-08 00:00:00","2013-02-18 00:00:00","4.1000","92.2500","92.2500","2013-02-17 23:00:00"
"29778","812","2","20","2013-02-07 00:00:00","2013-02-18 00:00:00","2013-02-08 00:00:00","2013-02-18 00:00:00","3.5000","87.5000","87.5000","2013-02-17 23:00:00"
"29778","812","6","50","2013-02-07 00:00:00","2013-02-18 00:00:00","2013-02-08 00:00:00","2013-02-18 00:00:00","3.0000","36.7500","36.7500","2013-02-17 23:00:00"
"29779","813","1","10","2013-02-07 00:00:00","2013-02-18 00:00:00","2013-02-08 00:00:00","2013-02-18 00:00:00","4.1000","92.2500","92.2500","2013-02-17 23:00:00"
"29779","813","2","20","2013-02-07 00:00:00","2013-02-18 00:00:00","2013-02-08 00:00:00","2013-02-18 00:00:00","3.5000","87.5000","87.5000","2013-02-17 23:00:00"
"29779","813","6","50","2013-02-07 00:00:00","2013-02-18 00:00:00","2013-02-08 00:00:00","2013-02-18 00:00:00","3.0000","36.7500","36.7500","2013-02-17 23:00:00"
"29780","816","6","50","2013-02-07 00:00:00","2013-02-18 00:00:00","2013-02-08 00:00:00","2013-02-18 00:00:00","3.0000","36.7500","36.7500","2013-02-17 23:00:00"
"29781","818","6","50","2013-02-07 00:00:00","2013-02-18 00:00:00","2013-02-08 00:00:00","2013-02-18 00:00:00","3.0000","36.7500","36.7500","2013-02-17 23:00:00"
"29782","819","6","50","2013-02-07 00:00:00","2013-02-18 00:00:00","2013-02-08 00:00:00","2013-02-18 00:00:00","3.0000","36.7500","36.7500","2013-02-17 23:00:00"
"29783","820","6","50","2013-02-07 00:00:00","2013-02-18 00:00:00","2013-02-08 00:00:00","2013-02-18 00:00:00","3.0000","36.7500","36.7500","2013-02-17 23:00:00"
"29784","822","1","10","2013-02-07 00:00:00","2013-02-18 00:00:00","2013-02-08 00:00:00","2013-02-18 00:00:00","4.1000","92.2500","92.2500","2013-02-17 23:00:00"
"29784","822","2","20","2013-02-07 00:00:00","2013-02-18 00:00:00","2013-02-08 00:00:00","2013-02-18 00:00:00","3.5000","87.5000","87.5000","2013-02-17 23:00:00"
"29784","822","3","30","2013-02-07 00:00:00","2013-02-18 00:00:00","2013-02-08 00:00:00","2013-02-18 00:00:00","1.0000","14.5000","14.5000","2013-02-17 23:00:00"
"29784","822","4","40","2013-02-07 00:00:00","2013-02-18 00:00:00","2013-02-08 00:00:00","2013-02-18 00:00:00","2.0000","31.5000","31.5000","2013-02-17 23:00:00"
"29784","822","6","50","2013-02-07 00:00:00","2013-02-18 00:00:00","2013-02-08 00:00:00","2013-02-18 00:00:00","3.0000","36.7500","36.7500","2013-02-17 23:00:00"
"29784","822","7","60","2013-02-07 00:00:00","2013-02-18 00:00:00","2013-02-08 00:00:00","2013-02-18 00:00:00","4.0000","49.0000","49.0000","2013-02-17 23:00:00"
"29785","824","6","50","2013-02-07 00:00:00","2013-02-18 00:00:00","2013-02-08 00:00:00","2013-02-18 00:00:00","3.0000","36.7500","36.7500","2013-02-17 23:00:00"
"29786","826","6","50","2013-02-07 00:00:00","2013-02-18 00:00:00","2013-02-08 00:00:00","2013-02-18 00:00:00","3.0000","36.7500","36.7500","2013-02-17 23:00:00"
"29787","827","6","50","2013-02-07 00:00:00","2013-02-18 00:00:00","2013-02-08 00:00:00","2013-02-18 00:00:00","3.0000","36.7500","36.7500","2013-02-17 23:00:00"
"29788","828","6","50","2013-02-07 00:00:00","2013-02-18 00:00:00","2013-02-08 00:00:00","2013-02-18 00:00:00","3.0000","36.7500","36.7500","2013-02-17 23:00:00"
"29791","894","6","50","2013-02-07 00:00:00","2013-02-18 00:00:00","2013-02-08 00:00:00","2013-02-18 00:00:00","3.0000","36.7500","36.7500","2013-02-17 23:00:00"
"29792","945","1","10","2013-02-07 00:00:00","2013-02-18 00:00:00","2013-02-08 00:00:00","2013-02-18 00:00:00","4.1000","92.2500","92.2500","2013-02-17 23:00:00"
"29792","945","6","50","2013-02-07 00:00:00","2013-02-18 00:00:00","2013-02-08 00:00:00","2013-02-18 00:00:00","3.0000","36.7500","36.7500","2013-02-17 23:00:00"
"29793","950","6","50","2013-02-07 00:00:00","2013-02-18 00:00:00","2013-02-08 00:00:00","2013-02-18 00:00:00","3.0000","36.7500","36.7500","2013-02-17 23:00:00"
"29794","994","6","50","2013-02-07 00:00:00","2013-02-18 00:00:00","2013-02-08 00:00:00","2013-02-18 00:00:00","3.0000","36.7500","36.7500","2013-02-17 23:00:00"
"29795","995","6","50","2013-02-07 00:00:00","2013-02-18 00:00:00","2013-02-08 00:00:00","2013-02-18 00:00:00","3.0000","36.7500","36.7500","2013-02-17 23:00:00"
"29796","996","6","50","2013-02-07 00:00:00","2013-02-18 00:00:00","2013-02-08 00:00:00","2013-02-18 00:00:00","3.0000","36.7500","36.7500","2013-02-17 23:00:00"
"29810","802","1","10","2013-02-07 00:00:00","2013-02-18 00:00:00","2013-02-08 00:00:00","2013-02-18 00:00:00","4.1000","92.2500","92.2500","2013-02-17 23:00:00"
"29810","802","6","50","2013-02-07 00:00:00","2013-02-18 00:00:00","2013-02-08 00:00:00","2013-02-18 00:00:00","3.0000","36.7500","36.7500","2013-02-17 23:00:00"
"29811","803","1","10","2013-02-07 00:00:00","2013-02-18 00:00:00","2013-02-08 00:00:00","2013-02-18 00:00:00","4.1000","92.2500","92.2500","2013-02-17 23:00:00"
"29811","803","6","50","2013-02-07 00:00:00","2013-02-18 00:00:00","2013-02-08 00:00:00","2013-02-18 00:00:00","3.0000","36.7500","36.7500","2013-02-17 23:00:00"
"29812","804","1","10","2013-02-07 00:00:00","2013-02-18 00:00:00","2013-02-08 00:00:00","2013-02-18 00:00:00","4.1000","92.2500","92.2500","2013-02-17 23:00:00"
"29812","804","6","50","2013-02-07 00:00:00","2013-02-18 00:00:00","2013-02-08 00:00:00","2013-02-18 00:00:00","3.0000","36.7500","36.7500","2013-02-17 23:00:00"
"29817","761","7","60","2013-02-08 00:00:00","2013-02-19 00:00:00","2013-02-08 00:00:00","2013-03-04 00:00:00","4.0000","49.0000","49.0000","2013-03-03 23:00:00"
"29818","780","7","60","2013-02-08 00:00:00","2013-02-19 00:00:00","2013-02-08 00:00:00","2013-03-04 00:00:00","4.0000","49.0000","49.0000","2013-03-03 23:00:00"
"29819","782","7","60","2013-02-08 00:00:00","2013-02-19 00:00:00","2013-02-08 00:00:00","2013-03-04 00:00:00","4.0000","49.0000","49.0000","2013-03-03 23:00:00"
"29820","784","7","60","2013-02-08 00:00:00","2013-02-19 00:00:00","2013-02-08 00:00:00","2013-03-04 00:00:00","4.0000","49.0000","49.0000","2013-03-03 23:00:00"
"29821","794","7","60","2013-02-08 00:00:00","2013-02-19 00:00:00","2013-02-08 00:00:00","2013-03-04 00:00:00","4.0000","49.0000","49.0000","2013-03-03 23:00:00"
"29822","516","6","50","2013-02-08 00:00:00","2013-02-19 00:00:00","2013-02-08 00:00:00","2013-03-04 00:00:00","3.0000","36.7500","36.7500","2013-03-03 23:00:00"
"29822","516","7","60","2013-02-08 00:00:00","2013-02-19 00:00:00","2013-02-08 00:00:00","2013-03-04 00:00:00","4.0000","49.0000","49.0000","2013-03-03 23:00:00"
"29823","517","6","50","2013-02-08 00:00:00","2013-02-19 00:00:00","2013-02-08 00:00:00","2013-03-04 00:00:00","3.0000","36.7500","36.7500","2013-03-03 23:00:00"
"29823","517","7","60","2013-02-08 00:00:00","2013-02-19 00:00:00","2013-02-08 00:00:00","2013-03-04 00:00:00","4.0000","49.0000","49.0000","2013-03-03 23:00:00"
"29824","519","6","50","2013-02-08 00:00:00","2013-02-19 00:00:00","2013-02-08 00:00:00","2013-03-04 00:00:00","3.0000","36.7500","36.7500","2013-03-03 23:00:00"
"29824","519","7","60","2013-02-08 00:00:00","2013-02-19 00:00:00","2013-02-08 00:00:00","2013-03-04 00:00:00","4.0000","49.0000","49.0000","2013-03-03 23:00:00"
"29828","747","1","10","2013-02-08 00:00:00","2013-02-19 00:00:00","2013-02-08 00:00:00","2013-03-04 00:00:00","4.1000","92.2500","92.2500","2013-03-03 23:00:00"
"29828","747","2","20","2013-02-08 00:00:00","2013-02-19 00:00:00","2013-02-08 00:00:00","2013-03-04 00:00:00","3.5000","87.5000","87.5000","2013-03-03 23:00:00"
"29828","747","3","30","2013-02-08 00:00:00","2013-02-19 00:00:00","2013-02-08 00:00:00","2013-03-04 00:00:00","1.0000","14.5000","14.5000","2013-03-03 23:00:00"
"29828","747","4","40","2013-02-08 00:00:00","2013-02-19 00:00:00","2013-02-08 00:00:00","2013-03-04 00:00:00","2.0000","31.5000","31.5000","2013-03-03 23:00:00"
"29828","747","6","50","2013-02-08 00:00:00","2013-02-19 00:00:00","2013-02-08 00:00:00","2013-03-04 00:00:00","3.0000","36.7500","36.7500","2013-03-03 23:00:00"
"29828","747","7","60","2013-02-08 00:00:00","2013-02-19 00:00:00","2013-02-08 00:00:00","2013-03-04 00:00:00","4.0000","49.0000","49.0000","2013-03-03 23:00:00"
"29829","806","6","50","2013-02-08 00:00:00","2013-02-19 00:00:00","2013-02-08 00:00:00","2013-03-04 00:00:00","3.0000","36.7500","36.7500","2013-03-03 23:00:00"
"29830","810","1","10","2013-02-08 00:00:00","2013-02-19 00:00:00","2013-02-08 00:00:00","2013-03-04 00:00:00","4.1000","92.2500","92.2500","2013-03-03 23:00:00"
"29830","810","2","20","2013-02-08 00:00:00","2013-02-19 00:00:00","2013-02-08 00:00:00","2013-03-04 00:00:00","3.5000","87.5000","87.5000","2013-03-03 23:00:00"
"29830","810","6","50","2013-02-08 00:00:00","2013-02-19 00:00:00","2013-02-08 00:00:00","2013-03-04 00:00:00","3.0000","36.7500","36.7500","2013-03-03 23:00:00"
"29831","811","1","10","2013-02-08 00:00:00","2013-02-19 00:00:00","2013-02-08 00:00:00","2013-03-04 00:00:00","4.1000","92.2500","92.2500","2013-03-03 23:00:00"
"29831","811","2","20","2013-02-08 00:00:00","2013-02-19 00:00:00","2013-02-08 00:00:00","2013-03-04 00:00:00","3.5000","87.5000","87.5000","2013-03-03 23:00:00"
"29831","811","6","50","2013-02-08 00:00:00","2013-02-19 00:00:00","2013-02-08 00:00:00","2013-03-04 00:00:00","3.0000","36.7500","36.7500","2013-03-03 23:00:00"
"29832","813","1","10","2013-02-08 00:00:00","2013-02-19 00:00:00","2013-02-08 00:00:00","2013-03-04 00:00:00","4.1000","92.2500","92.2500","2013-03-03 23:00:00"
"29832","813","2","20","2013-02-08 00:00:00","2013-02-19 00:00:00","2013-02-08 00:00:00","2013-03-04 00:00:00","3.5000","87.5000","87.5000","2013-03-03 23:00:00"
"29832","813","6","50","2013-02-08 00:00:00","2013-02-19 00:00:00","2013-02-08 00:00:00","2013-03-04 00:00:00","3.0000","36.7500","36.7500","2013-03-03 23:00:00"
"29833","816","6","50","2013-02-08 00:00:00","2013-02-19 00:00:00","2013-02-08 00:00:00","2013-03-04 00:00:00","3.0000","36.7500","36.7500","2013-03-03 23:00:00"
"29834","818","6","50","2013-02-08 00:00:00","2013-02-19 00:00:00","2013-02-08 00:00:00","2013-03-04 00:00:00","3.0000","36.7500","36.7500","2013-03-03 23:00:00"
"29835","820","6","50","2013-02-08 00:00:00","2013-02-19 00:00:00","2013-02-08 00:00:00","2013-03-04 00:00:00","3.0000","36.7500","36.7500","2013-03-03 23:00:00"
"29836","824","6","50","2013-02-08 00:00:00","2013-02-19 00:00:00","2013-02-08 00:00:00","2013-03-04 00:00:00","3.0000","36.7500","36.7500","2013-03-03 23:00:00"
"29837","826","6","50","2013-02-08 00:00:00","2013-02-19 00:00:00","2013-02-08 00:00:00","2013-03-04 00:00:00","3.0000","36.7500","36.7500","2013-03-03 23:00:00"
"29838","828","6","50","2013-02-08 00:00:00","2013-02-19 00:00:00","2013-02-08 00:00:00","2013-03-04 00:00:00","3.0000","36.7500","36.7500","2013-03-03 23:00:00"
"29840","894","6","50","2013-02-08 00:00:00","2013-02-19 00:00:00","2013-02-08 00:00:00","2013-03-04 00:00:00","3.0000","36.7500","36.7500","2013-03-03 23:00:00"
"29841","945","1","10","2013-02-08 00:00:00","2013-02-19 00:00:00","2013-02-08 00:00:00","2013-03-04 00:00:00","4.1000","92.2500","92.2500","2013-03-03 23:00:00"
"29841","945","6","50","2013-02-08 00:00:00","2013-02-19 00:00:00","2013-02-08 00:00:00","2013-03-04 00:00:00","3.0000","36.7500","36.7500","2013-03-03 23:00:00"
"29842","950","6","50","2013-02-08 00:00:00","2013-02-19 00:00:00","2013-02-08 00:00:00","2013-03-04 00:00:00","3.0000","36.7500","36.7500","2013-03-03 23:00:00"
"29843","994","6","50","2013-02-08 00:00:00","2013-02-19 00:00:00","2013-02-08 00:00:00","2013-03-04 00:00:00","3.0000","36.7500","36.7500","2013-03-03 23:00:00"
"29844","995","6","50","2013-02-08 00:00:00","2013-02-19 00:00:00","2013-02-08 00:00:00","2013-03-04 00:00:00","3.0000","36.7500","36.7500","2013-03-03 23:00:00"
"29845","996","6","50","2013-02-08 00:00:00","2013-02-19 00:00:00","2013-02-08 00:00:00","2013-03-04 00:00:00","3.0000","36.7500","36.7500","2013-03-03 23:00:00"
"29859","802","1","10","2013-02-08 00:00:00","2013-02-19 00:00:00","2013-02-08 00:00:00","2013-03-04 00:00:00","4.1000","92.2500","92.2500","2013-03-03 23:00:00"
"29859","802","6","50","2013-02-08 00:00:00","2013-02-19 00:00:00","2013-02-08 00:00:00","2013-03-04 00:00:00","3.0000","36.7500","36.7500","2013-03-03 23:00:00"
"29860","804","1","10","2013-02-08 00:00:00","2013-02-19 00:00:00","2013-02-08 00:00:00","2013-03-04 00:00:00","4.1000","92.2500","92.2500","2013-03-03 23:00:00"
"29860","804","6","50","2013-02-08 00:00:00","2013-02-19 00:00:00","2013-02-08 00:00:00","2013-03-04 00:00:00","3.0000","36.7500","36.7500","2013-03-03 23:00:00"
"29865","766","7","60","2013-02-09 00:00:00","2013-02-20 00:00:00","2013-02-12 00:00:00","2013-02-20 00:00:00","4.0000","49.0000","49.0000","2013-02-19 23:00:00"
"29866","781","7","60","2013-02-09 00:00:00","2013-02-20 00:00:00","2013-02-12 00:00:00","2013-02-20 00:00:00","4.0000","49.0000","49.0000","2013-02-19 23:00:00"
"29867","783","7","60","2013-02-09 00:00:00","2013-02-20 00:00:00","2013-02-12 00:00:00","2013-02-20 00:00:00","4.0000","49.0000","49.0000","2013-02-19 23:00:00"
"29868","790","7","60","2013-02-09 00:00:00","2013-02-20 00:00:00","2013-02-12 00:00:00","2013-02-20 00:00:00","4.0000","49.0000","49.0000","2013-02-19 23:00:00"
"29869","793","7","60","2013-02-09 00:00:00","2013-02-20 00:00:00","2013-02-12 00:00:00","2013-02-20 00:00:00","4.0000","49.0000","49.0000","2013-02-19 23:00:00"
"29870","516","6","50","2013-02-09 00:00:00","2013-02-20 00:00:00","2013-02-12 00:00:00","2013-02-20 00:00:00","3.0000","36.7500","36.7500","2013-02-19 23:00:00"
"29870","516","7","60","2013-02-09 00:00:00","2013-02-20 00:00:00","2013-02-12 00:00:00","2013-02-20 00:00:00","4.0000","49.0000","49.0000","2013-02-19 23:00:00"
"29871","517","6","50","2013-02-09 00:00:00","2013-02-20 00:00:00","2013-02-12 00:00:00","2013-02-20 00:00:00","3.0000","36.7500","36.7500","2013-02-19 23:00:00"
"29871","517","7","60","2013-02-09 00:00:00","2013-02-20 00:00:00","2013-02-12 00:00:00","2013-02-20 00:00:00","4.0000","49.0000","49.0000","2013-02-19 23:00:00"
"29872","519","6","50","2013-02-09 00:00:00","2013-02-20 00:00:00","2013-02-12 00:00:00","2013-02-20 00:00:00","3.0000","36.7500","36.7500","2013-02-19 23:00:00"
"29872","519","7","60","2013-02-09 00:00:00","2013-02-20 00:00:00","2013-02-12 00:00:00","2013-02-20 00:00:00","4.0000","49.0000","49.0000","2013-02-19 23:00:00"
"29877","806","6","50","2013-02-09 00:00:00","2013-02-20 00:00:00","2013-02-12 00:00:00","2013-02-20 00:00:00","3.0000","36.7500","36.7500","2013-02-19 23:00:00"
"29878","810","1","10","2013-02-09 00:00:00","2013-02-20 00:00:00","2013-02-12 00:00:00","2013-02-20 00:00:00","4.1000","92.2500","92.2500","2013-02-19 23:00:00"
"29878","810","2","20","2013-02-09 00:00:00","2013-02-20 00:00:00","2013-02-12 00:00:00","2013-02-20 00:00:00","3.5000","87.5000","87.5000","2013-02-19 23:00:00"
"29878","810","6","50","2013-02-09 00:00:00","2013-02-20 00:00:00","2013-02-12 00:00:00","2013-02-20 00:00:00","3.0000","36.7500","36.7500","2013-02-19 23:00:00"
"29879","811","1","10","2013-02-09 00:00:00","2013-02-20 00:00:00","2013-02-12 00:00:00","2013-02-20 00:00:00","4.1000","92.2500","92.2500","2013-02-19 23:00:00"
"29879","811","2","20","2013-02-09 00:00:00","2013-02-20 00:00:00","2013-02-12 00:00:00","2013-02-20 00:00:00","3.5000","87.5000","87.5000","2013-02-19 23:00:00"
"29879","811","6","50","2013-02-09 00:00:00","2013-02-20 00:00:00","2013-02-12 00:00:00","2013-02-20 00:00:00","3.0000","36.7500","36.7500","2013-02-19 23:00:00"
"29880","813","1","10","2013-02-09 00:00:00","2013-02-20 00:00:00","2013-02-12 00:00:00","2013-02-20 00:00:00","4.1000","92.2500","92.2500","2013-02-19 23:00:00"
"29880","813","2","20","2013-02-09 00:00:00","2013-02-20 00:00:00","2013-02-12 00:00:00","2013-02-20 00:00:00","3.5000","87.5000","87.5000","2013-02-19 23:00:00"
"29880","813","6","50","2013-02-09 00:00:00","2013-02-20 00:00:00","2013-02-12 00:00:00","2013-02-20 00:00:00","3.0000","36.7500","36.7500","2013-02-19 23:00:00"
"29881","816","6","50","2013-02-09 00:00:00","2013-02-20 00:00:00","2013-02-12 00:00:00","2013-02-20 00:00:00","3.0000","36.7500","36.7500","2013-02-19 23:00:00"
"29882","818","6","50","2013-02-09 00:00:00","2013-02-20 00:00:00","2013-02-12 00:00:00","2013-02-20 00:00:00","3.0000","36.7500","36.7500","2013-02-19 23:00:00"
"29883","820","6","50","2013-02-09 00:00:00","2013-02-20 00:00:00","2013-02-12 00:00:00","2013-02-20 00:00:00","3.0000","36.7500","36.7500","2013-02-19 23:00:00"
"29884","824","6","50","2013-02-09 00:00:00","2013-02-20 00:00:00","2013-02-12 00:00:00","2013-02-20 00:00:00","3.0000","36.7500","36.7500","2013-02-19 23:00:00"
"29885","826","6","50","2013-02-09 00:00:00","2013-02-20 00:00:00","2013-02-12 00:00:00","2013-02-20 00:00:00","3.0000","36.7500","36.7500","2013-02-19 23:00:00"
"29886","828","6","50","2013-02-09 00:00:00","2013-02-20 00:00:00","2013-02-12 00:00:00","2013-02-20 00:00:00","3.0000","36.7500","36.7500","2013-02-19 23:00:00"
"29888","894","6","50","2013-02-09 00:00:00","2013-02-20 00:00:00","2013-02-12 00:00:00","2013-02-20 00:00:00","3.0000","36.7500","36.7500","2013-02-19 23:00:00"
"29889","945","1","10","2013-02-09 00:00:00","2013-02-20 00:00:00","2013-02-12 00:00:00","2013-02-20 00:00:00","4.1000","92.2500","92.2500","2013-02-19 23:00:00"
"29889","945","6","50","2013-02-09 00:00:00","2013-02-20 00:00:00","2013-02-12 00:00:00","2013-02-20 00:00:00","3.0000","36.7500","36.7500","2013-02-19 23:00:00"
"29890","950","6","50","2013-02-09 00:00:00","2013-02-20 00:00:00","2013-02-12 00:00:00","2013-02-20 00:00:00","3.0000","36.7500","36.7500","2013-02-19 23:00:00"
"29891","994","6","50","2013-02-09 00:00:00","2013-02-20 00:00:00","2013-02-12 00:00:00","2013-02-20 00:00:00","3.0000","36.7500","36.7500","2013-02-19 23:00:00"
"29892","995","6","50","2013-02-09 00:00:00","2013-02-20 00:00:00","2013-02-12 00:00:00","2013-02-20 00:00:00","3.0000","36.7500","36.7500","2013-02-19 23:00:00"
"29893","996","6","50","2013-02-09 00:00:00","2013-02-20 00:00:00","2013-02-12 00:00:00","2013-02-20 00:00:00","3.0000","36.7500","36.7500","2013-02-19 23:00:00"
"29907","802","1","10","2013-02-09 00:00:00","2013-02-20 00:00:00","2013-02-12 00:00:00","2013-02-20 00:00:00","4.1000","92.2500","92.2500","2013-02-19 23:00:00"
"29907","802","6","50","2013-02-09 00:00:00","2013-02-20 00:00:00","2013-02-12 00:00:00","2013-02-20 00:00:00","3.0000","36.7500","36.7500","2013-02-19 23:00:00"
"29908","804","1","10","2013-02-09 00:00:00","2013-02-20 00:00:00","2013-02-12 00:00:00","2013-02-20 00:00:00","4.1000","92.2500","92.2500","2013-02-19 23:00:00"
"29908","804","6","50","2013-02-09 00:00:00","2013-02-20 00:00:00","2013-02-12 00:00:00","2013-02-20 00:00:00","3.0000","36.7500","36.7500","2013-02-19 23:00:00"
"29913","762","7","60","2013-02-10 00:00:00","2013-02-21 00:00:00","2013-02-10 00:00:00","2013-03-08 00:00:00","4.0000","49.0000","49.0000","2013-03-07 23:00:00"
"29914","763","7","60","2013-02-10 00:00:00","2013-02-21 00:00:00","2013-02-10 00:00:00","2013-03-08 00:00:00","4.0000","49.0000","49.0000","2013-03-07 23:00:00"
"29915","781","7","60","2013-02-10 00:00:00","2013-02-21 00:00:00","2013-02-10 00:00:00","2013-03-08 00:00:00","4.0000","49.0000","49.0000","2013-03-07 23:00:00"
"29916","782","7","60","2013-02-10 00:00:00","2013-02-21 00:00:00","2013-02-10 00:00:00","2013-03-08 00:00:00","4.0000","49.0000","49.0000","2013-03-07 23:00:00"
"29917","784","7","60","2013-02-10 00:00:00","2013-02-21 00:00:00","2013-02-10 00:00:00","2013-03-08 00:00:00","4.0000","49.0000","49.0000","2013-03-07 23:00:00"
"29918","794","7","60","2013-02-10 00:00:00","2013-02-21 00:00:00","2013-02-10 00:00:00","2013-03-08 00:00:00","4.0000","49.0000","49.0000","2013-03-07 23:00:00"
"29919","795","7","60","2013-02-10 00:00:00","2013-02-21 00:00:00","2013-02-10 00:00:00","2013-03-08 00:00:00","4.0000","49.0000","49.0000","2013-03-07 23:00:00"
"29920","799","7","60","2013-02-10 00:00:00","2013-02-21 00:00:00","2013-02-10 00:00:00","2013-03-08 00:00:00","4.0000","49.0000","49.0000","2013-03-07 23:00:00"
"29921","516","6","50","2013-02-10 00:00:00","2013-02-21 00:00:00","2013-02-10 00:00:00","2013-03-08 00:00:00","3.0000","36.7500","36.7500","2013-03-07 23:00:00"
"29921","516","7","60","2013-02-10 00:00:00","2013-02-21 00:00:00","2013-02-10 00:00:00","2013-03-08 00:00:00","4.0000","49.0000","49.0000","2013-03-07 23:00:00"
"29922","517","6","50","2013-02-10 00:00:00","2013-02-21 00:00:00","2013-02-10 00:00:00","2013-03-08 00:00:00","3.0000","36.7500","36.7500","2013-03-07 23:00:00"
"29922","517","7","60","2013-02-10 00:00:00","2013-02-21 00:00:00","2013-02-10 00:00:00","2013-03-08 00:00:00","4.0000","49.0000","49.0000","2013-03-07 23:00:00"
"29923","518","6","50","2013-02-10 00:00:00","2013-02-21 00:00:00","2013-02-10 00:00:00","2013-03-08 00:00:00","3.0000","36.7500","36.7500","2013-03-07 23:00:00"
"29923","518","7","60","2013-02-10 00:00:00","2013-02-21 00:00:00","2013-02-10 00:00:00","2013-03-08 00:00:00","4.0000","49.0000","49.0000","2013-03-07 23:00:00"
"29924","519","6","50","2013-02-10 00:00:00","2013-02-21 00:00:00","2013-02-10 00:00:00","2013-03-08 00:00:00","3.0000","36.7500","36.7500","2013-03-07 23:00:00"
"29924","519","7","60","2013-02-10 00:00:00","2013-02-21 00:00:00","2013-02-10 00:00:00","2013-03-08 00:00:00","4.0000","49.0000","49.0000","2013-03-07 23:00:00"
"29929","747","1","10","2013-02-10 00:00:00","2013-02-21 00:00:00","2013-02-10 00:00:00","2013-03-08 00:00:00","4.1000","92.2500","92.2500","2013-03-07 23:00:00"
"29929","747","2","20","2013-02-10 00:00:00","2013-02-21 00:00:00","2013-02-10 00:00:00","2013-03-08 00:00:00","3.5000","87.5000","87.5000","2013-03-07 23:00:00"
"29929","747","3","30","2013-02-10 00:00:00","2013-02-21 00:00:00","2013-02-10 00:00:00","2013-03-08 00:00:00","1.0000","14.5000","14.5000","2013-03-07 23:00:00"
"29929","747","4","40","2013-02-10 00:00:00","2013-02-21 00:00:00","2013-02-10 00:00:00","2013-03-08 00:00:00","2.0000","31.5000","31.5000","2013-03-07 23:00:00"
"29929","747","6","50","2013-02-10 00:00:00","2013-02-21 00:00:00","2013-02-10 00:00:00","2013-03-08 00:00:00","3.0000","36.7500","36.7500","2013-03-07 23:00:00"
"29929","747","7","60","2013-02-10 00:00:00","2013-02-21 00:00:00","2013-02-10 00:00:00","2013-03-08 00:00:00","4.0000","49.0000","49.0000","2013-03-07 23:00:00"
"29930","806","6","50","2013-02-10 00:00:00","2013-02-21 00:00:00","2013-02-10 00:00:00","2013-03-08 00:00:00","3.0000","36.7500","36.7500","2013-03-07 23:00:00"
"29931","810","1","10","2013-02-10 00:00:00","2013-02-21 00:00:00","2013-02-10 00:00:00","2013-03-08 00:00:00","4.1000","92.2500","92.2500","2013-03-07 23:00:00"
"29931","810","2","20","2013-02-10 00:00:00","2013-02-21 00:00:00","2013-02-10 00:00:00","2013-03-08 00:00:00","3.5000","87.5000","87.5000","2013-03-07 23:00:00"
"29931","810","6","50","2013-02-10 00:00:00","2013-02-21 00:00:00","2013-02-10 00:00:00","2013-03-08 00:00:00","3.0000","36.7500","36.7500","2013-03-07 23:00:00"
"29932","811","1","10","2013-02-10 00:00:00","2013-02-21 00:00:00","2013-02-10 00:00:00","2013-03-08 00:00:00","4.1000","92.2500","92.2500","2013-03-07 23:00:00"
"29932","811","2","20","2013-02-10 00:00:00","2013-02-21 00:00:00","2013-02-10 00:00:00","2013-03-08 00:00:00","3.5000","87.5000","87.5000","2013-03-07 23:00:00"
"29932","811","6","50","2013-02-10 00:00:00","2013-02-21 00:00:00","2013-02-10 00:00:00","2013-03-08 00:00:00","3.0000","36.7500","36.7500","2013-03-07 23:00:00"
"29933","812","1","10","2013-02-10 00:00:00","2013-02-21 00:00:00","2013-02-10 00:00:00","2013-03-08 00:00:00","4.1000","92.2500","92.2500","2013-03-07 23:00:00"
"29933","812","2","20","2013-02-10 00:00:00","2013-02-21 00:00:00","2013-02-10 00:00:00","2013-03-08 00:00:00","3.5000","87.5000","87.5000","2013-03-07 23:00:00"
"29933","812","6","50","2013-02-10 00:00:00","2013-02-21 00:00:00","2013-02-10 00:00:00","2013-03-08 00:00:00","3.0000","36.7500","36.7500","2013-03-07 23:00:00"
"29934","813","1","10","2013-02-10 00:00:00","2013-02-21 00:00:00","2013-02-10 00:00:00","2013-03-08 00:00:00","4.1000","92.2500","92.2500","2013-03-07 23:00:00"
"29934","813","2","20","2013-02-10 00:00:00","2013-02-21 00:00:00","2013-02-10 00:00:00","2013-03-08 00:00:00","3.5000","87.5000","87.5000","2013-03-07 23:00:00"
"29934","813","6","50","2013-02-10 00:00:00","2013-02-21 00:00:00","2013-02-10 00:00:00","2013-03-08 00:00:00","3.0000","36.7500","36.7500","2013-03-07 23:00:00"
"29935","816","6","50","2013-02-10 00:00:00","2013-02-21 00:00:00","2013-02-10 00:00:00","2013-03-08 00:00:00","3.0000","36.7500","36.7500","2013-03-07 23:00:00"
"29936","818","6","50","2013-02-10 00:00:00","2013-02-21 00:00:00","2013-02-10 00:00:00","2013-03-08 00:00:00","3.0000","36.7500","36.7500","2013-03-07 23:00:00"
"29937","819","6","50","2013-02-10 00:00:00","2013-02-21 00:00:00","2013-02-10 00:00:00","2013-03-08 00:00:00","3.0000","36.7500","36.7500","2013-03-07 23:00:00"
"29938","820","6","50","2013-02-10 00:00:00","2013-02-21 00:00:00","2013-02-10 00:00:00","2013-03-08 00:00:00","3.0000","36.7500","36.7500","2013-03-07 23:00:00"
"29939","824","6","50","2013-02-10 00:00:00","2013-02-21 00:00:00","2013-02-10 00:00:00","2013-03-08 00:00:00","3.0000","36.7500","36.7500","2013-03-07 23:00:00"
"29940","826","6","50","2013-02-10 00:00:00","2013-02-21 00:00:00","2013-02-10 00:00:00","2013-03-08 00:00:00","3.0000","36.7500","36.7500","2013-03-07 23:00:00"
"29941","827","6","50","2013-02-10 00:00:00","2013-02-21 00:00:00","2013-02-10 00:00:00","2013-03-08 00:00:00","3.0000","36.7500","36.7500","2013-03-07 23:00:00"
"29942","828","6","50","2013-02-10 00:00:00","2013-02-21 00:00:00","2013-02-10 00:00:00","2013-03-08 00:00:00","3.0000","36.7500","36.7500","2013-03-07 23:00:00"
"29946","894","6","50","2013-02-10 00:00:00","2013-02-21 00:00:00","2013-02-10 00:00:00","2013-03-08 00:00:00","3.0000","36.7500","36.7500","2013-03-07 23:00:00"
"29947","945","1","10","2013-02-10 00:00:00","2013-02-21 00:00:00","2013-02-10 00:00:00","2013-03-08 00:00:00","4.1000","92.2500","92.2500","2013-03-07 23:00:00"
"29947","945","6","50","2013-02-10 00:00:00","2013-02-21 00:00:00","2013-02-10 00:00:00","2013-03-08 00:00:00","3.0000","36.7500","36.7500","2013-03-07 23:00:00"
"29948","950","6","50","2013-02-10 00:00:00","2013-02-21 00:00:00","2013-02-10 00:00:00","2013-03-08 00:00:00","3.0000","36.7500","36.7500","2013-03-07 23:00:00"
"29949","994","6","50","2013-02-10 00:00:00","2013-02-21 00:00:00","2013-02-10 00:00:00","2013-03-08 00:00:00","3.0000","36.7500","36.7500","2013-03-07 23:00:00"
"29950","995","6","50","2013-02-10 00:00:00","2013-02-21 00:00:00","2013-02-10 00:00:00","2013-03-08 00:00:00","3.0000","36.7500","36.7500","2013-03-07 23:00:00"
"29951","996","6","50","2013-02-10 00:00:00","2013-02-21 00:00:00","2013-02-10 00:00:00","2013-03-08 00:00:00","3.0000","36.7500","36.7500","2013-03-07 23:00:00"
"29965","802","1","10","2013-02-10 00:00:00","2013-02-21 00:00:00","2013-02-10 00:00:00","2013-03-08 00:00:00","4.1000","92.2500","92.2500","2013-03-07 23:00:00"
"29965","802","6","50","2013-02-10 00:00:00","2013-02-21 00:00:00","2013-02-10 00:00:00","2013-03-08 00:00:00","3.0000","36.7500","36.7500","2013-03-07 23:00:00"
"29966","803","1","10","2013-02-10 00:00:00","2013-02-21 00:00:00","2013-02-10 00:00:00","2013-03-08 00:00:00","4.1000","92.2500","92.2500","2013-03-07 23:00:00"
"29966","803","6","50","2013-02-10 00:00:00","2013-02-21 00:00:00","2013-02-10 00:00:00","2013-03-08 00:00:00","3.0000","36.7500","36.7500","2013-03-07 23:00:00"
"29967","804","1","10","2013-02-10 00:00:00","2013-02-21 00:00:00","2013-02-10 00:00:00","2013-03-08 00:00:00","4.1000","92.2500","92.2500","2013-03-07 23:00:00"
"29967","804","6","50","2013-02-10 00:00:00","2013-02-21 00:00:00","2013-02-10 00:00:00","2013-03-08 00:00:00","3.0000","36.7500","36.7500","2013-03-07 23:00:00"
"29972","762","7","60","2013-02-11 00:00:00","2013-02-22 00:00:00","2013-02-16 00:00:00","2013-02-22 00:00:00","4.0000","49.0000","49.0000","2013-02-21 23:00:00"
"29973","764","7","60","2013-02-11 00:00:00","2013-02-22 00:00:00","2013-02-16 00:00:00","2013-02-22 00:00:00","4.0000","49.0000","49.0000","2013-02-21 23:00:00"
"29974","767","7","60","2013-02-11 00:00:00","2013-02-22 00:00:00","2013-02-16 00:00:00","2013-02-22 00:00:00","4.0000","49.0000","49.0000","2013-02-21 23:00:00"
"29975","768","7","60","2013-02-11 00:00:00","2013-02-22 00:00:00","2013-02-16 00:00:00","2013-02-22 00:00:00","4.0000","49.0000","49.0000","2013-02-21 23:00:00"
"29976","769","7","60","2013-02-11 00:00:00","2013-02-22 00:00:00","2013-02-16 00:00:00","2013-02-22 00:00:00","4.0000","49.0000","49.0000","2013-02-21 23:00:00"
"29977","779","7","60","2013-02-11 00:00:00","2013-02-22 00:00:00","2013-02-16 00:00:00","2013-02-22 00:00:00","4.0000","49.0000","49.0000","2013-02-21 23:00:00"
"29978","781","7","60","2013-02-11 00:00:00","2013-02-22 00:00:00","2013-02-16 00:00:00","2013-02-22 00:00:00","4.0000","49.0000","49.0000","2013-02-21 23:00:00"
"29979","782","7","60","2013-02-11 00:00:00","2013-02-22 00:00:00","2013-02-16 00:00:00","2013-02-22 00:00:00","4.0000","49.0000","49.0000","2013-02-21 23:00:00"
"29980","783","7","60","2013-02-11 00:00:00","2013-02-22 00:00:00","2013-02-16 00:00:00","2013-02-22 00:00:00","4.0000","49.0000","49.0000","2013-02-21 23:00:00"
"29981","784","7","60","2013-02-11 00:00:00","2013-02-22 00:00:00","2013-02-16 00:00:00","2013-02-22 00:00:00","4.0000","49.0000","49.0000","2013-02-21 23:00:00"
"29982","789","7","60","2013-02-11 00:00:00","2013-02-22 00:00:00","2013-02-16 00:00:00","2013-02-22 00:00:00","4.0000","49.0000","49.0000","2013-02-21 23:00:00"
"29983","791","7","60","2013-02-11 00:00:00","2013-02-22 00:00:00","2013-02-16 00:00:00","2013-02-22 00:00:00","4.0000","49.0000","49.0000","2013-02-21 23:00:00"
"29984","792","7","60","2013-02-11 00:00:00","2013-02-22 00:00:00","2013-02-16 00:00:00","2013-02-22 00:00:00","4.0000","49.0000","49.0000","2013-02-21 23:00:00"
"29985","796","7","60","2013-02-11 00:00:00","2013-02-22 00:00:00","2013-02-16 00:00:00","2013-02-22 00:00:00","4.0000","49.0000","49.0000","2013-02-21 23:00:00"
"29986","798","7","60","2013-02-11 00:00:00","2013-02-22 00:00:00","2013-02-16 00:00:00","2013-02-22 00:00:00","4.0000","49.0000","49.0000","2013-02-21 23:00:00"
"29987","516","6","50","2013-02-11 00:00:00","2013-02-22 00:00:00","2013-02-16 00:00:00","2013-02-22 00:00:00","3.0000","36.7500","36.7500","2013-02-21 23:00:00"
"29987","516","7","60","2013-02-11 00:00:00","2013-02-22 00:00:00","2013-02-16 00:00:00","2013-02-22 00:00:00","4.0000","49.0000","49.0000","2013-02-21 23:00:00"
"29988","517","6","50","2013-02-11 00:00:00","2013-02-22 00:00:00","2013-02-16 00:00:00","2013-02-22 00:00:00","3.0000","36.7500","36.7500","2013-02-21 23:00:00"
"29988","517","7","60","2013-02-11 00:00:00","2013-02-22 00:00:00","2013-02-16 00:00:00","2013-02-22 00:00:00","4.0000","49.0000","49.0000","2013-02-21 23:00:00"
"29989","518","6","50","2013-02-11 00:00:00","2013-02-22 00:00:00","2013-02-16 00:00:00","2013-02-22 00:00:00","3.0000","36.7500","36.7500","2013-02-21 23:00:00"
"29989","518","7","60","2013-02-11 00:00:00","2013-02-22 00:00:00","2013-02-16 00:00:00","2013-02-22 00:00:00","4.0000","49.0000","49.0000","2013-02-21 23:00:00"
"29990","519","6","50","2013-02-11 00:00:00","2013-02-22 00:00:00","2013-02-16 00:00:00","2013-02-22 00:00:00","3.0000","36.7500","36.7500","2013-02-21 23:00:00"
"29990","519","7","60","2013-02-11 00:00:00","2013-02-22 00:00:00","2013-02-16 00:00:00","2013-02-22 00:00:00","4.0000","49.0000","49.0000","2013-02-21 23:00:00"
"30003","747","1","10","2013-02-11 00:00:00","2013-02-22 00:00:00","2013-02-16 00:00:00","2013-02-22 00:00:00","4.1000","92.2500","92.2500","2013-02-21 23:00:00"
"30003","747","2","20","2013-02-11 00:00:00","2013-02-22 00:00:00","2013-02-16 00:00:00","2013-02-22 00:00:00","3.5000","87.5000","87.5000","2013-02-21 23:00:00"
"30003","747","3","30","2013-02-11 00:00:00","2013-02-22 00:00:00","2013-02-16 00:00:00","2013-02-22 00:00:00","1.0000","14.5000","14.5000","2013-02-21 23:00:00"
"30003","747","4","40","2013-02-11 00:00:00","2013-02-22 00:00:00","2013-02-16 00:00:00","2013-02-22 00:00:00","2.0000","31.5000","31.5000","2013-02-21 23:00:00"
"30003","747","6","50","2013-02-11 00:00:00","2013-02-22 00:00:00","2013-02-16 00:00:00","2013-02-22 00:00:00","3.0000","36.7500","36.7500","2013-02-21 23:00:00"
"30003","747","7","60","2013-02-11 00:00:00","2013-02-22 00:00:00","2013-02-16 00:00:00","2013-02-22 00:00:00","4.0000","49.0000","49.0000","2013-02-21 23:00:00"
"30004","748","1","10","2013-02-11 00:00:00","2013-02-22 00:00:00","2013-02-16 00:00:00","2013-02-22 00:00:00","4.1000","92.2500","92.2500","2013-02-21 23:00:00"
"30004","748","2","20","2013-02-11 00:00:00","2013-02-22 00:00:00","2013-02-16 00:00:00","2013-02-22 00:00:00","3.5000","87.5000","87.5000","2013-02-21 23:00:00"
"30004","748","3","30","2013-02-11 00:00:00","2013-02-22 00:00:00","2013-02-16 00:00:00","2013-02-22 00:00:00","1.0000","14.5000","14.5000","2013-02-21 23:00:00"
"30004","748","5","45","2013-02-11 00:00:00","2013-02-22 00:00:00","2013-02-16 00:00:00","2013-02-22 00:00:00","2.0000","36.0000","36.0000","2013-02-21 23:00:00"
"30004","748","6","50","2013-02-11 00:00:00","2013-02-22 00:00:00","2013-02-16 00:00:00","2013-02-22 00:00:00","3.0000","36.7500","36.7500","2013-02-21 23:00:00"
"30004","748","7","60","2013-02-11 00:00:00","2013-02-22 00:00:00","2013-02-16 00:00:00","2013-02-22 00:00:00","4.0000","49.0000","49.0000","2013-02-21 23:00:00"
"30005","806","6","50","2013-02-11 00:00:00","2013-02-22 00:00:00","2013-02-16 00:00:00","2013-02-22 00:00:00","3.0000","36.7500","36.7500","2013-02-21 23:00:00"
"30006","810","1","10","2013-02-11 00:00:00","2013-02-22 00:00:00","2013-02-16 00:00:00","2013-02-22 00:00:00","4.1000","92.2500","92.2500","2013-02-21 23:00:00"
"30006","810","2","20","2013-02-11 00:00:00","2013-02-22 00:00:00","2013-02-16 00:00:00","2013-02-22 00:00:00","3.5000","87.5000","87.5000","2013-02-21 23:00:00"
"30006","810","6","50","2013-02-11 00:00:00","2013-02-22 00:00:00","2013-02-16 00:00:00","2013-02-22 00:00:00","3.0000","36.7500","36.7500","2013-02-21 23:00:00"
"30007","811","1","10","2013-02-11 00:00:00","2013-02-22 00:00:00","2013-02-16 00:00:00","2013-02-22 00:00:00","4.1000","92.2500","92.2500","2013-02-21 23:00:00"
"30007","811","2","20","2013-02-11 00:00:00","2013-02-22 00:00:00","2013-02-16 00:00:00","2013-02-22 00:00:00","3.5000","87.5000","87.5000","2013-02-21 23:00:00"
"30007","811","6","50","2013-02-11 00:00:00","2013-02-22 00:00:00","2013-02-16 00:00:00","2013-02-22 00:00:00","3.0000","36.7500","36.7500","2013-02-21 23:00:00"
"30008","812","1","10","2013-02-11 00:00:00","2013-02-22 00:00:00","2013-02-16 00:00:00","2013-02-22 00:00:00","4.1000","92.2500","92.2500","2013-02-21 23:00:00"
"30008","812","2","20","2013-02-11 00:00:00","2013-02-22 00:00:00","2013-02-16 00:00:00","2013-02-22 00:00:00","3.5000","87.5000","87.5000","2013-02-21 23:00:00"
"30008","812","6","50","2013-02-11 00:00:00","2013-02-22 00:00:00","2013-02-16 00:00:00","2013-02-22 00:00:00","3.0000","36.7500","36.7500","2013-02-21 23:00:00"
"30009","813","1","10","2013-02-11 00:00:00","2013-02-22 00:00:00","2013-02-16 00:00:00","2013-02-22 00:00:00","4.1000","92.2500","92.2500","2013-02-21 23:00:00"
"30009","813","2","20","2013-02-11 00:00:00","2013-02-22 00:00:00","2013-02-16 00:00:00","2013-02-22 00:00:00","3.5000","87.5000","87.5000","2013-02-21 23:00:00"
"30009","813","6","50","2013-02-11 00:00:00","2013-02-22 00:00:00","2013-02-16 00:00:00","2013-02-22 00:00:00","3.0000","36.7500","36.7500","2013-02-21 23:00:00"
"30010","816","6","50","2013-02-11 00:00:00","2013-02-22 00:00:00","2013-02-16 00:00:00","2013-02-22 00:00:00","3.0000","36.7500","36.7500","2013-02-21 23:00:00"
"30011","818","6","50","2013-02-11 00:00:00","2013-02-22 00:00:00","2013-02-16 00:00:00","2013-02-22 00:00:00","3.0000","36.7500","36.7500","2013-02-21 23:00:00"
"30012","819","6","50","2013-02-11 00:00:00","2013-02-22 00:00:00","2013-02-16 00:00:00","2013-02-22 00:00:00","3.0000","36.7500","36.7500","2013-02-21 23:00:00"
"30013","820","6","50","2013-02-11 00:00:00","2013-02-22 00:00:00","2013-02-16 00:00:00","2013-02-22 00:00:00","3.0000","36.7500","36.7500","2013-02-21 23:00:00"
"30014","824","6","50","2013-02-11 00:00:00","2013-02-22 00:00:00","2013-02-16 00:00:00","2013-02-22 00:00:00","3.0000","36.7500","36.7500","2013-02-21 23:00:00"
"30015","826","6","50","2013-02-11 00:00:00","2013-02-22 00:00:00","2013-02-16 00:00:00","2013-02-22 00:00:00","3.0000","36.7500","36.7500","2013-02-21 23:00:00"
"30016","827","6","50","2013-02-11 00:00:00","2013-02-22 00:00:00","2013-02-16 00:00:00","2013-02-22 00:00:00","3.0000","36.7500","36.7500","2013-02-21 23:00:00"
"30017","828","6","50","2013-02-11 00:00:00","2013-02-22 00:00:00","2013-02-16 00:00:00","2013-02-22 00:00:00","3.0000","36.7500","36.7500","2013-02-21 23:00:00"
"30019","894","6","50","2013-02-11 00:00:00","2013-02-22 00:00:00","2013-02-16 00:00:00","2013-02-22 00:00:00","3.0000","36.7500","36.7500","2013-02-21 23:00:00"
"30020","945","1","10","2013-02-11 00:00:00","2013-02-22 00:00:00","2013-02-16 00:00:00","2013-02-22 00:00:00","4.1000","92.2500","92.2500","2013-02-21 23:00:00"
"30020","945","6","50","2013-02-11 00:00:00","2013-02-22 00:00:00","2013-02-16 00:00:00","2013-02-22 00:00:00","3.0000","36.7500","36.7500","2013-02-21 23:00:00"
"30021","950","6","50","2013-02-11 00:00:00","2013-02-22 00:00:00","2013-02-16 00:00:00","2013-02-22 00:00:00","3.0000","36.7500","36.7500","2013-02-21 23:00:00"
"30022","994","6","50","2013-02-11 00:00:00","2013-02-22 00:00:00","2013-02-16 00:00:00","2013-02-22 00:00:00","3.0000","36.7500","36.7500","2013-02-21 23:00:00"
"30023","995","6","50","2013-02-11 00:00:00","2013-02-22 00:00:00","2013-02-16 00:00:00","2013-02-22 00:00:00","3.0000","36.7500","36.7500","2013-02-21 23:00:00"
"30024","996","6","50","2013-02-11 00:00:00","2013-02-22 00:00:00","2013-02-16 00:00:00","2013-02-22 00:00:00","3.0000","36.7500","36.7500","2013-02-21 23:00:00"
"30038","802","1","10","2013-02-11 00:00:00","2013-02-22 00:00:00","2013-02-16 00:00:00","2013-02-22 00:00:00","4.1000","92.2500","92.2500","2013-02-21 23:00:00"
"30038","802","6","50","2013-02-11 00:00:00","2013-02-22 00:00:00","2013-02-16 00:00:00","2013-02-22 00:00:00","3.0000","36.7500","36.7500","2013-02-21 23:00:00"
"30039","803","1","10","2013-02-11 00:00:00","2013-02-22 00:00:00","2013-02-16 00:00:00","2013-02-22 00:00:00","4.1000","92.2500","92.2500","2013-02-21 23:00:00"
"30039","803","6","50","2013-02-11 00:00:00","2013-02-22 00:00:00","2013-02-16 00:00:00","2013-02-22 00:00:00","3.0000","36.7500","36.7500","2013-02-21 23:00:00"
"30040","804","1","10","2013-02-11 00:00:00","2013-02-22 00:00:00","2013-02-16 00:00:00","2013-02-22 00:00:00","4.1000","92.2500","92.2500","2013-02-21 23:00:00"
"30040","804","6","50","2013-02-11 00:00:00","2013-02-22 00:00:00","2013-02-16 00:00:00","2013-02-22 00:00:00","3.0000","36.7500","36.7500","2013-02-21 23:00:00"
"30045","779","7","60","2013-02-12 00:00:00","2013-02-23 00:00:00","2013-02-12 00:00:00","2013-03-12 00:00:00","4.0000","49.0000","49.0000","2013-03-11 23:00:00"
"30046","780","7","60","2013-02-12 00:00:00","2013-02-23 00:00:00","2013-02-12 00:00:00","2013-03-12 00:00:00","4.0000","49.0000","49.0000","2013-03-11 23:00:00"
"30047","783","7","60","2013-02-12 00:00:00","2013-02-23 00:00:00","2013-02-12 00:00:00","2013-03-12 00:00:00","4.0000","49.0000","49.0000","2013-03-11 23:00:00"
"30048","784","7","60","2013-02-12 00:00:00","2013-02-23 00:00:00","2013-02-12 00:00:00","2013-03-12 00:00:00","4.0000","49.0000","49.0000","2013-03-11 23:00:00"
"30049","789","7","60","2013-02-12 00:00:00","2013-02-23 00:00:00","2013-02-12 00:00:00","2013-03-12 00:00:00","4.0000","49.0000","49.0000","2013-03-11 23:00:00"
"30050","795","7","60","2013-02-12 00:00:00","2013-02-23 00:00:00","2013-02-12 00:00:00","2013-03-12 00:00:00","4.0000","49.0000","49.0000","2013-03-11 23:00:00"
"30051","516","6","50","2013-02-12 00:00:00","2013-02-23 00:00:00","2013-02-12 00:00:00","2013-03-12 00:00:00","3.0000","36.7500","36.7500","2013-03-11 23:00:00"
"30051","516","7","60","2013-02-12 00:00:00","2013-02-23 00:00:00","2013-02-12 00:00:00","2013-03-12 00:00:00","4.0000","49.0000","49.0000","2013-03-11 23:00:00"
"30052","519","6","50","2013-02-12 00:00:00","2013-02-23 00:00:00","2013-02-12 00:00:00","2013-03-12 00:00:00","3.0000","36.7500","36.7500","2013-03-11 23:00:00"
"30052","519","7","60","2013-02-12 00:00:00","2013-02-23 00:00:00","2013-02-12 00:00:00","2013-03-12 00:00:00","4.0000","49.0000","49.0000","2013-03-11 23:00:00"
"30057","748","1","10","2013-02-12 00:00:00","2013-02-23 00:00:00","2013-02-12 00:00:00","2013-03-12 00:00:00","4.1000","92.2500","92.2500","2013-03-11 23:00:00"
"30057","748","2","20","2013-02-12 00:00:00","2013-02-23 00:00:00","2013-02-12 00:00:00","2013-03-12 00:00:00","3.5000","87.5000","87.5000","2013-03-11 23:00:00"
"30057","748","3","30","2013-02-12 00:00:00","2013-02-23 00:00:00","2013-02-12 00:00:00","2013-03-12 00:00:00","1.0000","14.5000","14.5000","2013-03-11 23:00:00"
"30057","748","5","45","2013-02-12 00:00:00","2013-02-23 00:00:00","2013-02-12 00:00:00","2013-03-12 00:00:00","2.0000","36.0000","36.0000","2013-03-11 23:00:00"
"30057","748","6","50","2013-02-12 00:00:00","2013-02-23 00:00:00","2013-02-12 00:00:00","2013-03-12 00:00:00","3.0000","36.7500","36.7500","2013-03-11 23:00:00"
"30057","748","7","60","2013-02-12 00:00:00","2013-02-23 00:00:00","2013-02-12 00:00:00","2013-03-12 00:00:00","4.0000","49.0000","49.0000","2013-03-11 23:00:00"
"30058","806","6","50","2013-02-12 00:00:00","2013-02-23 00:00:00","2013-02-12 00:00:00","2013-03-12 00:00:00","3.0000","36.7500","36.7500","2013-03-11 23:00:00"
"30059","810","1","10","2013-02-12 00:00:00","2013-02-23 00:00:00","2013-02-12 00:00:00","2013-03-12 00:00:00","4.1000","92.2500","92.2500","2013-03-11 23:00:00"
"30059","810","2","20","2013-02-12 00:00:00","2013-02-23 00:00:00","2013-02-12 00:00:00","2013-03-12 00:00:00","3.5000","87.5000","87.5000","2013-03-11 23:00:00"
"30059","810","6","50","2013-02-12 00:00:00","2013-02-23 00:00:00","2013-02-12 00:00:00","2013-03-12 00:00:00","3.0000","36.7500","36.7500","2013-03-11 23:00:00"
"30060","813","1","10","2013-02-12 00:00:00","2013-02-23 00:00:00","2013-02-12 00:00:00","2013-03-12 00:00:00","4.1000","92.2500","92.2500","2013-03-11 23:00:00"
"30060","813","2","20","2013-02-12 00:00:00","2013-02-23 00:00:00","2013-02-12 00:00:00","2013-03-12 00:00:00","3.5000","87.5000","87.5000","2013-03-11 23:00:00"
"30060","813","6","50","2013-02-12 00:00:00","2013-02-23 00:00:00","2013-02-12 00:00:00","2013-03-12 00:00:00","3.0000","36.7500","36.7500","2013-03-11 23:00:00"
"30061","816","6","50","2013-02-12 00:00:00","2013-02-23 00:00:00","2013-02-12 00:00:00","2013-03-12 00:00:00","3.0000","36.7500","36.7500","2013-03-11 23:00:00"
"30062","820","6","50","2013-02-12 00:00:00","2013-02-23 00:00:00","2013-02-12 00:00:00","2013-03-12 00:00:00","3.0000","36.7500","36.7500","2013-03-11 23:00:00"
"30063","824","6","50","2013-02-12 00:00:00","2013-02-23 00:00:00","2013-02-12 00:00:00","2013-03-12 00:00:00","3.0000","36.7500","36.7500","2013-03-11 23:00:00"
"30064","828","6","50","2013-02-12 00:00:00","2013-02-23 00:00:00","2013-02-12 00:00:00","2013-03-12 00:00:00","3.0000","36.7500","36.7500","2013-03-11 23:00:00"
"30066","894","6","50","2013-02-12 00:00:00","2013-02-23 00:00:00","2013-02-12 00:00:00","2013-03-12 00:00:00","3.0000","36.7500","36.7500","2013-03-11 23:00:00"
"30067","945","1","10","2013-02-12 00:00:00","2013-02-23 00:00:00","2013-02-12 00:00:00","2013-03-12 00:00:00","4.1000","92.2500","92.2500","2013-03-11 23:00:00"
"30067","945","6","50","2013-02-12 00:00:00","2013-02-23 00:00:00","2013-02-12 00:00:00","2013-03-12 00:00:00","3.0000","36.7500","36.7500","2013-03-11 23:00:00"
"30068","950","6","50","2013-02-12 00:00:00","2013-02-23 00:00:00","2013-02-12 00:00:00","2013-03-12 00:00:00","3.0000","36.7500","36.7500","2013-03-11 23:00:00"
"30069","995","6","50","2013-02-12 00:00:00","2013-02-23 00:00:00","2013-02-12 00:00:00","2013-03-12 00:00:00","3.0000","36.7500","36.7500","2013-03-11 23:00:00"
"30070","996","6","50","2013-02-12 00:00:00","2013-02-23 00:00:00","2013-02-12 00:00:00","2013-03-12 00:00:00","3.0000","36.7500","36.7500","2013-03-11 23:00:00"
"30083","804","1","10","2013-02-12 00:00:00","2013-02-23 00:00:00","2013-02-12 00:00:00","2013-03-12 00:00:00","4.1000","92.2500","92.2500","2013-03-11 23:00:00"
"30083","804","6","50","2013-02-12 00:00:00","2013-02-23 00:00:00","2013-02-12 00:00:00","2013-03-12 00:00:00","3.0000","36.7500","36.7500","2013-03-11 23:00:00"
"30088","761","7","60","2013-02-13 00:00:00","2013-02-24 00:00:00","2013-02-20 00:00:00","2013-02-24 00:00:00","4.0000","49.0000","49.0000","2013-02-23 23:00:00"
"30089","763","7","60","2013-02-13 00:00:00","2013-02-24 00:00:00","2013-02-20 00:00:00","2013-02-24 00:00:00","4.0000","49.0000","49.0000","2013-02-23 23:00:00"
"30090","781","7","60","2013-02-13 00:00:00","2013-02-24 00:00:00","2013-02-20 00:00:00","2013-02-24 00:00:00","4.0000","49.0000","49.0000","2013-02-23 23:00:00"
"30091","782","7","60","2013-02-13 00:00:00","2013-02-24 00:00:00","2013-02-20 00:00:00","2013-02-24 00:00:00","4.0000","49.0000","49.0000","2013-02-23 23:00:00"
"30092","783","7","60","2013-02-13 00:00:00","2013-02-24 00:00:00","2013-02-20 00:00:00","2013-02-24 00:00:00","4.0000","49.0000","49.0000","2013-02-23 23:00:00"
"30093","790","7","60","2013-02-13 00:00:00","2013-02-24 00:00:00","2013-02-20 00:00:00","2013-02-24 00:00:00","4.0000","49.0000","49.0000","2013-02-23 23:00:00"
"30094","793","7","60","2013-02-13 00:00:00","2013-02-24 00:00:00","2013-02-20 00:00:00","2013-02-24 00:00:00","4.0000","49.0000","49.0000","2013-02-23 23:00:00"
"30095","796","7","60","2013-02-13 00:00:00","2013-02-24 00:00:00","2013-02-20 00:00:00","2013-02-24 00:00:00","4.0000","49.0000","49.0000","2013-02-23 23:00:00"
"30096","516","6","50","2013-02-13 00:00:00","2013-02-24 00:00:00","2013-02-20 00:00:00","2013-02-24 00:00:00","3.0000","36.7500","36.7500","2013-02-23 23:00:00"
"30096","516","7","60","2013-02-13 00:00:00","2013-02-24 00:00:00","2013-02-20 00:00:00","2013-02-24 00:00:00","4.0000","49.0000","49.0000","2013-02-23 23:00:00"
"30097","517","6","50","2013-02-13 00:00:00","2013-02-24 00:00:00","2013-02-20 00:00:00","2013-02-24 00:00:00","3.0000","36.7500","36.7500","2013-02-23 23:00:00"
"30097","517","7","60","2013-02-13 00:00:00","2013-02-24 00:00:00","2013-02-20 00:00:00","2013-02-24 00:00:00","4.0000","49.0000","49.0000","2013-02-23 23:00:00"
"30098","519","6","50","2013-02-13 00:00:00","2013-02-24 00:00:00","2013-02-20 00:00:00","2013-02-24 00:00:00","3.0000","36.7500","36.7500","2013-02-23 23:00:00"
"30098","519","7","60","2013-02-13 00:00:00","2013-02-24 00:00:00","2013-02-20 00:00:00","2013-02-24 00:00:00","4.0000","49.0000","49.0000","2013-02-23 23:00:00"
"30105","747","1","10","2013-02-13 00:00:00","2013-02-24 00:00:00","2013-02-20 00:00:00","2013-02-24 00:00:00","4.1000","92.2500","92.2500","2013-02-23 23:00:00"
"30105","747","2","20","2013-02-13 00:00:00","2013-02-24 00:00:00","2013-02-20 00:00:00","2013-02-24 00:00:00","3.5000","87.5000","87.5000","2013-02-23 23:00:00"
"30105","747","3","30","2013-02-13 00:00:00","2013-02-24 00:00:00","2013-02-20 00:00:00","2013-02-24 00:00:00","1.0000","14.5000","14.5000","2013-02-23 23:00:00"
"30105","747","4","40","2013-02-13 00:00:00","2013-02-24 00:00:00","2013-02-20 00:00:00","2013-02-24 00:00:00","2.0000","31.5000","31.5000","2013-02-23 23:00:00"
"30105","747","6","50","2013-02-13 00:00:00","2013-02-24 00:00:00","2013-02-20 00:00:00","2013-02-24 00:00:00","3.0000","36.7500","36.7500","2013-02-23 23:00:00"
"30105","747","7","60","2013-02-13 00:00:00","2013-02-24 00:00:00","2013-02-20 00:00:00","2013-02-24 00:00:00","4.0000","49.0000","49.0000","2013-02-23 23:00:00"
"30106","806","6","50","2013-02-13 00:00:00","2013-02-24 00:00:00","2013-02-20 00:00:00","2013-02-24 00:00:00","3.0000","36.7500","36.7500","2013-02-23 23:00:00"
"30107","810","1","10","2013-02-13 00:00:00","2013-02-24 00:00:00","2013-02-20 00:00:00","2013-02-24 00:00:00","4.1000","92.2500","92.2500","2013-02-23 23:00:00"
"30107","810","2","20","2013-02-13 00:00:00","2013-02-24 00:00:00","2013-02-20 00:00:00","2013-02-24 00:00:00","3.5000","87.5000","87.5000","2013-02-23 23:00:00"
"30107","810","6","50","2013-02-13 00:00:00","2013-02-24 00:00:00","2013-02-20 00:00:00","2013-02-24 00:00:00","3.0000","36.7500","36.7500","2013-02-23 23:00:00"
"30108","811","1","10","2013-02-13 00:00:00","2013-02-24 00:00:00","2013-02-20 00:00:00","2013-02-24 00:00:00","4.1000","92.2500","92.2500","2013-02-23 23:00:00"
"30108","811","2","20","2013-02-13 00:00:00","2013-02-24 00:00:00","2013-02-20 00:00:00","2013-02-24 00:00:00","3.5000","87.5000","87.5000","2013-02-23 23:00:00"
"30108","811","6","50","2013-02-13 00:00:00","2013-02-24 00:00:00","2013-02-20 00:00:00","2013-02-24 00:00:00","3.0000","36.7500","36.7500","2013-02-23 23:00:00"
"30109","813","1","10","2013-02-13 00:00:00","2013-02-24 00:00:00","2013-02-20 00:00:00","2013-02-24 00:00:00","4.1000","92.2500","92.2500","2013-02-23 23:00:00"
"30109","813","2","20","2013-02-13 00:00:00","2013-02-24 00:00:00","2013-02-20 00:00:00","2013-02-24 00:00:00","3.5000","87.5000","87.5000","2013-02-23 23:00:00"
"30109","813","6","50","2013-02-13 00:00:00","2013-02-24 00:00:00","2013-02-20 00:00:00","2013-02-24 00:00:00","3.0000","36.7500","36.7500","2013-02-23 23:00:00"
"30110","816","6","50","2013-02-13 00:00:00","2013-02-24 00:00:00","2013-02-20 00:00:00","2013-02-24 00:00:00","3.0000","36.7500","36.7500","2013-02-23 23:00:00"
"30111","818","6","50","2013-02-13 00:00:00","2013-02-24 00:00:00","2013-02-20 00:00:00","2013-02-24 00:00:00","3.0000","36.7500","36.7500","2013-02-23 23:00:00"
"30112","820","6","50","2013-02-13 00:00:00","2013-02-24 00:00:00","2013-02-20 00:00:00","2013-02-24 00:00:00","3.0000","36.7500","36.7500","2013-02-23 23:00:00"
"30113","824","6","50","2013-02-13 00:00:00","2013-02-24 00:00:00","2013-02-20 00:00:00","2013-02-24 00:00:00","3.0000","36.7500","36.7500","2013-02-23 23:00:00"
"30114","826","6","50","2013-02-13 00:00:00","2013-02-24 00:00:00","2013-02-20 00:00:00","2013-02-24 00:00:00","3.0000","36.7500","36.7500","2013-02-23 23:00:00"
"30115","828","6","50","2013-02-13 00:00:00","2013-02-24 00:00:00","2013-02-20 00:00:00","2013-02-24 00:00:00","3.0000","36.7500","36.7500","2013-02-23 23:00:00"
"30117","894","6","50","2013-02-13 00:00:00","2013-02-24 00:00:00","2013-02-20 00:00:00","2013-02-24 00:00:00","3.0000","36.7500","36.7500","2013-02-23 23:00:00"
"30118","945","1","10","2013-02-13 00:00:00","2013-02-24 00:00:00","2013-02-20 00:00:00","2013-02-24 00:00:00","4.1000","92.2500","92.2500","2013-02-23 23:00:00"
"30118","945","6","50","2013-02-13 00:00:00","2013-02-24 00:00:00","2013-02-20 00:00:00","2013-02-24 00:00:00","3.0000","36.7500","36.7500","2013-02-23 23:00:00"
"30119","950","6","50","2013-02-13 00:00:00","2013-02-24 00:00:00","2013-02-20 00:00:00","2013-02-24 00:00:00","3.0000","36.7500","36.7500","2013-02-23 23:00:00"
"30120","994","6","50","2013-02-13 00:00:00","2013-02-24 00:00:00","2013-02-20 00:00:00","2013-02-24 00:00:00","3.0000","36.7500","36.7500","2013-02-23 23:00:00"
"30121","995","6","50","2013-02-13 00:00:00","2013-02-24 00:00:00","2013-02-20 00:00:00","2013-02-24 00:00:00","3.0000","36.7500","36.7500","2013-02-23 23:00:00"
"30122","996","6","50","2013-02-13 00:00:00","2013-02-24 00:00:00","2013-02-20 00:00:00","2013-02-24 00:00:00","3.0000","36.7500","36.7500","2013-02-23 23:00:00"
"30136","802","1","10","2013-02-13 00:00:00","2013-02-24 00:00:00","2013-02-20 00:00:00","2013-02-24 00:00:00","4.1000","92.2500","92.2500","2013-02-23 23:00:00"
"30136","802","6","50","2013-02-13 00:00:00","2013-02-24 00:00:00","2013-02-20 00:00:00","2013-02-24 00:00:00","3.0000","36.7500","36.7500","2013-02-23 23:00:00"
"30137","804","1","10","2013-02-13 00:00:00","2013-02-24 00:00:00","2013-02-20 00:00:00","2013-02-24 00:00:00","4.1000","92.2500","92.2500","2013-02-23 23:00:00"
"30137","804","6","50","2013-02-13 00:00:00","2013-02-24 00:00:00","2013-02-20 00:00:00","2013-02-24 00:00:00","3.0000","36.7500","36.7500","2013-02-23 23:00:00"
"30142","781","7","60","2013-02-14 00:00:00","2013-02-25 00:00:00","2013-02-14 00:00:00","2013-03-16 00:00:00","4.0000","49.0000","49.0000","2013-03-15 23:00:00"
"30143","791","7","60","2013-02-14 00:00:00","2013-02-25 00:00:00","2013-02-14 00:00:00","2013-03-16 00:00:00","4.0000","49.0000","49.0000","2013-03-15 23:00:00"
"30144","796","7","60","2013-02-14 00:00:00","2013-02-25 00:00:00","2013-02-14 00:00:00","2013-03-16 00:00:00","4.0000","49.0000","49.0000","2013-03-15 23:00:00"
"30145","516","6","50","2013-02-14 00:00:00","2013-02-25 00:00:00","2013-02-14 00:00:00","2013-03-16 00:00:00","3.0000","36.7500","36.7500","2013-03-15 23:00:00"
"30145","516","7","60","2013-02-14 00:00:00","2013-02-25 00:00:00","2013-02-14 00:00:00","2013-03-16 00:00:00","4.0000","49.0000","49.0000","2013-03-15 23:00:00"
"30146","519","6","50","2013-02-14 00:00:00","2013-02-25 00:00:00","2013-02-14 00:00:00","2013-03-16 00:00:00","3.0000","36.7500","36.7500","2013-03-15 23:00:00"
"30146","519","7","60","2013-02-14 00:00:00","2013-02-25 00:00:00","2013-02-14 00:00:00","2013-03-16 00:00:00","4.0000","49.0000","49.0000","2013-03-15 23:00:00"
"30150","806","6","50","2013-02-14 00:00:00","2013-02-25 00:00:00","2013-02-14 00:00:00","2013-03-16 00:00:00","3.0000","36.7500","36.7500","2013-03-15 23:00:00"
"30151","810","1","10","2013-02-14 00:00:00","2013-02-25 00:00:00","2013-02-14 00:00:00","2013-03-16 00:00:00","4.1000","92.2500","92.2500","2013-03-15 23:00:00"
"30151","810","2","20","2013-02-14 00:00:00","2013-02-25 00:00:00","2013-02-14 00:00:00","2013-03-16 00:00:00","3.5000","87.5000","87.5000","2013-03-15 23:00:00"
"30151","810","6","50","2013-02-14 00:00:00","2013-02-25 00:00:00","2013-02-14 00:00:00","2013-03-16 00:00:00","3.0000","36.7500","36.7500","2013-03-15 23:00:00"
"30152","813","1","10","2013-02-14 00:00:00","2013-02-25 00:00:00","2013-02-14 00:00:00","2013-03-16 00:00:00","4.1000","92.2500","92.2500","2013-03-15 23:00:00"
"30152","813","2","20","2013-02-14 00:00:00","2013-02-25 00:00:00","2013-02-14 00:00:00","2013-03-16 00:00:00","3.5000","87.5000","87.5000","2013-03-15 23:00:00"
"30152","813","6","50","2013-02-14 00:00:00","2013-02-25 00:00:00","2013-02-14 00:00:00","2013-03-16 00:00:00","3.0000","36.7500","36.7500","2013-03-15 23:00:00"
"30153","816","6","50","2013-02-14 00:00:00","2013-02-25 00:00:00","2013-02-14 00:00:00","2013-03-16 00:00:00","3.0000","36.7500","36.7500","2013-03-15 23:00:00"
"30154","820","6","50","2013-02-14 00:00:00","2013-02-25 00:00:00","2013-02-14 00:00:00","2013-03-16 00:00:00","3.0000","36.7500","36.7500","2013-03-15 23:00:00"
"30155","824","6","50","2013-02-14 00:00:00","2013-02-25 00:00:00","2013-02-14 00:00:00","2013-03-16 00:00:00","3.0000","36.7500","36.7500","2013-03-15 23:00:00"
"30156","828","6","50","2013-02-14 00:00:00","2013-02-25 00:00:00","2013-02-14 00:00:00","2013-03-16 00:00:00","3.0000","36.7500","36.7500","2013-03-15 23:00:00"
"30157","894","6","50","2013-02-14 00:00:00","2013-02-25 00:00:00","2013-02-14 00:00:00","2013-03-16 00:00:00","3.0000","36.7500","36.7500","2013-03-15 23:00:00"
"30158","945","1","10","2013-02-14 00:00:00","2013-02-25 00:00:00","2013-02-14 00:00:00","2013-03-16 00:00:00","4.1000","92.2500","92.2500","2013-03-15 23:00:00"
"30158","945","6","50","2013-02-14 00:00:00","2013-02-25 00:00:00","2013-02-14 00:00:00","2013-03-16 00:00:00","3.0000","36.7500","36.7500","2013-03-15 23:00:00"
"30159","950","6","50","2013-02-14 00:00:00","2013-02-25 00:00:00","2013-02-14 00:00:00","2013-03-16 00:00:00","3.0000","36.7500","36.7500","2013-03-15 23:00:00"
"30160","995","6","50","2013-02-14 00:00:00","2013-02-25 00:00:00","2013-02-14 00:00:00","2013-03-16 00:00:00","3.0000","36.7500","36.7500","2013-03-15 23:00:00"
"30161","996","6","50","2013-02-14 00:00:00","2013-02-25 00:00:00","2013-02-14 00:00:00","2013-03-16 00:00:00","3.0000","36.7500","36.7500","2013-03-15 23:00:00"
"30174","804","1","10","2013-02-14 00:00:00","2013-02-25 00:00:00","2013-02-14 00:00:00","2013-03-16 00:00:00","4.1000","92.2500","92.2500","2013-03-15 23:00:00"
"30174","804","6","50","2013-02-14 00:00:00","2013-02-25 00:00:00","2013-02-14 00:00:00","2013-03-16 00:00:00","3.0000","36.7500","36.7500","2013-03-15 23:00:00"
"30179","784","7","60","2013-02-15 00:00:00","2013-02-26 00:00:00","2013-02-24 00:00:00","2013-02-26 00:00:00","4.0000","49.0000","49.0000","2013-02-25 23:00:00"
"30180","792","7","60","2013-02-15 00:00:00","2013-02-26 00:00:00","2013-02-24 00:00:00","2013-02-26 00:00:00","4.0000","49.0000","49.0000","2013-02-25 23:00:00"
"30181","793","7","60","2013-02-15 00:00:00","2013-02-26 00:00:00","2013-02-24 00:00:00","2013-02-26 00:00:00","4.0000","49.0000","49.0000","2013-02-25 23:00:00"
"30182","794","7","60","2013-02-15 00:00:00","2013-02-26 00:00:00","2013-02-24 00:00:00","2013-02-26 00:00:00","4.0000","49.0000","49.0000","2013-02-25 23:00:00"
"30183","795","7","60","2013-02-15 00:00:00","2013-02-26 00:00:00","2013-02-24 00:00:00","2013-02-26 00:00:00","4.0000","49.0000","49.0000","2013-02-25 23:00:00"
"30184","797","7","60","2013-02-15 00:00:00","2013-02-26 00:00:00","2013-02-24 00:00:00","2013-02-26 00:00:00","4.0000","49.0000","49.0000","2013-02-25 23:00:00"
"30185","516","6","50","2013-02-15 00:00:00","2013-02-26 00:00:00","2013-02-24 00:00:00","2013-02-26 00:00:00","3.0000","36.7500","36.7500","2013-02-25 23:00:00"
"30185","516","7","60","2013-02-15 00:00:00","2013-02-26 00:00:00","2013-02-24 00:00:00","2013-02-26 00:00:00","4.0000","49.0000","49.0000","2013-02-25 23:00:00"
"30186","518","6","50","2013-02-15 00:00:00","2013-02-26 00:00:00","2013-02-24 00:00:00","2013-02-26 00:00:00","3.0000","36.7500","36.7500","2013-02-25 23:00:00"
"30186","518","7","60","2013-02-15 00:00:00","2013-02-26 00:00:00","2013-02-24 00:00:00","2013-02-26 00:00:00","4.0000","49.0000","49.0000","2013-02-25 23:00:00"
"30187","519","6","50","2013-02-15 00:00:00","2013-02-26 00:00:00","2013-02-24 00:00:00","2013-02-26 00:00:00","3.0000","36.7500","36.7500","2013-02-25 23:00:00"
"30187","519","7","60","2013-02-15 00:00:00","2013-02-26 00:00:00","2013-02-24 00:00:00","2013-02-26 00:00:00","4.0000","49.0000","49.0000","2013-02-25 23:00:00"
"30190","806","6","50","2013-02-15 00:00:00","2013-02-26 00:00:00","2013-02-24 00:00:00","2013-02-26 00:00:00","3.0000","36.7500","36.7500","2013-02-25 23:00:00"
"30191","810","1","10","2013-02-15 00:00:00","2013-02-26 00:00:00","2013-02-24 00:00:00","2013-02-26 00:00:00","4.1000","92.2500","92.2500","2013-02-25 23:00:00"
"30191","810","2","20","2013-02-15 00:00:00","2013-02-26 00:00:00","2013-02-24 00:00:00","2013-02-26 00:00:00","3.5000","87.5000","87.5000","2013-02-25 23:00:00"
"30191","810","6","50","2013-02-15 00:00:00","2013-02-26 00:00:00","2013-02-24 00:00:00","2013-02-26 00:00:00","3.0000","36.7500","36.7500","2013-02-25 23:00:00"
"30192","812","1","10","2013-02-15 00:00:00","2013-02-26 00:00:00","2013-02-24 00:00:00","2013-02-26 00:00:00","4.1000","92.2500","92.2500","2013-02-25 23:00:00"
"30192","812","2","20","2013-02-15 00:00:00","2013-02-26 00:00:00","2013-02-24 00:00:00","2013-02-26 00:00:00","3.5000","87.5000","87.5000","2013-02-25 23:00:00"
"30192","812","6","50","2013-02-15 00:00:00","2013-02-26 00:00:00","2013-02-24 00:00:00","2013-02-26 00:00:00","3.0000","36.7500","36.7500","2013-02-25 23:00:00"
"30193","813","1","10","2013-02-15 00:00:00","2013-02-26 00:00:00","2013-02-24 00:00:00","2013-02-26 00:00:00","4.1000","92.2500","92.2500","2013-02-25 23:00:00"
"30193","813","2","20","2013-02-15 00:00:00","2013-02-26 00:00:00","2013-02-24 00:00:00","2013-02-26 00:00:00","3.5000","87.5000","87.5000","2013-02-25 23:00:00"
"30193","813","6","50","2013-02-15 00:00:00","2013-02-26 00:00:00","2013-02-24 00:00:00","2013-02-26 00:00:00","3.0000","36.7500","36.7500","2013-02-25 23:00:00"
"30194","816","6","50","2013-02-15 00:00:00","2013-02-26 00:00:00","2013-02-24 00:00:00","2013-02-26 00:00:00","3.0000","36.7500","36.7500","2013-02-25 23:00:00"
"30195","819","6","50","2013-02-15 00:00:00","2013-02-26 00:00:00","2013-02-24 00:00:00","2013-02-26 00:00:00","3.0000","36.7500","36.7500","2013-02-25 23:00:00"
"30196","820","6","50","2013-02-15 00:00:00","2013-02-26 00:00:00","2013-02-24 00:00:00","2013-02-26 00:00:00","3.0000","36.7500","36.7500","2013-02-25 23:00:00"
"30197","822","1","10","2013-02-15 00:00:00","2013-02-26 00:00:00","2013-02-24 00:00:00","2013-02-26 00:00:00","4.1000","92.2500","92.2500","2013-02-25 23:00:00"
"30197","822","2","20","2013-02-15 00:00:00","2013-02-26 00:00:00","2013-02-24 00:00:00","2013-02-26 00:00:00","3.5000","87.5000","87.5000","2013-02-25 23:00:00"
"30197","822","3","30","2013-02-15 00:00:00","2013-02-26 00:00:00","2013-02-24 00:00:00","2013-02-26 00:00:00","1.0000","14.5000","14.5000","2013-02-25 23:00:00"
"30197","822","4","40","2013-02-15 00:00:00","2013-02-26 00:00:00","2013-02-24 00:00:00","2013-02-26 00:00:00","2.0000","31.5000","31.5000","2013-02-25 23:00:00"
"30197","822","6","50","2013-02-15 00:00:00","2013-02-26 00:00:00","2013-02-24 00:00:00","2013-02-26 00:00:00","3.0000","36.7500","36.7500","2013-02-25 23:00:00"
"30197","822","7","60","2013-02-15 00:00:00","2013-02-26 00:00:00","2013-02-24 00:00:00","2013-02-26 00:00:00","4.0000","49.0000","49.0000","2013-02-25 23:00:00"
"30198","824","6","50","2013-02-15 00:00:00","2013-02-26 00:00:00","2013-02-24 00:00:00","2013-02-26 00:00:00","3.0000","36.7500","36.7500","2013-02-25 23:00:00"
"30199","827","6","50","2013-02-15 00:00:00","2013-02-26 00:00:00","2013-02-24 00:00:00","2013-02-26 00:00:00","3.0000","36.7500","36.7500","2013-02-25 23:00:00"
"30200","828","6","50","2013-02-15 00:00:00","2013-02-26 00:00:00","2013-02-24 00:00:00","2013-02-26 00:00:00","3.0000","36.7500","36.7500","2013-02-25 23:00:00"
"30204","894","6","50","2013-02-15 00:00:00","2013-02-26 00:00:00","2013-02-24 00:00:00","2013-02-26 00:00:00","3.0000","36.7500","36.7500","2013-02-25 23:00:00"
"30205","945","1","10","2013-02-15 00:00:00","2013-02-26 00:00:00","2013-02-24 00:00:00","2013-02-26 00:00:00","4.1000","92.2500","92.2500","2013-02-25 23:00:00"
"30205","945","6","50","2013-02-15 00:00:00","2013-02-26 00:00:00","2013-02-24 00:00:00","2013-02-26 00:00:00","3.0000","36.7500","36.7500","2013-02-25 23:00:00"
"30206","950","6","50","2013-02-15 00:00:00","2013-02-26 00:00:00","2013-02-24 00:00:00","2013-02-26 00:00:00","3.0000","36.7500","36.7500","2013-02-25 23:00:00"
"30207","994","6","50","2013-02-15 00:00:00","2013-02-26 00:00:00","2013-02-24 00:00:00","2013-02-26 00:00:00","3.0000","36.7500","36.7500","2013-02-25 23:00:00"
"30208","995","6","50","2013-02-15 00:00:00","2013-02-26 00:00:00","2013-02-24 00:00:00","2013-02-26 00:00:00","3.0000","36.7500","36.7500","2013-02-25 23:00:00"
"30209","996","6","50","2013-02-15 00:00:00","2013-02-26 00:00:00","2013-02-24 00:00:00","2013-02-26 00:00:00","3.0000","36.7500","36.7500","2013-02-25 23:00:00"
"30222","803","1","10","2013-02-15 00:00:00","2013-02-26 00:00:00","2013-02-24 00:00:00","2013-02-26 00:00:00","4.1000","92.2500","92.2500","2013-02-25 23:00:00"
"30222","803","6","50","2013-02-15 00:00:00","2013-02-26 00:00:00","2013-02-24 00:00:00","2013-02-26 00:00:00","3.0000","36.7500","36.7500","2013-02-25 23:00:00"
"30223","804","1","10","2013-02-15 00:00:00","2013-02-26 00:00:00","2013-02-24 00:00:00","2013-02-26 00:00:00","4.1000","92.2500","92.2500","2013-02-25 23:00:00"
"30223","804","6","50","2013-02-15 00:00:00","2013-02-26 00:00:00","2013-02-24 00:00:00","2013-02-26 00:00:00","3.0000","36.7500","36.7500","2013-02-25 23:00:00"
"30228","780","7","60","2013-02-16 00:00:00","2013-02-27 00:00:00","2013-02-16 00:00:00","2013-03-20 00:00:00","4.0000","49.0000","49.0000","2013-03-19 23:00:00"
"30229","781","7","60","2013-02-16 00:00:00","2013-02-27 00:00:00","2013-02-16 00:00:00","2013-03-20 00:00:00","4.0000","49.0000","49.0000","2013-03-19 23:00:00"
"30230","782","7","60","2013-02-16 00:00:00","2013-02-27 00:00:00","2013-02-16 00:00:00","2013-03-20 00:00:00","4.0000","49.0000","49.0000","2013-03-19 23:00:00"
"30231","784","7","60","2013-02-16 00:00:00","2013-02-27 00:00:00","2013-02-16 00:00:00","2013-03-20 00:00:00","4.0000","49.0000","49.0000","2013-03-19 23:00:00"
"30232","789","7","60","2013-02-16 00:00:00","2013-02-27 00:00:00","2013-02-16 00:00:00","2013-03-20 00:00:00","4.0000","49.0000","49.0000","2013-03-19 23:00:00"
"30233","790","7","60","2013-02-16 00:00:00","2013-02-27 00:00:00","2013-02-16 00:00:00","2013-03-20 00:00:00","4.0000","49.0000","49.0000","2013-03-19 23:00:00"
"30234","794","7","60","2013-02-16 00:00:00","2013-02-27 00:00:00","2013-02-16 00:00:00","2013-03-20 00:00:00","4.0000","49.0000","49.0000","2013-03-19 23:00:00"
"30235","797","7","60","2013-02-16 00:00:00","2013-02-27 00:00:00","2013-02-16 00:00:00","2013-03-20 00:00:00","4.0000","49.0000","49.0000","2013-03-19 23:00:00"
"30236","516","6","50","2013-02-16 00:00:00","2013-02-27 00:00:00","2013-02-16 00:00:00","2013-03-20 00:00:00","3.0000","36.7500","36.7500","2013-03-19 23:00:00"
"30236","516","7","60","2013-02-16 00:00:00","2013-02-27 00:00:00","2013-02-16 00:00:00","2013-03-20 00:00:00","4.0000","49.0000","49.0000","2013-03-19 23:00:00"
"30237","518","6","50","2013-02-16 00:00:00","2013-02-27 00:00:00","2013-02-16 00:00:00","2013-03-20 00:00:00","3.0000","36.7500","36.7500","2013-03-19 23:00:00"
"30237","518","7","60","2013-02-16 00:00:00","2013-02-27 00:00:00","2013-02-16 00:00:00","2013-03-20 00:00:00","4.0000","49.0000","49.0000","2013-03-19 23:00:00"
"30238","519","6","50","2013-02-16 00:00:00","2013-02-27 00:00:00","2013-02-16 00:00:00","2013-03-20 00:00:00","3.0000","36.7500","36.7500","2013-03-19 23:00:00"
"30238","519","7","60","2013-02-16 00:00:00","2013-02-27 00:00:00","2013-02-16 00:00:00","2013-03-20 00:00:00","4.0000","49.0000","49.0000","2013-03-19 23:00:00"
"30244","747","1","10","2013-02-16 00:00:00","2013-02-27 00:00:00","2013-02-16 00:00:00","2013-03-20 00:00:00","4.1000","92.2500","92.2500","2013-03-19 23:00:00"
"30244","747","2","20","2013-02-16 00:00:00","2013-02-27 00:00:00","2013-02-16 00:00:00","2013-03-20 00:00:00","3.5000","87.5000","87.5000","2013-03-19 23:00:00"
"30244","747","3","30","2013-02-16 00:00:00","2013-02-27 00:00:00","2013-02-16 00:00:00","2013-03-20 00:00:00","1.0000","14.5000","14.5000","2013-03-19 23:00:00"
"30244","747","4","40","2013-02-16 00:00:00","2013-02-27 00:00:00","2013-02-16 00:00:00","2013-03-20 00:00:00","2.0000","31.5000","31.5000","2013-03-19 23:00:00"
"30244","747","6","50","2013-02-16 00:00:00","2013-02-27 00:00:00","2013-02-16 00:00:00","2013-03-20 00:00:00","3.0000","36.7500","36.7500","2013-03-19 23:00:00"
"30244","747","7","60","2013-02-16 00:00:00","2013-02-27 00:00:00","2013-02-16 00:00:00","2013-03-20 00:00:00","4.0000","49.0000","49.0000","2013-03-19 23:00:00"
"30245","806","6","50","2013-02-16 00:00:00","2013-02-27 00:00:00","2013-02-16 00:00:00","2013-03-20 00:00:00","3.0000","36.7500","36.7500","2013-03-19 23:00:00"
"30246","810","1","10","2013-02-16 00:00:00","2013-02-27 00:00:00","2013-02-16 00:00:00","2013-03-20 00:00:00","4.1000","92.2500","92.2500","2013-03-19 23:00:00"
"30246","810","2","20","2013-02-16 00:00:00","2013-02-27 00:00:00","2013-02-16 00:00:00","2013-03-20 00:00:00","3.5000","87.5000","87.5000","2013-03-19 23:00:00"
"30246","810","6","50","2013-02-16 00:00:00","2013-02-27 00:00:00","2013-02-16 00:00:00","2013-03-20 00:00:00","3.0000","36.7500","36.7500","2013-03-19 23:00:00"
"30247","812","1","10","2013-02-16 00:00:00","2013-02-27 00:00:00","2013-02-16 00:00:00","2013-03-20 00:00:00","4.1000","92.2500","92.2500","2013-03-19 23:00:00"
"30247","812","2","20","2013-02-16 00:00:00","2013-02-27 00:00:00","2013-02-16 00:00:00","2013-03-20 00:00:00","3.5000","87.5000","87.5000","2013-03-19 23:00:00"
"30247","812","6","50","2013-02-16 00:00:00","2013-02-27 00:00:00","2013-02-16 00:00:00","2013-03-20 00:00:00","3.0000","36.7500","36.7500","2013-03-19 23:00:00"
"30248","813","1","10","2013-02-16 00:00:00","2013-02-27 00:00:00","2013-02-16 00:00:00","2013-03-20 00:00:00","4.1000","92.2500","92.2500","2013-03-19 23:00:00"
"30248","813","2","20","2013-02-16 00:00:00","2013-02-27 00:00:00","2013-02-16 00:00:00","2013-03-20 00:00:00","3.5000","87.5000","87.5000","2013-03-19 23:00:00"
"30248","813","6","50","2013-02-16 00:00:00","2013-02-27 00:00:00","2013-02-16 00:00:00","2013-03-20 00:00:00","3.0000","36.7500","36.7500","2013-03-19 23:00:00"
"30249","816","6","50","2013-02-16 00:00:00","2013-02-27 00:00:00","2013-02-16 00:00:00","2013-03-20 00:00:00","3.0000","36.7500","36.7500","2013-03-19 23:00:00"
"30250","819","6","50","2013-02-16 00:00:00","2013-02-27 00:00:00","2013-02-16 00:00:00","2013-03-20 00:00:00","3.0000","36.7500","36.7500","2013-03-19 23:00:00"
"30251","820","6","50","2013-02-16 00:00:00","2013-02-27 00:00:00","2013-02-16 00:00:00","2013-03-20 00:00:00","3.0000","36.7500","36.7500","2013-03-19 23:00:00"
"30252","822","1","10","2013-02-16 00:00:00","2013-02-27 00:00:00","2013-02-16 00:00:00","2013-03-20 00:00:00","4.1000","92.2500","92.2500","2013-03-19 23:00:00"
"30252","822","2","20","2013-02-16 00:00:00","2013-02-27 00:00:00","2013-02-16 00:00:00","2013-03-20 00:00:00","3.5000","87.5000","87.5000","2013-03-19 23:00:00"
"30252","822","3","30","2013-02-16 00:00:00","2013-02-27 00:00:00","2013-02-16 00:00:00","2013-03-20 00:00:00","1.0000","14.5000","14.5000","2013-03-19 23:00:00"
"30252","822","4","40","2013-02-16 00:00:00","2013-02-27 00:00:00","2013-02-16 00:00:00","2013-03-20 00:00:00","2.0000","31.5000","31.5000","2013-03-19 23:00:00"
"30252","822","6","50","2013-02-16 00:00:00","2013-02-27 00:00:00","2013-02-16 00:00:00","2013-03-20 00:00:00","3.0000","36.7500","36.7500","2013-03-19 23:00:00"
"30252","822","7","60","2013-02-16 00:00:00","2013-02-27 00:00:00","2013-02-16 00:00:00","2013-03-20 00:00:00","4.0000","49.0000","49.0000","2013-03-19 23:00:00"
"30253","824","6","50","2013-02-16 00:00:00","2013-02-27 00:00:00","2013-02-16 00:00:00","2013-03-20 00:00:00","3.0000","36.7500","36.7500","2013-03-19 23:00:00"
"30254","827","6","50","2013-02-16 00:00:00","2013-02-27 00:00:00","2013-02-16 00:00:00","2013-03-20 00:00:00","3.0000","36.7500","36.7500","2013-03-19 23:00:00"
"30255","828","6","50","2013-02-16 00:00:00","2013-02-27 00:00:00","2013-02-16 00:00:00","2013-03-20 00:00:00","3.0000","36.7500","36.7500","2013-03-19 23:00:00"
"30257","894","6","50","2013-02-16 00:00:00","2013-02-27 00:00:00","2013-02-16 00:00:00","2013-03-20 00:00:00","3.0000","36.7500","36.7500","2013-03-19 23:00:00"
"30258","945","1","10","2013-02-16 00:00:00","2013-02-27 00:00:00","2013-02-16 00:00:00","2013-03-20 00:00:00","4.1000","92.2500","92.2500","2013-03-19 23:00:00"
"30258","945","6","50","2013-02-16 00:00:00","2013-02-27 00:00:00","2013-02-16 00:00:00","2013-03-20 00:00:00","3.0000","36.7500","36.7500","2013-03-19 23:00:00"
"30259","950","6","50","2013-02-16 00:00:00","2013-02-27 00:00:00","2013-02-16 00:00:00","2013-03-20 00:00:00","3.0000","36.7500","36.7500","2013-03-19 23:00:00"
"30260","994","6","50","2013-02-16 00:00:00","2013-02-27 00:00:00","2013-02-16 00:00:00","2013-03-20 00:00:00","3.0000","36.7500","36.7500","2013-03-19 23:00:00"
"30261","995","6","50","2013-02-16 00:00:00","2013-02-27 00:00:00","2013-02-16 00:00:00","2013-03-20 00:00:00","3.0000","36.7500","36.7500","2013-03-19 23:00:00"
"30262","996","6","50","2013-02-16 00:00:00","2013-02-27 00:00:00","2013-02-16 00:00:00","2013-03-20 00:00:00","3.0000","36.7500","36.7500","2013-03-19 23:00:00"
"30275","803","1","10","2013-02-16 00:00:00","2013-02-27 00:00:00","2013-02-16 00:00:00","2013-03-20 00:00:00","4.1000","92.2500","92.2500","2013-03-19 23:00:00"
"30275","803","6","50","2013-02-16 00:00:00","2013-02-27 00:00:00","2013-02-16 00:00:00","2013-03-20 00:00:00","3.0000","36.7500","36.7500","2013-03-19 23:00:00"
"30276","804","1","10","2013-02-16 00:00:00","2013-02-27 00:00:00","2013-02-16 00:00:00","2013-03-20 00:00:00","4.1000","92.2500","92.2500","2013-03-19 23:00:00"
"30276","804","6","50","2013-02-16 00:00:00","2013-02-27 00:00:00","2013-02-16 00:00:00","2013-03-20 00:00:00","3.0000","36.7500","36.7500","2013-03-19 23:00:00"
"30281","761","7","60","2013-02-17 00:00:00","2013-02-28 00:00:00","2013-02-28 00:00:00","2013-03-01 00:00:00","4.0000","49.0000","49.0000","2013-02-28 23:00:00"
"30282","779","7","60","2013-02-17 00:00:00","2013-02-28 00:00:00","2013-02-28 00:00:00","2013-03-01 00:00:00","4.0000","49.0000","49.0000","2013-02-28 23:00:00"
"30283","780","7","60","2013-02-17 00:00:00","2013-02-28 00:00:00","2013-02-28 00:00:00","2013-03-01 00:00:00","4.0000","49.0000","49.0000","2013-02-28 23:00:00"
"30284","783","7","60","2013-02-17 00:00:00","2013-02-28 00:00:00","2013-02-28 00:00:00","2013-03-01 00:00:00","4.0000","49.0000","49.0000","2013-02-28 23:00:00"
"30285","784","7","60","2013-02-17 00:00:00","2013-02-28 00:00:00","2013-02-28 00:00:00","2013-03-01 00:00:00","4.0000","49.0000","49.0000","2013-02-28 23:00:00"
"30286","789","7","60","2013-02-17 00:00:00","2013-02-28 00:00:00","2013-02-28 00:00:00","2013-03-01 00:00:00","4.0000","49.0000","49.0000","2013-02-28 23:00:00"
"30287","791","7","60","2013-02-17 00:00:00","2013-02-28 00:00:00","2013-02-28 00:00:00","2013-03-01 00:00:00","4.0000","49.0000","49.0000","2013-02-28 23:00:00"
"30288","792","7","60","2013-02-17 00:00:00","2013-02-28 00:00:00","2013-02-28 00:00:00","2013-03-01 00:00:00","4.0000","49.0000","49.0000","2013-02-28 23:00:00"
"30289","793","7","60","2013-02-17 00:00:00","2013-02-28 00:00:00","2013-02-28 00:00:00","2013-03-01 00:00:00","4.0000","49.0000","49.0000","2013-02-28 23:00:00"
"30290","794","7","60","2013-02-17 00:00:00","2013-02-28 00:00:00","2013-02-28 00:00:00","2013-03-01 00:00:00","4.0000","49.0000","49.0000","2013-02-28 23:00:00"
"30291","795","7","60","2013-02-17 00:00:00","2013-02-28 00:00:00","2013-02-28 00:00:00","2013-03-01 00:00:00","4.0000","49.0000","49.0000","2013-02-28 23:00:00"
"30292","798","7","60","2013-02-17 00:00:00","2013-02-28 00:00:00","2013-02-28 00:00:00","2013-03-01 00:00:00","4.0000","49.0000","49.0000","2013-02-28 23:00:00"
"30293","516","6","50","2013-02-17 00:00:00","2013-02-28 00:00:00","2013-02-28 00:00:00","2013-03-01 00:00:00","3.0000","36.7500","36.7500","2013-02-28 23:00:00"
"30293","516","7","60","2013-02-17 00:00:00","2013-02-28 00:00:00","2013-02-28 00:00:00","2013-03-01 00:00:00","4.0000","49.0000","49.0000","2013-02-28 23:00:00"
"30294","517","6","50","2013-02-17 00:00:00","2013-02-28 00:00:00","2013-02-28 00:00:00","2013-03-01 00:00:00","3.0000","36.7500","36.7500","2013-02-28 23:00:00"
"30294","517","7","60","2013-02-17 00:00:00","2013-02-28 00:00:00","2013-02-28 00:00:00","2013-03-01 00:00:00","4.0000","49.0000","49.0000","2013-02-28 23:00:00"
"30295","518","6","50","2013-02-17 00:00:00","2013-02-28 00:00:00","2013-02-28 00:00:00","2013-03-01 00:00:00","3.0000","36.7500","36.7500","2013-02-28 23:00:00"
"30295","518","7","60","2013-02-17 00:00:00","2013-02-28 00:00:00","2013-02-28 00:00:00","2013-03-01 00:00:00","4.0000","49.0000","49.0000","2013-02-28 23:00:00"
"30296","519","6","50","2013-02-17 00:00:00","2013-02-28 00:00:00","2013-02-28 00:00:00","2013-03-01 00:00:00","3.0000","36.7500","36.7500","2013-02-28 23:00:00"
"30296","519","7","60","2013-02-17 00:00:00","2013-02-28 00:00:00","2013-02-28 00:00:00","2013-03-01 00:00:00","4.0000","49.0000","49.0000","2013-02-28 23:00:00"
"30304","748","1","10","2013-02-17 00:00:00","2013-02-28 00:00:00","2013-02-28 00:00:00","2013-03-01 00:00:00","4.1000","92.2500","92.2500","2013-02-28 23:00:00"
"30304","748","2","20","2013-02-17 00:00:00","2013-02-28 00:00:00","2013-02-28 00:00:00","2013-03-01 00:00:00","3.5000","87.5000","87.5000","2013-02-28 23:00:00"
"30304","748","3","30","2013-02-17 00:00:00","2013-02-28 00:00:00","2013-02-28 00:00:00","2013-03-01 00:00:00","1.0000","14.5000","14.5000","2013-02-28 23:00:00"
"30304","748","5","45","2013-02-17 00:00:00","2013-02-28 00:00:00","2013-02-28 00:00:00","2013-03-01 00:00:00","2.0000","36.0000","36.0000","2013-02-28 23:00:00"
"30304","748","6","50","2013-02-17 00:00:00","2013-02-28 00:00:00","2013-02-28 00:00:00","2013-03-01 00:00:00","3.0000","36.7500","36.7500","2013-02-28 23:00:00"
"30304","748","7","60","2013-02-17 00:00:00","2013-02-28 00:00:00","2013-02-28 00:00:00","2013-03-01 00:00:00","4.0000","49.0000","49.0000","2013-02-28 23:00:00"
"30305","806","6","50","2013-02-17 00:00:00","2013-02-28 00:00:00","2013-02-28 00:00:00","2013-03-01 00:00:00","3.0000","36.7500","36.7500","2013-02-28 23:00:00"
"30306","810","1","10","2013-02-17 00:00:00","2013-02-28 00:00:00","2013-02-28 00:00:00","2013-03-01 00:00:00","4.1000","92.2500","92.2500","2013-02-28 23:00:00"
"30306","810","2","20","2013-02-17 00:00:00","2013-02-28 00:00:00","2013-02-28 00:00:00","2013-03-01 00:00:00","3.5000","87.5000","87.5000","2013-02-28 23:00:00"
"30306","810","6","50","2013-02-17 00:00:00","2013-02-28 00:00:00","2013-02-28 00:00:00","2013-03-01 00:00:00","3.0000","36.7500","36.7500","2013-02-28 23:00:00"
"30307","811","1","10","2013-02-17 00:00:00","2013-02-28 00:00:00","2013-02-28 00:00:00","2013-03-01 00:00:00","4.1000","92.2500","92.2500","2013-02-28 23:00:00"
"30307","811","2","20","2013-02-17 00:00:00","2013-02-28 00:00:00","2013-02-28 00:00:00","2013-03-01 00:00:00","3.5000","87.5000","87.5000","2013-02-28 23:00:00"
"30307","811","6","50","2013-02-17 00:00:00","2013-02-28 00:00:00","2013-02-28 00:00:00","2013-03-01 00:00:00","3.0000","36.7500","36.7500","2013-02-28 23:00:00"
"30308","812","1","10","2013-02-17 00:00:00","2013-02-28 00:00:00","2013-02-28 00:00:00","2013-03-01 00:00:00","4.1000","92.2500","92.2500","2013-02-28 23:00:00"
"30308","812","2","20","2013-02-17 00:00:00","2013-02-28 00:00:00","2013-02-28 00:00:00","2013-03-01 00:00:00","3.5000","87.5000","87.5000","2013-02-28 23:00:00"
"30308","812","6","50","2013-02-17 00:00:00","2013-02-28 00:00:00","2013-02-28 00:00:00","2013-03-01 00:00:00","3.0000","36.7500","36.7500","2013-02-28 23:00:00"
"30309","813","1","10","2013-02-17 00:00:00","2013-02-28 00:00:00","2013-02-28 00:00:00","2013-03-01 00:00:00","4.1000","92.2500","92.2500","2013-02-28 23:00:00"
"30309","813","2","20","2013-02-17 00:00:00","2013-02-28 00:00:00","2013-02-28 00:00:00","2013-03-01 00:00:00","3.5000","87.5000","87.5000","2013-02-28 23:00:00"
"30309","813","6","50","2013-02-17 00:00:00","2013-02-28 00:00:00","2013-02-28 00:00:00","2013-03-01 00:00:00","3.0000","36.7500","36.7500","2013-02-28 23:00:00"
"30310","816","6","50","2013-02-17 00:00:00","2013-02-28 00:00:00","2013-02-28 00:00:00","2013-03-01 00:00:00","3.0000","36.7500","36.7500","2013-02-28 23:00:00"
"30311","818","6","50","2013-02-17 00:00:00","2013-02-28 00:00:00","2013-02-28 00:00:00","2013-03-01 00:00:00","3.0000","36.7500","36.7500","2013-02-28 23:00:00"
"30312","819","6","50","2013-02-17 00:00:00","2013-02-28 00:00:00","2013-02-28 00:00:00","2013-03-01 00:00:00","3.0000","36.7500","36.7500","2013-02-28 23:00:00"
"30313","820","6","50","2013-02-17 00:00:00","2013-02-28 00:00:00","2013-02-28 00:00:00","2013-03-01 00:00:00","3.0000","36.7500","36.7500","2013-02-28 23:00:00"
"30314","824","6","50","2013-02-17 00:00:00","2013-02-28 00:00:00","2013-02-28 00:00:00","2013-03-01 00:00:00","3.0000","36.7500","36.7500","2013-02-28 23:00:00"
"30315","826","6","50","2013-02-17 00:00:00","2013-02-28 00:00:00","2013-02-28 00:00:00","2013-03-01 00:00:00","3.0000","36.7500","36.7500","2013-02-28 23:00:00"
"30316","827","6","50","2013-02-17 00:00:00","2013-02-28 00:00:00","2013-02-28 00:00:00","2013-03-01 00:00:00","3.0000","36.7500","36.7500","2013-02-28 23:00:00"
"30317","828","6","50","2013-02-17 00:00:00","2013-02-28 00:00:00","2013-02-28 00:00:00","2013-03-01 00:00:00","3.0000","36.7500","36.7500","2013-02-28 23:00:00"
"30322","894","6","50","2013-02-17 00:00:00","2013-02-28 00:00:00","2013-02-28 00:00:00","2013-03-01 00:00:00","3.0000","36.7500","36.7500","2013-02-28 23:00:00"
"30323","945","1","10","2013-02-17 00:00:00","2013-02-28 00:00:00","2013-02-28 00:00:00","2013-03-01 00:00:00","4.1000","92.2500","92.2500","2013-02-28 23:00:00"
"30323","945","6","50","2013-02-17 00:00:00","2013-02-28 00:00:00","2013-02-28 00:00:00","2013-03-01 00:00:00","3.0000","36.7500","36.7500","2013-02-28 23:00:00"
"30324","950","6","50","2013-02-17 00:00:00","2013-02-28 00:00:00","2013-02-28 00:00:00","2013-03-01 00:00:00","3.0000","36.7500","36.7500","2013-02-28 23:00:00"
"30325","994","6","50","2013-02-17 00:00:00","2013-02-28 00:00:00","2013-02-28 00:00:00","2013-03-01 00:00:00","3.0000","36.7500","36.7500","2013-02-28 23:00:00"
"30326","995","6","50","2013-02-17 00:00:00","2013-02-28 00:00:00","2013-02-28 00:00:00","2013-03-01 00:00:00","3.0000","36.7500","36.7500","2013-02-28 23:00:00"
"30327","996","6","50","2013-02-17 00:00:00","2013-02-28 00:00:00","2013-02-28 00:00:00","2013-03-01 00:00:00","3.0000","36.7500","36.7500","2013-02-28 23:00:00"
"30341","802","1","10","2013-02-17 00:00:00","2013-02-28 00:00:00","2013-02-28 00:00:00","2013-03-01 00:00:00","4.1000","92.2500","92.2500","2013-02-28 23:00:00"
"30341","802","6","50","2013-02-17 00:00:00","2013-02-28 00:00:00","2013-02-28 00:00:00","2013-03-01 00:00:00","3.0000","36.7500","36.7500","2013-02-28 23:00:00"
"30342","803","1","10","2013-02-17 00:00:00","2013-02-28 00:00:00","2013-02-28 00:00:00","2013-03-01 00:00:00","4.1000","92.2500","92.2500","2013-02-28 23:00:00"
"30342","803","6","50","2013-02-17 00:00:00","2013-02-28 00:00:00","2013-02-28 00:00:00","2013-03-01 00:00:00","3.0000","36.7500","36.7500","2013-02-28 23:00:00"
"30343","804","1","10","2013-02-17 00:00:00","2013-02-28 00:00:00","2013-02-28 00:00:00","2013-03-01 00:00:00","4.1000","92.2500","92.2500","2013-02-28 23:00:00"
"30343","804","6","50","2013-02-17 00:00:00","2013-02-28 00:00:00","2013-02-28 00:00:00","2013-03-01 00:00:00","3.0000","36.7500","36.7500","2013-02-28 23:00:00"
"30348","761","7","60","2013-02-18 00:00:00","2013-03-01 00:00:00","2013-02-18 00:00:00","2013-03-01 00:00:00","4.0000","49.0000","49.0000","2013-02-28 23:00:00"
"30349","762","7","60","2013-02-18 00:00:00","2013-03-01 00:00:00","2013-02-18 00:00:00","2013-03-01 00:00:00","4.0000","49.0000","49.0000","2013-02-28 23:00:00"
"30350","779","7","60","2013-02-18 00:00:00","2013-03-01 00:00:00","2013-02-18 00:00:00","2013-03-01 00:00:00","4.0000","49.0000","49.0000","2013-02-28 23:00:00"
"30351","781","7","60","2013-02-18 00:00:00","2013-03-01 00:00:00","2013-02-18 00:00:00","2013-03-01 00:00:00","4.0000","49.0000","49.0000","2013-02-28 23:00:00"
"30352","782","7","60","2013-02-18 00:00:00","2013-03-01 00:00:00","2013-02-18 00:00:00","2013-03-01 00:00:00","4.0000","49.0000","49.0000","2013-02-28 23:00:00"
"30353","789","7","60","2013-02-18 00:00:00","2013-03-01 00:00:00","2013-02-18 00:00:00","2013-03-01 00:00:00","4.0000","49.0000","49.0000","2013-02-28 23:00:00"
"30354","791","7","60","2013-02-18 00:00:00","2013-03-01 00:00:00","2013-02-18 00:00:00","2013-03-01 00:00:00","4.0000","49.0000","49.0000","2013-02-28 23:00:00"
"30355","795","7","60","2013-02-18 00:00:00","2013-03-01 00:00:00","2013-02-18 00:00:00","2013-03-01 00:00:00","4.0000","49.0000","49.0000","2013-02-28 23:00:00"
"30356","797","7","60","2013-02-18 00:00:00","2013-03-01 00:00:00","2013-02-18 00:00:00","2013-03-01 00:00:00","4.0000","49.0000","49.0000","2013-02-28 23:00:00"
"30357","800","7","60","2013-02-18 00:00:00","2013-03-01 00:00:00","2013-02-18 00:00:00","2013-03-01 00:00:00","4.0000","49.0000","49.0000","2013-02-28 23:00:00"
"30358","516","6","50","2013-02-18 00:00:00","2013-03-01 00:00:00","2013-02-18 00:00:00","2013-03-01 00:00:00","3.0000","36.7500","36.7500","2013-02-28 23:00:00"
"30358","516","7","60","2013-02-18 00:00:00","2013-03-01 00:00:00","2013-02-18 00:00:00","2013-03-01 00:00:00","4.0000","49.0000","49.0000","2013-02-28 23:00:00"
"30359","517","6","50","2013-02-18 00:00:00","2013-03-01 00:00:00","2013-02-18 00:00:00","2013-03-01 00:00:00","3.0000","36.7500","36.7500","2013-02-28 23:00:00"
"30359","517","7","60","2013-02-18 00:00:00","2013-03-01 00:00:00","2013-02-18 00:00:00","2013-03-01 00:00:00","4.0000","49.0000","49.0000","2013-02-28 23:00:00"
"30360","518","6","50","2013-02-18 00:00:00","2013-03-01 00:00:00","2013-02-18 00:00:00","2013-03-01 00:00:00","3.0000","36.7500","36.7500","2013-02-28 23:00:00"
"30360","518","7","60","2013-02-18 00:00:00","2013-03-01 00:00:00","2013-02-18 00:00:00","2013-03-01 00:00:00","4.0000","49.0000","49.0000","2013-02-28 23:00:00"
"30361","519","6","50","2013-02-18 00:00:00","2013-03-01 00:00:00","2013-02-18 00:00:00","2013-03-01 00:00:00","3.0000","36.7500","36.7500","2013-02-28 23:00:00"
"30361","519","7","60","2013-02-18 00:00:00","2013-03-01 00:00:00","2013-02-18 00:00:00","2013-03-01 00:00:00","4.0000","49.0000","49.0000","2013-02-28 23:00:00"
"30367","747","1","10","2013-02-18 00:00:00","2013-03-01 00:00:00","2013-02-18 00:00:00","2013-03-01 00:00:00","4.1000","92.2500","92.2500","2013-02-28 23:00:00"
"30367","747","2","20","2013-02-18 00:00:00","2013-03-01 00:00:00","2013-02-18 00:00:00","2013-03-01 00:00:00","3.5000","87.5000","87.5000","2013-02-28 23:00:00"
"30367","747","3","30","2013-02-18 00:00:00","2013-03-01 00:00:00","2013-02-18 00:00:00","2013-03-01 00:00:00","1.0000","14.5000","14.5000","2013-02-28 23:00:00"
"30367","747","4","40","2013-02-18 00:00:00","2013-03-01 00:00:00","2013-02-18 00:00:00","2013-03-01 00:00:00","2.0000","31.5000","31.5000","2013-02-28 23:00:00"
"30367","747","6","50","2013-02-18 00:00:00","2013-03-01 00:00:00","2013-02-18 00:00:00","2013-03-01 00:00:00","3.0000","36.7500","36.7500","2013-02-28 23:00:00"
"30367","747","7","60","2013-02-18 00:00:00","2013-03-01 00:00:00","2013-02-18 00:00:00","2013-03-01 00:00:00","4.0000","49.0000","49.0000","2013-02-28 23:00:00"
"30368","748","1","10","2013-02-18 00:00:00","2013-03-01 00:00:00","2013-02-18 00:00:00","2013-03-01 00:00:00","4.1000","92.2500","92.2500","2013-02-28 23:00:00"
"30368","748","2","20","2013-02-18 00:00:00","2013-03-01 00:00:00","2013-02-18 00:00:00","2013-03-01 00:00:00","3.5000","87.5000","87.5000","2013-02-28 23:00:00"
"30368","748","3","30","2013-02-18 00:00:00","2013-03-01 00:00:00","2013-02-18 00:00:00","2013-03-01 00:00:00","1.0000","14.5000","14.5000","2013-02-28 23:00:00"
"30368","748","5","45","2013-02-18 00:00:00","2013-03-01 00:00:00","2013-02-18 00:00:00","2013-03-01 00:00:00","2.0000","36.0000","36.0000","2013-02-28 23:00:00"
"30368","748","6","50","2013-02-18 00:00:00","2013-03-01 00:00:00","2013-02-18 00:00:00","2013-03-01 00:00:00","3.0000","36.7500","36.7500","2013-02-28 23:00:00"
"30368","748","7","60","2013-02-18 00:00:00","2013-03-01 00:00:00","2013-02-18 00:00:00","2013-03-01 00:00:00","4.0000","49.0000","49.0000","2013-02-28 23:00:00"
"30369","806","6","50","2013-02-18 00:00:00","2013-03-01 00:00:00","2013-02-18 00:00:00","2013-03-01 00:00:00","3.0000","36.7500","36.7500","2013-02-28 23:00:00"
"30370","810","1","10","2013-02-18 00:00:00","2013-03-01 00:00:00","2013-02-18 00:00:00","2013-03-01 00:00:00","4.1000","92.2500","92.2500","2013-02-28 23:00:00"
"30370","810","2","20","2013-02-18 00:00:00","2013-03-01 00:00:00","2013-02-18 00:00:00","2013-03-01 00:00:00","3.5000","87.5000","87.5000","2013-02-28 23:00:00"
"30370","810","6","50","2013-02-18 00:00:00","2013-03-01 00:00:00","2013-02-18 00:00:00","2013-03-01 00:00:00","3.0000","36.7500","36.7500","2013-02-28 23:00:00"
"30371","811","1","10","2013-02-18 00:00:00","2013-03-01 00:00:00","2013-02-18 00:00:00","2013-03-01 00:00:00","4.1000","92.2500","92.2500","2013-02-28 23:00:00"
"30371","811","2","20","2013-02-18 00:00:00","2013-03-01 00:00:00","2013-02-18 00:00:00","2013-03-01 00:00:00","3.5000","87.5000","87.5000","2013-02-28 23:00:00"
"30371","811","6","50","2013-02-18 00:00:00","2013-03-01 00:00:00","2013-02-18 00:00:00","2013-03-01 00:00:00","3.0000","36.7500","36.7500","2013-02-28 23:00:00"
"30372","812","1","10","2013-02-18 00:00:00","2013-03-01 00:00:00","2013-02-18 00:00:00","2013-03-01 00:00:00","4.1000","92.2500","92.2500","2013-02-28 23:00:00"
"30372","812","2","20","2013-02-18 00:00:00","2013-03-01 00:00:00","2013-02-18 00:00:00","2013-03-01 00:00:00","3.5000","87.5000","87.5000","2013-02-28 23:00:00"
"30372","812","6","50","2013-02-18 00:00:00","2013-03-01 00:00:00","2013-02-18 00:00:00","2013-03-01 00:00:00","3.0000","36.7500","36.7500","2013-02-28 23:00:00"
"30373","813","1","10","2013-02-18 00:00:00","2013-03-01 00:00:00","2013-02-18 00:00:00","2013-03-01 00:00:00","4.1000","92.2500","92.2500","2013-02-28 23:00:00"
"30373","813","2","20","2013-02-18 00:00:00","2013-03-01 00:00:00","2013-02-18 00:00:00","2013-03-01 00:00:00","3.5000","87.5000","87.5000","2013-02-28 23:00:00"
"30373","813","6","50","2013-02-18 00:00:00","2013-03-01 00:00:00","2013-02-18 00:00:00","2013-03-01 00:00:00","3.0000","36.7500","36.7500","2013-02-28 23:00:00"
"30374","816","6","50","2013-02-18 00:00:00","2013-03-01 00:00:00","2013-02-18 00:00:00","2013-03-01 00:00:00","3.0000","36.7500","36.7500","2013-02-28 23:00:00"
"30375","818","6","50","2013-02-18 00:00:00","2013-03-01 00:00:00","2013-02-18 00:00:00","2013-03-01 00:00:00","3.0000","36.7500","36.7500","2013-02-28 23:00:00"
"30376","819","6","50","2013-02-18 00:00:00","2013-03-01 00:00:00","2013-02-18 00:00:00","2013-03-01 00:00:00","3.0000","36.7500","36.7500","2013-02-28 23:00:00"
"30377","820","6","50","2013-02-18 00:00:00","2013-03-01 00:00:00","2013-02-18 00:00:00","2013-03-01 00:00:00","3.0000","36.7500","36.7500","2013-02-28 23:00:00"
"30378","822","1","10","2013-02-18 00:00:00","2013-03-01 00:00:00","2013-02-18 00:00:00","2013-03-01 00:00:00","4.1000","92.2500","92.2500","2013-02-28 23:00:00"
"30378","822","2","20","2013-02-18 00:00:00","2013-03-01 00:00:00","2013-02-18 00:00:00","2013-03-01 00:00:00","3.5000","87.5000","87.5000","2013-02-28 23:00:00"
"30378","822","3","30","2013-02-18 00:00:00","2013-03-01 00:00:00","2013-02-18 00:00:00","2013-03-01 00:00:00","1.0000","14.5000","14.5000","2013-02-28 23:00:00"
"30378","822","4","40","2013-02-18 00:00:00","2013-03-01 00:00:00","2013-02-18 00:00:00","2013-03-01 00:00:00","2.0000","31.5000","31.5000","2013-02-28 23:00:00"
"30378","822","6","50","2013-02-18 00:00:00","2013-03-01 00:00:00","2013-02-18 00:00:00","2013-03-01 00:00:00","3.0000","36.7500","36.7500","2013-02-28 23:00:00"
"30378","822","7","60","2013-02-18 00:00:00","2013-03-01 00:00:00","2013-02-18 00:00:00","2013-03-01 00:00:00","4.0000","49.0000","49.0000","2013-02-28 23:00:00"
"30379","824","6","50","2013-02-18 00:00:00","2013-03-01 00:00:00","2013-02-18 00:00:00","2013-03-01 00:00:00","3.0000","36.7500","36.7500","2013-02-28 23:00:00"
"30380","826","6","50","2013-02-18 00:00:00","2013-03-01 00:00:00","2013-02-18 00:00:00","2013-03-01 00:00:00","3.0000","36.7500","36.7500","2013-02-28 23:00:00"
"30381","827","6","50","2013-02-18 00:00:00","2013-03-01 00:00:00","2013-02-18 00:00:00","2013-03-01 00:00:00","3.0000","36.7500","36.7500","2013-02-28 23:00:00"
"30382","828","6","50","2013-02-18 00:00:00","2013-03-01 00:00:00","2013-02-18 00:00:00","2013-03-01 00:00:00","3.0000","36.7500","36.7500","2013-02-28 23:00:00"
"30385","894","6","50","2013-02-18 00:00:00","2013-03-01 00:00:00","2013-02-18 00:00:00","2013-03-01 00:00:00","3.0000","36.7500","36.7500","2013-02-28 23:00:00"
"30386","945","1","10","2013-02-18 00:00:00","2013-03-01 00:00:00","2013-02-18 00:00:00","2013-03-01 00:00:00","4.1000","92.2500","92.2500","2013-02-28 23:00:00"
"30386","945","6","50","2013-02-18 00:00:00","2013-03-01 00:00:00","2013-02-18 00:00:00","2013-03-01 00:00:00","3.0000","36.7500","36.7500","2013-02-28 23:00:00"
"30387","950","6","50","2013-02-18 00:00:00","2013-03-01 00:00:00","2013-02-18 00:00:00","2013-03-01 00:00:00","3.0000","36.7500","36.7500","2013-02-28 23:00:00"
"30388","994","6","50","2013-02-18 00:00:00","2013-03-01 00:00:00","2013-02-18 00:00:00","2013-03-01 00:00:00","3.0000","36.7500","36.7500","2013-02-28 23:00:00"
"30389","995","6","50","2013-02-18 00:00:00","2013-03-01 00:00:00","2013-02-18 00:00:00","2013-03-01 00:00:00","3.0000","36.7500","36.7500","2013-02-28 23:00:00"
"30390","996","6","50","2013-02-18 00:00:00","2013-03-01 00:00:00","2013-02-18 00:00:00","2013-03-01 00:00:00","3.0000","36.7500","36.7500","2013-02-28 23:00:00"
"30404","802","1","10","2013-02-18 00:00:00","2013-03-01 00:00:00","2013-02-18 00:00:00","2013-03-01 00:00:00","4.1000","92.2500","92.2500","2013-02-28 23:00:00"
"30404","802","6","50","2013-02-18 00:00:00","2013-03-01 00:00:00","2013-02-18 00:00:00","2013-03-01 00:00:00","3.0000","36.7500","36.7500","2013-02-28 23:00:00"
"30405","803","1","10","2013-02-18 00:00:00","2013-03-01 00:00:00","2013-02-18 00:00:00","2013-03-01 00:00:00","4.1000","92.2500","92.2500","2013-02-28 23:00:00"
"30405","803","6","50","2013-02-18 00:00:00","2013-03-01 00:00:00","2013-02-18 00:00:00","2013-03-01 00:00:00","3.0000","36.7500","36.7500","2013-02-28 23:00:00"
"30406","804","1","10","2013-02-18 00:00:00","2013-03-01 00:00:00","2013-02-18 00:00:00","2013-03-01 00:00:00","4.1000","92.2500","92.2500","2013-02-28 23:00:00"
"30406","804","6","50","2013-02-18 00:00:00","2013-03-01 00:00:00","2013-02-18 00:00:00","2013-03-01 00:00:00","3.0000","36.7500","36.7500","2013-02-28 23:00:00"
"30411","764","7","60","2013-02-19 00:00:00","2013-03-02 00:00:00","2013-03-04 00:00:00","2013-03-05 00:00:00","4.0000","49.0000","49.0000","2013-03-04 23:00:00"
"30412","768","7","60","2013-02-19 00:00:00","2013-03-02 00:00:00","2013-03-04 00:00:00","2013-03-05 00:00:00","4.0000","49.0000","49.0000","2013-03-04 23:00:00"
"30413","769","7","60","2013-02-19 00:00:00","2013-03-02 00:00:00","2013-03-04 00:00:00","2013-03-05 00:00:00","4.0000","49.0000","49.0000","2013-03-04 23:00:00"
"30414","770","7","60","2013-02-19 00:00:00","2013-03-02 00:00:00","2013-03-04 00:00:00","2013-03-05 00:00:00","4.0000","49.0000","49.0000","2013-03-04 23:00:00"
"30415","781","7","60","2013-02-19 00:00:00","2013-03-02 00:00:00","2013-03-04 00:00:00","2013-03-05 00:00:00","4.0000","49.0000","49.0000","2013-03-04 23:00:00"
"30416","783","7","60","2013-02-19 00:00:00","2013-03-02 00:00:00","2013-03-04 00:00:00","2013-03-05 00:00:00","4.0000","49.0000","49.0000","2013-03-04 23:00:00"
"30417","784","7","60","2013-02-19 00:00:00","2013-03-02 00:00:00","2013-03-04 00:00:00","2013-03-05 00:00:00","4.0000","49.0000","49.0000","2013-03-04 23:00:00"
"30418","789","7","60","2013-02-19 00:00:00","2013-03-02 00:00:00","2013-03-04 00:00:00","2013-03-05 00:00:00","4.0000","49.0000","49.0000","2013-03-04 23:00:00"
"30419","799","7","60","2013-02-19 00:00:00","2013-03-02 00:00:00","2013-03-04 00:00:00","2013-03-05 00:00:00","4.0000","49.0000","49.0000","2013-03-04 23:00:00"
"30420","800","7","60","2013-02-19 00:00:00","2013-03-02 00:00:00","2013-03-04 00:00:00","2013-03-05 00:00:00","4.0000","49.0000","49.0000","2013-03-04 23:00:00"
"30421","516","6","50","2013-02-19 00:00:00","2013-03-02 00:00:00","2013-03-04 00:00:00","2013-03-05 00:00:00","3.0000","36.7500","36.7500","2013-03-04 23:00:00"
"30421","516","7","60","2013-02-19 00:00:00","2013-03-02 00:00:00","2013-03-04 00:00:00","2013-03-05 00:00:00","4.0000","49.0000","49.0000","2013-03-04 23:00:00"
"30422","517","6","50","2013-02-19 00:00:00","2013-03-02 00:00:00","2013-03-04 00:00:00","2013-03-05 00:00:00","3.0000","36.7500","36.7500","2013-03-04 23:00:00"
"30422","517","7","60","2013-02-19 00:00:00","2013-03-02 00:00:00","2013-03-04 00:00:00","2013-03-05 00:00:00","4.0000","49.0000","49.0000","2013-03-04 23:00:00"
"30423","518","6","50","2013-02-19 00:00:00","2013-03-02 00:00:00","2013-03-04 00:00:00","2013-03-05 00:00:00","3.0000","36.7500","36.7500","2013-03-04 23:00:00"
"30423","518","7","60","2013-02-19 00:00:00","2013-03-02 00:00:00","2013-03-04 00:00:00","2013-03-05 00:00:00","4.0000","49.0000","49.0000","2013-03-04 23:00:00"
"30424","519","6","50","2013-02-19 00:00:00","2013-03-02 00:00:00","2013-03-04 00:00:00","2013-03-05 00:00:00","3.0000","36.7500","36.7500","2013-03-04 23:00:00"
"30424","519","7","60","2013-02-19 00:00:00","2013-03-02 00:00:00","2013-03-04 00:00:00","2013-03-05 00:00:00","4.0000","49.0000","49.0000","2013-03-04 23:00:00"
"30433","806","6","50","2013-02-19 00:00:00","2013-03-02 00:00:00","2013-03-04 00:00:00","2013-03-05 00:00:00","3.0000","36.7500","36.7500","2013-03-04 23:00:00"
"30434","810","1","10","2013-02-19 00:00:00","2013-03-02 00:00:00","2013-03-04 00:00:00","2013-03-05 00:00:00","4.1000","92.2500","92.2500","2013-03-04 23:00:00"
"30434","810","2","20","2013-02-19 00:00:00","2013-03-02 00:00:00","2013-03-04 00:00:00","2013-03-05 00:00:00","3.5000","87.5000","87.5000","2013-03-04 23:00:00"
"30434","810","6","50","2013-02-19 00:00:00","2013-03-02 00:00:00","2013-03-04 00:00:00","2013-03-05 00:00:00","3.0000","36.7500","36.7500","2013-03-04 23:00:00"
"30435","811","1","10","2013-02-19 00:00:00","2013-03-02 00:00:00","2013-03-04 00:00:00","2013-03-05 00:00:00","4.1000","92.2500","92.2500","2013-03-04 23:00:00"
"30435","811","2","20","2013-02-19 00:00:00","2013-03-02 00:00:00","2013-03-04 00:00:00","2013-03-05 00:00:00","3.5000","87.5000","87.5000","2013-03-04 23:00:00"
