"WorkOrderID","ProductID","OperationSequence","LocationID","ScheduledStartDate","ScheduledEndDate","ActualStartDate","ActualEndDate","ActualResourceHrs","PlannedCost","ActualCost","ModifiedDate"
"13373","753","7","60","2012-04-08 00:00:00","2012-04-19 00:00:00","2012-04-08 00:00:00","2012-04-30 00:00:00","4.0000","49.0000","49.0000","2012-04-29 22:00:00"
"13374","759","7","60","2012-04-08 00:00:00","2012-04-19 00:00:00","2012-04-08 00:00:00","2012-04-30 00:00:00","4.0000","49.0000","49.0000","2012-04-29 22:00:00"
"13375","772","7","60","2012-04-08 00:00:00","2012-04-19 00:00:00","2012-04-08 00:00:00","2012-04-30 00:00:00","4.0000","49.0000","49.0000","2012-04-29 22:00:00"
"13376","778","7","60","2012-04-08 00:00:00","2012-04-19 00:00:00","2012-04-08 00:00:00","2012-04-30 00:00:00","4.0000","49.0000","49.0000","2012-04-29 22:00:00"
"13377","516","6","50","2012-04-08 00:00:00","2012-04-19 00:00:00","2012-04-08 00:00:00","2012-04-30 00:00:00","3.0000","36.7500","36.7500","2012-04-29 22:00:00"
"13377","516","7","60","2012-04-08 00:00:00","2012-04-19 00:00:00","2012-04-08 00:00:00","2012-04-30 00:00:00","4.0000","49.0000","49.0000","2012-04-29 22:00:00"
"13378","517","6","50","2012-04-08 00:00:00","2012-04-19 00:00:00","2012-04-08 00:00:00","2012-04-30 00:00:00","3.0000","36.7500","36.7500","2012-04-29 22:00:00"
"13378","517","7","60","2012-04-08 00:00:00","2012-04-19 00:00:00","2012-04-08 00:00:00","2012-04-30 00:00:00","4.0000","49.0000","49.0000","2012-04-29 22:00:00"
"13379","519","6","50","2012-04-08 00:00:00","2012-04-19 00:00:00","2012-04-08 00:00:00","2012-04-30 00:00:00","3.0000","36.7500","36.7500","2012-04-29 22:00:00"
"13379","519","7","60","2012-04-08 00:00:00","2012-04-19 00:00:00","2012-04-08 00:00:00","2012-04-30 00:00:00","4.0000","49.0000","49.0000","2012-04-29 22:00:00"
"13385","806","6","50","2012-04-08 00:00:00","2012-04-19 00:00:00","2012-04-08 00:00:00","2012-04-30 00:00:00","3.0000","36.7500","36.7500","2012-04-29 22:00:00"
"13386","807","6","50","2012-04-08 00:00:00","2012-04-19 00:00:00","2012-04-08 00:00:00","2012-04-30 00:00:00","3.0000","36.7500","36.7500","2012-04-29 22:00:00"
"13387","810","1","10","2012-04-08 00:00:00","2012-04-19 00:00:00","2012-04-08 00:00:00","2012-04-30 00:00:00","4.1000","92.2500","92.2500","2012-04-29 22:00:00"
"13387","810","2","20","2012-04-08 00:00:00","2012-04-19 00:00:00","2012-04-08 00:00:00","2012-04-30 00:00:00","3.5000","87.5000","87.5000","2012-04-29 22:00:00"
"13387","810","6","50","2012-04-08 00:00:00","2012-04-19 00:00:00","2012-04-08 00:00:00","2012-04-30 00:00:00","3.0000","36.7500","36.7500","2012-04-29 22:00:00"
"13388","811","1","10","2012-04-08 00:00:00","2012-04-19 00:00:00","2012-04-08 00:00:00","2012-04-30 00:00:00","4.1000","92.2500","92.2500","2012-04-29 22:00:00"
"13388","811","2","20","2012-04-08 00:00:00","2012-04-19 00:00:00","2012-04-08 00:00:00","2012-04-30 00:00:00","3.5000","87.5000","87.5000","2012-04-29 22:00:00"
"13388","811","6","50","2012-04-08 00:00:00","2012-04-19 00:00:00","2012-04-08 00:00:00","2012-04-30 00:00:00","3.0000","36.7500","36.7500","2012-04-29 22:00:00"
"13389","813","1","10","2012-04-08 00:00:00","2012-04-19 00:00:00","2012-04-08 00:00:00","2012-04-30 00:00:00","4.1000","92.2500","92.2500","2012-04-29 22:00:00"
"13389","813","2","20","2012-04-08 00:00:00","2012-04-19 00:00:00","2012-04-08 00:00:00","2012-04-30 00:00:00","3.5000","87.5000","87.5000","2012-04-29 22:00:00"
"13389","813","6","50","2012-04-08 00:00:00","2012-04-19 00:00:00","2012-04-08 00:00:00","2012-04-30 00:00:00","3.0000","36.7500","36.7500","2012-04-29 22:00:00"
"13390","817","6","50","2012-04-08 00:00:00","2012-04-19 00:00:00","2012-04-08 00:00:00","2012-04-30 00:00:00","3.0000","36.7500","36.7500","2012-04-29 22:00:00"
"13391","818","6","50","2012-04-08 00:00:00","2012-04-19 00:00:00","2012-04-08 00:00:00","2012-04-30 00:00:00","3.0000","36.7500","36.7500","2012-04-29 22:00:00"
"13392","820","6","50","2012-04-08 00:00:00","2012-04-19 00:00:00","2012-04-08 00:00:00","2012-04-30 00:00:00","3.0000","36.7500","36.7500","2012-04-29 22:00:00"
"13393","825","6","50","2012-04-08 00:00:00","2012-04-19 00:00:00","2012-04-08 00:00:00","2012-04-30 00:00:00","3.0000","36.7500","36.7500","2012-04-29 22:00:00"
"13394","826","6","50","2012-04-08 00:00:00","2012-04-19 00:00:00","2012-04-08 00:00:00","2012-04-30 00:00:00","3.0000","36.7500","36.7500","2012-04-29 22:00:00"
"13395","828","6","50","2012-04-08 00:00:00","2012-04-19 00:00:00","2012-04-08 00:00:00","2012-04-30 00:00:00","3.0000","36.7500","36.7500","2012-04-29 22:00:00"
"13396","894","6","50","2012-04-08 00:00:00","2012-04-19 00:00:00","2012-04-08 00:00:00","2012-04-30 00:00:00","3.0000","36.7500","36.7500","2012-04-29 22:00:00"
"13397","945","1","10","2012-04-08 00:00:00","2012-04-19 00:00:00","2012-04-08 00:00:00","2012-04-30 00:00:00","4.1000","92.2500","92.2500","2012-04-29 22:00:00"
"13397","945","6","50","2012-04-08 00:00:00","2012-04-19 00:00:00","2012-04-08 00:00:00","2012-04-30 00:00:00","3.0000","36.7500","36.7500","2012-04-29 22:00:00"
"13398","950","6","50","2012-04-08 00:00:00","2012-04-19 00:00:00","2012-04-08 00:00:00","2012-04-30 00:00:00","3.0000","36.7500","36.7500","2012-04-29 22:00:00"
"13399","951","6","50","2012-04-08 00:00:00","2012-04-19 00:00:00","2012-04-08 00:00:00","2012-04-30 00:00:00","3.0000","36.7500","36.7500","2012-04-29 22:00:00"
"13400","994","6","50","2012-04-08 00:00:00","2012-04-19 00:00:00","2012-04-08 00:00:00","2012-04-30 00:00:00","3.0000","36.7500","36.7500","2012-04-29 22:00:00"
"13401","996","6","50","2012-04-08 00:00:00","2012-04-19 00:00:00","2012-04-08 00:00:00","2012-04-30 00:00:00","3.0000","36.7500","36.7500","2012-04-29 22:00:00"
"13415","802","1","10","2012-04-08 00:00:00","2012-04-19 00:00:00","2012-04-08 00:00:00","2012-04-30 00:00:00","4.1000","92.2500","92.2500","2012-04-29 22:00:00"
"13415","802","6","50","2012-04-08 00:00:00","2012-04-19 00:00:00","2012-04-08 00:00:00","2012-04-30 00:00:00","3.0000","36.7500","36.7500","2012-04-29 22:00:00"
"13416","804","1","10","2012-04-08 00:00:00","2012-04-19 00:00:00","2012-04-08 00:00:00","2012-04-30 00:00:00","4.1000","92.2500","92.2500","2012-04-29 22:00:00"
"13416","804","6","50","2012-04-08 00:00:00","2012-04-19 00:00:00","2012-04-08 00:00:00","2012-04-30 00:00:00","3.0000","36.7500","36.7500","2012-04-29 22:00:00"
"13421","749","7","60","2012-04-09 00:00:00","2012-04-20 00:00:00","2012-04-10 00:00:00","2012-04-20 00:00:00","4.0000","49.0000","49.0000","2012-04-19 22:00:00"
"13422","750","7","60","2012-04-09 00:00:00","2012-04-20 00:00:00","2012-04-10 00:00:00","2012-04-20 00:00:00","4.0000","49.0000","49.0000","2012-04-19 22:00:00"
"13423","751","7","60","2012-04-09 00:00:00","2012-04-20 00:00:00","2012-04-10 00:00:00","2012-04-20 00:00:00","4.0000","49.0000","49.0000","2012-04-19 22:00:00"
"13424","752","7","60","2012-04-09 00:00:00","2012-04-20 00:00:00","2012-04-10 00:00:00","2012-04-20 00:00:00","4.0000","49.0000","49.0000","2012-04-19 22:00:00"
"13425","766","7","60","2012-04-09 00:00:00","2012-04-20 00:00:00","2012-04-10 00:00:00","2012-04-20 00:00:00","4.0000","49.0000","49.0000","2012-04-19 22:00:00"
"13426","774","7","60","2012-04-09 00:00:00","2012-04-20 00:00:00","2012-04-10 00:00:00","2012-04-20 00:00:00","4.0000","49.0000","49.0000","2012-04-19 22:00:00"
"13427","778","7","60","2012-04-09 00:00:00","2012-04-20 00:00:00","2012-04-10 00:00:00","2012-04-20 00:00:00","4.0000","49.0000","49.0000","2012-04-19 22:00:00"
"13428","516","6","50","2012-04-09 00:00:00","2012-04-20 00:00:00","2012-04-10 00:00:00","2012-04-20 00:00:00","3.0000","36.7500","36.7500","2012-04-19 22:00:00"
"13428","516","7","60","2012-04-09 00:00:00","2012-04-20 00:00:00","2012-04-10 00:00:00","2012-04-20 00:00:00","4.0000","49.0000","49.0000","2012-04-19 22:00:00"
"13429","517","6","50","2012-04-09 00:00:00","2012-04-20 00:00:00","2012-04-10 00:00:00","2012-04-20 00:00:00","3.0000","36.7500","36.7500","2012-04-19 22:00:00"
"13429","517","7","60","2012-04-09 00:00:00","2012-04-20 00:00:00","2012-04-10 00:00:00","2012-04-20 00:00:00","4.0000","49.0000","49.0000","2012-04-19 22:00:00"
"13430","519","6","50","2012-04-09 00:00:00","2012-04-20 00:00:00","2012-04-10 00:00:00","2012-04-20 00:00:00","3.0000","36.7500","36.7500","2012-04-19 22:00:00"
"13430","519","7","60","2012-04-09 00:00:00","2012-04-20 00:00:00","2012-04-10 00:00:00","2012-04-20 00:00:00","4.0000","49.0000","49.0000","2012-04-19 22:00:00"
"13438","806","6","50","2012-04-09 00:00:00","2012-04-20 00:00:00","2012-04-10 00:00:00","2012-04-20 00:00:00","3.0000","36.7500","36.7500","2012-04-19 22:00:00"
"13439","807","6","50","2012-04-09 00:00:00","2012-04-20 00:00:00","2012-04-10 00:00:00","2012-04-20 00:00:00","3.0000","36.7500","36.7500","2012-04-19 22:00:00"
"13440","810","1","10","2012-04-09 00:00:00","2012-04-20 00:00:00","2012-04-10 00:00:00","2012-04-20 00:00:00","4.1000","92.2500","92.2500","2012-04-19 22:00:00"
"13440","810","2","20","2012-04-09 00:00:00","2012-04-20 00:00:00","2012-04-10 00:00:00","2012-04-20 00:00:00","3.5000","87.5000","87.5000","2012-04-19 22:00:00"
"13440","810","6","50","2012-04-09 00:00:00","2012-04-20 00:00:00","2012-04-10 00:00:00","2012-04-20 00:00:00","3.0000","36.7500","36.7500","2012-04-19 22:00:00"
"13441","811","1","10","2012-04-09 00:00:00","2012-04-20 00:00:00","2012-04-10 00:00:00","2012-04-20 00:00:00","4.1000","92.2500","92.2500","2012-04-19 22:00:00"
"13441","811","2","20","2012-04-09 00:00:00","2012-04-20 00:00:00","2012-04-10 00:00:00","2012-04-20 00:00:00","3.5000","87.5000","87.5000","2012-04-19 22:00:00"
"13441","811","6","50","2012-04-09 00:00:00","2012-04-20 00:00:00","2012-04-10 00:00:00","2012-04-20 00:00:00","3.0000","36.7500","36.7500","2012-04-19 22:00:00"
"13442","813","1","10","2012-04-09 00:00:00","2012-04-20 00:00:00","2012-04-10 00:00:00","2012-04-20 00:00:00","4.1000","92.2500","92.2500","2012-04-19 22:00:00"
"13442","813","2","20","2012-04-09 00:00:00","2012-04-20 00:00:00","2012-04-10 00:00:00","2012-04-20 00:00:00","3.5000","87.5000","87.5000","2012-04-19 22:00:00"
"13442","813","6","50","2012-04-09 00:00:00","2012-04-20 00:00:00","2012-04-10 00:00:00","2012-04-20 00:00:00","3.0000","36.7500","36.7500","2012-04-19 22:00:00"
"13443","817","6","50","2012-04-09 00:00:00","2012-04-20 00:00:00","2012-04-10 00:00:00","2012-04-20 00:00:00","3.0000","36.7500","36.7500","2012-04-19 22:00:00"
"13444","818","6","50","2012-04-09 00:00:00","2012-04-20 00:00:00","2012-04-10 00:00:00","2012-04-20 00:00:00","3.0000","36.7500","36.7500","2012-04-19 22:00:00"
"13445","820","6","50","2012-04-09 00:00:00","2012-04-20 00:00:00","2012-04-10 00:00:00","2012-04-20 00:00:00","3.0000","36.7500","36.7500","2012-04-19 22:00:00"
"13446","825","6","50","2012-04-09 00:00:00","2012-04-20 00:00:00","2012-04-10 00:00:00","2012-04-20 00:00:00","3.0000","36.7500","36.7500","2012-04-19 22:00:00"
"13447","826","6","50","2012-04-09 00:00:00","2012-04-20 00:00:00","2012-04-10 00:00:00","2012-04-20 00:00:00","3.0000","36.7500","36.7500","2012-04-19 22:00:00"
"13448","828","6","50","2012-04-09 00:00:00","2012-04-20 00:00:00","2012-04-10 00:00:00","2012-04-20 00:00:00","3.0000","36.7500","36.7500","2012-04-19 22:00:00"
"13449","894","6","50","2012-04-09 00:00:00","2012-04-20 00:00:00","2012-04-10 00:00:00","2012-04-20 00:00:00","3.0000","36.7500","36.7500","2012-04-19 22:00:00"
"13450","945","1","10","2012-04-09 00:00:00","2012-04-20 00:00:00","2012-04-10 00:00:00","2012-04-20 00:00:00","4.1000","92.2500","92.2500","2012-04-19 22:00:00"
"13450","945","6","50","2012-04-09 00:00:00","2012-04-20 00:00:00","2012-04-10 00:00:00","2012-04-20 00:00:00","3.0000","36.7500","36.7500","2012-04-19 22:00:00"
"13451","950","6","50","2012-04-09 00:00:00","2012-04-20 00:00:00","2012-04-10 00:00:00","2012-04-20 00:00:00","3.0000","36.7500","36.7500","2012-04-19 22:00:00"
"13452","951","6","50","2012-04-09 00:00:00","2012-04-20 00:00:00","2012-04-10 00:00:00","2012-04-20 00:00:00","3.0000","36.7500","36.7500","2012-04-19 22:00:00"
"13453","994","6","50","2012-04-09 00:00:00","2012-04-20 00:00:00","2012-04-10 00:00:00","2012-04-20 00:00:00","3.0000","36.7500","36.7500","2012-04-19 22:00:00"
"13454","996","6","50","2012-04-09 00:00:00","2012-04-20 00:00:00","2012-04-10 00:00:00","2012-04-20 00:00:00","3.0000","36.7500","36.7500","2012-04-19 22:00:00"
"13468","802","1","10","2012-04-09 00:00:00","2012-04-20 00:00:00","2012-04-10 00:00:00","2012-04-20 00:00:00","4.1000","92.2500","92.2500","2012-04-19 22:00:00"
"13468","802","6","50","2012-04-09 00:00:00","2012-04-20 00:00:00","2012-04-10 00:00:00","2012-04-20 00:00:00","3.0000","36.7500","36.7500","2012-04-19 22:00:00"
"13469","804","1","10","2012-04-09 00:00:00","2012-04-20 00:00:00","2012-04-10 00:00:00","2012-04-20 00:00:00","4.1000","92.2500","92.2500","2012-04-19 22:00:00"
"13469","804","6","50","2012-04-09 00:00:00","2012-04-20 00:00:00","2012-04-10 00:00:00","2012-04-20 00:00:00","3.0000","36.7500","36.7500","2012-04-19 22:00:00"
"13474","749","7","60","2012-04-10 00:00:00","2012-04-21 00:00:00","2012-04-10 00:00:00","2012-05-04 00:00:00","4.0000","49.0000","49.0000","2012-05-03 22:00:00"
"13475","750","7","60","2012-04-10 00:00:00","2012-04-21 00:00:00","2012-04-10 00:00:00","2012-05-04 00:00:00","4.0000","49.0000","49.0000","2012-05-03 22:00:00"
"13476","751","7","60","2012-04-10 00:00:00","2012-04-21 00:00:00","2012-04-10 00:00:00","2012-05-04 00:00:00","4.0000","49.0000","49.0000","2012-05-03 22:00:00"
"13477","776","7","60","2012-04-10 00:00:00","2012-04-21 00:00:00","2012-04-10 00:00:00","2012-05-04 00:00:00","4.0000","49.0000","49.0000","2012-05-03 22:00:00"
"13478","516","6","50","2012-04-10 00:00:00","2012-04-21 00:00:00","2012-04-10 00:00:00","2012-05-04 00:00:00","3.0000","36.7500","36.7500","2012-05-03 22:00:00"
"13478","516","7","60","2012-04-10 00:00:00","2012-04-21 00:00:00","2012-04-10 00:00:00","2012-05-04 00:00:00","4.0000","49.0000","49.0000","2012-05-03 22:00:00"
"13479","519","6","50","2012-04-10 00:00:00","2012-04-21 00:00:00","2012-04-10 00:00:00","2012-05-04 00:00:00","3.0000","36.7500","36.7500","2012-05-03 22:00:00"
"13479","519","7","60","2012-04-10 00:00:00","2012-04-21 00:00:00","2012-04-10 00:00:00","2012-05-04 00:00:00","4.0000","49.0000","49.0000","2012-05-03 22:00:00"
"13484","807","6","50","2012-04-10 00:00:00","2012-04-21 00:00:00","2012-04-10 00:00:00","2012-05-04 00:00:00","3.0000","36.7500","36.7500","2012-05-03 22:00:00"
"13485","810","1","10","2012-04-10 00:00:00","2012-04-21 00:00:00","2012-04-10 00:00:00","2012-05-04 00:00:00","4.1000","92.2500","92.2500","2012-05-03 22:00:00"
"13485","810","2","20","2012-04-10 00:00:00","2012-04-21 00:00:00","2012-04-10 00:00:00","2012-05-04 00:00:00","3.5000","87.5000","87.5000","2012-05-03 22:00:00"
"13485","810","6","50","2012-04-10 00:00:00","2012-04-21 00:00:00","2012-04-10 00:00:00","2012-05-04 00:00:00","3.0000","36.7500","36.7500","2012-05-03 22:00:00"
"13486","813","1","10","2012-04-10 00:00:00","2012-04-21 00:00:00","2012-04-10 00:00:00","2012-05-04 00:00:00","4.1000","92.2500","92.2500","2012-05-03 22:00:00"
"13486","813","2","20","2012-04-10 00:00:00","2012-04-21 00:00:00","2012-04-10 00:00:00","2012-05-04 00:00:00","3.5000","87.5000","87.5000","2012-05-03 22:00:00"
"13486","813","6","50","2012-04-10 00:00:00","2012-04-21 00:00:00","2012-04-10 00:00:00","2012-05-04 00:00:00","3.0000","36.7500","36.7500","2012-05-03 22:00:00"
"13487","817","6","50","2012-04-10 00:00:00","2012-04-21 00:00:00","2012-04-10 00:00:00","2012-05-04 00:00:00","3.0000","36.7500","36.7500","2012-05-03 22:00:00"
"13488","820","6","50","2012-04-10 00:00:00","2012-04-21 00:00:00","2012-04-10 00:00:00","2012-05-04 00:00:00","3.0000","36.7500","36.7500","2012-05-03 22:00:00"
"13489","825","6","50","2012-04-10 00:00:00","2012-04-21 00:00:00","2012-04-10 00:00:00","2012-05-04 00:00:00","3.0000","36.7500","36.7500","2012-05-03 22:00:00"
"13490","828","6","50","2012-04-10 00:00:00","2012-04-21 00:00:00","2012-04-10 00:00:00","2012-05-04 00:00:00","3.0000","36.7500","36.7500","2012-05-03 22:00:00"
"13491","894","6","50","2012-04-10 00:00:00","2012-04-21 00:00:00","2012-04-10 00:00:00","2012-05-04 00:00:00","3.0000","36.7500","36.7500","2012-05-03 22:00:00"
"13492","945","1","10","2012-04-10 00:00:00","2012-04-21 00:00:00","2012-04-10 00:00:00","2012-05-04 00:00:00","4.1000","92.2500","92.2500","2012-05-03 22:00:00"
"13492","945","6","50","2012-04-10 00:00:00","2012-04-21 00:00:00","2012-04-10 00:00:00","2012-05-04 00:00:00","3.0000","36.7500","36.7500","2012-05-03 22:00:00"
"13493","951","6","50","2012-04-10 00:00:00","2012-04-21 00:00:00","2012-04-10 00:00:00","2012-05-04 00:00:00","3.0000","36.7500","36.7500","2012-05-03 22:00:00"
"13494","996","6","50","2012-04-10 00:00:00","2012-04-21 00:00:00","2012-04-10 00:00:00","2012-05-04 00:00:00","3.0000","36.7500","36.7500","2012-05-03 22:00:00"
"13507","804","1","10","2012-04-10 00:00:00","2012-04-21 00:00:00","2012-04-10 00:00:00","2012-05-04 00:00:00","4.1000","92.2500","92.2500","2012-05-03 22:00:00"
"13507","804","6","50","2012-04-10 00:00:00","2012-04-21 00:00:00","2012-04-10 00:00:00","2012-05-04 00:00:00","3.0000","36.7500","36.7500","2012-05-03 22:00:00"
"13512","751","7","60","2012-04-11 00:00:00","2012-04-22 00:00:00","2012-04-14 00:00:00","2012-04-22 00:00:00","4.0000","49.0000","49.0000","2012-04-21 22:00:00"
"13513","766","7","60","2012-04-11 00:00:00","2012-04-22 00:00:00","2012-04-14 00:00:00","2012-04-22 00:00:00","4.0000","49.0000","49.0000","2012-04-21 22:00:00"
"13514","776","7","60","2012-04-11 00:00:00","2012-04-22 00:00:00","2012-04-14 00:00:00","2012-04-22 00:00:00","4.0000","49.0000","49.0000","2012-04-21 22:00:00"
"13515","516","6","50","2012-04-11 00:00:00","2012-04-22 00:00:00","2012-04-14 00:00:00","2012-04-22 00:00:00","3.0000","36.7500","36.7500","2012-04-21 22:00:00"
"13515","516","7","60","2012-04-11 00:00:00","2012-04-22 00:00:00","2012-04-14 00:00:00","2012-04-22 00:00:00","4.0000","49.0000","49.0000","2012-04-21 22:00:00"
"13516","517","6","50","2012-04-11 00:00:00","2012-04-22 00:00:00","2012-04-14 00:00:00","2012-04-22 00:00:00","3.0000","36.7500","36.7500","2012-04-21 22:00:00"
"13516","517","7","60","2012-04-11 00:00:00","2012-04-22 00:00:00","2012-04-14 00:00:00","2012-04-22 00:00:00","4.0000","49.0000","49.0000","2012-04-21 22:00:00"
"13517","519","6","50","2012-04-11 00:00:00","2012-04-22 00:00:00","2012-04-14 00:00:00","2012-04-22 00:00:00","3.0000","36.7500","36.7500","2012-04-21 22:00:00"
"13517","519","7","60","2012-04-11 00:00:00","2012-04-22 00:00:00","2012-04-14 00:00:00","2012-04-22 00:00:00","4.0000","49.0000","49.0000","2012-04-21 22:00:00"
"13521","806","6","50","2012-04-11 00:00:00","2012-04-22 00:00:00","2012-04-14 00:00:00","2012-04-22 00:00:00","3.0000","36.7500","36.7500","2012-04-21 22:00:00"
"13522","807","6","50","2012-04-11 00:00:00","2012-04-22 00:00:00","2012-04-14 00:00:00","2012-04-22 00:00:00","3.0000","36.7500","36.7500","2012-04-21 22:00:00"
"13523","810","1","10","2012-04-11 00:00:00","2012-04-22 00:00:00","2012-04-14 00:00:00","2012-04-22 00:00:00","4.1000","92.2500","92.2500","2012-04-21 22:00:00"
"13523","810","2","20","2012-04-11 00:00:00","2012-04-22 00:00:00","2012-04-14 00:00:00","2012-04-22 00:00:00","3.5000","87.5000","87.5000","2012-04-21 22:00:00"
"13523","810","6","50","2012-04-11 00:00:00","2012-04-22 00:00:00","2012-04-14 00:00:00","2012-04-22 00:00:00","3.0000","36.7500","36.7500","2012-04-21 22:00:00"
"13524","811","1","10","2012-04-11 00:00:00","2012-04-22 00:00:00","2012-04-14 00:00:00","2012-04-22 00:00:00","4.1000","92.2500","92.2500","2012-04-21 22:00:00"
"13524","811","2","20","2012-04-11 00:00:00","2012-04-22 00:00:00","2012-04-14 00:00:00","2012-04-22 00:00:00","3.5000","87.5000","87.5000","2012-04-21 22:00:00"
"13524","811","6","50","2012-04-11 00:00:00","2012-04-22 00:00:00","2012-04-14 00:00:00","2012-04-22 00:00:00","3.0000","36.7500","36.7500","2012-04-21 22:00:00"
"13525","813","1","10","2012-04-11 00:00:00","2012-04-22 00:00:00","2012-04-14 00:00:00","2012-04-22 00:00:00","4.1000","92.2500","92.2500","2012-04-21 22:00:00"
"13525","813","2","20","2012-04-11 00:00:00","2012-04-22 00:00:00","2012-04-14 00:00:00","2012-04-22 00:00:00","3.5000","87.5000","87.5000","2012-04-21 22:00:00"
"13525","813","6","50","2012-04-11 00:00:00","2012-04-22 00:00:00","2012-04-14 00:00:00","2012-04-22 00:00:00","3.0000","36.7500","36.7500","2012-04-21 22:00:00"
"13526","817","6","50","2012-04-11 00:00:00","2012-04-22 00:00:00","2012-04-14 00:00:00","2012-04-22 00:00:00","3.0000","36.7500","36.7500","2012-04-21 22:00:00"
"13527","818","6","50","2012-04-11 00:00:00","2012-04-22 00:00:00","2012-04-14 00:00:00","2012-04-22 00:00:00","3.0000","36.7500","36.7500","2012-04-21 22:00:00"
"13528","820","6","50","2012-04-11 00:00:00","2012-04-22 00:00:00","2012-04-14 00:00:00","2012-04-22 00:00:00","3.0000","36.7500","36.7500","2012-04-21 22:00:00"
"13529","825","6","50","2012-04-11 00:00:00","2012-04-22 00:00:00","2012-04-14 00:00:00","2012-04-22 00:00:00","3.0000","36.7500","36.7500","2012-04-21 22:00:00"
"13530","826","6","50","2012-04-11 00:00:00","2012-04-22 00:00:00","2012-04-14 00:00:00","2012-04-22 00:00:00","3.0000","36.7500","36.7500","2012-04-21 22:00:00"
"13531","828","6","50","2012-04-11 00:00:00","2012-04-22 00:00:00","2012-04-14 00:00:00","2012-04-22 00:00:00","3.0000","36.7500","36.7500","2012-04-21 22:00:00"
"13532","894","6","50","2012-04-11 00:00:00","2012-04-22 00:00:00","2012-04-14 00:00:00","2012-04-22 00:00:00","3.0000","36.7500","36.7500","2012-04-21 22:00:00"
"13533","945","1","10","2012-04-11 00:00:00","2012-04-22 00:00:00","2012-04-14 00:00:00","2012-04-22 00:00:00","4.1000","92.2500","92.2500","2012-04-21 22:00:00"
"13533","945","6","50","2012-04-11 00:00:00","2012-04-22 00:00:00","2012-04-14 00:00:00","2012-04-22 00:00:00","3.0000","36.7500","36.7500","2012-04-21 22:00:00"
"13534","950","6","50","2012-04-11 00:00:00","2012-04-22 00:00:00","2012-04-14 00:00:00","2012-04-22 00:00:00","3.0000","36.7500","36.7500","2012-04-21 22:00:00"
"13535","951","6","50","2012-04-11 00:00:00","2012-04-22 00:00:00","2012-04-14 00:00:00","2012-04-22 00:00:00","3.0000","36.7500","36.7500","2012-04-21 22:00:00"
"13536","994","6","50","2012-04-11 00:00:00","2012-04-22 00:00:00","2012-04-14 00:00:00","2012-04-22 00:00:00","3.0000","36.7500","36.7500","2012-04-21 22:00:00"
"13537","996","6","50","2012-04-11 00:00:00","2012-04-22 00:00:00","2012-04-14 00:00:00","2012-04-22 00:00:00","3.0000","36.7500","36.7500","2012-04-21 22:00:00"
"13551","802","1","10","2012-04-11 00:00:00","2012-04-22 00:00:00","2012-04-14 00:00:00","2012-04-22 00:00:00","4.1000","92.2500","92.2500","2012-04-21 22:00:00"
"13551","802","6","50","2012-04-11 00:00:00","2012-04-22 00:00:00","2012-04-14 00:00:00","2012-04-22 00:00:00","3.0000","36.7500","36.7500","2012-04-21 22:00:00"
"13552","804","1","10","2012-04-11 00:00:00","2012-04-22 00:00:00","2012-04-14 00:00:00","2012-04-22 00:00:00","4.1000","92.2500","92.2500","2012-04-21 22:00:00"
"13552","804","6","50","2012-04-11 00:00:00","2012-04-22 00:00:00","2012-04-14 00:00:00","2012-04-22 00:00:00","3.0000","36.7500","36.7500","2012-04-21 22:00:00"
"13557","749","7","60","2012-04-12 00:00:00","2012-04-23 00:00:00","2012-04-12 00:00:00","2012-05-08 00:00:00","4.0000","49.0000","49.0000","2012-05-07 22:00:00"
"13558","752","7","60","2012-04-12 00:00:00","2012-04-23 00:00:00","2012-04-12 00:00:00","2012-05-08 00:00:00","4.0000","49.0000","49.0000","2012-05-07 22:00:00"
"13559","773","7","60","2012-04-12 00:00:00","2012-04-23 00:00:00","2012-04-12 00:00:00","2012-05-08 00:00:00","4.0000","49.0000","49.0000","2012-05-07 22:00:00"
"13560","775","7","60","2012-04-12 00:00:00","2012-04-23 00:00:00","2012-04-12 00:00:00","2012-05-08 00:00:00","4.0000","49.0000","49.0000","2012-05-07 22:00:00"
"13561","516","6","50","2012-04-12 00:00:00","2012-04-23 00:00:00","2012-04-12 00:00:00","2012-05-08 00:00:00","3.0000","36.7500","36.7500","2012-05-07 22:00:00"
"13561","516","7","60","2012-04-12 00:00:00","2012-04-23 00:00:00","2012-04-12 00:00:00","2012-05-08 00:00:00","4.0000","49.0000","49.0000","2012-05-07 22:00:00"
"13562","519","6","50","2012-04-12 00:00:00","2012-04-23 00:00:00","2012-04-12 00:00:00","2012-05-08 00:00:00","3.0000","36.7500","36.7500","2012-05-07 22:00:00"
"13562","519","7","60","2012-04-12 00:00:00","2012-04-23 00:00:00","2012-04-12 00:00:00","2012-05-08 00:00:00","4.0000","49.0000","49.0000","2012-05-07 22:00:00"
"13566","747","1","10","2012-04-12 00:00:00","2012-04-23 00:00:00","2012-04-12 00:00:00","2012-05-08 00:00:00","4.1000","92.2500","92.2500","2012-05-07 22:00:00"
"13566","747","2","20","2012-04-12 00:00:00","2012-04-23 00:00:00","2012-04-12 00:00:00","2012-05-08 00:00:00","3.5000","87.5000","87.5000","2012-05-07 22:00:00"
"13566","747","3","30","2012-04-12 00:00:00","2012-04-23 00:00:00","2012-04-12 00:00:00","2012-05-08 00:00:00","1.0000","14.5000","14.5000","2012-05-07 22:00:00"
"13566","747","4","40","2012-04-12 00:00:00","2012-04-23 00:00:00","2012-04-12 00:00:00","2012-05-08 00:00:00","2.0000","31.5000","31.5000","2012-05-07 22:00:00"
"13566","747","6","50","2012-04-12 00:00:00","2012-04-23 00:00:00","2012-04-12 00:00:00","2012-05-08 00:00:00","3.0000","36.7500","36.7500","2012-05-07 22:00:00"
"13566","747","7","60","2012-04-12 00:00:00","2012-04-23 00:00:00","2012-04-12 00:00:00","2012-05-08 00:00:00","4.0000","49.0000","49.0000","2012-05-07 22:00:00"
"13567","807","6","50","2012-04-12 00:00:00","2012-04-23 00:00:00","2012-04-12 00:00:00","2012-05-08 00:00:00","3.0000","36.7500","36.7500","2012-05-07 22:00:00"
"13568","810","1","10","2012-04-12 00:00:00","2012-04-23 00:00:00","2012-04-12 00:00:00","2012-05-08 00:00:00","4.1000","92.2500","92.2500","2012-05-07 22:00:00"
"13568","810","2","20","2012-04-12 00:00:00","2012-04-23 00:00:00","2012-04-12 00:00:00","2012-05-08 00:00:00","3.5000","87.5000","87.5000","2012-05-07 22:00:00"
"13568","810","6","50","2012-04-12 00:00:00","2012-04-23 00:00:00","2012-04-12 00:00:00","2012-05-08 00:00:00","3.0000","36.7500","36.7500","2012-05-07 22:00:00"
"13569","813","1","10","2012-04-12 00:00:00","2012-04-23 00:00:00","2012-04-12 00:00:00","2012-05-08 00:00:00","4.1000","92.2500","92.2500","2012-05-07 22:00:00"
"13569","813","2","20","2012-04-12 00:00:00","2012-04-23 00:00:00","2012-04-12 00:00:00","2012-05-08 00:00:00","3.5000","87.5000","87.5000","2012-05-07 22:00:00"
"13569","813","6","50","2012-04-12 00:00:00","2012-04-23 00:00:00","2012-04-12 00:00:00","2012-05-08 00:00:00","3.0000","36.7500","36.7500","2012-05-07 22:00:00"
"13570","817","6","50","2012-04-12 00:00:00","2012-04-23 00:00:00","2012-04-12 00:00:00","2012-05-08 00:00:00","3.0000","36.7500","36.7500","2012-05-07 22:00:00"
"13571","820","6","50","2012-04-12 00:00:00","2012-04-23 00:00:00","2012-04-12 00:00:00","2012-05-08 00:00:00","3.0000","36.7500","36.7500","2012-05-07 22:00:00"
"13572","825","6","50","2012-04-12 00:00:00","2012-04-23 00:00:00","2012-04-12 00:00:00","2012-05-08 00:00:00","3.0000","36.7500","36.7500","2012-05-07 22:00:00"
"13573","828","6","50","2012-04-12 00:00:00","2012-04-23 00:00:00","2012-04-12 00:00:00","2012-05-08 00:00:00","3.0000","36.7500","36.7500","2012-05-07 22:00:00"
"13574","894","6","50","2012-04-12 00:00:00","2012-04-23 00:00:00","2012-04-12 00:00:00","2012-05-08 00:00:00","3.0000","36.7500","36.7500","2012-05-07 22:00:00"
"13575","945","1","10","2012-04-12 00:00:00","2012-04-23 00:00:00","2012-04-12 00:00:00","2012-05-08 00:00:00","4.1000","92.2500","92.2500","2012-05-07 22:00:00"
"13575","945","6","50","2012-04-12 00:00:00","2012-04-23 00:00:00","2012-04-12 00:00:00","2012-05-08 00:00:00","3.0000","36.7500","36.7500","2012-05-07 22:00:00"
"13576","951","6","50","2012-04-12 00:00:00","2012-04-23 00:00:00","2012-04-12 00:00:00","2012-05-08 00:00:00","3.0000","36.7500","36.7500","2012-05-07 22:00:00"
"13577","996","6","50","2012-04-12 00:00:00","2012-04-23 00:00:00","2012-04-12 00:00:00","2012-05-08 00:00:00","3.0000","36.7500","36.7500","2012-05-07 22:00:00"
"13590","804","1","10","2012-04-12 00:00:00","2012-04-23 00:00:00","2012-04-12 00:00:00","2012-05-08 00:00:00","4.1000","92.2500","92.2500","2012-05-07 22:00:00"
"13590","804","6","50","2012-04-12 00:00:00","2012-04-23 00:00:00","2012-04-12 00:00:00","2012-05-08 00:00:00","3.0000","36.7500","36.7500","2012-05-07 22:00:00"
"13595","749","7","60","2012-04-13 00:00:00","2012-04-24 00:00:00","2012-04-18 00:00:00","2012-04-24 00:00:00","4.0000","49.0000","49.0000","2012-04-23 22:00:00"
"13596","750","7","60","2012-04-13 00:00:00","2012-04-24 00:00:00","2012-04-18 00:00:00","2012-04-24 00:00:00","4.0000","49.0000","49.0000","2012-04-23 22:00:00"
"13597","751","7","60","2012-04-13 00:00:00","2012-04-24 00:00:00","2012-04-18 00:00:00","2012-04-24 00:00:00","4.0000","49.0000","49.0000","2012-04-23 22:00:00"
"13598","752","7","60","2012-04-13 00:00:00","2012-04-24 00:00:00","2012-04-18 00:00:00","2012-04-24 00:00:00","4.0000","49.0000","49.0000","2012-04-23 22:00:00"
"13599","753","7","60","2012-04-13 00:00:00","2012-04-24 00:00:00","2012-04-18 00:00:00","2012-04-24 00:00:00","4.0000","49.0000","49.0000","2012-04-23 22:00:00"
"13600","778","7","60","2012-04-13 00:00:00","2012-04-24 00:00:00","2012-04-18 00:00:00","2012-04-24 00:00:00","4.0000","49.0000","49.0000","2012-04-23 22:00:00"
"13601","516","6","50","2012-04-13 00:00:00","2012-04-24 00:00:00","2012-04-18 00:00:00","2012-04-24 00:00:00","3.0000","36.7500","36.7500","2012-04-23 22:00:00"
"13601","516","7","60","2012-04-13 00:00:00","2012-04-24 00:00:00","2012-04-18 00:00:00","2012-04-24 00:00:00","4.0000","49.0000","49.0000","2012-04-23 22:00:00"
"13602","519","6","50","2012-04-13 00:00:00","2012-04-24 00:00:00","2012-04-18 00:00:00","2012-04-24 00:00:00","3.0000","36.7500","36.7500","2012-04-23 22:00:00"
"13602","519","7","60","2012-04-13 00:00:00","2012-04-24 00:00:00","2012-04-18 00:00:00","2012-04-24 00:00:00","4.0000","49.0000","49.0000","2012-04-23 22:00:00"
"13609","807","6","50","2012-04-13 00:00:00","2012-04-24 00:00:00","2012-04-18 00:00:00","2012-04-24 00:00:00","3.0000","36.7500","36.7500","2012-04-23 22:00:00"
"13610","810","1","10","2012-04-13 00:00:00","2012-04-24 00:00:00","2012-04-18 00:00:00","2012-04-24 00:00:00","4.1000","92.2500","92.2500","2012-04-23 22:00:00"
"13610","810","2","20","2012-04-13 00:00:00","2012-04-24 00:00:00","2012-04-18 00:00:00","2012-04-24 00:00:00","3.5000","87.5000","87.5000","2012-04-23 22:00:00"
"13610","810","6","50","2012-04-13 00:00:00","2012-04-24 00:00:00","2012-04-18 00:00:00","2012-04-24 00:00:00","3.0000","36.7500","36.7500","2012-04-23 22:00:00"
"13611","813","1","10","2012-04-13 00:00:00","2012-04-24 00:00:00","2012-04-18 00:00:00","2012-04-24 00:00:00","4.1000","92.2500","92.2500","2012-04-23 22:00:00"
"13611","813","2","20","2012-04-13 00:00:00","2012-04-24 00:00:00","2012-04-18 00:00:00","2012-04-24 00:00:00","3.5000","87.5000","87.5000","2012-04-23 22:00:00"
"13611","813","6","50","2012-04-13 00:00:00","2012-04-24 00:00:00","2012-04-18 00:00:00","2012-04-24 00:00:00","3.0000","36.7500","36.7500","2012-04-23 22:00:00"
"13612","817","6","50","2012-04-13 00:00:00","2012-04-24 00:00:00","2012-04-18 00:00:00","2012-04-24 00:00:00","3.0000","36.7500","36.7500","2012-04-23 22:00:00"
"13613","820","6","50","2012-04-13 00:00:00","2012-04-24 00:00:00","2012-04-18 00:00:00","2012-04-24 00:00:00","3.0000","36.7500","36.7500","2012-04-23 22:00:00"
"13614","825","6","50","2012-04-13 00:00:00","2012-04-24 00:00:00","2012-04-18 00:00:00","2012-04-24 00:00:00","3.0000","36.7500","36.7500","2012-04-23 22:00:00"
"13615","828","6","50","2012-04-13 00:00:00","2012-04-24 00:00:00","2012-04-18 00:00:00","2012-04-24 00:00:00","3.0000","36.7500","36.7500","2012-04-23 22:00:00"
"13616","894","6","50","2012-04-13 00:00:00","2012-04-24 00:00:00","2012-04-18 00:00:00","2012-04-24 00:00:00","3.0000","36.7500","36.7500","2012-04-23 22:00:00"
"13617","945","1","10","2012-04-13 00:00:00","2012-04-24 00:00:00","2012-04-18 00:00:00","2012-04-24 00:00:00","4.1000","92.2500","92.2500","2012-04-23 22:00:00"
"13617","945","6","50","2012-04-13 00:00:00","2012-04-24 00:00:00","2012-04-18 00:00:00","2012-04-24 00:00:00","3.0000","36.7500","36.7500","2012-04-23 22:00:00"
"13618","951","6","50","2012-04-13 00:00:00","2012-04-24 00:00:00","2012-04-18 00:00:00","2012-04-24 00:00:00","3.0000","36.7500","36.7500","2012-04-23 22:00:00"
"13619","996","6","50","2012-04-13 00:00:00","2012-04-24 00:00:00","2012-04-18 00:00:00","2012-04-24 00:00:00","3.0000","36.7500","36.7500","2012-04-23 22:00:00"
"13632","804","1","10","2012-04-13 00:00:00","2012-04-24 00:00:00","2012-04-18 00:00:00","2012-04-24 00:00:00","4.1000","92.2500","92.2500","2012-04-23 22:00:00"
"13632","804","6","50","2012-04-13 00:00:00","2012-04-24 00:00:00","2012-04-18 00:00:00","2012-04-24 00:00:00","3.0000","36.7500","36.7500","2012-04-23 22:00:00"
"13637","749","7","60","2012-04-14 00:00:00","2012-04-25 00:00:00","2012-04-14 00:00:00","2012-05-12 00:00:00","4.0000","49.0000","49.0000","2012-05-11 22:00:00"
"13638","752","7","60","2012-04-14 00:00:00","2012-04-25 00:00:00","2012-04-14 00:00:00","2012-05-12 00:00:00","4.0000","49.0000","49.0000","2012-05-11 22:00:00"
"13639","753","7","60","2012-04-14 00:00:00","2012-04-25 00:00:00","2012-04-14 00:00:00","2012-05-12 00:00:00","4.0000","49.0000","49.0000","2012-05-11 22:00:00"
"13640","759","7","60","2012-04-14 00:00:00","2012-04-25 00:00:00","2012-04-14 00:00:00","2012-05-12 00:00:00","4.0000","49.0000","49.0000","2012-05-11 22:00:00"
"13641","770","7","60","2012-04-14 00:00:00","2012-04-25 00:00:00","2012-04-14 00:00:00","2012-05-12 00:00:00","4.0000","49.0000","49.0000","2012-05-11 22:00:00"
"13642","771","7","60","2012-04-14 00:00:00","2012-04-25 00:00:00","2012-04-14 00:00:00","2012-05-12 00:00:00","4.0000","49.0000","49.0000","2012-05-11 22:00:00"
"13643","773","7","60","2012-04-14 00:00:00","2012-04-25 00:00:00","2012-04-14 00:00:00","2012-05-12 00:00:00","4.0000","49.0000","49.0000","2012-05-11 22:00:00"
"13644","774","7","60","2012-04-14 00:00:00","2012-04-25 00:00:00","2012-04-14 00:00:00","2012-05-12 00:00:00","4.0000","49.0000","49.0000","2012-05-11 22:00:00"
"13645","775","7","60","2012-04-14 00:00:00","2012-04-25 00:00:00","2012-04-14 00:00:00","2012-05-12 00:00:00","4.0000","49.0000","49.0000","2012-05-11 22:00:00"
"13646","516","6","50","2012-04-14 00:00:00","2012-04-25 00:00:00","2012-04-14 00:00:00","2012-05-12 00:00:00","3.0000","36.7500","36.7500","2012-05-11 22:00:00"
"13646","516","7","60","2012-04-14 00:00:00","2012-04-25 00:00:00","2012-04-14 00:00:00","2012-05-12 00:00:00","4.0000","49.0000","49.0000","2012-05-11 22:00:00"
"13647","517","6","50","2012-04-14 00:00:00","2012-04-25 00:00:00","2012-04-14 00:00:00","2012-05-12 00:00:00","3.0000","36.7500","36.7500","2012-05-11 22:00:00"
"13647","517","7","60","2012-04-14 00:00:00","2012-04-25 00:00:00","2012-04-14 00:00:00","2012-05-12 00:00:00","4.0000","49.0000","49.0000","2012-05-11 22:00:00"
"13648","519","6","50","2012-04-14 00:00:00","2012-04-25 00:00:00","2012-04-14 00:00:00","2012-05-12 00:00:00","3.0000","36.7500","36.7500","2012-05-11 22:00:00"
"13648","519","7","60","2012-04-14 00:00:00","2012-04-25 00:00:00","2012-04-14 00:00:00","2012-05-12 00:00:00","4.0000","49.0000","49.0000","2012-05-11 22:00:00"
"13656","747","1","10","2012-04-14 00:00:00","2012-04-25 00:00:00","2012-04-14 00:00:00","2012-05-12 00:00:00","4.1000","92.2500","92.2500","2012-05-11 22:00:00"
"13656","747","2","20","2012-04-14 00:00:00","2012-04-25 00:00:00","2012-04-14 00:00:00","2012-05-12 00:00:00","3.5000","87.5000","87.5000","2012-05-11 22:00:00"
"13656","747","3","30","2012-04-14 00:00:00","2012-04-25 00:00:00","2012-04-14 00:00:00","2012-05-12 00:00:00","1.0000","14.5000","14.5000","2012-05-11 22:00:00"
"13656","747","4","40","2012-04-14 00:00:00","2012-04-25 00:00:00","2012-04-14 00:00:00","2012-05-12 00:00:00","2.0000","31.5000","31.5000","2012-05-11 22:00:00"
"13656","747","6","50","2012-04-14 00:00:00","2012-04-25 00:00:00","2012-04-14 00:00:00","2012-05-12 00:00:00","3.0000","36.7500","36.7500","2012-05-11 22:00:00"
"13656","747","7","60","2012-04-14 00:00:00","2012-04-25 00:00:00","2012-04-14 00:00:00","2012-05-12 00:00:00","4.0000","49.0000","49.0000","2012-05-11 22:00:00"
"13657","748","1","10","2012-04-14 00:00:00","2012-04-25 00:00:00","2012-04-14 00:00:00","2012-05-12 00:00:00","4.1000","92.2500","92.2500","2012-05-11 22:00:00"
"13657","748","2","20","2012-04-14 00:00:00","2012-04-25 00:00:00","2012-04-14 00:00:00","2012-05-12 00:00:00","3.5000","87.5000","87.5000","2012-05-11 22:00:00"
"13657","748","3","30","2012-04-14 00:00:00","2012-04-25 00:00:00","2012-04-14 00:00:00","2012-05-12 00:00:00","1.0000","14.5000","14.5000","2012-05-11 22:00:00"
"13657","748","5","45","2012-04-14 00:00:00","2012-04-25 00:00:00","2012-04-14 00:00:00","2012-05-12 00:00:00","2.0000","36.0000","36.0000","2012-05-11 22:00:00"
"13657","748","6","50","2012-04-14 00:00:00","2012-04-25 00:00:00","2012-04-14 00:00:00","2012-05-12 00:00:00","3.0000","36.7500","36.7500","2012-05-11 22:00:00"
"13657","748","7","60","2012-04-14 00:00:00","2012-04-25 00:00:00","2012-04-14 00:00:00","2012-05-12 00:00:00","4.0000","49.0000","49.0000","2012-05-11 22:00:00"
"13658","806","6","50","2012-04-14 00:00:00","2012-04-25 00:00:00","2012-04-14 00:00:00","2012-05-12 00:00:00","3.0000","36.7500","36.7500","2012-05-11 22:00:00"
"13659","807","6","50","2012-04-14 00:00:00","2012-04-25 00:00:00","2012-04-14 00:00:00","2012-05-12 00:00:00","3.0000","36.7500","36.7500","2012-05-11 22:00:00"
"13660","810","1","10","2012-04-14 00:00:00","2012-04-25 00:00:00","2012-04-14 00:00:00","2012-05-12 00:00:00","4.1000","92.2500","92.2500","2012-05-11 22:00:00"
"13660","810","2","20","2012-04-14 00:00:00","2012-04-25 00:00:00","2012-04-14 00:00:00","2012-05-12 00:00:00","3.5000","87.5000","87.5000","2012-05-11 22:00:00"
"13660","810","6","50","2012-04-14 00:00:00","2012-04-25 00:00:00","2012-04-14 00:00:00","2012-05-12 00:00:00","3.0000","36.7500","36.7500","2012-05-11 22:00:00"
"13661","811","1","10","2012-04-14 00:00:00","2012-04-25 00:00:00","2012-04-14 00:00:00","2012-05-12 00:00:00","4.1000","92.2500","92.2500","2012-05-11 22:00:00"
"13661","811","2","20","2012-04-14 00:00:00","2012-04-25 00:00:00","2012-04-14 00:00:00","2012-05-12 00:00:00","3.5000","87.5000","87.5000","2012-05-11 22:00:00"
"13661","811","6","50","2012-04-14 00:00:00","2012-04-25 00:00:00","2012-04-14 00:00:00","2012-05-12 00:00:00","3.0000","36.7500","36.7500","2012-05-11 22:00:00"
"13662","813","1","10","2012-04-14 00:00:00","2012-04-25 00:00:00","2012-04-14 00:00:00","2012-05-12 00:00:00","4.1000","92.2500","92.2500","2012-05-11 22:00:00"
"13662","813","2","20","2012-04-14 00:00:00","2012-04-25 00:00:00","2012-04-14 00:00:00","2012-05-12 00:00:00","3.5000","87.5000","87.5000","2012-05-11 22:00:00"
"13662","813","6","50","2012-04-14 00:00:00","2012-04-25 00:00:00","2012-04-14 00:00:00","2012-05-12 00:00:00","3.0000","36.7500","36.7500","2012-05-11 22:00:00"
"13663","817","6","50","2012-04-14 00:00:00","2012-04-25 00:00:00","2012-04-14 00:00:00","2012-05-12 00:00:00","3.0000","36.7500","36.7500","2012-05-11 22:00:00"
"13664","818","6","50","2012-04-14 00:00:00","2012-04-25 00:00:00","2012-04-14 00:00:00","2012-05-12 00:00:00","3.0000","36.7500","36.7500","2012-05-11 22:00:00"
"13665","820","6","50","2012-04-14 00:00:00","2012-04-25 00:00:00","2012-04-14 00:00:00","2012-05-12 00:00:00","3.0000","36.7500","36.7500","2012-05-11 22:00:00"
"13666","825","6","50","2012-04-14 00:00:00","2012-04-25 00:00:00","2012-04-14 00:00:00","2012-05-12 00:00:00","3.0000","36.7500","36.7500","2012-05-11 22:00:00"
"13667","826","6","50","2012-04-14 00:00:00","2012-04-25 00:00:00","2012-04-14 00:00:00","2012-05-12 00:00:00","3.0000","36.7500","36.7500","2012-05-11 22:00:00"
"13668","828","6","50","2012-04-14 00:00:00","2012-04-25 00:00:00","2012-04-14 00:00:00","2012-05-12 00:00:00","3.0000","36.7500","36.7500","2012-05-11 22:00:00"
"13669","894","6","50","2012-04-14 00:00:00","2012-04-25 00:00:00","2012-04-14 00:00:00","2012-05-12 00:00:00","3.0000","36.7500","36.7500","2012-05-11 22:00:00"
"13670","945","1","10","2012-04-14 00:00:00","2012-04-25 00:00:00","2012-04-14 00:00:00","2012-05-12 00:00:00","4.1000","92.2500","92.2500","2012-05-11 22:00:00"
"13670","945","6","50","2012-04-14 00:00:00","2012-04-25 00:00:00","2012-04-14 00:00:00","2012-05-12 00:00:00","3.0000","36.7500","36.7500","2012-05-11 22:00:00"
"13671","950","6","50","2012-04-14 00:00:00","2012-04-25 00:00:00","2012-04-14 00:00:00","2012-05-12 00:00:00","3.0000","36.7500","36.7500","2012-05-11 22:00:00"
"13672","951","6","50","2012-04-14 00:00:00","2012-04-25 00:00:00","2012-04-14 00:00:00","2012-05-12 00:00:00","3.0000","36.7500","36.7500","2012-05-11 22:00:00"
"13673","994","6","50","2012-04-14 00:00:00","2012-04-25 00:00:00","2012-04-14 00:00:00","2012-05-12 00:00:00","3.0000","36.7500","36.7500","2012-05-11 22:00:00"
"13674","996","6","50","2012-04-14 00:00:00","2012-04-25 00:00:00","2012-04-14 00:00:00","2012-05-12 00:00:00","3.0000","36.7500","36.7500","2012-05-11 22:00:00"
"13688","802","1","10","2012-04-14 00:00:00","2012-04-25 00:00:00","2012-04-14 00:00:00","2012-05-12 00:00:00","4.1000","92.2500","92.2500","2012-05-11 22:00:00"
"13688","802","6","50","2012-04-14 00:00:00","2012-04-25 00:00:00","2012-04-14 00:00:00","2012-05-12 00:00:00","3.0000","36.7500","36.7500","2012-05-11 22:00:00"
"13689","804","1","10","2012-04-14 00:00:00","2012-04-25 00:00:00","2012-04-14 00:00:00","2012-05-12 00:00:00","4.1000","92.2500","92.2500","2012-05-11 22:00:00"
"13689","804","6","50","2012-04-14 00:00:00","2012-04-25 00:00:00","2012-04-14 00:00:00","2012-05-12 00:00:00","3.0000","36.7500","36.7500","2012-05-11 22:00:00"
"13694","750","7","60","2012-04-15 00:00:00","2012-04-26 00:00:00","2012-04-22 00:00:00","2012-04-26 00:00:00","4.0000","49.0000","49.0000","2012-04-25 22:00:00"
"13695","751","7","60","2012-04-15 00:00:00","2012-04-26 00:00:00","2012-04-22 00:00:00","2012-04-26 00:00:00","4.0000","49.0000","49.0000","2012-04-25 22:00:00"
"13696","752","7","60","2012-04-15 00:00:00","2012-04-26 00:00:00","2012-04-22 00:00:00","2012-04-26 00:00:00","4.0000","49.0000","49.0000","2012-04-25 22:00:00"
"13697","775","7","60","2012-04-15 00:00:00","2012-04-26 00:00:00","2012-04-22 00:00:00","2012-04-26 00:00:00","4.0000","49.0000","49.0000","2012-04-25 22:00:00"
"13698","516","6","50","2012-04-15 00:00:00","2012-04-26 00:00:00","2012-04-22 00:00:00","2012-04-26 00:00:00","3.0000","36.7500","36.7500","2012-04-25 22:00:00"
"13698","516","7","60","2012-04-15 00:00:00","2012-04-26 00:00:00","2012-04-22 00:00:00","2012-04-26 00:00:00","4.0000","49.0000","49.0000","2012-04-25 22:00:00"
"13699","519","6","50","2012-04-15 00:00:00","2012-04-26 00:00:00","2012-04-22 00:00:00","2012-04-26 00:00:00","3.0000","36.7500","36.7500","2012-04-25 22:00:00"
"13699","519","7","60","2012-04-15 00:00:00","2012-04-26 00:00:00","2012-04-22 00:00:00","2012-04-26 00:00:00","4.0000","49.0000","49.0000","2012-04-25 22:00:00"
"13703","747","1","10","2012-04-15 00:00:00","2012-04-26 00:00:00","2012-04-22 00:00:00","2012-04-26 00:00:00","4.1000","92.2500","92.2500","2012-04-25 22:00:00"
"13703","747","2","20","2012-04-15 00:00:00","2012-04-26 00:00:00","2012-04-22 00:00:00","2012-04-26 00:00:00","3.5000","87.5000","87.5000","2012-04-25 22:00:00"
"13703","747","3","30","2012-04-15 00:00:00","2012-04-26 00:00:00","2012-04-22 00:00:00","2012-04-26 00:00:00","1.0000","14.5000","14.5000","2012-04-25 22:00:00"
"13703","747","4","40","2012-04-15 00:00:00","2012-04-26 00:00:00","2012-04-22 00:00:00","2012-04-26 00:00:00","2.0000","31.5000","31.5000","2012-04-25 22:00:00"
"13703","747","6","50","2012-04-15 00:00:00","2012-04-26 00:00:00","2012-04-22 00:00:00","2012-04-26 00:00:00","3.0000","36.7500","36.7500","2012-04-25 22:00:00"
"13703","747","7","60","2012-04-15 00:00:00","2012-04-26 00:00:00","2012-04-22 00:00:00","2012-04-26 00:00:00","4.0000","49.0000","49.0000","2012-04-25 22:00:00"
"13704","807","6","50","2012-04-15 00:00:00","2012-04-26 00:00:00","2012-04-22 00:00:00","2012-04-26 00:00:00","3.0000","36.7500","36.7500","2012-04-25 22:00:00"
"13705","810","1","10","2012-04-15 00:00:00","2012-04-26 00:00:00","2012-04-22 00:00:00","2012-04-26 00:00:00","4.1000","92.2500","92.2500","2012-04-25 22:00:00"
"13705","810","2","20","2012-04-15 00:00:00","2012-04-26 00:00:00","2012-04-22 00:00:00","2012-04-26 00:00:00","3.5000","87.5000","87.5000","2012-04-25 22:00:00"
"13705","810","6","50","2012-04-15 00:00:00","2012-04-26 00:00:00","2012-04-22 00:00:00","2012-04-26 00:00:00","3.0000","36.7500","36.7500","2012-04-25 22:00:00"
"13706","813","1","10","2012-04-15 00:00:00","2012-04-26 00:00:00","2012-04-22 00:00:00","2012-04-26 00:00:00","4.1000","92.2500","92.2500","2012-04-25 22:00:00"
"13706","813","2","20","2012-04-15 00:00:00","2012-04-26 00:00:00","2012-04-22 00:00:00","2012-04-26 00:00:00","3.5000","87.5000","87.5000","2012-04-25 22:00:00"
"13706","813","6","50","2012-04-15 00:00:00","2012-04-26 00:00:00","2012-04-22 00:00:00","2012-04-26 00:00:00","3.0000","36.7500","36.7500","2012-04-25 22:00:00"
"13707","817","6","50","2012-04-15 00:00:00","2012-04-26 00:00:00","2012-04-22 00:00:00","2012-04-26 00:00:00","3.0000","36.7500","36.7500","2012-04-25 22:00:00"
"13708","820","6","50","2012-04-15 00:00:00","2012-04-26 00:00:00","2012-04-22 00:00:00","2012-04-26 00:00:00","3.0000","36.7500","36.7500","2012-04-25 22:00:00"
"13709","825","6","50","2012-04-15 00:00:00","2012-04-26 00:00:00","2012-04-22 00:00:00","2012-04-26 00:00:00","3.0000","36.7500","36.7500","2012-04-25 22:00:00"
"13710","828","6","50","2012-04-15 00:00:00","2012-04-26 00:00:00","2012-04-22 00:00:00","2012-04-26 00:00:00","3.0000","36.7500","36.7500","2012-04-25 22:00:00"
"13711","894","6","50","2012-04-15 00:00:00","2012-04-26 00:00:00","2012-04-22 00:00:00","2012-04-26 00:00:00","3.0000","36.7500","36.7500","2012-04-25 22:00:00"
"13712","945","1","10","2012-04-15 00:00:00","2012-04-26 00:00:00","2012-04-22 00:00:00","2012-04-26 00:00:00","4.1000","92.2500","92.2500","2012-04-25 22:00:00"
"13712","945","6","50","2012-04-15 00:00:00","2012-04-26 00:00:00","2012-04-22 00:00:00","2012-04-26 00:00:00","3.0000","36.7500","36.7500","2012-04-25 22:00:00"
"13713","951","6","50","2012-04-15 00:00:00","2012-04-26 00:00:00","2012-04-22 00:00:00","2012-04-26 00:00:00","3.0000","36.7500","36.7500","2012-04-25 22:00:00"
"13714","996","6","50","2012-04-15 00:00:00","2012-04-26 00:00:00","2012-04-22 00:00:00","2012-04-26 00:00:00","3.0000","36.7500","36.7500","2012-04-25 22:00:00"
"13727","804","1","10","2012-04-15 00:00:00","2012-04-26 00:00:00","2012-04-22 00:00:00","2012-04-26 00:00:00","4.1000","92.2500","92.2500","2012-04-25 22:00:00"
"13727","804","6","50","2012-04-15 00:00:00","2012-04-26 00:00:00","2012-04-22 00:00:00","2012-04-26 00:00:00","3.0000","36.7500","36.7500","2012-04-25 22:00:00"
"13732","749","7","60","2012-04-16 00:00:00","2012-04-27 00:00:00","2012-04-16 00:00:00","2012-05-16 00:00:00","4.0000","49.0000","49.0000","2012-05-15 22:00:00"
"13733","750","7","60","2012-04-16 00:00:00","2012-04-27 00:00:00","2012-04-16 00:00:00","2012-05-16 00:00:00","4.0000","49.0000","49.0000","2012-05-15 22:00:00"
"13734","751","7","60","2012-04-16 00:00:00","2012-04-27 00:00:00","2012-04-16 00:00:00","2012-05-16 00:00:00","4.0000","49.0000","49.0000","2012-05-15 22:00:00"
"13735","753","7","60","2012-04-16 00:00:00","2012-04-27 00:00:00","2012-04-16 00:00:00","2012-05-16 00:00:00","4.0000","49.0000","49.0000","2012-05-15 22:00:00"
"13736","763","7","60","2012-04-16 00:00:00","2012-04-27 00:00:00","2012-04-16 00:00:00","2012-05-16 00:00:00","4.0000","49.0000","49.0000","2012-05-15 22:00:00"
"13737","517","6","50","2012-04-16 00:00:00","2012-04-27 00:00:00","2012-04-16 00:00:00","2012-05-16 00:00:00","3.0000","36.7500","36.7500","2012-05-15 22:00:00"
"13737","517","7","60","2012-04-16 00:00:00","2012-04-27 00:00:00","2012-04-16 00:00:00","2012-05-16 00:00:00","4.0000","49.0000","49.0000","2012-05-15 22:00:00"
"13738","519","6","50","2012-04-16 00:00:00","2012-04-27 00:00:00","2012-04-16 00:00:00","2012-05-16 00:00:00","3.0000","36.7500","36.7500","2012-05-15 22:00:00"
"13738","519","7","60","2012-04-16 00:00:00","2012-04-27 00:00:00","2012-04-16 00:00:00","2012-05-16 00:00:00","4.0000","49.0000","49.0000","2012-05-15 22:00:00"
"13744","806","6","50","2012-04-16 00:00:00","2012-04-27 00:00:00","2012-04-16 00:00:00","2012-05-16 00:00:00","3.0000","36.7500","36.7500","2012-05-15 22:00:00"
"13745","807","6","50","2012-04-16 00:00:00","2012-04-27 00:00:00","2012-04-16 00:00:00","2012-05-16 00:00:00","3.0000","36.7500","36.7500","2012-05-15 22:00:00"
"13746","811","1","10","2012-04-16 00:00:00","2012-04-27 00:00:00","2012-04-16 00:00:00","2012-05-16 00:00:00","4.1000","92.2500","92.2500","2012-05-15 22:00:00"
"13746","811","2","20","2012-04-16 00:00:00","2012-04-27 00:00:00","2012-04-16 00:00:00","2012-05-16 00:00:00","3.5000","87.5000","87.5000","2012-05-15 22:00:00"
"13746","811","6","50","2012-04-16 00:00:00","2012-04-27 00:00:00","2012-04-16 00:00:00","2012-05-16 00:00:00","3.0000","36.7500","36.7500","2012-05-15 22:00:00"
"13747","813","1","10","2012-04-16 00:00:00","2012-04-27 00:00:00","2012-04-16 00:00:00","2012-05-16 00:00:00","4.1000","92.2500","92.2500","2012-05-15 22:00:00"
"13747","813","2","20","2012-04-16 00:00:00","2012-04-27 00:00:00","2012-04-16 00:00:00","2012-05-16 00:00:00","3.5000","87.5000","87.5000","2012-05-15 22:00:00"
"13747","813","6","50","2012-04-16 00:00:00","2012-04-27 00:00:00","2012-04-16 00:00:00","2012-05-16 00:00:00","3.0000","36.7500","36.7500","2012-05-15 22:00:00"
"13748","818","6","50","2012-04-16 00:00:00","2012-04-27 00:00:00","2012-04-16 00:00:00","2012-05-16 00:00:00","3.0000","36.7500","36.7500","2012-05-15 22:00:00"
"13749","820","6","50","2012-04-16 00:00:00","2012-04-27 00:00:00","2012-04-16 00:00:00","2012-05-16 00:00:00","3.0000","36.7500","36.7500","2012-05-15 22:00:00"
"13750","826","6","50","2012-04-16 00:00:00","2012-04-27 00:00:00","2012-04-16 00:00:00","2012-05-16 00:00:00","3.0000","36.7500","36.7500","2012-05-15 22:00:00"
"13751","828","6","50","2012-04-16 00:00:00","2012-04-27 00:00:00","2012-04-16 00:00:00","2012-05-16 00:00:00","3.0000","36.7500","36.7500","2012-05-15 22:00:00"
"13752","894","6","50","2012-04-16 00:00:00","2012-04-27 00:00:00","2012-04-16 00:00:00","2012-05-16 00:00:00","3.0000","36.7500","36.7500","2012-05-15 22:00:00"
"13753","945","1","10","2012-04-16 00:00:00","2012-04-27 00:00:00","2012-04-16 00:00:00","2012-05-16 00:00:00","4.1000","92.2500","92.2500","2012-05-15 22:00:00"
"13753","945","6","50","2012-04-16 00:00:00","2012-04-27 00:00:00","2012-04-16 00:00:00","2012-05-16 00:00:00","3.0000","36.7500","36.7500","2012-05-15 22:00:00"
"13754","950","6","50","2012-04-16 00:00:00","2012-04-27 00:00:00","2012-04-16 00:00:00","2012-05-16 00:00:00","3.0000","36.7500","36.7500","2012-05-15 22:00:00"
"13755","951","6","50","2012-04-16 00:00:00","2012-04-27 00:00:00","2012-04-16 00:00:00","2012-05-16 00:00:00","3.0000","36.7500","36.7500","2012-05-15 22:00:00"
"13756","994","6","50","2012-04-16 00:00:00","2012-04-27 00:00:00","2012-04-16 00:00:00","2012-05-16 00:00:00","3.0000","36.7500","36.7500","2012-05-15 22:00:00"
"13757","996","6","50","2012-04-16 00:00:00","2012-04-27 00:00:00","2012-04-16 00:00:00","2012-05-16 00:00:00","3.0000","36.7500","36.7500","2012-05-15 22:00:00"
"13770","802","1","10","2012-04-16 00:00:00","2012-04-27 00:00:00","2012-04-16 00:00:00","2012-05-16 00:00:00","4.1000","92.2500","92.2500","2012-05-15 22:00:00"
"13770","802","6","50","2012-04-16 00:00:00","2012-04-27 00:00:00","2012-04-16 00:00:00","2012-05-16 00:00:00","3.0000","36.7500","36.7500","2012-05-15 22:00:00"
"13771","804","1","10","2012-04-16 00:00:00","2012-04-27 00:00:00","2012-04-16 00:00:00","2012-05-16 00:00:00","4.1000","92.2500","92.2500","2012-05-15 22:00:00"
"13771","804","6","50","2012-04-16 00:00:00","2012-04-27 00:00:00","2012-04-16 00:00:00","2012-05-16 00:00:00","3.0000","36.7500","36.7500","2012-05-15 22:00:00"
"13776","752","7","60","2012-04-17 00:00:00","2012-04-28 00:00:00","2012-04-26 00:00:00","2012-04-28 00:00:00","4.0000","49.0000","49.0000","2012-04-27 22:00:00"
"13777","753","7","60","2012-04-17 00:00:00","2012-04-28 00:00:00","2012-04-26 00:00:00","2012-04-28 00:00:00","4.0000","49.0000","49.0000","2012-04-27 22:00:00"
"13778","762","7","60","2012-04-17 00:00:00","2012-04-28 00:00:00","2012-04-26 00:00:00","2012-04-28 00:00:00","4.0000","49.0000","49.0000","2012-04-27 22:00:00"
"13779","763","7","60","2012-04-17 00:00:00","2012-04-28 00:00:00","2012-04-26 00:00:00","2012-04-28 00:00:00","4.0000","49.0000","49.0000","2012-04-27 22:00:00"
"13780","767","7","60","2012-04-17 00:00:00","2012-04-28 00:00:00","2012-04-26 00:00:00","2012-04-28 00:00:00","4.0000","49.0000","49.0000","2012-04-27 22:00:00"
"13781","776","7","60","2012-04-17 00:00:00","2012-04-28 00:00:00","2012-04-26 00:00:00","2012-04-28 00:00:00","4.0000","49.0000","49.0000","2012-04-27 22:00:00"
"13782","778","7","60","2012-04-17 00:00:00","2012-04-28 00:00:00","2012-04-26 00:00:00","2012-04-28 00:00:00","4.0000","49.0000","49.0000","2012-04-27 22:00:00"
"13783","516","6","50","2012-04-17 00:00:00","2012-04-28 00:00:00","2012-04-26 00:00:00","2012-04-28 00:00:00","3.0000","36.7500","36.7500","2012-04-27 22:00:00"
"13783","516","7","60","2012-04-17 00:00:00","2012-04-28 00:00:00","2012-04-26 00:00:00","2012-04-28 00:00:00","4.0000","49.0000","49.0000","2012-04-27 22:00:00"
"13784","517","6","50","2012-04-17 00:00:00","2012-04-28 00:00:00","2012-04-26 00:00:00","2012-04-28 00:00:00","3.0000","36.7500","36.7500","2012-04-27 22:00:00"
"13784","517","7","60","2012-04-17 00:00:00","2012-04-28 00:00:00","2012-04-26 00:00:00","2012-04-28 00:00:00","4.0000","49.0000","49.0000","2012-04-27 22:00:00"
"13785","519","6","50","2012-04-17 00:00:00","2012-04-28 00:00:00","2012-04-26 00:00:00","2012-04-28 00:00:00","3.0000","36.7500","36.7500","2012-04-27 22:00:00"
"13785","519","7","60","2012-04-17 00:00:00","2012-04-28 00:00:00","2012-04-26 00:00:00","2012-04-28 00:00:00","4.0000","49.0000","49.0000","2012-04-27 22:00:00"
"13793","806","6","50","2012-04-17 00:00:00","2012-04-28 00:00:00","2012-04-26 00:00:00","2012-04-28 00:00:00","3.0000","36.7500","36.7500","2012-04-27 22:00:00"
"13794","807","6","50","2012-04-17 00:00:00","2012-04-28 00:00:00","2012-04-26 00:00:00","2012-04-28 00:00:00","3.0000","36.7500","36.7500","2012-04-27 22:00:00"
"13795","810","1","10","2012-04-17 00:00:00","2012-04-28 00:00:00","2012-04-26 00:00:00","2012-04-28 00:00:00","4.1000","92.2500","92.2500","2012-04-27 22:00:00"
"13795","810","2","20","2012-04-17 00:00:00","2012-04-28 00:00:00","2012-04-26 00:00:00","2012-04-28 00:00:00","3.5000","87.5000","87.5000","2012-04-27 22:00:00"
"13795","810","6","50","2012-04-17 00:00:00","2012-04-28 00:00:00","2012-04-26 00:00:00","2012-04-28 00:00:00","3.0000","36.7500","36.7500","2012-04-27 22:00:00"
"13796","811","1","10","2012-04-17 00:00:00","2012-04-28 00:00:00","2012-04-26 00:00:00","2012-04-28 00:00:00","4.1000","92.2500","92.2500","2012-04-27 22:00:00"
"13796","811","2","20","2012-04-17 00:00:00","2012-04-28 00:00:00","2012-04-26 00:00:00","2012-04-28 00:00:00","3.5000","87.5000","87.5000","2012-04-27 22:00:00"
"13796","811","6","50","2012-04-17 00:00:00","2012-04-28 00:00:00","2012-04-26 00:00:00","2012-04-28 00:00:00","3.0000","36.7500","36.7500","2012-04-27 22:00:00"
"13797","813","1","10","2012-04-17 00:00:00","2012-04-28 00:00:00","2012-04-26 00:00:00","2012-04-28 00:00:00","4.1000","92.2500","92.2500","2012-04-27 22:00:00"
"13797","813","2","20","2012-04-17 00:00:00","2012-04-28 00:00:00","2012-04-26 00:00:00","2012-04-28 00:00:00","3.5000","87.5000","87.5000","2012-04-27 22:00:00"
"13797","813","6","50","2012-04-17 00:00:00","2012-04-28 00:00:00","2012-04-26 00:00:00","2012-04-28 00:00:00","3.0000","36.7500","36.7500","2012-04-27 22:00:00"
"13798","817","6","50","2012-04-17 00:00:00","2012-04-28 00:00:00","2012-04-26 00:00:00","2012-04-28 00:00:00","3.0000","36.7500","36.7500","2012-04-27 22:00:00"
"13799","818","6","50","2012-04-17 00:00:00","2012-04-28 00:00:00","2012-04-26 00:00:00","2012-04-28 00:00:00","3.0000","36.7500","36.7500","2012-04-27 22:00:00"
"13800","820","6","50","2012-04-17 00:00:00","2012-04-28 00:00:00","2012-04-26 00:00:00","2012-04-28 00:00:00","3.0000","36.7500","36.7500","2012-04-27 22:00:00"
"13801","825","6","50","2012-04-17 00:00:00","2012-04-28 00:00:00","2012-04-26 00:00:00","2012-04-28 00:00:00","3.0000","36.7500","36.7500","2012-04-27 22:00:00"
"13802","826","6","50","2012-04-17 00:00:00","2012-04-28 00:00:00","2012-04-26 00:00:00","2012-04-28 00:00:00","3.0000","36.7500","36.7500","2012-04-27 22:00:00"
"13803","828","6","50","2012-04-17 00:00:00","2012-04-28 00:00:00","2012-04-26 00:00:00","2012-04-28 00:00:00","3.0000","36.7500","36.7500","2012-04-27 22:00:00"
"13804","894","6","50","2012-04-17 00:00:00","2012-04-28 00:00:00","2012-04-26 00:00:00","2012-04-28 00:00:00","3.0000","36.7500","36.7500","2012-04-27 22:00:00"
"13805","945","1","10","2012-04-17 00:00:00","2012-04-28 00:00:00","2012-04-26 00:00:00","2012-04-28 00:00:00","4.1000","92.2500","92.2500","2012-04-27 22:00:00"
"13805","945","6","50","2012-04-17 00:00:00","2012-04-28 00:00:00","2012-04-26 00:00:00","2012-04-28 00:00:00","3.0000","36.7500","36.7500","2012-04-27 22:00:00"
"13806","950","6","50","2012-04-17 00:00:00","2012-04-28 00:00:00","2012-04-26 00:00:00","2012-04-28 00:00:00","3.0000","36.7500","36.7500","2012-04-27 22:00:00"
"13807","951","6","50","2012-04-17 00:00:00","2012-04-28 00:00:00","2012-04-26 00:00:00","2012-04-28 00:00:00","3.0000","36.7500","36.7500","2012-04-27 22:00:00"
"13808","994","6","50","2012-04-17 00:00:00","2012-04-28 00:00:00","2012-04-26 00:00:00","2012-04-28 00:00:00","3.0000","36.7500","36.7500","2012-04-27 22:00:00"
"13809","996","6","50","2012-04-17 00:00:00","2012-04-28 00:00:00","2012-04-26 00:00:00","2012-04-28 00:00:00","3.0000","36.7500","36.7500","2012-04-27 22:00:00"
"13823","802","1","10","2012-04-17 00:00:00","2012-04-28 00:00:00","2012-04-26 00:00:00","2012-04-28 00:00:00","4.1000","92.2500","92.2500","2012-04-27 22:00:00"
"13823","802","6","50","2012-04-17 00:00:00","2012-04-28 00:00:00","2012-04-26 00:00:00","2012-04-28 00:00:00","3.0000","36.7500","36.7500","2012-04-27 22:00:00"
"13824","804","1","10","2012-04-17 00:00:00","2012-04-28 00:00:00","2012-04-26 00:00:00","2012-04-28 00:00:00","4.1000","92.2500","92.2500","2012-04-27 22:00:00"
"13824","804","6","50","2012-04-17 00:00:00","2012-04-28 00:00:00","2012-04-26 00:00:00","2012-04-28 00:00:00","3.0000","36.7500","36.7500","2012-04-27 22:00:00"
"13829","749","7","60","2012-04-18 00:00:00","2012-04-29 00:00:00","2012-04-18 00:00:00","2012-05-20 00:00:00","4.0000","49.0000","49.0000","2012-05-19 22:00:00"
"13830","750","7","60","2012-04-18 00:00:00","2012-04-29 00:00:00","2012-04-18 00:00:00","2012-05-20 00:00:00","4.0000","49.0000","49.0000","2012-05-19 22:00:00"
"13831","751","7","60","2012-04-18 00:00:00","2012-04-29 00:00:00","2012-04-18 00:00:00","2012-05-20 00:00:00","4.0000","49.0000","49.0000","2012-05-19 22:00:00"
"13832","753","7","60","2012-04-18 00:00:00","2012-04-29 00:00:00","2012-04-18 00:00:00","2012-05-20 00:00:00","4.0000","49.0000","49.0000","2012-05-19 22:00:00"
"13833","771","7","60","2012-04-18 00:00:00","2012-04-29 00:00:00","2012-04-18 00:00:00","2012-05-20 00:00:00","4.0000","49.0000","49.0000","2012-05-19 22:00:00"
"13834","777","7","60","2012-04-18 00:00:00","2012-04-29 00:00:00","2012-04-18 00:00:00","2012-05-20 00:00:00","4.0000","49.0000","49.0000","2012-05-19 22:00:00"
"13835","516","6","50","2012-04-18 00:00:00","2012-04-29 00:00:00","2012-04-18 00:00:00","2012-05-20 00:00:00","3.0000","36.7500","36.7500","2012-05-19 22:00:00"
"13835","516","7","60","2012-04-18 00:00:00","2012-04-29 00:00:00","2012-04-18 00:00:00","2012-05-20 00:00:00","4.0000","49.0000","49.0000","2012-05-19 22:00:00"
"13836","519","6","50","2012-04-18 00:00:00","2012-04-29 00:00:00","2012-04-18 00:00:00","2012-05-20 00:00:00","3.0000","36.7500","36.7500","2012-05-19 22:00:00"
"13836","519","7","60","2012-04-18 00:00:00","2012-04-29 00:00:00","2012-04-18 00:00:00","2012-05-20 00:00:00","4.0000","49.0000","49.0000","2012-05-19 22:00:00"
"13842","748","1","10","2012-04-18 00:00:00","2012-04-29 00:00:00","2012-04-18 00:00:00","2012-05-20 00:00:00","4.1000","92.2500","92.2500","2012-05-19 22:00:00"
"13842","748","2","20","2012-04-18 00:00:00","2012-04-29 00:00:00","2012-04-18 00:00:00","2012-05-20 00:00:00","3.5000","87.5000","87.5000","2012-05-19 22:00:00"
"13842","748","3","30","2012-04-18 00:00:00","2012-04-29 00:00:00","2012-04-18 00:00:00","2012-05-20 00:00:00","1.0000","14.5000","14.5000","2012-05-19 22:00:00"
"13842","748","5","45","2012-04-18 00:00:00","2012-04-29 00:00:00","2012-04-18 00:00:00","2012-05-20 00:00:00","2.0000","36.0000","36.0000","2012-05-19 22:00:00"
"13842","748","6","50","2012-04-18 00:00:00","2012-04-29 00:00:00","2012-04-18 00:00:00","2012-05-20 00:00:00","3.0000","36.7500","36.7500","2012-05-19 22:00:00"
"13842","748","7","60","2012-04-18 00:00:00","2012-04-29 00:00:00","2012-04-18 00:00:00","2012-05-20 00:00:00","4.0000","49.0000","49.0000","2012-05-19 22:00:00"
"13843","807","6","50","2012-04-18 00:00:00","2012-04-29 00:00:00","2012-04-18 00:00:00","2012-05-20 00:00:00","3.0000","36.7500","36.7500","2012-05-19 22:00:00"
"13844","810","1","10","2012-04-18 00:00:00","2012-04-29 00:00:00","2012-04-18 00:00:00","2012-05-20 00:00:00","4.1000","92.2500","92.2500","2012-05-19 22:00:00"
"13844","810","2","20","2012-04-18 00:00:00","2012-04-29 00:00:00","2012-04-18 00:00:00","2012-05-20 00:00:00","3.5000","87.5000","87.5000","2012-05-19 22:00:00"
"13844","810","6","50","2012-04-18 00:00:00","2012-04-29 00:00:00","2012-04-18 00:00:00","2012-05-20 00:00:00","3.0000","36.7500","36.7500","2012-05-19 22:00:00"
"13845","813","1","10","2012-04-18 00:00:00","2012-04-29 00:00:00","2012-04-18 00:00:00","2012-05-20 00:00:00","4.1000","92.2500","92.2500","2012-05-19 22:00:00"
"13845","813","2","20","2012-04-18 00:00:00","2012-04-29 00:00:00","2012-04-18 00:00:00","2012-05-20 00:00:00","3.5000","87.5000","87.5000","2012-05-19 22:00:00"
"13845","813","6","50","2012-04-18 00:00:00","2012-04-29 00:00:00","2012-04-18 00:00:00","2012-05-20 00:00:00","3.0000","36.7500","36.7500","2012-05-19 22:00:00"
"13846","817","6","50","2012-04-18 00:00:00","2012-04-29 00:00:00","2012-04-18 00:00:00","2012-05-20 00:00:00","3.0000","36.7500","36.7500","2012-05-19 22:00:00"
"13847","820","6","50","2012-04-18 00:00:00","2012-04-29 00:00:00","2012-04-18 00:00:00","2012-05-20 00:00:00","3.0000","36.7500","36.7500","2012-05-19 22:00:00"
"13848","825","6","50","2012-04-18 00:00:00","2012-04-29 00:00:00","2012-04-18 00:00:00","2012-05-20 00:00:00","3.0000","36.7500","36.7500","2012-05-19 22:00:00"
"13849","828","6","50","2012-04-18 00:00:00","2012-04-29 00:00:00","2012-04-18 00:00:00","2012-05-20 00:00:00","3.0000","36.7500","36.7500","2012-05-19 22:00:00"
"13850","894","6","50","2012-04-18 00:00:00","2012-04-29 00:00:00","2012-04-18 00:00:00","2012-05-20 00:00:00","3.0000","36.7500","36.7500","2012-05-19 22:00:00"
"13851","945","1","10","2012-04-18 00:00:00","2012-04-29 00:00:00","2012-04-18 00:00:00","2012-05-20 00:00:00","4.1000","92.2500","92.2500","2012-05-19 22:00:00"
"13851","945","6","50","2012-04-18 00:00:00","2012-04-29 00:00:00","2012-04-18 00:00:00","2012-05-20 00:00:00","3.0000","36.7500","36.7500","2012-05-19 22:00:00"
"13852","951","6","50","2012-04-18 00:00:00","2012-04-29 00:00:00","2012-04-18 00:00:00","2012-05-20 00:00:00","3.0000","36.7500","36.7500","2012-05-19 22:00:00"
"13853","996","6","50","2012-04-18 00:00:00","2012-04-29 00:00:00","2012-04-18 00:00:00","2012-05-20 00:00:00","3.0000","36.7500","36.7500","2012-05-19 22:00:00"
"13866","804","1","10","2012-04-18 00:00:00","2012-04-29 00:00:00","2012-04-18 00:00:00","2012-05-20 00:00:00","4.1000","92.2500","92.2500","2012-05-19 22:00:00"
"13866","804","6","50","2012-04-18 00:00:00","2012-04-29 00:00:00","2012-04-18 00:00:00","2012-05-20 00:00:00","3.0000","36.7500","36.7500","2012-05-19 22:00:00"
"13871","749","7","60","2012-04-19 00:00:00","2012-04-30 00:00:00","2012-04-30 00:00:00","2012-05-01 00:00:00","4.0000","49.0000","49.0000","2012-04-30 22:00:00"
"13872","750","7","60","2012-04-19 00:00:00","2012-04-30 00:00:00","2012-04-30 00:00:00","2012-05-01 00:00:00","4.0000","49.0000","49.0000","2012-04-30 22:00:00"
"13873","751","7","60","2012-04-19 00:00:00","2012-04-30 00:00:00","2012-04-30 00:00:00","2012-05-01 00:00:00","4.0000","49.0000","49.0000","2012-04-30 22:00:00"
"13874","753","7","60","2012-04-19 00:00:00","2012-04-30 00:00:00","2012-04-30 00:00:00","2012-05-01 00:00:00","4.0000","49.0000","49.0000","2012-04-30 22:00:00"
"13875","772","7","60","2012-04-19 00:00:00","2012-04-30 00:00:00","2012-04-30 00:00:00","2012-05-01 00:00:00","4.0000","49.0000","49.0000","2012-04-30 22:00:00"
"13876","516","6","50","2012-04-19 00:00:00","2012-04-30 00:00:00","2012-04-30 00:00:00","2012-05-01 00:00:00","3.0000","36.7500","36.7500","2012-04-30 22:00:00"
"13876","516","7","60","2012-04-19 00:00:00","2012-04-30 00:00:00","2012-04-30 00:00:00","2012-05-01 00:00:00","4.0000","49.0000","49.0000","2012-04-30 22:00:00"
"13877","519","6","50","2012-04-19 00:00:00","2012-04-30 00:00:00","2012-04-30 00:00:00","2012-05-01 00:00:00","3.0000","36.7500","36.7500","2012-04-30 22:00:00"
"13877","519","7","60","2012-04-19 00:00:00","2012-04-30 00:00:00","2012-04-30 00:00:00","2012-05-01 00:00:00","4.0000","49.0000","49.0000","2012-04-30 22:00:00"
"13883","807","6","50","2012-04-19 00:00:00","2012-04-30 00:00:00","2012-04-30 00:00:00","2012-05-01 00:00:00","3.0000","36.7500","36.7500","2012-04-30 22:00:00"
"13884","810","1","10","2012-04-19 00:00:00","2012-04-30 00:00:00","2012-04-30 00:00:00","2012-05-01 00:00:00","4.1000","92.2500","92.2500","2012-04-30 22:00:00"
"13884","810","2","20","2012-04-19 00:00:00","2012-04-30 00:00:00","2012-04-30 00:00:00","2012-05-01 00:00:00","3.5000","87.5000","87.5000","2012-04-30 22:00:00"
"13884","810","6","50","2012-04-19 00:00:00","2012-04-30 00:00:00","2012-04-30 00:00:00","2012-05-01 00:00:00","3.0000","36.7500","36.7500","2012-04-30 22:00:00"
"13885","813","1","10","2012-04-19 00:00:00","2012-04-30 00:00:00","2012-04-30 00:00:00","2012-05-01 00:00:00","4.1000","92.2500","92.2500","2012-04-30 22:00:00"
"13885","813","2","20","2012-04-19 00:00:00","2012-04-30 00:00:00","2012-04-30 00:00:00","2012-05-01 00:00:00","3.5000","87.5000","87.5000","2012-04-30 22:00:00"
"13885","813","6","50","2012-04-19 00:00:00","2012-04-30 00:00:00","2012-04-30 00:00:00","2012-05-01 00:00:00","3.0000","36.7500","36.7500","2012-04-30 22:00:00"
"13886","817","6","50","2012-04-19 00:00:00","2012-04-30 00:00:00","2012-04-30 00:00:00","2012-05-01 00:00:00","3.0000","36.7500","36.7500","2012-04-30 22:00:00"
"13887","820","6","50","2012-04-19 00:00:00","2012-04-30 00:00:00","2012-04-30 00:00:00","2012-05-01 00:00:00","3.0000","36.7500","36.7500","2012-04-30 22:00:00"
"13888","825","6","50","2012-04-19 00:00:00","2012-04-30 00:00:00","2012-04-30 00:00:00","2012-05-01 00:00:00","3.0000","36.7500","36.7500","2012-04-30 22:00:00"
"13889","828","6","50","2012-04-19 00:00:00","2012-04-30 00:00:00","2012-04-30 00:00:00","2012-05-01 00:00:00","3.0000","36.7500","36.7500","2012-04-30 22:00:00"
"13890","894","6","50","2012-04-19 00:00:00","2012-04-30 00:00:00","2012-04-30 00:00:00","2012-05-01 00:00:00","3.0000","36.7500","36.7500","2012-04-30 22:00:00"
"13891","945","1","10","2012-04-19 00:00:00","2012-04-30 00:00:00","2012-04-30 00:00:00","2012-05-01 00:00:00","4.1000","92.2500","92.2500","2012-04-30 22:00:00"
"13891","945","6","50","2012-04-19 00:00:00","2012-04-30 00:00:00","2012-04-30 00:00:00","2012-05-01 00:00:00","3.0000","36.7500","36.7500","2012-04-30 22:00:00"
"13892","951","6","50","2012-04-19 00:00:00","2012-04-30 00:00:00","2012-04-30 00:00:00","2012-05-01 00:00:00","3.0000","36.7500","36.7500","2012-04-30 22:00:00"
"13893","996","6","50","2012-04-19 00:00:00","2012-04-30 00:00:00","2012-04-30 00:00:00","2012-05-01 00:00:00","3.0000","36.7500","36.7500","2012-04-30 22:00:00"
"13906","804","1","10","2012-04-19 00:00:00","2012-04-30 00:00:00","2012-04-30 00:00:00","2012-05-01 00:00:00","4.1000","92.2500","92.2500","2012-04-30 22:00:00"
"13906","804","6","50","2012-04-19 00:00:00","2012-04-30 00:00:00","2012-04-30 00:00:00","2012-05-01 00:00:00","3.0000","36.7500","36.7500","2012-04-30 22:00:00"
"13911","752","7","60","2012-04-20 00:00:00","2012-05-01 00:00:00","2012-04-20 00:00:00","2012-05-01 00:00:00","4.0000","49.0000","49.0000","2012-04-30 22:00:00"
"13912","753","7","60","2012-04-20 00:00:00","2012-05-01 00:00:00","2012-04-20 00:00:00","2012-05-01 00:00:00","4.0000","49.0000","49.0000","2012-04-30 22:00:00"
"13913","761","7","60","2012-04-20 00:00:00","2012-05-01 00:00:00","2012-04-20 00:00:00","2012-05-01 00:00:00","4.0000","49.0000","49.0000","2012-04-30 22:00:00"
"13914","766","7","60","2012-04-20 00:00:00","2012-05-01 00:00:00","2012-04-20 00:00:00","2012-05-01 00:00:00","4.0000","49.0000","49.0000","2012-04-30 22:00:00"
"13915","774","7","60","2012-04-20 00:00:00","2012-05-01 00:00:00","2012-04-20 00:00:00","2012-05-01 00:00:00","4.0000","49.0000","49.0000","2012-04-30 22:00:00"
"13916","777","7","60","2012-04-20 00:00:00","2012-05-01 00:00:00","2012-04-20 00:00:00","2012-05-01 00:00:00","4.0000","49.0000","49.0000","2012-04-30 22:00:00"
"13917","516","6","50","2012-04-20 00:00:00","2012-05-01 00:00:00","2012-04-20 00:00:00","2012-05-01 00:00:00","3.0000","36.7500","36.7500","2012-04-30 22:00:00"
"13917","516","7","60","2012-04-20 00:00:00","2012-05-01 00:00:00","2012-04-20 00:00:00","2012-05-01 00:00:00","4.0000","49.0000","49.0000","2012-04-30 22:00:00"
"13918","517","6","50","2012-04-20 00:00:00","2012-05-01 00:00:00","2012-04-20 00:00:00","2012-05-01 00:00:00","3.0000","36.7500","36.7500","2012-04-30 22:00:00"
"13918","517","7","60","2012-04-20 00:00:00","2012-05-01 00:00:00","2012-04-20 00:00:00","2012-05-01 00:00:00","4.0000","49.0000","49.0000","2012-04-30 22:00:00"
"13919","519","6","50","2012-04-20 00:00:00","2012-05-01 00:00:00","2012-04-20 00:00:00","2012-05-01 00:00:00","3.0000","36.7500","36.7500","2012-04-30 22:00:00"
"13919","519","7","60","2012-04-20 00:00:00","2012-05-01 00:00:00","2012-04-20 00:00:00","2012-05-01 00:00:00","4.0000","49.0000","49.0000","2012-04-30 22:00:00"
"13926","806","6","50","2012-04-20 00:00:00","2012-05-01 00:00:00","2012-04-20 00:00:00","2012-05-01 00:00:00","3.0000","36.7500","36.7500","2012-04-30 22:00:00"
"13927","807","6","50","2012-04-20 00:00:00","2012-05-01 00:00:00","2012-04-20 00:00:00","2012-05-01 00:00:00","3.0000","36.7500","36.7500","2012-04-30 22:00:00"
"13928","810","1","10","2012-04-20 00:00:00","2012-05-01 00:00:00","2012-04-20 00:00:00","2012-05-01 00:00:00","4.1000","92.2500","92.2500","2012-04-30 22:00:00"
"13928","810","2","20","2012-04-20 00:00:00","2012-05-01 00:00:00","2012-04-20 00:00:00","2012-05-01 00:00:00","3.5000","87.5000","87.5000","2012-04-30 22:00:00"
"13928","810","6","50","2012-04-20 00:00:00","2012-05-01 00:00:00","2012-04-20 00:00:00","2012-05-01 00:00:00","3.0000","36.7500","36.7500","2012-04-30 22:00:00"
"13929","811","1","10","2012-04-20 00:00:00","2012-05-01 00:00:00","2012-04-20 00:00:00","2012-05-01 00:00:00","4.1000","92.2500","92.2500","2012-04-30 22:00:00"
"13929","811","2","20","2012-04-20 00:00:00","2012-05-01 00:00:00","2012-04-20 00:00:00","2012-05-01 00:00:00","3.5000","87.5000","87.5000","2012-04-30 22:00:00"
"13929","811","6","50","2012-04-20 00:00:00","2012-05-01 00:00:00","2012-04-20 00:00:00","2012-05-01 00:00:00","3.0000","36.7500","36.7500","2012-04-30 22:00:00"
"13930","813","1","10","2012-04-20 00:00:00","2012-05-01 00:00:00","2012-04-20 00:00:00","2012-05-01 00:00:00","4.1000","92.2500","92.2500","2012-04-30 22:00:00"
"13930","813","2","20","2012-04-20 00:00:00","2012-05-01 00:00:00","2012-04-20 00:00:00","2012-05-01 00:00:00","3.5000","87.5000","87.5000","2012-04-30 22:00:00"
"13930","813","6","50","2012-04-20 00:00:00","2012-05-01 00:00:00","2012-04-20 00:00:00","2012-05-01 00:00:00","3.0000","36.7500","36.7500","2012-04-30 22:00:00"
"13931","817","6","50","2012-04-20 00:00:00","2012-05-01 00:00:00","2012-04-20 00:00:00","2012-05-01 00:00:00","3.0000","36.7500","36.7500","2012-04-30 22:00:00"
"13932","818","6","50","2012-04-20 00:00:00","2012-05-01 00:00:00","2012-04-20 00:00:00","2012-05-01 00:00:00","3.0000","36.7500","36.7500","2012-04-30 22:00:00"
"13933","820","6","50","2012-04-20 00:00:00","2012-05-01 00:00:00","2012-04-20 00:00:00","2012-05-01 00:00:00","3.0000","36.7500","36.7500","2012-04-30 22:00:00"
"13934","825","6","50","2012-04-20 00:00:00","2012-05-01 00:00:00","2012-04-20 00:00:00","2012-05-01 00:00:00","3.0000","36.7500","36.7500","2012-04-30 22:00:00"
"13935","826","6","50","2012-04-20 00:00:00","2012-05-01 00:00:00","2012-04-20 00:00:00","2012-05-01 00:00:00","3.0000","36.7500","36.7500","2012-04-30 22:00:00"
"13936","828","6","50","2012-04-20 00:00:00","2012-05-01 00:00:00","2012-04-20 00:00:00","2012-05-01 00:00:00","3.0000","36.7500","36.7500","2012-04-30 22:00:00"
"13937","894","6","50","2012-04-20 00:00:00","2012-05-01 00:00:00","2012-04-20 00:00:00","2012-05-01 00:00:00","3.0000","36.7500","36.7500","2012-04-30 22:00:00"
"13938","945","1","10","2012-04-20 00:00:00","2012-05-01 00:00:00","2012-04-20 00:00:00","2012-05-01 00:00:00","4.1000","92.2500","92.2500","2012-04-30 22:00:00"
"13938","945","6","50","2012-04-20 00:00:00","2012-05-01 00:00:00","2012-04-20 00:00:00","2012-05-01 00:00:00","3.0000","36.7500","36.7500","2012-04-30 22:00:00"
"13939","950","6","50","2012-04-20 00:00:00","2012-05-01 00:00:00","2012-04-20 00:00:00","2012-05-01 00:00:00","3.0000","36.7500","36.7500","2012-04-30 22:00:00"
"13940","951","6","50","2012-04-20 00:00:00","2012-05-01 00:00:00","2012-04-20 00:00:00","2012-05-01 00:00:00","3.0000","36.7500","36.7500","2012-04-30 22:00:00"
"13941","994","6","50","2012-04-20 00:00:00","2012-05-01 00:00:00","2012-04-20 00:00:00","2012-05-01 00:00:00","3.0000","36.7500","36.7500","2012-04-30 22:00:00"
"13942","996","6","50","2012-04-20 00:00:00","2012-05-01 00:00:00","2012-04-20 00:00:00","2012-05-01 00:00:00","3.0000","36.7500","36.7500","2012-04-30 22:00:00"
"13956","802","1","10","2012-04-20 00:00:00","2012-05-01 00:00:00","2012-04-20 00:00:00","2012-05-01 00:00:00","4.1000","92.2500","92.2500","2012-04-30 22:00:00"
"13956","802","6","50","2012-04-20 00:00:00","2012-05-01 00:00:00","2012-04-20 00:00:00","2012-05-01 00:00:00","3.0000","36.7500","36.7500","2012-04-30 22:00:00"
"13957","804","1","10","2012-04-20 00:00:00","2012-05-01 00:00:00","2012-04-20 00:00:00","2012-05-01 00:00:00","4.1000","92.2500","92.2500","2012-04-30 22:00:00"
"13957","804","6","50","2012-04-20 00:00:00","2012-05-01 00:00:00","2012-04-20 00:00:00","2012-05-01 00:00:00","3.0000","36.7500","36.7500","2012-04-30 22:00:00"
"13962","749","7","60","2012-04-21 00:00:00","2012-05-02 00:00:00","2012-05-04 00:00:00","2012-05-05 00:00:00","4.0000","49.0000","49.0000","2012-05-04 22:00:00"
"13963","750","7","60","2012-04-21 00:00:00","2012-05-02 00:00:00","2012-05-04 00:00:00","2012-05-05 00:00:00","4.0000","49.0000","49.0000","2012-05-04 22:00:00"
"13964","751","7","60","2012-04-21 00:00:00","2012-05-02 00:00:00","2012-05-04 00:00:00","2012-05-05 00:00:00","4.0000","49.0000","49.0000","2012-05-04 22:00:00"
"13965","752","7","60","2012-04-21 00:00:00","2012-05-02 00:00:00","2012-05-04 00:00:00","2012-05-05 00:00:00","4.0000","49.0000","49.0000","2012-05-04 22:00:00"
"13966","753","7","60","2012-04-21 00:00:00","2012-05-02 00:00:00","2012-05-04 00:00:00","2012-05-05 00:00:00","4.0000","49.0000","49.0000","2012-05-04 22:00:00"
"13967","773","7","60","2012-04-21 00:00:00","2012-05-02 00:00:00","2012-05-04 00:00:00","2012-05-05 00:00:00","4.0000","49.0000","49.0000","2012-05-04 22:00:00"
"13968","516","6","50","2012-04-21 00:00:00","2012-05-02 00:00:00","2012-05-04 00:00:00","2012-05-05 00:00:00","3.0000","36.7500","36.7500","2012-05-04 22:00:00"
"13968","516","7","60","2012-04-21 00:00:00","2012-05-02 00:00:00","2012-05-04 00:00:00","2012-05-05 00:00:00","4.0000","49.0000","49.0000","2012-05-04 22:00:00"
"13969","519","6","50","2012-04-21 00:00:00","2012-05-02 00:00:00","2012-05-04 00:00:00","2012-05-05 00:00:00","3.0000","36.7500","36.7500","2012-05-04 22:00:00"
"13969","519","7","60","2012-04-21 00:00:00","2012-05-02 00:00:00","2012-05-04 00:00:00","2012-05-05 00:00:00","4.0000","49.0000","49.0000","2012-05-04 22:00:00"
"13976","807","6","50","2012-04-21 00:00:00","2012-05-02 00:00:00","2012-05-04 00:00:00","2012-05-05 00:00:00","3.0000","36.7500","36.7500","2012-05-04 22:00:00"
"13977","810","1","10","2012-04-21 00:00:00","2012-05-02 00:00:00","2012-05-04 00:00:00","2012-05-05 00:00:00","4.1000","92.2500","92.2500","2012-05-04 22:00:00"
"13977","810","2","20","2012-04-21 00:00:00","2012-05-02 00:00:00","2012-05-04 00:00:00","2012-05-05 00:00:00","3.5000","87.5000","87.5000","2012-05-04 22:00:00"
"13977","810","6","50","2012-04-21 00:00:00","2012-05-02 00:00:00","2012-05-04 00:00:00","2012-05-05 00:00:00","3.0000","36.7500","36.7500","2012-05-04 22:00:00"
"13978","813","1","10","2012-04-21 00:00:00","2012-05-02 00:00:00","2012-05-04 00:00:00","2012-05-05 00:00:00","4.1000","92.2500","92.2500","2012-05-04 22:00:00"
"13978","813","2","20","2012-04-21 00:00:00","2012-05-02 00:00:00","2012-05-04 00:00:00","2012-05-05 00:00:00","3.5000","87.5000","87.5000","2012-05-04 22:00:00"
"13978","813","6","50","2012-04-21 00:00:00","2012-05-02 00:00:00","2012-05-04 00:00:00","2012-05-05 00:00:00","3.0000","36.7500","36.7500","2012-05-04 22:00:00"
"13979","817","6","50","2012-04-21 00:00:00","2012-05-02 00:00:00","2012-05-04 00:00:00","2012-05-05 00:00:00","3.0000","36.7500","36.7500","2012-05-04 22:00:00"
"13980","820","6","50","2012-04-21 00:00:00","2012-05-02 00:00:00","2012-05-04 00:00:00","2012-05-05 00:00:00","3.0000","36.7500","36.7500","2012-05-04 22:00:00"
"13981","825","6","50","2012-04-21 00:00:00","2012-05-02 00:00:00","2012-05-04 00:00:00","2012-05-05 00:00:00","3.0000","36.7500","36.7500","2012-05-04 22:00:00"
"13982","828","6","50","2012-04-21 00:00:00","2012-05-02 00:00:00","2012-05-04 00:00:00","2012-05-05 00:00:00","3.0000","36.7500","36.7500","2012-05-04 22:00:00"
"13983","894","6","50","2012-04-21 00:00:00","2012-05-02 00:00:00","2012-05-04 00:00:00","2012-05-05 00:00:00","3.0000","36.7500","36.7500","2012-05-04 22:00:00"
"13984","945","1","10","2012-04-21 00:00:00","2012-05-02 00:00:00","2012-05-04 00:00:00","2012-05-05 00:00:00","4.1000","92.2500","92.2500","2012-05-04 22:00:00"
"13984","945","6","50","2012-04-21 00:00:00","2012-05-02 00:00:00","2012-05-04 00:00:00","2012-05-05 00:00:00","3.0000","36.7500","36.7500","2012-05-04 22:00:00"
"13985","951","6","50","2012-04-21 00:00:00","2012-05-02 00:00:00","2012-05-04 00:00:00","2012-05-05 00:00:00","3.0000","36.7500","36.7500","2012-05-04 22:00:00"
"13986","996","6","50","2012-04-21 00:00:00","2012-05-02 00:00:00","2012-05-04 00:00:00","2012-05-05 00:00:00","3.0000","36.7500","36.7500","2012-05-04 22:00:00"
"13999","804","1","10","2012-04-21 00:00:00","2012-05-02 00:00:00","2012-05-04 00:00:00","2012-05-05 00:00:00","4.1000","92.2500","92.2500","2012-05-04 22:00:00"
"13999","804","6","50","2012-04-21 00:00:00","2012-05-02 00:00:00","2012-05-04 00:00:00","2012-05-05 00:00:00","3.0000","36.7500","36.7500","2012-05-04 22:00:00"
"14004","749","7","60","2012-04-22 00:00:00","2012-05-03 00:00:00","2012-04-22 00:00:00","2012-05-03 00:00:00","4.0000","49.0000","49.0000","2012-05-02 22:00:00"
"14005","752","7","60","2012-04-22 00:00:00","2012-05-03 00:00:00","2012-04-22 00:00:00","2012-05-03 00:00:00","4.0000","49.0000","49.0000","2012-05-02 22:00:00"
"14006","775","7","60","2012-04-22 00:00:00","2012-05-03 00:00:00","2012-04-22 00:00:00","2012-05-03 00:00:00","4.0000","49.0000","49.0000","2012-05-02 22:00:00"
"14007","516","6","50","2012-04-22 00:00:00","2012-05-03 00:00:00","2012-04-22 00:00:00","2012-05-03 00:00:00","3.0000","36.7500","36.7500","2012-05-02 22:00:00"
"14007","516","7","60","2012-04-22 00:00:00","2012-05-03 00:00:00","2012-04-22 00:00:00","2012-05-03 00:00:00","4.0000","49.0000","49.0000","2012-05-02 22:00:00"
"14008","519","6","50","2012-04-22 00:00:00","2012-05-03 00:00:00","2012-04-22 00:00:00","2012-05-03 00:00:00","3.0000","36.7500","36.7500","2012-05-02 22:00:00"
"14008","519","7","60","2012-04-22 00:00:00","2012-05-03 00:00:00","2012-04-22 00:00:00","2012-05-03 00:00:00","4.0000","49.0000","49.0000","2012-05-02 22:00:00"
"14011","747","1","10","2012-04-22 00:00:00","2012-05-03 00:00:00","2012-04-22 00:00:00","2012-05-03 00:00:00","4.1000","92.2500","92.2500","2012-05-02 22:00:00"
"14011","747","2","20","2012-04-22 00:00:00","2012-05-03 00:00:00","2012-04-22 00:00:00","2012-05-03 00:00:00","3.5000","87.5000","87.5000","2012-05-02 22:00:00"
"14011","747","3","30","2012-04-22 00:00:00","2012-05-03 00:00:00","2012-04-22 00:00:00","2012-05-03 00:00:00","1.0000","14.5000","14.5000","2012-05-02 22:00:00"
"14011","747","4","40","2012-04-22 00:00:00","2012-05-03 00:00:00","2012-04-22 00:00:00","2012-05-03 00:00:00","2.0000","31.5000","31.5000","2012-05-02 22:00:00"
"14011","747","6","50","2012-04-22 00:00:00","2012-05-03 00:00:00","2012-04-22 00:00:00","2012-05-03 00:00:00","3.0000","36.7500","36.7500","2012-05-02 22:00:00"
"14011","747","7","60","2012-04-22 00:00:00","2012-05-03 00:00:00","2012-04-22 00:00:00","2012-05-03 00:00:00","4.0000","49.0000","49.0000","2012-05-02 22:00:00"
"14012","807","6","50","2012-04-22 00:00:00","2012-05-03 00:00:00","2012-04-22 00:00:00","2012-05-03 00:00:00","3.0000","36.7500","36.7500","2012-05-02 22:00:00"
"14013","810","1","10","2012-04-22 00:00:00","2012-05-03 00:00:00","2012-04-22 00:00:00","2012-05-03 00:00:00","4.1000","92.2500","92.2500","2012-05-02 22:00:00"
"14013","810","2","20","2012-04-22 00:00:00","2012-05-03 00:00:00","2012-04-22 00:00:00","2012-05-03 00:00:00","3.5000","87.5000","87.5000","2012-05-02 22:00:00"
"14013","810","6","50","2012-04-22 00:00:00","2012-05-03 00:00:00","2012-04-22 00:00:00","2012-05-03 00:00:00","3.0000","36.7500","36.7500","2012-05-02 22:00:00"
"14014","813","1","10","2012-04-22 00:00:00","2012-05-03 00:00:00","2012-04-22 00:00:00","2012-05-03 00:00:00","4.1000","92.2500","92.2500","2012-05-02 22:00:00"
"14014","813","2","20","2012-04-22 00:00:00","2012-05-03 00:00:00","2012-04-22 00:00:00","2012-05-03 00:00:00","3.5000","87.5000","87.5000","2012-05-02 22:00:00"
"14014","813","6","50","2012-04-22 00:00:00","2012-05-03 00:00:00","2012-04-22 00:00:00","2012-05-03 00:00:00","3.0000","36.7500","36.7500","2012-05-02 22:00:00"
"14015","817","6","50","2012-04-22 00:00:00","2012-05-03 00:00:00","2012-04-22 00:00:00","2012-05-03 00:00:00","3.0000","36.7500","36.7500","2012-05-02 22:00:00"
"14016","820","6","50","2012-04-22 00:00:00","2012-05-03 00:00:00","2012-04-22 00:00:00","2012-05-03 00:00:00","3.0000","36.7500","36.7500","2012-05-02 22:00:00"
"14017","825","6","50","2012-04-22 00:00:00","2012-05-03 00:00:00","2012-04-22 00:00:00","2012-05-03 00:00:00","3.0000","36.7500","36.7500","2012-05-02 22:00:00"
"14018","828","6","50","2012-04-22 00:00:00","2012-05-03 00:00:00","2012-04-22 00:00:00","2012-05-03 00:00:00","3.0000","36.7500","36.7500","2012-05-02 22:00:00"
"14019","894","6","50","2012-04-22 00:00:00","2012-05-03 00:00:00","2012-04-22 00:00:00","2012-05-03 00:00:00","3.0000","36.7500","36.7500","2012-05-02 22:00:00"
"14020","945","1","10","2012-04-22 00:00:00","2012-05-03 00:00:00","2012-04-22 00:00:00","2012-05-03 00:00:00","4.1000","92.2500","92.2500","2012-05-02 22:00:00"
"14020","945","6","50","2012-04-22 00:00:00","2012-05-03 00:00:00","2012-04-22 00:00:00","2012-05-03 00:00:00","3.0000","36.7500","36.7500","2012-05-02 22:00:00"
"14021","951","6","50","2012-04-22 00:00:00","2012-05-03 00:00:00","2012-04-22 00:00:00","2012-05-03 00:00:00","3.0000","36.7500","36.7500","2012-05-02 22:00:00"
"14022","996","6","50","2012-04-22 00:00:00","2012-05-03 00:00:00","2012-04-22 00:00:00","2012-05-03 00:00:00","3.0000","36.7500","36.7500","2012-05-02 22:00:00"
"14035","804","1","10","2012-04-22 00:00:00","2012-05-03 00:00:00","2012-04-22 00:00:00","2012-05-03 00:00:00","4.1000","92.2500","92.2500","2012-05-02 22:00:00"
"14035","804","6","50","2012-04-22 00:00:00","2012-05-03 00:00:00","2012-04-22 00:00:00","2012-05-03 00:00:00","3.0000","36.7500","36.7500","2012-05-02 22:00:00"
"14040","750","7","60","2012-04-23 00:00:00","2012-05-04 00:00:00","2012-05-08 00:00:00","2012-05-09 00:00:00","4.0000","49.0000","49.0000","2012-05-08 22:00:00"
"14041","751","7","60","2012-04-23 00:00:00","2012-05-04 00:00:00","2012-05-08 00:00:00","2012-05-09 00:00:00","4.0000","49.0000","49.0000","2012-05-08 22:00:00"
"14042","753","7","60","2012-04-23 00:00:00","2012-05-04 00:00:00","2012-05-08 00:00:00","2012-05-09 00:00:00","4.0000","49.0000","49.0000","2012-05-08 22:00:00"
"14043","777","7","60","2012-04-23 00:00:00","2012-05-04 00:00:00","2012-05-08 00:00:00","2012-05-09 00:00:00","4.0000","49.0000","49.0000","2012-05-08 22:00:00"
"14044","516","6","50","2012-04-23 00:00:00","2012-05-04 00:00:00","2012-05-08 00:00:00","2012-05-09 00:00:00","3.0000","36.7500","36.7500","2012-05-08 22:00:00"
"14044","516","7","60","2012-04-23 00:00:00","2012-05-04 00:00:00","2012-05-08 00:00:00","2012-05-09 00:00:00","4.0000","49.0000","49.0000","2012-05-08 22:00:00"
"14045","519","6","50","2012-04-23 00:00:00","2012-05-04 00:00:00","2012-05-08 00:00:00","2012-05-09 00:00:00","3.0000","36.7500","36.7500","2012-05-08 22:00:00"
"14045","519","7","60","2012-04-23 00:00:00","2012-05-04 00:00:00","2012-05-08 00:00:00","2012-05-09 00:00:00","4.0000","49.0000","49.0000","2012-05-08 22:00:00"
"14050","807","6","50","2012-04-23 00:00:00","2012-05-04 00:00:00","2012-05-08 00:00:00","2012-05-09 00:00:00","3.0000","36.7500","36.7500","2012-05-08 22:00:00"
"14051","810","1","10","2012-04-23 00:00:00","2012-05-04 00:00:00","2012-05-08 00:00:00","2012-05-09 00:00:00","4.1000","92.2500","92.2500","2012-05-08 22:00:00"
"14051","810","2","20","2012-04-23 00:00:00","2012-05-04 00:00:00","2012-05-08 00:00:00","2012-05-09 00:00:00","3.5000","87.5000","87.5000","2012-05-08 22:00:00"
"14051","810","6","50","2012-04-23 00:00:00","2012-05-04 00:00:00","2012-05-08 00:00:00","2012-05-09 00:00:00","3.0000","36.7500","36.7500","2012-05-08 22:00:00"
"14052","813","1","10","2012-04-23 00:00:00","2012-05-04 00:00:00","2012-05-08 00:00:00","2012-05-09 00:00:00","4.1000","92.2500","92.2500","2012-05-08 22:00:00"
"14052","813","2","20","2012-04-23 00:00:00","2012-05-04 00:00:00","2012-05-08 00:00:00","2012-05-09 00:00:00","3.5000","87.5000","87.5000","2012-05-08 22:00:00"
"14052","813","6","50","2012-04-23 00:00:00","2012-05-04 00:00:00","2012-05-08 00:00:00","2012-05-09 00:00:00","3.0000","36.7500","36.7500","2012-05-08 22:00:00"
"14053","817","6","50","2012-04-23 00:00:00","2012-05-04 00:00:00","2012-05-08 00:00:00","2012-05-09 00:00:00","3.0000","36.7500","36.7500","2012-05-08 22:00:00"
"14054","820","6","50","2012-04-23 00:00:00","2012-05-04 00:00:00","2012-05-08 00:00:00","2012-05-09 00:00:00","3.0000","36.7500","36.7500","2012-05-08 22:00:00"
"14055","825","6","50","2012-04-23 00:00:00","2012-05-04 00:00:00","2012-05-08 00:00:00","2012-05-09 00:00:00","3.0000","36.7500","36.7500","2012-05-08 22:00:00"
"14056","828","6","50","2012-04-23 00:00:00","2012-05-04 00:00:00","2012-05-08 00:00:00","2012-05-09 00:00:00","3.0000","36.7500","36.7500","2012-05-08 22:00:00"
"14057","894","6","50","2012-04-23 00:00:00","2012-05-04 00:00:00","2012-05-08 00:00:00","2012-05-09 00:00:00","3.0000","36.7500","36.7500","2012-05-08 22:00:00"
"14058","945","1","10","2012-04-23 00:00:00","2012-05-04 00:00:00","2012-05-08 00:00:00","2012-05-09 00:00:00","4.1000","92.2500","92.2500","2012-05-08 22:00:00"
"14058","945","6","50","2012-04-23 00:00:00","2012-05-04 00:00:00","2012-05-08 00:00:00","2012-05-09 00:00:00","3.0000","36.7500","36.7500","2012-05-08 22:00:00"
"14059","951","6","50","2012-04-23 00:00:00","2012-05-04 00:00:00","2012-05-08 00:00:00","2012-05-09 00:00:00","3.0000","36.7500","36.7500","2012-05-08 22:00:00"
"14060","996","6","50","2012-04-23 00:00:00","2012-05-04 00:00:00","2012-05-08 00:00:00","2012-05-09 00:00:00","3.0000","36.7500","36.7500","2012-05-08 22:00:00"
"14073","804","1","10","2012-04-23 00:00:00","2012-05-04 00:00:00","2012-05-08 00:00:00","2012-05-09 00:00:00","4.1000","92.2500","92.2500","2012-05-08 22:00:00"
"14073","804","6","50","2012-04-23 00:00:00","2012-05-04 00:00:00","2012-05-08 00:00:00","2012-05-09 00:00:00","3.0000","36.7500","36.7500","2012-05-08 22:00:00"
"14078","750","7","60","2012-04-24 00:00:00","2012-05-05 00:00:00","2012-04-24 00:00:00","2012-05-05 00:00:00","4.0000","49.0000","49.0000","2012-05-04 22:00:00"
"14079","751","7","60","2012-04-24 00:00:00","2012-05-05 00:00:00","2012-04-24 00:00:00","2012-05-05 00:00:00","4.0000","49.0000","49.0000","2012-05-04 22:00:00"
"14080","752","7","60","2012-04-24 00:00:00","2012-05-05 00:00:00","2012-04-24 00:00:00","2012-05-05 00:00:00","4.0000","49.0000","49.0000","2012-05-04 22:00:00"
"14081","777","7","60","2012-04-24 00:00:00","2012-05-05 00:00:00","2012-04-24 00:00:00","2012-05-05 00:00:00","4.0000","49.0000","49.0000","2012-05-04 22:00:00"
"14082","778","7","60","2012-04-24 00:00:00","2012-05-05 00:00:00","2012-04-24 00:00:00","2012-05-05 00:00:00","4.0000","49.0000","49.0000","2012-05-04 22:00:00"
"14083","516","6","50","2012-04-24 00:00:00","2012-05-05 00:00:00","2012-04-24 00:00:00","2012-05-05 00:00:00","3.0000","36.7500","36.7500","2012-05-04 22:00:00"
"14083","516","7","60","2012-04-24 00:00:00","2012-05-05 00:00:00","2012-04-24 00:00:00","2012-05-05 00:00:00","4.0000","49.0000","49.0000","2012-05-04 22:00:00"
"14084","519","6","50","2012-04-24 00:00:00","2012-05-05 00:00:00","2012-04-24 00:00:00","2012-05-05 00:00:00","3.0000","36.7500","36.7500","2012-05-04 22:00:00"
"14084","519","7","60","2012-04-24 00:00:00","2012-05-05 00:00:00","2012-04-24 00:00:00","2012-05-05 00:00:00","4.0000","49.0000","49.0000","2012-05-04 22:00:00"
"14090","807","6","50","2012-04-24 00:00:00","2012-05-05 00:00:00","2012-04-24 00:00:00","2012-05-05 00:00:00","3.0000","36.7500","36.7500","2012-05-04 22:00:00"
"14091","810","1","10","2012-04-24 00:00:00","2012-05-05 00:00:00","2012-04-24 00:00:00","2012-05-05 00:00:00","4.1000","92.2500","92.2500","2012-05-04 22:00:00"
"14091","810","2","20","2012-04-24 00:00:00","2012-05-05 00:00:00","2012-04-24 00:00:00","2012-05-05 00:00:00","3.5000","87.5000","87.5000","2012-05-04 22:00:00"
"14091","810","6","50","2012-04-24 00:00:00","2012-05-05 00:00:00","2012-04-24 00:00:00","2012-05-05 00:00:00","3.0000","36.7500","36.7500","2012-05-04 22:00:00"
"14092","813","1","10","2012-04-24 00:00:00","2012-05-05 00:00:00","2012-04-24 00:00:00","2012-05-05 00:00:00","4.1000","92.2500","92.2500","2012-05-04 22:00:00"
"14092","813","2","20","2012-04-24 00:00:00","2012-05-05 00:00:00","2012-04-24 00:00:00","2012-05-05 00:00:00","3.5000","87.5000","87.5000","2012-05-04 22:00:00"
"14092","813","6","50","2012-04-24 00:00:00","2012-05-05 00:00:00","2012-04-24 00:00:00","2012-05-05 00:00:00","3.0000","36.7500","36.7500","2012-05-04 22:00:00"
"14093","817","6","50","2012-04-24 00:00:00","2012-05-05 00:00:00","2012-04-24 00:00:00","2012-05-05 00:00:00","3.0000","36.7500","36.7500","2012-05-04 22:00:00"
"14094","820","6","50","2012-04-24 00:00:00","2012-05-05 00:00:00","2012-04-24 00:00:00","2012-05-05 00:00:00","3.0000","36.7500","36.7500","2012-05-04 22:00:00"
"14095","825","6","50","2012-04-24 00:00:00","2012-05-05 00:00:00","2012-04-24 00:00:00","2012-05-05 00:00:00","3.0000","36.7500","36.7500","2012-05-04 22:00:00"
"14096","828","6","50","2012-04-24 00:00:00","2012-05-05 00:00:00","2012-04-24 00:00:00","2012-05-05 00:00:00","3.0000","36.7500","36.7500","2012-05-04 22:00:00"
"14097","894","6","50","2012-04-24 00:00:00","2012-05-05 00:00:00","2012-04-24 00:00:00","2012-05-05 00:00:00","3.0000","36.7500","36.7500","2012-05-04 22:00:00"
"14098","945","1","10","2012-04-24 00:00:00","2012-05-05 00:00:00","2012-04-24 00:00:00","2012-05-05 00:00:00","4.1000","92.2500","92.2500","2012-05-04 22:00:00"
"14098","945","6","50","2012-04-24 00:00:00","2012-05-05 00:00:00","2012-04-24 00:00:00","2012-05-05 00:00:00","3.0000","36.7500","36.7500","2012-05-04 22:00:00"
"14099","951","6","50","2012-04-24 00:00:00","2012-05-05 00:00:00","2012-04-24 00:00:00","2012-05-05 00:00:00","3.0000","36.7500","36.7500","2012-05-04 22:00:00"
"14100","996","6","50","2012-04-24 00:00:00","2012-05-05 00:00:00","2012-04-24 00:00:00","2012-05-05 00:00:00","3.0000","36.7500","36.7500","2012-05-04 22:00:00"
"14113","804","1","10","2012-04-24 00:00:00","2012-05-05 00:00:00","2012-04-24 00:00:00","2012-05-05 00:00:00","4.1000","92.2500","92.2500","2012-05-04 22:00:00"
"14113","804","6","50","2012-04-24 00:00:00","2012-05-05 00:00:00","2012-04-24 00:00:00","2012-05-05 00:00:00","3.0000","36.7500","36.7500","2012-05-04 22:00:00"
"14118","750","7","60","2012-04-25 00:00:00","2012-05-06 00:00:00","2012-05-12 00:00:00","2012-05-13 00:00:00","4.0000","49.0000","49.0000","2012-05-12 22:00:00"
"14119","751","7","60","2012-04-25 00:00:00","2012-05-06 00:00:00","2012-05-12 00:00:00","2012-05-13 00:00:00","4.0000","49.0000","49.0000","2012-05-12 22:00:00"
"14120","760","7","60","2012-04-25 00:00:00","2012-05-06 00:00:00","2012-05-12 00:00:00","2012-05-13 00:00:00","4.0000","49.0000","49.0000","2012-05-12 22:00:00"
"14121","762","7","60","2012-04-25 00:00:00","2012-05-06 00:00:00","2012-05-12 00:00:00","2012-05-13 00:00:00","4.0000","49.0000","49.0000","2012-05-12 22:00:00"
"14122","763","7","60","2012-04-25 00:00:00","2012-05-06 00:00:00","2012-05-12 00:00:00","2012-05-13 00:00:00","4.0000","49.0000","49.0000","2012-05-12 22:00:00"
"14123","772","7","60","2012-04-25 00:00:00","2012-05-06 00:00:00","2012-05-12 00:00:00","2012-05-13 00:00:00","4.0000","49.0000","49.0000","2012-05-12 22:00:00"
"14124","773","7","60","2012-04-25 00:00:00","2012-05-06 00:00:00","2012-05-12 00:00:00","2012-05-13 00:00:00","4.0000","49.0000","49.0000","2012-05-12 22:00:00"
"14125","774","7","60","2012-04-25 00:00:00","2012-05-06 00:00:00","2012-05-12 00:00:00","2012-05-13 00:00:00","4.0000","49.0000","49.0000","2012-05-12 22:00:00"
"14126","778","7","60","2012-04-25 00:00:00","2012-05-06 00:00:00","2012-05-12 00:00:00","2012-05-13 00:00:00","4.0000","49.0000","49.0000","2012-05-12 22:00:00"
"14127","516","6","50","2012-04-25 00:00:00","2012-05-06 00:00:00","2012-05-12 00:00:00","2012-05-13 00:00:00","3.0000","36.7500","36.7500","2012-05-12 22:00:00"
"14127","516","7","60","2012-04-25 00:00:00","2012-05-06 00:00:00","2012-05-12 00:00:00","2012-05-13 00:00:00","4.0000","49.0000","49.0000","2012-05-12 22:00:00"
"14128","517","6","50","2012-04-25 00:00:00","2012-05-06 00:00:00","2012-05-12 00:00:00","2012-05-13 00:00:00","3.0000","36.7500","36.7500","2012-05-12 22:00:00"
"14128","517","7","60","2012-04-25 00:00:00","2012-05-06 00:00:00","2012-05-12 00:00:00","2012-05-13 00:00:00","4.0000","49.0000","49.0000","2012-05-12 22:00:00"
"14129","519","6","50","2012-04-25 00:00:00","2012-05-06 00:00:00","2012-05-12 00:00:00","2012-05-13 00:00:00","3.0000","36.7500","36.7500","2012-05-12 22:00:00"
"14129","519","7","60","2012-04-25 00:00:00","2012-05-06 00:00:00","2012-05-12 00:00:00","2012-05-13 00:00:00","4.0000","49.0000","49.0000","2012-05-12 22:00:00"
"14139","806","6","50","2012-04-25 00:00:00","2012-05-06 00:00:00","2012-05-12 00:00:00","2012-05-13 00:00:00","3.0000","36.7500","36.7500","2012-05-12 22:00:00"
"14140","807","6","50","2012-04-25 00:00:00","2012-05-06 00:00:00","2012-05-12 00:00:00","2012-05-13 00:00:00","3.0000","36.7500","36.7500","2012-05-12 22:00:00"
"14141","810","1","10","2012-04-25 00:00:00","2012-05-06 00:00:00","2012-05-12 00:00:00","2012-05-13 00:00:00","4.1000","92.2500","92.2500","2012-05-12 22:00:00"
"14141","810","2","20","2012-04-25 00:00:00","2012-05-06 00:00:00","2012-05-12 00:00:00","2012-05-13 00:00:00","3.5000","87.5000","87.5000","2012-05-12 22:00:00"
"14141","810","6","50","2012-04-25 00:00:00","2012-05-06 00:00:00","2012-05-12 00:00:00","2012-05-13 00:00:00","3.0000","36.7500","36.7500","2012-05-12 22:00:00"
"14142","811","1","10","2012-04-25 00:00:00","2012-05-06 00:00:00","2012-05-12 00:00:00","2012-05-13 00:00:00","4.1000","92.2500","92.2500","2012-05-12 22:00:00"
"14142","811","2","20","2012-04-25 00:00:00","2012-05-06 00:00:00","2012-05-12 00:00:00","2012-05-13 00:00:00","3.5000","87.5000","87.5000","2012-05-12 22:00:00"
"14142","811","6","50","2012-04-25 00:00:00","2012-05-06 00:00:00","2012-05-12 00:00:00","2012-05-13 00:00:00","3.0000","36.7500","36.7500","2012-05-12 22:00:00"
"14143","813","1","10","2012-04-25 00:00:00","2012-05-06 00:00:00","2012-05-12 00:00:00","2012-05-13 00:00:00","4.1000","92.2500","92.2500","2012-05-12 22:00:00"
"14143","813","2","20","2012-04-25 00:00:00","2012-05-06 00:00:00","2012-05-12 00:00:00","2012-05-13 00:00:00","3.5000","87.5000","87.5000","2012-05-12 22:00:00"
"14143","813","6","50","2012-04-25 00:00:00","2012-05-06 00:00:00","2012-05-12 00:00:00","2012-05-13 00:00:00","3.0000","36.7500","36.7500","2012-05-12 22:00:00"
"14144","817","6","50","2012-04-25 00:00:00","2012-05-06 00:00:00","2012-05-12 00:00:00","2012-05-13 00:00:00","3.0000","36.7500","36.7500","2012-05-12 22:00:00"
"14145","818","6","50","2012-04-25 00:00:00","2012-05-06 00:00:00","2012-05-12 00:00:00","2012-05-13 00:00:00","3.0000","36.7500","36.7500","2012-05-12 22:00:00"
"14146","820","6","50","2012-04-25 00:00:00","2012-05-06 00:00:00","2012-05-12 00:00:00","2012-05-13 00:00:00","3.0000","36.7500","36.7500","2012-05-12 22:00:00"
"14147","825","6","50","2012-04-25 00:00:00","2012-05-06 00:00:00","2012-05-12 00:00:00","2012-05-13 00:00:00","3.0000","36.7500","36.7500","2012-05-12 22:00:00"
"14148","826","6","50","2012-04-25 00:00:00","2012-05-06 00:00:00","2012-05-12 00:00:00","2012-05-13 00:00:00","3.0000","36.7500","36.7500","2012-05-12 22:00:00"
"14149","828","6","50","2012-04-25 00:00:00","2012-05-06 00:00:00","2012-05-12 00:00:00","2012-05-13 00:00:00","3.0000","36.7500","36.7500","2012-05-12 22:00:00"
"14150","894","6","50","2012-04-25 00:00:00","2012-05-06 00:00:00","2012-05-12 00:00:00","2012-05-13 00:00:00","3.0000","36.7500","36.7500","2012-05-12 22:00:00"
"14151","945","1","10","2012-04-25 00:00:00","2012-05-06 00:00:00","2012-05-12 00:00:00","2012-05-13 00:00:00","4.1000","92.2500","92.2500","2012-05-12 22:00:00"
"14151","945","6","50","2012-04-25 00:00:00","2012-05-06 00:00:00","2012-05-12 00:00:00","2012-05-13 00:00:00","3.0000","36.7500","36.7500","2012-05-12 22:00:00"
"14152","950","6","50","2012-04-25 00:00:00","2012-05-06 00:00:00","2012-05-12 00:00:00","2012-05-13 00:00:00","3.0000","36.7500","36.7500","2012-05-12 22:00:00"
"14153","951","6","50","2012-04-25 00:00:00","2012-05-06 00:00:00","2012-05-12 00:00:00","2012-05-13 00:00:00","3.0000","36.7500","36.7500","2012-05-12 22:00:00"
"14154","994","6","50","2012-04-25 00:00:00","2012-05-06 00:00:00","2012-05-12 00:00:00","2012-05-13 00:00:00","3.0000","36.7500","36.7500","2012-05-12 22:00:00"
"14155","996","6","50","2012-04-25 00:00:00","2012-05-06 00:00:00","2012-05-12 00:00:00","2012-05-13 00:00:00","3.0000","36.7500","36.7500","2012-05-12 22:00:00"
"14169","802","1","10","2012-04-25 00:00:00","2012-05-06 00:00:00","2012-05-12 00:00:00","2012-05-13 00:00:00","4.1000","92.2500","92.2500","2012-05-12 22:00:00"
"14169","802","6","50","2012-04-25 00:00:00","2012-05-06 00:00:00","2012-05-12 00:00:00","2012-05-13 00:00:00","3.0000","36.7500","36.7500","2012-05-12 22:00:00"
"14170","804","1","10","2012-04-25 00:00:00","2012-05-06 00:00:00","2012-05-12 00:00:00","2012-05-13 00:00:00","4.1000","92.2500","92.2500","2012-05-12 22:00:00"
"14170","804","6","50","2012-04-25 00:00:00","2012-05-06 00:00:00","2012-05-12 00:00:00","2012-05-13 00:00:00","3.0000","36.7500","36.7500","2012-05-12 22:00:00"
"14175","750","7","60","2012-04-26 00:00:00","2012-05-07 00:00:00","2012-04-26 00:00:00","2012-05-07 00:00:00","4.0000","49.0000","49.0000","2012-05-06 22:00:00"
"14176","751","7","60","2012-04-26 00:00:00","2012-05-07 00:00:00","2012-04-26 00:00:00","2012-05-07 00:00:00","4.0000","49.0000","49.0000","2012-05-06 22:00:00"
"14177","752","7","60","2012-04-26 00:00:00","2012-05-07 00:00:00","2012-04-26 00:00:00","2012-05-07 00:00:00","4.0000","49.0000","49.0000","2012-05-06 22:00:00"
"14178","768","7","60","2012-04-26 00:00:00","2012-05-07 00:00:00","2012-04-26 00:00:00","2012-05-07 00:00:00","4.0000","49.0000","49.0000","2012-05-06 22:00:00"
"14179","772","7","60","2012-04-26 00:00:00","2012-05-07 00:00:00","2012-04-26 00:00:00","2012-05-07 00:00:00","4.0000","49.0000","49.0000","2012-05-06 22:00:00"
"14180","778","7","60","2012-04-26 00:00:00","2012-05-07 00:00:00","2012-04-26 00:00:00","2012-05-07 00:00:00","4.0000","49.0000","49.0000","2012-05-06 22:00:00"
"14181","516","6","50","2012-04-26 00:00:00","2012-05-07 00:00:00","2012-04-26 00:00:00","2012-05-07 00:00:00","3.0000","36.7500","36.7500","2012-05-06 22:00:00"
"14181","516","7","60","2012-04-26 00:00:00","2012-05-07 00:00:00","2012-04-26 00:00:00","2012-05-07 00:00:00","4.0000","49.0000","49.0000","2012-05-06 22:00:00"
"14182","517","6","50","2012-04-26 00:00:00","2012-05-07 00:00:00","2012-04-26 00:00:00","2012-05-07 00:00:00","3.0000","36.7500","36.7500","2012-05-06 22:00:00"
"14182","517","7","60","2012-04-26 00:00:00","2012-05-07 00:00:00","2012-04-26 00:00:00","2012-05-07 00:00:00","4.0000","49.0000","49.0000","2012-05-06 22:00:00"
"14183","519","6","50","2012-04-26 00:00:00","2012-05-07 00:00:00","2012-04-26 00:00:00","2012-05-07 00:00:00","3.0000","36.7500","36.7500","2012-05-06 22:00:00"
"14183","519","7","60","2012-04-26 00:00:00","2012-05-07 00:00:00","2012-04-26 00:00:00","2012-05-07 00:00:00","4.0000","49.0000","49.0000","2012-05-06 22:00:00"
"14190","806","6","50","2012-04-26 00:00:00","2012-05-07 00:00:00","2012-04-26 00:00:00","2012-05-07 00:00:00","3.0000","36.7500","36.7500","2012-05-06 22:00:00"
"14191","807","6","50","2012-04-26 00:00:00","2012-05-07 00:00:00","2012-04-26 00:00:00","2012-05-07 00:00:00","3.0000","36.7500","36.7500","2012-05-06 22:00:00"
"14192","810","1","10","2012-04-26 00:00:00","2012-05-07 00:00:00","2012-04-26 00:00:00","2012-05-07 00:00:00","4.1000","92.2500","92.2500","2012-05-06 22:00:00"
"14192","810","2","20","2012-04-26 00:00:00","2012-05-07 00:00:00","2012-04-26 00:00:00","2012-05-07 00:00:00","3.5000","87.5000","87.5000","2012-05-06 22:00:00"
"14192","810","6","50","2012-04-26 00:00:00","2012-05-07 00:00:00","2012-04-26 00:00:00","2012-05-07 00:00:00","3.0000","36.7500","36.7500","2012-05-06 22:00:00"
"14193","811","1","10","2012-04-26 00:00:00","2012-05-07 00:00:00","2012-04-26 00:00:00","2012-05-07 00:00:00","4.1000","92.2500","92.2500","2012-05-06 22:00:00"
"14193","811","2","20","2012-04-26 00:00:00","2012-05-07 00:00:00","2012-04-26 00:00:00","2012-05-07 00:00:00","3.5000","87.5000","87.5000","2012-05-06 22:00:00"
"14193","811","6","50","2012-04-26 00:00:00","2012-05-07 00:00:00","2012-04-26 00:00:00","2012-05-07 00:00:00","3.0000","36.7500","36.7500","2012-05-06 22:00:00"
"14194","813","1","10","2012-04-26 00:00:00","2012-05-07 00:00:00","2012-04-26 00:00:00","2012-05-07 00:00:00","4.1000","92.2500","92.2500","2012-05-06 22:00:00"
"14194","813","2","20","2012-04-26 00:00:00","2012-05-07 00:00:00","2012-04-26 00:00:00","2012-05-07 00:00:00","3.5000","87.5000","87.5000","2012-05-06 22:00:00"
"14194","813","6","50","2012-04-26 00:00:00","2012-05-07 00:00:00","2012-04-26 00:00:00","2012-05-07 00:00:00","3.0000","36.7500","36.7500","2012-05-06 22:00:00"
"14195","817","6","50","2012-04-26 00:00:00","2012-05-07 00:00:00","2012-04-26 00:00:00","2012-05-07 00:00:00","3.0000","36.7500","36.7500","2012-05-06 22:00:00"
"14196","818","6","50","2012-04-26 00:00:00","2012-05-07 00:00:00","2012-04-26 00:00:00","2012-05-07 00:00:00","3.0000","36.7500","36.7500","2012-05-06 22:00:00"
"14197","820","6","50","2012-04-26 00:00:00","2012-05-07 00:00:00","2012-04-26 00:00:00","2012-05-07 00:00:00","3.0000","36.7500","36.7500","2012-05-06 22:00:00"
"14198","825","6","50","2012-04-26 00:00:00","2012-05-07 00:00:00","2012-04-26 00:00:00","2012-05-07 00:00:00","3.0000","36.7500","36.7500","2012-05-06 22:00:00"
"14199","826","6","50","2012-04-26 00:00:00","2012-05-07 00:00:00","2012-04-26 00:00:00","2012-05-07 00:00:00","3.0000","36.7500","36.7500","2012-05-06 22:00:00"
"14200","828","6","50","2012-04-26 00:00:00","2012-05-07 00:00:00","2012-04-26 00:00:00","2012-05-07 00:00:00","3.0000","36.7500","36.7500","2012-05-06 22:00:00"
"14201","894","6","50","2012-04-26 00:00:00","2012-05-07 00:00:00","2012-04-26 00:00:00","2012-05-07 00:00:00","3.0000","36.7500","36.7500","2012-05-06 22:00:00"
"14202","945","1","10","2012-04-26 00:00:00","2012-05-07 00:00:00","2012-04-26 00:00:00","2012-05-07 00:00:00","4.1000","92.2500","92.2500","2012-05-06 22:00:00"
"14202","945","6","50","2012-04-26 00:00:00","2012-05-07 00:00:00","2012-04-26 00:00:00","2012-05-07 00:00:00","3.0000","36.7500","36.7500","2012-05-06 22:00:00"
"14203","950","6","50","2012-04-26 00:00:00","2012-05-07 00:00:00","2012-04-26 00:00:00","2012-05-07 00:00:00","3.0000","36.7500","36.7500","2012-05-06 22:00:00"
"14204","951","6","50","2012-04-26 00:00:00","2012-05-07 00:00:00","2012-04-26 00:00:00","2012-05-07 00:00:00","3.0000","36.7500","36.7500","2012-05-06 22:00:00"
"14205","994","6","50","2012-04-26 00:00:00","2012-05-07 00:00:00","2012-04-26 00:00:00","2012-05-07 00:00:00","3.0000","36.7500","36.7500","2012-05-06 22:00:00"
"14206","996","6","50","2012-04-26 00:00:00","2012-05-07 00:00:00","2012-04-26 00:00:00","2012-05-07 00:00:00","3.0000","36.7500","36.7500","2012-05-06 22:00:00"
"14220","802","1","10","2012-04-26 00:00:00","2012-05-07 00:00:00","2012-04-26 00:00:00","2012-05-07 00:00:00","4.1000","92.2500","92.2500","2012-05-06 22:00:00"
"14220","802","6","50","2012-04-26 00:00:00","2012-05-07 00:00:00","2012-04-26 00:00:00","2012-05-07 00:00:00","3.0000","36.7500","36.7500","2012-05-06 22:00:00"
"14221","804","1","10","2012-04-26 00:00:00","2012-05-07 00:00:00","2012-04-26 00:00:00","2012-05-07 00:00:00","4.1000","92.2500","92.2500","2012-05-06 22:00:00"
"14221","804","6","50","2012-04-26 00:00:00","2012-05-07 00:00:00","2012-04-26 00:00:00","2012-05-07 00:00:00","3.0000","36.7500","36.7500","2012-05-06 22:00:00"
"14226","752","7","60","2012-04-27 00:00:00","2012-05-08 00:00:00","2012-05-16 00:00:00","2012-05-17 00:00:00","4.0000","49.0000","49.0000","2012-05-16 22:00:00"
"14227","753","7","60","2012-04-27 00:00:00","2012-05-08 00:00:00","2012-05-16 00:00:00","2012-05-17 00:00:00","4.0000","49.0000","49.0000","2012-05-16 22:00:00"
"14228","764","7","60","2012-04-27 00:00:00","2012-05-08 00:00:00","2012-05-16 00:00:00","2012-05-17 00:00:00","4.0000","49.0000","49.0000","2012-05-16 22:00:00"
"14229","517","6","50","2012-04-27 00:00:00","2012-05-08 00:00:00","2012-05-16 00:00:00","2012-05-17 00:00:00","3.0000","36.7500","36.7500","2012-05-16 22:00:00"
"14229","517","7","60","2012-04-27 00:00:00","2012-05-08 00:00:00","2012-05-16 00:00:00","2012-05-17 00:00:00","4.0000","49.0000","49.0000","2012-05-16 22:00:00"
"14230","519","6","50","2012-04-27 00:00:00","2012-05-08 00:00:00","2012-05-16 00:00:00","2012-05-17 00:00:00","3.0000","36.7500","36.7500","2012-05-16 22:00:00"
"14230","519","7","60","2012-04-27 00:00:00","2012-05-08 00:00:00","2012-05-16 00:00:00","2012-05-17 00:00:00","4.0000","49.0000","49.0000","2012-05-16 22:00:00"
"14234","806","6","50","2012-04-27 00:00:00","2012-05-08 00:00:00","2012-05-16 00:00:00","2012-05-17 00:00:00","3.0000","36.7500","36.7500","2012-05-16 22:00:00"
"14235","807","6","50","2012-04-27 00:00:00","2012-05-08 00:00:00","2012-05-16 00:00:00","2012-05-17 00:00:00","3.0000","36.7500","36.7500","2012-05-16 22:00:00"
"14236","811","1","10","2012-04-27 00:00:00","2012-05-08 00:00:00","2012-05-16 00:00:00","2012-05-17 00:00:00","4.1000","92.2500","92.2500","2012-05-16 22:00:00"
"14236","811","2","20","2012-04-27 00:00:00","2012-05-08 00:00:00","2012-05-16 00:00:00","2012-05-17 00:00:00","3.5000","87.5000","87.5000","2012-05-16 22:00:00"
"14236","811","6","50","2012-04-27 00:00:00","2012-05-08 00:00:00","2012-05-16 00:00:00","2012-05-17 00:00:00","3.0000","36.7500","36.7500","2012-05-16 22:00:00"
"14237","813","1","10","2012-04-27 00:00:00","2012-05-08 00:00:00","2012-05-16 00:00:00","2012-05-17 00:00:00","4.1000","92.2500","92.2500","2012-05-16 22:00:00"
"14237","813","2","20","2012-04-27 00:00:00","2012-05-08 00:00:00","2012-05-16 00:00:00","2012-05-17 00:00:00","3.5000","87.5000","87.5000","2012-05-16 22:00:00"
"14237","813","6","50","2012-04-27 00:00:00","2012-05-08 00:00:00","2012-05-16 00:00:00","2012-05-17 00:00:00","3.0000","36.7500","36.7500","2012-05-16 22:00:00"
"14238","818","6","50","2012-04-27 00:00:00","2012-05-08 00:00:00","2012-05-16 00:00:00","2012-05-17 00:00:00","3.0000","36.7500","36.7500","2012-05-16 22:00:00"
"14239","820","6","50","2012-04-27 00:00:00","2012-05-08 00:00:00","2012-05-16 00:00:00","2012-05-17 00:00:00","3.0000","36.7500","36.7500","2012-05-16 22:00:00"
"14240","826","6","50","2012-04-27 00:00:00","2012-05-08 00:00:00","2012-05-16 00:00:00","2012-05-17 00:00:00","3.0000","36.7500","36.7500","2012-05-16 22:00:00"
"14241","828","6","50","2012-04-27 00:00:00","2012-05-08 00:00:00","2012-05-16 00:00:00","2012-05-17 00:00:00","3.0000","36.7500","36.7500","2012-05-16 22:00:00"
"14242","894","6","50","2012-04-27 00:00:00","2012-05-08 00:00:00","2012-05-16 00:00:00","2012-05-17 00:00:00","3.0000","36.7500","36.7500","2012-05-16 22:00:00"
"14243","945","1","10","2012-04-27 00:00:00","2012-05-08 00:00:00","2012-05-16 00:00:00","2012-05-17 00:00:00","4.1000","92.2500","92.2500","2012-05-16 22:00:00"
"14243","945","6","50","2012-04-27 00:00:00","2012-05-08 00:00:00","2012-05-16 00:00:00","2012-05-17 00:00:00","3.0000","36.7500","36.7500","2012-05-16 22:00:00"
"14244","950","6","50","2012-04-27 00:00:00","2012-05-08 00:00:00","2012-05-16 00:00:00","2012-05-17 00:00:00","3.0000","36.7500","36.7500","2012-05-16 22:00:00"
"14245","951","6","50","2012-04-27 00:00:00","2012-05-08 00:00:00","2012-05-16 00:00:00","2012-05-17 00:00:00","3.0000","36.7500","36.7500","2012-05-16 22:00:00"
"14246","994","6","50","2012-04-27 00:00:00","2012-05-08 00:00:00","2012-05-16 00:00:00","2012-05-17 00:00:00","3.0000","36.7500","36.7500","2012-05-16 22:00:00"
"14247","996","6","50","2012-04-27 00:00:00","2012-05-08 00:00:00","2012-05-16 00:00:00","2012-05-17 00:00:00","3.0000","36.7500","36.7500","2012-05-16 22:00:00"
"14260","802","1","10","2012-04-27 00:00:00","2012-05-08 00:00:00","2012-05-16 00:00:00","2012-05-17 00:00:00","4.1000","92.2500","92.2500","2012-05-16 22:00:00"
"14260","802","6","50","2012-04-27 00:00:00","2012-05-08 00:00:00","2012-05-16 00:00:00","2012-05-17 00:00:00","3.0000","36.7500","36.7500","2012-05-16 22:00:00"
"14261","804","1","10","2012-04-27 00:00:00","2012-05-08 00:00:00","2012-05-16 00:00:00","2012-05-17 00:00:00","4.1000","92.2500","92.2500","2012-05-16 22:00:00"
"14261","804","6","50","2012-04-27 00:00:00","2012-05-08 00:00:00","2012-05-16 00:00:00","2012-05-17 00:00:00","3.0000","36.7500","36.7500","2012-05-16 22:00:00"
"14266","749","7","60","2012-04-28 00:00:00","2012-05-09 00:00:00","2012-04-28 00:00:00","2012-05-09 00:00:00","4.0000","49.0000","49.0000","2012-05-08 22:00:00"
"14267","750","7","60","2012-04-28 00:00:00","2012-05-09 00:00:00","2012-04-28 00:00:00","2012-05-09 00:00:00","4.0000","49.0000","49.0000","2012-05-08 22:00:00"
"14268","752","7","60","2012-04-28 00:00:00","2012-05-09 00:00:00","2012-04-28 00:00:00","2012-05-09 00:00:00","4.0000","49.0000","49.0000","2012-05-08 22:00:00"
"14269","769","7","60","2012-04-28 00:00:00","2012-05-09 00:00:00","2012-04-28 00:00:00","2012-05-09 00:00:00","4.0000","49.0000","49.0000","2012-05-08 22:00:00"
"14270","777","7","60","2012-04-28 00:00:00","2012-05-09 00:00:00","2012-04-28 00:00:00","2012-05-09 00:00:00","4.0000","49.0000","49.0000","2012-05-08 22:00:00"
"14271","516","6","50","2012-04-28 00:00:00","2012-05-09 00:00:00","2012-04-28 00:00:00","2012-05-09 00:00:00","3.0000","36.7500","36.7500","2012-05-08 22:00:00"
"14271","516","7","60","2012-04-28 00:00:00","2012-05-09 00:00:00","2012-04-28 00:00:00","2012-05-09 00:00:00","4.0000","49.0000","49.0000","2012-05-08 22:00:00"
"14272","517","6","50","2012-04-28 00:00:00","2012-05-09 00:00:00","2012-04-28 00:00:00","2012-05-09 00:00:00","3.0000","36.7500","36.7500","2012-05-08 22:00:00"
"14272","517","7","60","2012-04-28 00:00:00","2012-05-09 00:00:00","2012-04-28 00:00:00","2012-05-09 00:00:00","4.0000","49.0000","49.0000","2012-05-08 22:00:00"
"14273","519","6","50","2012-04-28 00:00:00","2012-05-09 00:00:00","2012-04-28 00:00:00","2012-05-09 00:00:00","3.0000","36.7500","36.7500","2012-05-08 22:00:00"
"14273","519","7","60","2012-04-28 00:00:00","2012-05-09 00:00:00","2012-04-28 00:00:00","2012-05-09 00:00:00","4.0000","49.0000","49.0000","2012-05-08 22:00:00"
"14279","806","6","50","2012-04-28 00:00:00","2012-05-09 00:00:00","2012-04-28 00:00:00","2012-05-09 00:00:00","3.0000","36.7500","36.7500","2012-05-08 22:00:00"
"14280","807","6","50","2012-04-28 00:00:00","2012-05-09 00:00:00","2012-04-28 00:00:00","2012-05-09 00:00:00","3.0000","36.7500","36.7500","2012-05-08 22:00:00"
"14281","810","1","10","2012-04-28 00:00:00","2012-05-09 00:00:00","2012-04-28 00:00:00","2012-05-09 00:00:00","4.1000","92.2500","92.2500","2012-05-08 22:00:00"
"14281","810","2","20","2012-04-28 00:00:00","2012-05-09 00:00:00","2012-04-28 00:00:00","2012-05-09 00:00:00","3.5000","87.5000","87.5000","2012-05-08 22:00:00"
"14281","810","6","50","2012-04-28 00:00:00","2012-05-09 00:00:00","2012-04-28 00:00:00","2012-05-09 00:00:00","3.0000","36.7500","36.7500","2012-05-08 22:00:00"
"14282","811","1","10","2012-04-28 00:00:00","2012-05-09 00:00:00","2012-04-28 00:00:00","2012-05-09 00:00:00","4.1000","92.2500","92.2500","2012-05-08 22:00:00"
"14282","811","2","20","2012-04-28 00:00:00","2012-05-09 00:00:00","2012-04-28 00:00:00","2012-05-09 00:00:00","3.5000","87.5000","87.5000","2012-05-08 22:00:00"
"14282","811","6","50","2012-04-28 00:00:00","2012-05-09 00:00:00","2012-04-28 00:00:00","2012-05-09 00:00:00","3.0000","36.7500","36.7500","2012-05-08 22:00:00"
"14283","813","1","10","2012-04-28 00:00:00","2012-05-09 00:00:00","2012-04-28 00:00:00","2012-05-09 00:00:00","4.1000","92.2500","92.2500","2012-05-08 22:00:00"
"14283","813","2","20","2012-04-28 00:00:00","2012-05-09 00:00:00","2012-04-28 00:00:00","2012-05-09 00:00:00","3.5000","87.5000","87.5000","2012-05-08 22:00:00"
"14283","813","6","50","2012-04-28 00:00:00","2012-05-09 00:00:00","2012-04-28 00:00:00","2012-05-09 00:00:00","3.0000","36.7500","36.7500","2012-05-08 22:00:00"
"14284","817","6","50","2012-04-28 00:00:00","2012-05-09 00:00:00","2012-04-28 00:00:00","2012-05-09 00:00:00","3.0000","36.7500","36.7500","2012-05-08 22:00:00"
"14285","818","6","50","2012-04-28 00:00:00","2012-05-09 00:00:00","2012-04-28 00:00:00","2012-05-09 00:00:00","3.0000","36.7500","36.7500","2012-05-08 22:00:00"
"14286","820","6","50","2012-04-28 00:00:00","2012-05-09 00:00:00","2012-04-28 00:00:00","2012-05-09 00:00:00","3.0000","36.7500","36.7500","2012-05-08 22:00:00"
"14287","825","6","50","2012-04-28 00:00:00","2012-05-09 00:00:00","2012-04-28 00:00:00","2012-05-09 00:00:00","3.0000","36.7500","36.7500","2012-05-08 22:00:00"
"14288","826","6","50","2012-04-28 00:00:00","2012-05-09 00:00:00","2012-04-28 00:00:00","2012-05-09 00:00:00","3.0000","36.7500","36.7500","2012-05-08 22:00:00"
"14289","828","6","50","2012-04-28 00:00:00","2012-05-09 00:00:00","2012-04-28 00:00:00","2012-05-09 00:00:00","3.0000","36.7500","36.7500","2012-05-08 22:00:00"
"14290","894","6","50","2012-04-28 00:00:00","2012-05-09 00:00:00","2012-04-28 00:00:00","2012-05-09 00:00:00","3.0000","36.7500","36.7500","2012-05-08 22:00:00"
"14291","945","1","10","2012-04-28 00:00:00","2012-05-09 00:00:00","2012-04-28 00:00:00","2012-05-09 00:00:00","4.1000","92.2500","92.2500","2012-05-08 22:00:00"
"14291","945","6","50","2012-04-28 00:00:00","2012-05-09 00:00:00","2012-04-28 00:00:00","2012-05-09 00:00:00","3.0000","36.7500","36.7500","2012-05-08 22:00:00"
"14292","950","6","50","2012-04-28 00:00:00","2012-05-09 00:00:00","2012-04-28 00:00:00","2012-05-09 00:00:00","3.0000","36.7500","36.7500","2012-05-08 22:00:00"
"14293","951","6","50","2012-04-28 00:00:00","2012-05-09 00:00:00","2012-04-28 00:00:00","2012-05-09 00:00:00","3.0000","36.7500","36.7500","2012-05-08 22:00:00"
"14294","994","6","50","2012-04-28 00:00:00","2012-05-09 00:00:00","2012-04-28 00:00:00","2012-05-09 00:00:00","3.0000","36.7500","36.7500","2012-05-08 22:00:00"
"14295","996","6","50","2012-04-28 00:00:00","2012-05-09 00:00:00","2012-04-28 00:00:00","2012-05-09 00:00:00","3.0000","36.7500","36.7500","2012-05-08 22:00:00"
"14309","802","1","10","2012-04-28 00:00:00","2012-05-09 00:00:00","2012-04-28 00:00:00","2012-05-09 00:00:00","4.1000","92.2500","92.2500","2012-05-08 22:00:00"
"14309","802","6","50","2012-04-28 00:00:00","2012-05-09 00:00:00","2012-04-28 00:00:00","2012-05-09 00:00:00","3.0000","36.7500","36.7500","2012-05-08 22:00:00"
"14310","804","1","10","2012-04-28 00:00:00","2012-05-09 00:00:00","2012-04-28 00:00:00","2012-05-09 00:00:00","4.1000","92.2500","92.2500","2012-05-08 22:00:00"
"14310","804","6","50","2012-04-28 00:00:00","2012-05-09 00:00:00","2012-04-28 00:00:00","2012-05-09 00:00:00","3.0000","36.7500","36.7500","2012-05-08 22:00:00"
"14315","749","7","60","2012-04-29 00:00:00","2012-05-10 00:00:00","2012-05-20 00:00:00","2012-06-01 00:00:00","4.0000","49.0000","49.0000","2012-05-31 22:00:00"
"14316","750","7","60","2012-04-29 00:00:00","2012-05-10 00:00:00","2012-05-20 00:00:00","2012-06-01 00:00:00","4.0000","49.0000","49.0000","2012-05-31 22:00:00"
"14317","753","7","60","2012-04-29 00:00:00","2012-05-10 00:00:00","2012-05-20 00:00:00","2012-06-01 00:00:00","4.0000","49.0000","49.0000","2012-05-31 22:00:00"
"14318","767","7","60","2012-04-29 00:00:00","2012-05-10 00:00:00","2012-05-20 00:00:00","2012-06-01 00:00:00","4.0000","49.0000","49.0000","2012-05-31 22:00:00"
"14319","777","7","60","2012-04-29 00:00:00","2012-05-10 00:00:00","2012-05-20 00:00:00","2012-06-01 00:00:00","4.0000","49.0000","49.0000","2012-05-31 22:00:00"
"14320","516","6","50","2012-04-29 00:00:00","2012-05-10 00:00:00","2012-05-20 00:00:00","2012-06-01 00:00:00","3.0000","36.7500","36.7500","2012-05-31 22:00:00"
"14320","516","7","60","2012-04-29 00:00:00","2012-05-10 00:00:00","2012-05-20 00:00:00","2012-06-01 00:00:00","4.0000","49.0000","49.0000","2012-05-31 22:00:00"
"14321","517","6","50","2012-04-29 00:00:00","2012-05-10 00:00:00","2012-05-20 00:00:00","2012-06-01 00:00:00","3.0000","36.7500","36.7500","2012-05-31 22:00:00"
"14321","517","7","60","2012-04-29 00:00:00","2012-05-10 00:00:00","2012-05-20 00:00:00","2012-06-01 00:00:00","4.0000","49.0000","49.0000","2012-05-31 22:00:00"
"14322","519","6","50","2012-04-29 00:00:00","2012-05-10 00:00:00","2012-05-20 00:00:00","2012-06-01 00:00:00","3.0000","36.7500","36.7500","2012-05-31 22:00:00"
"14322","519","7","60","2012-04-29 00:00:00","2012-05-10 00:00:00","2012-05-20 00:00:00","2012-06-01 00:00:00","4.0000","49.0000","49.0000","2012-05-31 22:00:00"
"14328","806","6","50","2012-04-29 00:00:00","2012-05-10 00:00:00","2012-05-20 00:00:00","2012-06-01 00:00:00","3.0000","36.7500","36.7500","2012-05-31 22:00:00"
"14329","807","6","50","2012-04-29 00:00:00","2012-05-10 00:00:00","2012-05-20 00:00:00","2012-06-01 00:00:00","3.0000","36.7500","36.7500","2012-05-31 22:00:00"
"14330","810","1","10","2012-04-29 00:00:00","2012-05-10 00:00:00","2012-05-20 00:00:00","2012-06-01 00:00:00","4.1000","92.2500","92.2500","2012-05-31 22:00:00"
"14330","810","2","20","2012-04-29 00:00:00","2012-05-10 00:00:00","2012-05-20 00:00:00","2012-06-01 00:00:00","3.5000","87.5000","87.5000","2012-05-31 22:00:00"
"14330","810","6","50","2012-04-29 00:00:00","2012-05-10 00:00:00","2012-05-20 00:00:00","2012-06-01 00:00:00","3.0000","36.7500","36.7500","2012-05-31 22:00:00"
"14331","811","1","10","2012-04-29 00:00:00","2012-05-10 00:00:00","2012-05-20 00:00:00","2012-06-01 00:00:00","4.1000","92.2500","92.2500","2012-05-31 22:00:00"
"14331","811","2","20","2012-04-29 00:00:00","2012-05-10 00:00:00","2012-05-20 00:00:00","2012-06-01 00:00:00","3.5000","87.5000","87.5000","2012-05-31 22:00:00"
"14331","811","6","50","2012-04-29 00:00:00","2012-05-10 00:00:00","2012-05-20 00:00:00","2012-06-01 00:00:00","3.0000","36.7500","36.7500","2012-05-31 22:00:00"
"14332","813","1","10","2012-04-29 00:00:00","2012-05-10 00:00:00","2012-05-20 00:00:00","2012-06-01 00:00:00","4.1000","92.2500","92.2500","2012-05-31 22:00:00"
"14332","813","2","20","2012-04-29 00:00:00","2012-05-10 00:00:00","2012-05-20 00:00:00","2012-06-01 00:00:00","3.5000","87.5000","87.5000","2012-05-31 22:00:00"
"14332","813","6","50","2012-04-29 00:00:00","2012-05-10 00:00:00","2012-05-20 00:00:00","2012-06-01 00:00:00","3.0000","36.7500","36.7500","2012-05-31 22:00:00"
"14333","817","6","50","2012-04-29 00:00:00","2012-05-10 00:00:00","2012-05-20 00:00:00","2012-06-01 00:00:00","3.0000","36.7500","36.7500","2012-05-31 22:00:00"
"14334","818","6","50","2012-04-29 00:00:00","2012-05-10 00:00:00","2012-05-20 00:00:00","2012-06-01 00:00:00","3.0000","36.7500","36.7500","2012-05-31 22:00:00"
"14335","820","6","50","2012-04-29 00:00:00","2012-05-10 00:00:00","2012-05-20 00:00:00","2012-06-01 00:00:00","3.0000","36.7500","36.7500","2012-05-31 22:00:00"
"14336","825","6","50","2012-04-29 00:00:00","2012-05-10 00:00:00","2012-05-20 00:00:00","2012-06-01 00:00:00","3.0000","36.7500","36.7500","2012-05-31 22:00:00"
"14337","826","6","50","2012-04-29 00:00:00","2012-05-10 00:00:00","2012-05-20 00:00:00","2012-06-01 00:00:00","3.0000","36.7500","36.7500","2012-05-31 22:00:00"
"14338","828","6","50","2012-04-29 00:00:00","2012-05-10 00:00:00","2012-05-20 00:00:00","2012-06-01 00:00:00","3.0000","36.7500","36.7500","2012-05-31 22:00:00"
"14339","894","6","50","2012-04-29 00:00:00","2012-05-10 00:00:00","2012-05-20 00:00:00","2012-06-01 00:00:00","3.0000","36.7500","36.7500","2012-05-31 22:00:00"
"14340","945","1","10","2012-04-29 00:00:00","2012-05-10 00:00:00","2012-05-20 00:00:00","2012-06-01 00:00:00","4.1000","92.2500","92.2500","2012-05-31 22:00:00"
"14340","945","6","50","2012-04-29 00:00:00","2012-05-10 00:00:00","2012-05-20 00:00:00","2012-06-01 00:00:00","3.0000","36.7500","36.7500","2012-05-31 22:00:00"
"14341","950","6","50","2012-04-29 00:00:00","2012-05-10 00:00:00","2012-05-20 00:00:00","2012-06-01 00:00:00","3.0000","36.7500","36.7500","2012-05-31 22:00:00"
"14342","951","6","50","2012-04-29 00:00:00","2012-05-10 00:00:00","2012-05-20 00:00:00","2012-06-01 00:00:00","3.0000","36.7500","36.7500","2012-05-31 22:00:00"
"14343","994","6","50","2012-04-29 00:00:00","2012-05-10 00:00:00","2012-05-20 00:00:00","2012-06-01 00:00:00","3.0000","36.7500","36.7500","2012-05-31 22:00:00"
"14344","996","6","50","2012-04-29 00:00:00","2012-05-10 00:00:00","2012-05-20 00:00:00","2012-06-01 00:00:00","3.0000","36.7500","36.7500","2012-05-31 22:00:00"
"14358","802","1","10","2012-04-29 00:00:00","2012-05-10 00:00:00","2012-05-20 00:00:00","2012-06-01 00:00:00","4.1000","92.2500","92.2500","2012-05-31 22:00:00"
"14358","802","6","50","2012-04-29 00:00:00","2012-05-10 00:00:00","2012-05-20 00:00:00","2012-06-01 00:00:00","3.0000","36.7500","36.7500","2012-05-31 22:00:00"
"14359","804","1","10","2012-04-29 00:00:00","2012-05-10 00:00:00","2012-05-20 00:00:00","2012-06-01 00:00:00","4.1000","92.2500","92.2500","2012-05-31 22:00:00"
"14359","804","6","50","2012-04-29 00:00:00","2012-05-10 00:00:00","2012-05-20 00:00:00","2012-06-01 00:00:00","3.0000","36.7500","36.7500","2012-05-31 22:00:00"
"14364","753","7","60","2012-04-30 00:00:00","2012-05-11 00:00:00","2012-05-01 00:00:00","2012-05-11 00:00:00","4.0000","49.0000","49.0000","2012-05-10 22:00:00"
"14365","519","6","50","2012-04-30 00:00:00","2012-05-11 00:00:00","2012-05-01 00:00:00","2012-05-11 00:00:00","3.0000","36.7500","36.7500","2012-05-10 22:00:00"
"14365","519","7","60","2012-04-30 00:00:00","2012-05-11 00:00:00","2012-05-01 00:00:00","2012-05-11 00:00:00","4.0000","49.0000","49.0000","2012-05-10 22:00:00"
"14367","807","6","50","2012-04-30 00:00:00","2012-05-11 00:00:00","2012-05-01 00:00:00","2012-05-11 00:00:00","3.0000","36.7500","36.7500","2012-05-10 22:00:00"
"14368","813","1","10","2012-04-30 00:00:00","2012-05-11 00:00:00","2012-05-01 00:00:00","2012-05-11 00:00:00","4.1000","92.2500","92.2500","2012-05-10 22:00:00"
"14368","813","2","20","2012-04-30 00:00:00","2012-05-11 00:00:00","2012-05-01 00:00:00","2012-05-11 00:00:00","3.5000","87.5000","87.5000","2012-05-10 22:00:00"
"14368","813","6","50","2012-04-30 00:00:00","2012-05-11 00:00:00","2012-05-01 00:00:00","2012-05-11 00:00:00","3.0000","36.7500","36.7500","2012-05-10 22:00:00"
"14369","820","6","50","2012-04-30 00:00:00","2012-05-11 00:00:00","2012-05-01 00:00:00","2012-05-11 00:00:00","3.0000","36.7500","36.7500","2012-05-10 22:00:00"
"14370","828","6","50","2012-04-30 00:00:00","2012-05-11 00:00:00","2012-05-01 00:00:00","2012-05-11 00:00:00","3.0000","36.7500","36.7500","2012-05-10 22:00:00"
"14371","894","6","50","2012-04-30 00:00:00","2012-05-11 00:00:00","2012-05-01 00:00:00","2012-05-11 00:00:00","3.0000","36.7500","36.7500","2012-05-10 22:00:00"
"14372","945","1","10","2012-04-30 00:00:00","2012-05-11 00:00:00","2012-05-01 00:00:00","2012-05-11 00:00:00","4.1000","92.2500","92.2500","2012-05-10 22:00:00"
"14372","945","6","50","2012-04-30 00:00:00","2012-05-11 00:00:00","2012-05-01 00:00:00","2012-05-11 00:00:00","3.0000","36.7500","36.7500","2012-05-10 22:00:00"
"14373","951","6","50","2012-04-30 00:00:00","2012-05-11 00:00:00","2012-05-01 00:00:00","2012-05-11 00:00:00","3.0000","36.7500","36.7500","2012-05-10 22:00:00"
"14374","996","6","50","2012-04-30 00:00:00","2012-05-11 00:00:00","2012-05-01 00:00:00","2012-05-11 00:00:00","3.0000","36.7500","36.7500","2012-05-10 22:00:00"
"14386","804","1","10","2012-04-30 00:00:00","2012-05-11 00:00:00","2012-05-01 00:00:00","2012-05-11 00:00:00","4.1000","92.2500","92.2500","2012-05-10 22:00:00"
"14386","804","6","50","2012-04-30 00:00:00","2012-05-11 00:00:00","2012-05-01 00:00:00","2012-05-11 00:00:00","3.0000","36.7500","36.7500","2012-05-10 22:00:00"
"14391","750","7","60","2012-05-01 00:00:00","2012-05-12 00:00:00","2012-05-01 00:00:00","2012-05-15 00:00:00","4.0000","49.0000","49.0000","2012-05-14 22:00:00"
"14392","751","7","60","2012-05-01 00:00:00","2012-05-12 00:00:00","2012-05-01 00:00:00","2012-05-15 00:00:00","4.0000","49.0000","49.0000","2012-05-14 22:00:00"
"14393","752","7","60","2012-05-01 00:00:00","2012-05-12 00:00:00","2012-05-01 00:00:00","2012-05-15 00:00:00","4.0000","49.0000","49.0000","2012-05-14 22:00:00"
"14394","753","7","60","2012-05-01 00:00:00","2012-05-12 00:00:00","2012-05-01 00:00:00","2012-05-15 00:00:00","4.0000","49.0000","49.0000","2012-05-14 22:00:00"
"14395","766","7","60","2012-05-01 00:00:00","2012-05-12 00:00:00","2012-05-01 00:00:00","2012-05-15 00:00:00","4.0000","49.0000","49.0000","2012-05-14 22:00:00"
"14396","778","7","60","2012-05-01 00:00:00","2012-05-12 00:00:00","2012-05-01 00:00:00","2012-05-15 00:00:00","4.0000","49.0000","49.0000","2012-05-14 22:00:00"
"14397","516","6","50","2012-05-01 00:00:00","2012-05-12 00:00:00","2012-05-01 00:00:00","2012-05-15 00:00:00","3.0000","36.7500","36.7500","2012-05-14 22:00:00"
"14397","516","7","60","2012-05-01 00:00:00","2012-05-12 00:00:00","2012-05-01 00:00:00","2012-05-15 00:00:00","4.0000","49.0000","49.0000","2012-05-14 22:00:00"
"14398","517","6","50","2012-05-01 00:00:00","2012-05-12 00:00:00","2012-05-01 00:00:00","2012-05-15 00:00:00","3.0000","36.7500","36.7500","2012-05-14 22:00:00"
"14398","517","7","60","2012-05-01 00:00:00","2012-05-12 00:00:00","2012-05-01 00:00:00","2012-05-15 00:00:00","4.0000","49.0000","49.0000","2012-05-14 22:00:00"
"14399","519","6","50","2012-05-01 00:00:00","2012-05-12 00:00:00","2012-05-01 00:00:00","2012-05-15 00:00:00","3.0000","36.7500","36.7500","2012-05-14 22:00:00"
"14399","519","7","60","2012-05-01 00:00:00","2012-05-12 00:00:00","2012-05-01 00:00:00","2012-05-15 00:00:00","4.0000","49.0000","49.0000","2012-05-14 22:00:00"
"14406","806","6","50","2012-05-01 00:00:00","2012-05-12 00:00:00","2012-05-01 00:00:00","2012-05-15 00:00:00","3.0000","36.7500","36.7500","2012-05-14 22:00:00"
"14407","807","6","50","2012-05-01 00:00:00","2012-05-12 00:00:00","2012-05-01 00:00:00","2012-05-15 00:00:00","3.0000","36.7500","36.7500","2012-05-14 22:00:00"
"14408","810","1","10","2012-05-01 00:00:00","2012-05-12 00:00:00","2012-05-01 00:00:00","2012-05-15 00:00:00","4.1000","92.2500","92.2500","2012-05-14 22:00:00"
"14408","810","2","20","2012-05-01 00:00:00","2012-05-12 00:00:00","2012-05-01 00:00:00","2012-05-15 00:00:00","3.5000","87.5000","87.5000","2012-05-14 22:00:00"
"14408","810","6","50","2012-05-01 00:00:00","2012-05-12 00:00:00","2012-05-01 00:00:00","2012-05-15 00:00:00","3.0000","36.7500","36.7500","2012-05-14 22:00:00"
"14409","811","1","10","2012-05-01 00:00:00","2012-05-12 00:00:00","2012-05-01 00:00:00","2012-05-15 00:00:00","4.1000","92.2500","92.2500","2012-05-14 22:00:00"
"14409","811","2","20","2012-05-01 00:00:00","2012-05-12 00:00:00","2012-05-01 00:00:00","2012-05-15 00:00:00","3.5000","87.5000","87.5000","2012-05-14 22:00:00"
"14409","811","6","50","2012-05-01 00:00:00","2012-05-12 00:00:00","2012-05-01 00:00:00","2012-05-15 00:00:00","3.0000","36.7500","36.7500","2012-05-14 22:00:00"
"14410","813","1","10","2012-05-01 00:00:00","2012-05-12 00:00:00","2012-05-01 00:00:00","2012-05-15 00:00:00","4.1000","92.2500","92.2500","2012-05-14 22:00:00"
"14410","813","2","20","2012-05-01 00:00:00","2012-05-12 00:00:00","2012-05-01 00:00:00","2012-05-15 00:00:00","3.5000","87.5000","87.5000","2012-05-14 22:00:00"
"14410","813","6","50","2012-05-01 00:00:00","2012-05-12 00:00:00","2012-05-01 00:00:00","2012-05-15 00:00:00","3.0000","36.7500","36.7500","2012-05-14 22:00:00"
"14411","817","6","50","2012-05-01 00:00:00","2012-05-12 00:00:00","2012-05-01 00:00:00","2012-05-15 00:00:00","3.0000","36.7500","36.7500","2012-05-14 22:00:00"
"14412","818","6","50","2012-05-01 00:00:00","2012-05-12 00:00:00","2012-05-01 00:00:00","2012-05-15 00:00:00","3.0000","36.7500","36.7500","2012-05-14 22:00:00"
"14413","820","6","50","2012-05-01 00:00:00","2012-05-12 00:00:00","2012-05-01 00:00:00","2012-05-15 00:00:00","3.0000","36.7500","36.7500","2012-05-14 22:00:00"
"14414","825","6","50","2012-05-01 00:00:00","2012-05-12 00:00:00","2012-05-01 00:00:00","2012-05-15 00:00:00","3.0000","36.7500","36.7500","2012-05-14 22:00:00"
"14415","826","6","50","2012-05-01 00:00:00","2012-05-12 00:00:00","2012-05-01 00:00:00","2012-05-15 00:00:00","3.0000","36.7500","36.7500","2012-05-14 22:00:00"
"14416","828","6","50","2012-05-01 00:00:00","2012-05-12 00:00:00","2012-05-01 00:00:00","2012-05-15 00:00:00","3.0000","36.7500","36.7500","2012-05-14 22:00:00"
"14417","894","6","50","2012-05-01 00:00:00","2012-05-12 00:00:00","2012-05-01 00:00:00","2012-05-15 00:00:00","3.0000","36.7500","36.7500","2012-05-14 22:00:00"
"14418","945","1","10","2012-05-01 00:00:00","2012-05-12 00:00:00","2012-05-01 00:00:00","2012-05-15 00:00:00","4.1000","92.2500","92.2500","2012-05-14 22:00:00"
"14418","945","6","50","2012-05-01 00:00:00","2012-05-12 00:00:00","2012-05-01 00:00:00","2012-05-15 00:00:00","3.0000","36.7500","36.7500","2012-05-14 22:00:00"
"14419","950","6","50","2012-05-01 00:00:00","2012-05-12 00:00:00","2012-05-01 00:00:00","2012-05-15 00:00:00","3.0000","36.7500","36.7500","2012-05-14 22:00:00"
"14420","951","6","50","2012-05-01 00:00:00","2012-05-12 00:00:00","2012-05-01 00:00:00","2012-05-15 00:00:00","3.0000","36.7500","36.7500","2012-05-14 22:00:00"
"14421","994","6","50","2012-05-01 00:00:00","2012-05-12 00:00:00","2012-05-01 00:00:00","2012-05-15 00:00:00","3.0000","36.7500","36.7500","2012-05-14 22:00:00"
"14422","996","6","50","2012-05-01 00:00:00","2012-05-12 00:00:00","2012-05-01 00:00:00","2012-05-15 00:00:00","3.0000","36.7500","36.7500","2012-05-14 22:00:00"
"14436","802","1","10","2012-05-01 00:00:00","2012-05-12 00:00:00","2012-05-01 00:00:00","2012-05-15 00:00:00","4.1000","92.2500","92.2500","2012-05-14 22:00:00"
"14436","802","6","50","2012-05-01 00:00:00","2012-05-12 00:00:00","2012-05-01 00:00:00","2012-05-15 00:00:00","3.0000","36.7500","36.7500","2012-05-14 22:00:00"
"14437","804","1","10","2012-05-01 00:00:00","2012-05-12 00:00:00","2012-05-01 00:00:00","2012-05-15 00:00:00","4.1000","92.2500","92.2500","2012-05-14 22:00:00"
"14437","804","6","50","2012-05-01 00:00:00","2012-05-12 00:00:00","2012-05-01 00:00:00","2012-05-15 00:00:00","3.0000","36.7500","36.7500","2012-05-14 22:00:00"
"14442","750","7","60","2012-05-02 00:00:00","2012-05-13 00:00:00","2012-05-05 00:00:00","2012-05-13 00:00:00","4.0000","49.0000","49.0000","2012-05-12 22:00:00"
"14443","764","7","60","2012-05-02 00:00:00","2012-05-13 00:00:00","2012-05-05 00:00:00","2012-05-13 00:00:00","4.0000","49.0000","49.0000","2012-05-12 22:00:00"
"14444","778","7","60","2012-05-02 00:00:00","2012-05-13 00:00:00","2012-05-05 00:00:00","2012-05-13 00:00:00","4.0000","49.0000","49.0000","2012-05-12 22:00:00"
"14445","516","6","50","2012-05-02 00:00:00","2012-05-13 00:00:00","2012-05-05 00:00:00","2012-05-13 00:00:00","3.0000","36.7500","36.7500","2012-05-12 22:00:00"
"14445","516","7","60","2012-05-02 00:00:00","2012-05-13 00:00:00","2012-05-05 00:00:00","2012-05-13 00:00:00","4.0000","49.0000","49.0000","2012-05-12 22:00:00"
"14446","517","6","50","2012-05-02 00:00:00","2012-05-13 00:00:00","2012-05-05 00:00:00","2012-05-13 00:00:00","3.0000","36.7500","36.7500","2012-05-12 22:00:00"
"14446","517","7","60","2012-05-02 00:00:00","2012-05-13 00:00:00","2012-05-05 00:00:00","2012-05-13 00:00:00","4.0000","49.0000","49.0000","2012-05-12 22:00:00"
"14447","519","6","50","2012-05-02 00:00:00","2012-05-13 00:00:00","2012-05-05 00:00:00","2012-05-13 00:00:00","3.0000","36.7500","36.7500","2012-05-12 22:00:00"
"14447","519","7","60","2012-05-02 00:00:00","2012-05-13 00:00:00","2012-05-05 00:00:00","2012-05-13 00:00:00","4.0000","49.0000","49.0000","2012-05-12 22:00:00"
"14451","806","6","50","2012-05-02 00:00:00","2012-05-13 00:00:00","2012-05-05 00:00:00","2012-05-13 00:00:00","3.0000","36.7500","36.7500","2012-05-12 22:00:00"
"14452","807","6","50","2012-05-02 00:00:00","2012-05-13 00:00:00","2012-05-05 00:00:00","2012-05-13 00:00:00","3.0000","36.7500","36.7500","2012-05-12 22:00:00"
"14453","810","1","10","2012-05-02 00:00:00","2012-05-13 00:00:00","2012-05-05 00:00:00","2012-05-13 00:00:00","4.1000","92.2500","92.2500","2012-05-12 22:00:00"
"14453","810","2","20","2012-05-02 00:00:00","2012-05-13 00:00:00","2012-05-05 00:00:00","2012-05-13 00:00:00","3.5000","87.5000","87.5000","2012-05-12 22:00:00"
"14453","810","6","50","2012-05-02 00:00:00","2012-05-13 00:00:00","2012-05-05 00:00:00","2012-05-13 00:00:00","3.0000","36.7500","36.7500","2012-05-12 22:00:00"
"14454","811","1","10","2012-05-02 00:00:00","2012-05-13 00:00:00","2012-05-05 00:00:00","2012-05-13 00:00:00","4.1000","92.2500","92.2500","2012-05-12 22:00:00"
"14454","811","2","20","2012-05-02 00:00:00","2012-05-13 00:00:00","2012-05-05 00:00:00","2012-05-13 00:00:00","3.5000","87.5000","87.5000","2012-05-12 22:00:00"
"14454","811","6","50","2012-05-02 00:00:00","2012-05-13 00:00:00","2012-05-05 00:00:00","2012-05-13 00:00:00","3.0000","36.7500","36.7500","2012-05-12 22:00:00"
"14455","813","1","10","2012-05-02 00:00:00","2012-05-13 00:00:00","2012-05-05 00:00:00","2012-05-13 00:00:00","4.1000","92.2500","92.2500","2012-05-12 22:00:00"
"14455","813","2","20","2012-05-02 00:00:00","2012-05-13 00:00:00","2012-05-05 00:00:00","2012-05-13 00:00:00","3.5000","87.5000","87.5000","2012-05-12 22:00:00"
"14455","813","6","50","2012-05-02 00:00:00","2012-05-13 00:00:00","2012-05-05 00:00:00","2012-05-13 00:00:00","3.0000","36.7500","36.7500","2012-05-12 22:00:00"
"14456","817","6","50","2012-05-02 00:00:00","2012-05-13 00:00:00","2012-05-05 00:00:00","2012-05-13 00:00:00","3.0000","36.7500","36.7500","2012-05-12 22:00:00"
"14457","818","6","50","2012-05-02 00:00:00","2012-05-13 00:00:00","2012-05-05 00:00:00","2012-05-13 00:00:00","3.0000","36.7500","36.7500","2012-05-12 22:00:00"
"14458","820","6","50","2012-05-02 00:00:00","2012-05-13 00:00:00","2012-05-05 00:00:00","2012-05-13 00:00:00","3.0000","36.7500","36.7500","2012-05-12 22:00:00"
"14459","825","6","50","2012-05-02 00:00:00","2012-05-13 00:00:00","2012-05-05 00:00:00","2012-05-13 00:00:00","3.0000","36.7500","36.7500","2012-05-12 22:00:00"
"14460","826","6","50","2012-05-02 00:00:00","2012-05-13 00:00:00","2012-05-05 00:00:00","2012-05-13 00:00:00","3.0000","36.7500","36.7500","2012-05-12 22:00:00"
"14461","828","6","50","2012-05-02 00:00:00","2012-05-13 00:00:00","2012-05-05 00:00:00","2012-05-13 00:00:00","3.0000","36.7500","36.7500","2012-05-12 22:00:00"
"14462","894","6","50","2012-05-02 00:00:00","2012-05-13 00:00:00","2012-05-05 00:00:00","2012-05-13 00:00:00","3.0000","36.7500","36.7500","2012-05-12 22:00:00"
"14463","945","1","10","2012-05-02 00:00:00","2012-05-13 00:00:00","2012-05-05 00:00:00","2012-05-13 00:00:00","4.1000","92.2500","92.2500","2012-05-12 22:00:00"
"14463","945","6","50","2012-05-02 00:00:00","2012-05-13 00:00:00","2012-05-05 00:00:00","2012-05-13 00:00:00","3.0000","36.7500","36.7500","2012-05-12 22:00:00"
"14464","950","6","50","2012-05-02 00:00:00","2012-05-13 00:00:00","2012-05-05 00:00:00","2012-05-13 00:00:00","3.0000","36.7500","36.7500","2012-05-12 22:00:00"
"14465","951","6","50","2012-05-02 00:00:00","2012-05-13 00:00:00","2012-05-05 00:00:00","2012-05-13 00:00:00","3.0000","36.7500","36.7500","2012-05-12 22:00:00"
"14466","994","6","50","2012-05-02 00:00:00","2012-05-13 00:00:00","2012-05-05 00:00:00","2012-05-13 00:00:00","3.0000","36.7500","36.7500","2012-05-12 22:00:00"
"14467","996","6","50","2012-05-02 00:00:00","2012-05-13 00:00:00","2012-05-05 00:00:00","2012-05-13 00:00:00","3.0000","36.7500","36.7500","2012-05-12 22:00:00"
"14481","802","1","10","2012-05-02 00:00:00","2012-05-13 00:00:00","2012-05-05 00:00:00","2012-05-13 00:00:00","4.1000","92.2500","92.2500","2012-05-12 22:00:00"
"14481","802","6","50","2012-05-02 00:00:00","2012-05-13 00:00:00","2012-05-05 00:00:00","2012-05-13 00:00:00","3.0000","36.7500","36.7500","2012-05-12 22:00:00"
"14482","804","1","10","2012-05-02 00:00:00","2012-05-13 00:00:00","2012-05-05 00:00:00","2012-05-13 00:00:00","4.1000","92.2500","92.2500","2012-05-12 22:00:00"
"14482","804","6","50","2012-05-02 00:00:00","2012-05-13 00:00:00","2012-05-05 00:00:00","2012-05-13 00:00:00","3.0000","36.7500","36.7500","2012-05-12 22:00:00"
"14504","747","1","10","2012-05-03 00:00:00","2012-05-14 00:00:00","2012-05-03 00:00:00","2012-05-19 00:00:00","4.1000","92.2500","92.2500","2012-05-18 22:00:00"
"14504","747","2","20","2012-05-03 00:00:00","2012-05-14 00:00:00","2012-05-03 00:00:00","2012-05-19 00:00:00","3.5000","87.5000","87.5000","2012-05-18 22:00:00"
"14504","747","3","30","2012-05-03 00:00:00","2012-05-14 00:00:00","2012-05-03 00:00:00","2012-05-19 00:00:00","1.0000","14.5000","14.5000","2012-05-18 22:00:00"
"14504","747","4","40","2012-05-03 00:00:00","2012-05-14 00:00:00","2012-05-03 00:00:00","2012-05-19 00:00:00","2.0000","31.5000","31.5000","2012-05-18 22:00:00"
"14504","747","6","50","2012-05-03 00:00:00","2012-05-14 00:00:00","2012-05-03 00:00:00","2012-05-19 00:00:00","3.0000","36.7500","36.7500","2012-05-18 22:00:00"
"14504","747","7","60","2012-05-03 00:00:00","2012-05-14 00:00:00","2012-05-03 00:00:00","2012-05-19 00:00:00","4.0000","49.0000","49.0000","2012-05-18 22:00:00"
"14505","748","1","10","2012-05-03 00:00:00","2012-05-14 00:00:00","2012-05-03 00:00:00","2012-05-19 00:00:00","4.1000","92.2500","92.2500","2012-05-18 22:00:00"
"14505","748","2","20","2012-05-03 00:00:00","2012-05-14 00:00:00","2012-05-03 00:00:00","2012-05-19 00:00:00","3.5000","87.5000","87.5000","2012-05-18 22:00:00"
"14505","748","3","30","2012-05-03 00:00:00","2012-05-14 00:00:00","2012-05-03 00:00:00","2012-05-19 00:00:00","1.0000","14.5000","14.5000","2012-05-18 22:00:00"
"14505","748","5","45","2012-05-03 00:00:00","2012-05-14 00:00:00","2012-05-03 00:00:00","2012-05-19 00:00:00","2.0000","36.0000","36.0000","2012-05-18 22:00:00"
"14505","748","6","50","2012-05-03 00:00:00","2012-05-14 00:00:00","2012-05-03 00:00:00","2012-05-19 00:00:00","3.0000","36.7500","36.7500","2012-05-18 22:00:00"
"14505","748","7","60","2012-05-03 00:00:00","2012-05-14 00:00:00","2012-05-03 00:00:00","2012-05-19 00:00:00","4.0000","49.0000","49.0000","2012-05-18 22:00:00"
"14506","749","7","60","2012-05-03 00:00:00","2012-05-14 00:00:00","2012-05-03 00:00:00","2012-05-19 00:00:00","4.0000","49.0000","49.0000","2012-05-18 22:00:00"
"14507","750","7","60","2012-05-03 00:00:00","2012-05-14 00:00:00","2012-05-03 00:00:00","2012-05-19 00:00:00","4.0000","49.0000","49.0000","2012-05-18 22:00:00"
"14508","751","7","60","2012-05-03 00:00:00","2012-05-14 00:00:00","2012-05-03 00:00:00","2012-05-19 00:00:00","4.0000","49.0000","49.0000","2012-05-18 22:00:00"
"14509","752","7","60","2012-05-03 00:00:00","2012-05-14 00:00:00","2012-05-03 00:00:00","2012-05-19 00:00:00","4.0000","49.0000","49.0000","2012-05-18 22:00:00"
"14510","753","7","60","2012-05-03 00:00:00","2012-05-14 00:00:00","2012-05-03 00:00:00","2012-05-19 00:00:00","4.0000","49.0000","49.0000","2012-05-18 22:00:00"
"14511","754","7","60","2012-05-03 00:00:00","2012-05-14 00:00:00","2012-05-03 00:00:00","2012-05-19 00:00:00","4.0000","49.0000","49.0000","2012-05-18 22:00:00"
"14512","755","7","60","2012-05-03 00:00:00","2012-05-14 00:00:00","2012-05-03 00:00:00","2012-05-19 00:00:00","4.0000","49.0000","49.0000","2012-05-18 22:00:00"
"14513","756","7","60","2012-05-03 00:00:00","2012-05-14 00:00:00","2012-05-03 00:00:00","2012-05-19 00:00:00","4.0000","49.0000","49.0000","2012-05-18 22:00:00"
"14514","757","7","60","2012-05-03 00:00:00","2012-05-14 00:00:00","2012-05-03 00:00:00","2012-05-19 00:00:00","4.0000","49.0000","49.0000","2012-05-18 22:00:00"
"14515","758","7","60","2012-05-03 00:00:00","2012-05-14 00:00:00","2012-05-03 00:00:00","2012-05-19 00:00:00","4.0000","49.0000","49.0000","2012-05-18 22:00:00"
"14516","759","7","60","2012-05-03 00:00:00","2012-05-14 00:00:00","2012-05-03 00:00:00","2012-05-19 00:00:00","4.0000","49.0000","49.0000","2012-05-18 22:00:00"
"14517","760","7","60","2012-05-03 00:00:00","2012-05-14 00:00:00","2012-05-03 00:00:00","2012-05-19 00:00:00","4.0000","49.0000","49.0000","2012-05-18 22:00:00"
"14518","761","7","60","2012-05-03 00:00:00","2012-05-14 00:00:00","2012-05-03 00:00:00","2012-05-19 00:00:00","4.0000","49.0000","49.0000","2012-05-18 22:00:00"
"14519","762","7","60","2012-05-03 00:00:00","2012-05-14 00:00:00","2012-05-03 00:00:00","2012-05-19 00:00:00","4.0000","49.0000","49.0000","2012-05-18 22:00:00"
"14520","763","7","60","2012-05-03 00:00:00","2012-05-14 00:00:00","2012-05-03 00:00:00","2012-05-19 00:00:00","4.0000","49.0000","49.0000","2012-05-18 22:00:00"
"14521","764","7","60","2012-05-03 00:00:00","2012-05-14 00:00:00","2012-05-03 00:00:00","2012-05-19 00:00:00","4.0000","49.0000","49.0000","2012-05-18 22:00:00"
"14522","765","7","60","2012-05-03 00:00:00","2012-05-14 00:00:00","2012-05-03 00:00:00","2012-05-19 00:00:00","4.0000","49.0000","49.0000","2012-05-18 22:00:00"
"14523","766","7","60","2012-05-03 00:00:00","2012-05-14 00:00:00","2012-05-03 00:00:00","2012-05-19 00:00:00","4.0000","49.0000","49.0000","2012-05-18 22:00:00"
"14524","767","7","60","2012-05-03 00:00:00","2012-05-14 00:00:00","2012-05-03 00:00:00","2012-05-19 00:00:00","4.0000","49.0000","49.0000","2012-05-18 22:00:00"
"14525","768","7","60","2012-05-03 00:00:00","2012-05-14 00:00:00","2012-05-03 00:00:00","2012-05-19 00:00:00","4.0000","49.0000","49.0000","2012-05-18 22:00:00"
"14526","769","7","60","2012-05-03 00:00:00","2012-05-14 00:00:00","2012-05-03 00:00:00","2012-05-19 00:00:00","4.0000","49.0000","49.0000","2012-05-18 22:00:00"
"14527","770","7","60","2012-05-03 00:00:00","2012-05-14 00:00:00","2012-05-03 00:00:00","2012-05-19 00:00:00","4.0000","49.0000","49.0000","2012-05-18 22:00:00"
"14528","771","7","60","2012-05-03 00:00:00","2012-05-14 00:00:00","2012-05-03 00:00:00","2012-05-19 00:00:00","4.0000","49.0000","49.0000","2012-05-18 22:00:00"
"14529","772","7","60","2012-05-03 00:00:00","2012-05-14 00:00:00","2012-05-03 00:00:00","2012-05-19 00:00:00","4.0000","49.0000","49.0000","2012-05-18 22:00:00"
"14530","773","7","60","2012-05-03 00:00:00","2012-05-14 00:00:00","2012-05-03 00:00:00","2012-05-19 00:00:00","4.0000","49.0000","49.0000","2012-05-18 22:00:00"
"14531","774","7","60","2012-05-03 00:00:00","2012-05-14 00:00:00","2012-05-03 00:00:00","2012-05-19 00:00:00","4.0000","49.0000","49.0000","2012-05-18 22:00:00"
"14532","775","7","60","2012-05-03 00:00:00","2012-05-14 00:00:00","2012-05-03 00:00:00","2012-05-19 00:00:00","4.0000","49.0000","49.0000","2012-05-18 22:00:00"
"14533","776","7","60","2012-05-03 00:00:00","2012-05-14 00:00:00","2012-05-03 00:00:00","2012-05-19 00:00:00","4.0000","49.0000","49.0000","2012-05-18 22:00:00"
"14534","777","7","60","2012-05-03 00:00:00","2012-05-14 00:00:00","2012-05-03 00:00:00","2012-05-19 00:00:00","4.0000","49.0000","49.0000","2012-05-18 22:00:00"
"14535","778","7","60","2012-05-03 00:00:00","2012-05-14 00:00:00","2012-05-03 00:00:00","2012-05-19 00:00:00","4.0000","49.0000","49.0000","2012-05-18 22:00:00"
"14536","516","6","50","2012-05-03 00:00:00","2012-05-14 00:00:00","2012-05-03 00:00:00","2012-05-19 00:00:00","3.0000","36.7500","36.7500","2012-05-18 22:00:00"
"14536","516","7","60","2012-05-03 00:00:00","2012-05-14 00:00:00","2012-05-03 00:00:00","2012-05-19 00:00:00","4.0000","49.0000","49.0000","2012-05-18 22:00:00"
"14537","517","6","50","2012-05-03 00:00:00","2012-05-14 00:00:00","2012-05-03 00:00:00","2012-05-19 00:00:00","3.0000","36.7500","36.7500","2012-05-18 22:00:00"
"14537","517","7","60","2012-05-03 00:00:00","2012-05-14 00:00:00","2012-05-03 00:00:00","2012-05-19 00:00:00","4.0000","49.0000","49.0000","2012-05-18 22:00:00"
"14538","518","6","50","2012-05-03 00:00:00","2012-05-14 00:00:00","2012-05-03 00:00:00","2012-05-19 00:00:00","3.0000","36.7500","36.7500","2012-05-18 22:00:00"
"14538","518","7","60","2012-05-03 00:00:00","2012-05-14 00:00:00","2012-05-03 00:00:00","2012-05-19 00:00:00","4.0000","49.0000","49.0000","2012-05-18 22:00:00"
"14539","519","6","50","2012-05-03 00:00:00","2012-05-14 00:00:00","2012-05-03 00:00:00","2012-05-19 00:00:00","3.0000","36.7500","36.7500","2012-05-18 22:00:00"
"14539","519","7","60","2012-05-03 00:00:00","2012-05-14 00:00:00","2012-05-03 00:00:00","2012-05-19 00:00:00","4.0000","49.0000","49.0000","2012-05-18 22:00:00"
"14568","747","1","10","2012-05-03 00:00:00","2012-05-14 00:00:00","2012-05-03 00:00:00","2012-05-19 00:00:00","4.1000","92.2500","92.2500","2012-05-18 22:00:00"
"14568","747","2","20","2012-05-03 00:00:00","2012-05-14 00:00:00","2012-05-03 00:00:00","2012-05-19 00:00:00","3.5000","87.5000","87.5000","2012-05-18 22:00:00"
"14568","747","3","30","2012-05-03 00:00:00","2012-05-14 00:00:00","2012-05-03 00:00:00","2012-05-19 00:00:00","1.0000","14.5000","14.5000","2012-05-18 22:00:00"
"14568","747","4","40","2012-05-03 00:00:00","2012-05-14 00:00:00","2012-05-03 00:00:00","2012-05-19 00:00:00","2.0000","31.5000","31.5000","2012-05-18 22:00:00"
"14568","747","6","50","2012-05-03 00:00:00","2012-05-14 00:00:00","2012-05-03 00:00:00","2012-05-19 00:00:00","3.0000","36.7500","36.7500","2012-05-18 22:00:00"
"14568","747","7","60","2012-05-03 00:00:00","2012-05-14 00:00:00","2012-05-03 00:00:00","2012-05-19 00:00:00","4.0000","49.0000","49.0000","2012-05-18 22:00:00"
"14569","748","1","10","2012-05-03 00:00:00","2012-05-14 00:00:00","2012-05-03 00:00:00","2012-05-19 00:00:00","4.1000","92.2500","92.2500","2012-05-18 22:00:00"
"14569","748","2","20","2012-05-03 00:00:00","2012-05-14 00:00:00","2012-05-03 00:00:00","2012-05-19 00:00:00","3.5000","87.5000","87.5000","2012-05-18 22:00:00"
"14569","748","3","30","2012-05-03 00:00:00","2012-05-14 00:00:00","2012-05-03 00:00:00","2012-05-19 00:00:00","1.0000","14.5000","14.5000","2012-05-18 22:00:00"
"14569","748","5","45","2012-05-03 00:00:00","2012-05-14 00:00:00","2012-05-03 00:00:00","2012-05-19 00:00:00","2.0000","36.0000","36.0000","2012-05-18 22:00:00"
"14569","748","6","50","2012-05-03 00:00:00","2012-05-14 00:00:00","2012-05-03 00:00:00","2012-05-19 00:00:00","3.0000","36.7500","36.7500","2012-05-18 22:00:00"
"14569","748","7","60","2012-05-03 00:00:00","2012-05-14 00:00:00","2012-05-03 00:00:00","2012-05-19 00:00:00","4.0000","49.0000","49.0000","2012-05-18 22:00:00"
"14570","806","6","50","2012-05-03 00:00:00","2012-05-14 00:00:00","2012-05-03 00:00:00","2012-05-19 00:00:00","3.0000","36.7500","36.7500","2012-05-18 22:00:00"
"14571","807","6","50","2012-05-03 00:00:00","2012-05-14 00:00:00","2012-05-03 00:00:00","2012-05-19 00:00:00","3.0000","36.7500","36.7500","2012-05-18 22:00:00"
"14572","810","1","10","2012-05-03 00:00:00","2012-05-14 00:00:00","2012-05-03 00:00:00","2012-05-19 00:00:00","4.1000","92.2500","92.2500","2012-05-18 22:00:00"
"14572","810","2","20","2012-05-03 00:00:00","2012-05-14 00:00:00","2012-05-03 00:00:00","2012-05-19 00:00:00","3.5000","87.5000","87.5000","2012-05-18 22:00:00"
"14572","810","6","50","2012-05-03 00:00:00","2012-05-14 00:00:00","2012-05-03 00:00:00","2012-05-19 00:00:00","3.0000","36.7500","36.7500","2012-05-18 22:00:00"
"14573","811","1","10","2012-05-03 00:00:00","2012-05-14 00:00:00","2012-05-03 00:00:00","2012-05-19 00:00:00","4.1000","92.2500","92.2500","2012-05-18 22:00:00"
"14573","811","2","20","2012-05-03 00:00:00","2012-05-14 00:00:00","2012-05-03 00:00:00","2012-05-19 00:00:00","3.5000","87.5000","87.5000","2012-05-18 22:00:00"
"14573","811","6","50","2012-05-03 00:00:00","2012-05-14 00:00:00","2012-05-03 00:00:00","2012-05-19 00:00:00","3.0000","36.7500","36.7500","2012-05-18 22:00:00"
"14574","812","1","10","2012-05-03 00:00:00","2012-05-14 00:00:00","2012-05-03 00:00:00","2012-05-19 00:00:00","4.1000","92.2500","92.2500","2012-05-18 22:00:00"
"14574","812","2","20","2012-05-03 00:00:00","2012-05-14 00:00:00","2012-05-03 00:00:00","2012-05-19 00:00:00","3.5000","87.5000","87.5000","2012-05-18 22:00:00"
"14574","812","6","50","2012-05-03 00:00:00","2012-05-14 00:00:00","2012-05-03 00:00:00","2012-05-19 00:00:00","3.0000","36.7500","36.7500","2012-05-18 22:00:00"
"14575","813","1","10","2012-05-03 00:00:00","2012-05-14 00:00:00","2012-05-03 00:00:00","2012-05-19 00:00:00","4.1000","92.2500","92.2500","2012-05-18 22:00:00"
"14575","813","2","20","2012-05-03 00:00:00","2012-05-14 00:00:00","2012-05-03 00:00:00","2012-05-19 00:00:00","3.5000","87.5000","87.5000","2012-05-18 22:00:00"
"14575","813","6","50","2012-05-03 00:00:00","2012-05-14 00:00:00","2012-05-03 00:00:00","2012-05-19 00:00:00","3.0000","36.7500","36.7500","2012-05-18 22:00:00"
"14576","817","6","50","2012-05-03 00:00:00","2012-05-14 00:00:00","2012-05-03 00:00:00","2012-05-19 00:00:00","3.0000","36.7500","36.7500","2012-05-18 22:00:00"
"14577","818","6","50","2012-05-03 00:00:00","2012-05-14 00:00:00","2012-05-03 00:00:00","2012-05-19 00:00:00","3.0000","36.7500","36.7500","2012-05-18 22:00:00"
"14578","819","6","50","2012-05-03 00:00:00","2012-05-14 00:00:00","2012-05-03 00:00:00","2012-05-19 00:00:00","3.0000","36.7500","36.7500","2012-05-18 22:00:00"
"14579","820","6","50","2012-05-03 00:00:00","2012-05-14 00:00:00","2012-05-03 00:00:00","2012-05-19 00:00:00","3.0000","36.7500","36.7500","2012-05-18 22:00:00"
"14580","825","6","50","2012-05-03 00:00:00","2012-05-14 00:00:00","2012-05-03 00:00:00","2012-05-19 00:00:00","3.0000","36.7500","36.7500","2012-05-18 22:00:00"
"14581","826","6","50","2012-05-03 00:00:00","2012-05-14 00:00:00","2012-05-03 00:00:00","2012-05-19 00:00:00","3.0000","36.7500","36.7500","2012-05-18 22:00:00"
"14582","827","6","50","2012-05-03 00:00:00","2012-05-14 00:00:00","2012-05-03 00:00:00","2012-05-19 00:00:00","3.0000","36.7500","36.7500","2012-05-18 22:00:00"
"14583","828","6","50","2012-05-03 00:00:00","2012-05-14 00:00:00","2012-05-03 00:00:00","2012-05-19 00:00:00","3.0000","36.7500","36.7500","2012-05-18 22:00:00"
"14584","894","6","50","2012-05-03 00:00:00","2012-05-14 00:00:00","2012-05-03 00:00:00","2012-05-19 00:00:00","3.0000","36.7500","36.7500","2012-05-18 22:00:00"
"14585","945","1","10","2012-05-03 00:00:00","2012-05-14 00:00:00","2012-05-03 00:00:00","2012-05-19 00:00:00","4.1000","92.2500","92.2500","2012-05-18 22:00:00"
"14585","945","6","50","2012-05-03 00:00:00","2012-05-14 00:00:00","2012-05-03 00:00:00","2012-05-19 00:00:00","3.0000","36.7500","36.7500","2012-05-18 22:00:00"
"14586","950","6","50","2012-05-03 00:00:00","2012-05-14 00:00:00","2012-05-03 00:00:00","2012-05-19 00:00:00","3.0000","36.7500","36.7500","2012-05-18 22:00:00"
"14587","951","6","50","2012-05-03 00:00:00","2012-05-14 00:00:00","2012-05-03 00:00:00","2012-05-19 00:00:00","3.0000","36.7500","36.7500","2012-05-18 22:00:00"
"14588","994","6","50","2012-05-03 00:00:00","2012-05-14 00:00:00","2012-05-03 00:00:00","2012-05-19 00:00:00","3.0000","36.7500","36.7500","2012-05-18 22:00:00"
"14589","995","6","50","2012-05-03 00:00:00","2012-05-14 00:00:00","2012-05-03 00:00:00","2012-05-19 00:00:00","3.0000","36.7500","36.7500","2012-05-18 22:00:00"
"14590","996","6","50","2012-05-03 00:00:00","2012-05-14 00:00:00","2012-05-03 00:00:00","2012-05-19 00:00:00","3.0000","36.7500","36.7500","2012-05-18 22:00:00"
"14604","802","1","10","2012-05-03 00:00:00","2012-05-14 00:00:00","2012-05-03 00:00:00","2012-05-19 00:00:00","4.1000","92.2500","92.2500","2012-05-18 22:00:00"
"14604","802","6","50","2012-05-03 00:00:00","2012-05-14 00:00:00","2012-05-03 00:00:00","2012-05-19 00:00:00","3.0000","36.7500","36.7500","2012-05-18 22:00:00"
"14605","803","1","10","2012-05-03 00:00:00","2012-05-14 00:00:00","2012-05-03 00:00:00","2012-05-19 00:00:00","4.1000","92.2500","92.2500","2012-05-18 22:00:00"
"14605","803","6","50","2012-05-03 00:00:00","2012-05-14 00:00:00","2012-05-03 00:00:00","2012-05-19 00:00:00","3.0000","36.7500","36.7500","2012-05-18 22:00:00"
"14606","804","1","10","2012-05-03 00:00:00","2012-05-14 00:00:00","2012-05-03 00:00:00","2012-05-19 00:00:00","4.1000","92.2500","92.2500","2012-05-18 22:00:00"
"14606","804","6","50","2012-05-03 00:00:00","2012-05-14 00:00:00","2012-05-03 00:00:00","2012-05-19 00:00:00","3.0000","36.7500","36.7500","2012-05-18 22:00:00"
"14611","749","7","60","2012-05-04 00:00:00","2012-05-15 00:00:00","2012-05-09 00:00:00","2012-05-15 00:00:00","4.0000","49.0000","49.0000","2012-05-14 22:00:00"
"14612","750","7","60","2012-05-04 00:00:00","2012-05-15 00:00:00","2012-05-09 00:00:00","2012-05-15 00:00:00","4.0000","49.0000","49.0000","2012-05-14 22:00:00"
"14613","751","7","60","2012-05-04 00:00:00","2012-05-15 00:00:00","2012-05-09 00:00:00","2012-05-15 00:00:00","4.0000","49.0000","49.0000","2012-05-14 22:00:00"
"14614","752","7","60","2012-05-04 00:00:00","2012-05-15 00:00:00","2012-05-09 00:00:00","2012-05-15 00:00:00","4.0000","49.0000","49.0000","2012-05-14 22:00:00"
"14615","753","7","60","2012-05-04 00:00:00","2012-05-15 00:00:00","2012-05-09 00:00:00","2012-05-15 00:00:00","4.0000","49.0000","49.0000","2012-05-14 22:00:00"
"14616","763","7","60","2012-05-04 00:00:00","2012-05-15 00:00:00","2012-05-09 00:00:00","2012-05-15 00:00:00","4.0000","49.0000","49.0000","2012-05-14 22:00:00"
"14617","773","7","60","2012-05-04 00:00:00","2012-05-15 00:00:00","2012-05-09 00:00:00","2012-05-15 00:00:00","4.0000","49.0000","49.0000","2012-05-14 22:00:00"
"14618","516","6","50","2012-05-04 00:00:00","2012-05-15 00:00:00","2012-05-09 00:00:00","2012-05-15 00:00:00","3.0000","36.7500","36.7500","2012-05-14 22:00:00"
"14618","516","7","60","2012-05-04 00:00:00","2012-05-15 00:00:00","2012-05-09 00:00:00","2012-05-15 00:00:00","4.0000","49.0000","49.0000","2012-05-14 22:00:00"
"14619","517","6","50","2012-05-04 00:00:00","2012-05-15 00:00:00","2012-05-09 00:00:00","2012-05-15 00:00:00","3.0000","36.7500","36.7500","2012-05-14 22:00:00"
"14619","517","7","60","2012-05-04 00:00:00","2012-05-15 00:00:00","2012-05-09 00:00:00","2012-05-15 00:00:00","4.0000","49.0000","49.0000","2012-05-14 22:00:00"
"14620","519","6","50","2012-05-04 00:00:00","2012-05-15 00:00:00","2012-05-09 00:00:00","2012-05-15 00:00:00","3.0000","36.7500","36.7500","2012-05-14 22:00:00"
"14620","519","7","60","2012-05-04 00:00:00","2012-05-15 00:00:00","2012-05-09 00:00:00","2012-05-15 00:00:00","4.0000","49.0000","49.0000","2012-05-14 22:00:00"
"14628","806","6","50","2012-05-04 00:00:00","2012-05-15 00:00:00","2012-05-09 00:00:00","2012-05-15 00:00:00","3.0000","36.7500","36.7500","2012-05-14 22:00:00"
"14629","807","6","50","2012-05-04 00:00:00","2012-05-15 00:00:00","2012-05-09 00:00:00","2012-05-15 00:00:00","3.0000","36.7500","36.7500","2012-05-14 22:00:00"
"14630","810","1","10","2012-05-04 00:00:00","2012-05-15 00:00:00","2012-05-09 00:00:00","2012-05-15 00:00:00","4.1000","92.2500","92.2500","2012-05-14 22:00:00"
"14630","810","2","20","2012-05-04 00:00:00","2012-05-15 00:00:00","2012-05-09 00:00:00","2012-05-15 00:00:00","3.5000","87.5000","87.5000","2012-05-14 22:00:00"
"14630","810","6","50","2012-05-04 00:00:00","2012-05-15 00:00:00","2012-05-09 00:00:00","2012-05-15 00:00:00","3.0000","36.7500","36.7500","2012-05-14 22:00:00"
"14631","811","1","10","2012-05-04 00:00:00","2012-05-15 00:00:00","2012-05-09 00:00:00","2012-05-15 00:00:00","4.1000","92.2500","92.2500","2012-05-14 22:00:00"
"14631","811","2","20","2012-05-04 00:00:00","2012-05-15 00:00:00","2012-05-09 00:00:00","2012-05-15 00:00:00","3.5000","87.5000","87.5000","2012-05-14 22:00:00"
"14631","811","6","50","2012-05-04 00:00:00","2012-05-15 00:00:00","2012-05-09 00:00:00","2012-05-15 00:00:00","3.0000","36.7500","36.7500","2012-05-14 22:00:00"
"14632","813","1","10","2012-05-04 00:00:00","2012-05-15 00:00:00","2012-05-09 00:00:00","2012-05-15 00:00:00","4.1000","92.2500","92.2500","2012-05-14 22:00:00"
"14632","813","2","20","2012-05-04 00:00:00","2012-05-15 00:00:00","2012-05-09 00:00:00","2012-05-15 00:00:00","3.5000","87.5000","87.5000","2012-05-14 22:00:00"
"14632","813","6","50","2012-05-04 00:00:00","2012-05-15 00:00:00","2012-05-09 00:00:00","2012-05-15 00:00:00","3.0000","36.7500","36.7500","2012-05-14 22:00:00"
"14633","817","6","50","2012-05-04 00:00:00","2012-05-15 00:00:00","2012-05-09 00:00:00","2012-05-15 00:00:00","3.0000","36.7500","36.7500","2012-05-14 22:00:00"
"14634","818","6","50","2012-05-04 00:00:00","2012-05-15 00:00:00","2012-05-09 00:00:00","2012-05-15 00:00:00","3.0000","36.7500","36.7500","2012-05-14 22:00:00"
"14635","820","6","50","2012-05-04 00:00:00","2012-05-15 00:00:00","2012-05-09 00:00:00","2012-05-15 00:00:00","3.0000","36.7500","36.7500","2012-05-14 22:00:00"
"14636","825","6","50","2012-05-04 00:00:00","2012-05-15 00:00:00","2012-05-09 00:00:00","2012-05-15 00:00:00","3.0000","36.7500","36.7500","2012-05-14 22:00:00"
"14637","826","6","50","2012-05-04 00:00:00","2012-05-15 00:00:00","2012-05-09 00:00:00","2012-05-15 00:00:00","3.0000","36.7500","36.7500","2012-05-14 22:00:00"
"14638","828","6","50","2012-05-04 00:00:00","2012-05-15 00:00:00","2012-05-09 00:00:00","2012-05-15 00:00:00","3.0000","36.7500","36.7500","2012-05-14 22:00:00"
"14639","894","6","50","2012-05-04 00:00:00","2012-05-15 00:00:00","2012-05-09 00:00:00","2012-05-15 00:00:00","3.0000","36.7500","36.7500","2012-05-14 22:00:00"
"14640","945","1","10","2012-05-04 00:00:00","2012-05-15 00:00:00","2012-05-09 00:00:00","2012-05-15 00:00:00","4.1000","92.2500","92.2500","2012-05-14 22:00:00"
"14640","945","6","50","2012-05-04 00:00:00","2012-05-15 00:00:00","2012-05-09 00:00:00","2012-05-15 00:00:00","3.0000","36.7500","36.7500","2012-05-14 22:00:00"
"14641","950","6","50","2012-05-04 00:00:00","2012-05-15 00:00:00","2012-05-09 00:00:00","2012-05-15 00:00:00","3.0000","36.7500","36.7500","2012-05-14 22:00:00"
"14642","951","6","50","2012-05-04 00:00:00","2012-05-15 00:00:00","2012-05-09 00:00:00","2012-05-15 00:00:00","3.0000","36.7500","36.7500","2012-05-14 22:00:00"
"14643","994","6","50","2012-05-04 00:00:00","2012-05-15 00:00:00","2012-05-09 00:00:00","2012-05-15 00:00:00","3.0000","36.7500","36.7500","2012-05-14 22:00:00"
"14644","996","6","50","2012-05-04 00:00:00","2012-05-15 00:00:00","2012-05-09 00:00:00","2012-05-15 00:00:00","3.0000","36.7500","36.7500","2012-05-14 22:00:00"
"14658","802","1","10","2012-05-04 00:00:00","2012-05-15 00:00:00","2012-05-09 00:00:00","2012-05-15 00:00:00","4.1000","92.2500","92.2500","2012-05-14 22:00:00"
"14658","802","6","50","2012-05-04 00:00:00","2012-05-15 00:00:00","2012-05-09 00:00:00","2012-05-15 00:00:00","3.0000","36.7500","36.7500","2012-05-14 22:00:00"
"14659","804","1","10","2012-05-04 00:00:00","2012-05-15 00:00:00","2012-05-09 00:00:00","2012-05-15 00:00:00","4.1000","92.2500","92.2500","2012-05-14 22:00:00"
"14659","804","6","50","2012-05-04 00:00:00","2012-05-15 00:00:00","2012-05-09 00:00:00","2012-05-15 00:00:00","3.0000","36.7500","36.7500","2012-05-14 22:00:00"
"14664","751","7","60","2012-05-05 00:00:00","2012-05-16 00:00:00","2012-05-05 00:00:00","2012-05-23 00:00:00","4.0000","49.0000","49.0000","2012-05-22 22:00:00"
"14665","770","7","60","2012-05-05 00:00:00","2012-05-16 00:00:00","2012-05-05 00:00:00","2012-05-23 00:00:00","4.0000","49.0000","49.0000","2012-05-22 22:00:00"
"14666","778","7","60","2012-05-05 00:00:00","2012-05-16 00:00:00","2012-05-05 00:00:00","2012-05-23 00:00:00","4.0000","49.0000","49.0000","2012-05-22 22:00:00"
"14667","516","6","50","2012-05-05 00:00:00","2012-05-16 00:00:00","2012-05-05 00:00:00","2012-05-23 00:00:00","3.0000","36.7500","36.7500","2012-05-22 22:00:00"
"14667","516","7","60","2012-05-05 00:00:00","2012-05-16 00:00:00","2012-05-05 00:00:00","2012-05-23 00:00:00","4.0000","49.0000","49.0000","2012-05-22 22:00:00"
"14668","517","6","50","2012-05-05 00:00:00","2012-05-16 00:00:00","2012-05-05 00:00:00","2012-05-23 00:00:00","3.0000","36.7500","36.7500","2012-05-22 22:00:00"
"14668","517","7","60","2012-05-05 00:00:00","2012-05-16 00:00:00","2012-05-05 00:00:00","2012-05-23 00:00:00","4.0000","49.0000","49.0000","2012-05-22 22:00:00"
"14669","519","6","50","2012-05-05 00:00:00","2012-05-16 00:00:00","2012-05-05 00:00:00","2012-05-23 00:00:00","3.0000","36.7500","36.7500","2012-05-22 22:00:00"
"14669","519","7","60","2012-05-05 00:00:00","2012-05-16 00:00:00","2012-05-05 00:00:00","2012-05-23 00:00:00","4.0000","49.0000","49.0000","2012-05-22 22:00:00"
"14673","806","6","50","2012-05-05 00:00:00","2012-05-16 00:00:00","2012-05-05 00:00:00","2012-05-23 00:00:00","3.0000","36.7500","36.7500","2012-05-22 22:00:00"
"14674","807","6","50","2012-05-05 00:00:00","2012-05-16 00:00:00","2012-05-05 00:00:00","2012-05-23 00:00:00","3.0000","36.7500","36.7500","2012-05-22 22:00:00"
"14675","810","1","10","2012-05-05 00:00:00","2012-05-16 00:00:00","2012-05-05 00:00:00","2012-05-23 00:00:00","4.1000","92.2500","92.2500","2012-05-22 22:00:00"
"14675","810","2","20","2012-05-05 00:00:00","2012-05-16 00:00:00","2012-05-05 00:00:00","2012-05-23 00:00:00","3.5000","87.5000","87.5000","2012-05-22 22:00:00"
"14675","810","6","50","2012-05-05 00:00:00","2012-05-16 00:00:00","2012-05-05 00:00:00","2012-05-23 00:00:00","3.0000","36.7500","36.7500","2012-05-22 22:00:00"
"14676","811","1","10","2012-05-05 00:00:00","2012-05-16 00:00:00","2012-05-05 00:00:00","2012-05-23 00:00:00","4.1000","92.2500","92.2500","2012-05-22 22:00:00"
"14676","811","2","20","2012-05-05 00:00:00","2012-05-16 00:00:00","2012-05-05 00:00:00","2012-05-23 00:00:00","3.5000","87.5000","87.5000","2012-05-22 22:00:00"
"14676","811","6","50","2012-05-05 00:00:00","2012-05-16 00:00:00","2012-05-05 00:00:00","2012-05-23 00:00:00","3.0000","36.7500","36.7500","2012-05-22 22:00:00"
"14677","813","1","10","2012-05-05 00:00:00","2012-05-16 00:00:00","2012-05-05 00:00:00","2012-05-23 00:00:00","4.1000","92.2500","92.2500","2012-05-22 22:00:00"
"14677","813","2","20","2012-05-05 00:00:00","2012-05-16 00:00:00","2012-05-05 00:00:00","2012-05-23 00:00:00","3.5000","87.5000","87.5000","2012-05-22 22:00:00"
"14677","813","6","50","2012-05-05 00:00:00","2012-05-16 00:00:00","2012-05-05 00:00:00","2012-05-23 00:00:00","3.0000","36.7500","36.7500","2012-05-22 22:00:00"
"14678","817","6","50","2012-05-05 00:00:00","2012-05-16 00:00:00","2012-05-05 00:00:00","2012-05-23 00:00:00","3.0000","36.7500","36.7500","2012-05-22 22:00:00"
"14679","818","6","50","2012-05-05 00:00:00","2012-05-16 00:00:00","2012-05-05 00:00:00","2012-05-23 00:00:00","3.0000","36.7500","36.7500","2012-05-22 22:00:00"
"14680","820","6","50","2012-05-05 00:00:00","2012-05-16 00:00:00","2012-05-05 00:00:00","2012-05-23 00:00:00","3.0000","36.7500","36.7500","2012-05-22 22:00:00"
"14681","825","6","50","2012-05-05 00:00:00","2012-05-16 00:00:00","2012-05-05 00:00:00","2012-05-23 00:00:00","3.0000","36.7500","36.7500","2012-05-22 22:00:00"
"14682","826","6","50","2012-05-05 00:00:00","2012-05-16 00:00:00","2012-05-05 00:00:00","2012-05-23 00:00:00","3.0000","36.7500","36.7500","2012-05-22 22:00:00"
"14683","828","6","50","2012-05-05 00:00:00","2012-05-16 00:00:00","2012-05-05 00:00:00","2012-05-23 00:00:00","3.0000","36.7500","36.7500","2012-05-22 22:00:00"
"14684","894","6","50","2012-05-05 00:00:00","2012-05-16 00:00:00","2012-05-05 00:00:00","2012-05-23 00:00:00","3.0000","36.7500","36.7500","2012-05-22 22:00:00"
"14685","945","1","10","2012-05-05 00:00:00","2012-05-16 00:00:00","2012-05-05 00:00:00","2012-05-23 00:00:00","4.1000","92.2500","92.2500","2012-05-22 22:00:00"
"14685","945","6","50","2012-05-05 00:00:00","2012-05-16 00:00:00","2012-05-05 00:00:00","2012-05-23 00:00:00","3.0000","36.7500","36.7500","2012-05-22 22:00:00"
"14686","950","6","50","2012-05-05 00:00:00","2012-05-16 00:00:00","2012-05-05 00:00:00","2012-05-23 00:00:00","3.0000","36.7500","36.7500","2012-05-22 22:00:00"
"14687","951","6","50","2012-05-05 00:00:00","2012-05-16 00:00:00","2012-05-05 00:00:00","2012-05-23 00:00:00","3.0000","36.7500","36.7500","2012-05-22 22:00:00"
"14688","994","6","50","2012-05-05 00:00:00","2012-05-16 00:00:00","2012-05-05 00:00:00","2012-05-23 00:00:00","3.0000","36.7500","36.7500","2012-05-22 22:00:00"
"14689","996","6","50","2012-05-05 00:00:00","2012-05-16 00:00:00","2012-05-05 00:00:00","2012-05-23 00:00:00","3.0000","36.7500","36.7500","2012-05-22 22:00:00"
"14703","802","1","10","2012-05-05 00:00:00","2012-05-16 00:00:00","2012-05-05 00:00:00","2012-05-23 00:00:00","4.1000","92.2500","92.2500","2012-05-22 22:00:00"
"14703","802","6","50","2012-05-05 00:00:00","2012-05-16 00:00:00","2012-05-05 00:00:00","2012-05-23 00:00:00","3.0000","36.7500","36.7500","2012-05-22 22:00:00"
"14704","804","1","10","2012-05-05 00:00:00","2012-05-16 00:00:00","2012-05-05 00:00:00","2012-05-23 00:00:00","4.1000","92.2500","92.2500","2012-05-22 22:00:00"
"14704","804","6","50","2012-05-05 00:00:00","2012-05-16 00:00:00","2012-05-05 00:00:00","2012-05-23 00:00:00","3.0000","36.7500","36.7500","2012-05-22 22:00:00"
"14709","749","7","60","2012-05-06 00:00:00","2012-05-17 00:00:00","2012-05-13 00:00:00","2012-05-17 00:00:00","4.0000","49.0000","49.0000","2012-05-16 22:00:00"
"14710","750","7","60","2012-05-06 00:00:00","2012-05-17 00:00:00","2012-05-13 00:00:00","2012-05-17 00:00:00","4.0000","49.0000","49.0000","2012-05-16 22:00:00"
"14711","752","7","60","2012-05-06 00:00:00","2012-05-17 00:00:00","2012-05-13 00:00:00","2012-05-17 00:00:00","4.0000","49.0000","49.0000","2012-05-16 22:00:00"
"14712","753","7","60","2012-05-06 00:00:00","2012-05-17 00:00:00","2012-05-13 00:00:00","2012-05-17 00:00:00","4.0000","49.0000","49.0000","2012-05-16 22:00:00"
"14713","768","7","60","2012-05-06 00:00:00","2012-05-17 00:00:00","2012-05-13 00:00:00","2012-05-17 00:00:00","4.0000","49.0000","49.0000","2012-05-16 22:00:00"
"14714","773","7","60","2012-05-06 00:00:00","2012-05-17 00:00:00","2012-05-13 00:00:00","2012-05-17 00:00:00","4.0000","49.0000","49.0000","2012-05-16 22:00:00"
"14715","775","7","60","2012-05-06 00:00:00","2012-05-17 00:00:00","2012-05-13 00:00:00","2012-05-17 00:00:00","4.0000","49.0000","49.0000","2012-05-16 22:00:00"
"14716","516","6","50","2012-05-06 00:00:00","2012-05-17 00:00:00","2012-05-13 00:00:00","2012-05-17 00:00:00","3.0000","36.7500","36.7500","2012-05-16 22:00:00"
"14716","516","7","60","2012-05-06 00:00:00","2012-05-17 00:00:00","2012-05-13 00:00:00","2012-05-17 00:00:00","4.0000","49.0000","49.0000","2012-05-16 22:00:00"
"14717","517","6","50","2012-05-06 00:00:00","2012-05-17 00:00:00","2012-05-13 00:00:00","2012-05-17 00:00:00","3.0000","36.7500","36.7500","2012-05-16 22:00:00"
"14717","517","7","60","2012-05-06 00:00:00","2012-05-17 00:00:00","2012-05-13 00:00:00","2012-05-17 00:00:00","4.0000","49.0000","49.0000","2012-05-16 22:00:00"
"14718","519","6","50","2012-05-06 00:00:00","2012-05-17 00:00:00","2012-05-13 00:00:00","2012-05-17 00:00:00","3.0000","36.7500","36.7500","2012-05-16 22:00:00"
"14718","519","7","60","2012-05-06 00:00:00","2012-05-17 00:00:00","2012-05-13 00:00:00","2012-05-17 00:00:00","4.0000","49.0000","49.0000","2012-05-16 22:00:00"
"14725","747","1","10","2012-05-06 00:00:00","2012-05-17 00:00:00","2012-05-13 00:00:00","2012-05-17 00:00:00","4.1000","92.2500","92.2500","2012-05-16 22:00:00"
"14725","747","2","20","2012-05-06 00:00:00","2012-05-17 00:00:00","2012-05-13 00:00:00","2012-05-17 00:00:00","3.5000","87.5000","87.5000","2012-05-16 22:00:00"
"14725","747","3","30","2012-05-06 00:00:00","2012-05-17 00:00:00","2012-05-13 00:00:00","2012-05-17 00:00:00","1.0000","14.5000","14.5000","2012-05-16 22:00:00"
"14725","747","4","40","2012-05-06 00:00:00","2012-05-17 00:00:00","2012-05-13 00:00:00","2012-05-17 00:00:00","2.0000","31.5000","31.5000","2012-05-16 22:00:00"
"14725","747","6","50","2012-05-06 00:00:00","2012-05-17 00:00:00","2012-05-13 00:00:00","2012-05-17 00:00:00","3.0000","36.7500","36.7500","2012-05-16 22:00:00"
"14725","747","7","60","2012-05-06 00:00:00","2012-05-17 00:00:00","2012-05-13 00:00:00","2012-05-17 00:00:00","4.0000","49.0000","49.0000","2012-05-16 22:00:00"
"14726","806","6","50","2012-05-06 00:00:00","2012-05-17 00:00:00","2012-05-13 00:00:00","2012-05-17 00:00:00","3.0000","36.7500","36.7500","2012-05-16 22:00:00"
"14727","807","6","50","2012-05-06 00:00:00","2012-05-17 00:00:00","2012-05-13 00:00:00","2012-05-17 00:00:00","3.0000","36.7500","36.7500","2012-05-16 22:00:00"
"14728","810","1","10","2012-05-06 00:00:00","2012-05-17 00:00:00","2012-05-13 00:00:00","2012-05-17 00:00:00","4.1000","92.2500","92.2500","2012-05-16 22:00:00"
"14728","810","2","20","2012-05-06 00:00:00","2012-05-17 00:00:00","2012-05-13 00:00:00","2012-05-17 00:00:00","3.5000","87.5000","87.5000","2012-05-16 22:00:00"
"14728","810","6","50","2012-05-06 00:00:00","2012-05-17 00:00:00","2012-05-13 00:00:00","2012-05-17 00:00:00","3.0000","36.7500","36.7500","2012-05-16 22:00:00"
"14729","811","1","10","2012-05-06 00:00:00","2012-05-17 00:00:00","2012-05-13 00:00:00","2012-05-17 00:00:00","4.1000","92.2500","92.2500","2012-05-16 22:00:00"
"14729","811","2","20","2012-05-06 00:00:00","2012-05-17 00:00:00","2012-05-13 00:00:00","2012-05-17 00:00:00","3.5000","87.5000","87.5000","2012-05-16 22:00:00"
"14729","811","6","50","2012-05-06 00:00:00","2012-05-17 00:00:00","2012-05-13 00:00:00","2012-05-17 00:00:00","3.0000","36.7500","36.7500","2012-05-16 22:00:00"
"14730","813","1","10","2012-05-06 00:00:00","2012-05-17 00:00:00","2012-05-13 00:00:00","2012-05-17 00:00:00","4.1000","92.2500","92.2500","2012-05-16 22:00:00"
"14730","813","2","20","2012-05-06 00:00:00","2012-05-17 00:00:00","2012-05-13 00:00:00","2012-05-17 00:00:00","3.5000","87.5000","87.5000","2012-05-16 22:00:00"
"14730","813","6","50","2012-05-06 00:00:00","2012-05-17 00:00:00","2012-05-13 00:00:00","2012-05-17 00:00:00","3.0000","36.7500","36.7500","2012-05-16 22:00:00"
"14731","817","6","50","2012-05-06 00:00:00","2012-05-17 00:00:00","2012-05-13 00:00:00","2012-05-17 00:00:00","3.0000","36.7500","36.7500","2012-05-16 22:00:00"
"14732","818","6","50","2012-05-06 00:00:00","2012-05-17 00:00:00","2012-05-13 00:00:00","2012-05-17 00:00:00","3.0000","36.7500","36.7500","2012-05-16 22:00:00"
"14733","820","6","50","2012-05-06 00:00:00","2012-05-17 00:00:00","2012-05-13 00:00:00","2012-05-17 00:00:00","3.0000","36.7500","36.7500","2012-05-16 22:00:00"
"14734","825","6","50","2012-05-06 00:00:00","2012-05-17 00:00:00","2012-05-13 00:00:00","2012-05-17 00:00:00","3.0000","36.7500","36.7500","2012-05-16 22:00:00"
"14735","826","6","50","2012-05-06 00:00:00","2012-05-17 00:00:00","2012-05-13 00:00:00","2012-05-17 00:00:00","3.0000","36.7500","36.7500","2012-05-16 22:00:00"
"14736","828","6","50","2012-05-06 00:00:00","2012-05-17 00:00:00","2012-05-13 00:00:00","2012-05-17 00:00:00","3.0000","36.7500","36.7500","2012-05-16 22:00:00"
"14737","894","6","50","2012-05-06 00:00:00","2012-05-17 00:00:00","2012-05-13 00:00:00","2012-05-17 00:00:00","3.0000","36.7500","36.7500","2012-05-16 22:00:00"
"14738","945","1","10","2012-05-06 00:00:00","2012-05-17 00:00:00","2012-05-13 00:00:00","2012-05-17 00:00:00","4.1000","92.2500","92.2500","2012-05-16 22:00:00"
"14738","945","6","50","2012-05-06 00:00:00","2012-05-17 00:00:00","2012-05-13 00:00:00","2012-05-17 00:00:00","3.0000","36.7500","36.7500","2012-05-16 22:00:00"
"14739","950","6","50","2012-05-06 00:00:00","2012-05-17 00:00:00","2012-05-13 00:00:00","2012-05-17 00:00:00","3.0000","36.7500","36.7500","2012-05-16 22:00:00"
"14740","951","6","50","2012-05-06 00:00:00","2012-05-17 00:00:00","2012-05-13 00:00:00","2012-05-17 00:00:00","3.0000","36.7500","36.7500","2012-05-16 22:00:00"
"14741","994","6","50","2012-05-06 00:00:00","2012-05-17 00:00:00","2012-05-13 00:00:00","2012-05-17 00:00:00","3.0000","36.7500","36.7500","2012-05-16 22:00:00"
"14742","996","6","50","2012-05-06 00:00:00","2012-05-17 00:00:00","2012-05-13 00:00:00","2012-05-17 00:00:00","3.0000","36.7500","36.7500","2012-05-16 22:00:00"
"14756","802","1","10","2012-05-06 00:00:00","2012-05-17 00:00:00","2012-05-13 00:00:00","2012-05-17 00:00:00","4.1000","92.2500","92.2500","2012-05-16 22:00:00"
"14756","802","6","50","2012-05-06 00:00:00","2012-05-17 00:00:00","2012-05-13 00:00:00","2012-05-17 00:00:00","3.0000","36.7500","36.7500","2012-05-16 22:00:00"
"14757","804","1","10","2012-05-06 00:00:00","2012-05-17 00:00:00","2012-05-13 00:00:00","2012-05-17 00:00:00","4.1000","92.2500","92.2500","2012-05-16 22:00:00"
"14757","804","6","50","2012-05-06 00:00:00","2012-05-17 00:00:00","2012-05-13 00:00:00","2012-05-17 00:00:00","3.0000","36.7500","36.7500","2012-05-16 22:00:00"
"14762","751","7","60","2012-05-07 00:00:00","2012-05-18 00:00:00","2012-05-07 00:00:00","2012-05-27 00:00:00","4.0000","49.0000","49.0000","2012-05-26 22:00:00"
"14763","752","7","60","2012-05-07 00:00:00","2012-05-18 00:00:00","2012-05-07 00:00:00","2012-05-27 00:00:00","4.0000","49.0000","49.0000","2012-05-26 22:00:00"
"14764","753","7","60","2012-05-07 00:00:00","2012-05-18 00:00:00","2012-05-07 00:00:00","2012-05-27 00:00:00","4.0000","49.0000","49.0000","2012-05-26 22:00:00"
"14765","767","7","60","2012-05-07 00:00:00","2012-05-18 00:00:00","2012-05-07 00:00:00","2012-05-27 00:00:00","4.0000","49.0000","49.0000","2012-05-26 22:00:00"
"14766","771","7","60","2012-05-07 00:00:00","2012-05-18 00:00:00","2012-05-07 00:00:00","2012-05-27 00:00:00","4.0000","49.0000","49.0000","2012-05-26 22:00:00"
"14767","516","6","50","2012-05-07 00:00:00","2012-05-18 00:00:00","2012-05-07 00:00:00","2012-05-27 00:00:00","3.0000","36.7500","36.7500","2012-05-26 22:00:00"
"14767","516","7","60","2012-05-07 00:00:00","2012-05-18 00:00:00","2012-05-07 00:00:00","2012-05-27 00:00:00","4.0000","49.0000","49.0000","2012-05-26 22:00:00"
"14768","517","6","50","2012-05-07 00:00:00","2012-05-18 00:00:00","2012-05-07 00:00:00","2012-05-27 00:00:00","3.0000","36.7500","36.7500","2012-05-26 22:00:00"
"14768","517","7","60","2012-05-07 00:00:00","2012-05-18 00:00:00","2012-05-07 00:00:00","2012-05-27 00:00:00","4.0000","49.0000","49.0000","2012-05-26 22:00:00"
"14769","519","6","50","2012-05-07 00:00:00","2012-05-18 00:00:00","2012-05-07 00:00:00","2012-05-27 00:00:00","3.0000","36.7500","36.7500","2012-05-26 22:00:00"
"14769","519","7","60","2012-05-07 00:00:00","2012-05-18 00:00:00","2012-05-07 00:00:00","2012-05-27 00:00:00","4.0000","49.0000","49.0000","2012-05-26 22:00:00"
"14774","748","1","10","2012-05-07 00:00:00","2012-05-18 00:00:00","2012-05-07 00:00:00","2012-05-27 00:00:00","4.1000","92.2500","92.2500","2012-05-26 22:00:00"
"14774","748","2","20","2012-05-07 00:00:00","2012-05-18 00:00:00","2012-05-07 00:00:00","2012-05-27 00:00:00","3.5000","87.5000","87.5000","2012-05-26 22:00:00"
"14774","748","3","30","2012-05-07 00:00:00","2012-05-18 00:00:00","2012-05-07 00:00:00","2012-05-27 00:00:00","1.0000","14.5000","14.5000","2012-05-26 22:00:00"
"14774","748","5","45","2012-05-07 00:00:00","2012-05-18 00:00:00","2012-05-07 00:00:00","2012-05-27 00:00:00","2.0000","36.0000","36.0000","2012-05-26 22:00:00"
"14774","748","6","50","2012-05-07 00:00:00","2012-05-18 00:00:00","2012-05-07 00:00:00","2012-05-27 00:00:00","3.0000","36.7500","36.7500","2012-05-26 22:00:00"
"14774","748","7","60","2012-05-07 00:00:00","2012-05-18 00:00:00","2012-05-07 00:00:00","2012-05-27 00:00:00","4.0000","49.0000","49.0000","2012-05-26 22:00:00"
"14775","806","6","50","2012-05-07 00:00:00","2012-05-18 00:00:00","2012-05-07 00:00:00","2012-05-27 00:00:00","3.0000","36.7500","36.7500","2012-05-26 22:00:00"
"14776","807","6","50","2012-05-07 00:00:00","2012-05-18 00:00:00","2012-05-07 00:00:00","2012-05-27 00:00:00","3.0000","36.7500","36.7500","2012-05-26 22:00:00"
"14777","810","1","10","2012-05-07 00:00:00","2012-05-18 00:00:00","2012-05-07 00:00:00","2012-05-27 00:00:00","4.1000","92.2500","92.2500","2012-05-26 22:00:00"
"14777","810","2","20","2012-05-07 00:00:00","2012-05-18 00:00:00","2012-05-07 00:00:00","2012-05-27 00:00:00","3.5000","87.5000","87.5000","2012-05-26 22:00:00"
"14777","810","6","50","2012-05-07 00:00:00","2012-05-18 00:00:00","2012-05-07 00:00:00","2012-05-27 00:00:00","3.0000","36.7500","36.7500","2012-05-26 22:00:00"
"14778","811","1","10","2012-05-07 00:00:00","2012-05-18 00:00:00","2012-05-07 00:00:00","2012-05-27 00:00:00","4.1000","92.2500","92.2500","2012-05-26 22:00:00"
"14778","811","2","20","2012-05-07 00:00:00","2012-05-18 00:00:00","2012-05-07 00:00:00","2012-05-27 00:00:00","3.5000","87.5000","87.5000","2012-05-26 22:00:00"
"14778","811","6","50","2012-05-07 00:00:00","2012-05-18 00:00:00","2012-05-07 00:00:00","2012-05-27 00:00:00","3.0000","36.7500","36.7500","2012-05-26 22:00:00"
"14779","813","1","10","2012-05-07 00:00:00","2012-05-18 00:00:00","2012-05-07 00:00:00","2012-05-27 00:00:00","4.1000","92.2500","92.2500","2012-05-26 22:00:00"
"14779","813","2","20","2012-05-07 00:00:00","2012-05-18 00:00:00","2012-05-07 00:00:00","2012-05-27 00:00:00","3.5000","87.5000","87.5000","2012-05-26 22:00:00"
"14779","813","6","50","2012-05-07 00:00:00","2012-05-18 00:00:00","2012-05-07 00:00:00","2012-05-27 00:00:00","3.0000","36.7500","36.7500","2012-05-26 22:00:00"
"14780","817","6","50","2012-05-07 00:00:00","2012-05-18 00:00:00","2012-05-07 00:00:00","2012-05-27 00:00:00","3.0000","36.7500","36.7500","2012-05-26 22:00:00"
"14781","818","6","50","2012-05-07 00:00:00","2012-05-18 00:00:00","2012-05-07 00:00:00","2012-05-27 00:00:00","3.0000","36.7500","36.7500","2012-05-26 22:00:00"
"14782","820","6","50","2012-05-07 00:00:00","2012-05-18 00:00:00","2012-05-07 00:00:00","2012-05-27 00:00:00","3.0000","36.7500","36.7500","2012-05-26 22:00:00"
"14783","825","6","50","2012-05-07 00:00:00","2012-05-18 00:00:00","2012-05-07 00:00:00","2012-05-27 00:00:00","3.0000","36.7500","36.7500","2012-05-26 22:00:00"
"14784","826","6","50","2012-05-07 00:00:00","2012-05-18 00:00:00","2012-05-07 00:00:00","2012-05-27 00:00:00","3.0000","36.7500","36.7500","2012-05-26 22:00:00"
"14785","828","6","50","2012-05-07 00:00:00","2012-05-18 00:00:00","2012-05-07 00:00:00","2012-05-27 00:00:00","3.0000","36.7500","36.7500","2012-05-26 22:00:00"
"14786","894","6","50","2012-05-07 00:00:00","2012-05-18 00:00:00","2012-05-07 00:00:00","2012-05-27 00:00:00","3.0000","36.7500","36.7500","2012-05-26 22:00:00"
"14787","945","1","10","2012-05-07 00:00:00","2012-05-18 00:00:00","2012-05-07 00:00:00","2012-05-27 00:00:00","4.1000","92.2500","92.2500","2012-05-26 22:00:00"
"14787","945","6","50","2012-05-07 00:00:00","2012-05-18 00:00:00","2012-05-07 00:00:00","2012-05-27 00:00:00","3.0000","36.7500","36.7500","2012-05-26 22:00:00"
"14788","950","6","50","2012-05-07 00:00:00","2012-05-18 00:00:00","2012-05-07 00:00:00","2012-05-27 00:00:00","3.0000","36.7500","36.7500","2012-05-26 22:00:00"
"14789","951","6","50","2012-05-07 00:00:00","2012-05-18 00:00:00","2012-05-07 00:00:00","2012-05-27 00:00:00","3.0000","36.7500","36.7500","2012-05-26 22:00:00"
"14790","994","6","50","2012-05-07 00:00:00","2012-05-18 00:00:00","2012-05-07 00:00:00","2012-05-27 00:00:00","3.0000","36.7500","36.7500","2012-05-26 22:00:00"
"14791","996","6","50","2012-05-07 00:00:00","2012-05-18 00:00:00","2012-05-07 00:00:00","2012-05-27 00:00:00","3.0000","36.7500","36.7500","2012-05-26 22:00:00"
"14805","802","1","10","2012-05-07 00:00:00","2012-05-18 00:00:00","2012-05-07 00:00:00","2012-05-27 00:00:00","4.1000","92.2500","92.2500","2012-05-26 22:00:00"
"14805","802","6","50","2012-05-07 00:00:00","2012-05-18 00:00:00","2012-05-07 00:00:00","2012-05-27 00:00:00","3.0000","36.7500","36.7500","2012-05-26 22:00:00"
"14806","804","1","10","2012-05-07 00:00:00","2012-05-18 00:00:00","2012-05-07 00:00:00","2012-05-27 00:00:00","4.1000","92.2500","92.2500","2012-05-26 22:00:00"
"14806","804","6","50","2012-05-07 00:00:00","2012-05-18 00:00:00","2012-05-07 00:00:00","2012-05-27 00:00:00","3.0000","36.7500","36.7500","2012-05-26 22:00:00"
"14811","750","7","60","2012-05-08 00:00:00","2012-05-19 00:00:00","2012-05-17 00:00:00","2012-05-19 00:00:00","4.0000","49.0000","49.0000","2012-05-18 22:00:00"
"14812","751","7","60","2012-05-08 00:00:00","2012-05-19 00:00:00","2012-05-17 00:00:00","2012-05-19 00:00:00","4.0000","49.0000","49.0000","2012-05-18 22:00:00"
"14813","752","7","60","2012-05-08 00:00:00","2012-05-19 00:00:00","2012-05-17 00:00:00","2012-05-19 00:00:00","4.0000","49.0000","49.0000","2012-05-18 22:00:00"
"14814","771","7","60","2012-05-08 00:00:00","2012-05-19 00:00:00","2012-05-17 00:00:00","2012-05-19 00:00:00","4.0000","49.0000","49.0000","2012-05-18 22:00:00"
"14815","777","7","60","2012-05-08 00:00:00","2012-05-19 00:00:00","2012-05-17 00:00:00","2012-05-19 00:00:00","4.0000","49.0000","49.0000","2012-05-18 22:00:00"
"14816","516","6","50","2012-05-08 00:00:00","2012-05-19 00:00:00","2012-05-17 00:00:00","2012-05-19 00:00:00","3.0000","36.7500","36.7500","2012-05-18 22:00:00"
"14816","516","7","60","2012-05-08 00:00:00","2012-05-19 00:00:00","2012-05-17 00:00:00","2012-05-19 00:00:00","4.0000","49.0000","49.0000","2012-05-18 22:00:00"
"14817","519","6","50","2012-05-08 00:00:00","2012-05-19 00:00:00","2012-05-17 00:00:00","2012-05-19 00:00:00","3.0000","36.7500","36.7500","2012-05-18 22:00:00"
"14817","519","7","60","2012-05-08 00:00:00","2012-05-19 00:00:00","2012-05-17 00:00:00","2012-05-19 00:00:00","4.0000","49.0000","49.0000","2012-05-18 22:00:00"
"14822","748","1","10","2012-05-08 00:00:00","2012-05-19 00:00:00","2012-05-17 00:00:00","2012-05-19 00:00:00","4.1000","92.2500","92.2500","2012-05-18 22:00:00"
"14822","748","2","20","2012-05-08 00:00:00","2012-05-19 00:00:00","2012-05-17 00:00:00","2012-05-19 00:00:00","3.5000","87.5000","87.5000","2012-05-18 22:00:00"
"14822","748","3","30","2012-05-08 00:00:00","2012-05-19 00:00:00","2012-05-17 00:00:00","2012-05-19 00:00:00","1.0000","14.5000","14.5000","2012-05-18 22:00:00"
"14822","748","5","45","2012-05-08 00:00:00","2012-05-19 00:00:00","2012-05-17 00:00:00","2012-05-19 00:00:00","2.0000","36.0000","36.0000","2012-05-18 22:00:00"
"14822","748","6","50","2012-05-08 00:00:00","2012-05-19 00:00:00","2012-05-17 00:00:00","2012-05-19 00:00:00","3.0000","36.7500","36.7500","2012-05-18 22:00:00"
"14822","748","7","60","2012-05-08 00:00:00","2012-05-19 00:00:00","2012-05-17 00:00:00","2012-05-19 00:00:00","4.0000","49.0000","49.0000","2012-05-18 22:00:00"
"14823","807","6","50","2012-05-08 00:00:00","2012-05-19 00:00:00","2012-05-17 00:00:00","2012-05-19 00:00:00","3.0000","36.7500","36.7500","2012-05-18 22:00:00"
"14824","810","1","10","2012-05-08 00:00:00","2012-05-19 00:00:00","2012-05-17 00:00:00","2012-05-19 00:00:00","4.1000","92.2500","92.2500","2012-05-18 22:00:00"
"14824","810","2","20","2012-05-08 00:00:00","2012-05-19 00:00:00","2012-05-17 00:00:00","2012-05-19 00:00:00","3.5000","87.5000","87.5000","2012-05-18 22:00:00"
"14824","810","6","50","2012-05-08 00:00:00","2012-05-19 00:00:00","2012-05-17 00:00:00","2012-05-19 00:00:00","3.0000","36.7500","36.7500","2012-05-18 22:00:00"
"14825","813","1","10","2012-05-08 00:00:00","2012-05-19 00:00:00","2012-05-17 00:00:00","2012-05-19 00:00:00","4.1000","92.2500","92.2500","2012-05-18 22:00:00"
"14825","813","2","20","2012-05-08 00:00:00","2012-05-19 00:00:00","2012-05-17 00:00:00","2012-05-19 00:00:00","3.5000","87.5000","87.5000","2012-05-18 22:00:00"
"14825","813","6","50","2012-05-08 00:00:00","2012-05-19 00:00:00","2012-05-17 00:00:00","2012-05-19 00:00:00","3.0000","36.7500","36.7500","2012-05-18 22:00:00"
"14826","817","6","50","2012-05-08 00:00:00","2012-05-19 00:00:00","2012-05-17 00:00:00","2012-05-19 00:00:00","3.0000","36.7500","36.7500","2012-05-18 22:00:00"
"14827","820","6","50","2012-05-08 00:00:00","2012-05-19 00:00:00","2012-05-17 00:00:00","2012-05-19 00:00:00","3.0000","36.7500","36.7500","2012-05-18 22:00:00"
"14828","825","6","50","2012-05-08 00:00:00","2012-05-19 00:00:00","2012-05-17 00:00:00","2012-05-19 00:00:00","3.0000","36.7500","36.7500","2012-05-18 22:00:00"
"14829","828","6","50","2012-05-08 00:00:00","2012-05-19 00:00:00","2012-05-17 00:00:00","2012-05-19 00:00:00","3.0000","36.7500","36.7500","2012-05-18 22:00:00"
"14830","894","6","50","2012-05-08 00:00:00","2012-05-19 00:00:00","2012-05-17 00:00:00","2012-05-19 00:00:00","3.0000","36.7500","36.7500","2012-05-18 22:00:00"
"14831","945","1","10","2012-05-08 00:00:00","2012-05-19 00:00:00","2012-05-17 00:00:00","2012-05-19 00:00:00","4.1000","92.2500","92.2500","2012-05-18 22:00:00"
"14831","945","6","50","2012-05-08 00:00:00","2012-05-19 00:00:00","2012-05-17 00:00:00","2012-05-19 00:00:00","3.0000","36.7500","36.7500","2012-05-18 22:00:00"
"14832","951","6","50","2012-05-08 00:00:00","2012-05-19 00:00:00","2012-05-17 00:00:00","2012-05-19 00:00:00","3.0000","36.7500","36.7500","2012-05-18 22:00:00"
"14833","996","6","50","2012-05-08 00:00:00","2012-05-19 00:00:00","2012-05-17 00:00:00","2012-05-19 00:00:00","3.0000","36.7500","36.7500","2012-05-18 22:00:00"
"14846","804","1","10","2012-05-08 00:00:00","2012-05-19 00:00:00","2012-05-17 00:00:00","2012-05-19 00:00:00","4.1000","92.2500","92.2500","2012-05-18 22:00:00"
"14846","804","6","50","2012-05-08 00:00:00","2012-05-19 00:00:00","2012-05-17 00:00:00","2012-05-19 00:00:00","3.0000","36.7500","36.7500","2012-05-18 22:00:00"
"14851","749","7","60","2012-05-09 00:00:00","2012-05-20 00:00:00","2012-05-09 00:00:00","2012-05-31 00:00:00","4.0000","49.0000","49.0000","2012-05-30 22:00:00"
"14852","751","7","60","2012-05-09 00:00:00","2012-05-20 00:00:00","2012-05-09 00:00:00","2012-05-31 00:00:00","4.0000","49.0000","49.0000","2012-05-30 22:00:00"
"14853","752","7","60","2012-05-09 00:00:00","2012-05-20 00:00:00","2012-05-09 00:00:00","2012-05-31 00:00:00","4.0000","49.0000","49.0000","2012-05-30 22:00:00"
"14854","753","7","60","2012-05-09 00:00:00","2012-05-20 00:00:00","2012-05-09 00:00:00","2012-05-31 00:00:00","4.0000","49.0000","49.0000","2012-05-30 22:00:00"
"14855","770","7","60","2012-05-09 00:00:00","2012-05-20 00:00:00","2012-05-09 00:00:00","2012-05-31 00:00:00","4.0000","49.0000","49.0000","2012-05-30 22:00:00"
"14856","772","7","60","2012-05-09 00:00:00","2012-05-20 00:00:00","2012-05-09 00:00:00","2012-05-31 00:00:00","4.0000","49.0000","49.0000","2012-05-30 22:00:00"
"14857","774","7","60","2012-05-09 00:00:00","2012-05-20 00:00:00","2012-05-09 00:00:00","2012-05-31 00:00:00","4.0000","49.0000","49.0000","2012-05-30 22:00:00"
"14858","775","7","60","2012-05-09 00:00:00","2012-05-20 00:00:00","2012-05-09 00:00:00","2012-05-31 00:00:00","4.0000","49.0000","49.0000","2012-05-30 22:00:00"
"14859","516","6","50","2012-05-09 00:00:00","2012-05-20 00:00:00","2012-05-09 00:00:00","2012-05-31 00:00:00","3.0000","36.7500","36.7500","2012-05-30 22:00:00"
"14859","516","7","60","2012-05-09 00:00:00","2012-05-20 00:00:00","2012-05-09 00:00:00","2012-05-31 00:00:00","4.0000","49.0000","49.0000","2012-05-30 22:00:00"
"14860","517","6","50","2012-05-09 00:00:00","2012-05-20 00:00:00","2012-05-09 00:00:00","2012-05-31 00:00:00","3.0000","36.7500","36.7500","2012-05-30 22:00:00"
"14860","517","7","60","2012-05-09 00:00:00","2012-05-20 00:00:00","2012-05-09 00:00:00","2012-05-31 00:00:00","4.0000","49.0000","49.0000","2012-05-30 22:00:00"
"14861","519","6","50","2012-05-09 00:00:00","2012-05-20 00:00:00","2012-05-09 00:00:00","2012-05-31 00:00:00","3.0000","36.7500","36.7500","2012-05-30 22:00:00"
"14861","519","7","60","2012-05-09 00:00:00","2012-05-20 00:00:00","2012-05-09 00:00:00","2012-05-31 00:00:00","4.0000","49.0000","49.0000","2012-05-30 22:00:00"
"14869","747","1","10","2012-05-09 00:00:00","2012-05-20 00:00:00","2012-05-09 00:00:00","2012-05-31 00:00:00","4.1000","92.2500","92.2500","2012-05-30 22:00:00"
"14869","747","2","20","2012-05-09 00:00:00","2012-05-20 00:00:00","2012-05-09 00:00:00","2012-05-31 00:00:00","3.5000","87.5000","87.5000","2012-05-30 22:00:00"
"14869","747","3","30","2012-05-09 00:00:00","2012-05-20 00:00:00","2012-05-09 00:00:00","2012-05-31 00:00:00","1.0000","14.5000","14.5000","2012-05-30 22:00:00"
"14869","747","4","40","2012-05-09 00:00:00","2012-05-20 00:00:00","2012-05-09 00:00:00","2012-05-31 00:00:00","2.0000","31.5000","31.5000","2012-05-30 22:00:00"
"14869","747","6","50","2012-05-09 00:00:00","2012-05-20 00:00:00","2012-05-09 00:00:00","2012-05-31 00:00:00","3.0000","36.7500","36.7500","2012-05-30 22:00:00"
"14869","747","7","60","2012-05-09 00:00:00","2012-05-20 00:00:00","2012-05-09 00:00:00","2012-05-31 00:00:00","4.0000","49.0000","49.0000","2012-05-30 22:00:00"
"14870","806","6","50","2012-05-09 00:00:00","2012-05-20 00:00:00","2012-05-09 00:00:00","2012-05-31 00:00:00","3.0000","36.7500","36.7500","2012-05-30 22:00:00"
"14871","807","6","50","2012-05-09 00:00:00","2012-05-20 00:00:00","2012-05-09 00:00:00","2012-05-31 00:00:00","3.0000","36.7500","36.7500","2012-05-30 22:00:00"
"14872","810","1","10","2012-05-09 00:00:00","2012-05-20 00:00:00","2012-05-09 00:00:00","2012-05-31 00:00:00","4.1000","92.2500","92.2500","2012-05-30 22:00:00"
"14872","810","2","20","2012-05-09 00:00:00","2012-05-20 00:00:00","2012-05-09 00:00:00","2012-05-31 00:00:00","3.5000","87.5000","87.5000","2012-05-30 22:00:00"
"14872","810","6","50","2012-05-09 00:00:00","2012-05-20 00:00:00","2012-05-09 00:00:00","2012-05-31 00:00:00","3.0000","36.7500","36.7500","2012-05-30 22:00:00"
"14873","811","1","10","2012-05-09 00:00:00","2012-05-20 00:00:00","2012-05-09 00:00:00","2012-05-31 00:00:00","4.1000","92.2500","92.2500","2012-05-30 22:00:00"
"14873","811","2","20","2012-05-09 00:00:00","2012-05-20 00:00:00","2012-05-09 00:00:00","2012-05-31 00:00:00","3.5000","87.5000","87.5000","2012-05-30 22:00:00"
"14873","811","6","50","2012-05-09 00:00:00","2012-05-20 00:00:00","2012-05-09 00:00:00","2012-05-31 00:00:00","3.0000","36.7500","36.7500","2012-05-30 22:00:00"
"14874","813","1","10","2012-05-09 00:00:00","2012-05-20 00:00:00","2012-05-09 00:00:00","2012-05-31 00:00:00","4.1000","92.2500","92.2500","2012-05-30 22:00:00"
"14874","813","2","20","2012-05-09 00:00:00","2012-05-20 00:00:00","2012-05-09 00:00:00","2012-05-31 00:00:00","3.5000","87.5000","87.5000","2012-05-30 22:00:00"
"14874","813","6","50","2012-05-09 00:00:00","2012-05-20 00:00:00","2012-05-09 00:00:00","2012-05-31 00:00:00","3.0000","36.7500","36.7500","2012-05-30 22:00:00"
"14875","817","6","50","2012-05-09 00:00:00","2012-05-20 00:00:00","2012-05-09 00:00:00","2012-05-31 00:00:00","3.0000","36.7500","36.7500","2012-05-30 22:00:00"
"14876","818","6","50","2012-05-09 00:00:00","2012-05-20 00:00:00","2012-05-09 00:00:00","2012-05-31 00:00:00","3.0000","36.7500","36.7500","2012-05-30 22:00:00"
"14877","820","6","50","2012-05-09 00:00:00","2012-05-20 00:00:00","2012-05-09 00:00:00","2012-05-31 00:00:00","3.0000","36.7500","36.7500","2012-05-30 22:00:00"
"14878","825","6","50","2012-05-09 00:00:00","2012-05-20 00:00:00","2012-05-09 00:00:00","2012-05-31 00:00:00","3.0000","36.7500","36.7500","2012-05-30 22:00:00"
"14879","826","6","50","2012-05-09 00:00:00","2012-05-20 00:00:00","2012-05-09 00:00:00","2012-05-31 00:00:00","3.0000","36.7500","36.7500","2012-05-30 22:00:00"
"14880","828","6","50","2012-05-09 00:00:00","2012-05-20 00:00:00","2012-05-09 00:00:00","2012-05-31 00:00:00","3.0000","36.7500","36.7500","2012-05-30 22:00:00"
"14881","894","6","50","2012-05-09 00:00:00","2012-05-20 00:00:00","2012-05-09 00:00:00","2012-05-31 00:00:00","3.0000","36.7500","36.7500","2012-05-30 22:00:00"
"14882","945","1","10","2012-05-09 00:00:00","2012-05-20 00:00:00","2012-05-09 00:00:00","2012-05-31 00:00:00","4.1000","92.2500","92.2500","2012-05-30 22:00:00"
"14882","945","6","50","2012-05-09 00:00:00","2012-05-20 00:00:00","2012-05-09 00:00:00","2012-05-31 00:00:00","3.0000","36.7500","36.7500","2012-05-30 22:00:00"
"14883","950","6","50","2012-05-09 00:00:00","2012-05-20 00:00:00","2012-05-09 00:00:00","2012-05-31 00:00:00","3.0000","36.7500","36.7500","2012-05-30 22:00:00"
"14884","951","6","50","2012-05-09 00:00:00","2012-05-20 00:00:00","2012-05-09 00:00:00","2012-05-31 00:00:00","3.0000","36.7500","36.7500","2012-05-30 22:00:00"
"14885","994","6","50","2012-05-09 00:00:00","2012-05-20 00:00:00","2012-05-09 00:00:00","2012-05-31 00:00:00","3.0000","36.7500","36.7500","2012-05-30 22:00:00"
"14886","996","6","50","2012-05-09 00:00:00","2012-05-20 00:00:00","2012-05-09 00:00:00","2012-05-31 00:00:00","3.0000","36.7500","36.7500","2012-05-30 22:00:00"
"14900","802","1","10","2012-05-09 00:00:00","2012-05-20 00:00:00","2012-05-09 00:00:00","2012-05-31 00:00:00","4.1000","92.2500","92.2500","2012-05-30 22:00:00"
"14900","802","6","50","2012-05-09 00:00:00","2012-05-20 00:00:00","2012-05-09 00:00:00","2012-05-31 00:00:00","3.0000","36.7500","36.7500","2012-05-30 22:00:00"
"14901","804","1","10","2012-05-09 00:00:00","2012-05-20 00:00:00","2012-05-09 00:00:00","2012-05-31 00:00:00","4.1000","92.2500","92.2500","2012-05-30 22:00:00"
"14901","804","6","50","2012-05-09 00:00:00","2012-05-20 00:00:00","2012-05-09 00:00:00","2012-05-31 00:00:00","3.0000","36.7500","36.7500","2012-05-30 22:00:00"
"14906","751","7","60","2012-05-10 00:00:00","2012-05-21 00:00:00","2012-05-11 00:00:00","2012-05-21 00:00:00","4.0000","49.0000","49.0000","2012-05-20 22:00:00"
"14907","752","7","60","2012-05-10 00:00:00","2012-05-21 00:00:00","2012-05-11 00:00:00","2012-05-21 00:00:00","4.0000","49.0000","49.0000","2012-05-20 22:00:00"
"14908","753","7","60","2012-05-10 00:00:00","2012-05-21 00:00:00","2012-05-11 00:00:00","2012-05-21 00:00:00","4.0000","49.0000","49.0000","2012-05-20 22:00:00"
"14909","778","7","60","2012-05-10 00:00:00","2012-05-21 00:00:00","2012-05-11 00:00:00","2012-05-21 00:00:00","4.0000","49.0000","49.0000","2012-05-20 22:00:00"
"14910","516","6","50","2012-05-10 00:00:00","2012-05-21 00:00:00","2012-05-11 00:00:00","2012-05-21 00:00:00","3.0000","36.7500","36.7500","2012-05-20 22:00:00"
"14910","516","7","60","2012-05-10 00:00:00","2012-05-21 00:00:00","2012-05-11 00:00:00","2012-05-21 00:00:00","4.0000","49.0000","49.0000","2012-05-20 22:00:00"
"14911","519","6","50","2012-05-10 00:00:00","2012-05-21 00:00:00","2012-05-11 00:00:00","2012-05-21 00:00:00","3.0000","36.7500","36.7500","2012-05-20 22:00:00"
"14911","519","7","60","2012-05-10 00:00:00","2012-05-21 00:00:00","2012-05-11 00:00:00","2012-05-21 00:00:00","4.0000","49.0000","49.0000","2012-05-20 22:00:00"
"14916","807","6","50","2012-05-10 00:00:00","2012-05-21 00:00:00","2012-05-11 00:00:00","2012-05-21 00:00:00","3.0000","36.7500","36.7500","2012-05-20 22:00:00"
"14917","810","1","10","2012-05-10 00:00:00","2012-05-21 00:00:00","2012-05-11 00:00:00","2012-05-21 00:00:00","4.1000","92.2500","92.2500","2012-05-20 22:00:00"
"14917","810","2","20","2012-05-10 00:00:00","2012-05-21 00:00:00","2012-05-11 00:00:00","2012-05-21 00:00:00","3.5000","87.5000","87.5000","2012-05-20 22:00:00"
"14917","810","6","50","2012-05-10 00:00:00","2012-05-21 00:00:00","2012-05-11 00:00:00","2012-05-21 00:00:00","3.0000","36.7500","36.7500","2012-05-20 22:00:00"
"14918","813","1","10","2012-05-10 00:00:00","2012-05-21 00:00:00","2012-05-11 00:00:00","2012-05-21 00:00:00","4.1000","92.2500","92.2500","2012-05-20 22:00:00"
"14918","813","2","20","2012-05-10 00:00:00","2012-05-21 00:00:00","2012-05-11 00:00:00","2012-05-21 00:00:00","3.5000","87.5000","87.5000","2012-05-20 22:00:00"
"14918","813","6","50","2012-05-10 00:00:00","2012-05-21 00:00:00","2012-05-11 00:00:00","2012-05-21 00:00:00","3.0000","36.7500","36.7500","2012-05-20 22:00:00"
"14919","817","6","50","2012-05-10 00:00:00","2012-05-21 00:00:00","2012-05-11 00:00:00","2012-05-21 00:00:00","3.0000","36.7500","36.7500","2012-05-20 22:00:00"
"14920","820","6","50","2012-05-10 00:00:00","2012-05-21 00:00:00","2012-05-11 00:00:00","2012-05-21 00:00:00","3.0000","36.7500","36.7500","2012-05-20 22:00:00"
"14921","825","6","50","2012-05-10 00:00:00","2012-05-21 00:00:00","2012-05-11 00:00:00","2012-05-21 00:00:00","3.0000","36.7500","36.7500","2012-05-20 22:00:00"
"14922","828","6","50","2012-05-10 00:00:00","2012-05-21 00:00:00","2012-05-11 00:00:00","2012-05-21 00:00:00","3.0000","36.7500","36.7500","2012-05-20 22:00:00"
"14923","894","6","50","2012-05-10 00:00:00","2012-05-21 00:00:00","2012-05-11 00:00:00","2012-05-21 00:00:00","3.0000","36.7500","36.7500","2012-05-20 22:00:00"
"14924","945","1","10","2012-05-10 00:00:00","2012-05-21 00:00:00","2012-05-11 00:00:00","2012-05-21 00:00:00","4.1000","92.2500","92.2500","2012-05-20 22:00:00"
"14924","945","6","50","2012-05-10 00:00:00","2012-05-21 00:00:00","2012-05-11 00:00:00","2012-05-21 00:00:00","3.0000","36.7500","36.7500","2012-05-20 22:00:00"
"14925","951","6","50","2012-05-10 00:00:00","2012-05-21 00:00:00","2012-05-11 00:00:00","2012-05-21 00:00:00","3.0000","36.7500","36.7500","2012-05-20 22:00:00"
"14926","996","6","50","2012-05-10 00:00:00","2012-05-21 00:00:00","2012-05-11 00:00:00","2012-05-21 00:00:00","3.0000","36.7500","36.7500","2012-05-20 22:00:00"
"14939","804","1","10","2012-05-10 00:00:00","2012-05-21 00:00:00","2012-05-11 00:00:00","2012-05-21 00:00:00","4.1000","92.2500","92.2500","2012-05-20 22:00:00"
"14939","804","6","50","2012-05-10 00:00:00","2012-05-21 00:00:00","2012-05-11 00:00:00","2012-05-21 00:00:00","3.0000","36.7500","36.7500","2012-05-20 22:00:00"
"14944","751","7","60","2012-05-11 00:00:00","2012-05-22 00:00:00","2012-05-11 00:00:00","2012-06-04 00:00:00","4.0000","49.0000","49.0000","2012-06-03 22:00:00"
"14945","771","7","60","2012-05-11 00:00:00","2012-05-22 00:00:00","2012-05-11 00:00:00","2012-06-04 00:00:00","4.0000","49.0000","49.0000","2012-06-03 22:00:00"
"14946","772","7","60","2012-05-11 00:00:00","2012-05-22 00:00:00","2012-05-11 00:00:00","2012-06-04 00:00:00","4.0000","49.0000","49.0000","2012-06-03 22:00:00"
"14947","516","6","50","2012-05-11 00:00:00","2012-05-22 00:00:00","2012-05-11 00:00:00","2012-06-04 00:00:00","3.0000","36.7500","36.7500","2012-06-03 22:00:00"
"14947","516","7","60","2012-05-11 00:00:00","2012-05-22 00:00:00","2012-05-11 00:00:00","2012-06-04 00:00:00","4.0000","49.0000","49.0000","2012-06-03 22:00:00"
"14948","519","6","50","2012-05-11 00:00:00","2012-05-22 00:00:00","2012-05-11 00:00:00","2012-06-04 00:00:00","3.0000","36.7500","36.7500","2012-06-03 22:00:00"
"14948","519","7","60","2012-05-11 00:00:00","2012-05-22 00:00:00","2012-05-11 00:00:00","2012-06-04 00:00:00","4.0000","49.0000","49.0000","2012-06-03 22:00:00"
"14951","748","1","10","2012-05-11 00:00:00","2012-05-22 00:00:00","2012-05-11 00:00:00","2012-06-04 00:00:00","4.1000","92.2500","92.2500","2012-06-03 22:00:00"
"14951","748","2","20","2012-05-11 00:00:00","2012-05-22 00:00:00","2012-05-11 00:00:00","2012-06-04 00:00:00","3.5000","87.5000","87.5000","2012-06-03 22:00:00"
"14951","748","3","30","2012-05-11 00:00:00","2012-05-22 00:00:00","2012-05-11 00:00:00","2012-06-04 00:00:00","1.0000","14.5000","14.5000","2012-06-03 22:00:00"
"14951","748","5","45","2012-05-11 00:00:00","2012-05-22 00:00:00","2012-05-11 00:00:00","2012-06-04 00:00:00","2.0000","36.0000","36.0000","2012-06-03 22:00:00"
"14951","748","6","50","2012-05-11 00:00:00","2012-05-22 00:00:00","2012-05-11 00:00:00","2012-06-04 00:00:00","3.0000","36.7500","36.7500","2012-06-03 22:00:00"
"14951","748","7","60","2012-05-11 00:00:00","2012-05-22 00:00:00","2012-05-11 00:00:00","2012-06-04 00:00:00","4.0000","49.0000","49.0000","2012-06-03 22:00:00"
"14952","807","6","50","2012-05-11 00:00:00","2012-05-22 00:00:00","2012-05-11 00:00:00","2012-06-04 00:00:00","3.0000","36.7500","36.7500","2012-06-03 22:00:00"
"14953","810","1","10","2012-05-11 00:00:00","2012-05-22 00:00:00","2012-05-11 00:00:00","2012-06-04 00:00:00","4.1000","92.2500","92.2500","2012-06-03 22:00:00"
"14953","810","2","20","2012-05-11 00:00:00","2012-05-22 00:00:00","2012-05-11 00:00:00","2012-06-04 00:00:00","3.5000","87.5000","87.5000","2012-06-03 22:00:00"
"14953","810","6","50","2012-05-11 00:00:00","2012-05-22 00:00:00","2012-05-11 00:00:00","2012-06-04 00:00:00","3.0000","36.7500","36.7500","2012-06-03 22:00:00"
"14954","813","1","10","2012-05-11 00:00:00","2012-05-22 00:00:00","2012-05-11 00:00:00","2012-06-04 00:00:00","4.1000","92.2500","92.2500","2012-06-03 22:00:00"
"14954","813","2","20","2012-05-11 00:00:00","2012-05-22 00:00:00","2012-05-11 00:00:00","2012-06-04 00:00:00","3.5000","87.5000","87.5000","2012-06-03 22:00:00"
"14954","813","6","50","2012-05-11 00:00:00","2012-05-22 00:00:00","2012-05-11 00:00:00","2012-06-04 00:00:00","3.0000","36.7500","36.7500","2012-06-03 22:00:00"
"14955","817","6","50","2012-05-11 00:00:00","2012-05-22 00:00:00","2012-05-11 00:00:00","2012-06-04 00:00:00","3.0000","36.7500","36.7500","2012-06-03 22:00:00"
"14956","820","6","50","2012-05-11 00:00:00","2012-05-22 00:00:00","2012-05-11 00:00:00","2012-06-04 00:00:00","3.0000","36.7500","36.7500","2012-06-03 22:00:00"
"14957","825","6","50","2012-05-11 00:00:00","2012-05-22 00:00:00","2012-05-11 00:00:00","2012-06-04 00:00:00","3.0000","36.7500","36.7500","2012-06-03 22:00:00"
"14958","828","6","50","2012-05-11 00:00:00","2012-05-22 00:00:00","2012-05-11 00:00:00","2012-06-04 00:00:00","3.0000","36.7500","36.7500","2012-06-03 22:00:00"
"14959","894","6","50","2012-05-11 00:00:00","2012-05-22 00:00:00","2012-05-11 00:00:00","2012-06-04 00:00:00","3.0000","36.7500","36.7500","2012-06-03 22:00:00"
"14960","945","1","10","2012-05-11 00:00:00","2012-05-22 00:00:00","2012-05-11 00:00:00","2012-06-04 00:00:00","4.1000","92.2500","92.2500","2012-06-03 22:00:00"
"14960","945","6","50","2012-05-11 00:00:00","2012-05-22 00:00:00","2012-05-11 00:00:00","2012-06-04 00:00:00","3.0000","36.7500","36.7500","2012-06-03 22:00:00"
"14961","951","6","50","2012-05-11 00:00:00","2012-05-22 00:00:00","2012-05-11 00:00:00","2012-06-04 00:00:00","3.0000","36.7500","36.7500","2012-06-03 22:00:00"
"14962","996","6","50","2012-05-11 00:00:00","2012-05-22 00:00:00","2012-05-11 00:00:00","2012-06-04 00:00:00","3.0000","36.7500","36.7500","2012-06-03 22:00:00"
"14975","804","1","10","2012-05-11 00:00:00","2012-05-22 00:00:00","2012-05-11 00:00:00","2012-06-04 00:00:00","4.1000","92.2500","92.2500","2012-06-03 22:00:00"
"14975","804","6","50","2012-05-11 00:00:00","2012-05-22 00:00:00","2012-05-11 00:00:00","2012-06-04 00:00:00","3.0000","36.7500","36.7500","2012-06-03 22:00:00"
"14980","749","7","60","2012-05-12 00:00:00","2012-05-23 00:00:00","2012-05-15 00:00:00","2012-05-23 00:00:00","4.0000","49.0000","49.0000","2012-05-22 22:00:00"
"14981","752","7","60","2012-05-12 00:00:00","2012-05-23 00:00:00","2012-05-15 00:00:00","2012-05-23 00:00:00","4.0000","49.0000","49.0000","2012-05-22 22:00:00"
"14982","753","7","60","2012-05-12 00:00:00","2012-05-23 00:00:00","2012-05-15 00:00:00","2012-05-23 00:00:00","4.0000","49.0000","49.0000","2012-05-22 22:00:00"
"14983","761","7","60","2012-05-12 00:00:00","2012-05-23 00:00:00","2012-05-15 00:00:00","2012-05-23 00:00:00","4.0000","49.0000","49.0000","2012-05-22 22:00:00"
"14984","773","7","60","2012-05-12 00:00:00","2012-05-23 00:00:00","2012-05-15 00:00:00","2012-05-23 00:00:00","4.0000","49.0000","49.0000","2012-05-22 22:00:00"
"14985","776","7","60","2012-05-12 00:00:00","2012-05-23 00:00:00","2012-05-15 00:00:00","2012-05-23 00:00:00","4.0000","49.0000","49.0000","2012-05-22 22:00:00"
"14986","516","6","50","2012-05-12 00:00:00","2012-05-23 00:00:00","2012-05-15 00:00:00","2012-05-23 00:00:00","3.0000","36.7500","36.7500","2012-05-22 22:00:00"
"14986","516","7","60","2012-05-12 00:00:00","2012-05-23 00:00:00","2012-05-15 00:00:00","2012-05-23 00:00:00","4.0000","49.0000","49.0000","2012-05-22 22:00:00"
"14987","517","6","50","2012-05-12 00:00:00","2012-05-23 00:00:00","2012-05-15 00:00:00","2012-05-23 00:00:00","3.0000","36.7500","36.7500","2012-05-22 22:00:00"
"14987","517","7","60","2012-05-12 00:00:00","2012-05-23 00:00:00","2012-05-15 00:00:00","2012-05-23 00:00:00","4.0000","49.0000","49.0000","2012-05-22 22:00:00"
"14988","519","6","50","2012-05-12 00:00:00","2012-05-23 00:00:00","2012-05-15 00:00:00","2012-05-23 00:00:00","3.0000","36.7500","36.7500","2012-05-22 22:00:00"
"14988","519","7","60","2012-05-12 00:00:00","2012-05-23 00:00:00","2012-05-15 00:00:00","2012-05-23 00:00:00","4.0000","49.0000","49.0000","2012-05-22 22:00:00"
"14995","806","6","50","2012-05-12 00:00:00","2012-05-23 00:00:00","2012-05-15 00:00:00","2012-05-23 00:00:00","3.0000","36.7500","36.7500","2012-05-22 22:00:00"
"14996","807","6","50","2012-05-12 00:00:00","2012-05-23 00:00:00","2012-05-15 00:00:00","2012-05-23 00:00:00","3.0000","36.7500","36.7500","2012-05-22 22:00:00"
"14997","810","1","10","2012-05-12 00:00:00","2012-05-23 00:00:00","2012-05-15 00:00:00","2012-05-23 00:00:00","4.1000","92.2500","92.2500","2012-05-22 22:00:00"
"14997","810","2","20","2012-05-12 00:00:00","2012-05-23 00:00:00","2012-05-15 00:00:00","2012-05-23 00:00:00","3.5000","87.5000","87.5000","2012-05-22 22:00:00"
"14997","810","6","50","2012-05-12 00:00:00","2012-05-23 00:00:00","2012-05-15 00:00:00","2012-05-23 00:00:00","3.0000","36.7500","36.7500","2012-05-22 22:00:00"
"14998","811","1","10","2012-05-12 00:00:00","2012-05-23 00:00:00","2012-05-15 00:00:00","2012-05-23 00:00:00","4.1000","92.2500","92.2500","2012-05-22 22:00:00"
"14998","811","2","20","2012-05-12 00:00:00","2012-05-23 00:00:00","2012-05-15 00:00:00","2012-05-23 00:00:00","3.5000","87.5000","87.5000","2012-05-22 22:00:00"
"14998","811","6","50","2012-05-12 00:00:00","2012-05-23 00:00:00","2012-05-15 00:00:00","2012-05-23 00:00:00","3.0000","36.7500","36.7500","2012-05-22 22:00:00"
"14999","813","1","10","2012-05-12 00:00:00","2012-05-23 00:00:00","2012-05-15 00:00:00","2012-05-23 00:00:00","4.1000","92.2500","92.2500","2012-05-22 22:00:00"
"14999","813","2","20","2012-05-12 00:00:00","2012-05-23 00:00:00","2012-05-15 00:00:00","2012-05-23 00:00:00","3.5000","87.5000","87.5000","2012-05-22 22:00:00"
"14999","813","6","50","2012-05-12 00:00:00","2012-05-23 00:00:00","2012-05-15 00:00:00","2012-05-23 00:00:00","3.0000","36.7500","36.7500","2012-05-22 22:00:00"
"15000","817","6","50","2012-05-12 00:00:00","2012-05-23 00:00:00","2012-05-15 00:00:00","2012-05-23 00:00:00","3.0000","36.7500","36.7500","2012-05-22 22:00:00"
"15001","818","6","50","2012-05-12 00:00:00","2012-05-23 00:00:00","2012-05-15 00:00:00","2012-05-23 00:00:00","3.0000","36.7500","36.7500","2012-05-22 22:00:00"
"15002","820","6","50","2012-05-12 00:00:00","2012-05-23 00:00:00","2012-05-15 00:00:00","2012-05-23 00:00:00","3.0000","36.7500","36.7500","2012-05-22 22:00:00"
"15003","825","6","50","2012-05-12 00:00:00","2012-05-23 00:00:00","2012-05-15 00:00:00","2012-05-23 00:00:00","3.0000","36.7500","36.7500","2012-05-22 22:00:00"
"15004","826","6","50","2012-05-12 00:00:00","2012-05-23 00:00:00","2012-05-15 00:00:00","2012-05-23 00:00:00","3.0000","36.7500","36.7500","2012-05-22 22:00:00"
"15005","828","6","50","2012-05-12 00:00:00","2012-05-23 00:00:00","2012-05-15 00:00:00","2012-05-23 00:00:00","3.0000","36.7500","36.7500","2012-05-22 22:00:00"
"15006","894","6","50","2012-05-12 00:00:00","2012-05-23 00:00:00","2012-05-15 00:00:00","2012-05-23 00:00:00","3.0000","36.7500","36.7500","2012-05-22 22:00:00"
"15007","945","1","10","2012-05-12 00:00:00","2012-05-23 00:00:00","2012-05-15 00:00:00","2012-05-23 00:00:00","4.1000","92.2500","92.2500","2012-05-22 22:00:00"
"15007","945","6","50","2012-05-12 00:00:00","2012-05-23 00:00:00","2012-05-15 00:00:00","2012-05-23 00:00:00","3.0000","36.7500","36.7500","2012-05-22 22:00:00"
"15008","950","6","50","2012-05-12 00:00:00","2012-05-23 00:00:00","2012-05-15 00:00:00","2012-05-23 00:00:00","3.0000","36.7500","36.7500","2012-05-22 22:00:00"
"15009","951","6","50","2012-05-12 00:00:00","2012-05-23 00:00:00","2012-05-15 00:00:00","2012-05-23 00:00:00","3.0000","36.7500","36.7500","2012-05-22 22:00:00"
"15010","994","6","50","2012-05-12 00:00:00","2012-05-23 00:00:00","2012-05-15 00:00:00","2012-05-23 00:00:00","3.0000","36.7500","36.7500","2012-05-22 22:00:00"
"15011","996","6","50","2012-05-12 00:00:00","2012-05-23 00:00:00","2012-05-15 00:00:00","2012-05-23 00:00:00","3.0000","36.7500","36.7500","2012-05-22 22:00:00"
"15025","802","1","10","2012-05-12 00:00:00","2012-05-23 00:00:00","2012-05-15 00:00:00","2012-05-23 00:00:00","4.1000","92.2500","92.2500","2012-05-22 22:00:00"
"15025","802","6","50","2012-05-12 00:00:00","2012-05-23 00:00:00","2012-05-15 00:00:00","2012-05-23 00:00:00","3.0000","36.7500","36.7500","2012-05-22 22:00:00"
"15026","804","1","10","2012-05-12 00:00:00","2012-05-23 00:00:00","2012-05-15 00:00:00","2012-05-23 00:00:00","4.1000","92.2500","92.2500","2012-05-22 22:00:00"
"15026","804","6","50","2012-05-12 00:00:00","2012-05-23 00:00:00","2012-05-15 00:00:00","2012-05-23 00:00:00","3.0000","36.7500","36.7500","2012-05-22 22:00:00"
"15031","749","7","60","2012-05-13 00:00:00","2012-05-24 00:00:00","2012-05-13 00:00:00","2012-06-08 00:00:00","4.0000","49.0000","49.0000","2012-06-07 22:00:00"
"15032","750","7","60","2012-05-13 00:00:00","2012-05-24 00:00:00","2012-05-13 00:00:00","2012-06-08 00:00:00","4.0000","49.0000","49.0000","2012-06-07 22:00:00"
"15033","751","7","60","2012-05-13 00:00:00","2012-05-24 00:00:00","2012-05-13 00:00:00","2012-06-08 00:00:00","4.0000","49.0000","49.0000","2012-06-07 22:00:00"
"15034","752","7","60","2012-05-13 00:00:00","2012-05-24 00:00:00","2012-05-13 00:00:00","2012-06-08 00:00:00","4.0000","49.0000","49.0000","2012-06-07 22:00:00"
"15035","772","7","60","2012-05-13 00:00:00","2012-05-24 00:00:00","2012-05-13 00:00:00","2012-06-08 00:00:00","4.0000","49.0000","49.0000","2012-06-07 22:00:00"
"15036","516","6","50","2012-05-13 00:00:00","2012-05-24 00:00:00","2012-05-13 00:00:00","2012-06-08 00:00:00","3.0000","36.7500","36.7500","2012-06-07 22:00:00"
"15036","516","7","60","2012-05-13 00:00:00","2012-05-24 00:00:00","2012-05-13 00:00:00","2012-06-08 00:00:00","4.0000","49.0000","49.0000","2012-06-07 22:00:00"
"15037","519","6","50","2012-05-13 00:00:00","2012-05-24 00:00:00","2012-05-13 00:00:00","2012-06-08 00:00:00","3.0000","36.7500","36.7500","2012-06-07 22:00:00"
"15037","519","7","60","2012-05-13 00:00:00","2012-05-24 00:00:00","2012-05-13 00:00:00","2012-06-08 00:00:00","4.0000","49.0000","49.0000","2012-06-07 22:00:00"
"15043","807","6","50","2012-05-13 00:00:00","2012-05-24 00:00:00","2012-05-13 00:00:00","2012-06-08 00:00:00","3.0000","36.7500","36.7500","2012-06-07 22:00:00"
"15044","810","1","10","2012-05-13 00:00:00","2012-05-24 00:00:00","2012-05-13 00:00:00","2012-06-08 00:00:00","4.1000","92.2500","92.2500","2012-06-07 22:00:00"
"15044","810","2","20","2012-05-13 00:00:00","2012-05-24 00:00:00","2012-05-13 00:00:00","2012-06-08 00:00:00","3.5000","87.5000","87.5000","2012-06-07 22:00:00"
"15044","810","6","50","2012-05-13 00:00:00","2012-05-24 00:00:00","2012-05-13 00:00:00","2012-06-08 00:00:00","3.0000","36.7500","36.7500","2012-06-07 22:00:00"
"15045","813","1","10","2012-05-13 00:00:00","2012-05-24 00:00:00","2012-05-13 00:00:00","2012-06-08 00:00:00","4.1000","92.2500","92.2500","2012-06-07 22:00:00"
"15045","813","2","20","2012-05-13 00:00:00","2012-05-24 00:00:00","2012-05-13 00:00:00","2012-06-08 00:00:00","3.5000","87.5000","87.5000","2012-06-07 22:00:00"
"15045","813","6","50","2012-05-13 00:00:00","2012-05-24 00:00:00","2012-05-13 00:00:00","2012-06-08 00:00:00","3.0000","36.7500","36.7500","2012-06-07 22:00:00"
"15046","817","6","50","2012-05-13 00:00:00","2012-05-24 00:00:00","2012-05-13 00:00:00","2012-06-08 00:00:00","3.0000","36.7500","36.7500","2012-06-07 22:00:00"
"15047","820","6","50","2012-05-13 00:00:00","2012-05-24 00:00:00","2012-05-13 00:00:00","2012-06-08 00:00:00","3.0000","36.7500","36.7500","2012-06-07 22:00:00"
"15048","825","6","50","2012-05-13 00:00:00","2012-05-24 00:00:00","2012-05-13 00:00:00","2012-06-08 00:00:00","3.0000","36.7500","36.7500","2012-06-07 22:00:00"
"15049","828","6","50","2012-05-13 00:00:00","2012-05-24 00:00:00","2012-05-13 00:00:00","2012-06-08 00:00:00","3.0000","36.7500","36.7500","2012-06-07 22:00:00"
"15050","894","6","50","2012-05-13 00:00:00","2012-05-24 00:00:00","2012-05-13 00:00:00","2012-06-08 00:00:00","3.0000","36.7500","36.7500","2012-06-07 22:00:00"
"15051","945","1","10","2012-05-13 00:00:00","2012-05-24 00:00:00","2012-05-13 00:00:00","2012-06-08 00:00:00","4.1000","92.2500","92.2500","2012-06-07 22:00:00"
"15051","945","6","50","2012-05-13 00:00:00","2012-05-24 00:00:00","2012-05-13 00:00:00","2012-06-08 00:00:00","3.0000","36.7500","36.7500","2012-06-07 22:00:00"
"15052","951","6","50","2012-05-13 00:00:00","2012-05-24 00:00:00","2012-05-13 00:00:00","2012-06-08 00:00:00","3.0000","36.7500","36.7500","2012-06-07 22:00:00"
"15053","996","6","50","2012-05-13 00:00:00","2012-05-24 00:00:00","2012-05-13 00:00:00","2012-06-08 00:00:00","3.0000","36.7500","36.7500","2012-06-07 22:00:00"
"15066","804","1","10","2012-05-13 00:00:00","2012-05-24 00:00:00","2012-05-13 00:00:00","2012-06-08 00:00:00","4.1000","92.2500","92.2500","2012-06-07 22:00:00"
"15066","804","6","50","2012-05-13 00:00:00","2012-05-24 00:00:00","2012-05-13 00:00:00","2012-06-08 00:00:00","3.0000","36.7500","36.7500","2012-06-07 22:00:00"
"15071","749","7","60","2012-05-14 00:00:00","2012-05-25 00:00:00","2012-05-19 00:00:00","2012-05-25 00:00:00","4.0000","49.0000","49.0000","2012-05-24 22:00:00"
"15072","750","7","60","2012-05-14 00:00:00","2012-05-25 00:00:00","2012-05-19 00:00:00","2012-05-25 00:00:00","4.0000","49.0000","49.0000","2012-05-24 22:00:00"
"15073","753","7","60","2012-05-14 00:00:00","2012-05-25 00:00:00","2012-05-19 00:00:00","2012-05-25 00:00:00","4.0000","49.0000","49.0000","2012-05-24 22:00:00"
"15074","760","7","60","2012-05-14 00:00:00","2012-05-25 00:00:00","2012-05-19 00:00:00","2012-05-25 00:00:00","4.0000","49.0000","49.0000","2012-05-24 22:00:00"
"15075","765","7","60","2012-05-14 00:00:00","2012-05-25 00:00:00","2012-05-19 00:00:00","2012-05-25 00:00:00","4.0000","49.0000","49.0000","2012-05-24 22:00:00"
"15076","770","7","60","2012-05-14 00:00:00","2012-05-25 00:00:00","2012-05-19 00:00:00","2012-05-25 00:00:00","4.0000","49.0000","49.0000","2012-05-24 22:00:00"
"15077","771","7","60","2012-05-14 00:00:00","2012-05-25 00:00:00","2012-05-19 00:00:00","2012-05-25 00:00:00","4.0000","49.0000","49.0000","2012-05-24 22:00:00"
"15078","775","7","60","2012-05-14 00:00:00","2012-05-25 00:00:00","2012-05-19 00:00:00","2012-05-25 00:00:00","4.0000","49.0000","49.0000","2012-05-24 22:00:00"
"15079","516","6","50","2012-05-14 00:00:00","2012-05-25 00:00:00","2012-05-19 00:00:00","2012-05-25 00:00:00","3.0000","36.7500","36.7500","2012-05-24 22:00:00"
"15079","516","7","60","2012-05-14 00:00:00","2012-05-25 00:00:00","2012-05-19 00:00:00","2012-05-25 00:00:00","4.0000","49.0000","49.0000","2012-05-24 22:00:00"
"15080","517","6","50","2012-05-14 00:00:00","2012-05-25 00:00:00","2012-05-19 00:00:00","2012-05-25 00:00:00","3.0000","36.7500","36.7500","2012-05-24 22:00:00"
"15080","517","7","60","2012-05-14 00:00:00","2012-05-25 00:00:00","2012-05-19 00:00:00","2012-05-25 00:00:00","4.0000","49.0000","49.0000","2012-05-24 22:00:00"
"15081","519","6","50","2012-05-14 00:00:00","2012-05-25 00:00:00","2012-05-19 00:00:00","2012-05-25 00:00:00","3.0000","36.7500","36.7500","2012-05-24 22:00:00"
"15081","519","7","60","2012-05-14 00:00:00","2012-05-25 00:00:00","2012-05-19 00:00:00","2012-05-25 00:00:00","4.0000","49.0000","49.0000","2012-05-24 22:00:00"
"15088","747","1","10","2012-05-14 00:00:00","2012-05-25 00:00:00","2012-05-19 00:00:00","2012-05-25 00:00:00","4.1000","92.2500","92.2500","2012-05-24 22:00:00"
"15088","747","2","20","2012-05-14 00:00:00","2012-05-25 00:00:00","2012-05-19 00:00:00","2012-05-25 00:00:00","3.5000","87.5000","87.5000","2012-05-24 22:00:00"
"15088","747","3","30","2012-05-14 00:00:00","2012-05-25 00:00:00","2012-05-19 00:00:00","2012-05-25 00:00:00","1.0000","14.5000","14.5000","2012-05-24 22:00:00"
"15088","747","4","40","2012-05-14 00:00:00","2012-05-25 00:00:00","2012-05-19 00:00:00","2012-05-25 00:00:00","2.0000","31.5000","31.5000","2012-05-24 22:00:00"
"15088","747","6","50","2012-05-14 00:00:00","2012-05-25 00:00:00","2012-05-19 00:00:00","2012-05-25 00:00:00","3.0000","36.7500","36.7500","2012-05-24 22:00:00"
"15088","747","7","60","2012-05-14 00:00:00","2012-05-25 00:00:00","2012-05-19 00:00:00","2012-05-25 00:00:00","4.0000","49.0000","49.0000","2012-05-24 22:00:00"
"15089","748","1","10","2012-05-14 00:00:00","2012-05-25 00:00:00","2012-05-19 00:00:00","2012-05-25 00:00:00","4.1000","92.2500","92.2500","2012-05-24 22:00:00"
"15089","748","2","20","2012-05-14 00:00:00","2012-05-25 00:00:00","2012-05-19 00:00:00","2012-05-25 00:00:00","3.5000","87.5000","87.5000","2012-05-24 22:00:00"
"15089","748","3","30","2012-05-14 00:00:00","2012-05-25 00:00:00","2012-05-19 00:00:00","2012-05-25 00:00:00","1.0000","14.5000","14.5000","2012-05-24 22:00:00"
"15089","748","5","45","2012-05-14 00:00:00","2012-05-25 00:00:00","2012-05-19 00:00:00","2012-05-25 00:00:00","2.0000","36.0000","36.0000","2012-05-24 22:00:00"
"15089","748","6","50","2012-05-14 00:00:00","2012-05-25 00:00:00","2012-05-19 00:00:00","2012-05-25 00:00:00","3.0000","36.7500","36.7500","2012-05-24 22:00:00"
"15089","748","7","60","2012-05-14 00:00:00","2012-05-25 00:00:00","2012-05-19 00:00:00","2012-05-25 00:00:00","4.0000","49.0000","49.0000","2012-05-24 22:00:00"
"15090","806","6","50","2012-05-14 00:00:00","2012-05-25 00:00:00","2012-05-19 00:00:00","2012-05-25 00:00:00","3.0000","36.7500","36.7500","2012-05-24 22:00:00"
"15091","807","6","50","2012-05-14 00:00:00","2012-05-25 00:00:00","2012-05-19 00:00:00","2012-05-25 00:00:00","3.0000","36.7500","36.7500","2012-05-24 22:00:00"
"15092","810","1","10","2012-05-14 00:00:00","2012-05-25 00:00:00","2012-05-19 00:00:00","2012-05-25 00:00:00","4.1000","92.2500","92.2500","2012-05-24 22:00:00"
"15092","810","2","20","2012-05-14 00:00:00","2012-05-25 00:00:00","2012-05-19 00:00:00","2012-05-25 00:00:00","3.5000","87.5000","87.5000","2012-05-24 22:00:00"
"15092","810","6","50","2012-05-14 00:00:00","2012-05-25 00:00:00","2012-05-19 00:00:00","2012-05-25 00:00:00","3.0000","36.7500","36.7500","2012-05-24 22:00:00"
"15093","811","1","10","2012-05-14 00:00:00","2012-05-25 00:00:00","2012-05-19 00:00:00","2012-05-25 00:00:00","4.1000","92.2500","92.2500","2012-05-24 22:00:00"
"15093","811","2","20","2012-05-14 00:00:00","2012-05-25 00:00:00","2012-05-19 00:00:00","2012-05-25 00:00:00","3.5000","87.5000","87.5000","2012-05-24 22:00:00"
"15093","811","6","50","2012-05-14 00:00:00","2012-05-25 00:00:00","2012-05-19 00:00:00","2012-05-25 00:00:00","3.0000","36.7500","36.7500","2012-05-24 22:00:00"
"15094","813","1","10","2012-05-14 00:00:00","2012-05-25 00:00:00","2012-05-19 00:00:00","2012-05-25 00:00:00","4.1000","92.2500","92.2500","2012-05-24 22:00:00"
"15094","813","2","20","2012-05-14 00:00:00","2012-05-25 00:00:00","2012-05-19 00:00:00","2012-05-25 00:00:00","3.5000","87.5000","87.5000","2012-05-24 22:00:00"
"15094","813","6","50","2012-05-14 00:00:00","2012-05-25 00:00:00","2012-05-19 00:00:00","2012-05-25 00:00:00","3.0000","36.7500","36.7500","2012-05-24 22:00:00"
"15095","817","6","50","2012-05-14 00:00:00","2012-05-25 00:00:00","2012-05-19 00:00:00","2012-05-25 00:00:00","3.0000","36.7500","36.7500","2012-05-24 22:00:00"
"15096","818","6","50","2012-05-14 00:00:00","2012-05-25 00:00:00","2012-05-19 00:00:00","2012-05-25 00:00:00","3.0000","36.7500","36.7500","2012-05-24 22:00:00"
"15097","820","6","50","2012-05-14 00:00:00","2012-05-25 00:00:00","2012-05-19 00:00:00","2012-05-25 00:00:00","3.0000","36.7500","36.7500","2012-05-24 22:00:00"
"15098","825","6","50","2012-05-14 00:00:00","2012-05-25 00:00:00","2012-05-19 00:00:00","2012-05-25 00:00:00","3.0000","36.7500","36.7500","2012-05-24 22:00:00"
"15099","826","6","50","2012-05-14 00:00:00","2012-05-25 00:00:00","2012-05-19 00:00:00","2012-05-25 00:00:00","3.0000","36.7500","36.7500","2012-05-24 22:00:00"
"15100","828","6","50","2012-05-14 00:00:00","2012-05-25 00:00:00","2012-05-19 00:00:00","2012-05-25 00:00:00","3.0000","36.7500","36.7500","2012-05-24 22:00:00"
"15101","894","6","50","2012-05-14 00:00:00","2012-05-25 00:00:00","2012-05-19 00:00:00","2012-05-25 00:00:00","3.0000","36.7500","36.7500","2012-05-24 22:00:00"
"15102","945","1","10","2012-05-14 00:00:00","2012-05-25 00:00:00","2012-05-19 00:00:00","2012-05-25 00:00:00","4.1000","92.2500","92.2500","2012-05-24 22:00:00"
"15102","945","6","50","2012-05-14 00:00:00","2012-05-25 00:00:00","2012-05-19 00:00:00","2012-05-25 00:00:00","3.0000","36.7500","36.7500","2012-05-24 22:00:00"
"15103","950","6","50","2012-05-14 00:00:00","2012-05-25 00:00:00","2012-05-19 00:00:00","2012-05-25 00:00:00","3.0000","36.7500","36.7500","2012-05-24 22:00:00"
"15104","951","6","50","2012-05-14 00:00:00","2012-05-25 00:00:00","2012-05-19 00:00:00","2012-05-25 00:00:00","3.0000","36.7500","36.7500","2012-05-24 22:00:00"
"15105","994","6","50","2012-05-14 00:00:00","2012-05-25 00:00:00","2012-05-19 00:00:00","2012-05-25 00:00:00","3.0000","36.7500","36.7500","2012-05-24 22:00:00"
"15106","996","6","50","2012-05-14 00:00:00","2012-05-25 00:00:00","2012-05-19 00:00:00","2012-05-25 00:00:00","3.0000","36.7500","36.7500","2012-05-24 22:00:00"
"15120","802","1","10","2012-05-14 00:00:00","2012-05-25 00:00:00","2012-05-19 00:00:00","2012-05-25 00:00:00","4.1000","92.2500","92.2500","2012-05-24 22:00:00"
"15120","802","6","50","2012-05-14 00:00:00","2012-05-25 00:00:00","2012-05-19 00:00:00","2012-05-25 00:00:00","3.0000","36.7500","36.7500","2012-05-24 22:00:00"
"15121","804","1","10","2012-05-14 00:00:00","2012-05-25 00:00:00","2012-05-19 00:00:00","2012-05-25 00:00:00","4.1000","92.2500","92.2500","2012-05-24 22:00:00"
"15121","804","6","50","2012-05-14 00:00:00","2012-05-25 00:00:00","2012-05-19 00:00:00","2012-05-25 00:00:00","3.0000","36.7500","36.7500","2012-05-24 22:00:00"
"15126","760","7","60","2012-05-15 00:00:00","2012-05-26 00:00:00","2012-05-15 00:00:00","2012-06-12 00:00:00","4.0000","49.0000","49.0000","2012-06-11 22:00:00"
"15127","762","7","60","2012-05-15 00:00:00","2012-05-26 00:00:00","2012-05-15 00:00:00","2012-06-12 00:00:00","4.0000","49.0000","49.0000","2012-06-11 22:00:00"
"15128","773","7","60","2012-05-15 00:00:00","2012-05-26 00:00:00","2012-05-15 00:00:00","2012-06-12 00:00:00","4.0000","49.0000","49.0000","2012-06-11 22:00:00"
"15129","777","7","60","2012-05-15 00:00:00","2012-05-26 00:00:00","2012-05-15 00:00:00","2012-06-12 00:00:00","4.0000","49.0000","49.0000","2012-06-11 22:00:00"
"15130","516","6","50","2012-05-15 00:00:00","2012-05-26 00:00:00","2012-05-15 00:00:00","2012-06-12 00:00:00","3.0000","36.7500","36.7500","2012-06-11 22:00:00"
"15130","516","7","60","2012-05-15 00:00:00","2012-05-26 00:00:00","2012-05-15 00:00:00","2012-06-12 00:00:00","4.0000","49.0000","49.0000","2012-06-11 22:00:00"
"15131","517","6","50","2012-05-15 00:00:00","2012-05-26 00:00:00","2012-05-15 00:00:00","2012-06-12 00:00:00","3.0000","36.7500","36.7500","2012-06-11 22:00:00"
"15131","517","7","60","2012-05-15 00:00:00","2012-05-26 00:00:00","2012-05-15 00:00:00","2012-06-12 00:00:00","4.0000","49.0000","49.0000","2012-06-11 22:00:00"
"15136","806","6","50","2012-05-15 00:00:00","2012-05-26 00:00:00","2012-05-15 00:00:00","2012-06-12 00:00:00","3.0000","36.7500","36.7500","2012-06-11 22:00:00"
"15137","807","6","50","2012-05-15 00:00:00","2012-05-26 00:00:00","2012-05-15 00:00:00","2012-06-12 00:00:00","3.0000","36.7500","36.7500","2012-06-11 22:00:00"
"15138","810","1","10","2012-05-15 00:00:00","2012-05-26 00:00:00","2012-05-15 00:00:00","2012-06-12 00:00:00","4.1000","92.2500","92.2500","2012-06-11 22:00:00"
"15138","810","2","20","2012-05-15 00:00:00","2012-05-26 00:00:00","2012-05-15 00:00:00","2012-06-12 00:00:00","3.5000","87.5000","87.5000","2012-06-11 22:00:00"
"15138","810","6","50","2012-05-15 00:00:00","2012-05-26 00:00:00","2012-05-15 00:00:00","2012-06-12 00:00:00","3.0000","36.7500","36.7500","2012-06-11 22:00:00"
"15139","811","1","10","2012-05-15 00:00:00","2012-05-26 00:00:00","2012-05-15 00:00:00","2012-06-12 00:00:00","4.1000","92.2500","92.2500","2012-06-11 22:00:00"
"15139","811","2","20","2012-05-15 00:00:00","2012-05-26 00:00:00","2012-05-15 00:00:00","2012-06-12 00:00:00","3.5000","87.5000","87.5000","2012-06-11 22:00:00"
"15139","811","6","50","2012-05-15 00:00:00","2012-05-26 00:00:00","2012-05-15 00:00:00","2012-06-12 00:00:00","3.0000","36.7500","36.7500","2012-06-11 22:00:00"
"15140","817","6","50","2012-05-15 00:00:00","2012-05-26 00:00:00","2012-05-15 00:00:00","2012-06-12 00:00:00","3.0000","36.7500","36.7500","2012-06-11 22:00:00"
"15141","818","6","50","2012-05-15 00:00:00","2012-05-26 00:00:00","2012-05-15 00:00:00","2012-06-12 00:00:00","3.0000","36.7500","36.7500","2012-06-11 22:00:00"
"15142","825","6","50","2012-05-15 00:00:00","2012-05-26 00:00:00","2012-05-15 00:00:00","2012-06-12 00:00:00","3.0000","36.7500","36.7500","2012-06-11 22:00:00"
"15143","826","6","50","2012-05-15 00:00:00","2012-05-26 00:00:00","2012-05-15 00:00:00","2012-06-12 00:00:00","3.0000","36.7500","36.7500","2012-06-11 22:00:00"
"15144","894","6","50","2012-05-15 00:00:00","2012-05-26 00:00:00","2012-05-15 00:00:00","2012-06-12 00:00:00","3.0000","36.7500","36.7500","2012-06-11 22:00:00"
"15145","945","1","10","2012-05-15 00:00:00","2012-05-26 00:00:00","2012-05-15 00:00:00","2012-06-12 00:00:00","4.1000","92.2500","92.2500","2012-06-11 22:00:00"
"15145","945","6","50","2012-05-15 00:00:00","2012-05-26 00:00:00","2012-05-15 00:00:00","2012-06-12 00:00:00","3.0000","36.7500","36.7500","2012-06-11 22:00:00"
"15146","950","6","50","2012-05-15 00:00:00","2012-05-26 00:00:00","2012-05-15 00:00:00","2012-06-12 00:00:00","3.0000","36.7500","36.7500","2012-06-11 22:00:00"
"15147","951","6","50","2012-05-15 00:00:00","2012-05-26 00:00:00","2012-05-15 00:00:00","2012-06-12 00:00:00","3.0000","36.7500","36.7500","2012-06-11 22:00:00"
"15148","994","6","50","2012-05-15 00:00:00","2012-05-26 00:00:00","2012-05-15 00:00:00","2012-06-12 00:00:00","3.0000","36.7500","36.7500","2012-06-11 22:00:00"
"15149","996","6","50","2012-05-15 00:00:00","2012-05-26 00:00:00","2012-05-15 00:00:00","2012-06-12 00:00:00","3.0000","36.7500","36.7500","2012-06-11 22:00:00"
"15163","802","1","10","2012-05-15 00:00:00","2012-05-26 00:00:00","2012-05-15 00:00:00","2012-06-12 00:00:00","4.1000","92.2500","92.2500","2012-06-11 22:00:00"
"15163","802","6","50","2012-05-15 00:00:00","2012-05-26 00:00:00","2012-05-15 00:00:00","2012-06-12 00:00:00","3.0000","36.7500","36.7500","2012-06-11 22:00:00"
"15164","804","1","10","2012-05-15 00:00:00","2012-05-26 00:00:00","2012-05-15 00:00:00","2012-06-12 00:00:00","4.1000","92.2500","92.2500","2012-06-11 22:00:00"
"15164","804","6","50","2012-05-15 00:00:00","2012-05-26 00:00:00","2012-05-15 00:00:00","2012-06-12 00:00:00","3.0000","36.7500","36.7500","2012-06-11 22:00:00"
"15169","749","7","60","2012-05-16 00:00:00","2012-05-27 00:00:00","2012-05-23 00:00:00","2012-05-27 00:00:00","4.0000","49.0000","49.0000","2012-05-26 22:00:00"
"15170","752","7","60","2012-05-16 00:00:00","2012-05-27 00:00:00","2012-05-23 00:00:00","2012-05-27 00:00:00","4.0000","49.0000","49.0000","2012-05-26 22:00:00"
"15171","773","7","60","2012-05-16 00:00:00","2012-05-27 00:00:00","2012-05-23 00:00:00","2012-05-27 00:00:00","4.0000","49.0000","49.0000","2012-05-26 22:00:00"
"15172","774","7","60","2012-05-16 00:00:00","2012-05-27 00:00:00","2012-05-23 00:00:00","2012-05-27 00:00:00","4.0000","49.0000","49.0000","2012-05-26 22:00:00"
"15173","516","6","50","2012-05-16 00:00:00","2012-05-27 00:00:00","2012-05-23 00:00:00","2012-05-27 00:00:00","3.0000","36.7500","36.7500","2012-05-26 22:00:00"
"15173","516","7","60","2012-05-16 00:00:00","2012-05-27 00:00:00","2012-05-23 00:00:00","2012-05-27 00:00:00","4.0000","49.0000","49.0000","2012-05-26 22:00:00"
"15174","519","6","50","2012-05-16 00:00:00","2012-05-27 00:00:00","2012-05-23 00:00:00","2012-05-27 00:00:00","3.0000","36.7500","36.7500","2012-05-26 22:00:00"
"15174","519","7","60","2012-05-16 00:00:00","2012-05-27 00:00:00","2012-05-23 00:00:00","2012-05-27 00:00:00","4.0000","49.0000","49.0000","2012-05-26 22:00:00"
"15179","807","6","50","2012-05-16 00:00:00","2012-05-27 00:00:00","2012-05-23 00:00:00","2012-05-27 00:00:00","3.0000","36.7500","36.7500","2012-05-26 22:00:00"
"15180","810","1","10","2012-05-16 00:00:00","2012-05-27 00:00:00","2012-05-23 00:00:00","2012-05-27 00:00:00","4.1000","92.2500","92.2500","2012-05-26 22:00:00"
"15180","810","2","20","2012-05-16 00:00:00","2012-05-27 00:00:00","2012-05-23 00:00:00","2012-05-27 00:00:00","3.5000","87.5000","87.5000","2012-05-26 22:00:00"
"15180","810","6","50","2012-05-16 00:00:00","2012-05-27 00:00:00","2012-05-23 00:00:00","2012-05-27 00:00:00","3.0000","36.7500","36.7500","2012-05-26 22:00:00"
"15181","813","1","10","2012-05-16 00:00:00","2012-05-27 00:00:00","2012-05-23 00:00:00","2012-05-27 00:00:00","4.1000","92.2500","92.2500","2012-05-26 22:00:00"
"15181","813","2","20","2012-05-16 00:00:00","2012-05-27 00:00:00","2012-05-23 00:00:00","2012-05-27 00:00:00","3.5000","87.5000","87.5000","2012-05-26 22:00:00"
"15181","813","6","50","2012-05-16 00:00:00","2012-05-27 00:00:00","2012-05-23 00:00:00","2012-05-27 00:00:00","3.0000","36.7500","36.7500","2012-05-26 22:00:00"
"15182","817","6","50","2012-05-16 00:00:00","2012-05-27 00:00:00","2012-05-23 00:00:00","2012-05-27 00:00:00","3.0000","36.7500","36.7500","2012-05-26 22:00:00"
"15183","820","6","50","2012-05-16 00:00:00","2012-05-27 00:00:00","2012-05-23 00:00:00","2012-05-27 00:00:00","3.0000","36.7500","36.7500","2012-05-26 22:00:00"
"15184","825","6","50","2012-05-16 00:00:00","2012-05-27 00:00:00","2012-05-23 00:00:00","2012-05-27 00:00:00","3.0000","36.7500","36.7500","2012-05-26 22:00:00"
"15185","828","6","50","2012-05-16 00:00:00","2012-05-27 00:00:00","2012-05-23 00:00:00","2012-05-27 00:00:00","3.0000","36.7500","36.7500","2012-05-26 22:00:00"
"15186","894","6","50","2012-05-16 00:00:00","2012-05-27 00:00:00","2012-05-23 00:00:00","2012-05-27 00:00:00","3.0000","36.7500","36.7500","2012-05-26 22:00:00"
"15187","945","1","10","2012-05-16 00:00:00","2012-05-27 00:00:00","2012-05-23 00:00:00","2012-05-27 00:00:00","4.1000","92.2500","92.2500","2012-05-26 22:00:00"
"15187","945","6","50","2012-05-16 00:00:00","2012-05-27 00:00:00","2012-05-23 00:00:00","2012-05-27 00:00:00","3.0000","36.7500","36.7500","2012-05-26 22:00:00"
"15188","951","6","50","2012-05-16 00:00:00","2012-05-27 00:00:00","2012-05-23 00:00:00","2012-05-27 00:00:00","3.0000","36.7500","36.7500","2012-05-26 22:00:00"
"15189","996","6","50","2012-05-16 00:00:00","2012-05-27 00:00:00","2012-05-23 00:00:00","2012-05-27 00:00:00","3.0000","36.7500","36.7500","2012-05-26 22:00:00"
"15202","804","1","10","2012-05-16 00:00:00","2012-05-27 00:00:00","2012-05-23 00:00:00","2012-05-27 00:00:00","4.1000","92.2500","92.2500","2012-05-26 22:00:00"
"15202","804","6","50","2012-05-16 00:00:00","2012-05-27 00:00:00","2012-05-23 00:00:00","2012-05-27 00:00:00","3.0000","36.7500","36.7500","2012-05-26 22:00:00"
"15207","751","7","60","2012-05-17 00:00:00","2012-05-28 00:00:00","2012-05-17 00:00:00","2012-06-16 00:00:00","4.0000","49.0000","49.0000","2012-06-15 22:00:00"
"15208","752","7","60","2012-05-17 00:00:00","2012-05-28 00:00:00","2012-05-17 00:00:00","2012-06-16 00:00:00","4.0000","49.0000","49.0000","2012-06-15 22:00:00"
"15209","765","7","60","2012-05-17 00:00:00","2012-05-28 00:00:00","2012-05-17 00:00:00","2012-06-16 00:00:00","4.0000","49.0000","49.0000","2012-06-15 22:00:00"
"15210","768","7","60","2012-05-17 00:00:00","2012-05-28 00:00:00","2012-05-17 00:00:00","2012-06-16 00:00:00","4.0000","49.0000","49.0000","2012-06-15 22:00:00"
"15211","517","6","50","2012-05-17 00:00:00","2012-05-28 00:00:00","2012-05-17 00:00:00","2012-06-16 00:00:00","3.0000","36.7500","36.7500","2012-06-15 22:00:00"
"15211","517","7","60","2012-05-17 00:00:00","2012-05-28 00:00:00","2012-05-17 00:00:00","2012-06-16 00:00:00","4.0000","49.0000","49.0000","2012-06-15 22:00:00"
"15212","519","6","50","2012-05-17 00:00:00","2012-05-28 00:00:00","2012-05-17 00:00:00","2012-06-16 00:00:00","3.0000","36.7500","36.7500","2012-06-15 22:00:00"
"15212","519","7","60","2012-05-17 00:00:00","2012-05-28 00:00:00","2012-05-17 00:00:00","2012-06-16 00:00:00","4.0000","49.0000","49.0000","2012-06-15 22:00:00"
"15217","806","6","50","2012-05-17 00:00:00","2012-05-28 00:00:00","2012-05-17 00:00:00","2012-06-16 00:00:00","3.0000","36.7500","36.7500","2012-06-15 22:00:00"
"15218","807","6","50","2012-05-17 00:00:00","2012-05-28 00:00:00","2012-05-17 00:00:00","2012-06-16 00:00:00","3.0000","36.7500","36.7500","2012-06-15 22:00:00"
"15219","811","1","10","2012-05-17 00:00:00","2012-05-28 00:00:00","2012-05-17 00:00:00","2012-06-16 00:00:00","4.1000","92.2500","92.2500","2012-06-15 22:00:00"
"15219","811","2","20","2012-05-17 00:00:00","2012-05-28 00:00:00","2012-05-17 00:00:00","2012-06-16 00:00:00","3.5000","87.5000","87.5000","2012-06-15 22:00:00"
"15219","811","6","50","2012-05-17 00:00:00","2012-05-28 00:00:00","2012-05-17 00:00:00","2012-06-16 00:00:00","3.0000","36.7500","36.7500","2012-06-15 22:00:00"
"15220","813","1","10","2012-05-17 00:00:00","2012-05-28 00:00:00","2012-05-17 00:00:00","2012-06-16 00:00:00","4.1000","92.2500","92.2500","2012-06-15 22:00:00"
"15220","813","2","20","2012-05-17 00:00:00","2012-05-28 00:00:00","2012-05-17 00:00:00","2012-06-16 00:00:00","3.5000","87.5000","87.5000","2012-06-15 22:00:00"
"15220","813","6","50","2012-05-17 00:00:00","2012-05-28 00:00:00","2012-05-17 00:00:00","2012-06-16 00:00:00","3.0000","36.7500","36.7500","2012-06-15 22:00:00"
"15221","818","6","50","2012-05-17 00:00:00","2012-05-28 00:00:00","2012-05-17 00:00:00","2012-06-16 00:00:00","3.0000","36.7500","36.7500","2012-06-15 22:00:00"
"15222","820","6","50","2012-05-17 00:00:00","2012-05-28 00:00:00","2012-05-17 00:00:00","2012-06-16 00:00:00","3.0000","36.7500","36.7500","2012-06-15 22:00:00"
"15223","826","6","50","2012-05-17 00:00:00","2012-05-28 00:00:00","2012-05-17 00:00:00","2012-06-16 00:00:00","3.0000","36.7500","36.7500","2012-06-15 22:00:00"
"15224","828","6","50","2012-05-17 00:00:00","2012-05-28 00:00:00","2012-05-17 00:00:00","2012-06-16 00:00:00","3.0000","36.7500","36.7500","2012-06-15 22:00:00"
"15225","894","6","50","2012-05-17 00:00:00","2012-05-28 00:00:00","2012-05-17 00:00:00","2012-06-16 00:00:00","3.0000","36.7500","36.7500","2012-06-15 22:00:00"
"15226","945","1","10","2012-05-17 00:00:00","2012-05-28 00:00:00","2012-05-17 00:00:00","2012-06-16 00:00:00","4.1000","92.2500","92.2500","2012-06-15 22:00:00"
"15226","945","6","50","2012-05-17 00:00:00","2012-05-28 00:00:00","2012-05-17 00:00:00","2012-06-16 00:00:00","3.0000","36.7500","36.7500","2012-06-15 22:00:00"
"15227","950","6","50","2012-05-17 00:00:00","2012-05-28 00:00:00","2012-05-17 00:00:00","2012-06-16 00:00:00","3.0000","36.7500","36.7500","2012-06-15 22:00:00"
"15228","951","6","50","2012-05-17 00:00:00","2012-05-28 00:00:00","2012-05-17 00:00:00","2012-06-16 00:00:00","3.0000","36.7500","36.7500","2012-06-15 22:00:00"
"15229","994","6","50","2012-05-17 00:00:00","2012-05-28 00:00:00","2012-05-17 00:00:00","2012-06-16 00:00:00","3.0000","36.7500","36.7500","2012-06-15 22:00:00"
"15230","996","6","50","2012-05-17 00:00:00","2012-05-28 00:00:00","2012-05-17 00:00:00","2012-06-16 00:00:00","3.0000","36.7500","36.7500","2012-06-15 22:00:00"
"15243","802","1","10","2012-05-17 00:00:00","2012-05-28 00:00:00","2012-05-17 00:00:00","2012-06-16 00:00:00","4.1000","92.2500","92.2500","2012-06-15 22:00:00"
"15243","802","6","50","2012-05-17 00:00:00","2012-05-28 00:00:00","2012-05-17 00:00:00","2012-06-16 00:00:00","3.0000","36.7500","36.7500","2012-06-15 22:00:00"
"15244","804","1","10","2012-05-17 00:00:00","2012-05-28 00:00:00","2012-05-17 00:00:00","2012-06-16 00:00:00","4.1000","92.2500","92.2500","2012-06-15 22:00:00"
"15244","804","6","50","2012-05-17 00:00:00","2012-05-28 00:00:00","2012-05-17 00:00:00","2012-06-16 00:00:00","3.0000","36.7500","36.7500","2012-06-15 22:00:00"
"15249","752","7","60","2012-05-18 00:00:00","2012-05-29 00:00:00","2012-05-27 00:00:00","2012-05-29 00:00:00","4.0000","49.0000","49.0000","2012-05-28 22:00:00"
"15250","519","6","50","2012-05-18 00:00:00","2012-05-29 00:00:00","2012-05-27 00:00:00","2012-05-29 00:00:00","3.0000","36.7500","36.7500","2012-05-28 22:00:00"
"15250","519","7","60","2012-05-18 00:00:00","2012-05-29 00:00:00","2012-05-27 00:00:00","2012-05-29 00:00:00","4.0000","49.0000","49.0000","2012-05-28 22:00:00"
"15252","807","6","50","2012-05-18 00:00:00","2012-05-29 00:00:00","2012-05-27 00:00:00","2012-05-29 00:00:00","3.0000","36.7500","36.7500","2012-05-28 22:00:00"
"15253","813","1","10","2012-05-18 00:00:00","2012-05-29 00:00:00","2012-05-27 00:00:00","2012-05-29 00:00:00","4.1000","92.2500","92.2500","2012-05-28 22:00:00"
"15253","813","2","20","2012-05-18 00:00:00","2012-05-29 00:00:00","2012-05-27 00:00:00","2012-05-29 00:00:00","3.5000","87.5000","87.5000","2012-05-28 22:00:00"
"15253","813","6","50","2012-05-18 00:00:00","2012-05-29 00:00:00","2012-05-27 00:00:00","2012-05-29 00:00:00","3.0000","36.7500","36.7500","2012-05-28 22:00:00"
"15254","820","6","50","2012-05-18 00:00:00","2012-05-29 00:00:00","2012-05-27 00:00:00","2012-05-29 00:00:00","3.0000","36.7500","36.7500","2012-05-28 22:00:00"
"15255","828","6","50","2012-05-18 00:00:00","2012-05-29 00:00:00","2012-05-27 00:00:00","2012-05-29 00:00:00","3.0000","36.7500","36.7500","2012-05-28 22:00:00"
"15256","894","6","50","2012-05-18 00:00:00","2012-05-29 00:00:00","2012-05-27 00:00:00","2012-05-29 00:00:00","3.0000","36.7500","36.7500","2012-05-28 22:00:00"
"15257","945","1","10","2012-05-18 00:00:00","2012-05-29 00:00:00","2012-05-27 00:00:00","2012-05-29 00:00:00","4.1000","92.2500","92.2500","2012-05-28 22:00:00"
"15257","945","6","50","2012-05-18 00:00:00","2012-05-29 00:00:00","2012-05-27 00:00:00","2012-05-29 00:00:00","3.0000","36.7500","36.7500","2012-05-28 22:00:00"
"15258","951","6","50","2012-05-18 00:00:00","2012-05-29 00:00:00","2012-05-27 00:00:00","2012-05-29 00:00:00","3.0000","36.7500","36.7500","2012-05-28 22:00:00"
"15259","996","6","50","2012-05-18 00:00:00","2012-05-29 00:00:00","2012-05-27 00:00:00","2012-05-29 00:00:00","3.0000","36.7500","36.7500","2012-05-28 22:00:00"
"15271","804","1","10","2012-05-18 00:00:00","2012-05-29 00:00:00","2012-05-27 00:00:00","2012-05-29 00:00:00","4.1000","92.2500","92.2500","2012-05-28 22:00:00"
"15271","804","6","50","2012-05-18 00:00:00","2012-05-29 00:00:00","2012-05-27 00:00:00","2012-05-29 00:00:00","3.0000","36.7500","36.7500","2012-05-28 22:00:00"
"15276","750","7","60","2012-05-19 00:00:00","2012-05-30 00:00:00","2012-05-19 00:00:00","2012-05-31 00:00:00","4.0000","49.0000","49.0000","2012-05-30 22:00:00"
"15277","751","7","60","2012-05-19 00:00:00","2012-05-30 00:00:00","2012-05-19 00:00:00","2012-05-31 00:00:00","4.0000","49.0000","49.0000","2012-05-30 22:00:00"
"15278","752","7","60","2012-05-19 00:00:00","2012-05-30 00:00:00","2012-05-19 00:00:00","2012-05-31 00:00:00","4.0000","49.0000","49.0000","2012-05-30 22:00:00"
"15279","753","7","60","2012-05-19 00:00:00","2012-05-30 00:00:00","2012-05-19 00:00:00","2012-05-31 00:00:00","4.0000","49.0000","49.0000","2012-05-30 22:00:00"
"15280","763","7","60","2012-05-19 00:00:00","2012-05-30 00:00:00","2012-05-19 00:00:00","2012-05-31 00:00:00","4.0000","49.0000","49.0000","2012-05-30 22:00:00"
"15281","517","6","50","2012-05-19 00:00:00","2012-05-30 00:00:00","2012-05-19 00:00:00","2012-05-31 00:00:00","3.0000","36.7500","36.7500","2012-05-30 22:00:00"
"15281","517","7","60","2012-05-19 00:00:00","2012-05-30 00:00:00","2012-05-19 00:00:00","2012-05-31 00:00:00","4.0000","49.0000","49.0000","2012-05-30 22:00:00"
"15282","519","6","50","2012-05-19 00:00:00","2012-05-30 00:00:00","2012-05-19 00:00:00","2012-05-31 00:00:00","3.0000","36.7500","36.7500","2012-05-30 22:00:00"
"15282","519","7","60","2012-05-19 00:00:00","2012-05-30 00:00:00","2012-05-19 00:00:00","2012-05-31 00:00:00","4.0000","49.0000","49.0000","2012-05-30 22:00:00"
"15288","806","6","50","2012-05-19 00:00:00","2012-05-30 00:00:00","2012-05-19 00:00:00","2012-05-31 00:00:00","3.0000","36.7500","36.7500","2012-05-30 22:00:00"
"15289","807","6","50","2012-05-19 00:00:00","2012-05-30 00:00:00","2012-05-19 00:00:00","2012-05-31 00:00:00","3.0000","36.7500","36.7500","2012-05-30 22:00:00"
"15290","811","1","10","2012-05-19 00:00:00","2012-05-30 00:00:00","2012-05-19 00:00:00","2012-05-31 00:00:00","4.1000","92.2500","92.2500","2012-05-30 22:00:00"
"15290","811","2","20","2012-05-19 00:00:00","2012-05-30 00:00:00","2012-05-19 00:00:00","2012-05-31 00:00:00","3.5000","87.5000","87.5000","2012-05-30 22:00:00"
"15290","811","6","50","2012-05-19 00:00:00","2012-05-30 00:00:00","2012-05-19 00:00:00","2012-05-31 00:00:00","3.0000","36.7500","36.7500","2012-05-30 22:00:00"
"15291","813","1","10","2012-05-19 00:00:00","2012-05-30 00:00:00","2012-05-19 00:00:00","2012-05-31 00:00:00","4.1000","92.2500","92.2500","2012-05-30 22:00:00"
"15291","813","2","20","2012-05-19 00:00:00","2012-05-30 00:00:00","2012-05-19 00:00:00","2012-05-31 00:00:00","3.5000","87.5000","87.5000","2012-05-30 22:00:00"
"15291","813","6","50","2012-05-19 00:00:00","2012-05-30 00:00:00","2012-05-19 00:00:00","2012-05-31 00:00:00","3.0000","36.7500","36.7500","2012-05-30 22:00:00"
"15292","818","6","50","2012-05-19 00:00:00","2012-05-30 00:00:00","2012-05-19 00:00:00","2012-05-31 00:00:00","3.0000","36.7500","36.7500","2012-05-30 22:00:00"
"15293","820","6","50","2012-05-19 00:00:00","2012-05-30 00:00:00","2012-05-19 00:00:00","2012-05-31 00:00:00","3.0000","36.7500","36.7500","2012-05-30 22:00:00"
"15294","826","6","50","2012-05-19 00:00:00","2012-05-30 00:00:00","2012-05-19 00:00:00","2012-05-31 00:00:00","3.0000","36.7500","36.7500","2012-05-30 22:00:00"
"15295","828","6","50","2012-05-19 00:00:00","2012-05-30 00:00:00","2012-05-19 00:00:00","2012-05-31 00:00:00","3.0000","36.7500","36.7500","2012-05-30 22:00:00"
"15296","894","6","50","2012-05-19 00:00:00","2012-05-30 00:00:00","2012-05-19 00:00:00","2012-05-31 00:00:00","3.0000","36.7500","36.7500","2012-05-30 22:00:00"
"15297","945","1","10","2012-05-19 00:00:00","2012-05-30 00:00:00","2012-05-19 00:00:00","2012-05-31 00:00:00","4.1000","92.2500","92.2500","2012-05-30 22:00:00"
"15297","945","6","50","2012-05-19 00:00:00","2012-05-30 00:00:00","2012-05-19 00:00:00","2012-05-31 00:00:00","3.0000","36.7500","36.7500","2012-05-30 22:00:00"
"15298","950","6","50","2012-05-19 00:00:00","2012-05-30 00:00:00","2012-05-19 00:00:00","2012-05-31 00:00:00","3.0000","36.7500","36.7500","2012-05-30 22:00:00"
"15299","951","6","50","2012-05-19 00:00:00","2012-05-30 00:00:00","2012-05-19 00:00:00","2012-05-31 00:00:00","3.0000","36.7500","36.7500","2012-05-30 22:00:00"
"15300","994","6","50","2012-05-19 00:00:00","2012-05-30 00:00:00","2012-05-19 00:00:00","2012-05-31 00:00:00","3.0000","36.7500","36.7500","2012-05-30 22:00:00"
"15301","996","6","50","2012-05-19 00:00:00","2012-05-30 00:00:00","2012-05-19 00:00:00","2012-05-31 00:00:00","3.0000","36.7500","36.7500","2012-05-30 22:00:00"
"15314","802","1","10","2012-05-19 00:00:00","2012-05-30 00:00:00","2012-05-19 00:00:00","2012-05-31 00:00:00","4.1000","92.2500","92.2500","2012-05-30 22:00:00"
"15314","802","6","50","2012-05-19 00:00:00","2012-05-30 00:00:00","2012-05-19 00:00:00","2012-05-31 00:00:00","3.0000","36.7500","36.7500","2012-05-30 22:00:00"
"15315","804","1","10","2012-05-19 00:00:00","2012-05-30 00:00:00","2012-05-19 00:00:00","2012-05-31 00:00:00","4.1000","92.2500","92.2500","2012-05-30 22:00:00"
"15315","804","6","50","2012-05-19 00:00:00","2012-05-30 00:00:00","2012-05-19 00:00:00","2012-05-31 00:00:00","3.0000","36.7500","36.7500","2012-05-30 22:00:00"
"15320","749","7","60","2012-05-20 00:00:00","2012-05-31 00:00:00","2012-05-31 00:00:00","2012-05-31 00:00:00","4.0000","49.0000","49.0000","2012-05-30 22:00:00"
"15321","752","7","60","2012-05-20 00:00:00","2012-05-31 00:00:00","2012-05-31 00:00:00","2012-05-31 00:00:00","4.0000","49.0000","49.0000","2012-05-30 22:00:00"
"15322","753","7","60","2012-05-20 00:00:00","2012-05-31 00:00:00","2012-05-31 00:00:00","2012-05-31 00:00:00","4.0000","49.0000","49.0000","2012-05-30 22:00:00"
"15323","759","7","60","2012-05-20 00:00:00","2012-05-31 00:00:00","2012-05-31 00:00:00","2012-05-31 00:00:00","4.0000","49.0000","49.0000","2012-05-30 22:00:00"
"15324","763","7","60","2012-05-20 00:00:00","2012-05-31 00:00:00","2012-05-31 00:00:00","2012-05-31 00:00:00","4.0000","49.0000","49.0000","2012-05-30 22:00:00"
"15325","770","7","60","2012-05-20 00:00:00","2012-05-31 00:00:00","2012-05-31 00:00:00","2012-05-31 00:00:00","4.0000","49.0000","49.0000","2012-05-30 22:00:00"
"15326","774","7","60","2012-05-20 00:00:00","2012-05-31 00:00:00","2012-05-31 00:00:00","2012-05-31 00:00:00","4.0000","49.0000","49.0000","2012-05-30 22:00:00"
"15327","776","7","60","2012-05-20 00:00:00","2012-05-31 00:00:00","2012-05-31 00:00:00","2012-05-31 00:00:00","4.0000","49.0000","49.0000","2012-05-30 22:00:00"
"15328","516","6","50","2012-05-20 00:00:00","2012-05-31 00:00:00","2012-05-31 00:00:00","2012-05-31 00:00:00","3.0000","36.7500","36.7500","2012-05-30 22:00:00"
"15328","516","7","60","2012-05-20 00:00:00","2012-05-31 00:00:00","2012-05-31 00:00:00","2012-05-31 00:00:00","4.0000","49.0000","49.0000","2012-05-30 22:00:00"
"15329","517","6","50","2012-05-20 00:00:00","2012-05-31 00:00:00","2012-05-31 00:00:00","2012-05-31 00:00:00","3.0000","36.7500","36.7500","2012-05-30 22:00:00"
"15329","517","7","60","2012-05-20 00:00:00","2012-05-31 00:00:00","2012-05-31 00:00:00","2012-05-31 00:00:00","4.0000","49.0000","49.0000","2012-05-30 22:00:00"
"15330","519","6","50","2012-05-20 00:00:00","2012-05-31 00:00:00","2012-05-31 00:00:00","2012-05-31 00:00:00","3.0000","36.7500","36.7500","2012-05-30 22:00:00"
"15330","519","7","60","2012-05-20 00:00:00","2012-05-31 00:00:00","2012-05-31 00:00:00","2012-05-31 00:00:00","4.0000","49.0000","49.0000","2012-05-30 22:00:00"
"15339","806","6","50","2012-05-20 00:00:00","2012-05-31 00:00:00","2012-05-31 00:00:00","2012-05-31 00:00:00","3.0000","36.7500","36.7500","2012-05-30 22:00:00"
"15340","807","6","50","2012-05-20 00:00:00","2012-05-31 00:00:00","2012-05-31 00:00:00","2012-05-31 00:00:00","3.0000","36.7500","36.7500","2012-05-30 22:00:00"
"15341","810","1","10","2012-05-20 00:00:00","2012-05-31 00:00:00","2012-05-31 00:00:00","2012-05-31 00:00:00","4.1000","92.2500","92.2500","2012-05-30 22:00:00"
"15341","810","2","20","2012-05-20 00:00:00","2012-05-31 00:00:00","2012-05-31 00:00:00","2012-05-31 00:00:00","3.5000","87.5000","87.5000","2012-05-30 22:00:00"
"15341","810","6","50","2012-05-20 00:00:00","2012-05-31 00:00:00","2012-05-31 00:00:00","2012-05-31 00:00:00","3.0000","36.7500","36.7500","2012-05-30 22:00:00"
"15342","811","1","10","2012-05-20 00:00:00","2012-05-31 00:00:00","2012-05-31 00:00:00","2012-05-31 00:00:00","4.1000","92.2500","92.2500","2012-05-30 22:00:00"
"15342","811","2","20","2012-05-20 00:00:00","2012-05-31 00:00:00","2012-05-31 00:00:00","2012-05-31 00:00:00","3.5000","87.5000","87.5000","2012-05-30 22:00:00"
"15342","811","6","50","2012-05-20 00:00:00","2012-05-31 00:00:00","2012-05-31 00:00:00","2012-05-31 00:00:00","3.0000","36.7500","36.7500","2012-05-30 22:00:00"
"15343","813","1","10","2012-05-20 00:00:00","2012-05-31 00:00:00","2012-05-31 00:00:00","2012-05-31 00:00:00","4.1000","92.2500","92.2500","2012-05-30 22:00:00"
"15343","813","2","20","2012-05-20 00:00:00","2012-05-31 00:00:00","2012-05-31 00:00:00","2012-05-31 00:00:00","3.5000","87.5000","87.5000","2012-05-30 22:00:00"
"15343","813","6","50","2012-05-20 00:00:00","2012-05-31 00:00:00","2012-05-31 00:00:00","2012-05-31 00:00:00","3.0000","36.7500","36.7500","2012-05-30 22:00:00"
"15344","817","6","50","2012-05-20 00:00:00","2012-05-31 00:00:00","2012-05-31 00:00:00","2012-05-31 00:00:00","3.0000","36.7500","36.7500","2012-05-30 22:00:00"
"15345","818","6","50","2012-05-20 00:00:00","2012-05-31 00:00:00","2012-05-31 00:00:00","2012-05-31 00:00:00","3.0000","36.7500","36.7500","2012-05-30 22:00:00"
"15346","820","6","50","2012-05-20 00:00:00","2012-05-31 00:00:00","2012-05-31 00:00:00","2012-05-31 00:00:00","3.0000","36.7500","36.7500","2012-05-30 22:00:00"
"15347","825","6","50","2012-05-20 00:00:00","2012-05-31 00:00:00","2012-05-31 00:00:00","2012-05-31 00:00:00","3.0000","36.7500","36.7500","2012-05-30 22:00:00"
"15348","826","6","50","2012-05-20 00:00:00","2012-05-31 00:00:00","2012-05-31 00:00:00","2012-05-31 00:00:00","3.0000","36.7500","36.7500","2012-05-30 22:00:00"
"15349","828","6","50","2012-05-20 00:00:00","2012-05-31 00:00:00","2012-05-31 00:00:00","2012-05-31 00:00:00","3.0000","36.7500","36.7500","2012-05-30 22:00:00"
"15350","894","6","50","2012-05-20 00:00:00","2012-05-31 00:00:00","2012-05-31 00:00:00","2012-05-31 00:00:00","3.0000","36.7500","36.7500","2012-05-30 22:00:00"
"15351","945","1","10","2012-05-20 00:00:00","2012-05-31 00:00:00","2012-05-31 00:00:00","2012-05-31 00:00:00","4.1000","92.2500","92.2500","2012-05-30 22:00:00"
"15351","945","6","50","2012-05-20 00:00:00","2012-05-31 00:00:00","2012-05-31 00:00:00","2012-05-31 00:00:00","3.0000","36.7500","36.7500","2012-05-30 22:00:00"
"15352","950","6","50","2012-05-20 00:00:00","2012-05-31 00:00:00","2012-05-31 00:00:00","2012-05-31 00:00:00","3.0000","36.7500","36.7500","2012-05-30 22:00:00"
"15353","951","6","50","2012-05-20 00:00:00","2012-05-31 00:00:00","2012-05-31 00:00:00","2012-05-31 00:00:00","3.0000","36.7500","36.7500","2012-05-30 22:00:00"
"15354","994","6","50","2012-05-20 00:00:00","2012-05-31 00:00:00","2012-05-31 00:00:00","2012-05-31 00:00:00","3.0000","36.7500","36.7500","2012-05-30 22:00:00"
"15355","996","6","50","2012-05-20 00:00:00","2012-05-31 00:00:00","2012-05-31 00:00:00","2012-05-31 00:00:00","3.0000","36.7500","36.7500","2012-05-30 22:00:00"
"15369","802","1","10","2012-05-20 00:00:00","2012-05-31 00:00:00","2012-05-31 00:00:00","2012-05-31 00:00:00","4.1000","92.2500","92.2500","2012-05-30 22:00:00"
"15369","802","6","50","2012-05-20 00:00:00","2012-05-31 00:00:00","2012-05-31 00:00:00","2012-05-31 00:00:00","3.0000","36.7500","36.7500","2012-05-30 22:00:00"
"15370","804","1","10","2012-05-20 00:00:00","2012-05-31 00:00:00","2012-05-31 00:00:00","2012-05-31 00:00:00","4.1000","92.2500","92.2500","2012-05-30 22:00:00"
"15370","804","6","50","2012-05-20 00:00:00","2012-05-31 00:00:00","2012-05-31 00:00:00","2012-05-31 00:00:00","3.0000","36.7500","36.7500","2012-05-30 22:00:00"
"15375","749","7","60","2012-05-21 00:00:00","2012-06-01 00:00:00","2012-05-21 00:00:00","2012-06-04 00:00:00","4.0000","49.0000","49.0000","2012-06-03 22:00:00"
"15376","750","7","60","2012-05-21 00:00:00","2012-06-01 00:00:00","2012-05-21 00:00:00","2012-06-04 00:00:00","4.0000","49.0000","49.0000","2012-06-03 22:00:00"
"15377","751","7","60","2012-05-21 00:00:00","2012-06-01 00:00:00","2012-05-21 00:00:00","2012-06-04 00:00:00","4.0000","49.0000","49.0000","2012-06-03 22:00:00"
"15378","752","7","60","2012-05-21 00:00:00","2012-06-01 00:00:00","2012-05-21 00:00:00","2012-06-04 00:00:00","4.0000","49.0000","49.0000","2012-06-03 22:00:00"
"15379","753","7","60","2012-05-21 00:00:00","2012-06-01 00:00:00","2012-05-21 00:00:00","2012-06-04 00:00:00","4.0000","49.0000","49.0000","2012-06-03 22:00:00"
"15380","769","7","60","2012-05-21 00:00:00","2012-06-01 00:00:00","2012-05-21 00:00:00","2012-06-04 00:00:00","4.0000","49.0000","49.0000","2012-06-03 22:00:00"
"15381","770","7","60","2012-05-21 00:00:00","2012-06-01 00:00:00","2012-05-21 00:00:00","2012-06-04 00:00:00","4.0000","49.0000","49.0000","2012-06-03 22:00:00"
"15382","776","7","60","2012-05-21 00:00:00","2012-06-01 00:00:00","2012-05-21 00:00:00","2012-06-04 00:00:00","4.0000","49.0000","49.0000","2012-06-03 22:00:00"
"15383","778","7","60","2012-05-21 00:00:00","2012-06-01 00:00:00","2012-05-21 00:00:00","2012-06-04 00:00:00","4.0000","49.0000","49.0000","2012-06-03 22:00:00"
"15384","516","6","50","2012-05-21 00:00:00","2012-06-01 00:00:00","2012-05-21 00:00:00","2012-06-04 00:00:00","3.0000","36.7500","36.7500","2012-06-03 22:00:00"
"15384","516","7","60","2012-05-21 00:00:00","2012-06-01 00:00:00","2012-05-21 00:00:00","2012-06-04 00:00:00","4.0000","49.0000","49.0000","2012-06-03 22:00:00"
"15385","517","6","50","2012-05-21 00:00:00","2012-06-01 00:00:00","2012-05-21 00:00:00","2012-06-04 00:00:00","3.0000","36.7500","36.7500","2012-06-03 22:00:00"
"15385","517","7","60","2012-05-21 00:00:00","2012-06-01 00:00:00","2012-05-21 00:00:00","2012-06-04 00:00:00","4.0000","49.0000","49.0000","2012-06-03 22:00:00"
"15386","519","6","50","2012-05-21 00:00:00","2012-06-01 00:00:00","2012-05-21 00:00:00","2012-06-04 00:00:00","3.0000","36.7500","36.7500","2012-06-03 22:00:00"
"15386","519","7","60","2012-05-21 00:00:00","2012-06-01 00:00:00","2012-05-21 00:00:00","2012-06-04 00:00:00","4.0000","49.0000","49.0000","2012-06-03 22:00:00"
"15396","806","6","50","2012-05-21 00:00:00","2012-06-01 00:00:00","2012-05-21 00:00:00","2012-06-04 00:00:00","3.0000","36.7500","36.7500","2012-06-03 22:00:00"
"15397","807","6","50","2012-05-21 00:00:00","2012-06-01 00:00:00","2012-05-21 00:00:00","2012-06-04 00:00:00","3.0000","36.7500","36.7500","2012-06-03 22:00:00"
"15398","810","1","10","2012-05-21 00:00:00","2012-06-01 00:00:00","2012-05-21 00:00:00","2012-06-04 00:00:00","4.1000","92.2500","92.2500","2012-06-03 22:00:00"
"15398","810","2","20","2012-05-21 00:00:00","2012-06-01 00:00:00","2012-05-21 00:00:00","2012-06-04 00:00:00","3.5000","87.5000","87.5000","2012-06-03 22:00:00"
"15398","810","6","50","2012-05-21 00:00:00","2012-06-01 00:00:00","2012-05-21 00:00:00","2012-06-04 00:00:00","3.0000","36.7500","36.7500","2012-06-03 22:00:00"
"15399","811","1","10","2012-05-21 00:00:00","2012-06-01 00:00:00","2012-05-21 00:00:00","2012-06-04 00:00:00","4.1000","92.2500","92.2500","2012-06-03 22:00:00"
"15399","811","2","20","2012-05-21 00:00:00","2012-06-01 00:00:00","2012-05-21 00:00:00","2012-06-04 00:00:00","3.5000","87.5000","87.5000","2012-06-03 22:00:00"
"15399","811","6","50","2012-05-21 00:00:00","2012-06-01 00:00:00","2012-05-21 00:00:00","2012-06-04 00:00:00","3.0000","36.7500","36.7500","2012-06-03 22:00:00"
"15400","813","1","10","2012-05-21 00:00:00","2012-06-01 00:00:00","2012-05-21 00:00:00","2012-06-04 00:00:00","4.1000","92.2500","92.2500","2012-06-03 22:00:00"
"15400","813","2","20","2012-05-21 00:00:00","2012-06-01 00:00:00","2012-05-21 00:00:00","2012-06-04 00:00:00","3.5000","87.5000","87.5000","2012-06-03 22:00:00"
"15400","813","6","50","2012-05-21 00:00:00","2012-06-01 00:00:00","2012-05-21 00:00:00","2012-06-04 00:00:00","3.0000","36.7500","36.7500","2012-06-03 22:00:00"
"15401","817","6","50","2012-05-21 00:00:00","2012-06-01 00:00:00","2012-05-21 00:00:00","2012-06-04 00:00:00","3.0000","36.7500","36.7500","2012-06-03 22:00:00"
"15402","818","6","50","2012-05-21 00:00:00","2012-06-01 00:00:00","2012-05-21 00:00:00","2012-06-04 00:00:00","3.0000","36.7500","36.7500","2012-06-03 22:00:00"
"15403","820","6","50","2012-05-21 00:00:00","2012-06-01 00:00:00","2012-05-21 00:00:00","2012-06-04 00:00:00","3.0000","36.7500","36.7500","2012-06-03 22:00:00"
"15404","825","6","50","2012-05-21 00:00:00","2012-06-01 00:00:00","2012-05-21 00:00:00","2012-06-04 00:00:00","3.0000","36.7500","36.7500","2012-06-03 22:00:00"
"15405","826","6","50","2012-05-21 00:00:00","2012-06-01 00:00:00","2012-05-21 00:00:00","2012-06-04 00:00:00","3.0000","36.7500","36.7500","2012-06-03 22:00:00"
"15406","828","6","50","2012-05-21 00:00:00","2012-06-01 00:00:00","2012-05-21 00:00:00","2012-06-04 00:00:00","3.0000","36.7500","36.7500","2012-06-03 22:00:00"
"15407","894","6","50","2012-05-21 00:00:00","2012-06-01 00:00:00","2012-05-21 00:00:00","2012-06-04 00:00:00","3.0000","36.7500","36.7500","2012-06-03 22:00:00"
"15408","945","1","10","2012-05-21 00:00:00","2012-06-01 00:00:00","2012-05-21 00:00:00","2012-06-04 00:00:00","4.1000","92.2500","92.2500","2012-06-03 22:00:00"
"15408","945","6","50","2012-05-21 00:00:00","2012-06-01 00:00:00","2012-05-21 00:00:00","2012-06-04 00:00:00","3.0000","36.7500","36.7500","2012-06-03 22:00:00"
"15409","950","6","50","2012-05-21 00:00:00","2012-06-01 00:00:00","2012-05-21 00:00:00","2012-06-04 00:00:00","3.0000","36.7500","36.7500","2012-06-03 22:00:00"
"15410","951","6","50","2012-05-21 00:00:00","2012-06-01 00:00:00","2012-05-21 00:00:00","2012-06-04 00:00:00","3.0000","36.7500","36.7500","2012-06-03 22:00:00"
"15411","994","6","50","2012-05-21 00:00:00","2012-06-01 00:00:00","2012-05-21 00:00:00","2012-06-04 00:00:00","3.0000","36.7500","36.7500","2012-06-03 22:00:00"
"15412","996","6","50","2012-05-21 00:00:00","2012-06-01 00:00:00","2012-05-21 00:00:00","2012-06-04 00:00:00","3.0000","36.7500","36.7500","2012-06-03 22:00:00"
"15426","802","1","10","2012-05-21 00:00:00","2012-06-01 00:00:00","2012-05-21 00:00:00","2012-06-04 00:00:00","4.1000","92.2500","92.2500","2012-06-03 22:00:00"
"15426","802","6","50","2012-05-21 00:00:00","2012-06-01 00:00:00","2012-05-21 00:00:00","2012-06-04 00:00:00","3.0000","36.7500","36.7500","2012-06-03 22:00:00"
"15427","804","1","10","2012-05-21 00:00:00","2012-06-01 00:00:00","2012-05-21 00:00:00","2012-06-04 00:00:00","4.1000","92.2500","92.2500","2012-06-03 22:00:00"
"15427","804","6","50","2012-05-21 00:00:00","2012-06-01 00:00:00","2012-05-21 00:00:00","2012-06-04 00:00:00","3.0000","36.7500","36.7500","2012-06-03 22:00:00"
"15432","749","7","60","2012-05-22 00:00:00","2012-06-02 00:00:00","2012-06-04 00:00:00","2012-06-15 00:00:00","4.0000","49.0000","49.0000","2012-06-14 22:00:00"
"15433","751","7","60","2012-05-22 00:00:00","2012-06-02 00:00:00","2012-06-04 00:00:00","2012-06-15 00:00:00","4.0000","49.0000","49.0000","2012-06-14 22:00:00"
"15434","752","7","60","2012-05-22 00:00:00","2012-06-02 00:00:00","2012-06-04 00:00:00","2012-06-15 00:00:00","4.0000","49.0000","49.0000","2012-06-14 22:00:00"
"15435","753","7","60","2012-05-22 00:00:00","2012-06-02 00:00:00","2012-06-04 00:00:00","2012-06-15 00:00:00","4.0000","49.0000","49.0000","2012-06-14 22:00:00"
"15436","766","7","60","2012-05-22 00:00:00","2012-06-02 00:00:00","2012-06-04 00:00:00","2012-06-15 00:00:00","4.0000","49.0000","49.0000","2012-06-14 22:00:00"
"15437","774","7","60","2012-05-22 00:00:00","2012-06-02 00:00:00","2012-06-04 00:00:00","2012-06-15 00:00:00","4.0000","49.0000","49.0000","2012-06-14 22:00:00"
"15438","778","7","60","2012-05-22 00:00:00","2012-06-02 00:00:00","2012-06-04 00:00:00","2012-06-15 00:00:00","4.0000","49.0000","49.0000","2012-06-14 22:00:00"
"15439","516","6","50","2012-05-22 00:00:00","2012-06-02 00:00:00","2012-06-04 00:00:00","2012-06-15 00:00:00","3.0000","36.7500","36.7500","2012-06-14 22:00:00"
"15439","516","7","60","2012-05-22 00:00:00","2012-06-02 00:00:00","2012-06-04 00:00:00","2012-06-15 00:00:00","4.0000","49.0000","49.0000","2012-06-14 22:00:00"
"15440","517","6","50","2012-05-22 00:00:00","2012-06-02 00:00:00","2012-06-04 00:00:00","2012-06-15 00:00:00","3.0000","36.7500","36.7500","2012-06-14 22:00:00"
"15440","517","7","60","2012-05-22 00:00:00","2012-06-02 00:00:00","2012-06-04 00:00:00","2012-06-15 00:00:00","4.0000","49.0000","49.0000","2012-06-14 22:00:00"
"15441","519","6","50","2012-05-22 00:00:00","2012-06-02 00:00:00","2012-06-04 00:00:00","2012-06-15 00:00:00","3.0000","36.7500","36.7500","2012-06-14 22:00:00"
"15441","519","7","60","2012-05-22 00:00:00","2012-06-02 00:00:00","2012-06-04 00:00:00","2012-06-15 00:00:00","4.0000","49.0000","49.0000","2012-06-14 22:00:00"
"15449","806","6","50","2012-05-22 00:00:00","2012-06-02 00:00:00","2012-06-04 00:00:00","2012-06-15 00:00:00","3.0000","36.7500","36.7500","2012-06-14 22:00:00"
"15450","807","6","50","2012-05-22 00:00:00","2012-06-02 00:00:00","2012-06-04 00:00:00","2012-06-15 00:00:00","3.0000","36.7500","36.7500","2012-06-14 22:00:00"
"15451","810","1","10","2012-05-22 00:00:00","2012-06-02 00:00:00","2012-06-04 00:00:00","2012-06-15 00:00:00","4.1000","92.2500","92.2500","2012-06-14 22:00:00"
"15451","810","2","20","2012-05-22 00:00:00","2012-06-02 00:00:00","2012-06-04 00:00:00","2012-06-15 00:00:00","3.5000","87.5000","87.5000","2012-06-14 22:00:00"
"15451","810","6","50","2012-05-22 00:00:00","2012-06-02 00:00:00","2012-06-04 00:00:00","2012-06-15 00:00:00","3.0000","36.7500","36.7500","2012-06-14 22:00:00"
"15452","811","1","10","2012-05-22 00:00:00","2012-06-02 00:00:00","2012-06-04 00:00:00","2012-06-15 00:00:00","4.1000","92.2500","92.2500","2012-06-14 22:00:00"
"15452","811","2","20","2012-05-22 00:00:00","2012-06-02 00:00:00","2012-06-04 00:00:00","2012-06-15 00:00:00","3.5000","87.5000","87.5000","2012-06-14 22:00:00"
"15452","811","6","50","2012-05-22 00:00:00","2012-06-02 00:00:00","2012-06-04 00:00:00","2012-06-15 00:00:00","3.0000","36.7500","36.7500","2012-06-14 22:00:00"
"15453","813","1","10","2012-05-22 00:00:00","2012-06-02 00:00:00","2012-06-04 00:00:00","2012-06-15 00:00:00","4.1000","92.2500","92.2500","2012-06-14 22:00:00"
"15453","813","2","20","2012-05-22 00:00:00","2012-06-02 00:00:00","2012-06-04 00:00:00","2012-06-15 00:00:00","3.5000","87.5000","87.5000","2012-06-14 22:00:00"
"15453","813","6","50","2012-05-22 00:00:00","2012-06-02 00:00:00","2012-06-04 00:00:00","2012-06-15 00:00:00","3.0000","36.7500","36.7500","2012-06-14 22:00:00"
"15454","817","6","50","2012-05-22 00:00:00","2012-06-02 00:00:00","2012-06-04 00:00:00","2012-06-15 00:00:00","3.0000","36.7500","36.7500","2012-06-14 22:00:00"
"15455","818","6","50","2012-05-22 00:00:00","2012-06-02 00:00:00","2012-06-04 00:00:00","2012-06-15 00:00:00","3.0000","36.7500","36.7500","2012-06-14 22:00:00"
"15456","820","6","50","2012-05-22 00:00:00","2012-06-02 00:00:00","2012-06-04 00:00:00","2012-06-15 00:00:00","3.0000","36.7500","36.7500","2012-06-14 22:00:00"
"15457","825","6","50","2012-05-22 00:00:00","2012-06-02 00:00:00","2012-06-04 00:00:00","2012-06-15 00:00:00","3.0000","36.7500","36.7500","2012-06-14 22:00:00"
"15458","826","6","50","2012-05-22 00:00:00","2012-06-02 00:00:00","2012-06-04 00:00:00","2012-06-15 00:00:00","3.0000","36.7500","36.7500","2012-06-14 22:00:00"
"15459","828","6","50","2012-05-22 00:00:00","2012-06-02 00:00:00","2012-06-04 00:00:00","2012-06-15 00:00:00","3.0000","36.7500","36.7500","2012-06-14 22:00:00"
"15460","894","6","50","2012-05-22 00:00:00","2012-06-02 00:00:00","2012-06-04 00:00:00","2012-06-15 00:00:00","3.0000","36.7500","36.7500","2012-06-14 22:00:00"
"15461","945","1","10","2012-05-22 00:00:00","2012-06-02 00:00:00","2012-06-04 00:00:00","2012-06-15 00:00:00","4.1000","92.2500","92.2500","2012-06-14 22:00:00"
"15461","945","6","50","2012-05-22 00:00:00","2012-06-02 00:00:00","2012-06-04 00:00:00","2012-06-15 00:00:00","3.0000","36.7500","36.7500","2012-06-14 22:00:00"
"15462","950","6","50","2012-05-22 00:00:00","2012-06-02 00:00:00","2012-06-04 00:00:00","2012-06-15 00:00:00","3.0000","36.7500","36.7500","2012-06-14 22:00:00"
"15463","951","6","50","2012-05-22 00:00:00","2012-06-02 00:00:00","2012-06-04 00:00:00","2012-06-15 00:00:00","3.0000","36.7500","36.7500","2012-06-14 22:00:00"
"15464","994","6","50","2012-05-22 00:00:00","2012-06-02 00:00:00","2012-06-04 00:00:00","2012-06-15 00:00:00","3.0000","36.7500","36.7500","2012-06-14 22:00:00"
"15465","996","6","50","2012-05-22 00:00:00","2012-06-02 00:00:00","2012-06-04 00:00:00","2012-06-15 00:00:00","3.0000","36.7500","36.7500","2012-06-14 22:00:00"
"15479","802","1","10","2012-05-22 00:00:00","2012-06-02 00:00:00","2012-06-04 00:00:00","2012-06-15 00:00:00","4.1000","92.2500","92.2500","2012-06-14 22:00:00"
"15479","802","6","50","2012-05-22 00:00:00","2012-06-02 00:00:00","2012-06-04 00:00:00","2012-06-15 00:00:00","3.0000","36.7500","36.7500","2012-06-14 22:00:00"
"15480","804","1","10","2012-05-22 00:00:00","2012-06-02 00:00:00","2012-06-04 00:00:00","2012-06-15 00:00:00","4.1000","92.2500","92.2500","2012-06-14 22:00:00"
"15480","804","6","50","2012-05-22 00:00:00","2012-06-02 00:00:00","2012-06-04 00:00:00","2012-06-15 00:00:00","3.0000","36.7500","36.7500","2012-06-14 22:00:00"
"15485","749","7","60","2012-05-23 00:00:00","2012-06-03 00:00:00","2012-05-23 00:00:00","2012-06-08 00:00:00","4.0000","49.0000","49.0000","2012-06-07 22:00:00"
"15486","750","7","60","2012-05-23 00:00:00","2012-06-03 00:00:00","2012-05-23 00:00:00","2012-06-08 00:00:00","4.0000","49.0000","49.0000","2012-06-07 22:00:00"
"15487","751","7","60","2012-05-23 00:00:00","2012-06-03 00:00:00","2012-05-23 00:00:00","2012-06-08 00:00:00","4.0000","49.0000","49.0000","2012-06-07 22:00:00"
"15488","752","7","60","2012-05-23 00:00:00","2012-06-03 00:00:00","2012-05-23 00:00:00","2012-06-08 00:00:00","4.0000","49.0000","49.0000","2012-06-07 22:00:00"
"15489","753","7","60","2012-05-23 00:00:00","2012-06-03 00:00:00","2012-05-23 00:00:00","2012-06-08 00:00:00","4.0000","49.0000","49.0000","2012-06-07 22:00:00"
"15490","768","7","60","2012-05-23 00:00:00","2012-06-03 00:00:00","2012-05-23 00:00:00","2012-06-08 00:00:00","4.0000","49.0000","49.0000","2012-06-07 22:00:00"
"15491","775","7","60","2012-05-23 00:00:00","2012-06-03 00:00:00","2012-05-23 00:00:00","2012-06-08 00:00:00","4.0000","49.0000","49.0000","2012-06-07 22:00:00"
"15492","516","6","50","2012-05-23 00:00:00","2012-06-03 00:00:00","2012-05-23 00:00:00","2012-06-08 00:00:00","3.0000","36.7500","36.7500","2012-06-07 22:00:00"
"15492","516","7","60","2012-05-23 00:00:00","2012-06-03 00:00:00","2012-05-23 00:00:00","2012-06-08 00:00:00","4.0000","49.0000","49.0000","2012-06-07 22:00:00"
"15493","517","6","50","2012-05-23 00:00:00","2012-06-03 00:00:00","2012-05-23 00:00:00","2012-06-08 00:00:00","3.0000","36.7500","36.7500","2012-06-07 22:00:00"
"15493","517","7","60","2012-05-23 00:00:00","2012-06-03 00:00:00","2012-05-23 00:00:00","2012-06-08 00:00:00","4.0000","49.0000","49.0000","2012-06-07 22:00:00"
"15494","519","6","50","2012-05-23 00:00:00","2012-06-03 00:00:00","2012-05-23 00:00:00","2012-06-08 00:00:00","3.0000","36.7500","36.7500","2012-06-07 22:00:00"
"15494","519","7","60","2012-05-23 00:00:00","2012-06-03 00:00:00","2012-05-23 00:00:00","2012-06-08 00:00:00","4.0000","49.0000","49.0000","2012-06-07 22:00:00"
"15501","747","1","10","2012-05-23 00:00:00","2012-06-03 00:00:00","2012-05-23 00:00:00","2012-06-08 00:00:00","4.1000","92.2500","92.2500","2012-06-07 22:00:00"
"15501","747","2","20","2012-05-23 00:00:00","2012-06-03 00:00:00","2012-05-23 00:00:00","2012-06-08 00:00:00","3.5000","87.5000","87.5000","2012-06-07 22:00:00"
"15501","747","3","30","2012-05-23 00:00:00","2012-06-03 00:00:00","2012-05-23 00:00:00","2012-06-08 00:00:00","1.0000","14.5000","14.5000","2012-06-07 22:00:00"
"15501","747","4","40","2012-05-23 00:00:00","2012-06-03 00:00:00","2012-05-23 00:00:00","2012-06-08 00:00:00","2.0000","31.5000","31.5000","2012-06-07 22:00:00"
"15501","747","6","50","2012-05-23 00:00:00","2012-06-03 00:00:00","2012-05-23 00:00:00","2012-06-08 00:00:00","3.0000","36.7500","36.7500","2012-06-07 22:00:00"
"15501","747","7","60","2012-05-23 00:00:00","2012-06-03 00:00:00","2012-05-23 00:00:00","2012-06-08 00:00:00","4.0000","49.0000","49.0000","2012-06-07 22:00:00"
"15502","806","6","50","2012-05-23 00:00:00","2012-06-03 00:00:00","2012-05-23 00:00:00","2012-06-08 00:00:00","3.0000","36.7500","36.7500","2012-06-07 22:00:00"
"15503","807","6","50","2012-05-23 00:00:00","2012-06-03 00:00:00","2012-05-23 00:00:00","2012-06-08 00:00:00","3.0000","36.7500","36.7500","2012-06-07 22:00:00"
"15504","810","1","10","2012-05-23 00:00:00","2012-06-03 00:00:00","2012-05-23 00:00:00","2012-06-08 00:00:00","4.1000","92.2500","92.2500","2012-06-07 22:00:00"
"15504","810","2","20","2012-05-23 00:00:00","2012-06-03 00:00:00","2012-05-23 00:00:00","2012-06-08 00:00:00","3.5000","87.5000","87.5000","2012-06-07 22:00:00"
"15504","810","6","50","2012-05-23 00:00:00","2012-06-03 00:00:00","2012-05-23 00:00:00","2012-06-08 00:00:00","3.0000","36.7500","36.7500","2012-06-07 22:00:00"
"15505","811","1","10","2012-05-23 00:00:00","2012-06-03 00:00:00","2012-05-23 00:00:00","2012-06-08 00:00:00","4.1000","92.2500","92.2500","2012-06-07 22:00:00"
"15505","811","2","20","2012-05-23 00:00:00","2012-06-03 00:00:00","2012-05-23 00:00:00","2012-06-08 00:00:00","3.5000","87.5000","87.5000","2012-06-07 22:00:00"
"15505","811","6","50","2012-05-23 00:00:00","2012-06-03 00:00:00","2012-05-23 00:00:00","2012-06-08 00:00:00","3.0000","36.7500","36.7500","2012-06-07 22:00:00"
"15506","813","1","10","2012-05-23 00:00:00","2012-06-03 00:00:00","2012-05-23 00:00:00","2012-06-08 00:00:00","4.1000","92.2500","92.2500","2012-06-07 22:00:00"
"15506","813","2","20","2012-05-23 00:00:00","2012-06-03 00:00:00","2012-05-23 00:00:00","2012-06-08 00:00:00","3.5000","87.5000","87.5000","2012-06-07 22:00:00"
"15506","813","6","50","2012-05-23 00:00:00","2012-06-03 00:00:00","2012-05-23 00:00:00","2012-06-08 00:00:00","3.0000","36.7500","36.7500","2012-06-07 22:00:00"
"15507","817","6","50","2012-05-23 00:00:00","2012-06-03 00:00:00","2012-05-23 00:00:00","2012-06-08 00:00:00","3.0000","36.7500","36.7500","2012-06-07 22:00:00"
"15508","818","6","50","2012-05-23 00:00:00","2012-06-03 00:00:00","2012-05-23 00:00:00","2012-06-08 00:00:00","3.0000","36.7500","36.7500","2012-06-07 22:00:00"
"15509","820","6","50","2012-05-23 00:00:00","2012-06-03 00:00:00","2012-05-23 00:00:00","2012-06-08 00:00:00","3.0000","36.7500","36.7500","2012-06-07 22:00:00"
"15510","825","6","50","2012-05-23 00:00:00","2012-06-03 00:00:00","2012-05-23 00:00:00","2012-06-08 00:00:00","3.0000","36.7500","36.7500","2012-06-07 22:00:00"
"15511","826","6","50","2012-05-23 00:00:00","2012-06-03 00:00:00","2012-05-23 00:00:00","2012-06-08 00:00:00","3.0000","36.7500","36.7500","2012-06-07 22:00:00"
"15512","828","6","50","2012-05-23 00:00:00","2012-06-03 00:00:00","2012-05-23 00:00:00","2012-06-08 00:00:00","3.0000","36.7500","36.7500","2012-06-07 22:00:00"
"15513","894","6","50","2012-05-23 00:00:00","2012-06-03 00:00:00","2012-05-23 00:00:00","2012-06-08 00:00:00","3.0000","36.7500","36.7500","2012-06-07 22:00:00"
"15514","945","1","10","2012-05-23 00:00:00","2012-06-03 00:00:00","2012-05-23 00:00:00","2012-06-08 00:00:00","4.1000","92.2500","92.2500","2012-06-07 22:00:00"
"15514","945","6","50","2012-05-23 00:00:00","2012-06-03 00:00:00","2012-05-23 00:00:00","2012-06-08 00:00:00","3.0000","36.7500","36.7500","2012-06-07 22:00:00"
"15515","950","6","50","2012-05-23 00:00:00","2012-06-03 00:00:00","2012-05-23 00:00:00","2012-06-08 00:00:00","3.0000","36.7500","36.7500","2012-06-07 22:00:00"
"15516","951","6","50","2012-05-23 00:00:00","2012-06-03 00:00:00","2012-05-23 00:00:00","2012-06-08 00:00:00","3.0000","36.7500","36.7500","2012-06-07 22:00:00"
"15517","994","6","50","2012-05-23 00:00:00","2012-06-03 00:00:00","2012-05-23 00:00:00","2012-06-08 00:00:00","3.0000","36.7500","36.7500","2012-06-07 22:00:00"
"15518","996","6","50","2012-05-23 00:00:00","2012-06-03 00:00:00","2012-05-23 00:00:00","2012-06-08 00:00:00","3.0000","36.7500","36.7500","2012-06-07 22:00:00"
"15532","802","1","10","2012-05-23 00:00:00","2012-06-03 00:00:00","2012-05-23 00:00:00","2012-06-08 00:00:00","4.1000","92.2500","92.2500","2012-06-07 22:00:00"
"15532","802","6","50","2012-05-23 00:00:00","2012-06-03 00:00:00","2012-05-23 00:00:00","2012-06-08 00:00:00","3.0000","36.7500","36.7500","2012-06-07 22:00:00"
"15533","804","1","10","2012-05-23 00:00:00","2012-06-03 00:00:00","2012-05-23 00:00:00","2012-06-08 00:00:00","4.1000","92.2500","92.2500","2012-06-07 22:00:00"
"15533","804","6","50","2012-05-23 00:00:00","2012-06-03 00:00:00","2012-05-23 00:00:00","2012-06-08 00:00:00","3.0000","36.7500","36.7500","2012-06-07 22:00:00"
"15538","749","7","60","2012-05-24 00:00:00","2012-06-04 00:00:00","2012-06-08 00:00:00","2012-06-19 00:00:00","4.0000","49.0000","49.0000","2012-06-18 22:00:00"
"15539","753","7","60","2012-05-24 00:00:00","2012-06-04 00:00:00","2012-06-08 00:00:00","2012-06-19 00:00:00","4.0000","49.0000","49.0000","2012-06-18 22:00:00"
"15540","771","7","60","2012-05-24 00:00:00","2012-06-04 00:00:00","2012-06-08 00:00:00","2012-06-19 00:00:00","4.0000","49.0000","49.0000","2012-06-18 22:00:00"
"15541","516","6","50","2012-05-24 00:00:00","2012-06-04 00:00:00","2012-06-08 00:00:00","2012-06-19 00:00:00","3.0000","36.7500","36.7500","2012-06-18 22:00:00"
"15541","516","7","60","2012-05-24 00:00:00","2012-06-04 00:00:00","2012-06-08 00:00:00","2012-06-19 00:00:00","4.0000","49.0000","49.0000","2012-06-18 22:00:00"
"15542","519","6","50","2012-05-24 00:00:00","2012-06-04 00:00:00","2012-06-08 00:00:00","2012-06-19 00:00:00","3.0000","36.7500","36.7500","2012-06-18 22:00:00"
"15542","519","7","60","2012-05-24 00:00:00","2012-06-04 00:00:00","2012-06-08 00:00:00","2012-06-19 00:00:00","4.0000","49.0000","49.0000","2012-06-18 22:00:00"
"15545","748","1","10","2012-05-24 00:00:00","2012-06-04 00:00:00","2012-06-08 00:00:00","2012-06-19 00:00:00","4.1000","92.2500","92.2500","2012-06-18 22:00:00"
"15545","748","2","20","2012-05-24 00:00:00","2012-06-04 00:00:00","2012-06-08 00:00:00","2012-06-19 00:00:00","3.5000","87.5000","87.5000","2012-06-18 22:00:00"
"15545","748","3","30","2012-05-24 00:00:00","2012-06-04 00:00:00","2012-06-08 00:00:00","2012-06-19 00:00:00","1.0000","14.5000","14.5000","2012-06-18 22:00:00"
"15545","748","5","45","2012-05-24 00:00:00","2012-06-04 00:00:00","2012-06-08 00:00:00","2012-06-19 00:00:00","2.0000","36.0000","36.0000","2012-06-18 22:00:00"
"15545","748","6","50","2012-05-24 00:00:00","2012-06-04 00:00:00","2012-06-08 00:00:00","2012-06-19 00:00:00","3.0000","36.7500","36.7500","2012-06-18 22:00:00"
"15545","748","7","60","2012-05-24 00:00:00","2012-06-04 00:00:00","2012-06-08 00:00:00","2012-06-19 00:00:00","4.0000","49.0000","49.0000","2012-06-18 22:00:00"
"15546","807","6","50","2012-05-24 00:00:00","2012-06-04 00:00:00","2012-06-08 00:00:00","2012-06-19 00:00:00","3.0000","36.7500","36.7500","2012-06-18 22:00:00"
"15547","810","1","10","2012-05-24 00:00:00","2012-06-04 00:00:00","2012-06-08 00:00:00","2012-06-19 00:00:00","4.1000","92.2500","92.2500","2012-06-18 22:00:00"
"15547","810","2","20","2012-05-24 00:00:00","2012-06-04 00:00:00","2012-06-08 00:00:00","2012-06-19 00:00:00","3.5000","87.5000","87.5000","2012-06-18 22:00:00"
"15547","810","6","50","2012-05-24 00:00:00","2012-06-04 00:00:00","2012-06-08 00:00:00","2012-06-19 00:00:00","3.0000","36.7500","36.7500","2012-06-18 22:00:00"
"15548","813","1","10","2012-05-24 00:00:00","2012-06-04 00:00:00","2012-06-08 00:00:00","2012-06-19 00:00:00","4.1000","92.2500","92.2500","2012-06-18 22:00:00"
"15548","813","2","20","2012-05-24 00:00:00","2012-06-04 00:00:00","2012-06-08 00:00:00","2012-06-19 00:00:00","3.5000","87.5000","87.5000","2012-06-18 22:00:00"
"15548","813","6","50","2012-05-24 00:00:00","2012-06-04 00:00:00","2012-06-08 00:00:00","2012-06-19 00:00:00","3.0000","36.7500","36.7500","2012-06-18 22:00:00"
"15549","817","6","50","2012-05-24 00:00:00","2012-06-04 00:00:00","2012-06-08 00:00:00","2012-06-19 00:00:00","3.0000","36.7500","36.7500","2012-06-18 22:00:00"
"15550","820","6","50","2012-05-24 00:00:00","2012-06-04 00:00:00","2012-06-08 00:00:00","2012-06-19 00:00:00","3.0000","36.7500","36.7500","2012-06-18 22:00:00"
"15551","825","6","50","2012-05-24 00:00:00","2012-06-04 00:00:00","2012-06-08 00:00:00","2012-06-19 00:00:00","3.0000","36.7500","36.7500","2012-06-18 22:00:00"
"15552","828","6","50","2012-05-24 00:00:00","2012-06-04 00:00:00","2012-06-08 00:00:00","2012-06-19 00:00:00","3.0000","36.7500","36.7500","2012-06-18 22:00:00"
"15553","894","6","50","2012-05-24 00:00:00","2012-06-04 00:00:00","2012-06-08 00:00:00","2012-06-19 00:00:00","3.0000","36.7500","36.7500","2012-06-18 22:00:00"
"15554","945","1","10","2012-05-24 00:00:00","2012-06-04 00:00:00","2012-06-08 00:00:00","2012-06-19 00:00:00","4.1000","92.2500","92.2500","2012-06-18 22:00:00"
"15554","945","6","50","2012-05-24 00:00:00","2012-06-04 00:00:00","2012-06-08 00:00:00","2012-06-19 00:00:00","3.0000","36.7500","36.7500","2012-06-18 22:00:00"
"15555","951","6","50","2012-05-24 00:00:00","2012-06-04 00:00:00","2012-06-08 00:00:00","2012-06-19 00:00:00","3.0000","36.7500","36.7500","2012-06-18 22:00:00"
"15556","996","6","50","2012-05-24 00:00:00","2012-06-04 00:00:00","2012-06-08 00:00:00","2012-06-19 00:00:00","3.0000","36.7500","36.7500","2012-06-18 22:00:00"
"15569","804","1","10","2012-05-24 00:00:00","2012-06-04 00:00:00","2012-06-08 00:00:00","2012-06-19 00:00:00","4.1000","92.2500","92.2500","2012-06-18 22:00:00"
"15569","804","6","50","2012-05-24 00:00:00","2012-06-04 00:00:00","2012-06-08 00:00:00","2012-06-19 00:00:00","3.0000","36.7500","36.7500","2012-06-18 22:00:00"
"15574","749","7","60","2012-05-25 00:00:00","2012-06-05 00:00:00","2012-05-25 00:00:00","2012-06-12 00:00:00","4.0000","49.0000","49.0000","2012-06-11 22:00:00"
"15575","750","7","60","2012-05-25 00:00:00","2012-06-05 00:00:00","2012-05-25 00:00:00","2012-06-12 00:00:00","4.0000","49.0000","49.0000","2012-06-11 22:00:00"
"15576","751","7","60","2012-05-25 00:00:00","2012-06-05 00:00:00","2012-05-25 00:00:00","2012-06-12 00:00:00","4.0000","49.0000","49.0000","2012-06-11 22:00:00"
"15577","752","7","60","2012-05-25 00:00:00","2012-06-05 00:00:00","2012-05-25 00:00:00","2012-06-12 00:00:00","4.0000","49.0000","49.0000","2012-06-11 22:00:00"
"15578","762","7","60","2012-05-25 00:00:00","2012-06-05 00:00:00","2012-05-25 00:00:00","2012-06-12 00:00:00","4.0000","49.0000","49.0000","2012-06-11 22:00:00"
"15579","763","7","60","2012-05-25 00:00:00","2012-06-05 00:00:00","2012-05-25 00:00:00","2012-06-12 00:00:00","4.0000","49.0000","49.0000","2012-06-11 22:00:00"
"15580","764","7","60","2012-05-25 00:00:00","2012-06-05 00:00:00","2012-05-25 00:00:00","2012-06-12 00:00:00","4.0000","49.0000","49.0000","2012-06-11 22:00:00"
"15581","772","7","60","2012-05-25 00:00:00","2012-06-05 00:00:00","2012-05-25 00:00:00","2012-06-12 00:00:00","4.0000","49.0000","49.0000","2012-06-11 22:00:00"
"15582","774","7","60","2012-05-25 00:00:00","2012-06-05 00:00:00","2012-05-25 00:00:00","2012-06-12 00:00:00","4.0000","49.0000","49.0000","2012-06-11 22:00:00"
"15583","777","7","60","2012-05-25 00:00:00","2012-06-05 00:00:00","2012-05-25 00:00:00","2012-06-12 00:00:00","4.0000","49.0000","49.0000","2012-06-11 22:00:00"
"15584","778","7","60","2012-05-25 00:00:00","2012-06-05 00:00:00","2012-05-25 00:00:00","2012-06-12 00:00:00","4.0000","49.0000","49.0000","2012-06-11 22:00:00"
"15585","516","6","50","2012-05-25 00:00:00","2012-06-05 00:00:00","2012-05-25 00:00:00","2012-06-12 00:00:00","3.0000","36.7500","36.7500","2012-06-11 22:00:00"
"15585","516","7","60","2012-05-25 00:00:00","2012-06-05 00:00:00","2012-05-25 00:00:00","2012-06-12 00:00:00","4.0000","49.0000","49.0000","2012-06-11 22:00:00"
"15586","517","6","50","2012-05-25 00:00:00","2012-06-05 00:00:00","2012-05-25 00:00:00","2012-06-12 00:00:00","3.0000","36.7500","36.7500","2012-06-11 22:00:00"
"15586","517","7","60","2012-05-25 00:00:00","2012-06-05 00:00:00","2012-05-25 00:00:00","2012-06-12 00:00:00","4.0000","49.0000","49.0000","2012-06-11 22:00:00"
"15587","519","6","50","2012-05-25 00:00:00","2012-06-05 00:00:00","2012-05-25 00:00:00","2012-06-12 00:00:00","3.0000","36.7500","36.7500","2012-06-11 22:00:00"
"15587","519","7","60","2012-05-25 00:00:00","2012-06-05 00:00:00","2012-05-25 00:00:00","2012-06-12 00:00:00","4.0000","49.0000","49.0000","2012-06-11 22:00:00"
"15599","806","6","50","2012-05-25 00:00:00","2012-06-05 00:00:00","2012-05-25 00:00:00","2012-06-12 00:00:00","3.0000","36.7500","36.7500","2012-06-11 22:00:00"
"15600","807","6","50","2012-05-25 00:00:00","2012-06-05 00:00:00","2012-05-25 00:00:00","2012-06-12 00:00:00","3.0000","36.7500","36.7500","2012-06-11 22:00:00"
"15601","810","1","10","2012-05-25 00:00:00","2012-06-05 00:00:00","2012-05-25 00:00:00","2012-06-12 00:00:00","4.1000","92.2500","92.2500","2012-06-11 22:00:00"
"15601","810","2","20","2012-05-25 00:00:00","2012-06-05 00:00:00","2012-05-25 00:00:00","2012-06-12 00:00:00","3.5000","87.5000","87.5000","2012-06-11 22:00:00"
"15601","810","6","50","2012-05-25 00:00:00","2012-06-05 00:00:00","2012-05-25 00:00:00","2012-06-12 00:00:00","3.0000","36.7500","36.7500","2012-06-11 22:00:00"
"15602","811","1","10","2012-05-25 00:00:00","2012-06-05 00:00:00","2012-05-25 00:00:00","2012-06-12 00:00:00","4.1000","92.2500","92.2500","2012-06-11 22:00:00"
"15602","811","2","20","2012-05-25 00:00:00","2012-06-05 00:00:00","2012-05-25 00:00:00","2012-06-12 00:00:00","3.5000","87.5000","87.5000","2012-06-11 22:00:00"
"15602","811","6","50","2012-05-25 00:00:00","2012-06-05 00:00:00","2012-05-25 00:00:00","2012-06-12 00:00:00","3.0000","36.7500","36.7500","2012-06-11 22:00:00"
"15603","813","1","10","2012-05-25 00:00:00","2012-06-05 00:00:00","2012-05-25 00:00:00","2012-06-12 00:00:00","4.1000","92.2500","92.2500","2012-06-11 22:00:00"
"15603","813","2","20","2012-05-25 00:00:00","2012-06-05 00:00:00","2012-05-25 00:00:00","2012-06-12 00:00:00","3.5000","87.5000","87.5000","2012-06-11 22:00:00"
"15603","813","6","50","2012-05-25 00:00:00","2012-06-05 00:00:00","2012-05-25 00:00:00","2012-06-12 00:00:00","3.0000","36.7500","36.7500","2012-06-11 22:00:00"
"15604","817","6","50","2012-05-25 00:00:00","2012-06-05 00:00:00","2012-05-25 00:00:00","2012-06-12 00:00:00","3.0000","36.7500","36.7500","2012-06-11 22:00:00"
"15605","818","6","50","2012-05-25 00:00:00","2012-06-05 00:00:00","2012-05-25 00:00:00","2012-06-12 00:00:00","3.0000","36.7500","36.7500","2012-06-11 22:00:00"
"15606","820","6","50","2012-05-25 00:00:00","2012-06-05 00:00:00","2012-05-25 00:00:00","2012-06-12 00:00:00","3.0000","36.7500","36.7500","2012-06-11 22:00:00"
"15607","825","6","50","2012-05-25 00:00:00","2012-06-05 00:00:00","2012-05-25 00:00:00","2012-06-12 00:00:00","3.0000","36.7500","36.7500","2012-06-11 22:00:00"
"15608","826","6","50","2012-05-25 00:00:00","2012-06-05 00:00:00","2012-05-25 00:00:00","2012-06-12 00:00:00","3.0000","36.7500","36.7500","2012-06-11 22:00:00"
"15609","828","6","50","2012-05-25 00:00:00","2012-06-05 00:00:00","2012-05-25 00:00:00","2012-06-12 00:00:00","3.0000","36.7500","36.7500","2012-06-11 22:00:00"
"15610","894","6","50","2012-05-25 00:00:00","2012-06-05 00:00:00","2012-05-25 00:00:00","2012-06-12 00:00:00","3.0000","36.7500","36.7500","2012-06-11 22:00:00"
"15611","945","1","10","2012-05-25 00:00:00","2012-06-05 00:00:00","2012-05-25 00:00:00","2012-06-12 00:00:00","4.1000","92.2500","92.2500","2012-06-11 22:00:00"
"15611","945","6","50","2012-05-25 00:00:00","2012-06-05 00:00:00","2012-05-25 00:00:00","2012-06-12 00:00:00","3.0000","36.7500","36.7500","2012-06-11 22:00:00"
"15612","950","6","50","2012-05-25 00:00:00","2012-06-05 00:00:00","2012-05-25 00:00:00","2012-06-12 00:00:00","3.0000","36.7500","36.7500","2012-06-11 22:00:00"
"15613","951","6","50","2012-05-25 00:00:00","2012-06-05 00:00:00","2012-05-25 00:00:00","2012-06-12 00:00:00","3.0000","36.7500","36.7500","2012-06-11 22:00:00"
"15614","994","6","50","2012-05-25 00:00:00","2012-06-05 00:00:00","2012-05-25 00:00:00","2012-06-12 00:00:00","3.0000","36.7500","36.7500","2012-06-11 22:00:00"
"15615","996","6","50","2012-05-25 00:00:00","2012-06-05 00:00:00","2012-05-25 00:00:00","2012-06-12 00:00:00","3.0000","36.7500","36.7500","2012-06-11 22:00:00"
"15629","802","1","10","2012-05-25 00:00:00","2012-06-05 00:00:00","2012-05-25 00:00:00","2012-06-12 00:00:00","4.1000","92.2500","92.2500","2012-06-11 22:00:00"
"15629","802","6","50","2012-05-25 00:00:00","2012-06-05 00:00:00","2012-05-25 00:00:00","2012-06-12 00:00:00","3.0000","36.7500","36.7500","2012-06-11 22:00:00"
"15630","804","1","10","2012-05-25 00:00:00","2012-06-05 00:00:00","2012-05-25 00:00:00","2012-06-12 00:00:00","4.1000","92.2500","92.2500","2012-06-11 22:00:00"
"15630","804","6","50","2012-05-25 00:00:00","2012-06-05 00:00:00","2012-05-25 00:00:00","2012-06-12 00:00:00","3.0000","36.7500","36.7500","2012-06-11 22:00:00"
"15635","749","7","60","2012-05-26 00:00:00","2012-06-06 00:00:00","2012-06-12 00:00:00","2012-06-23 00:00:00","4.0000","49.0000","49.0000","2012-06-22 22:00:00"
"15636","750","7","60","2012-05-26 00:00:00","2012-06-06 00:00:00","2012-06-12 00:00:00","2012-06-23 00:00:00","4.0000","49.0000","49.0000","2012-06-22 22:00:00"
"15637","751","7","60","2012-05-26 00:00:00","2012-06-06 00:00:00","2012-06-12 00:00:00","2012-06-23 00:00:00","4.0000","49.0000","49.0000","2012-06-22 22:00:00"
"15638","753","7","60","2012-05-26 00:00:00","2012-06-06 00:00:00","2012-06-12 00:00:00","2012-06-23 00:00:00","4.0000","49.0000","49.0000","2012-06-22 22:00:00"
"15639","759","7","60","2012-05-26 00:00:00","2012-06-06 00:00:00","2012-06-12 00:00:00","2012-06-23 00:00:00","4.0000","49.0000","49.0000","2012-06-22 22:00:00"
"15640","771","7","60","2012-05-26 00:00:00","2012-06-06 00:00:00","2012-06-12 00:00:00","2012-06-23 00:00:00","4.0000","49.0000","49.0000","2012-06-22 22:00:00"
"15641","516","6","50","2012-05-26 00:00:00","2012-06-06 00:00:00","2012-06-12 00:00:00","2012-06-23 00:00:00","3.0000","36.7500","36.7500","2012-06-22 22:00:00"
"15641","516","7","60","2012-05-26 00:00:00","2012-06-06 00:00:00","2012-06-12 00:00:00","2012-06-23 00:00:00","4.0000","49.0000","49.0000","2012-06-22 22:00:00"
"15642","517","6","50","2012-05-26 00:00:00","2012-06-06 00:00:00","2012-06-12 00:00:00","2012-06-23 00:00:00","3.0000","36.7500","36.7500","2012-06-22 22:00:00"
"15642","517","7","60","2012-05-26 00:00:00","2012-06-06 00:00:00","2012-06-12 00:00:00","2012-06-23 00:00:00","4.0000","49.0000","49.0000","2012-06-22 22:00:00"
"15643","519","6","50","2012-05-26 00:00:00","2012-06-06 00:00:00","2012-06-12 00:00:00","2012-06-23 00:00:00","3.0000","36.7500","36.7500","2012-06-22 22:00:00"
"15643","519","7","60","2012-05-26 00:00:00","2012-06-06 00:00:00","2012-06-12 00:00:00","2012-06-23 00:00:00","4.0000","49.0000","49.0000","2012-06-22 22:00:00"
"15649","748","1","10","2012-05-26 00:00:00","2012-06-06 00:00:00","2012-06-12 00:00:00","2012-06-23 00:00:00","4.1000","92.2500","92.2500","2012-06-22 22:00:00"
"15649","748","2","20","2012-05-26 00:00:00","2012-06-06 00:00:00","2012-06-12 00:00:00","2012-06-23 00:00:00","3.5000","87.5000","87.5000","2012-06-22 22:00:00"
"15649","748","3","30","2012-05-26 00:00:00","2012-06-06 00:00:00","2012-06-12 00:00:00","2012-06-23 00:00:00","1.0000","14.5000","14.5000","2012-06-22 22:00:00"
"15649","748","5","45","2012-05-26 00:00:00","2012-06-06 00:00:00","2012-06-12 00:00:00","2012-06-23 00:00:00","2.0000","36.0000","36.0000","2012-06-22 22:00:00"
"15649","748","6","50","2012-05-26 00:00:00","2012-06-06 00:00:00","2012-06-12 00:00:00","2012-06-23 00:00:00","3.0000","36.7500","36.7500","2012-06-22 22:00:00"
"15649","748","7","60","2012-05-26 00:00:00","2012-06-06 00:00:00","2012-06-12 00:00:00","2012-06-23 00:00:00","4.0000","49.0000","49.0000","2012-06-22 22:00:00"
"15650","806","6","50","2012-05-26 00:00:00","2012-06-06 00:00:00","2012-06-12 00:00:00","2012-06-23 00:00:00","3.0000","36.7500","36.7500","2012-06-22 22:00:00"
"15651","807","6","50","2012-05-26 00:00:00","2012-06-06 00:00:00","2012-06-12 00:00:00","2012-06-23 00:00:00","3.0000","36.7500","36.7500","2012-06-22 22:00:00"
"15652","810","1","10","2012-05-26 00:00:00","2012-06-06 00:00:00","2012-06-12 00:00:00","2012-06-23 00:00:00","4.1000","92.2500","92.2500","2012-06-22 22:00:00"
"15652","810","2","20","2012-05-26 00:00:00","2012-06-06 00:00:00","2012-06-12 00:00:00","2012-06-23 00:00:00","3.5000","87.5000","87.5000","2012-06-22 22:00:00"
"15652","810","6","50","2012-05-26 00:00:00","2012-06-06 00:00:00","2012-06-12 00:00:00","2012-06-23 00:00:00","3.0000","36.7500","36.7500","2012-06-22 22:00:00"
"15653","811","1","10","2012-05-26 00:00:00","2012-06-06 00:00:00","2012-06-12 00:00:00","2012-06-23 00:00:00","4.1000","92.2500","92.2500","2012-06-22 22:00:00"
"15653","811","2","20","2012-05-26 00:00:00","2012-06-06 00:00:00","2012-06-12 00:00:00","2012-06-23 00:00:00","3.5000","87.5000","87.5000","2012-06-22 22:00:00"
"15653","811","6","50","2012-05-26 00:00:00","2012-06-06 00:00:00","2012-06-12 00:00:00","2012-06-23 00:00:00","3.0000","36.7500","36.7500","2012-06-22 22:00:00"
"15654","813","1","10","2012-05-26 00:00:00","2012-06-06 00:00:00","2012-06-12 00:00:00","2012-06-23 00:00:00","4.1000","92.2500","92.2500","2012-06-22 22:00:00"
"15654","813","2","20","2012-05-26 00:00:00","2012-06-06 00:00:00","2012-06-12 00:00:00","2012-06-23 00:00:00","3.5000","87.5000","87.5000","2012-06-22 22:00:00"
"15654","813","6","50","2012-05-26 00:00:00","2012-06-06 00:00:00","2012-06-12 00:00:00","2012-06-23 00:00:00","3.0000","36.7500","36.7500","2012-06-22 22:00:00"
"15655","817","6","50","2012-05-26 00:00:00","2012-06-06 00:00:00","2012-06-12 00:00:00","2012-06-23 00:00:00","3.0000","36.7500","36.7500","2012-06-22 22:00:00"
"15656","818","6","50","2012-05-26 00:00:00","2012-06-06 00:00:00","2012-06-12 00:00:00","2012-06-23 00:00:00","3.0000","36.7500","36.7500","2012-06-22 22:00:00"
"15657","820","6","50","2012-05-26 00:00:00","2012-06-06 00:00:00","2012-06-12 00:00:00","2012-06-23 00:00:00","3.0000","36.7500","36.7500","2012-06-22 22:00:00"
"15658","825","6","50","2012-05-26 00:00:00","2012-06-06 00:00:00","2012-06-12 00:00:00","2012-06-23 00:00:00","3.0000","36.7500","36.7500","2012-06-22 22:00:00"
"15659","826","6","50","2012-05-26 00:00:00","2012-06-06 00:00:00","2012-06-12 00:00:00","2012-06-23 00:00:00","3.0000","36.7500","36.7500","2012-06-22 22:00:00"
"15660","828","6","50","2012-05-26 00:00:00","2012-06-06 00:00:00","2012-06-12 00:00:00","2012-06-23 00:00:00","3.0000","36.7500","36.7500","2012-06-22 22:00:00"
"15661","894","6","50","2012-05-26 00:00:00","2012-06-06 00:00:00","2012-06-12 00:00:00","2012-06-23 00:00:00","3.0000","36.7500","36.7500","2012-06-22 22:00:00"
"15662","945","1","10","2012-05-26 00:00:00","2012-06-06 00:00:00","2012-06-12 00:00:00","2012-06-23 00:00:00","4.1000","92.2500","92.2500","2012-06-22 22:00:00"
"15662","945","6","50","2012-05-26 00:00:00","2012-06-06 00:00:00","2012-06-12 00:00:00","2012-06-23 00:00:00","3.0000","36.7500","36.7500","2012-06-22 22:00:00"
"15663","950","6","50","2012-05-26 00:00:00","2012-06-06 00:00:00","2012-06-12 00:00:00","2012-06-23 00:00:00","3.0000","36.7500","36.7500","2012-06-22 22:00:00"
"15664","951","6","50","2012-05-26 00:00:00","2012-06-06 00:00:00","2012-06-12 00:00:00","2012-06-23 00:00:00","3.0000","36.7500","36.7500","2012-06-22 22:00:00"
"15665","994","6","50","2012-05-26 00:00:00","2012-06-06 00:00:00","2012-06-12 00:00:00","2012-06-23 00:00:00","3.0000","36.7500","36.7500","2012-06-22 22:00:00"
"15666","996","6","50","2012-05-26 00:00:00","2012-06-06 00:00:00","2012-06-12 00:00:00","2012-06-23 00:00:00","3.0000","36.7500","36.7500","2012-06-22 22:00:00"
"15680","802","1","10","2012-05-26 00:00:00","2012-06-06 00:00:00","2012-06-12 00:00:00","2012-06-23 00:00:00","4.1000","92.2500","92.2500","2012-06-22 22:00:00"
"15680","802","6","50","2012-05-26 00:00:00","2012-06-06 00:00:00","2012-06-12 00:00:00","2012-06-23 00:00:00","3.0000","36.7500","36.7500","2012-06-22 22:00:00"
"15681","804","1","10","2012-05-26 00:00:00","2012-06-06 00:00:00","2012-06-12 00:00:00","2012-06-23 00:00:00","4.1000","92.2500","92.2500","2012-06-22 22:00:00"
"15681","804","6","50","2012-05-26 00:00:00","2012-06-06 00:00:00","2012-06-12 00:00:00","2012-06-23 00:00:00","3.0000","36.7500","36.7500","2012-06-22 22:00:00"
"15686","750","7","60","2012-05-27 00:00:00","2012-06-07 00:00:00","2012-05-27 00:00:00","2012-06-16 00:00:00","4.0000","49.0000","49.0000","2012-06-15 22:00:00"
"15687","751","7","60","2012-05-27 00:00:00","2012-06-07 00:00:00","2012-05-27 00:00:00","2012-06-16 00:00:00","4.0000","49.0000","49.0000","2012-06-15 22:00:00"
"15688","752","7","60","2012-05-27 00:00:00","2012-06-07 00:00:00","2012-05-27 00:00:00","2012-06-16 00:00:00","4.0000","49.0000","49.0000","2012-06-15 22:00:00"
"15689","774","7","60","2012-05-27 00:00:00","2012-06-07 00:00:00","2012-05-27 00:00:00","2012-06-16 00:00:00","4.0000","49.0000","49.0000","2012-06-15 22:00:00"
"15690","516","6","50","2012-05-27 00:00:00","2012-06-07 00:00:00","2012-05-27 00:00:00","2012-06-16 00:00:00","3.0000","36.7500","36.7500","2012-06-15 22:00:00"
"15690","516","7","60","2012-05-27 00:00:00","2012-06-07 00:00:00","2012-05-27 00:00:00","2012-06-16 00:00:00","4.0000","49.0000","49.0000","2012-06-15 22:00:00"
"15691","519","6","50","2012-05-27 00:00:00","2012-06-07 00:00:00","2012-05-27 00:00:00","2012-06-16 00:00:00","3.0000","36.7500","36.7500","2012-06-15 22:00:00"
"15691","519","7","60","2012-05-27 00:00:00","2012-06-07 00:00:00","2012-05-27 00:00:00","2012-06-16 00:00:00","4.0000","49.0000","49.0000","2012-06-15 22:00:00"
"15696","807","6","50","2012-05-27 00:00:00","2012-06-07 00:00:00","2012-05-27 00:00:00","2012-06-16 00:00:00","3.0000","36.7500","36.7500","2012-06-15 22:00:00"
"15697","810","1","10","2012-05-27 00:00:00","2012-06-07 00:00:00","2012-05-27 00:00:00","2012-06-16 00:00:00","4.1000","92.2500","92.2500","2012-06-15 22:00:00"
"15697","810","2","20","2012-05-27 00:00:00","2012-06-07 00:00:00","2012-05-27 00:00:00","2012-06-16 00:00:00","3.5000","87.5000","87.5000","2012-06-15 22:00:00"
"15697","810","6","50","2012-05-27 00:00:00","2012-06-07 00:00:00","2012-05-27 00:00:00","2012-06-16 00:00:00","3.0000","36.7500","36.7500","2012-06-15 22:00:00"
"15698","813","1","10","2012-05-27 00:00:00","2012-06-07 00:00:00","2012-05-27 00:00:00","2012-06-16 00:00:00","4.1000","92.2500","92.2500","2012-06-15 22:00:00"
"15698","813","2","20","2012-05-27 00:00:00","2012-06-07 00:00:00","2012-05-27 00:00:00","2012-06-16 00:00:00","3.5000","87.5000","87.5000","2012-06-15 22:00:00"
"15698","813","6","50","2012-05-27 00:00:00","2012-06-07 00:00:00","2012-05-27 00:00:00","2012-06-16 00:00:00","3.0000","36.7500","36.7500","2012-06-15 22:00:00"
"15699","817","6","50","2012-05-27 00:00:00","2012-06-07 00:00:00","2012-05-27 00:00:00","2012-06-16 00:00:00","3.0000","36.7500","36.7500","2012-06-15 22:00:00"
"15700","820","6","50","2012-05-27 00:00:00","2012-06-07 00:00:00","2012-05-27 00:00:00","2012-06-16 00:00:00","3.0000","36.7500","36.7500","2012-06-15 22:00:00"
"15701","825","6","50","2012-05-27 00:00:00","2012-06-07 00:00:00","2012-05-27 00:00:00","2012-06-16 00:00:00","3.0000","36.7500","36.7500","2012-06-15 22:00:00"
"15702","828","6","50","2012-05-27 00:00:00","2012-06-07 00:00:00","2012-05-27 00:00:00","2012-06-16 00:00:00","3.0000","36.7500","36.7500","2012-06-15 22:00:00"
"15703","894","6","50","2012-05-27 00:00:00","2012-06-07 00:00:00","2012-05-27 00:00:00","2012-06-16 00:00:00","3.0000","36.7500","36.7500","2012-06-15 22:00:00"
"15704","945","1","10","2012-05-27 00:00:00","2012-06-07 00:00:00","2012-05-27 00:00:00","2012-06-16 00:00:00","4.1000","92.2500","92.2500","2012-06-15 22:00:00"
"15704","945","6","50","2012-05-27 00:00:00","2012-06-07 00:00:00","2012-05-27 00:00:00","2012-06-16 00:00:00","3.0000","36.7500","36.7500","2012-06-15 22:00:00"
"15705","951","6","50","2012-05-27 00:00:00","2012-06-07 00:00:00","2012-05-27 00:00:00","2012-06-16 00:00:00","3.0000","36.7500","36.7500","2012-06-15 22:00:00"
"15706","996","6","50","2012-05-27 00:00:00","2012-06-07 00:00:00","2012-05-27 00:00:00","2012-06-16 00:00:00","3.0000","36.7500","36.7500","2012-06-15 22:00:00"
"15719","804","1","10","2012-05-27 00:00:00","2012-06-07 00:00:00","2012-05-27 00:00:00","2012-06-16 00:00:00","4.1000","92.2500","92.2500","2012-06-15 22:00:00"
"15719","804","6","50","2012-05-27 00:00:00","2012-06-07 00:00:00","2012-05-27 00:00:00","2012-06-16 00:00:00","3.0000","36.7500","36.7500","2012-06-15 22:00:00"
"15724","751","7","60","2012-05-28 00:00:00","2012-06-08 00:00:00","2012-06-16 00:00:00","2012-06-27 00:00:00","4.0000","49.0000","49.0000","2012-06-26 22:00:00"
"15725","752","7","60","2012-05-28 00:00:00","2012-06-08 00:00:00","2012-06-16 00:00:00","2012-06-27 00:00:00","4.0000","49.0000","49.0000","2012-06-26 22:00:00"
"15726","753","7","60","2012-05-28 00:00:00","2012-06-08 00:00:00","2012-06-16 00:00:00","2012-06-27 00:00:00","4.0000","49.0000","49.0000","2012-06-26 22:00:00"
"15727","775","7","60","2012-05-28 00:00:00","2012-06-08 00:00:00","2012-06-16 00:00:00","2012-06-27 00:00:00","4.0000","49.0000","49.0000","2012-06-26 22:00:00"
"15728","778","7","60","2012-05-28 00:00:00","2012-06-08 00:00:00","2012-06-16 00:00:00","2012-06-27 00:00:00","4.0000","49.0000","49.0000","2012-06-26 22:00:00"
"15729","516","6","50","2012-05-28 00:00:00","2012-06-08 00:00:00","2012-06-16 00:00:00","2012-06-27 00:00:00","3.0000","36.7500","36.7500","2012-06-26 22:00:00"
"15729","516","7","60","2012-05-28 00:00:00","2012-06-08 00:00:00","2012-06-16 00:00:00","2012-06-27 00:00:00","4.0000","49.0000","49.0000","2012-06-26 22:00:00"
"15730","519","6","50","2012-05-28 00:00:00","2012-06-08 00:00:00","2012-06-16 00:00:00","2012-06-27 00:00:00","3.0000","36.7500","36.7500","2012-06-26 22:00:00"
"15730","519","7","60","2012-05-28 00:00:00","2012-06-08 00:00:00","2012-06-16 00:00:00","2012-06-27 00:00:00","4.0000","49.0000","49.0000","2012-06-26 22:00:00"
"15735","747","1","10","2012-05-28 00:00:00","2012-06-08 00:00:00","2012-06-16 00:00:00","2012-06-27 00:00:00","4.1000","92.2500","92.2500","2012-06-26 22:00:00"
"15735","747","2","20","2012-05-28 00:00:00","2012-06-08 00:00:00","2012-06-16 00:00:00","2012-06-27 00:00:00","3.5000","87.5000","87.5000","2012-06-26 22:00:00"
"15735","747","3","30","2012-05-28 00:00:00","2012-06-08 00:00:00","2012-06-16 00:00:00","2012-06-27 00:00:00","1.0000","14.5000","14.5000","2012-06-26 22:00:00"
"15735","747","4","40","2012-05-28 00:00:00","2012-06-08 00:00:00","2012-06-16 00:00:00","2012-06-27 00:00:00","2.0000","31.5000","31.5000","2012-06-26 22:00:00"
"15735","747","6","50","2012-05-28 00:00:00","2012-06-08 00:00:00","2012-06-16 00:00:00","2012-06-27 00:00:00","3.0000","36.7500","36.7500","2012-06-26 22:00:00"
"15735","747","7","60","2012-05-28 00:00:00","2012-06-08 00:00:00","2012-06-16 00:00:00","2012-06-27 00:00:00","4.0000","49.0000","49.0000","2012-06-26 22:00:00"
"15736","807","6","50","2012-05-28 00:00:00","2012-06-08 00:00:00","2012-06-16 00:00:00","2012-06-27 00:00:00","3.0000","36.7500","36.7500","2012-06-26 22:00:00"
"15737","810","1","10","2012-05-28 00:00:00","2012-06-08 00:00:00","2012-06-16 00:00:00","2012-06-27 00:00:00","4.1000","92.2500","92.2500","2012-06-26 22:00:00"
"15737","810","2","20","2012-05-28 00:00:00","2012-06-08 00:00:00","2012-06-16 00:00:00","2012-06-27 00:00:00","3.5000","87.5000","87.5000","2012-06-26 22:00:00"
"15737","810","6","50","2012-05-28 00:00:00","2012-06-08 00:00:00","2012-06-16 00:00:00","2012-06-27 00:00:00","3.0000","36.7500","36.7500","2012-06-26 22:00:00"
"15738","813","1","10","2012-05-28 00:00:00","2012-06-08 00:00:00","2012-06-16 00:00:00","2012-06-27 00:00:00","4.1000","92.2500","92.2500","2012-06-26 22:00:00"
"15738","813","2","20","2012-05-28 00:00:00","2012-06-08 00:00:00","2012-06-16 00:00:00","2012-06-27 00:00:00","3.5000","87.5000","87.5000","2012-06-26 22:00:00"
"15738","813","6","50","2012-05-28 00:00:00","2012-06-08 00:00:00","2012-06-16 00:00:00","2012-06-27 00:00:00","3.0000","36.7500","36.7500","2012-06-26 22:00:00"
"15739","817","6","50","2012-05-28 00:00:00","2012-06-08 00:00:00","2012-06-16 00:00:00","2012-06-27 00:00:00","3.0000","36.7500","36.7500","2012-06-26 22:00:00"
"15740","820","6","50","2012-05-28 00:00:00","2012-06-08 00:00:00","2012-06-16 00:00:00","2012-06-27 00:00:00","3.0000","36.7500","36.7500","2012-06-26 22:00:00"
"15741","825","6","50","2012-05-28 00:00:00","2012-06-08 00:00:00","2012-06-16 00:00:00","2012-06-27 00:00:00","3.0000","36.7500","36.7500","2012-06-26 22:00:00"
"15742","828","6","50","2012-05-28 00:00:00","2012-06-08 00:00:00","2012-06-16 00:00:00","2012-06-27 00:00:00","3.0000","36.7500","36.7500","2012-06-26 22:00:00"
"15743","894","6","50","2012-05-28 00:00:00","2012-06-08 00:00:00","2012-06-16 00:00:00","2012-06-27 00:00:00","3.0000","36.7500","36.7500","2012-06-26 22:00:00"
"15744","945","1","10","2012-05-28 00:00:00","2012-06-08 00:00:00","2012-06-16 00:00:00","2012-06-27 00:00:00","4.1000","92.2500","92.2500","2012-06-26 22:00:00"
"15744","945","6","50","2012-05-28 00:00:00","2012-06-08 00:00:00","2012-06-16 00:00:00","2012-06-27 00:00:00","3.0000","36.7500","36.7500","2012-06-26 22:00:00"
"15745","951","6","50","2012-05-28 00:00:00","2012-06-08 00:00:00","2012-06-16 00:00:00","2012-06-27 00:00:00","3.0000","36.7500","36.7500","2012-06-26 22:00:00"
"15746","996","6","50","2012-05-28 00:00:00","2012-06-08 00:00:00","2012-06-16 00:00:00","2012-06-27 00:00:00","3.0000","36.7500","36.7500","2012-06-26 22:00:00"
"15759","804","1","10","2012-05-28 00:00:00","2012-06-08 00:00:00","2012-06-16 00:00:00","2012-06-27 00:00:00","4.1000","92.2500","92.2500","2012-06-26 22:00:00"
"15759","804","6","50","2012-05-28 00:00:00","2012-06-08 00:00:00","2012-06-16 00:00:00","2012-06-27 00:00:00","3.0000","36.7500","36.7500","2012-06-26 22:00:00"
"15764","749","7","60","2012-05-29 00:00:00","2012-06-09 00:00:00","2012-05-29 00:00:00","2012-06-10 00:00:00","4.0000","49.0000","49.0000","2012-06-09 22:00:00"
"15765","750","7","60","2012-05-29 00:00:00","2012-06-09 00:00:00","2012-05-29 00:00:00","2012-06-10 00:00:00","4.0000","49.0000","49.0000","2012-06-09 22:00:00"
"15766","753","7","60","2012-05-29 00:00:00","2012-06-09 00:00:00","2012-05-29 00:00:00","2012-06-10 00:00:00","4.0000","49.0000","49.0000","2012-06-09 22:00:00"
"15767","775","7","60","2012-05-29 00:00:00","2012-06-09 00:00:00","2012-05-29 00:00:00","2012-06-10 00:00:00","4.0000","49.0000","49.0000","2012-06-09 22:00:00"
"15768","516","6","50","2012-05-29 00:00:00","2012-06-09 00:00:00","2012-05-29 00:00:00","2012-06-10 00:00:00","3.0000","36.7500","36.7500","2012-06-09 22:00:00"
"15768","516","7","60","2012-05-29 00:00:00","2012-06-09 00:00:00","2012-05-29 00:00:00","2012-06-10 00:00:00","4.0000","49.0000","49.0000","2012-06-09 22:00:00"
"15769","519","6","50","2012-05-29 00:00:00","2012-06-09 00:00:00","2012-05-29 00:00:00","2012-06-10 00:00:00","3.0000","36.7500","36.7500","2012-06-09 22:00:00"
"15769","519","7","60","2012-05-29 00:00:00","2012-06-09 00:00:00","2012-05-29 00:00:00","2012-06-10 00:00:00","4.0000","49.0000","49.0000","2012-06-09 22:00:00"
"15773","747","1","10","2012-05-29 00:00:00","2012-06-09 00:00:00","2012-05-29 00:00:00","2012-06-10 00:00:00","4.1000","92.2500","92.2500","2012-06-09 22:00:00"
"15773","747","2","20","2012-05-29 00:00:00","2012-06-09 00:00:00","2012-05-29 00:00:00","2012-06-10 00:00:00","3.5000","87.5000","87.5000","2012-06-09 22:00:00"
"15773","747","3","30","2012-05-29 00:00:00","2012-06-09 00:00:00","2012-05-29 00:00:00","2012-06-10 00:00:00","1.0000","14.5000","14.5000","2012-06-09 22:00:00"
"15773","747","4","40","2012-05-29 00:00:00","2012-06-09 00:00:00","2012-05-29 00:00:00","2012-06-10 00:00:00","2.0000","31.5000","31.5000","2012-06-09 22:00:00"
"15773","747","6","50","2012-05-29 00:00:00","2012-06-09 00:00:00","2012-05-29 00:00:00","2012-06-10 00:00:00","3.0000","36.7500","36.7500","2012-06-09 22:00:00"
"15773","747","7","60","2012-05-29 00:00:00","2012-06-09 00:00:00","2012-05-29 00:00:00","2012-06-10 00:00:00","4.0000","49.0000","49.0000","2012-06-09 22:00:00"
"15774","807","6","50","2012-05-29 00:00:00","2012-06-09 00:00:00","2012-05-29 00:00:00","2012-06-10 00:00:00","3.0000","36.7500","36.7500","2012-06-09 22:00:00"
"15775","810","1","10","2012-05-29 00:00:00","2012-06-09 00:00:00","2012-05-29 00:00:00","2012-06-10 00:00:00","4.1000","92.2500","92.2500","2012-06-09 22:00:00"
"15775","810","2","20","2012-05-29 00:00:00","2012-06-09 00:00:00","2012-05-29 00:00:00","2012-06-10 00:00:00","3.5000","87.5000","87.5000","2012-06-09 22:00:00"
"15775","810","6","50","2012-05-29 00:00:00","2012-06-09 00:00:00","2012-05-29 00:00:00","2012-06-10 00:00:00","3.0000","36.7500","36.7500","2012-06-09 22:00:00"
"15776","813","1","10","2012-05-29 00:00:00","2012-06-09 00:00:00","2012-05-29 00:00:00","2012-06-10 00:00:00","4.1000","92.2500","92.2500","2012-06-09 22:00:00"
"15776","813","2","20","2012-05-29 00:00:00","2012-06-09 00:00:00","2012-05-29 00:00:00","2012-06-10 00:00:00","3.5000","87.5000","87.5000","2012-06-09 22:00:00"
"15776","813","6","50","2012-05-29 00:00:00","2012-06-09 00:00:00","2012-05-29 00:00:00","2012-06-10 00:00:00","3.0000","36.7500","36.7500","2012-06-09 22:00:00"
"15777","817","6","50","2012-05-29 00:00:00","2012-06-09 00:00:00","2012-05-29 00:00:00","2012-06-10 00:00:00","3.0000","36.7500","36.7500","2012-06-09 22:00:00"
"15778","820","6","50","2012-05-29 00:00:00","2012-06-09 00:00:00","2012-05-29 00:00:00","2012-06-10 00:00:00","3.0000","36.7500","36.7500","2012-06-09 22:00:00"
"15779","825","6","50","2012-05-29 00:00:00","2012-06-09 00:00:00","2012-05-29 00:00:00","2012-06-10 00:00:00","3.0000","36.7500","36.7500","2012-06-09 22:00:00"
"15780","828","6","50","2012-05-29 00:00:00","2012-06-09 00:00:00","2012-05-29 00:00:00","2012-06-10 00:00:00","3.0000","36.7500","36.7500","2012-06-09 22:00:00"
"15781","894","6","50","2012-05-29 00:00:00","2012-06-09 00:00:00","2012-05-29 00:00:00","2012-06-10 00:00:00","3.0000","36.7500","36.7500","2012-06-09 22:00:00"
"15782","945","1","10","2012-05-29 00:00:00","2012-06-09 00:00:00","2012-05-29 00:00:00","2012-06-10 00:00:00","4.1000","92.2500","92.2500","2012-06-09 22:00:00"
"15782","945","6","50","2012-05-29 00:00:00","2012-06-09 00:00:00","2012-05-29 00:00:00","2012-06-10 00:00:00","3.0000","36.7500","36.7500","2012-06-09 22:00:00"
"15783","951","6","50","2012-05-29 00:00:00","2012-06-09 00:00:00","2012-05-29 00:00:00","2012-06-10 00:00:00","3.0000","36.7500","36.7500","2012-06-09 22:00:00"
"15784","996","6","50","2012-05-29 00:00:00","2012-06-09 00:00:00","2012-05-29 00:00:00","2012-06-10 00:00:00","3.0000","36.7500","36.7500","2012-06-09 22:00:00"
"15797","804","1","10","2012-05-29 00:00:00","2012-06-09 00:00:00","2012-05-29 00:00:00","2012-06-10 00:00:00","4.1000","92.2500","92.2500","2012-06-09 22:00:00"
"15797","804","6","50","2012-05-29 00:00:00","2012-06-09 00:00:00","2012-05-29 00:00:00","2012-06-10 00:00:00","3.0000","36.7500","36.7500","2012-06-09 22:00:00"
"15802","752","7","60","2012-05-30 00:00:00","2012-06-10 00:00:00","2012-05-31 00:00:00","2012-06-10 00:00:00","4.0000","49.0000","49.0000","2012-06-09 22:00:00"
"15803","753","7","60","2012-05-30 00:00:00","2012-06-10 00:00:00","2012-05-31 00:00:00","2012-06-10 00:00:00","4.0000","49.0000","49.0000","2012-06-09 22:00:00"
"15804","762","7","60","2012-05-30 00:00:00","2012-06-10 00:00:00","2012-05-31 00:00:00","2012-06-10 00:00:00","4.0000","49.0000","49.0000","2012-06-09 22:00:00"
"15805","778","7","60","2012-05-30 00:00:00","2012-06-10 00:00:00","2012-05-31 00:00:00","2012-06-10 00:00:00","4.0000","49.0000","49.0000","2012-06-09 22:00:00"
"15806","516","6","50","2012-05-30 00:00:00","2012-06-10 00:00:00","2012-05-31 00:00:00","2012-06-10 00:00:00","3.0000","36.7500","36.7500","2012-06-09 22:00:00"
"15806","516","7","60","2012-05-30 00:00:00","2012-06-10 00:00:00","2012-05-31 00:00:00","2012-06-10 00:00:00","4.0000","49.0000","49.0000","2012-06-09 22:00:00"
"15807","517","6","50","2012-05-30 00:00:00","2012-06-10 00:00:00","2012-05-31 00:00:00","2012-06-10 00:00:00","3.0000","36.7500","36.7500","2012-06-09 22:00:00"
"15807","517","7","60","2012-05-30 00:00:00","2012-06-10 00:00:00","2012-05-31 00:00:00","2012-06-10 00:00:00","4.0000","49.0000","49.0000","2012-06-09 22:00:00"
"15808","519","6","50","2012-05-30 00:00:00","2012-06-10 00:00:00","2012-05-31 00:00:00","2012-06-10 00:00:00","3.0000","36.7500","36.7500","2012-06-09 22:00:00"
"15808","519","7","60","2012-05-30 00:00:00","2012-06-10 00:00:00","2012-05-31 00:00:00","2012-06-10 00:00:00","4.0000","49.0000","49.0000","2012-06-09 22:00:00"
"15813","806","6","50","2012-05-30 00:00:00","2012-06-10 00:00:00","2012-05-31 00:00:00","2012-06-10 00:00:00","3.0000","36.7500","36.7500","2012-06-09 22:00:00"
"15814","807","6","50","2012-05-30 00:00:00","2012-06-10 00:00:00","2012-05-31 00:00:00","2012-06-10 00:00:00","3.0000","36.7500","36.7500","2012-06-09 22:00:00"
"15815","810","1","10","2012-05-30 00:00:00","2012-06-10 00:00:00","2012-05-31 00:00:00","2012-06-10 00:00:00","4.1000","92.2500","92.2500","2012-06-09 22:00:00"
"15815","810","2","20","2012-05-30 00:00:00","2012-06-10 00:00:00","2012-05-31 00:00:00","2012-06-10 00:00:00","3.5000","87.5000","87.5000","2012-06-09 22:00:00"
"15815","810","6","50","2012-05-30 00:00:00","2012-06-10 00:00:00","2012-05-31 00:00:00","2012-06-10 00:00:00","3.0000","36.7500","36.7500","2012-06-09 22:00:00"
"15816","811","1","10","2012-05-30 00:00:00","2012-06-10 00:00:00","2012-05-31 00:00:00","2012-06-10 00:00:00","4.1000","92.2500","92.2500","2012-06-09 22:00:00"
"15816","811","2","20","2012-05-30 00:00:00","2012-06-10 00:00:00","2012-05-31 00:00:00","2012-06-10 00:00:00","3.5000","87.5000","87.5000","2012-06-09 22:00:00"
"15816","811","6","50","2012-05-30 00:00:00","2012-06-10 00:00:00","2012-05-31 00:00:00","2012-06-10 00:00:00","3.0000","36.7500","36.7500","2012-06-09 22:00:00"
"15817","813","1","10","2012-05-30 00:00:00","2012-06-10 00:00:00","2012-05-31 00:00:00","2012-06-10 00:00:00","4.1000","92.2500","92.2500","2012-06-09 22:00:00"
"15817","813","2","20","2012-05-30 00:00:00","2012-06-10 00:00:00","2012-05-31 00:00:00","2012-06-10 00:00:00","3.5000","87.5000","87.5000","2012-06-09 22:00:00"
"15817","813","6","50","2012-05-30 00:00:00","2012-06-10 00:00:00","2012-05-31 00:00:00","2012-06-10 00:00:00","3.0000","36.7500","36.7500","2012-06-09 22:00:00"
"15818","817","6","50","2012-05-30 00:00:00","2012-06-10 00:00:00","2012-05-31 00:00:00","2012-06-10 00:00:00","3.0000","36.7500","36.7500","2012-06-09 22:00:00"
"15819","818","6","50","2012-05-30 00:00:00","2012-06-10 00:00:00","2012-05-31 00:00:00","2012-06-10 00:00:00","3.0000","36.7500","36.7500","2012-06-09 22:00:00"
"15820","820","6","50","2012-05-30 00:00:00","2012-06-10 00:00:00","2012-05-31 00:00:00","2012-06-10 00:00:00","3.0000","36.7500","36.7500","2012-06-09 22:00:00"
"15821","825","6","50","2012-05-30 00:00:00","2012-06-10 00:00:00","2012-05-31 00:00:00","2012-06-10 00:00:00","3.0000","36.7500","36.7500","2012-06-09 22:00:00"
"15822","826","6","50","2012-05-30 00:00:00","2012-06-10 00:00:00","2012-05-31 00:00:00","2012-06-10 00:00:00","3.0000","36.7500","36.7500","2012-06-09 22:00:00"
"15823","828","6","50","2012-05-30 00:00:00","2012-06-10 00:00:00","2012-05-31 00:00:00","2012-06-10 00:00:00","3.0000","36.7500","36.7500","2012-06-09 22:00:00"
"15824","894","6","50","2012-05-30 00:00:00","2012-06-10 00:00:00","2012-05-31 00:00:00","2012-06-10 00:00:00","3.0000","36.7500","36.7500","2012-06-09 22:00:00"
"15825","945","1","10","2012-05-30 00:00:00","2012-06-10 00:00:00","2012-05-31 00:00:00","2012-06-10 00:00:00","4.1000","92.2500","92.2500","2012-06-09 22:00:00"
"15825","945","6","50","2012-05-30 00:00:00","2012-06-10 00:00:00","2012-05-31 00:00:00","2012-06-10 00:00:00","3.0000","36.7500","36.7500","2012-06-09 22:00:00"
"15826","950","6","50","2012-05-30 00:00:00","2012-06-10 00:00:00","2012-05-31 00:00:00","2012-06-10 00:00:00","3.0000","36.7500","36.7500","2012-06-09 22:00:00"
"15827","951","6","50","2012-05-30 00:00:00","2012-06-10 00:00:00","2012-05-31 00:00:00","2012-06-10 00:00:00","3.0000","36.7500","36.7500","2012-06-09 22:00:00"
"15828","994","6","50","2012-05-30 00:00:00","2012-06-10 00:00:00","2012-05-31 00:00:00","2012-06-10 00:00:00","3.0000","36.7500","36.7500","2012-06-09 22:00:00"
"15829","996","6","50","2012-05-30 00:00:00","2012-06-10 00:00:00","2012-05-31 00:00:00","2012-06-10 00:00:00","3.0000","36.7500","36.7500","2012-06-09 22:00:00"
"15843","802","1","10","2012-05-30 00:00:00","2012-06-10 00:00:00","2012-05-31 00:00:00","2012-06-10 00:00:00","4.1000","92.2500","92.2500","2012-06-09 22:00:00"
"15843","802","6","50","2012-05-30 00:00:00","2012-06-10 00:00:00","2012-05-31 00:00:00","2012-06-10 00:00:00","3.0000","36.7500","36.7500","2012-06-09 22:00:00"
"15844","804","1","10","2012-05-30 00:00:00","2012-06-10 00:00:00","2012-05-31 00:00:00","2012-06-10 00:00:00","4.1000","92.2500","92.2500","2012-06-09 22:00:00"
"15844","804","6","50","2012-05-30 00:00:00","2012-06-10 00:00:00","2012-05-31 00:00:00","2012-06-10 00:00:00","3.0000","36.7500","36.7500","2012-06-09 22:00:00"
"15849","749","7","60","2012-05-31 00:00:00","2012-06-11 00:00:00","2012-05-31 00:00:00","2012-06-14 00:00:00","4.0000","49.0000","49.0000","2012-06-13 22:00:00"
"15850","751","7","60","2012-05-31 00:00:00","2012-06-11 00:00:00","2012-05-31 00:00:00","2012-06-14 00:00:00","4.0000","49.0000","49.0000","2012-06-13 22:00:00"
"15851","752","7","60","2012-05-31 00:00:00","2012-06-11 00:00:00","2012-05-31 00:00:00","2012-06-14 00:00:00","4.0000","49.0000","49.0000","2012-06-13 22:00:00"
"15852","753","7","60","2012-05-31 00:00:00","2012-06-11 00:00:00","2012-05-31 00:00:00","2012-06-14 00:00:00","4.0000","49.0000","49.0000","2012-06-13 22:00:00"
"15853","775","7","60","2012-05-31 00:00:00","2012-06-11 00:00:00","2012-05-31 00:00:00","2012-06-14 00:00:00","4.0000","49.0000","49.0000","2012-06-13 22:00:00"
"15854","776","7","60","2012-05-31 00:00:00","2012-06-11 00:00:00","2012-05-31 00:00:00","2012-06-14 00:00:00","4.0000","49.0000","49.0000","2012-06-13 22:00:00"
"15855","516","6","50","2012-05-31 00:00:00","2012-06-11 00:00:00","2012-05-31 00:00:00","2012-06-14 00:00:00","3.0000","36.7500","36.7500","2012-06-13 22:00:00"
"15855","516","7","60","2012-05-31 00:00:00","2012-06-11 00:00:00","2012-05-31 00:00:00","2012-06-14 00:00:00","4.0000","49.0000","49.0000","2012-06-13 22:00:00"
"15856","519","6","50","2012-05-31 00:00:00","2012-06-11 00:00:00","2012-05-31 00:00:00","2012-06-14 00:00:00","3.0000","36.7500","36.7500","2012-06-13 22:00:00"
"15856","519","7","60","2012-05-31 00:00:00","2012-06-11 00:00:00","2012-05-31 00:00:00","2012-06-14 00:00:00","4.0000","49.0000","49.0000","2012-06-13 22:00:00"
"15862","747","1","10","2012-05-31 00:00:00","2012-06-11 00:00:00","2012-05-31 00:00:00","2012-06-14 00:00:00","4.1000","92.2500","92.2500","2012-06-13 22:00:00"
"15862","747","2","20","2012-05-31 00:00:00","2012-06-11 00:00:00","2012-05-31 00:00:00","2012-06-14 00:00:00","3.5000","87.5000","87.5000","2012-06-13 22:00:00"
"15862","747","3","30","2012-05-31 00:00:00","2012-06-11 00:00:00","2012-05-31 00:00:00","2012-06-14 00:00:00","1.0000","14.5000","14.5000","2012-06-13 22:00:00"
"15862","747","4","40","2012-05-31 00:00:00","2012-06-11 00:00:00","2012-05-31 00:00:00","2012-06-14 00:00:00","2.0000","31.5000","31.5000","2012-06-13 22:00:00"
"15862","747","6","50","2012-05-31 00:00:00","2012-06-11 00:00:00","2012-05-31 00:00:00","2012-06-14 00:00:00","3.0000","36.7500","36.7500","2012-06-13 22:00:00"
"15862","747","7","60","2012-05-31 00:00:00","2012-06-11 00:00:00","2012-05-31 00:00:00","2012-06-14 00:00:00","4.0000","49.0000","49.0000","2012-06-13 22:00:00"
"15863","807","6","50","2012-05-31 00:00:00","2012-06-11 00:00:00","2012-05-31 00:00:00","2012-06-14 00:00:00","3.0000","36.7500","36.7500","2012-06-13 22:00:00"
"15864","810","1","10","2012-05-31 00:00:00","2012-06-11 00:00:00","2012-05-31 00:00:00","2012-06-14 00:00:00","4.1000","92.2500","92.2500","2012-06-13 22:00:00"
"15864","810","2","20","2012-05-31 00:00:00","2012-06-11 00:00:00","2012-05-31 00:00:00","2012-06-14 00:00:00","3.5000","87.5000","87.5000","2012-06-13 22:00:00"
"15864","810","6","50","2012-05-31 00:00:00","2012-06-11 00:00:00","2012-05-31 00:00:00","2012-06-14 00:00:00","3.0000","36.7500","36.7500","2012-06-13 22:00:00"
"15865","813","1","10","2012-05-31 00:00:00","2012-06-11 00:00:00","2012-05-31 00:00:00","2012-06-14 00:00:00","4.1000","92.2500","92.2500","2012-06-13 22:00:00"
"15865","813","2","20","2012-05-31 00:00:00","2012-06-11 00:00:00","2012-05-31 00:00:00","2012-06-14 00:00:00","3.5000","87.5000","87.5000","2012-06-13 22:00:00"
"15865","813","6","50","2012-05-31 00:00:00","2012-06-11 00:00:00","2012-05-31 00:00:00","2012-06-14 00:00:00","3.0000","36.7500","36.7500","2012-06-13 22:00:00"
"15866","817","6","50","2012-05-31 00:00:00","2012-06-11 00:00:00","2012-05-31 00:00:00","2012-06-14 00:00:00","3.0000","36.7500","36.7500","2012-06-13 22:00:00"
"15867","820","6","50","2012-05-31 00:00:00","2012-06-11 00:00:00","2012-05-31 00:00:00","2012-06-14 00:00:00","3.0000","36.7500","36.7500","2012-06-13 22:00:00"
"15868","825","6","50","2012-05-31 00:00:00","2012-06-11 00:00:00","2012-05-31 00:00:00","2012-06-14 00:00:00","3.0000","36.7500","36.7500","2012-06-13 22:00:00"
"15869","828","6","50","2012-05-31 00:00:00","2012-06-11 00:00:00","2012-05-31 00:00:00","2012-06-14 00:00:00","3.0000","36.7500","36.7500","2012-06-13 22:00:00"
"15870","894","6","50","2012-05-31 00:00:00","2012-06-11 00:00:00","2012-05-31 00:00:00","2012-06-14 00:00:00","3.0000","36.7500","36.7500","2012-06-13 22:00:00"
"15871","945","1","10","2012-05-31 00:00:00","2012-06-11 00:00:00","2012-05-31 00:00:00","2012-06-14 00:00:00","4.1000","92.2500","92.2500","2012-06-13 22:00:00"
"15871","945","6","50","2012-05-31 00:00:00","2012-06-11 00:00:00","2012-05-31 00:00:00","2012-06-14 00:00:00","3.0000","36.7500","36.7500","2012-06-13 22:00:00"
"15872","951","6","50","2012-05-31 00:00:00","2012-06-11 00:00:00","2012-05-31 00:00:00","2012-06-14 00:00:00","3.0000","36.7500","36.7500","2012-06-13 22:00:00"
"15873","996","6","50","2012-05-31 00:00:00","2012-06-11 00:00:00","2012-05-31 00:00:00","2012-06-14 00:00:00","3.0000","36.7500","36.7500","2012-06-13 22:00:00"
"15886","804","1","10","2012-05-31 00:00:00","2012-06-11 00:00:00","2012-05-31 00:00:00","2012-06-14 00:00:00","4.1000","92.2500","92.2500","2012-06-13 22:00:00"
"15886","804","6","50","2012-05-31 00:00:00","2012-06-11 00:00:00","2012-05-31 00:00:00","2012-06-14 00:00:00","3.0000","36.7500","36.7500","2012-06-13 22:00:00"
"15891","749","7","60","2012-06-01 00:00:00","2012-06-12 00:00:00","2012-06-04 00:00:00","2012-06-12 00:00:00","4.0000","49.0000","49.0000","2012-06-11 22:00:00"
"15892","750","7","60","2012-06-01 00:00:00","2012-06-12 00:00:00","2012-06-04 00:00:00","2012-06-12 00:00:00","4.0000","49.0000","49.0000","2012-06-11 22:00:00"
"15893","751","7","60","2012-06-01 00:00:00","2012-06-12 00:00:00","2012-06-04 00:00:00","2012-06-12 00:00:00","4.0000","49.0000","49.0000","2012-06-11 22:00:00"
"15894","766","7","60","2012-06-01 00:00:00","2012-06-12 00:00:00","2012-06-04 00:00:00","2012-06-12 00:00:00","4.0000","49.0000","49.0000","2012-06-11 22:00:00"
"15895","772","7","60","2012-06-01 00:00:00","2012-06-12 00:00:00","2012-06-04 00:00:00","2012-06-12 00:00:00","4.0000","49.0000","49.0000","2012-06-11 22:00:00"
"15896","516","6","50","2012-06-01 00:00:00","2012-06-12 00:00:00","2012-06-04 00:00:00","2012-06-12 00:00:00","3.0000","36.7500","36.7500","2012-06-11 22:00:00"
"15896","516","7","60","2012-06-01 00:00:00","2012-06-12 00:00:00","2012-06-04 00:00:00","2012-06-12 00:00:00","4.0000","49.0000","49.0000","2012-06-11 22:00:00"
"15897","517","6","50","2012-06-01 00:00:00","2012-06-12 00:00:00","2012-06-04 00:00:00","2012-06-12 00:00:00","3.0000","36.7500","36.7500","2012-06-11 22:00:00"
"15897","517","7","60","2012-06-01 00:00:00","2012-06-12 00:00:00","2012-06-04 00:00:00","2012-06-12 00:00:00","4.0000","49.0000","49.0000","2012-06-11 22:00:00"
"15898","519","6","50","2012-06-01 00:00:00","2012-06-12 00:00:00","2012-06-04 00:00:00","2012-06-12 00:00:00","3.0000","36.7500","36.7500","2012-06-11 22:00:00"
"15898","519","7","60","2012-06-01 00:00:00","2012-06-12 00:00:00","2012-06-04 00:00:00","2012-06-12 00:00:00","4.0000","49.0000","49.0000","2012-06-11 22:00:00"
"15904","806","6","50","2012-06-01 00:00:00","2012-06-12 00:00:00","2012-06-04 00:00:00","2012-06-12 00:00:00","3.0000","36.7500","36.7500","2012-06-11 22:00:00"
"15905","807","6","50","2012-06-01 00:00:00","2012-06-12 00:00:00","2012-06-04 00:00:00","2012-06-12 00:00:00","3.0000","36.7500","36.7500","2012-06-11 22:00:00"
"15906","810","1","10","2012-06-01 00:00:00","2012-06-12 00:00:00","2012-06-04 00:00:00","2012-06-12 00:00:00","4.1000","92.2500","92.2500","2012-06-11 22:00:00"
"15906","810","2","20","2012-06-01 00:00:00","2012-06-12 00:00:00","2012-06-04 00:00:00","2012-06-12 00:00:00","3.5000","87.5000","87.5000","2012-06-11 22:00:00"
"15906","810","6","50","2012-06-01 00:00:00","2012-06-12 00:00:00","2012-06-04 00:00:00","2012-06-12 00:00:00","3.0000","36.7500","36.7500","2012-06-11 22:00:00"
"15907","811","1","10","2012-06-01 00:00:00","2012-06-12 00:00:00","2012-06-04 00:00:00","2012-06-12 00:00:00","4.1000","92.2500","92.2500","2012-06-11 22:00:00"
"15907","811","2","20","2012-06-01 00:00:00","2012-06-12 00:00:00","2012-06-04 00:00:00","2012-06-12 00:00:00","3.5000","87.5000","87.5000","2012-06-11 22:00:00"
"15907","811","6","50","2012-06-01 00:00:00","2012-06-12 00:00:00","2012-06-04 00:00:00","2012-06-12 00:00:00","3.0000","36.7500","36.7500","2012-06-11 22:00:00"
"15908","813","1","10","2012-06-01 00:00:00","2012-06-12 00:00:00","2012-06-04 00:00:00","2012-06-12 00:00:00","4.1000","92.2500","92.2500","2012-06-11 22:00:00"
"15908","813","2","20","2012-06-01 00:00:00","2012-06-12 00:00:00","2012-06-04 00:00:00","2012-06-12 00:00:00","3.5000","87.5000","87.5000","2012-06-11 22:00:00"
"15908","813","6","50","2012-06-01 00:00:00","2012-06-12 00:00:00","2012-06-04 00:00:00","2012-06-12 00:00:00","3.0000","36.7500","36.7500","2012-06-11 22:00:00"
"15909","817","6","50","2012-06-01 00:00:00","2012-06-12 00:00:00","2012-06-04 00:00:00","2012-06-12 00:00:00","3.0000","36.7500","36.7500","2012-06-11 22:00:00"
"15910","818","6","50","2012-06-01 00:00:00","2012-06-12 00:00:00","2012-06-04 00:00:00","2012-06-12 00:00:00","3.0000","36.7500","36.7500","2012-06-11 22:00:00"
"15911","820","6","50","2012-06-01 00:00:00","2012-06-12 00:00:00","2012-06-04 00:00:00","2012-06-12 00:00:00","3.0000","36.7500","36.7500","2012-06-11 22:00:00"
"15912","825","6","50","2012-06-01 00:00:00","2012-06-12 00:00:00","2012-06-04 00:00:00","2012-06-12 00:00:00","3.0000","36.7500","36.7500","2012-06-11 22:00:00"
"15913","826","6","50","2012-06-01 00:00:00","2012-06-12 00:00:00","2012-06-04 00:00:00","2012-06-12 00:00:00","3.0000","36.7500","36.7500","2012-06-11 22:00:00"
"15914","828","6","50","2012-06-01 00:00:00","2012-06-12 00:00:00","2012-06-04 00:00:00","2012-06-12 00:00:00","3.0000","36.7500","36.7500","2012-06-11 22:00:00"
"15915","894","6","50","2012-06-01 00:00:00","2012-06-12 00:00:00","2012-06-04 00:00:00","2012-06-12 00:00:00","3.0000","36.7500","36.7500","2012-06-11 22:00:00"
"15916","945","1","10","2012-06-01 00:00:00","2012-06-12 00:00:00","2012-06-04 00:00:00","2012-06-12 00:00:00","4.1000","92.2500","92.2500","2012-06-11 22:00:00"
"15916","945","6","50","2012-06-01 00:00:00","2012-06-12 00:00:00","2012-06-04 00:00:00","2012-06-12 00:00:00","3.0000","36.7500","36.7500","2012-06-11 22:00:00"
"15917","950","6","50","2012-06-01 00:00:00","2012-06-12 00:00:00","2012-06-04 00:00:00","2012-06-12 00:00:00","3.0000","36.7500","36.7500","2012-06-11 22:00:00"
"15918","951","6","50","2012-06-01 00:00:00","2012-06-12 00:00:00","2012-06-04 00:00:00","2012-06-12 00:00:00","3.0000","36.7500","36.7500","2012-06-11 22:00:00"
"15919","994","6","50","2012-06-01 00:00:00","2012-06-12 00:00:00","2012-06-04 00:00:00","2012-06-12 00:00:00","3.0000","36.7500","36.7500","2012-06-11 22:00:00"
"15920","996","6","50","2012-06-01 00:00:00","2012-06-12 00:00:00","2012-06-04 00:00:00","2012-06-12 00:00:00","3.0000","36.7500","36.7500","2012-06-11 22:00:00"
"15934","802","1","10","2012-06-01 00:00:00","2012-06-12 00:00:00","2012-06-04 00:00:00","2012-06-12 00:00:00","4.1000","92.2500","92.2500","2012-06-11 22:00:00"
"15934","802","6","50","2012-06-01 00:00:00","2012-06-12 00:00:00","2012-06-04 00:00:00","2012-06-12 00:00:00","3.0000","36.7500","36.7500","2012-06-11 22:00:00"
"15935","804","1","10","2012-06-01 00:00:00","2012-06-12 00:00:00","2012-06-04 00:00:00","2012-06-12 00:00:00","4.1000","92.2500","92.2500","2012-06-11 22:00:00"
"15935","804","6","50","2012-06-01 00:00:00","2012-06-12 00:00:00","2012-06-04 00:00:00","2012-06-12 00:00:00","3.0000","36.7500","36.7500","2012-06-11 22:00:00"
"15955","747","1","10","2012-06-02 00:00:00","2012-06-13 00:00:00","2012-06-02 00:00:00","2012-06-18 00:00:00","4.1000","92.2500","92.2500","2012-06-17 22:00:00"
"15955","747","2","20","2012-06-02 00:00:00","2012-06-13 00:00:00","2012-06-02 00:00:00","2012-06-18 00:00:00","3.5000","87.5000","87.5000","2012-06-17 22:00:00"
"15955","747","3","30","2012-06-02 00:00:00","2012-06-13 00:00:00","2012-06-02 00:00:00","2012-06-18 00:00:00","1.0000","14.5000","14.5000","2012-06-17 22:00:00"
"15955","747","4","40","2012-06-02 00:00:00","2012-06-13 00:00:00","2012-06-02 00:00:00","2012-06-18 00:00:00","2.0000","31.5000","31.5000","2012-06-17 22:00:00"
"15955","747","6","50","2012-06-02 00:00:00","2012-06-13 00:00:00","2012-06-02 00:00:00","2012-06-18 00:00:00","3.0000","36.7500","36.7500","2012-06-17 22:00:00"
"15955","747","7","60","2012-06-02 00:00:00","2012-06-13 00:00:00","2012-06-02 00:00:00","2012-06-18 00:00:00","4.0000","49.0000","49.0000","2012-06-17 22:00:00"
"15956","748","1","10","2012-06-02 00:00:00","2012-06-13 00:00:00","2012-06-02 00:00:00","2012-06-18 00:00:00","4.1000","92.2500","92.2500","2012-06-17 22:00:00"
"15956","748","2","20","2012-06-02 00:00:00","2012-06-13 00:00:00","2012-06-02 00:00:00","2012-06-18 00:00:00","3.5000","87.5000","87.5000","2012-06-17 22:00:00"
"15956","748","3","30","2012-06-02 00:00:00","2012-06-13 00:00:00","2012-06-02 00:00:00","2012-06-18 00:00:00","1.0000","14.5000","14.5000","2012-06-17 22:00:00"
"15956","748","5","45","2012-06-02 00:00:00","2012-06-13 00:00:00","2012-06-02 00:00:00","2012-06-18 00:00:00","2.0000","36.0000","36.0000","2012-06-17 22:00:00"
"15956","748","6","50","2012-06-02 00:00:00","2012-06-13 00:00:00","2012-06-02 00:00:00","2012-06-18 00:00:00","3.0000","36.7500","36.7500","2012-06-17 22:00:00"
"15956","748","7","60","2012-06-02 00:00:00","2012-06-13 00:00:00","2012-06-02 00:00:00","2012-06-18 00:00:00","4.0000","49.0000","49.0000","2012-06-17 22:00:00"
"15957","759","7","60","2012-06-02 00:00:00","2012-06-13 00:00:00","2012-06-02 00:00:00","2012-06-18 00:00:00","4.0000","49.0000","49.0000","2012-06-17 22:00:00"
"15958","760","7","60","2012-06-02 00:00:00","2012-06-13 00:00:00","2012-06-02 00:00:00","2012-06-18 00:00:00","4.0000","49.0000","49.0000","2012-06-17 22:00:00"
"15959","761","7","60","2012-06-02 00:00:00","2012-06-13 00:00:00","2012-06-02 00:00:00","2012-06-18 00:00:00","4.0000","49.0000","49.0000","2012-06-17 22:00:00"
"15960","762","7","60","2012-06-02 00:00:00","2012-06-13 00:00:00","2012-06-02 00:00:00","2012-06-18 00:00:00","4.0000","49.0000","49.0000","2012-06-17 22:00:00"
"15961","763","7","60","2012-06-02 00:00:00","2012-06-13 00:00:00","2012-06-02 00:00:00","2012-06-18 00:00:00","4.0000","49.0000","49.0000","2012-06-17 22:00:00"
"15962","764","7","60","2012-06-02 00:00:00","2012-06-13 00:00:00","2012-06-02 00:00:00","2012-06-18 00:00:00","4.0000","49.0000","49.0000","2012-06-17 22:00:00"
"15963","765","7","60","2012-06-02 00:00:00","2012-06-13 00:00:00","2012-06-02 00:00:00","2012-06-18 00:00:00","4.0000","49.0000","49.0000","2012-06-17 22:00:00"
"15964","766","7","60","2012-06-02 00:00:00","2012-06-13 00:00:00","2012-06-02 00:00:00","2012-06-18 00:00:00","4.0000","49.0000","49.0000","2012-06-17 22:00:00"
"15965","767","7","60","2012-06-02 00:00:00","2012-06-13 00:00:00","2012-06-02 00:00:00","2012-06-18 00:00:00","4.0000","49.0000","49.0000","2012-06-17 22:00:00"
"15966","768","7","60","2012-06-02 00:00:00","2012-06-13 00:00:00","2012-06-02 00:00:00","2012-06-18 00:00:00","4.0000","49.0000","49.0000","2012-06-17 22:00:00"
"15967","769","7","60","2012-06-02 00:00:00","2012-06-13 00:00:00","2012-06-02 00:00:00","2012-06-18 00:00:00","4.0000","49.0000","49.0000","2012-06-17 22:00:00"
"15968","770","7","60","2012-06-02 00:00:00","2012-06-13 00:00:00","2012-06-02 00:00:00","2012-06-18 00:00:00","4.0000","49.0000","49.0000","2012-06-17 22:00:00"
"15969","779","7","60","2012-06-02 00:00:00","2012-06-13 00:00:00","2012-06-02 00:00:00","2012-06-18 00:00:00","4.0000","49.0000","49.0000","2012-06-17 22:00:00"
"15970","780","7","60","2012-06-02 00:00:00","2012-06-13 00:00:00","2012-06-02 00:00:00","2012-06-18 00:00:00","4.0000","49.0000","49.0000","2012-06-17 22:00:00"
"15971","781","7","60","2012-06-02 00:00:00","2012-06-13 00:00:00","2012-06-02 00:00:00","2012-06-18 00:00:00","4.0000","49.0000","49.0000","2012-06-17 22:00:00"
"15972","782","7","60","2012-06-02 00:00:00","2012-06-13 00:00:00","2012-06-02 00:00:00","2012-06-18 00:00:00","4.0000","49.0000","49.0000","2012-06-17 22:00:00"
"15973","783","7","60","2012-06-02 00:00:00","2012-06-13 00:00:00","2012-06-02 00:00:00","2012-06-18 00:00:00","4.0000","49.0000","49.0000","2012-06-17 22:00:00"
"15974","784","7","60","2012-06-02 00:00:00","2012-06-13 00:00:00","2012-06-02 00:00:00","2012-06-18 00:00:00","4.0000","49.0000","49.0000","2012-06-17 22:00:00"
"15975","785","7","60","2012-06-02 00:00:00","2012-06-13 00:00:00","2012-06-02 00:00:00","2012-06-18 00:00:00","4.0000","49.0000","49.0000","2012-06-17 22:00:00"
"15976","786","7","60","2012-06-02 00:00:00","2012-06-13 00:00:00","2012-06-02 00:00:00","2012-06-18 00:00:00","4.0000","49.0000","49.0000","2012-06-17 22:00:00"
"15977","787","7","60","2012-06-02 00:00:00","2012-06-13 00:00:00","2012-06-02 00:00:00","2012-06-18 00:00:00","4.0000","49.0000","49.0000","2012-06-17 22:00:00"
"15978","788","7","60","2012-06-02 00:00:00","2012-06-13 00:00:00","2012-06-02 00:00:00","2012-06-18 00:00:00","4.0000","49.0000","49.0000","2012-06-17 22:00:00"
"15979","789","7","60","2012-06-02 00:00:00","2012-06-13 00:00:00","2012-06-02 00:00:00","2012-06-18 00:00:00","4.0000","49.0000","49.0000","2012-06-17 22:00:00"
"15980","790","7","60","2012-06-02 00:00:00","2012-06-13 00:00:00","2012-06-02 00:00:00","2012-06-18 00:00:00","4.0000","49.0000","49.0000","2012-06-17 22:00:00"
"15981","791","7","60","2012-06-02 00:00:00","2012-06-13 00:00:00","2012-06-02 00:00:00","2012-06-18 00:00:00","4.0000","49.0000","49.0000","2012-06-17 22:00:00"
"15982","792","7","60","2012-06-02 00:00:00","2012-06-13 00:00:00","2012-06-02 00:00:00","2012-06-18 00:00:00","4.0000","49.0000","49.0000","2012-06-17 22:00:00"
"15983","793","7","60","2012-06-02 00:00:00","2012-06-13 00:00:00","2012-06-02 00:00:00","2012-06-18 00:00:00","4.0000","49.0000","49.0000","2012-06-17 22:00:00"
"15984","794","7","60","2012-06-02 00:00:00","2012-06-13 00:00:00","2012-06-02 00:00:00","2012-06-18 00:00:00","4.0000","49.0000","49.0000","2012-06-17 22:00:00"
"15985","795","7","60","2012-06-02 00:00:00","2012-06-13 00:00:00","2012-06-02 00:00:00","2012-06-18 00:00:00","4.0000","49.0000","49.0000","2012-06-17 22:00:00"
"15986","796","7","60","2012-06-02 00:00:00","2012-06-13 00:00:00","2012-06-02 00:00:00","2012-06-18 00:00:00","4.0000","49.0000","49.0000","2012-06-17 22:00:00"
"15987","797","7","60","2012-06-02 00:00:00","2012-06-13 00:00:00","2012-06-02 00:00:00","2012-06-18 00:00:00","4.0000","49.0000","49.0000","2012-06-17 22:00:00"
"15988","798","7","60","2012-06-02 00:00:00","2012-06-13 00:00:00","2012-06-02 00:00:00","2012-06-18 00:00:00","4.0000","49.0000","49.0000","2012-06-17 22:00:00"
"15989","799","7","60","2012-06-02 00:00:00","2012-06-13 00:00:00","2012-06-02 00:00:00","2012-06-18 00:00:00","4.0000","49.0000","49.0000","2012-06-17 22:00:00"
"15990","800","7","60","2012-06-02 00:00:00","2012-06-13 00:00:00","2012-06-02 00:00:00","2012-06-18 00:00:00","4.0000","49.0000","49.0000","2012-06-17 22:00:00"
"15991","801","7","60","2012-06-02 00:00:00","2012-06-13 00:00:00","2012-06-02 00:00:00","2012-06-18 00:00:00","4.0000","49.0000","49.0000","2012-06-17 22:00:00"
"15992","802","1","10","2012-06-02 00:00:00","2012-06-13 00:00:00","2012-06-02 00:00:00","2012-06-18 00:00:00","4.1000","92.2500","92.2500","2012-06-17 22:00:00"
"15992","802","6","50","2012-06-02 00:00:00","2012-06-13 00:00:00","2012-06-02 00:00:00","2012-06-18 00:00:00","3.0000","36.7500","36.7500","2012-06-17 22:00:00"
"15993","804","1","10","2012-06-02 00:00:00","2012-06-13 00:00:00","2012-06-02 00:00:00","2012-06-18 00:00:00","4.1000","92.2500","92.2500","2012-06-17 22:00:00"
"15993","804","6","50","2012-06-02 00:00:00","2012-06-13 00:00:00","2012-06-02 00:00:00","2012-06-18 00:00:00","3.0000","36.7500","36.7500","2012-06-17 22:00:00"
"15994","805","6","50","2012-06-02 00:00:00","2012-06-13 00:00:00","2012-06-02 00:00:00","2012-06-18 00:00:00","3.0000","36.7500","36.7500","2012-06-17 22:00:00"
"15995","806","6","50","2012-06-02 00:00:00","2012-06-13 00:00:00","2012-06-02 00:00:00","2012-06-18 00:00:00","3.0000","36.7500","36.7500","2012-06-17 22:00:00"
"15996","807","6","50","2012-06-02 00:00:00","2012-06-13 00:00:00","2012-06-02 00:00:00","2012-06-18 00:00:00","3.0000","36.7500","36.7500","2012-06-17 22:00:00"
"15997","808","1","10","2012-06-02 00:00:00","2012-06-13 00:00:00","2012-06-02 00:00:00","2012-06-18 00:00:00","4.1000","92.2500","92.2500","2012-06-17 22:00:00"
"15997","808","2","20","2012-06-02 00:00:00","2012-06-13 00:00:00","2012-06-02 00:00:00","2012-06-18 00:00:00","3.5000","87.5000","87.5000","2012-06-17 22:00:00"
"15997","808","6","50","2012-06-02 00:00:00","2012-06-13 00:00:00","2012-06-02 00:00:00","2012-06-18 00:00:00","3.0000","36.7500","36.7500","2012-06-17 22:00:00"
"15998","809","1","10","2012-06-02 00:00:00","2012-06-13 00:00:00","2012-06-02 00:00:00","2012-06-18 00:00:00","4.1000","92.2500","92.2500","2012-06-17 22:00:00"
"15998","809","2","20","2012-06-02 00:00:00","2012-06-13 00:00:00","2012-06-02 00:00:00","2012-06-18 00:00:00","3.5000","87.5000","87.5000","2012-06-17 22:00:00"
"15998","809","6","50","2012-06-02 00:00:00","2012-06-13 00:00:00","2012-06-02 00:00:00","2012-06-18 00:00:00","3.0000","36.7500","36.7500","2012-06-17 22:00:00"
"15999","810","1","10","2012-06-02 00:00:00","2012-06-13 00:00:00","2012-06-02 00:00:00","2012-06-18 00:00:00","4.1000","92.2500","92.2500","2012-06-17 22:00:00"
"15999","810","2","20","2012-06-02 00:00:00","2012-06-13 00:00:00","2012-06-02 00:00:00","2012-06-18 00:00:00","3.5000","87.5000","87.5000","2012-06-17 22:00:00"
"15999","810","6","50","2012-06-02 00:00:00","2012-06-13 00:00:00","2012-06-02 00:00:00","2012-06-18 00:00:00","3.0000","36.7500","36.7500","2012-06-17 22:00:00"
"16000","811","1","10","2012-06-02 00:00:00","2012-06-13 00:00:00","2012-06-02 00:00:00","2012-06-18 00:00:00","4.1000","92.2500","92.2500","2012-06-17 22:00:00"
"16000","811","2","20","2012-06-02 00:00:00","2012-06-13 00:00:00","2012-06-02 00:00:00","2012-06-18 00:00:00","3.5000","87.5000","87.5000","2012-06-17 22:00:00"
"16000","811","6","50","2012-06-02 00:00:00","2012-06-13 00:00:00","2012-06-02 00:00:00","2012-06-18 00:00:00","3.0000","36.7500","36.7500","2012-06-17 22:00:00"
"16001","813","1","10","2012-06-02 00:00:00","2012-06-13 00:00:00","2012-06-02 00:00:00","2012-06-18 00:00:00","4.1000","92.2500","92.2500","2012-06-17 22:00:00"
"16001","813","2","20","2012-06-02 00:00:00","2012-06-13 00:00:00","2012-06-02 00:00:00","2012-06-18 00:00:00","3.5000","87.5000","87.5000","2012-06-17 22:00:00"
"16001","813","6","50","2012-06-02 00:00:00","2012-06-13 00:00:00","2012-06-02 00:00:00","2012-06-18 00:00:00","3.0000","36.7500","36.7500","2012-06-17 22:00:00"
"16002","814","1","10","2012-06-02 00:00:00","2012-06-13 00:00:00","2012-06-02 00:00:00","2012-06-18 00:00:00","4.1000","92.2500","92.2500","2012-06-17 22:00:00"
"16002","814","2","20","2012-06-02 00:00:00","2012-06-13 00:00:00","2012-06-02 00:00:00","2012-06-18 00:00:00","3.5000","87.5000","87.5000","2012-06-17 22:00:00"
"16002","814","3","30","2012-06-02 00:00:00","2012-06-13 00:00:00","2012-06-02 00:00:00","2012-06-18 00:00:00","1.0000","14.5000","14.5000","2012-06-17 22:00:00"
"16002","814","4","40","2012-06-02 00:00:00","2012-06-13 00:00:00","2012-06-02 00:00:00","2012-06-18 00:00:00","2.0000","31.5000","31.5000","2012-06-17 22:00:00"
"16002","814","6","50","2012-06-02 00:00:00","2012-06-13 00:00:00","2012-06-02 00:00:00","2012-06-18 00:00:00","3.0000","36.7500","36.7500","2012-06-17 22:00:00"
"16002","814","7","60","2012-06-02 00:00:00","2012-06-13 00:00:00","2012-06-02 00:00:00","2012-06-18 00:00:00","4.0000","49.0000","49.0000","2012-06-17 22:00:00"
"16003","815","6","50","2012-06-02 00:00:00","2012-06-13 00:00:00","2012-06-02 00:00:00","2012-06-18 00:00:00","3.0000","36.7500","36.7500","2012-06-17 22:00:00"
"16004","816","6","50","2012-06-02 00:00:00","2012-06-13 00:00:00","2012-06-02 00:00:00","2012-06-18 00:00:00","3.0000","36.7500","36.7500","2012-06-17 22:00:00"
"16005","817","6","50","2012-06-02 00:00:00","2012-06-13 00:00:00","2012-06-02 00:00:00","2012-06-18 00:00:00","3.0000","36.7500","36.7500","2012-06-17 22:00:00"
"16006","819","6","50","2012-06-02 00:00:00","2012-06-13 00:00:00","2012-06-02 00:00:00","2012-06-18 00:00:00","3.0000","36.7500","36.7500","2012-06-17 22:00:00"
"16007","820","6","50","2012-06-02 00:00:00","2012-06-13 00:00:00","2012-06-02 00:00:00","2012-06-18 00:00:00","3.0000","36.7500","36.7500","2012-06-17 22:00:00"
"16008","822","1","10","2012-06-02 00:00:00","2012-06-13 00:00:00","2012-06-02 00:00:00","2012-06-18 00:00:00","4.1000","92.2500","92.2500","2012-06-17 22:00:00"
"16008","822","2","20","2012-06-02 00:00:00","2012-06-13 00:00:00","2012-06-02 00:00:00","2012-06-18 00:00:00","3.5000","87.5000","87.5000","2012-06-17 22:00:00"
"16008","822","3","30","2012-06-02 00:00:00","2012-06-13 00:00:00","2012-06-02 00:00:00","2012-06-18 00:00:00","1.0000","14.5000","14.5000","2012-06-17 22:00:00"
"16008","822","4","40","2012-06-02 00:00:00","2012-06-13 00:00:00","2012-06-02 00:00:00","2012-06-18 00:00:00","2.0000","31.5000","31.5000","2012-06-17 22:00:00"
"16008","822","6","50","2012-06-02 00:00:00","2012-06-13 00:00:00","2012-06-02 00:00:00","2012-06-18 00:00:00","3.0000","36.7500","36.7500","2012-06-17 22:00:00"
"16008","822","7","60","2012-06-02 00:00:00","2012-06-13 00:00:00","2012-06-02 00:00:00","2012-06-18 00:00:00","4.0000","49.0000","49.0000","2012-06-17 22:00:00"
"16009","823","6","50","2012-06-02 00:00:00","2012-06-13 00:00:00","2012-06-02 00:00:00","2012-06-18 00:00:00","3.0000","36.7500","36.7500","2012-06-17 22:00:00"
"16010","824","6","50","2012-06-02 00:00:00","2012-06-13 00:00:00","2012-06-02 00:00:00","2012-06-18 00:00:00","3.0000","36.7500","36.7500","2012-06-17 22:00:00"
"16011","825","6","50","2012-06-02 00:00:00","2012-06-13 00:00:00","2012-06-02 00:00:00","2012-06-18 00:00:00","3.0000","36.7500","36.7500","2012-06-17 22:00:00"
"16012","826","6","50","2012-06-02 00:00:00","2012-06-13 00:00:00","2012-06-02 00:00:00","2012-06-18 00:00:00","3.0000","36.7500","36.7500","2012-06-17 22:00:00"
"16013","827","6","50","2012-06-02 00:00:00","2012-06-13 00:00:00","2012-06-02 00:00:00","2012-06-18 00:00:00","3.0000","36.7500","36.7500","2012-06-17 22:00:00"
"16014","828","6","50","2012-06-02 00:00:00","2012-06-13 00:00:00","2012-06-02 00:00:00","2012-06-18 00:00:00","3.0000","36.7500","36.7500","2012-06-17 22:00:00"
"16023","515","6","50","2012-06-02 00:00:00","2012-06-13 00:00:00","2012-06-02 00:00:00","2012-06-18 00:00:00","3.0000","36.7500","36.7500","2012-06-17 22:00:00"
"16023","515","7","60","2012-06-02 00:00:00","2012-06-13 00:00:00","2012-06-02 00:00:00","2012-06-18 00:00:00","4.0000","49.0000","49.0000","2012-06-17 22:00:00"
"16024","516","6","50","2012-06-02 00:00:00","2012-06-13 00:00:00","2012-06-02 00:00:00","2012-06-18 00:00:00","3.0000","36.7500","36.7500","2012-06-17 22:00:00"
"16024","516","7","60","2012-06-02 00:00:00","2012-06-13 00:00:00","2012-06-02 00:00:00","2012-06-18 00:00:00","4.0000","49.0000","49.0000","2012-06-17 22:00:00"
"16025","517","6","50","2012-06-02 00:00:00","2012-06-13 00:00:00","2012-06-02 00:00:00","2012-06-18 00:00:00","3.0000","36.7500","36.7500","2012-06-17 22:00:00"
"16025","517","7","60","2012-06-02 00:00:00","2012-06-13 00:00:00","2012-06-02 00:00:00","2012-06-18 00:00:00","4.0000","49.0000","49.0000","2012-06-17 22:00:00"
"16026","518","6","50","2012-06-02 00:00:00","2012-06-13 00:00:00","2012-06-02 00:00:00","2012-06-18 00:00:00","3.0000","36.7500","36.7500","2012-06-17 22:00:00"
"16026","518","7","60","2012-06-02 00:00:00","2012-06-13 00:00:00","2012-06-02 00:00:00","2012-06-18 00:00:00","4.0000","49.0000","49.0000","2012-06-17 22:00:00"
"16027","519","6","50","2012-06-02 00:00:00","2012-06-13 00:00:00","2012-06-02 00:00:00","2012-06-18 00:00:00","3.0000","36.7500","36.7500","2012-06-17 22:00:00"
"16027","519","7","60","2012-06-02 00:00:00","2012-06-13 00:00:00","2012-06-02 00:00:00","2012-06-18 00:00:00","4.0000","49.0000","49.0000","2012-06-17 22:00:00"
"16049","747","1","10","2012-06-02 00:00:00","2012-06-13 00:00:00","2012-06-02 00:00:00","2012-06-18 00:00:00","4.1000","92.2500","92.2500","2012-06-17 22:00:00"
"16049","747","2","20","2012-06-02 00:00:00","2012-06-13 00:00:00","2012-06-02 00:00:00","2012-06-18 00:00:00","3.5000","87.5000","87.5000","2012-06-17 22:00:00"
"16049","747","3","30","2012-06-02 00:00:00","2012-06-13 00:00:00","2012-06-02 00:00:00","2012-06-18 00:00:00","1.0000","14.5000","14.5000","2012-06-17 22:00:00"
"16049","747","4","40","2012-06-02 00:00:00","2012-06-13 00:00:00","2012-06-02 00:00:00","2012-06-18 00:00:00","2.0000","31.5000","31.5000","2012-06-17 22:00:00"
"16049","747","6","50","2012-06-02 00:00:00","2012-06-13 00:00:00","2012-06-02 00:00:00","2012-06-18 00:00:00","3.0000","36.7500","36.7500","2012-06-17 22:00:00"
"16049","747","7","60","2012-06-02 00:00:00","2012-06-13 00:00:00","2012-06-02 00:00:00","2012-06-18 00:00:00","4.0000","49.0000","49.0000","2012-06-17 22:00:00"
"16050","748","1","10","2012-06-02 00:00:00","2012-06-13 00:00:00","2012-06-02 00:00:00","2012-06-18 00:00:00","4.1000","92.2500","92.2500","2012-06-17 22:00:00"
"16050","748","2","20","2012-06-02 00:00:00","2012-06-13 00:00:00","2012-06-02 00:00:00","2012-06-18 00:00:00","3.5000","87.5000","87.5000","2012-06-17 22:00:00"
"16050","748","3","30","2012-06-02 00:00:00","2012-06-13 00:00:00","2012-06-02 00:00:00","2012-06-18 00:00:00","1.0000","14.5000","14.5000","2012-06-17 22:00:00"
"16050","748","5","45","2012-06-02 00:00:00","2012-06-13 00:00:00","2012-06-02 00:00:00","2012-06-18 00:00:00","2.0000","36.0000","36.0000","2012-06-17 22:00:00"
"16050","748","6","50","2012-06-02 00:00:00","2012-06-13 00:00:00","2012-06-02 00:00:00","2012-06-18 00:00:00","3.0000","36.7500","36.7500","2012-06-17 22:00:00"
"16050","748","7","60","2012-06-02 00:00:00","2012-06-13 00:00:00","2012-06-02 00:00:00","2012-06-18 00:00:00","4.0000","49.0000","49.0000","2012-06-17 22:00:00"
"16051","806","6","50","2012-06-02 00:00:00","2012-06-13 00:00:00","2012-06-02 00:00:00","2012-06-18 00:00:00","3.0000","36.7500","36.7500","2012-06-17 22:00:00"
"16052","809","1","10","2012-06-02 00:00:00","2012-06-13 00:00:00","2012-06-02 00:00:00","2012-06-18 00:00:00","4.1000","92.2500","92.2500","2012-06-17 22:00:00"
"16052","809","2","20","2012-06-02 00:00:00","2012-06-13 00:00:00","2012-06-02 00:00:00","2012-06-18 00:00:00","3.5000","87.5000","87.5000","2012-06-17 22:00:00"
"16052","809","6","50","2012-06-02 00:00:00","2012-06-13 00:00:00","2012-06-02 00:00:00","2012-06-18 00:00:00","3.0000","36.7500","36.7500","2012-06-17 22:00:00"
"16053","810","1","10","2012-06-02 00:00:00","2012-06-13 00:00:00","2012-06-02 00:00:00","2012-06-18 00:00:00","4.1000","92.2500","92.2500","2012-06-17 22:00:00"
"16053","810","2","20","2012-06-02 00:00:00","2012-06-13 00:00:00","2012-06-02 00:00:00","2012-06-18 00:00:00","3.5000","87.5000","87.5000","2012-06-17 22:00:00"
"16053","810","6","50","2012-06-02 00:00:00","2012-06-13 00:00:00","2012-06-02 00:00:00","2012-06-18 00:00:00","3.0000","36.7500","36.7500","2012-06-17 22:00:00"
"16054","811","1","10","2012-06-02 00:00:00","2012-06-13 00:00:00","2012-06-02 00:00:00","2012-06-18 00:00:00","4.1000","92.2500","92.2500","2012-06-17 22:00:00"
"16054","811","2","20","2012-06-02 00:00:00","2012-06-13 00:00:00","2012-06-02 00:00:00","2012-06-18 00:00:00","3.5000","87.5000","87.5000","2012-06-17 22:00:00"
"16054","811","6","50","2012-06-02 00:00:00","2012-06-13 00:00:00","2012-06-02 00:00:00","2012-06-18 00:00:00","3.0000","36.7500","36.7500","2012-06-17 22:00:00"
"16055","812","1","10","2012-06-02 00:00:00","2012-06-13 00:00:00","2012-06-02 00:00:00","2012-06-18 00:00:00","4.1000","92.2500","92.2500","2012-06-17 22:00:00"
"16055","812","2","20","2012-06-02 00:00:00","2012-06-13 00:00:00","2012-06-02 00:00:00","2012-06-18 00:00:00","3.5000","87.5000","87.5000","2012-06-17 22:00:00"
"16055","812","6","50","2012-06-02 00:00:00","2012-06-13 00:00:00","2012-06-02 00:00:00","2012-06-18 00:00:00","3.0000","36.7500","36.7500","2012-06-17 22:00:00"
"16056","813","1","10","2012-06-02 00:00:00","2012-06-13 00:00:00","2012-06-02 00:00:00","2012-06-18 00:00:00","4.1000","92.2500","92.2500","2012-06-17 22:00:00"
"16056","813","2","20","2012-06-02 00:00:00","2012-06-13 00:00:00","2012-06-02 00:00:00","2012-06-18 00:00:00","3.5000","87.5000","87.5000","2012-06-17 22:00:00"
"16056","813","6","50","2012-06-02 00:00:00","2012-06-13 00:00:00","2012-06-02 00:00:00","2012-06-18 00:00:00","3.0000","36.7500","36.7500","2012-06-17 22:00:00"
"16057","814","1","10","2012-06-02 00:00:00","2012-06-13 00:00:00","2012-06-02 00:00:00","2012-06-18 00:00:00","4.1000","92.2500","92.2500","2012-06-17 22:00:00"
"16057","814","2","20","2012-06-02 00:00:00","2012-06-13 00:00:00","2012-06-02 00:00:00","2012-06-18 00:00:00","3.5000","87.5000","87.5000","2012-06-17 22:00:00"
"16057","814","3","30","2012-06-02 00:00:00","2012-06-13 00:00:00","2012-06-02 00:00:00","2012-06-18 00:00:00","1.0000","14.5000","14.5000","2012-06-17 22:00:00"
"16057","814","4","40","2012-06-02 00:00:00","2012-06-13 00:00:00","2012-06-02 00:00:00","2012-06-18 00:00:00","2.0000","31.5000","31.5000","2012-06-17 22:00:00"
"16057","814","6","50","2012-06-02 00:00:00","2012-06-13 00:00:00","2012-06-02 00:00:00","2012-06-18 00:00:00","3.0000","36.7500","36.7500","2012-06-17 22:00:00"
"16057","814","7","60","2012-06-02 00:00:00","2012-06-13 00:00:00","2012-06-02 00:00:00","2012-06-18 00:00:00","4.0000","49.0000","49.0000","2012-06-17 22:00:00"
"16058","816","6","50","2012-06-02 00:00:00","2012-06-13 00:00:00","2012-06-02 00:00:00","2012-06-18 00:00:00","3.0000","36.7500","36.7500","2012-06-17 22:00:00"
"16059","818","6","50","2012-06-02 00:00:00","2012-06-13 00:00:00","2012-06-02 00:00:00","2012-06-18 00:00:00","3.0000","36.7500","36.7500","2012-06-17 22:00:00"
"16060","819","6","50","2012-06-02 00:00:00","2012-06-13 00:00:00","2012-06-02 00:00:00","2012-06-18 00:00:00","3.0000","36.7500","36.7500","2012-06-17 22:00:00"
"16061","820","6","50","2012-06-02 00:00:00","2012-06-13 00:00:00","2012-06-02 00:00:00","2012-06-18 00:00:00","3.0000","36.7500","36.7500","2012-06-17 22:00:00"
"16062","822","1","10","2012-06-02 00:00:00","2012-06-13 00:00:00","2012-06-02 00:00:00","2012-06-18 00:00:00","4.1000","92.2500","92.2500","2012-06-17 22:00:00"
"16062","822","2","20","2012-06-02 00:00:00","2012-06-13 00:00:00","2012-06-02 00:00:00","2012-06-18 00:00:00","3.5000","87.5000","87.5000","2012-06-17 22:00:00"
"16062","822","3","30","2012-06-02 00:00:00","2012-06-13 00:00:00","2012-06-02 00:00:00","2012-06-18 00:00:00","1.0000","14.5000","14.5000","2012-06-17 22:00:00"
"16062","822","4","40","2012-06-02 00:00:00","2012-06-13 00:00:00","2012-06-02 00:00:00","2012-06-18 00:00:00","2.0000","31.5000","31.5000","2012-06-17 22:00:00"
"16062","822","6","50","2012-06-02 00:00:00","2012-06-13 00:00:00","2012-06-02 00:00:00","2012-06-18 00:00:00","3.0000","36.7500","36.7500","2012-06-17 22:00:00"
"16062","822","7","60","2012-06-02 00:00:00","2012-06-13 00:00:00","2012-06-02 00:00:00","2012-06-18 00:00:00","4.0000","49.0000","49.0000","2012-06-17 22:00:00"
"16063","824","6","50","2012-06-02 00:00:00","2012-06-13 00:00:00","2012-06-02 00:00:00","2012-06-18 00:00:00","3.0000","36.7500","36.7500","2012-06-17 22:00:00"
"16064","826","6","50","2012-06-02 00:00:00","2012-06-13 00:00:00","2012-06-02 00:00:00","2012-06-18 00:00:00","3.0000","36.7500","36.7500","2012-06-17 22:00:00"
"16065","827","6","50","2012-06-02 00:00:00","2012-06-13 00:00:00","2012-06-02 00:00:00","2012-06-18 00:00:00","3.0000","36.7500","36.7500","2012-06-17 22:00:00"
"16066","828","6","50","2012-06-02 00:00:00","2012-06-13 00:00:00","2012-06-02 00:00:00","2012-06-18 00:00:00","3.0000","36.7500","36.7500","2012-06-17 22:00:00"
"16077","894","6","50","2012-06-02 00:00:00","2012-06-13 00:00:00","2012-06-02 00:00:00","2012-06-18 00:00:00","3.0000","36.7500","36.7500","2012-06-17 22:00:00"
"16078","945","1","10","2012-06-02 00:00:00","2012-06-13 00:00:00","2012-06-02 00:00:00","2012-06-18 00:00:00","4.1000","92.2500","92.2500","2012-06-17 22:00:00"
"16078","945","6","50","2012-06-02 00:00:00","2012-06-13 00:00:00","2012-06-02 00:00:00","2012-06-18 00:00:00","3.0000","36.7500","36.7500","2012-06-17 22:00:00"
"16079","950","6","50","2012-06-02 00:00:00","2012-06-13 00:00:00","2012-06-02 00:00:00","2012-06-18 00:00:00","3.0000","36.7500","36.7500","2012-06-17 22:00:00"
"16080","994","6","50","2012-06-02 00:00:00","2012-06-13 00:00:00","2012-06-02 00:00:00","2012-06-18 00:00:00","3.0000","36.7500","36.7500","2012-06-17 22:00:00"
"16081","995","6","50","2012-06-02 00:00:00","2012-06-13 00:00:00","2012-06-02 00:00:00","2012-06-18 00:00:00","3.0000","36.7500","36.7500","2012-06-17 22:00:00"
"16082","996","6","50","2012-06-02 00:00:00","2012-06-13 00:00:00","2012-06-02 00:00:00","2012-06-18 00:00:00","3.0000","36.7500","36.7500","2012-06-17 22:00:00"
"16096","802","1","10","2012-06-02 00:00:00","2012-06-13 00:00:00","2012-06-02 00:00:00","2012-06-18 00:00:00","4.1000","92.2500","92.2500","2012-06-17 22:00:00"
"16096","802","6","50","2012-06-02 00:00:00","2012-06-13 00:00:00","2012-06-02 00:00:00","2012-06-18 00:00:00","3.0000","36.7500","36.7500","2012-06-17 22:00:00"
"16097","803","1","10","2012-06-02 00:00:00","2012-06-13 00:00:00","2012-06-02 00:00:00","2012-06-18 00:00:00","4.1000","92.2500","92.2500","2012-06-17 22:00:00"
"16097","803","6","50","2012-06-02 00:00:00","2012-06-13 00:00:00","2012-06-02 00:00:00","2012-06-18 00:00:00","3.0000","36.7500","36.7500","2012-06-17 22:00:00"
"16098","804","1","10","2012-06-02 00:00:00","2012-06-13 00:00:00","2012-06-02 00:00:00","2012-06-18 00:00:00","4.1000","92.2500","92.2500","2012-06-17 22:00:00"
"16098","804","6","50","2012-06-02 00:00:00","2012-06-13 00:00:00","2012-06-02 00:00:00","2012-06-18 00:00:00","3.0000","36.7500","36.7500","2012-06-17 22:00:00"
"16103","761","7","60","2012-06-03 00:00:00","2012-06-14 00:00:00","2012-06-08 00:00:00","2012-06-14 00:00:00","4.0000","49.0000","49.0000","2012-06-13 22:00:00"
"16104","795","7","60","2012-06-03 00:00:00","2012-06-14 00:00:00","2012-06-08 00:00:00","2012-06-14 00:00:00","4.0000","49.0000","49.0000","2012-06-13 22:00:00"
"16105","797","7","60","2012-06-03 00:00:00","2012-06-14 00:00:00","2012-06-08 00:00:00","2012-06-14 00:00:00","4.0000","49.0000","49.0000","2012-06-13 22:00:00"
"16106","517","6","50","2012-06-03 00:00:00","2012-06-14 00:00:00","2012-06-08 00:00:00","2012-06-14 00:00:00","3.0000","36.7500","36.7500","2012-06-13 22:00:00"
"16106","517","7","60","2012-06-03 00:00:00","2012-06-14 00:00:00","2012-06-08 00:00:00","2012-06-14 00:00:00","4.0000","49.0000","49.0000","2012-06-13 22:00:00"
"16107","518","6","50","2012-06-03 00:00:00","2012-06-14 00:00:00","2012-06-08 00:00:00","2012-06-14 00:00:00","3.0000","36.7500","36.7500","2012-06-13 22:00:00"
"16107","518","7","60","2012-06-03 00:00:00","2012-06-14 00:00:00","2012-06-08 00:00:00","2012-06-14 00:00:00","4.0000","49.0000","49.0000","2012-06-13 22:00:00"
"16108","519","6","50","2012-06-03 00:00:00","2012-06-14 00:00:00","2012-06-08 00:00:00","2012-06-14 00:00:00","3.0000","36.7500","36.7500","2012-06-13 22:00:00"
"16108","519","7","60","2012-06-03 00:00:00","2012-06-14 00:00:00","2012-06-08 00:00:00","2012-06-14 00:00:00","4.0000","49.0000","49.0000","2012-06-13 22:00:00"
"16110","806","6","50","2012-06-03 00:00:00","2012-06-14 00:00:00","2012-06-08 00:00:00","2012-06-14 00:00:00","3.0000","36.7500","36.7500","2012-06-13 22:00:00"
"16111","811","1","10","2012-06-03 00:00:00","2012-06-14 00:00:00","2012-06-08 00:00:00","2012-06-14 00:00:00","4.1000","92.2500","92.2500","2012-06-13 22:00:00"
"16111","811","2","20","2012-06-03 00:00:00","2012-06-14 00:00:00","2012-06-08 00:00:00","2012-06-14 00:00:00","3.5000","87.5000","87.5000","2012-06-13 22:00:00"
"16111","811","6","50","2012-06-03 00:00:00","2012-06-14 00:00:00","2012-06-08 00:00:00","2012-06-14 00:00:00","3.0000","36.7500","36.7500","2012-06-13 22:00:00"
"16112","812","1","10","2012-06-03 00:00:00","2012-06-14 00:00:00","2012-06-08 00:00:00","2012-06-14 00:00:00","4.1000","92.2500","92.2500","2012-06-13 22:00:00"
"16112","812","2","20","2012-06-03 00:00:00","2012-06-14 00:00:00","2012-06-08 00:00:00","2012-06-14 00:00:00","3.5000","87.5000","87.5000","2012-06-13 22:00:00"
"16112","812","6","50","2012-06-03 00:00:00","2012-06-14 00:00:00","2012-06-08 00:00:00","2012-06-14 00:00:00","3.0000","36.7500","36.7500","2012-06-13 22:00:00"
"16113","813","1","10","2012-06-03 00:00:00","2012-06-14 00:00:00","2012-06-08 00:00:00","2012-06-14 00:00:00","4.1000","92.2500","92.2500","2012-06-13 22:00:00"
"16113","813","2","20","2012-06-03 00:00:00","2012-06-14 00:00:00","2012-06-08 00:00:00","2012-06-14 00:00:00","3.5000","87.5000","87.5000","2012-06-13 22:00:00"
"16113","813","6","50","2012-06-03 00:00:00","2012-06-14 00:00:00","2012-06-08 00:00:00","2012-06-14 00:00:00","3.0000","36.7500","36.7500","2012-06-13 22:00:00"
"16114","818","6","50","2012-06-03 00:00:00","2012-06-14 00:00:00","2012-06-08 00:00:00","2012-06-14 00:00:00","3.0000","36.7500","36.7500","2012-06-13 22:00:00"
"16115","819","6","50","2012-06-03 00:00:00","2012-06-14 00:00:00","2012-06-08 00:00:00","2012-06-14 00:00:00","3.0000","36.7500","36.7500","2012-06-13 22:00:00"
"16116","820","6","50","2012-06-03 00:00:00","2012-06-14 00:00:00","2012-06-08 00:00:00","2012-06-14 00:00:00","3.0000","36.7500","36.7500","2012-06-13 22:00:00"
"16117","822","1","10","2012-06-03 00:00:00","2012-06-14 00:00:00","2012-06-08 00:00:00","2012-06-14 00:00:00","4.1000","92.2500","92.2500","2012-06-13 22:00:00"
"16117","822","2","20","2012-06-03 00:00:00","2012-06-14 00:00:00","2012-06-08 00:00:00","2012-06-14 00:00:00","3.5000","87.5000","87.5000","2012-06-13 22:00:00"
"16117","822","3","30","2012-06-03 00:00:00","2012-06-14 00:00:00","2012-06-08 00:00:00","2012-06-14 00:00:00","1.0000","14.5000","14.5000","2012-06-13 22:00:00"
"16117","822","4","40","2012-06-03 00:00:00","2012-06-14 00:00:00","2012-06-08 00:00:00","2012-06-14 00:00:00","2.0000","31.5000","31.5000","2012-06-13 22:00:00"
"16117","822","6","50","2012-06-03 00:00:00","2012-06-14 00:00:00","2012-06-08 00:00:00","2012-06-14 00:00:00","3.0000","36.7500","36.7500","2012-06-13 22:00:00"
"16117","822","7","60","2012-06-03 00:00:00","2012-06-14 00:00:00","2012-06-08 00:00:00","2012-06-14 00:00:00","4.0000","49.0000","49.0000","2012-06-13 22:00:00"
"16118","826","6","50","2012-06-03 00:00:00","2012-06-14 00:00:00","2012-06-08 00:00:00","2012-06-14 00:00:00","3.0000","36.7500","36.7500","2012-06-13 22:00:00"
"16119","827","6","50","2012-06-03 00:00:00","2012-06-14 00:00:00","2012-06-08 00:00:00","2012-06-14 00:00:00","3.0000","36.7500","36.7500","2012-06-13 22:00:00"
"16120","828","6","50","2012-06-03 00:00:00","2012-06-14 00:00:00","2012-06-08 00:00:00","2012-06-14 00:00:00","3.0000","36.7500","36.7500","2012-06-13 22:00:00"
"16122","894","6","50","2012-06-03 00:00:00","2012-06-14 00:00:00","2012-06-08 00:00:00","2012-06-14 00:00:00","3.0000","36.7500","36.7500","2012-06-13 22:00:00"
"16123","945","1","10","2012-06-03 00:00:00","2012-06-14 00:00:00","2012-06-08 00:00:00","2012-06-14 00:00:00","4.1000","92.2500","92.2500","2012-06-13 22:00:00"
"16123","945","6","50","2012-06-03 00:00:00","2012-06-14 00:00:00","2012-06-08 00:00:00","2012-06-14 00:00:00","3.0000","36.7500","36.7500","2012-06-13 22:00:00"
"16124","950","6","50","2012-06-03 00:00:00","2012-06-14 00:00:00","2012-06-08 00:00:00","2012-06-14 00:00:00","3.0000","36.7500","36.7500","2012-06-13 22:00:00"
"16125","994","6","50","2012-06-03 00:00:00","2012-06-14 00:00:00","2012-06-08 00:00:00","2012-06-14 00:00:00","3.0000","36.7500","36.7500","2012-06-13 22:00:00"
"16126","996","6","50","2012-06-03 00:00:00","2012-06-14 00:00:00","2012-06-08 00:00:00","2012-06-14 00:00:00","3.0000","36.7500","36.7500","2012-06-13 22:00:00"
"16139","802","1","10","2012-06-03 00:00:00","2012-06-14 00:00:00","2012-06-08 00:00:00","2012-06-14 00:00:00","4.1000","92.2500","92.2500","2012-06-13 22:00:00"
"16139","802","6","50","2012-06-03 00:00:00","2012-06-14 00:00:00","2012-06-08 00:00:00","2012-06-14 00:00:00","3.0000","36.7500","36.7500","2012-06-13 22:00:00"
"16140","803","1","10","2012-06-03 00:00:00","2012-06-14 00:00:00","2012-06-08 00:00:00","2012-06-14 00:00:00","4.1000","92.2500","92.2500","2012-06-13 22:00:00"
"16140","803","6","50","2012-06-03 00:00:00","2012-06-14 00:00:00","2012-06-08 00:00:00","2012-06-14 00:00:00","3.0000","36.7500","36.7500","2012-06-13 22:00:00"
"16141","804","1","10","2012-06-03 00:00:00","2012-06-14 00:00:00","2012-06-08 00:00:00","2012-06-14 00:00:00","4.1000","92.2500","92.2500","2012-06-13 22:00:00"
"16141","804","6","50","2012-06-03 00:00:00","2012-06-14 00:00:00","2012-06-08 00:00:00","2012-06-14 00:00:00","3.0000","36.7500","36.7500","2012-06-13 22:00:00"
"16146","763","7","60","2012-06-04 00:00:00","2012-06-15 00:00:00","2012-06-04 00:00:00","2012-06-22 00:00:00","4.0000","49.0000","49.0000","2012-06-21 22:00:00"
"16147","782","7","60","2012-06-04 00:00:00","2012-06-15 00:00:00","2012-06-04 00:00:00","2012-06-22 00:00:00","4.0000","49.0000","49.0000","2012-06-21 22:00:00"
"16148","789","7","60","2012-06-04 00:00:00","2012-06-15 00:00:00","2012-06-04 00:00:00","2012-06-22 00:00:00","4.0000","49.0000","49.0000","2012-06-21 22:00:00"
"16149","790","7","60","2012-06-04 00:00:00","2012-06-15 00:00:00","2012-06-04 00:00:00","2012-06-22 00:00:00","4.0000","49.0000","49.0000","2012-06-21 22:00:00"
"16150","791","7","60","2012-06-04 00:00:00","2012-06-15 00:00:00","2012-06-04 00:00:00","2012-06-22 00:00:00","4.0000","49.0000","49.0000","2012-06-21 22:00:00"
"16151","792","7","60","2012-06-04 00:00:00","2012-06-15 00:00:00","2012-06-04 00:00:00","2012-06-22 00:00:00","4.0000","49.0000","49.0000","2012-06-21 22:00:00"
"16152","793","7","60","2012-06-04 00:00:00","2012-06-15 00:00:00","2012-06-04 00:00:00","2012-06-22 00:00:00","4.0000","49.0000","49.0000","2012-06-21 22:00:00"
"16153","795","7","60","2012-06-04 00:00:00","2012-06-15 00:00:00","2012-06-04 00:00:00","2012-06-22 00:00:00","4.0000","49.0000","49.0000","2012-06-21 22:00:00"
"16154","796","7","60","2012-06-04 00:00:00","2012-06-15 00:00:00","2012-06-04 00:00:00","2012-06-22 00:00:00","4.0000","49.0000","49.0000","2012-06-21 22:00:00"
"16155","516","6","50","2012-06-04 00:00:00","2012-06-15 00:00:00","2012-06-04 00:00:00","2012-06-22 00:00:00","3.0000","36.7500","36.7500","2012-06-21 22:00:00"
"16155","516","7","60","2012-06-04 00:00:00","2012-06-15 00:00:00","2012-06-04 00:00:00","2012-06-22 00:00:00","4.0000","49.0000","49.0000","2012-06-21 22:00:00"
"16156","517","6","50","2012-06-04 00:00:00","2012-06-15 00:00:00","2012-06-04 00:00:00","2012-06-22 00:00:00","3.0000","36.7500","36.7500","2012-06-21 22:00:00"
"16156","517","7","60","2012-06-04 00:00:00","2012-06-15 00:00:00","2012-06-04 00:00:00","2012-06-22 00:00:00","4.0000","49.0000","49.0000","2012-06-21 22:00:00"
"16157","519","6","50","2012-06-04 00:00:00","2012-06-15 00:00:00","2012-06-04 00:00:00","2012-06-22 00:00:00","3.0000","36.7500","36.7500","2012-06-21 22:00:00"
"16157","519","7","60","2012-06-04 00:00:00","2012-06-15 00:00:00","2012-06-04 00:00:00","2012-06-22 00:00:00","4.0000","49.0000","49.0000","2012-06-21 22:00:00"
"16164","747","1","10","2012-06-04 00:00:00","2012-06-15 00:00:00","2012-06-04 00:00:00","2012-06-22 00:00:00","4.1000","92.2500","92.2500","2012-06-21 22:00:00"
"16164","747","2","20","2012-06-04 00:00:00","2012-06-15 00:00:00","2012-06-04 00:00:00","2012-06-22 00:00:00","3.5000","87.5000","87.5000","2012-06-21 22:00:00"
"16164","747","3","30","2012-06-04 00:00:00","2012-06-15 00:00:00","2012-06-04 00:00:00","2012-06-22 00:00:00","1.0000","14.5000","14.5000","2012-06-21 22:00:00"
"16164","747","4","40","2012-06-04 00:00:00","2012-06-15 00:00:00","2012-06-04 00:00:00","2012-06-22 00:00:00","2.0000","31.5000","31.5000","2012-06-21 22:00:00"
"16164","747","6","50","2012-06-04 00:00:00","2012-06-15 00:00:00","2012-06-04 00:00:00","2012-06-22 00:00:00","3.0000","36.7500","36.7500","2012-06-21 22:00:00"
"16164","747","7","60","2012-06-04 00:00:00","2012-06-15 00:00:00","2012-06-04 00:00:00","2012-06-22 00:00:00","4.0000","49.0000","49.0000","2012-06-21 22:00:00"
"16165","806","6","50","2012-06-04 00:00:00","2012-06-15 00:00:00","2012-06-04 00:00:00","2012-06-22 00:00:00","3.0000","36.7500","36.7500","2012-06-21 22:00:00"
"16166","810","1","10","2012-06-04 00:00:00","2012-06-15 00:00:00","2012-06-04 00:00:00","2012-06-22 00:00:00","4.1000","92.2500","92.2500","2012-06-21 22:00:00"
"16166","810","2","20","2012-06-04 00:00:00","2012-06-15 00:00:00","2012-06-04 00:00:00","2012-06-22 00:00:00","3.5000","87.5000","87.5000","2012-06-21 22:00:00"
"16166","810","6","50","2012-06-04 00:00:00","2012-06-15 00:00:00","2012-06-04 00:00:00","2012-06-22 00:00:00","3.0000","36.7500","36.7500","2012-06-21 22:00:00"
"16167","811","1","10","2012-06-04 00:00:00","2012-06-15 00:00:00","2012-06-04 00:00:00","2012-06-22 00:00:00","4.1000","92.2500","92.2500","2012-06-21 22:00:00"
"16167","811","2","20","2012-06-04 00:00:00","2012-06-15 00:00:00","2012-06-04 00:00:00","2012-06-22 00:00:00","3.5000","87.5000","87.5000","2012-06-21 22:00:00"
"16167","811","6","50","2012-06-04 00:00:00","2012-06-15 00:00:00","2012-06-04 00:00:00","2012-06-22 00:00:00","3.0000","36.7500","36.7500","2012-06-21 22:00:00"
"16168","813","1","10","2012-06-04 00:00:00","2012-06-15 00:00:00","2012-06-04 00:00:00","2012-06-22 00:00:00","4.1000","92.2500","92.2500","2012-06-21 22:00:00"
"16168","813","2","20","2012-06-04 00:00:00","2012-06-15 00:00:00","2012-06-04 00:00:00","2012-06-22 00:00:00","3.5000","87.5000","87.5000","2012-06-21 22:00:00"
"16168","813","6","50","2012-06-04 00:00:00","2012-06-15 00:00:00","2012-06-04 00:00:00","2012-06-22 00:00:00","3.0000","36.7500","36.7500","2012-06-21 22:00:00"
"16169","816","6","50","2012-06-04 00:00:00","2012-06-15 00:00:00","2012-06-04 00:00:00","2012-06-22 00:00:00","3.0000","36.7500","36.7500","2012-06-21 22:00:00"
"16170","818","6","50","2012-06-04 00:00:00","2012-06-15 00:00:00","2012-06-04 00:00:00","2012-06-22 00:00:00","3.0000","36.7500","36.7500","2012-06-21 22:00:00"
"16171","820","6","50","2012-06-04 00:00:00","2012-06-15 00:00:00","2012-06-04 00:00:00","2012-06-22 00:00:00","3.0000","36.7500","36.7500","2012-06-21 22:00:00"
"16172","824","6","50","2012-06-04 00:00:00","2012-06-15 00:00:00","2012-06-04 00:00:00","2012-06-22 00:00:00","3.0000","36.7500","36.7500","2012-06-21 22:00:00"
"16173","826","6","50","2012-06-04 00:00:00","2012-06-15 00:00:00","2012-06-04 00:00:00","2012-06-22 00:00:00","3.0000","36.7500","36.7500","2012-06-21 22:00:00"
"16174","828","6","50","2012-06-04 00:00:00","2012-06-15 00:00:00","2012-06-04 00:00:00","2012-06-22 00:00:00","3.0000","36.7500","36.7500","2012-06-21 22:00:00"
"16177","894","6","50","2012-06-04 00:00:00","2012-06-15 00:00:00","2012-06-04 00:00:00","2012-06-22 00:00:00","3.0000","36.7500","36.7500","2012-06-21 22:00:00"
"16178","945","1","10","2012-06-04 00:00:00","2012-06-15 00:00:00","2012-06-04 00:00:00","2012-06-22 00:00:00","4.1000","92.2500","92.2500","2012-06-21 22:00:00"
"16178","945","6","50","2012-06-04 00:00:00","2012-06-15 00:00:00","2012-06-04 00:00:00","2012-06-22 00:00:00","3.0000","36.7500","36.7500","2012-06-21 22:00:00"
"16179","950","6","50","2012-06-04 00:00:00","2012-06-15 00:00:00","2012-06-04 00:00:00","2012-06-22 00:00:00","3.0000","36.7500","36.7500","2012-06-21 22:00:00"
"16180","994","6","50","2012-06-04 00:00:00","2012-06-15 00:00:00","2012-06-04 00:00:00","2012-06-22 00:00:00","3.0000","36.7500","36.7500","2012-06-21 22:00:00"
"16181","995","6","50","2012-06-04 00:00:00","2012-06-15 00:00:00","2012-06-04 00:00:00","2012-06-22 00:00:00","3.0000","36.7500","36.7500","2012-06-21 22:00:00"
"16182","996","6","50","2012-06-04 00:00:00","2012-06-15 00:00:00","2012-06-04 00:00:00","2012-06-22 00:00:00","3.0000","36.7500","36.7500","2012-06-21 22:00:00"
"16196","802","1","10","2012-06-04 00:00:00","2012-06-15 00:00:00","2012-06-04 00:00:00","2012-06-22 00:00:00","4.1000","92.2500","92.2500","2012-06-21 22:00:00"
"16196","802","6","50","2012-06-04 00:00:00","2012-06-15 00:00:00","2012-06-04 00:00:00","2012-06-22 00:00:00","3.0000","36.7500","36.7500","2012-06-21 22:00:00"
"16197","804","1","10","2012-06-04 00:00:00","2012-06-15 00:00:00","2012-06-04 00:00:00","2012-06-22 00:00:00","4.1000","92.2500","92.2500","2012-06-21 22:00:00"
"16197","804","6","50","2012-06-04 00:00:00","2012-06-15 00:00:00","2012-06-04 00:00:00","2012-06-22 00:00:00","3.0000","36.7500","36.7500","2012-06-21 22:00:00"
"16202","767","7","60","2012-06-05 00:00:00","2012-06-16 00:00:00","2012-06-12 00:00:00","2012-06-16 00:00:00","4.0000","49.0000","49.0000","2012-06-15 22:00:00"
"16203","779","7","60","2012-06-05 00:00:00","2012-06-16 00:00:00","2012-06-12 00:00:00","2012-06-16 00:00:00","4.0000","49.0000","49.0000","2012-06-15 22:00:00"
"16204","790","7","60","2012-06-05 00:00:00","2012-06-16 00:00:00","2012-06-12 00:00:00","2012-06-16 00:00:00","4.0000","49.0000","49.0000","2012-06-15 22:00:00"
"16205","791","7","60","2012-06-05 00:00:00","2012-06-16 00:00:00","2012-06-12 00:00:00","2012-06-16 00:00:00","4.0000","49.0000","49.0000","2012-06-15 22:00:00"
"16206","794","7","60","2012-06-05 00:00:00","2012-06-16 00:00:00","2012-06-12 00:00:00","2012-06-16 00:00:00","4.0000","49.0000","49.0000","2012-06-15 22:00:00"
"16207","795","7","60","2012-06-05 00:00:00","2012-06-16 00:00:00","2012-06-12 00:00:00","2012-06-16 00:00:00","4.0000","49.0000","49.0000","2012-06-15 22:00:00"
"16208","797","7","60","2012-06-05 00:00:00","2012-06-16 00:00:00","2012-06-12 00:00:00","2012-06-16 00:00:00","4.0000","49.0000","49.0000","2012-06-15 22:00:00"
"16209","516","6","50","2012-06-05 00:00:00","2012-06-16 00:00:00","2012-06-12 00:00:00","2012-06-16 00:00:00","3.0000","36.7500","36.7500","2012-06-15 22:00:00"
"16209","516","7","60","2012-06-05 00:00:00","2012-06-16 00:00:00","2012-06-12 00:00:00","2012-06-16 00:00:00","4.0000","49.0000","49.0000","2012-06-15 22:00:00"
"16210","517","6","50","2012-06-05 00:00:00","2012-06-16 00:00:00","2012-06-12 00:00:00","2012-06-16 00:00:00","3.0000","36.7500","36.7500","2012-06-15 22:00:00"
"16210","517","7","60","2012-06-05 00:00:00","2012-06-16 00:00:00","2012-06-12 00:00:00","2012-06-16 00:00:00","4.0000","49.0000","49.0000","2012-06-15 22:00:00"
"16211","518","6","50","2012-06-05 00:00:00","2012-06-16 00:00:00","2012-06-12 00:00:00","2012-06-16 00:00:00","3.0000","36.7500","36.7500","2012-06-15 22:00:00"
"16211","518","7","60","2012-06-05 00:00:00","2012-06-16 00:00:00","2012-06-12 00:00:00","2012-06-16 00:00:00","4.0000","49.0000","49.0000","2012-06-15 22:00:00"
"16212","519","6","50","2012-06-05 00:00:00","2012-06-16 00:00:00","2012-06-12 00:00:00","2012-06-16 00:00:00","3.0000","36.7500","36.7500","2012-06-15 22:00:00"
"16212","519","7","60","2012-06-05 00:00:00","2012-06-16 00:00:00","2012-06-12 00:00:00","2012-06-16 00:00:00","4.0000","49.0000","49.0000","2012-06-15 22:00:00"
"16216","748","1","10","2012-06-05 00:00:00","2012-06-16 00:00:00","2012-06-12 00:00:00","2012-06-16 00:00:00","4.1000","92.2500","92.2500","2012-06-15 22:00:00"
"16216","748","2","20","2012-06-05 00:00:00","2012-06-16 00:00:00","2012-06-12 00:00:00","2012-06-16 00:00:00","3.5000","87.5000","87.5000","2012-06-15 22:00:00"
"16216","748","3","30","2012-06-05 00:00:00","2012-06-16 00:00:00","2012-06-12 00:00:00","2012-06-16 00:00:00","1.0000","14.5000","14.5000","2012-06-15 22:00:00"
"16216","748","5","45","2012-06-05 00:00:00","2012-06-16 00:00:00","2012-06-12 00:00:00","2012-06-16 00:00:00","2.0000","36.0000","36.0000","2012-06-15 22:00:00"
"16216","748","6","50","2012-06-05 00:00:00","2012-06-16 00:00:00","2012-06-12 00:00:00","2012-06-16 00:00:00","3.0000","36.7500","36.7500","2012-06-15 22:00:00"
"16216","748","7","60","2012-06-05 00:00:00","2012-06-16 00:00:00","2012-06-12 00:00:00","2012-06-16 00:00:00","4.0000","49.0000","49.0000","2012-06-15 22:00:00"
"16217","806","6","50","2012-06-05 00:00:00","2012-06-16 00:00:00","2012-06-12 00:00:00","2012-06-16 00:00:00","3.0000","36.7500","36.7500","2012-06-15 22:00:00"
"16218","810","1","10","2012-06-05 00:00:00","2012-06-16 00:00:00","2012-06-12 00:00:00","2012-06-16 00:00:00","4.1000","92.2500","92.2500","2012-06-15 22:00:00"
"16218","810","2","20","2012-06-05 00:00:00","2012-06-16 00:00:00","2012-06-12 00:00:00","2012-06-16 00:00:00","3.5000","87.5000","87.5000","2012-06-15 22:00:00"
"16218","810","6","50","2012-06-05 00:00:00","2012-06-16 00:00:00","2012-06-12 00:00:00","2012-06-16 00:00:00","3.0000","36.7500","36.7500","2012-06-15 22:00:00"
"16219","811","1","10","2012-06-05 00:00:00","2012-06-16 00:00:00","2012-06-12 00:00:00","2012-06-16 00:00:00","4.1000","92.2500","92.2500","2012-06-15 22:00:00"
"16219","811","2","20","2012-06-05 00:00:00","2012-06-16 00:00:00","2012-06-12 00:00:00","2012-06-16 00:00:00","3.5000","87.5000","87.5000","2012-06-15 22:00:00"
"16219","811","6","50","2012-06-05 00:00:00","2012-06-16 00:00:00","2012-06-12 00:00:00","2012-06-16 00:00:00","3.0000","36.7500","36.7500","2012-06-15 22:00:00"
"16220","812","1","10","2012-06-05 00:00:00","2012-06-16 00:00:00","2012-06-12 00:00:00","2012-06-16 00:00:00","4.1000","92.2500","92.2500","2012-06-15 22:00:00"
"16220","812","2","20","2012-06-05 00:00:00","2012-06-16 00:00:00","2012-06-12 00:00:00","2012-06-16 00:00:00","3.5000","87.5000","87.5000","2012-06-15 22:00:00"
"16220","812","6","50","2012-06-05 00:00:00","2012-06-16 00:00:00","2012-06-12 00:00:00","2012-06-16 00:00:00","3.0000","36.7500","36.7500","2012-06-15 22:00:00"
"16221","813","1","10","2012-06-05 00:00:00","2012-06-16 00:00:00","2012-06-12 00:00:00","2012-06-16 00:00:00","4.1000","92.2500","92.2500","2012-06-15 22:00:00"
"16221","813","2","20","2012-06-05 00:00:00","2012-06-16 00:00:00","2012-06-12 00:00:00","2012-06-16 00:00:00","3.5000","87.5000","87.5000","2012-06-15 22:00:00"
"16221","813","6","50","2012-06-05 00:00:00","2012-06-16 00:00:00","2012-06-12 00:00:00","2012-06-16 00:00:00","3.0000","36.7500","36.7500","2012-06-15 22:00:00"
"16222","816","6","50","2012-06-05 00:00:00","2012-06-16 00:00:00","2012-06-12 00:00:00","2012-06-16 00:00:00","3.0000","36.7500","36.7500","2012-06-15 22:00:00"
"16223","818","6","50","2012-06-05 00:00:00","2012-06-16 00:00:00","2012-06-12 00:00:00","2012-06-16 00:00:00","3.0000","36.7500","36.7500","2012-06-15 22:00:00"
"16224","819","6","50","2012-06-05 00:00:00","2012-06-16 00:00:00","2012-06-12 00:00:00","2012-06-16 00:00:00","3.0000","36.7500","36.7500","2012-06-15 22:00:00"
"16225","820","6","50","2012-06-05 00:00:00","2012-06-16 00:00:00","2012-06-12 00:00:00","2012-06-16 00:00:00","3.0000","36.7500","36.7500","2012-06-15 22:00:00"
"16226","822","1","10","2012-06-05 00:00:00","2012-06-16 00:00:00","2012-06-12 00:00:00","2012-06-16 00:00:00","4.1000","92.2500","92.2500","2012-06-15 22:00:00"
"16226","822","2","20","2012-06-05 00:00:00","2012-06-16 00:00:00","2012-06-12 00:00:00","2012-06-16 00:00:00","3.5000","87.5000","87.5000","2012-06-15 22:00:00"
"16226","822","3","30","2012-06-05 00:00:00","2012-06-16 00:00:00","2012-06-12 00:00:00","2012-06-16 00:00:00","1.0000","14.5000","14.5000","2012-06-15 22:00:00"
"16226","822","4","40","2012-06-05 00:00:00","2012-06-16 00:00:00","2012-06-12 00:00:00","2012-06-16 00:00:00","2.0000","31.5000","31.5000","2012-06-15 22:00:00"
"16226","822","6","50","2012-06-05 00:00:00","2012-06-16 00:00:00","2012-06-12 00:00:00","2012-06-16 00:00:00","3.0000","36.7500","36.7500","2012-06-15 22:00:00"
"16226","822","7","60","2012-06-05 00:00:00","2012-06-16 00:00:00","2012-06-12 00:00:00","2012-06-16 00:00:00","4.0000","49.0000","49.0000","2012-06-15 22:00:00"
"16227","824","6","50","2012-06-05 00:00:00","2012-06-16 00:00:00","2012-06-12 00:00:00","2012-06-16 00:00:00","3.0000","36.7500","36.7500","2012-06-15 22:00:00"
"16228","826","6","50","2012-06-05 00:00:00","2012-06-16 00:00:00","2012-06-12 00:00:00","2012-06-16 00:00:00","3.0000","36.7500","36.7500","2012-06-15 22:00:00"
"16229","827","6","50","2012-06-05 00:00:00","2012-06-16 00:00:00","2012-06-12 00:00:00","2012-06-16 00:00:00","3.0000","36.7500","36.7500","2012-06-15 22:00:00"
"16230","828","6","50","2012-06-05 00:00:00","2012-06-16 00:00:00","2012-06-12 00:00:00","2012-06-16 00:00:00","3.0000","36.7500","36.7500","2012-06-15 22:00:00"
"16233","894","6","50","2012-06-05 00:00:00","2012-06-16 00:00:00","2012-06-12 00:00:00","2012-06-16 00:00:00","3.0000","36.7500","36.7500","2012-06-15 22:00:00"
"16234","945","1","10","2012-06-05 00:00:00","2012-06-16 00:00:00","2012-06-12 00:00:00","2012-06-16 00:00:00","4.1000","92.2500","92.2500","2012-06-15 22:00:00"
"16234","945","6","50","2012-06-05 00:00:00","2012-06-16 00:00:00","2012-06-12 00:00:00","2012-06-16 00:00:00","3.0000","36.7500","36.7500","2012-06-15 22:00:00"
"16235","950","6","50","2012-06-05 00:00:00","2012-06-16 00:00:00","2012-06-12 00:00:00","2012-06-16 00:00:00","3.0000","36.7500","36.7500","2012-06-15 22:00:00"
"16236","994","6","50","2012-06-05 00:00:00","2012-06-16 00:00:00","2012-06-12 00:00:00","2012-06-16 00:00:00","3.0000","36.7500","36.7500","2012-06-15 22:00:00"
"16237","995","6","50","2012-06-05 00:00:00","2012-06-16 00:00:00","2012-06-12 00:00:00","2012-06-16 00:00:00","3.0000","36.7500","36.7500","2012-06-15 22:00:00"
"16238","996","6","50","2012-06-05 00:00:00","2012-06-16 00:00:00","2012-06-12 00:00:00","2012-06-16 00:00:00","3.0000","36.7500","36.7500","2012-06-15 22:00:00"
"16252","802","1","10","2012-06-05 00:00:00","2012-06-16 00:00:00","2012-06-12 00:00:00","2012-06-16 00:00:00","4.1000","92.2500","92.2500","2012-06-15 22:00:00"
"16252","802","6","50","2012-06-05 00:00:00","2012-06-16 00:00:00","2012-06-12 00:00:00","2012-06-16 00:00:00","3.0000","36.7500","36.7500","2012-06-15 22:00:00"
"16253","803","1","10","2012-06-05 00:00:00","2012-06-16 00:00:00","2012-06-12 00:00:00","2012-06-16 00:00:00","4.1000","92.2500","92.2500","2012-06-15 22:00:00"
"16253","803","6","50","2012-06-05 00:00:00","2012-06-16 00:00:00","2012-06-12 00:00:00","2012-06-16 00:00:00","3.0000","36.7500","36.7500","2012-06-15 22:00:00"
"16254","804","1","10","2012-06-05 00:00:00","2012-06-16 00:00:00","2012-06-12 00:00:00","2012-06-16 00:00:00","4.1000","92.2500","92.2500","2012-06-15 22:00:00"
"16254","804","6","50","2012-06-05 00:00:00","2012-06-16 00:00:00","2012-06-12 00:00:00","2012-06-16 00:00:00","3.0000","36.7500","36.7500","2012-06-15 22:00:00"
"16259","781","7","60","2012-06-06 00:00:00","2012-06-17 00:00:00","2012-06-06 00:00:00","2012-06-26 00:00:00","4.0000","49.0000","49.0000","2012-06-25 22:00:00"
"16260","783","7","60","2012-06-06 00:00:00","2012-06-17 00:00:00","2012-06-06 00:00:00","2012-06-26 00:00:00","4.0000","49.0000","49.0000","2012-06-25 22:00:00"
"16261","789","7","60","2012-06-06 00:00:00","2012-06-17 00:00:00","2012-06-06 00:00:00","2012-06-26 00:00:00","4.0000","49.0000","49.0000","2012-06-25 22:00:00"
"16262","790","7","60","2012-06-06 00:00:00","2012-06-17 00:00:00","2012-06-06 00:00:00","2012-06-26 00:00:00","4.0000","49.0000","49.0000","2012-06-25 22:00:00"
"16263","792","7","60","2012-06-06 00:00:00","2012-06-17 00:00:00","2012-06-06 00:00:00","2012-06-26 00:00:00","4.0000","49.0000","49.0000","2012-06-25 22:00:00"
"16264","793","7","60","2012-06-06 00:00:00","2012-06-17 00:00:00","2012-06-06 00:00:00","2012-06-26 00:00:00","4.0000","49.0000","49.0000","2012-06-25 22:00:00"
"16265","794","7","60","2012-06-06 00:00:00","2012-06-17 00:00:00","2012-06-06 00:00:00","2012-06-26 00:00:00","4.0000","49.0000","49.0000","2012-06-25 22:00:00"
"16266","800","7","60","2012-06-06 00:00:00","2012-06-17 00:00:00","2012-06-06 00:00:00","2012-06-26 00:00:00","4.0000","49.0000","49.0000","2012-06-25 22:00:00"
"16267","516","6","50","2012-06-06 00:00:00","2012-06-17 00:00:00","2012-06-06 00:00:00","2012-06-26 00:00:00","3.0000","36.7500","36.7500","2012-06-25 22:00:00"
"16267","516","7","60","2012-06-06 00:00:00","2012-06-17 00:00:00","2012-06-06 00:00:00","2012-06-26 00:00:00","4.0000","49.0000","49.0000","2012-06-25 22:00:00"
"16268","518","6","50","2012-06-06 00:00:00","2012-06-17 00:00:00","2012-06-06 00:00:00","2012-06-26 00:00:00","3.0000","36.7500","36.7500","2012-06-25 22:00:00"
"16268","518","7","60","2012-06-06 00:00:00","2012-06-17 00:00:00","2012-06-06 00:00:00","2012-06-26 00:00:00","4.0000","49.0000","49.0000","2012-06-25 22:00:00"
"16269","519","6","50","2012-06-06 00:00:00","2012-06-17 00:00:00","2012-06-06 00:00:00","2012-06-26 00:00:00","3.0000","36.7500","36.7500","2012-06-25 22:00:00"
"16269","519","7","60","2012-06-06 00:00:00","2012-06-17 00:00:00","2012-06-06 00:00:00","2012-06-26 00:00:00","4.0000","49.0000","49.0000","2012-06-25 22:00:00"
"16275","806","6","50","2012-06-06 00:00:00","2012-06-17 00:00:00","2012-06-06 00:00:00","2012-06-26 00:00:00","3.0000","36.7500","36.7500","2012-06-25 22:00:00"
"16276","810","1","10","2012-06-06 00:00:00","2012-06-17 00:00:00","2012-06-06 00:00:00","2012-06-26 00:00:00","4.1000","92.2500","92.2500","2012-06-25 22:00:00"
"16276","810","2","20","2012-06-06 00:00:00","2012-06-17 00:00:00","2012-06-06 00:00:00","2012-06-26 00:00:00","3.5000","87.5000","87.5000","2012-06-25 22:00:00"
"16276","810","6","50","2012-06-06 00:00:00","2012-06-17 00:00:00","2012-06-06 00:00:00","2012-06-26 00:00:00","3.0000","36.7500","36.7500","2012-06-25 22:00:00"
"16277","812","1","10","2012-06-06 00:00:00","2012-06-17 00:00:00","2012-06-06 00:00:00","2012-06-26 00:00:00","4.1000","92.2500","92.2500","2012-06-25 22:00:00"
"16277","812","2","20","2012-06-06 00:00:00","2012-06-17 00:00:00","2012-06-06 00:00:00","2012-06-26 00:00:00","3.5000","87.5000","87.5000","2012-06-25 22:00:00"
"16277","812","6","50","2012-06-06 00:00:00","2012-06-17 00:00:00","2012-06-06 00:00:00","2012-06-26 00:00:00","3.0000","36.7500","36.7500","2012-06-25 22:00:00"
"16278","813","1","10","2012-06-06 00:00:00","2012-06-17 00:00:00","2012-06-06 00:00:00","2012-06-26 00:00:00","4.1000","92.2500","92.2500","2012-06-25 22:00:00"
"16278","813","2","20","2012-06-06 00:00:00","2012-06-17 00:00:00","2012-06-06 00:00:00","2012-06-26 00:00:00","3.5000","87.5000","87.5000","2012-06-25 22:00:00"
"16278","813","6","50","2012-06-06 00:00:00","2012-06-17 00:00:00","2012-06-06 00:00:00","2012-06-26 00:00:00","3.0000","36.7500","36.7500","2012-06-25 22:00:00"
"16279","816","6","50","2012-06-06 00:00:00","2012-06-17 00:00:00","2012-06-06 00:00:00","2012-06-26 00:00:00","3.0000","36.7500","36.7500","2012-06-25 22:00:00"
"16280","819","6","50","2012-06-06 00:00:00","2012-06-17 00:00:00","2012-06-06 00:00:00","2012-06-26 00:00:00","3.0000","36.7500","36.7500","2012-06-25 22:00:00"
"16281","820","6","50","2012-06-06 00:00:00","2012-06-17 00:00:00","2012-06-06 00:00:00","2012-06-26 00:00:00","3.0000","36.7500","36.7500","2012-06-25 22:00:00"
"16282","824","6","50","2012-06-06 00:00:00","2012-06-17 00:00:00","2012-06-06 00:00:00","2012-06-26 00:00:00","3.0000","36.7500","36.7500","2012-06-25 22:00:00"
"16283","827","6","50","2012-06-06 00:00:00","2012-06-17 00:00:00","2012-06-06 00:00:00","2012-06-26 00:00:00","3.0000","36.7500","36.7500","2012-06-25 22:00:00"
"16284","828","6","50","2012-06-06 00:00:00","2012-06-17 00:00:00","2012-06-06 00:00:00","2012-06-26 00:00:00","3.0000","36.7500","36.7500","2012-06-25 22:00:00"
"16288","894","6","50","2012-06-06 00:00:00","2012-06-17 00:00:00","2012-06-06 00:00:00","2012-06-26 00:00:00","3.0000","36.7500","36.7500","2012-06-25 22:00:00"
"16289","945","1","10","2012-06-06 00:00:00","2012-06-17 00:00:00","2012-06-06 00:00:00","2012-06-26 00:00:00","4.1000","92.2500","92.2500","2012-06-25 22:00:00"
"16289","945","6","50","2012-06-06 00:00:00","2012-06-17 00:00:00","2012-06-06 00:00:00","2012-06-26 00:00:00","3.0000","36.7500","36.7500","2012-06-25 22:00:00"
"16290","950","6","50","2012-06-06 00:00:00","2012-06-17 00:00:00","2012-06-06 00:00:00","2012-06-26 00:00:00","3.0000","36.7500","36.7500","2012-06-25 22:00:00"
"16291","994","6","50","2012-06-06 00:00:00","2012-06-17 00:00:00","2012-06-06 00:00:00","2012-06-26 00:00:00","3.0000","36.7500","36.7500","2012-06-25 22:00:00"
"16292","995","6","50","2012-06-06 00:00:00","2012-06-17 00:00:00","2012-06-06 00:00:00","2012-06-26 00:00:00","3.0000","36.7500","36.7500","2012-06-25 22:00:00"
"16293","996","6","50","2012-06-06 00:00:00","2012-06-17 00:00:00","2012-06-06 00:00:00","2012-06-26 00:00:00","3.0000","36.7500","36.7500","2012-06-25 22:00:00"
"16306","803","1","10","2012-06-06 00:00:00","2012-06-17 00:00:00","2012-06-06 00:00:00","2012-06-26 00:00:00","4.1000","92.2500","92.2500","2012-06-25 22:00:00"
"16306","803","6","50","2012-06-06 00:00:00","2012-06-17 00:00:00","2012-06-06 00:00:00","2012-06-26 00:00:00","3.0000","36.7500","36.7500","2012-06-25 22:00:00"
"16307","804","1","10","2012-06-06 00:00:00","2012-06-17 00:00:00","2012-06-06 00:00:00","2012-06-26 00:00:00","4.1000","92.2500","92.2500","2012-06-25 22:00:00"
"16307","804","6","50","2012-06-06 00:00:00","2012-06-17 00:00:00","2012-06-06 00:00:00","2012-06-26 00:00:00","3.0000","36.7500","36.7500","2012-06-25 22:00:00"
"16312","759","7","60","2012-06-07 00:00:00","2012-06-18 00:00:00","2012-06-16 00:00:00","2012-06-18 00:00:00","4.0000","49.0000","49.0000","2012-06-17 22:00:00"
"16313","782","7","60","2012-06-07 00:00:00","2012-06-18 00:00:00","2012-06-16 00:00:00","2012-06-18 00:00:00","4.0000","49.0000","49.0000","2012-06-17 22:00:00"
"16314","784","7","60","2012-06-07 00:00:00","2012-06-18 00:00:00","2012-06-16 00:00:00","2012-06-18 00:00:00","4.0000","49.0000","49.0000","2012-06-17 22:00:00"
"16315","789","7","60","2012-06-07 00:00:00","2012-06-18 00:00:00","2012-06-16 00:00:00","2012-06-18 00:00:00","4.0000","49.0000","49.0000","2012-06-17 22:00:00"
"16316","790","7","60","2012-06-07 00:00:00","2012-06-18 00:00:00","2012-06-16 00:00:00","2012-06-18 00:00:00","4.0000","49.0000","49.0000","2012-06-17 22:00:00"
"16317","791","7","60","2012-06-07 00:00:00","2012-06-18 00:00:00","2012-06-16 00:00:00","2012-06-18 00:00:00","4.0000","49.0000","49.0000","2012-06-17 22:00:00"
"16318","792","7","60","2012-06-07 00:00:00","2012-06-18 00:00:00","2012-06-16 00:00:00","2012-06-18 00:00:00","4.0000","49.0000","49.0000","2012-06-17 22:00:00"
"16319","793","7","60","2012-06-07 00:00:00","2012-06-18 00:00:00","2012-06-16 00:00:00","2012-06-18 00:00:00","4.0000","49.0000","49.0000","2012-06-17 22:00:00"
"16320","799","7","60","2012-06-07 00:00:00","2012-06-18 00:00:00","2012-06-16 00:00:00","2012-06-18 00:00:00","4.0000","49.0000","49.0000","2012-06-17 22:00:00"
"16321","516","6","50","2012-06-07 00:00:00","2012-06-18 00:00:00","2012-06-16 00:00:00","2012-06-18 00:00:00","3.0000","36.7500","36.7500","2012-06-17 22:00:00"
"16321","516","7","60","2012-06-07 00:00:00","2012-06-18 00:00:00","2012-06-16 00:00:00","2012-06-18 00:00:00","4.0000","49.0000","49.0000","2012-06-17 22:00:00"
"16322","517","6","50","2012-06-07 00:00:00","2012-06-18 00:00:00","2012-06-16 00:00:00","2012-06-18 00:00:00","3.0000","36.7500","36.7500","2012-06-17 22:00:00"
"16322","517","7","60","2012-06-07 00:00:00","2012-06-18 00:00:00","2012-06-16 00:00:00","2012-06-18 00:00:00","4.0000","49.0000","49.0000","2012-06-17 22:00:00"
"16323","518","6","50","2012-06-07 00:00:00","2012-06-18 00:00:00","2012-06-16 00:00:00","2012-06-18 00:00:00","3.0000","36.7500","36.7500","2012-06-17 22:00:00"
"16323","518","7","60","2012-06-07 00:00:00","2012-06-18 00:00:00","2012-06-16 00:00:00","2012-06-18 00:00:00","4.0000","49.0000","49.0000","2012-06-17 22:00:00"
"16324","519","6","50","2012-06-07 00:00:00","2012-06-18 00:00:00","2012-06-16 00:00:00","2012-06-18 00:00:00","3.0000","36.7500","36.7500","2012-06-17 22:00:00"
"16324","519","7","60","2012-06-07 00:00:00","2012-06-18 00:00:00","2012-06-16 00:00:00","2012-06-18 00:00:00","4.0000","49.0000","49.0000","2012-06-17 22:00:00"
"16331","747","1","10","2012-06-07 00:00:00","2012-06-18 00:00:00","2012-06-16 00:00:00","2012-06-18 00:00:00","4.1000","92.2500","92.2500","2012-06-17 22:00:00"
"16331","747","2","20","2012-06-07 00:00:00","2012-06-18 00:00:00","2012-06-16 00:00:00","2012-06-18 00:00:00","3.5000","87.5000","87.5000","2012-06-17 22:00:00"
"16331","747","3","30","2012-06-07 00:00:00","2012-06-18 00:00:00","2012-06-16 00:00:00","2012-06-18 00:00:00","1.0000","14.5000","14.5000","2012-06-17 22:00:00"
"16331","747","4","40","2012-06-07 00:00:00","2012-06-18 00:00:00","2012-06-16 00:00:00","2012-06-18 00:00:00","2.0000","31.5000","31.5000","2012-06-17 22:00:00"
"16331","747","6","50","2012-06-07 00:00:00","2012-06-18 00:00:00","2012-06-16 00:00:00","2012-06-18 00:00:00","3.0000","36.7500","36.7500","2012-06-17 22:00:00"
"16331","747","7","60","2012-06-07 00:00:00","2012-06-18 00:00:00","2012-06-16 00:00:00","2012-06-18 00:00:00","4.0000","49.0000","49.0000","2012-06-17 22:00:00"
"16332","806","6","50","2012-06-07 00:00:00","2012-06-18 00:00:00","2012-06-16 00:00:00","2012-06-18 00:00:00","3.0000","36.7500","36.7500","2012-06-17 22:00:00"
"16333","810","1","10","2012-06-07 00:00:00","2012-06-18 00:00:00","2012-06-16 00:00:00","2012-06-18 00:00:00","4.1000","92.2500","92.2500","2012-06-17 22:00:00"
"16333","810","2","20","2012-06-07 00:00:00","2012-06-18 00:00:00","2012-06-16 00:00:00","2012-06-18 00:00:00","3.5000","87.5000","87.5000","2012-06-17 22:00:00"
"16333","810","6","50","2012-06-07 00:00:00","2012-06-18 00:00:00","2012-06-16 00:00:00","2012-06-18 00:00:00","3.0000","36.7500","36.7500","2012-06-17 22:00:00"
"16334","811","1","10","2012-06-07 00:00:00","2012-06-18 00:00:00","2012-06-16 00:00:00","2012-06-18 00:00:00","4.1000","92.2500","92.2500","2012-06-17 22:00:00"
"16334","811","2","20","2012-06-07 00:00:00","2012-06-18 00:00:00","2012-06-16 00:00:00","2012-06-18 00:00:00","3.5000","87.5000","87.5000","2012-06-17 22:00:00"
"16334","811","6","50","2012-06-07 00:00:00","2012-06-18 00:00:00","2012-06-16 00:00:00","2012-06-18 00:00:00","3.0000","36.7500","36.7500","2012-06-17 22:00:00"
"16335","812","1","10","2012-06-07 00:00:00","2012-06-18 00:00:00","2012-06-16 00:00:00","2012-06-18 00:00:00","4.1000","92.2500","92.2500","2012-06-17 22:00:00"
"16335","812","2","20","2012-06-07 00:00:00","2012-06-18 00:00:00","2012-06-16 00:00:00","2012-06-18 00:00:00","3.5000","87.5000","87.5000","2012-06-17 22:00:00"
"16335","812","6","50","2012-06-07 00:00:00","2012-06-18 00:00:00","2012-06-16 00:00:00","2012-06-18 00:00:00","3.0000","36.7500","36.7500","2012-06-17 22:00:00"
"16336","813","1","10","2012-06-07 00:00:00","2012-06-18 00:00:00","2012-06-16 00:00:00","2012-06-18 00:00:00","4.1000","92.2500","92.2500","2012-06-17 22:00:00"
"16336","813","2","20","2012-06-07 00:00:00","2012-06-18 00:00:00","2012-06-16 00:00:00","2012-06-18 00:00:00","3.5000","87.5000","87.5000","2012-06-17 22:00:00"
"16336","813","6","50","2012-06-07 00:00:00","2012-06-18 00:00:00","2012-06-16 00:00:00","2012-06-18 00:00:00","3.0000","36.7500","36.7500","2012-06-17 22:00:00"
"16337","816","6","50","2012-06-07 00:00:00","2012-06-18 00:00:00","2012-06-16 00:00:00","2012-06-18 00:00:00","3.0000","36.7500","36.7500","2012-06-17 22:00:00"
"16338","818","6","50","2012-06-07 00:00:00","2012-06-18 00:00:00","2012-06-16 00:00:00","2012-06-18 00:00:00","3.0000","36.7500","36.7500","2012-06-17 22:00:00"
"16339","819","6","50","2012-06-07 00:00:00","2012-06-18 00:00:00","2012-06-16 00:00:00","2012-06-18 00:00:00","3.0000","36.7500","36.7500","2012-06-17 22:00:00"
"16340","820","6","50","2012-06-07 00:00:00","2012-06-18 00:00:00","2012-06-16 00:00:00","2012-06-18 00:00:00","3.0000","36.7500","36.7500","2012-06-17 22:00:00"
"16341","824","6","50","2012-06-07 00:00:00","2012-06-18 00:00:00","2012-06-16 00:00:00","2012-06-18 00:00:00","3.0000","36.7500","36.7500","2012-06-17 22:00:00"
"16342","826","6","50","2012-06-07 00:00:00","2012-06-18 00:00:00","2012-06-16 00:00:00","2012-06-18 00:00:00","3.0000","36.7500","36.7500","2012-06-17 22:00:00"
"16343","827","6","50","2012-06-07 00:00:00","2012-06-18 00:00:00","2012-06-16 00:00:00","2012-06-18 00:00:00","3.0000","36.7500","36.7500","2012-06-17 22:00:00"
"16344","828","6","50","2012-06-07 00:00:00","2012-06-18 00:00:00","2012-06-16 00:00:00","2012-06-18 00:00:00","3.0000","36.7500","36.7500","2012-06-17 22:00:00"
"16347","894","6","50","2012-06-07 00:00:00","2012-06-18 00:00:00","2012-06-16 00:00:00","2012-06-18 00:00:00","3.0000","36.7500","36.7500","2012-06-17 22:00:00"
"16348","945","1","10","2012-06-07 00:00:00","2012-06-18 00:00:00","2012-06-16 00:00:00","2012-06-18 00:00:00","4.1000","92.2500","92.2500","2012-06-17 22:00:00"
"16348","945","6","50","2012-06-07 00:00:00","2012-06-18 00:00:00","2012-06-16 00:00:00","2012-06-18 00:00:00","3.0000","36.7500","36.7500","2012-06-17 22:00:00"
"16349","950","6","50","2012-06-07 00:00:00","2012-06-18 00:00:00","2012-06-16 00:00:00","2012-06-18 00:00:00","3.0000","36.7500","36.7500","2012-06-17 22:00:00"
"16350","994","6","50","2012-06-07 00:00:00","2012-06-18 00:00:00","2012-06-16 00:00:00","2012-06-18 00:00:00","3.0000","36.7500","36.7500","2012-06-17 22:00:00"
"16351","995","6","50","2012-06-07 00:00:00","2012-06-18 00:00:00","2012-06-16 00:00:00","2012-06-18 00:00:00","3.0000","36.7500","36.7500","2012-06-17 22:00:00"
"16352","996","6","50","2012-06-07 00:00:00","2012-06-18 00:00:00","2012-06-16 00:00:00","2012-06-18 00:00:00","3.0000","36.7500","36.7500","2012-06-17 22:00:00"
"16366","802","1","10","2012-06-07 00:00:00","2012-06-18 00:00:00","2012-06-16 00:00:00","2012-06-18 00:00:00","4.1000","92.2500","92.2500","2012-06-17 22:00:00"
"16366","802","6","50","2012-06-07 00:00:00","2012-06-18 00:00:00","2012-06-16 00:00:00","2012-06-18 00:00:00","3.0000","36.7500","36.7500","2012-06-17 22:00:00"
"16367","803","1","10","2012-06-07 00:00:00","2012-06-18 00:00:00","2012-06-16 00:00:00","2012-06-18 00:00:00","4.1000","92.2500","92.2500","2012-06-17 22:00:00"
"16367","803","6","50","2012-06-07 00:00:00","2012-06-18 00:00:00","2012-06-16 00:00:00","2012-06-18 00:00:00","3.0000","36.7500","36.7500","2012-06-17 22:00:00"
"16368","804","1","10","2012-06-07 00:00:00","2012-06-18 00:00:00","2012-06-16 00:00:00","2012-06-18 00:00:00","4.1000","92.2500","92.2500","2012-06-17 22:00:00"
"16368","804","6","50","2012-06-07 00:00:00","2012-06-18 00:00:00","2012-06-16 00:00:00","2012-06-18 00:00:00","3.0000","36.7500","36.7500","2012-06-17 22:00:00"
"16373","780","7","60","2012-06-08 00:00:00","2012-06-19 00:00:00","2012-06-08 00:00:00","2012-06-30 00:00:00","4.0000","49.0000","49.0000","2012-06-29 22:00:00"
"16374","783","7","60","2012-06-08 00:00:00","2012-06-19 00:00:00","2012-06-08 00:00:00","2012-06-30 00:00:00","4.0000","49.0000","49.0000","2012-06-29 22:00:00"
"16375","784","7","60","2012-06-08 00:00:00","2012-06-19 00:00:00","2012-06-08 00:00:00","2012-06-30 00:00:00","4.0000","49.0000","49.0000","2012-06-29 22:00:00"
"16376","792","7","60","2012-06-08 00:00:00","2012-06-19 00:00:00","2012-06-08 00:00:00","2012-06-30 00:00:00","4.0000","49.0000","49.0000","2012-06-29 22:00:00"
"16377","794","7","60","2012-06-08 00:00:00","2012-06-19 00:00:00","2012-06-08 00:00:00","2012-06-30 00:00:00","4.0000","49.0000","49.0000","2012-06-29 22:00:00"
"16378","796","7","60","2012-06-08 00:00:00","2012-06-19 00:00:00","2012-06-08 00:00:00","2012-06-30 00:00:00","4.0000","49.0000","49.0000","2012-06-29 22:00:00"
"16379","799","7","60","2012-06-08 00:00:00","2012-06-19 00:00:00","2012-06-08 00:00:00","2012-06-30 00:00:00","4.0000","49.0000","49.0000","2012-06-29 22:00:00"
"16380","516","6","50","2012-06-08 00:00:00","2012-06-19 00:00:00","2012-06-08 00:00:00","2012-06-30 00:00:00","3.0000","36.7500","36.7500","2012-06-29 22:00:00"
"16380","516","7","60","2012-06-08 00:00:00","2012-06-19 00:00:00","2012-06-08 00:00:00","2012-06-30 00:00:00","4.0000","49.0000","49.0000","2012-06-29 22:00:00"
"16381","518","6","50","2012-06-08 00:00:00","2012-06-19 00:00:00","2012-06-08 00:00:00","2012-06-30 00:00:00","3.0000","36.7500","36.7500","2012-06-29 22:00:00"
"16381","518","7","60","2012-06-08 00:00:00","2012-06-19 00:00:00","2012-06-08 00:00:00","2012-06-30 00:00:00","4.0000","49.0000","49.0000","2012-06-29 22:00:00"
"16382","519","6","50","2012-06-08 00:00:00","2012-06-19 00:00:00","2012-06-08 00:00:00","2012-06-30 00:00:00","3.0000","36.7500","36.7500","2012-06-29 22:00:00"
"16382","519","7","60","2012-06-08 00:00:00","2012-06-19 00:00:00","2012-06-08 00:00:00","2012-06-30 00:00:00","4.0000","49.0000","49.0000","2012-06-29 22:00:00"
"16388","806","6","50","2012-06-08 00:00:00","2012-06-19 00:00:00","2012-06-08 00:00:00","2012-06-30 00:00:00","3.0000","36.7500","36.7500","2012-06-29 22:00:00"
"16389","810","1","10","2012-06-08 00:00:00","2012-06-19 00:00:00","2012-06-08 00:00:00","2012-06-30 00:00:00","4.1000","92.2500","92.2500","2012-06-29 22:00:00"
"16389","810","2","20","2012-06-08 00:00:00","2012-06-19 00:00:00","2012-06-08 00:00:00","2012-06-30 00:00:00","3.5000","87.5000","87.5000","2012-06-29 22:00:00"
"16389","810","6","50","2012-06-08 00:00:00","2012-06-19 00:00:00","2012-06-08 00:00:00","2012-06-30 00:00:00","3.0000","36.7500","36.7500","2012-06-29 22:00:00"
"16390","812","1","10","2012-06-08 00:00:00","2012-06-19 00:00:00","2012-06-08 00:00:00","2012-06-30 00:00:00","4.1000","92.2500","92.2500","2012-06-29 22:00:00"
"16390","812","2","20","2012-06-08 00:00:00","2012-06-19 00:00:00","2012-06-08 00:00:00","2012-06-30 00:00:00","3.5000","87.5000","87.5000","2012-06-29 22:00:00"
"16390","812","6","50","2012-06-08 00:00:00","2012-06-19 00:00:00","2012-06-08 00:00:00","2012-06-30 00:00:00","3.0000","36.7500","36.7500","2012-06-29 22:00:00"
"16391","813","1","10","2012-06-08 00:00:00","2012-06-19 00:00:00","2012-06-08 00:00:00","2012-06-30 00:00:00","4.1000","92.2500","92.2500","2012-06-29 22:00:00"
"16391","813","2","20","2012-06-08 00:00:00","2012-06-19 00:00:00","2012-06-08 00:00:00","2012-06-30 00:00:00","3.5000","87.5000","87.5000","2012-06-29 22:00:00"
"16391","813","6","50","2012-06-08 00:00:00","2012-06-19 00:00:00","2012-06-08 00:00:00","2012-06-30 00:00:00","3.0000","36.7500","36.7500","2012-06-29 22:00:00"
"16392","816","6","50","2012-06-08 00:00:00","2012-06-19 00:00:00","2012-06-08 00:00:00","2012-06-30 00:00:00","3.0000","36.7500","36.7500","2012-06-29 22:00:00"
"16393","819","6","50","2012-06-08 00:00:00","2012-06-19 00:00:00","2012-06-08 00:00:00","2012-06-30 00:00:00","3.0000","36.7500","36.7500","2012-06-29 22:00:00"
"16394","820","6","50","2012-06-08 00:00:00","2012-06-19 00:00:00","2012-06-08 00:00:00","2012-06-30 00:00:00","3.0000","36.7500","36.7500","2012-06-29 22:00:00"
"16395","824","6","50","2012-06-08 00:00:00","2012-06-19 00:00:00","2012-06-08 00:00:00","2012-06-30 00:00:00","3.0000","36.7500","36.7500","2012-06-29 22:00:00"
"16396","827","6","50","2012-06-08 00:00:00","2012-06-19 00:00:00","2012-06-08 00:00:00","2012-06-30 00:00:00","3.0000","36.7500","36.7500","2012-06-29 22:00:00"
"16397","828","6","50","2012-06-08 00:00:00","2012-06-19 00:00:00","2012-06-08 00:00:00","2012-06-30 00:00:00","3.0000","36.7500","36.7500","2012-06-29 22:00:00"
"16400","894","6","50","2012-06-08 00:00:00","2012-06-19 00:00:00","2012-06-08 00:00:00","2012-06-30 00:00:00","3.0000","36.7500","36.7500","2012-06-29 22:00:00"
"16401","945","1","10","2012-06-08 00:00:00","2012-06-19 00:00:00","2012-06-08 00:00:00","2012-06-30 00:00:00","4.1000","92.2500","92.2500","2012-06-29 22:00:00"
"16401","945","6","50","2012-06-08 00:00:00","2012-06-19 00:00:00","2012-06-08 00:00:00","2012-06-30 00:00:00","3.0000","36.7500","36.7500","2012-06-29 22:00:00"
"16402","950","6","50","2012-06-08 00:00:00","2012-06-19 00:00:00","2012-06-08 00:00:00","2012-06-30 00:00:00","3.0000","36.7500","36.7500","2012-06-29 22:00:00"
"16403","994","6","50","2012-06-08 00:00:00","2012-06-19 00:00:00","2012-06-08 00:00:00","2012-06-30 00:00:00","3.0000","36.7500","36.7500","2012-06-29 22:00:00"
"16404","995","6","50","2012-06-08 00:00:00","2012-06-19 00:00:00","2012-06-08 00:00:00","2012-06-30 00:00:00","3.0000","36.7500","36.7500","2012-06-29 22:00:00"
"16405","996","6","50","2012-06-08 00:00:00","2012-06-19 00:00:00","2012-06-08 00:00:00","2012-06-30 00:00:00","3.0000","36.7500","36.7500","2012-06-29 22:00:00"
"16418","803","1","10","2012-06-08 00:00:00","2012-06-19 00:00:00","2012-06-08 00:00:00","2012-06-30 00:00:00","4.1000","92.2500","92.2500","2012-06-29 22:00:00"
"16418","803","6","50","2012-06-08 00:00:00","2012-06-19 00:00:00","2012-06-08 00:00:00","2012-06-30 00:00:00","3.0000","36.7500","36.7500","2012-06-29 22:00:00"
"16419","804","1","10","2012-06-08 00:00:00","2012-06-19 00:00:00","2012-06-08 00:00:00","2012-06-30 00:00:00","4.1000","92.2500","92.2500","2012-06-29 22:00:00"
"16419","804","6","50","2012-06-08 00:00:00","2012-06-19 00:00:00","2012-06-08 00:00:00","2012-06-30 00:00:00","3.0000","36.7500","36.7500","2012-06-29 22:00:00"
"16424","782","7","60","2012-06-09 00:00:00","2012-06-20 00:00:00","2012-06-10 00:00:00","2012-06-20 00:00:00","4.0000","49.0000","49.0000","2012-06-19 22:00:00"
"16425","791","7","60","2012-06-09 00:00:00","2012-06-20 00:00:00","2012-06-10 00:00:00","2012-06-20 00:00:00","4.0000","49.0000","49.0000","2012-06-19 22:00:00"
"16426","793","7","60","2012-06-09 00:00:00","2012-06-20 00:00:00","2012-06-10 00:00:00","2012-06-20 00:00:00","4.0000","49.0000","49.0000","2012-06-19 22:00:00"
"16427","796","7","60","2012-06-09 00:00:00","2012-06-20 00:00:00","2012-06-10 00:00:00","2012-06-20 00:00:00","4.0000","49.0000","49.0000","2012-06-19 22:00:00"
"16428","516","6","50","2012-06-09 00:00:00","2012-06-20 00:00:00","2012-06-10 00:00:00","2012-06-20 00:00:00","3.0000","36.7500","36.7500","2012-06-19 22:00:00"
"16428","516","7","60","2012-06-09 00:00:00","2012-06-20 00:00:00","2012-06-10 00:00:00","2012-06-20 00:00:00","4.0000","49.0000","49.0000","2012-06-19 22:00:00"
"16429","519","6","50","2012-06-09 00:00:00","2012-06-20 00:00:00","2012-06-10 00:00:00","2012-06-20 00:00:00","3.0000","36.7500","36.7500","2012-06-19 22:00:00"
"16429","519","7","60","2012-06-09 00:00:00","2012-06-20 00:00:00","2012-06-10 00:00:00","2012-06-20 00:00:00","4.0000","49.0000","49.0000","2012-06-19 22:00:00"
"16432","747","1","10","2012-06-09 00:00:00","2012-06-20 00:00:00","2012-06-10 00:00:00","2012-06-20 00:00:00","4.1000","92.2500","92.2500","2012-06-19 22:00:00"
"16432","747","2","20","2012-06-09 00:00:00","2012-06-20 00:00:00","2012-06-10 00:00:00","2012-06-20 00:00:00","3.5000","87.5000","87.5000","2012-06-19 22:00:00"
"16432","747","3","30","2012-06-09 00:00:00","2012-06-20 00:00:00","2012-06-10 00:00:00","2012-06-20 00:00:00","1.0000","14.5000","14.5000","2012-06-19 22:00:00"
"16432","747","4","40","2012-06-09 00:00:00","2012-06-20 00:00:00","2012-06-10 00:00:00","2012-06-20 00:00:00","2.0000","31.5000","31.5000","2012-06-19 22:00:00"
"16432","747","6","50","2012-06-09 00:00:00","2012-06-20 00:00:00","2012-06-10 00:00:00","2012-06-20 00:00:00","3.0000","36.7500","36.7500","2012-06-19 22:00:00"
"16432","747","7","60","2012-06-09 00:00:00","2012-06-20 00:00:00","2012-06-10 00:00:00","2012-06-20 00:00:00","4.0000","49.0000","49.0000","2012-06-19 22:00:00"
"16433","806","6","50","2012-06-09 00:00:00","2012-06-20 00:00:00","2012-06-10 00:00:00","2012-06-20 00:00:00","3.0000","36.7500","36.7500","2012-06-19 22:00:00"
"16434","810","1","10","2012-06-09 00:00:00","2012-06-20 00:00:00","2012-06-10 00:00:00","2012-06-20 00:00:00","4.1000","92.2500","92.2500","2012-06-19 22:00:00"
"16434","810","2","20","2012-06-09 00:00:00","2012-06-20 00:00:00","2012-06-10 00:00:00","2012-06-20 00:00:00","3.5000","87.5000","87.5000","2012-06-19 22:00:00"
"16434","810","6","50","2012-06-09 00:00:00","2012-06-20 00:00:00","2012-06-10 00:00:00","2012-06-20 00:00:00","3.0000","36.7500","36.7500","2012-06-19 22:00:00"
"16435","813","1","10","2012-06-09 00:00:00","2012-06-20 00:00:00","2012-06-10 00:00:00","2012-06-20 00:00:00","4.1000","92.2500","92.2500","2012-06-19 22:00:00"
"16435","813","2","20","2012-06-09 00:00:00","2012-06-20 00:00:00","2012-06-10 00:00:00","2012-06-20 00:00:00","3.5000","87.5000","87.5000","2012-06-19 22:00:00"
"16435","813","6","50","2012-06-09 00:00:00","2012-06-20 00:00:00","2012-06-10 00:00:00","2012-06-20 00:00:00","3.0000","36.7500","36.7500","2012-06-19 22:00:00"
"16436","816","6","50","2012-06-09 00:00:00","2012-06-20 00:00:00","2012-06-10 00:00:00","2012-06-20 00:00:00","3.0000","36.7500","36.7500","2012-06-19 22:00:00"
"16437","820","6","50","2012-06-09 00:00:00","2012-06-20 00:00:00","2012-06-10 00:00:00","2012-06-20 00:00:00","3.0000","36.7500","36.7500","2012-06-19 22:00:00"
"16438","824","6","50","2012-06-09 00:00:00","2012-06-20 00:00:00","2012-06-10 00:00:00","2012-06-20 00:00:00","3.0000","36.7500","36.7500","2012-06-19 22:00:00"
"16439","828","6","50","2012-06-09 00:00:00","2012-06-20 00:00:00","2012-06-10 00:00:00","2012-06-20 00:00:00","3.0000","36.7500","36.7500","2012-06-19 22:00:00"
"16441","894","6","50","2012-06-09 00:00:00","2012-06-20 00:00:00","2012-06-10 00:00:00","2012-06-20 00:00:00","3.0000","36.7500","36.7500","2012-06-19 22:00:00"
"16442","945","1","10","2012-06-09 00:00:00","2012-06-20 00:00:00","2012-06-10 00:00:00","2012-06-20 00:00:00","4.1000","92.2500","92.2500","2012-06-19 22:00:00"
"16442","945","6","50","2012-06-09 00:00:00","2012-06-20 00:00:00","2012-06-10 00:00:00","2012-06-20 00:00:00","3.0000","36.7500","36.7500","2012-06-19 22:00:00"
"16443","950","6","50","2012-06-09 00:00:00","2012-06-20 00:00:00","2012-06-10 00:00:00","2012-06-20 00:00:00","3.0000","36.7500","36.7500","2012-06-19 22:00:00"
"16444","995","6","50","2012-06-09 00:00:00","2012-06-20 00:00:00","2012-06-10 00:00:00","2012-06-20 00:00:00","3.0000","36.7500","36.7500","2012-06-19 22:00:00"
"16445","996","6","50","2012-06-09 00:00:00","2012-06-20 00:00:00","2012-06-10 00:00:00","2012-06-20 00:00:00","3.0000","36.7500","36.7500","2012-06-19 22:00:00"
"16458","804","1","10","2012-06-09 00:00:00","2012-06-20 00:00:00","2012-06-10 00:00:00","2012-06-20 00:00:00","4.1000","92.2500","92.2500","2012-06-19 22:00:00"
"16458","804","6","50","2012-06-09 00:00:00","2012-06-20 00:00:00","2012-06-10 00:00:00","2012-06-20 00:00:00","3.0000","36.7500","36.7500","2012-06-19 22:00:00"
"16463","780","7","60","2012-06-10 00:00:00","2012-06-21 00:00:00","2012-06-10 00:00:00","2012-07-04 00:00:00","4.0000","49.0000","49.0000","2012-07-03 22:00:00"
"16464","783","7","60","2012-06-10 00:00:00","2012-06-21 00:00:00","2012-06-10 00:00:00","2012-07-04 00:00:00","4.0000","49.0000","49.0000","2012-07-03 22:00:00"
"16465","789","7","60","2012-06-10 00:00:00","2012-06-21 00:00:00","2012-06-10 00:00:00","2012-07-04 00:00:00","4.0000","49.0000","49.0000","2012-07-03 22:00:00"
"16466","790","7","60","2012-06-10 00:00:00","2012-06-21 00:00:00","2012-06-10 00:00:00","2012-07-04 00:00:00","4.0000","49.0000","49.0000","2012-07-03 22:00:00"
"16467","516","6","50","2012-06-10 00:00:00","2012-06-21 00:00:00","2012-06-10 00:00:00","2012-07-04 00:00:00","3.0000","36.7500","36.7500","2012-07-03 22:00:00"
"16467","516","7","60","2012-06-10 00:00:00","2012-06-21 00:00:00","2012-06-10 00:00:00","2012-07-04 00:00:00","4.0000","49.0000","49.0000","2012-07-03 22:00:00"
"16468","519","6","50","2012-06-10 00:00:00","2012-06-21 00:00:00","2012-06-10 00:00:00","2012-07-04 00:00:00","3.0000","36.7500","36.7500","2012-07-03 22:00:00"
"16468","519","7","60","2012-06-10 00:00:00","2012-06-21 00:00:00","2012-06-10 00:00:00","2012-07-04 00:00:00","4.0000","49.0000","49.0000","2012-07-03 22:00:00"
"16473","806","6","50","2012-06-10 00:00:00","2012-06-21 00:00:00","2012-06-10 00:00:00","2012-07-04 00:00:00","3.0000","36.7500","36.7500","2012-07-03 22:00:00"
"16474","810","1","10","2012-06-10 00:00:00","2012-06-21 00:00:00","2012-06-10 00:00:00","2012-07-04 00:00:00","4.1000","92.2500","92.2500","2012-07-03 22:00:00"
"16474","810","2","20","2012-06-10 00:00:00","2012-06-21 00:00:00","2012-06-10 00:00:00","2012-07-04 00:00:00","3.5000","87.5000","87.5000","2012-07-03 22:00:00"
"16474","810","6","50","2012-06-10 00:00:00","2012-06-21 00:00:00","2012-06-10 00:00:00","2012-07-04 00:00:00","3.0000","36.7500","36.7500","2012-07-03 22:00:00"
"16475","813","1","10","2012-06-10 00:00:00","2012-06-21 00:00:00","2012-06-10 00:00:00","2012-07-04 00:00:00","4.1000","92.2500","92.2500","2012-07-03 22:00:00"
"16475","813","2","20","2012-06-10 00:00:00","2012-06-21 00:00:00","2012-06-10 00:00:00","2012-07-04 00:00:00","3.5000","87.5000","87.5000","2012-07-03 22:00:00"
"16475","813","6","50","2012-06-10 00:00:00","2012-06-21 00:00:00","2012-06-10 00:00:00","2012-07-04 00:00:00","3.0000","36.7500","36.7500","2012-07-03 22:00:00"
"16476","816","6","50","2012-06-10 00:00:00","2012-06-21 00:00:00","2012-06-10 00:00:00","2012-07-04 00:00:00","3.0000","36.7500","36.7500","2012-07-03 22:00:00"
"16477","820","6","50","2012-06-10 00:00:00","2012-06-21 00:00:00","2012-06-10 00:00:00","2012-07-04 00:00:00","3.0000","36.7500","36.7500","2012-07-03 22:00:00"
"16478","824","6","50","2012-06-10 00:00:00","2012-06-21 00:00:00","2012-06-10 00:00:00","2012-07-04 00:00:00","3.0000","36.7500","36.7500","2012-07-03 22:00:00"
"16479","828","6","50","2012-06-10 00:00:00","2012-06-21 00:00:00","2012-06-10 00:00:00","2012-07-04 00:00:00","3.0000","36.7500","36.7500","2012-07-03 22:00:00"
"16480","894","6","50","2012-06-10 00:00:00","2012-06-21 00:00:00","2012-06-10 00:00:00","2012-07-04 00:00:00","3.0000","36.7500","36.7500","2012-07-03 22:00:00"
"16481","945","1","10","2012-06-10 00:00:00","2012-06-21 00:00:00","2012-06-10 00:00:00","2012-07-04 00:00:00","4.1000","92.2500","92.2500","2012-07-03 22:00:00"
"16481","945","6","50","2012-06-10 00:00:00","2012-06-21 00:00:00","2012-06-10 00:00:00","2012-07-04 00:00:00","3.0000","36.7500","36.7500","2012-07-03 22:00:00"
"16482","950","6","50","2012-06-10 00:00:00","2012-06-21 00:00:00","2012-06-10 00:00:00","2012-07-04 00:00:00","3.0000","36.7500","36.7500","2012-07-03 22:00:00"
"16483","995","6","50","2012-06-10 00:00:00","2012-06-21 00:00:00","2012-06-10 00:00:00","2012-07-04 00:00:00","3.0000","36.7500","36.7500","2012-07-03 22:00:00"
"16484","996","6","50","2012-06-10 00:00:00","2012-06-21 00:00:00","2012-06-10 00:00:00","2012-07-04 00:00:00","3.0000","36.7500","36.7500","2012-07-03 22:00:00"
"16497","804","1","10","2012-06-10 00:00:00","2012-06-21 00:00:00","2012-06-10 00:00:00","2012-07-04 00:00:00","4.1000","92.2500","92.2500","2012-07-03 22:00:00"
"16497","804","6","50","2012-06-10 00:00:00","2012-06-21 00:00:00","2012-06-10 00:00:00","2012-07-04 00:00:00","3.0000","36.7500","36.7500","2012-07-03 22:00:00"
"16502","759","7","60","2012-06-11 00:00:00","2012-06-22 00:00:00","2012-06-14 00:00:00","2012-06-22 00:00:00","4.0000","49.0000","49.0000","2012-06-21 22:00:00"
"16503","770","7","60","2012-06-11 00:00:00","2012-06-22 00:00:00","2012-06-14 00:00:00","2012-06-22 00:00:00","4.0000","49.0000","49.0000","2012-06-21 22:00:00"
"16504","795","7","60","2012-06-11 00:00:00","2012-06-22 00:00:00","2012-06-14 00:00:00","2012-06-22 00:00:00","4.0000","49.0000","49.0000","2012-06-21 22:00:00"
"16505","796","7","60","2012-06-11 00:00:00","2012-06-22 00:00:00","2012-06-14 00:00:00","2012-06-22 00:00:00","4.0000","49.0000","49.0000","2012-06-21 22:00:00"
"16506","798","7","60","2012-06-11 00:00:00","2012-06-22 00:00:00","2012-06-14 00:00:00","2012-06-22 00:00:00","4.0000","49.0000","49.0000","2012-06-21 22:00:00"
"16507","517","6","50","2012-06-11 00:00:00","2012-06-22 00:00:00","2012-06-14 00:00:00","2012-06-22 00:00:00","3.0000","36.7500","36.7500","2012-06-21 22:00:00"
"16507","517","7","60","2012-06-11 00:00:00","2012-06-22 00:00:00","2012-06-14 00:00:00","2012-06-22 00:00:00","4.0000","49.0000","49.0000","2012-06-21 22:00:00"
"16508","518","6","50","2012-06-11 00:00:00","2012-06-22 00:00:00","2012-06-14 00:00:00","2012-06-22 00:00:00","3.0000","36.7500","36.7500","2012-06-21 22:00:00"
"16508","518","7","60","2012-06-11 00:00:00","2012-06-22 00:00:00","2012-06-14 00:00:00","2012-06-22 00:00:00","4.0000","49.0000","49.0000","2012-06-21 22:00:00"
"16509","519","6","50","2012-06-11 00:00:00","2012-06-22 00:00:00","2012-06-14 00:00:00","2012-06-22 00:00:00","3.0000","36.7500","36.7500","2012-06-21 22:00:00"
"16509","519","7","60","2012-06-11 00:00:00","2012-06-22 00:00:00","2012-06-14 00:00:00","2012-06-22 00:00:00","4.0000","49.0000","49.0000","2012-06-21 22:00:00"
"16513","806","6","50","2012-06-11 00:00:00","2012-06-22 00:00:00","2012-06-14 00:00:00","2012-06-22 00:00:00","3.0000","36.7500","36.7500","2012-06-21 22:00:00"
"16514","811","1","10","2012-06-11 00:00:00","2012-06-22 00:00:00","2012-06-14 00:00:00","2012-06-22 00:00:00","4.1000","92.2500","92.2500","2012-06-21 22:00:00"
"16514","811","2","20","2012-06-11 00:00:00","2012-06-22 00:00:00","2012-06-14 00:00:00","2012-06-22 00:00:00","3.5000","87.5000","87.5000","2012-06-21 22:00:00"
"16514","811","6","50","2012-06-11 00:00:00","2012-06-22 00:00:00","2012-06-14 00:00:00","2012-06-22 00:00:00","3.0000","36.7500","36.7500","2012-06-21 22:00:00"
"16515","812","1","10","2012-06-11 00:00:00","2012-06-22 00:00:00","2012-06-14 00:00:00","2012-06-22 00:00:00","4.1000","92.2500","92.2500","2012-06-21 22:00:00"
"16515","812","2","20","2012-06-11 00:00:00","2012-06-22 00:00:00","2012-06-14 00:00:00","2012-06-22 00:00:00","3.5000","87.5000","87.5000","2012-06-21 22:00:00"
"16515","812","6","50","2012-06-11 00:00:00","2012-06-22 00:00:00","2012-06-14 00:00:00","2012-06-22 00:00:00","3.0000","36.7500","36.7500","2012-06-21 22:00:00"
"16516","813","1","10","2012-06-11 00:00:00","2012-06-22 00:00:00","2012-06-14 00:00:00","2012-06-22 00:00:00","4.1000","92.2500","92.2500","2012-06-21 22:00:00"
"16516","813","2","20","2012-06-11 00:00:00","2012-06-22 00:00:00","2012-06-14 00:00:00","2012-06-22 00:00:00","3.5000","87.5000","87.5000","2012-06-21 22:00:00"
"16516","813","6","50","2012-06-11 00:00:00","2012-06-22 00:00:00","2012-06-14 00:00:00","2012-06-22 00:00:00","3.0000","36.7500","36.7500","2012-06-21 22:00:00"
"16517","818","6","50","2012-06-11 00:00:00","2012-06-22 00:00:00","2012-06-14 00:00:00","2012-06-22 00:00:00","3.0000","36.7500","36.7500","2012-06-21 22:00:00"
"16518","819","6","50","2012-06-11 00:00:00","2012-06-22 00:00:00","2012-06-14 00:00:00","2012-06-22 00:00:00","3.0000","36.7500","36.7500","2012-06-21 22:00:00"
"16519","820","6","50","2012-06-11 00:00:00","2012-06-22 00:00:00","2012-06-14 00:00:00","2012-06-22 00:00:00","3.0000","36.7500","36.7500","2012-06-21 22:00:00"
"16520","826","6","50","2012-06-11 00:00:00","2012-06-22 00:00:00","2012-06-14 00:00:00","2012-06-22 00:00:00","3.0000","36.7500","36.7500","2012-06-21 22:00:00"
"16521","827","6","50","2012-06-11 00:00:00","2012-06-22 00:00:00","2012-06-14 00:00:00","2012-06-22 00:00:00","3.0000","36.7500","36.7500","2012-06-21 22:00:00"
"16522","828","6","50","2012-06-11 00:00:00","2012-06-22 00:00:00","2012-06-14 00:00:00","2012-06-22 00:00:00","3.0000","36.7500","36.7500","2012-06-21 22:00:00"
"16525","894","6","50","2012-06-11 00:00:00","2012-06-22 00:00:00","2012-06-14 00:00:00","2012-06-22 00:00:00","3.0000","36.7500","36.7500","2012-06-21 22:00:00"
"16526","945","1","10","2012-06-11 00:00:00","2012-06-22 00:00:00","2012-06-14 00:00:00","2012-06-22 00:00:00","4.1000","92.2500","92.2500","2012-06-21 22:00:00"
"16526","945","6","50","2012-06-11 00:00:00","2012-06-22 00:00:00","2012-06-14 00:00:00","2012-06-22 00:00:00","3.0000","36.7500","36.7500","2012-06-21 22:00:00"
"16527","950","6","50","2012-06-11 00:00:00","2012-06-22 00:00:00","2012-06-14 00:00:00","2012-06-22 00:00:00","3.0000","36.7500","36.7500","2012-06-21 22:00:00"
"16528","994","6","50","2012-06-11 00:00:00","2012-06-22 00:00:00","2012-06-14 00:00:00","2012-06-22 00:00:00","3.0000","36.7500","36.7500","2012-06-21 22:00:00"
"16529","996","6","50","2012-06-11 00:00:00","2012-06-22 00:00:00","2012-06-14 00:00:00","2012-06-22 00:00:00","3.0000","36.7500","36.7500","2012-06-21 22:00:00"
"16542","802","1","10","2012-06-11 00:00:00","2012-06-22 00:00:00","2012-06-14 00:00:00","2012-06-22 00:00:00","4.1000","92.2500","92.2500","2012-06-21 22:00:00"
"16542","802","6","50","2012-06-11 00:00:00","2012-06-22 00:00:00","2012-06-14 00:00:00","2012-06-22 00:00:00","3.0000","36.7500","36.7500","2012-06-21 22:00:00"
"16543","803","1","10","2012-06-11 00:00:00","2012-06-22 00:00:00","2012-06-14 00:00:00","2012-06-22 00:00:00","4.1000","92.2500","92.2500","2012-06-21 22:00:00"
"16543","803","6","50","2012-06-11 00:00:00","2012-06-22 00:00:00","2012-06-14 00:00:00","2012-06-22 00:00:00","3.0000","36.7500","36.7500","2012-06-21 22:00:00"
"16544","804","1","10","2012-06-11 00:00:00","2012-06-22 00:00:00","2012-06-14 00:00:00","2012-06-22 00:00:00","4.1000","92.2500","92.2500","2012-06-21 22:00:00"
"16544","804","6","50","2012-06-11 00:00:00","2012-06-22 00:00:00","2012-06-14 00:00:00","2012-06-22 00:00:00","3.0000","36.7500","36.7500","2012-06-21 22:00:00"
"16549","761","7","60","2012-06-12 00:00:00","2012-06-23 00:00:00","2012-06-12 00:00:00","2012-07-08 00:00:00","4.0000","49.0000","49.0000","2012-07-07 22:00:00"
"16550","765","7","60","2012-06-12 00:00:00","2012-06-23 00:00:00","2012-06-12 00:00:00","2012-07-08 00:00:00","4.0000","49.0000","49.0000","2012-07-07 22:00:00"
"16551","768","7","60","2012-06-12 00:00:00","2012-06-23 00:00:00","2012-06-12 00:00:00","2012-07-08 00:00:00","4.0000","49.0000","49.0000","2012-07-07 22:00:00"
"16552","780","7","60","2012-06-12 00:00:00","2012-06-23 00:00:00","2012-06-12 00:00:00","2012-07-08 00:00:00","4.0000","49.0000","49.0000","2012-07-07 22:00:00"
"16553","783","7","60","2012-06-12 00:00:00","2012-06-23 00:00:00","2012-06-12 00:00:00","2012-07-08 00:00:00","4.0000","49.0000","49.0000","2012-07-07 22:00:00"
"16554","784","7","60","2012-06-12 00:00:00","2012-06-23 00:00:00","2012-06-12 00:00:00","2012-07-08 00:00:00","4.0000","49.0000","49.0000","2012-07-07 22:00:00"
"16555","789","7","60","2012-06-12 00:00:00","2012-06-23 00:00:00","2012-06-12 00:00:00","2012-07-08 00:00:00","4.0000","49.0000","49.0000","2012-07-07 22:00:00"
"16556","790","7","60","2012-06-12 00:00:00","2012-06-23 00:00:00","2012-06-12 00:00:00","2012-07-08 00:00:00","4.0000","49.0000","49.0000","2012-07-07 22:00:00"
"16557","793","7","60","2012-06-12 00:00:00","2012-06-23 00:00:00","2012-06-12 00:00:00","2012-07-08 00:00:00","4.0000","49.0000","49.0000","2012-07-07 22:00:00"
"16558","794","7","60","2012-06-12 00:00:00","2012-06-23 00:00:00","2012-06-12 00:00:00","2012-07-08 00:00:00","4.0000","49.0000","49.0000","2012-07-07 22:00:00"
"16559","800","7","60","2012-06-12 00:00:00","2012-06-23 00:00:00","2012-06-12 00:00:00","2012-07-08 00:00:00","4.0000","49.0000","49.0000","2012-07-07 22:00:00"
"16560","516","6","50","2012-06-12 00:00:00","2012-06-23 00:00:00","2012-06-12 00:00:00","2012-07-08 00:00:00","3.0000","36.7500","36.7500","2012-07-07 22:00:00"
"16560","516","7","60","2012-06-12 00:00:00","2012-06-23 00:00:00","2012-06-12 00:00:00","2012-07-08 00:00:00","4.0000","49.0000","49.0000","2012-07-07 22:00:00"
"16561","517","6","50","2012-06-12 00:00:00","2012-06-23 00:00:00","2012-06-12 00:00:00","2012-07-08 00:00:00","3.0000","36.7500","36.7500","2012-07-07 22:00:00"
"16561","517","7","60","2012-06-12 00:00:00","2012-06-23 00:00:00","2012-06-12 00:00:00","2012-07-08 00:00:00","4.0000","49.0000","49.0000","2012-07-07 22:00:00"
"16562","518","6","50","2012-06-12 00:00:00","2012-06-23 00:00:00","2012-06-12 00:00:00","2012-07-08 00:00:00","3.0000","36.7500","36.7500","2012-07-07 22:00:00"
"16562","518","7","60","2012-06-12 00:00:00","2012-06-23 00:00:00","2012-06-12 00:00:00","2012-07-08 00:00:00","4.0000","49.0000","49.0000","2012-07-07 22:00:00"
"16563","519","6","50","2012-06-12 00:00:00","2012-06-23 00:00:00","2012-06-12 00:00:00","2012-07-08 00:00:00","3.0000","36.7500","36.7500","2012-07-07 22:00:00"
"16563","519","7","60","2012-06-12 00:00:00","2012-06-23 00:00:00","2012-06-12 00:00:00","2012-07-08 00:00:00","4.0000","49.0000","49.0000","2012-07-07 22:00:00"
"16572","806","6","50","2012-06-12 00:00:00","2012-06-23 00:00:00","2012-06-12 00:00:00","2012-07-08 00:00:00","3.0000","36.7500","36.7500","2012-07-07 22:00:00"
"16573","810","1","10","2012-06-12 00:00:00","2012-06-23 00:00:00","2012-06-12 00:00:00","2012-07-08 00:00:00","4.1000","92.2500","92.2500","2012-07-07 22:00:00"
"16573","810","2","20","2012-06-12 00:00:00","2012-06-23 00:00:00","2012-06-12 00:00:00","2012-07-08 00:00:00","3.5000","87.5000","87.5000","2012-07-07 22:00:00"
"16573","810","6","50","2012-06-12 00:00:00","2012-06-23 00:00:00","2012-06-12 00:00:00","2012-07-08 00:00:00","3.0000","36.7500","36.7500","2012-07-07 22:00:00"
"16574","811","1","10","2012-06-12 00:00:00","2012-06-23 00:00:00","2012-06-12 00:00:00","2012-07-08 00:00:00","4.1000","92.2500","92.2500","2012-07-07 22:00:00"
"16574","811","2","20","2012-06-12 00:00:00","2012-06-23 00:00:00","2012-06-12 00:00:00","2012-07-08 00:00:00","3.5000","87.5000","87.5000","2012-07-07 22:00:00"
"16574","811","6","50","2012-06-12 00:00:00","2012-06-23 00:00:00","2012-06-12 00:00:00","2012-07-08 00:00:00","3.0000","36.7500","36.7500","2012-07-07 22:00:00"
"16575","812","1","10","2012-06-12 00:00:00","2012-06-23 00:00:00","2012-06-12 00:00:00","2012-07-08 00:00:00","4.1000","92.2500","92.2500","2012-07-07 22:00:00"
"16575","812","2","20","2012-06-12 00:00:00","2012-06-23 00:00:00","2012-06-12 00:00:00","2012-07-08 00:00:00","3.5000","87.5000","87.5000","2012-07-07 22:00:00"
"16575","812","6","50","2012-06-12 00:00:00","2012-06-23 00:00:00","2012-06-12 00:00:00","2012-07-08 00:00:00","3.0000","36.7500","36.7500","2012-07-07 22:00:00"
"16576","813","1","10","2012-06-12 00:00:00","2012-06-23 00:00:00","2012-06-12 00:00:00","2012-07-08 00:00:00","4.1000","92.2500","92.2500","2012-07-07 22:00:00"
"16576","813","2","20","2012-06-12 00:00:00","2012-06-23 00:00:00","2012-06-12 00:00:00","2012-07-08 00:00:00","3.5000","87.5000","87.5000","2012-07-07 22:00:00"
"16576","813","6","50","2012-06-12 00:00:00","2012-06-23 00:00:00","2012-06-12 00:00:00","2012-07-08 00:00:00","3.0000","36.7500","36.7500","2012-07-07 22:00:00"
"16577","816","6","50","2012-06-12 00:00:00","2012-06-23 00:00:00","2012-06-12 00:00:00","2012-07-08 00:00:00","3.0000","36.7500","36.7500","2012-07-07 22:00:00"
"16578","818","6","50","2012-06-12 00:00:00","2012-06-23 00:00:00","2012-06-12 00:00:00","2012-07-08 00:00:00","3.0000","36.7500","36.7500","2012-07-07 22:00:00"
"16579","819","6","50","2012-06-12 00:00:00","2012-06-23 00:00:00","2012-06-12 00:00:00","2012-07-08 00:00:00","3.0000","36.7500","36.7500","2012-07-07 22:00:00"
"16580","820","6","50","2012-06-12 00:00:00","2012-06-23 00:00:00","2012-06-12 00:00:00","2012-07-08 00:00:00","3.0000","36.7500","36.7500","2012-07-07 22:00:00"
"16581","824","6","50","2012-06-12 00:00:00","2012-06-23 00:00:00","2012-06-12 00:00:00","2012-07-08 00:00:00","3.0000","36.7500","36.7500","2012-07-07 22:00:00"
"16582","826","6","50","2012-06-12 00:00:00","2012-06-23 00:00:00","2012-06-12 00:00:00","2012-07-08 00:00:00","3.0000","36.7500","36.7500","2012-07-07 22:00:00"
"16583","827","6","50","2012-06-12 00:00:00","2012-06-23 00:00:00","2012-06-12 00:00:00","2012-07-08 00:00:00","3.0000","36.7500","36.7500","2012-07-07 22:00:00"
"16584","828","6","50","2012-06-12 00:00:00","2012-06-23 00:00:00","2012-06-12 00:00:00","2012-07-08 00:00:00","3.0000","36.7500","36.7500","2012-07-07 22:00:00"
"16588","894","6","50","2012-06-12 00:00:00","2012-06-23 00:00:00","2012-06-12 00:00:00","2012-07-08 00:00:00","3.0000","36.7500","36.7500","2012-07-07 22:00:00"
"16589","945","1","10","2012-06-12 00:00:00","2012-06-23 00:00:00","2012-06-12 00:00:00","2012-07-08 00:00:00","4.1000","92.2500","92.2500","2012-07-07 22:00:00"
"16589","945","6","50","2012-06-12 00:00:00","2012-06-23 00:00:00","2012-06-12 00:00:00","2012-07-08 00:00:00","3.0000","36.7500","36.7500","2012-07-07 22:00:00"
"16590","950","6","50","2012-06-12 00:00:00","2012-06-23 00:00:00","2012-06-12 00:00:00","2012-07-08 00:00:00","3.0000","36.7500","36.7500","2012-07-07 22:00:00"
"16591","994","6","50","2012-06-12 00:00:00","2012-06-23 00:00:00","2012-06-12 00:00:00","2012-07-08 00:00:00","3.0000","36.7500","36.7500","2012-07-07 22:00:00"
"16592","995","6","50","2012-06-12 00:00:00","2012-06-23 00:00:00","2012-06-12 00:00:00","2012-07-08 00:00:00","3.0000","36.7500","36.7500","2012-07-07 22:00:00"
"16593","996","6","50","2012-06-12 00:00:00","2012-06-23 00:00:00","2012-06-12 00:00:00","2012-07-08 00:00:00","3.0000","36.7500","36.7500","2012-07-07 22:00:00"
"16607","802","1","10","2012-06-12 00:00:00","2012-06-23 00:00:00","2012-06-12 00:00:00","2012-07-08 00:00:00","4.1000","92.2500","92.2500","2012-07-07 22:00:00"
"16607","802","6","50","2012-06-12 00:00:00","2012-06-23 00:00:00","2012-06-12 00:00:00","2012-07-08 00:00:00","3.0000","36.7500","36.7500","2012-07-07 22:00:00"
"16608","803","1","10","2012-06-12 00:00:00","2012-06-23 00:00:00","2012-06-12 00:00:00","2012-07-08 00:00:00","4.1000","92.2500","92.2500","2012-07-07 22:00:00"
"16608","803","6","50","2012-06-12 00:00:00","2012-06-23 00:00:00","2012-06-12 00:00:00","2012-07-08 00:00:00","3.0000","36.7500","36.7500","2012-07-07 22:00:00"
"16609","804","1","10","2012-06-12 00:00:00","2012-06-23 00:00:00","2012-06-12 00:00:00","2012-07-08 00:00:00","4.1000","92.2500","92.2500","2012-07-07 22:00:00"
"16609","804","6","50","2012-06-12 00:00:00","2012-06-23 00:00:00","2012-06-12 00:00:00","2012-07-08 00:00:00","3.0000","36.7500","36.7500","2012-07-07 22:00:00"
"16614","779","7","60","2012-06-13 00:00:00","2012-06-24 00:00:00","2012-06-18 00:00:00","2012-06-24 00:00:00","4.0000","49.0000","49.0000","2012-06-23 22:00:00"
"16615","783","7","60","2012-06-13 00:00:00","2012-06-24 00:00:00","2012-06-18 00:00:00","2012-06-24 00:00:00","4.0000","49.0000","49.0000","2012-06-23 22:00:00"
"16616","791","7","60","2012-06-13 00:00:00","2012-06-24 00:00:00","2012-06-18 00:00:00","2012-06-24 00:00:00","4.0000","49.0000","49.0000","2012-06-23 22:00:00"
"16617","792","7","60","2012-06-13 00:00:00","2012-06-24 00:00:00","2012-06-18 00:00:00","2012-06-24 00:00:00","4.0000","49.0000","49.0000","2012-06-23 22:00:00"
"16618","794","7","60","2012-06-13 00:00:00","2012-06-24 00:00:00","2012-06-18 00:00:00","2012-06-24 00:00:00","4.0000","49.0000","49.0000","2012-06-23 22:00:00"
"16619","795","7","60","2012-06-13 00:00:00","2012-06-24 00:00:00","2012-06-18 00:00:00","2012-06-24 00:00:00","4.0000","49.0000","49.0000","2012-06-23 22:00:00"
"16620","516","6","50","2012-06-13 00:00:00","2012-06-24 00:00:00","2012-06-18 00:00:00","2012-06-24 00:00:00","3.0000","36.7500","36.7500","2012-06-23 22:00:00"
"16620","516","7","60","2012-06-13 00:00:00","2012-06-24 00:00:00","2012-06-18 00:00:00","2012-06-24 00:00:00","4.0000","49.0000","49.0000","2012-06-23 22:00:00"
"16621","519","6","50","2012-06-13 00:00:00","2012-06-24 00:00:00","2012-06-18 00:00:00","2012-06-24 00:00:00","3.0000","36.7500","36.7500","2012-06-23 22:00:00"
"16621","519","7","60","2012-06-13 00:00:00","2012-06-24 00:00:00","2012-06-18 00:00:00","2012-06-24 00:00:00","4.0000","49.0000","49.0000","2012-06-23 22:00:00"
"16625","748","1","10","2012-06-13 00:00:00","2012-06-24 00:00:00","2012-06-18 00:00:00","2012-06-24 00:00:00","4.1000","92.2500","92.2500","2012-06-23 22:00:00"
"16625","748","2","20","2012-06-13 00:00:00","2012-06-24 00:00:00","2012-06-18 00:00:00","2012-06-24 00:00:00","3.5000","87.5000","87.5000","2012-06-23 22:00:00"
"16625","748","3","30","2012-06-13 00:00:00","2012-06-24 00:00:00","2012-06-18 00:00:00","2012-06-24 00:00:00","1.0000","14.5000","14.5000","2012-06-23 22:00:00"
"16625","748","5","45","2012-06-13 00:00:00","2012-06-24 00:00:00","2012-06-18 00:00:00","2012-06-24 00:00:00","2.0000","36.0000","36.0000","2012-06-23 22:00:00"
"16625","748","6","50","2012-06-13 00:00:00","2012-06-24 00:00:00","2012-06-18 00:00:00","2012-06-24 00:00:00","3.0000","36.7500","36.7500","2012-06-23 22:00:00"
"16625","748","7","60","2012-06-13 00:00:00","2012-06-24 00:00:00","2012-06-18 00:00:00","2012-06-24 00:00:00","4.0000","49.0000","49.0000","2012-06-23 22:00:00"
"16626","806","6","50","2012-06-13 00:00:00","2012-06-24 00:00:00","2012-06-18 00:00:00","2012-06-24 00:00:00","3.0000","36.7500","36.7500","2012-06-23 22:00:00"
"16627","810","1","10","2012-06-13 00:00:00","2012-06-24 00:00:00","2012-06-18 00:00:00","2012-06-24 00:00:00","4.1000","92.2500","92.2500","2012-06-23 22:00:00"
"16627","810","2","20","2012-06-13 00:00:00","2012-06-24 00:00:00","2012-06-18 00:00:00","2012-06-24 00:00:00","3.5000","87.5000","87.5000","2012-06-23 22:00:00"
"16627","810","6","50","2012-06-13 00:00:00","2012-06-24 00:00:00","2012-06-18 00:00:00","2012-06-24 00:00:00","3.0000","36.7500","36.7500","2012-06-23 22:00:00"
"16628","813","1","10","2012-06-13 00:00:00","2012-06-24 00:00:00","2012-06-18 00:00:00","2012-06-24 00:00:00","4.1000","92.2500","92.2500","2012-06-23 22:00:00"
"16628","813","2","20","2012-06-13 00:00:00","2012-06-24 00:00:00","2012-06-18 00:00:00","2012-06-24 00:00:00","3.5000","87.5000","87.5000","2012-06-23 22:00:00"
"16628","813","6","50","2012-06-13 00:00:00","2012-06-24 00:00:00","2012-06-18 00:00:00","2012-06-24 00:00:00","3.0000","36.7500","36.7500","2012-06-23 22:00:00"
"16629","816","6","50","2012-06-13 00:00:00","2012-06-24 00:00:00","2012-06-18 00:00:00","2012-06-24 00:00:00","3.0000","36.7500","36.7500","2012-06-23 22:00:00"
"16630","820","6","50","2012-06-13 00:00:00","2012-06-24 00:00:00","2012-06-18 00:00:00","2012-06-24 00:00:00","3.0000","36.7500","36.7500","2012-06-23 22:00:00"
"16631","824","6","50","2012-06-13 00:00:00","2012-06-24 00:00:00","2012-06-18 00:00:00","2012-06-24 00:00:00","3.0000","36.7500","36.7500","2012-06-23 22:00:00"
"16632","828","6","50","2012-06-13 00:00:00","2012-06-24 00:00:00","2012-06-18 00:00:00","2012-06-24 00:00:00","3.0000","36.7500","36.7500","2012-06-23 22:00:00"
"16635","894","6","50","2012-06-13 00:00:00","2012-06-24 00:00:00","2012-06-18 00:00:00","2012-06-24 00:00:00","3.0000","36.7500","36.7500","2012-06-23 22:00:00"
"16636","945","1","10","2012-06-13 00:00:00","2012-06-24 00:00:00","2012-06-18 00:00:00","2012-06-24 00:00:00","4.1000","92.2500","92.2500","2012-06-23 22:00:00"
"16636","945","6","50","2012-06-13 00:00:00","2012-06-24 00:00:00","2012-06-18 00:00:00","2012-06-24 00:00:00","3.0000","36.7500","36.7500","2012-06-23 22:00:00"
"16637","950","6","50","2012-06-13 00:00:00","2012-06-24 00:00:00","2012-06-18 00:00:00","2012-06-24 00:00:00","3.0000","36.7500","36.7500","2012-06-23 22:00:00"
"16638","995","6","50","2012-06-13 00:00:00","2012-06-24 00:00:00","2012-06-18 00:00:00","2012-06-24 00:00:00","3.0000","36.7500","36.7500","2012-06-23 22:00:00"
"16639","996","6","50","2012-06-13 00:00:00","2012-06-24 00:00:00","2012-06-18 00:00:00","2012-06-24 00:00:00","3.0000","36.7500","36.7500","2012-06-23 22:00:00"
"16652","804","1","10","2012-06-13 00:00:00","2012-06-24 00:00:00","2012-06-18 00:00:00","2012-06-24 00:00:00","4.1000","92.2500","92.2500","2012-06-23 22:00:00"
"16652","804","6","50","2012-06-13 00:00:00","2012-06-24 00:00:00","2012-06-18 00:00:00","2012-06-24 00:00:00","3.0000","36.7500","36.7500","2012-06-23 22:00:00"
"16657","765","7","60","2012-06-14 00:00:00","2012-06-25 00:00:00","2012-06-14 00:00:00","2012-07-12 00:00:00","4.0000","49.0000","49.0000","2012-07-11 22:00:00"
"16658","767","7","60","2012-06-14 00:00:00","2012-06-25 00:00:00","2012-06-14 00:00:00","2012-07-12 00:00:00","4.0000","49.0000","49.0000","2012-07-11 22:00:00"
"16659","779","7","60","2012-06-14 00:00:00","2012-06-25 00:00:00","2012-06-14 00:00:00","2012-07-12 00:00:00","4.0000","49.0000","49.0000","2012-07-11 22:00:00"
"16660","780","7","60","2012-06-14 00:00:00","2012-06-25 00:00:00","2012-06-14 00:00:00","2012-07-12 00:00:00","4.0000","49.0000","49.0000","2012-07-11 22:00:00"
"16661","781","7","60","2012-06-14 00:00:00","2012-06-25 00:00:00","2012-06-14 00:00:00","2012-07-12 00:00:00","4.0000","49.0000","49.0000","2012-07-11 22:00:00"
"16662","782","7","60","2012-06-14 00:00:00","2012-06-25 00:00:00","2012-06-14 00:00:00","2012-07-12 00:00:00","4.0000","49.0000","49.0000","2012-07-11 22:00:00"
"16663","792","7","60","2012-06-14 00:00:00","2012-06-25 00:00:00","2012-06-14 00:00:00","2012-07-12 00:00:00","4.0000","49.0000","49.0000","2012-07-11 22:00:00"
"16664","793","7","60","2012-06-14 00:00:00","2012-06-25 00:00:00","2012-06-14 00:00:00","2012-07-12 00:00:00","4.0000","49.0000","49.0000","2012-07-11 22:00:00"
"16665","794","7","60","2012-06-14 00:00:00","2012-06-25 00:00:00","2012-06-14 00:00:00","2012-07-12 00:00:00","4.0000","49.0000","49.0000","2012-07-11 22:00:00"
"16666","795","7","60","2012-06-14 00:00:00","2012-06-25 00:00:00","2012-06-14 00:00:00","2012-07-12 00:00:00","4.0000","49.0000","49.0000","2012-07-11 22:00:00"
"16667","796","7","60","2012-06-14 00:00:00","2012-06-25 00:00:00","2012-06-14 00:00:00","2012-07-12 00:00:00","4.0000","49.0000","49.0000","2012-07-11 22:00:00"
"16668","516","6","50","2012-06-14 00:00:00","2012-06-25 00:00:00","2012-06-14 00:00:00","2012-07-12 00:00:00","3.0000","36.7500","36.7500","2012-07-11 22:00:00"
"16668","516","7","60","2012-06-14 00:00:00","2012-06-25 00:00:00","2012-06-14 00:00:00","2012-07-12 00:00:00","4.0000","49.0000","49.0000","2012-07-11 22:00:00"
"16669","517","6","50","2012-06-14 00:00:00","2012-06-25 00:00:00","2012-06-14 00:00:00","2012-07-12 00:00:00","3.0000","36.7500","36.7500","2012-07-11 22:00:00"
"16669","517","7","60","2012-06-14 00:00:00","2012-06-25 00:00:00","2012-06-14 00:00:00","2012-07-12 00:00:00","4.0000","49.0000","49.0000","2012-07-11 22:00:00"
"16670","519","6","50","2012-06-14 00:00:00","2012-06-25 00:00:00","2012-06-14 00:00:00","2012-07-12 00:00:00","3.0000","36.7500","36.7500","2012-07-11 22:00:00"
"16670","519","7","60","2012-06-14 00:00:00","2012-06-25 00:00:00","2012-06-14 00:00:00","2012-07-12 00:00:00","4.0000","49.0000","49.0000","2012-07-11 22:00:00"
"16677","747","1","10","2012-06-14 00:00:00","2012-06-25 00:00:00","2012-06-14 00:00:00","2012-07-12 00:00:00","4.1000","92.2500","92.2500","2012-07-11 22:00:00"
"16677","747","2","20","2012-06-14 00:00:00","2012-06-25 00:00:00","2012-06-14 00:00:00","2012-07-12 00:00:00","3.5000","87.5000","87.5000","2012-07-11 22:00:00"
"16677","747","3","30","2012-06-14 00:00:00","2012-06-25 00:00:00","2012-06-14 00:00:00","2012-07-12 00:00:00","1.0000","14.5000","14.5000","2012-07-11 22:00:00"
"16677","747","4","40","2012-06-14 00:00:00","2012-06-25 00:00:00","2012-06-14 00:00:00","2012-07-12 00:00:00","2.0000","31.5000","31.5000","2012-07-11 22:00:00"
"16677","747","6","50","2012-06-14 00:00:00","2012-06-25 00:00:00","2012-06-14 00:00:00","2012-07-12 00:00:00","3.0000","36.7500","36.7500","2012-07-11 22:00:00"
"16677","747","7","60","2012-06-14 00:00:00","2012-06-25 00:00:00","2012-06-14 00:00:00","2012-07-12 00:00:00","4.0000","49.0000","49.0000","2012-07-11 22:00:00"
"16678","748","1","10","2012-06-14 00:00:00","2012-06-25 00:00:00","2012-06-14 00:00:00","2012-07-12 00:00:00","4.1000","92.2500","92.2500","2012-07-11 22:00:00"
"16678","748","2","20","2012-06-14 00:00:00","2012-06-25 00:00:00","2012-06-14 00:00:00","2012-07-12 00:00:00","3.5000","87.5000","87.5000","2012-07-11 22:00:00"
"16678","748","3","30","2012-06-14 00:00:00","2012-06-25 00:00:00","2012-06-14 00:00:00","2012-07-12 00:00:00","1.0000","14.5000","14.5000","2012-07-11 22:00:00"
"16678","748","5","45","2012-06-14 00:00:00","2012-06-25 00:00:00","2012-06-14 00:00:00","2012-07-12 00:00:00","2.0000","36.0000","36.0000","2012-07-11 22:00:00"
"16678","748","6","50","2012-06-14 00:00:00","2012-06-25 00:00:00","2012-06-14 00:00:00","2012-07-12 00:00:00","3.0000","36.7500","36.7500","2012-07-11 22:00:00"
"16678","748","7","60","2012-06-14 00:00:00","2012-06-25 00:00:00","2012-06-14 00:00:00","2012-07-12 00:00:00","4.0000","49.0000","49.0000","2012-07-11 22:00:00"
"16679","806","6","50","2012-06-14 00:00:00","2012-06-25 00:00:00","2012-06-14 00:00:00","2012-07-12 00:00:00","3.0000","36.7500","36.7500","2012-07-11 22:00:00"
"16680","810","1","10","2012-06-14 00:00:00","2012-06-25 00:00:00","2012-06-14 00:00:00","2012-07-12 00:00:00","4.1000","92.2500","92.2500","2012-07-11 22:00:00"
"16680","810","2","20","2012-06-14 00:00:00","2012-06-25 00:00:00","2012-06-14 00:00:00","2012-07-12 00:00:00","3.5000","87.5000","87.5000","2012-07-11 22:00:00"
"16680","810","6","50","2012-06-14 00:00:00","2012-06-25 00:00:00","2012-06-14 00:00:00","2012-07-12 00:00:00","3.0000","36.7500","36.7500","2012-07-11 22:00:00"
"16681","811","1","10","2012-06-14 00:00:00","2012-06-25 00:00:00","2012-06-14 00:00:00","2012-07-12 00:00:00","4.1000","92.2500","92.2500","2012-07-11 22:00:00"
"16681","811","2","20","2012-06-14 00:00:00","2012-06-25 00:00:00","2012-06-14 00:00:00","2012-07-12 00:00:00","3.5000","87.5000","87.5000","2012-07-11 22:00:00"
"16681","811","6","50","2012-06-14 00:00:00","2012-06-25 00:00:00","2012-06-14 00:00:00","2012-07-12 00:00:00","3.0000","36.7500","36.7500","2012-07-11 22:00:00"
"16682","813","1","10","2012-06-14 00:00:00","2012-06-25 00:00:00","2012-06-14 00:00:00","2012-07-12 00:00:00","4.1000","92.2500","92.2500","2012-07-11 22:00:00"
"16682","813","2","20","2012-06-14 00:00:00","2012-06-25 00:00:00","2012-06-14 00:00:00","2012-07-12 00:00:00","3.5000","87.5000","87.5000","2012-07-11 22:00:00"
"16682","813","6","50","2012-06-14 00:00:00","2012-06-25 00:00:00","2012-06-14 00:00:00","2012-07-12 00:00:00","3.0000","36.7500","36.7500","2012-07-11 22:00:00"
"16683","816","6","50","2012-06-14 00:00:00","2012-06-25 00:00:00","2012-06-14 00:00:00","2012-07-12 00:00:00","3.0000","36.7500","36.7500","2012-07-11 22:00:00"
"16684","818","6","50","2012-06-14 00:00:00","2012-06-25 00:00:00","2012-06-14 00:00:00","2012-07-12 00:00:00","3.0000","36.7500","36.7500","2012-07-11 22:00:00"
"16685","820","6","50","2012-06-14 00:00:00","2012-06-25 00:00:00","2012-06-14 00:00:00","2012-07-12 00:00:00","3.0000","36.7500","36.7500","2012-07-11 22:00:00"
"16686","824","6","50","2012-06-14 00:00:00","2012-06-25 00:00:00","2012-06-14 00:00:00","2012-07-12 00:00:00","3.0000","36.7500","36.7500","2012-07-11 22:00:00"
"16687","826","6","50","2012-06-14 00:00:00","2012-06-25 00:00:00","2012-06-14 00:00:00","2012-07-12 00:00:00","3.0000","36.7500","36.7500","2012-07-11 22:00:00"
"16688","828","6","50","2012-06-14 00:00:00","2012-06-25 00:00:00","2012-06-14 00:00:00","2012-07-12 00:00:00","3.0000","36.7500","36.7500","2012-07-11 22:00:00"
"16692","894","6","50","2012-06-14 00:00:00","2012-06-25 00:00:00","2012-06-14 00:00:00","2012-07-12 00:00:00","3.0000","36.7500","36.7500","2012-07-11 22:00:00"
"16693","945","1","10","2012-06-14 00:00:00","2012-06-25 00:00:00","2012-06-14 00:00:00","2012-07-12 00:00:00","4.1000","92.2500","92.2500","2012-07-11 22:00:00"
"16693","945","6","50","2012-06-14 00:00:00","2012-06-25 00:00:00","2012-06-14 00:00:00","2012-07-12 00:00:00","3.0000","36.7500","36.7500","2012-07-11 22:00:00"
"16694","950","6","50","2012-06-14 00:00:00","2012-06-25 00:00:00","2012-06-14 00:00:00","2012-07-12 00:00:00","3.0000","36.7500","36.7500","2012-07-11 22:00:00"
"16695","994","6","50","2012-06-14 00:00:00","2012-06-25 00:00:00","2012-06-14 00:00:00","2012-07-12 00:00:00","3.0000","36.7500","36.7500","2012-07-11 22:00:00"
"16696","995","6","50","2012-06-14 00:00:00","2012-06-25 00:00:00","2012-06-14 00:00:00","2012-07-12 00:00:00","3.0000","36.7500","36.7500","2012-07-11 22:00:00"
"16697","996","6","50","2012-06-14 00:00:00","2012-06-25 00:00:00","2012-06-14 00:00:00","2012-07-12 00:00:00","3.0000","36.7500","36.7500","2012-07-11 22:00:00"
"16711","802","1","10","2012-06-14 00:00:00","2012-06-25 00:00:00","2012-06-14 00:00:00","2012-07-12 00:00:00","4.1000","92.2500","92.2500","2012-07-11 22:00:00"
"16711","802","6","50","2012-06-14 00:00:00","2012-06-25 00:00:00","2012-06-14 00:00:00","2012-07-12 00:00:00","3.0000","36.7500","36.7500","2012-07-11 22:00:00"
"16712","804","1","10","2012-06-14 00:00:00","2012-06-25 00:00:00","2012-06-14 00:00:00","2012-07-12 00:00:00","4.1000","92.2500","92.2500","2012-07-11 22:00:00"
"16712","804","6","50","2012-06-14 00:00:00","2012-06-25 00:00:00","2012-06-14 00:00:00","2012-07-12 00:00:00","3.0000","36.7500","36.7500","2012-07-11 22:00:00"
"16717","782","7","60","2012-06-15 00:00:00","2012-06-26 00:00:00","2012-06-22 00:00:00","2012-06-26 00:00:00","4.0000","49.0000","49.0000","2012-06-25 22:00:00"
"16718","783","7","60","2012-06-15 00:00:00","2012-06-26 00:00:00","2012-06-22 00:00:00","2012-06-26 00:00:00","4.0000","49.0000","49.0000","2012-06-25 22:00:00"
"16719","784","7","60","2012-06-15 00:00:00","2012-06-26 00:00:00","2012-06-22 00:00:00","2012-06-26 00:00:00","4.0000","49.0000","49.0000","2012-06-25 22:00:00"
"16720","789","7","60","2012-06-15 00:00:00","2012-06-26 00:00:00","2012-06-22 00:00:00","2012-06-26 00:00:00","4.0000","49.0000","49.0000","2012-06-25 22:00:00"
"16721","790","7","60","2012-06-15 00:00:00","2012-06-26 00:00:00","2012-06-22 00:00:00","2012-06-26 00:00:00","4.0000","49.0000","49.0000","2012-06-25 22:00:00"
"16722","792","7","60","2012-06-15 00:00:00","2012-06-26 00:00:00","2012-06-22 00:00:00","2012-06-26 00:00:00","4.0000","49.0000","49.0000","2012-06-25 22:00:00"
"16723","793","7","60","2012-06-15 00:00:00","2012-06-26 00:00:00","2012-06-22 00:00:00","2012-06-26 00:00:00","4.0000","49.0000","49.0000","2012-06-25 22:00:00"
"16724","794","7","60","2012-06-15 00:00:00","2012-06-26 00:00:00","2012-06-22 00:00:00","2012-06-26 00:00:00","4.0000","49.0000","49.0000","2012-06-25 22:00:00"
"16725","796","7","60","2012-06-15 00:00:00","2012-06-26 00:00:00","2012-06-22 00:00:00","2012-06-26 00:00:00","4.0000","49.0000","49.0000","2012-06-25 22:00:00"
"16726","516","6","50","2012-06-15 00:00:00","2012-06-26 00:00:00","2012-06-22 00:00:00","2012-06-26 00:00:00","3.0000","36.7500","36.7500","2012-06-25 22:00:00"
"16726","516","7","60","2012-06-15 00:00:00","2012-06-26 00:00:00","2012-06-22 00:00:00","2012-06-26 00:00:00","4.0000","49.0000","49.0000","2012-06-25 22:00:00"
"16727","519","6","50","2012-06-15 00:00:00","2012-06-26 00:00:00","2012-06-22 00:00:00","2012-06-26 00:00:00","3.0000","36.7500","36.7500","2012-06-25 22:00:00"
"16727","519","7","60","2012-06-15 00:00:00","2012-06-26 00:00:00","2012-06-22 00:00:00","2012-06-26 00:00:00","4.0000","49.0000","49.0000","2012-06-25 22:00:00"
"16734","747","1","10","2012-06-15 00:00:00","2012-06-26 00:00:00","2012-06-22 00:00:00","2012-06-26 00:00:00","4.1000","92.2500","92.2500","2012-06-25 22:00:00"
"16734","747","2","20","2012-06-15 00:00:00","2012-06-26 00:00:00","2012-06-22 00:00:00","2012-06-26 00:00:00","3.5000","87.5000","87.5000","2012-06-25 22:00:00"
"16734","747","3","30","2012-06-15 00:00:00","2012-06-26 00:00:00","2012-06-22 00:00:00","2012-06-26 00:00:00","1.0000","14.5000","14.5000","2012-06-25 22:00:00"
"16734","747","4","40","2012-06-15 00:00:00","2012-06-26 00:00:00","2012-06-22 00:00:00","2012-06-26 00:00:00","2.0000","31.5000","31.5000","2012-06-25 22:00:00"
"16734","747","6","50","2012-06-15 00:00:00","2012-06-26 00:00:00","2012-06-22 00:00:00","2012-06-26 00:00:00","3.0000","36.7500","36.7500","2012-06-25 22:00:00"
"16734","747","7","60","2012-06-15 00:00:00","2012-06-26 00:00:00","2012-06-22 00:00:00","2012-06-26 00:00:00","4.0000","49.0000","49.0000","2012-06-25 22:00:00"
"16735","806","6","50","2012-06-15 00:00:00","2012-06-26 00:00:00","2012-06-22 00:00:00","2012-06-26 00:00:00","3.0000","36.7500","36.7500","2012-06-25 22:00:00"
"16736","810","1","10","2012-06-15 00:00:00","2012-06-26 00:00:00","2012-06-22 00:00:00","2012-06-26 00:00:00","4.1000","92.2500","92.2500","2012-06-25 22:00:00"
"16736","810","2","20","2012-06-15 00:00:00","2012-06-26 00:00:00","2012-06-22 00:00:00","2012-06-26 00:00:00","3.5000","87.5000","87.5000","2012-06-25 22:00:00"
"16736","810","6","50","2012-06-15 00:00:00","2012-06-26 00:00:00","2012-06-22 00:00:00","2012-06-26 00:00:00","3.0000","36.7500","36.7500","2012-06-25 22:00:00"
"16737","813","1","10","2012-06-15 00:00:00","2012-06-26 00:00:00","2012-06-22 00:00:00","2012-06-26 00:00:00","4.1000","92.2500","92.2500","2012-06-25 22:00:00"
"16737","813","2","20","2012-06-15 00:00:00","2012-06-26 00:00:00","2012-06-22 00:00:00","2012-06-26 00:00:00","3.5000","87.5000","87.5000","2012-06-25 22:00:00"
"16737","813","6","50","2012-06-15 00:00:00","2012-06-26 00:00:00","2012-06-22 00:00:00","2012-06-26 00:00:00","3.0000","36.7500","36.7500","2012-06-25 22:00:00"
"16738","816","6","50","2012-06-15 00:00:00","2012-06-26 00:00:00","2012-06-22 00:00:00","2012-06-26 00:00:00","3.0000","36.7500","36.7500","2012-06-25 22:00:00"
"16739","820","6","50","2012-06-15 00:00:00","2012-06-26 00:00:00","2012-06-22 00:00:00","2012-06-26 00:00:00","3.0000","36.7500","36.7500","2012-06-25 22:00:00"
"16740","824","6","50","2012-06-15 00:00:00","2012-06-26 00:00:00","2012-06-22 00:00:00","2012-06-26 00:00:00","3.0000","36.7500","36.7500","2012-06-25 22:00:00"
"16741","828","6","50","2012-06-15 00:00:00","2012-06-26 00:00:00","2012-06-22 00:00:00","2012-06-26 00:00:00","3.0000","36.7500","36.7500","2012-06-25 22:00:00"
"16744","894","6","50","2012-06-15 00:00:00","2012-06-26 00:00:00","2012-06-22 00:00:00","2012-06-26 00:00:00","3.0000","36.7500","36.7500","2012-06-25 22:00:00"
"16745","945","1","10","2012-06-15 00:00:00","2012-06-26 00:00:00","2012-06-22 00:00:00","2012-06-26 00:00:00","4.1000","92.2500","92.2500","2012-06-25 22:00:00"
"16745","945","6","50","2012-06-15 00:00:00","2012-06-26 00:00:00","2012-06-22 00:00:00","2012-06-26 00:00:00","3.0000","36.7500","36.7500","2012-06-25 22:00:00"
"16746","950","6","50","2012-06-15 00:00:00","2012-06-26 00:00:00","2012-06-22 00:00:00","2012-06-26 00:00:00","3.0000","36.7500","36.7500","2012-06-25 22:00:00"
"16747","995","6","50","2012-06-15 00:00:00","2012-06-26 00:00:00","2012-06-22 00:00:00","2012-06-26 00:00:00","3.0000","36.7500","36.7500","2012-06-25 22:00:00"
"16748","996","6","50","2012-06-15 00:00:00","2012-06-26 00:00:00","2012-06-22 00:00:00","2012-06-26 00:00:00","3.0000","36.7500","36.7500","2012-06-25 22:00:00"
"16761","804","1","10","2012-06-15 00:00:00","2012-06-26 00:00:00","2012-06-22 00:00:00","2012-06-26 00:00:00","4.1000","92.2500","92.2500","2012-06-25 22:00:00"
"16761","804","6","50","2012-06-15 00:00:00","2012-06-26 00:00:00","2012-06-22 00:00:00","2012-06-26 00:00:00","3.0000","36.7500","36.7500","2012-06-25 22:00:00"
"16766","767","7","60","2012-06-16 00:00:00","2012-06-27 00:00:00","2012-06-16 00:00:00","2012-07-16 00:00:00","4.0000","49.0000","49.0000","2012-07-15 22:00:00"
"16767","789","7","60","2012-06-16 00:00:00","2012-06-27 00:00:00","2012-06-16 00:00:00","2012-07-16 00:00:00","4.0000","49.0000","49.0000","2012-07-15 22:00:00"
"16768","791","7","60","2012-06-16 00:00:00","2012-06-27 00:00:00","2012-06-16 00:00:00","2012-07-16 00:00:00","4.0000","49.0000","49.0000","2012-07-15 22:00:00"
"16769","792","7","60","2012-06-16 00:00:00","2012-06-27 00:00:00","2012-06-16 00:00:00","2012-07-16 00:00:00","4.0000","49.0000","49.0000","2012-07-15 22:00:00"
"16770","517","6","50","2012-06-16 00:00:00","2012-06-27 00:00:00","2012-06-16 00:00:00","2012-07-16 00:00:00","3.0000","36.7500","36.7500","2012-07-15 22:00:00"
"16770","517","7","60","2012-06-16 00:00:00","2012-06-27 00:00:00","2012-06-16 00:00:00","2012-07-16 00:00:00","4.0000","49.0000","49.0000","2012-07-15 22:00:00"
"16771","519","6","50","2012-06-16 00:00:00","2012-06-27 00:00:00","2012-06-16 00:00:00","2012-07-16 00:00:00","3.0000","36.7500","36.7500","2012-07-15 22:00:00"
"16771","519","7","60","2012-06-16 00:00:00","2012-06-27 00:00:00","2012-06-16 00:00:00","2012-07-16 00:00:00","4.0000","49.0000","49.0000","2012-07-15 22:00:00"
"16776","806","6","50","2012-06-16 00:00:00","2012-06-27 00:00:00","2012-06-16 00:00:00","2012-07-16 00:00:00","3.0000","36.7500","36.7500","2012-07-15 22:00:00"
"16777","811","1","10","2012-06-16 00:00:00","2012-06-27 00:00:00","2012-06-16 00:00:00","2012-07-16 00:00:00","4.1000","92.2500","92.2500","2012-07-15 22:00:00"
"16777","811","2","20","2012-06-16 00:00:00","2012-06-27 00:00:00","2012-06-16 00:00:00","2012-07-16 00:00:00","3.5000","87.5000","87.5000","2012-07-15 22:00:00"
"16777","811","6","50","2012-06-16 00:00:00","2012-06-27 00:00:00","2012-06-16 00:00:00","2012-07-16 00:00:00","3.0000","36.7500","36.7500","2012-07-15 22:00:00"
"16778","813","1","10","2012-06-16 00:00:00","2012-06-27 00:00:00","2012-06-16 00:00:00","2012-07-16 00:00:00","4.1000","92.2500","92.2500","2012-07-15 22:00:00"
"16778","813","2","20","2012-06-16 00:00:00","2012-06-27 00:00:00","2012-06-16 00:00:00","2012-07-16 00:00:00","3.5000","87.5000","87.5000","2012-07-15 22:00:00"
"16778","813","6","50","2012-06-16 00:00:00","2012-06-27 00:00:00","2012-06-16 00:00:00","2012-07-16 00:00:00","3.0000","36.7500","36.7500","2012-07-15 22:00:00"
"16779","818","6","50","2012-06-16 00:00:00","2012-06-27 00:00:00","2012-06-16 00:00:00","2012-07-16 00:00:00","3.0000","36.7500","36.7500","2012-07-15 22:00:00"
"16780","820","6","50","2012-06-16 00:00:00","2012-06-27 00:00:00","2012-06-16 00:00:00","2012-07-16 00:00:00","3.0000","36.7500","36.7500","2012-07-15 22:00:00"
"16781","826","6","50","2012-06-16 00:00:00","2012-06-27 00:00:00","2012-06-16 00:00:00","2012-07-16 00:00:00","3.0000","36.7500","36.7500","2012-07-15 22:00:00"
"16782","828","6","50","2012-06-16 00:00:00","2012-06-27 00:00:00","2012-06-16 00:00:00","2012-07-16 00:00:00","3.0000","36.7500","36.7500","2012-07-15 22:00:00"
"16783","894","6","50","2012-06-16 00:00:00","2012-06-27 00:00:00","2012-06-16 00:00:00","2012-07-16 00:00:00","3.0000","36.7500","36.7500","2012-07-15 22:00:00"
"16784","945","1","10","2012-06-16 00:00:00","2012-06-27 00:00:00","2012-06-16 00:00:00","2012-07-16 00:00:00","4.1000","92.2500","92.2500","2012-07-15 22:00:00"
"16784","945","6","50","2012-06-16 00:00:00","2012-06-27 00:00:00","2012-06-16 00:00:00","2012-07-16 00:00:00","3.0000","36.7500","36.7500","2012-07-15 22:00:00"
"16785","950","6","50","2012-06-16 00:00:00","2012-06-27 00:00:00","2012-06-16 00:00:00","2012-07-16 00:00:00","3.0000","36.7500","36.7500","2012-07-15 22:00:00"
"16786","994","6","50","2012-06-16 00:00:00","2012-06-27 00:00:00","2012-06-16 00:00:00","2012-07-16 00:00:00","3.0000","36.7500","36.7500","2012-07-15 22:00:00"
"16787","996","6","50","2012-06-16 00:00:00","2012-06-27 00:00:00","2012-06-16 00:00:00","2012-07-16 00:00:00","3.0000","36.7500","36.7500","2012-07-15 22:00:00"
"16800","802","1","10","2012-06-16 00:00:00","2012-06-27 00:00:00","2012-06-16 00:00:00","2012-07-16 00:00:00","4.1000","92.2500","92.2500","2012-07-15 22:00:00"
"16800","802","6","50","2012-06-16 00:00:00","2012-06-27 00:00:00","2012-06-16 00:00:00","2012-07-16 00:00:00","3.0000","36.7500","36.7500","2012-07-15 22:00:00"
"16801","804","1","10","2012-06-16 00:00:00","2012-06-27 00:00:00","2012-06-16 00:00:00","2012-07-16 00:00:00","4.1000","92.2500","92.2500","2012-07-15 22:00:00"
"16801","804","6","50","2012-06-16 00:00:00","2012-06-27 00:00:00","2012-06-16 00:00:00","2012-07-16 00:00:00","3.0000","36.7500","36.7500","2012-07-15 22:00:00"
"16806","760","7","60","2012-06-17 00:00:00","2012-06-28 00:00:00","2012-06-26 00:00:00","2012-06-28 00:00:00","4.0000","49.0000","49.0000","2012-06-27 22:00:00"
"16807","780","7","60","2012-06-17 00:00:00","2012-06-28 00:00:00","2012-06-26 00:00:00","2012-06-28 00:00:00","4.0000","49.0000","49.0000","2012-06-27 22:00:00"
"16808","783","7","60","2012-06-17 00:00:00","2012-06-28 00:00:00","2012-06-26 00:00:00","2012-06-28 00:00:00","4.0000","49.0000","49.0000","2012-06-27 22:00:00"
"16809","791","7","60","2012-06-17 00:00:00","2012-06-28 00:00:00","2012-06-26 00:00:00","2012-06-28 00:00:00","4.0000","49.0000","49.0000","2012-06-27 22:00:00"
"16810","793","7","60","2012-06-17 00:00:00","2012-06-28 00:00:00","2012-06-26 00:00:00","2012-06-28 00:00:00","4.0000","49.0000","49.0000","2012-06-27 22:00:00"
"16811","796","7","60","2012-06-17 00:00:00","2012-06-28 00:00:00","2012-06-26 00:00:00","2012-06-28 00:00:00","4.0000","49.0000","49.0000","2012-06-27 22:00:00"
"16812","516","6","50","2012-06-17 00:00:00","2012-06-28 00:00:00","2012-06-26 00:00:00","2012-06-28 00:00:00","3.0000","36.7500","36.7500","2012-06-27 22:00:00"
"16812","516","7","60","2012-06-17 00:00:00","2012-06-28 00:00:00","2012-06-26 00:00:00","2012-06-28 00:00:00","4.0000","49.0000","49.0000","2012-06-27 22:00:00"
"16813","517","6","50","2012-06-17 00:00:00","2012-06-28 00:00:00","2012-06-26 00:00:00","2012-06-28 00:00:00","3.0000","36.7500","36.7500","2012-06-27 22:00:00"
"16813","517","7","60","2012-06-17 00:00:00","2012-06-28 00:00:00","2012-06-26 00:00:00","2012-06-28 00:00:00","4.0000","49.0000","49.0000","2012-06-27 22:00:00"
"16814","519","6","50","2012-06-17 00:00:00","2012-06-28 00:00:00","2012-06-26 00:00:00","2012-06-28 00:00:00","3.0000","36.7500","36.7500","2012-06-27 22:00:00"
"16814","519","7","60","2012-06-17 00:00:00","2012-06-28 00:00:00","2012-06-26 00:00:00","2012-06-28 00:00:00","4.0000","49.0000","49.0000","2012-06-27 22:00:00"
"16820","806","6","50","2012-06-17 00:00:00","2012-06-28 00:00:00","2012-06-26 00:00:00","2012-06-28 00:00:00","3.0000","36.7500","36.7500","2012-06-27 22:00:00"
"16821","810","1","10","2012-06-17 00:00:00","2012-06-28 00:00:00","2012-06-26 00:00:00","2012-06-28 00:00:00","4.1000","92.2500","92.2500","2012-06-27 22:00:00"
"16821","810","2","20","2012-06-17 00:00:00","2012-06-28 00:00:00","2012-06-26 00:00:00","2012-06-28 00:00:00","3.5000","87.5000","87.5000","2012-06-27 22:00:00"
"16821","810","6","50","2012-06-17 00:00:00","2012-06-28 00:00:00","2012-06-26 00:00:00","2012-06-28 00:00:00","3.0000","36.7500","36.7500","2012-06-27 22:00:00"
"16822","811","1","10","2012-06-17 00:00:00","2012-06-28 00:00:00","2012-06-26 00:00:00","2012-06-28 00:00:00","4.1000","92.2500","92.2500","2012-06-27 22:00:00"
"16822","811","2","20","2012-06-17 00:00:00","2012-06-28 00:00:00","2012-06-26 00:00:00","2012-06-28 00:00:00","3.5000","87.5000","87.5000","2012-06-27 22:00:00"
"16822","811","6","50","2012-06-17 00:00:00","2012-06-28 00:00:00","2012-06-26 00:00:00","2012-06-28 00:00:00","3.0000","36.7500","36.7500","2012-06-27 22:00:00"
"16823","813","1","10","2012-06-17 00:00:00","2012-06-28 00:00:00","2012-06-26 00:00:00","2012-06-28 00:00:00","4.1000","92.2500","92.2500","2012-06-27 22:00:00"
"16823","813","2","20","2012-06-17 00:00:00","2012-06-28 00:00:00","2012-06-26 00:00:00","2012-06-28 00:00:00","3.5000","87.5000","87.5000","2012-06-27 22:00:00"
"16823","813","6","50","2012-06-17 00:00:00","2012-06-28 00:00:00","2012-06-26 00:00:00","2012-06-28 00:00:00","3.0000","36.7500","36.7500","2012-06-27 22:00:00"
"16824","816","6","50","2012-06-17 00:00:00","2012-06-28 00:00:00","2012-06-26 00:00:00","2012-06-28 00:00:00","3.0000","36.7500","36.7500","2012-06-27 22:00:00"
"16825","818","6","50","2012-06-17 00:00:00","2012-06-28 00:00:00","2012-06-26 00:00:00","2012-06-28 00:00:00","3.0000","36.7500","36.7500","2012-06-27 22:00:00"
"16826","820","6","50","2012-06-17 00:00:00","2012-06-28 00:00:00","2012-06-26 00:00:00","2012-06-28 00:00:00","3.0000","36.7500","36.7500","2012-06-27 22:00:00"
"16827","824","6","50","2012-06-17 00:00:00","2012-06-28 00:00:00","2012-06-26 00:00:00","2012-06-28 00:00:00","3.0000","36.7500","36.7500","2012-06-27 22:00:00"
"16828","826","6","50","2012-06-17 00:00:00","2012-06-28 00:00:00","2012-06-26 00:00:00","2012-06-28 00:00:00","3.0000","36.7500","36.7500","2012-06-27 22:00:00"
"16829","828","6","50","2012-06-17 00:00:00","2012-06-28 00:00:00","2012-06-26 00:00:00","2012-06-28 00:00:00","3.0000","36.7500","36.7500","2012-06-27 22:00:00"
"16831","894","6","50","2012-06-17 00:00:00","2012-06-28 00:00:00","2012-06-26 00:00:00","2012-06-28 00:00:00","3.0000","36.7500","36.7500","2012-06-27 22:00:00"
"16832","945","1","10","2012-06-17 00:00:00","2012-06-28 00:00:00","2012-06-26 00:00:00","2012-06-28 00:00:00","4.1000","92.2500","92.2500","2012-06-27 22:00:00"
"16832","945","6","50","2012-06-17 00:00:00","2012-06-28 00:00:00","2012-06-26 00:00:00","2012-06-28 00:00:00","3.0000","36.7500","36.7500","2012-06-27 22:00:00"
"16833","950","6","50","2012-06-17 00:00:00","2012-06-28 00:00:00","2012-06-26 00:00:00","2012-06-28 00:00:00","3.0000","36.7500","36.7500","2012-06-27 22:00:00"
"16834","994","6","50","2012-06-17 00:00:00","2012-06-28 00:00:00","2012-06-26 00:00:00","2012-06-28 00:00:00","3.0000","36.7500","36.7500","2012-06-27 22:00:00"
"16835","995","6","50","2012-06-17 00:00:00","2012-06-28 00:00:00","2012-06-26 00:00:00","2012-06-28 00:00:00","3.0000","36.7500","36.7500","2012-06-27 22:00:00"
"16836","996","6","50","2012-06-17 00:00:00","2012-06-28 00:00:00","2012-06-26 00:00:00","2012-06-28 00:00:00","3.0000","36.7500","36.7500","2012-06-27 22:00:00"
"16850","802","1","10","2012-06-17 00:00:00","2012-06-28 00:00:00","2012-06-26 00:00:00","2012-06-28 00:00:00","4.1000","92.2500","92.2500","2012-06-27 22:00:00"
"16850","802","6","50","2012-06-17 00:00:00","2012-06-28 00:00:00","2012-06-26 00:00:00","2012-06-28 00:00:00","3.0000","36.7500","36.7500","2012-06-27 22:00:00"
"16851","804","1","10","2012-06-17 00:00:00","2012-06-28 00:00:00","2012-06-26 00:00:00","2012-06-28 00:00:00","4.1000","92.2500","92.2500","2012-06-27 22:00:00"
"16851","804","6","50","2012-06-17 00:00:00","2012-06-28 00:00:00","2012-06-26 00:00:00","2012-06-28 00:00:00","3.0000","36.7500","36.7500","2012-06-27 22:00:00"
"16856","781","7","60","2012-06-18 00:00:00","2012-06-29 00:00:00","2012-06-18 00:00:00","2012-07-20 00:00:00","4.0000","49.0000","49.0000","2012-07-19 22:00:00"
"16857","789","7","60","2012-06-18 00:00:00","2012-06-29 00:00:00","2012-06-18 00:00:00","2012-07-20 00:00:00","4.0000","49.0000","49.0000","2012-07-19 22:00:00"
"16858","790","7","60","2012-06-18 00:00:00","2012-06-29 00:00:00","2012-06-18 00:00:00","2012-07-20 00:00:00","4.0000","49.0000","49.0000","2012-07-19 22:00:00"
"16859","791","7","60","2012-06-18 00:00:00","2012-06-29 00:00:00","2012-06-18 00:00:00","2012-07-20 00:00:00","4.0000","49.0000","49.0000","2012-07-19 22:00:00"
"16860","792","7","60","2012-06-18 00:00:00","2012-06-29 00:00:00","2012-06-18 00:00:00","2012-07-20 00:00:00","4.0000","49.0000","49.0000","2012-07-19 22:00:00"
"16861","794","7","60","2012-06-18 00:00:00","2012-06-29 00:00:00","2012-06-18 00:00:00","2012-07-20 00:00:00","4.0000","49.0000","49.0000","2012-07-19 22:00:00"
"16862","796","7","60","2012-06-18 00:00:00","2012-06-29 00:00:00","2012-06-18 00:00:00","2012-07-20 00:00:00","4.0000","49.0000","49.0000","2012-07-19 22:00:00"
"16863","516","6","50","2012-06-18 00:00:00","2012-06-29 00:00:00","2012-06-18 00:00:00","2012-07-20 00:00:00","3.0000","36.7500","36.7500","2012-07-19 22:00:00"
"16863","516","7","60","2012-06-18 00:00:00","2012-06-29 00:00:00","2012-06-18 00:00:00","2012-07-20 00:00:00","4.0000","49.0000","49.0000","2012-07-19 22:00:00"
"16864","519","6","50","2012-06-18 00:00:00","2012-06-29 00:00:00","2012-06-18 00:00:00","2012-07-20 00:00:00","3.0000","36.7500","36.7500","2012-07-19 22:00:00"
"16864","519","7","60","2012-06-18 00:00:00","2012-06-29 00:00:00","2012-06-18 00:00:00","2012-07-20 00:00:00","4.0000","49.0000","49.0000","2012-07-19 22:00:00"
"16871","806","6","50","2012-06-18 00:00:00","2012-06-29 00:00:00","2012-06-18 00:00:00","2012-07-20 00:00:00","3.0000","36.7500","36.7500","2012-07-19 22:00:00"
"16872","810","1","10","2012-06-18 00:00:00","2012-06-29 00:00:00","2012-06-18 00:00:00","2012-07-20 00:00:00","4.1000","92.2500","92.2500","2012-07-19 22:00:00"
"16872","810","2","20","2012-06-18 00:00:00","2012-06-29 00:00:00","2012-06-18 00:00:00","2012-07-20 00:00:00","3.5000","87.5000","87.5000","2012-07-19 22:00:00"
"16872","810","6","50","2012-06-18 00:00:00","2012-06-29 00:00:00","2012-06-18 00:00:00","2012-07-20 00:00:00","3.0000","36.7500","36.7500","2012-07-19 22:00:00"
"16873","813","1","10","2012-06-18 00:00:00","2012-06-29 00:00:00","2012-06-18 00:00:00","2012-07-20 00:00:00","4.1000","92.2500","92.2500","2012-07-19 22:00:00"
"16873","813","2","20","2012-06-18 00:00:00","2012-06-29 00:00:00","2012-06-18 00:00:00","2012-07-20 00:00:00","3.5000","87.5000","87.5000","2012-07-19 22:00:00"
"16873","813","6","50","2012-06-18 00:00:00","2012-06-29 00:00:00","2012-06-18 00:00:00","2012-07-20 00:00:00","3.0000","36.7500","36.7500","2012-07-19 22:00:00"
"16874","816","6","50","2012-06-18 00:00:00","2012-06-29 00:00:00","2012-06-18 00:00:00","2012-07-20 00:00:00","3.0000","36.7500","36.7500","2012-07-19 22:00:00"
"16875","820","6","50","2012-06-18 00:00:00","2012-06-29 00:00:00","2012-06-18 00:00:00","2012-07-20 00:00:00","3.0000","36.7500","36.7500","2012-07-19 22:00:00"
"16876","824","6","50","2012-06-18 00:00:00","2012-06-29 00:00:00","2012-06-18 00:00:00","2012-07-20 00:00:00","3.0000","36.7500","36.7500","2012-07-19 22:00:00"
"16877","828","6","50","2012-06-18 00:00:00","2012-06-29 00:00:00","2012-06-18 00:00:00","2012-07-20 00:00:00","3.0000","36.7500","36.7500","2012-07-19 22:00:00"
"16879","894","6","50","2012-06-18 00:00:00","2012-06-29 00:00:00","2012-06-18 00:00:00","2012-07-20 00:00:00","3.0000","36.7500","36.7500","2012-07-19 22:00:00"
"16880","945","1","10","2012-06-18 00:00:00","2012-06-29 00:00:00","2012-06-18 00:00:00","2012-07-20 00:00:00","4.1000","92.2500","92.2500","2012-07-19 22:00:00"
"16880","945","6","50","2012-06-18 00:00:00","2012-06-29 00:00:00","2012-06-18 00:00:00","2012-07-20 00:00:00","3.0000","36.7500","36.7500","2012-07-19 22:00:00"
"16881","950","6","50","2012-06-18 00:00:00","2012-06-29 00:00:00","2012-06-18 00:00:00","2012-07-20 00:00:00","3.0000","36.7500","36.7500","2012-07-19 22:00:00"
"16882","995","6","50","2012-06-18 00:00:00","2012-06-29 00:00:00","2012-06-18 00:00:00","2012-07-20 00:00:00","3.0000","36.7500","36.7500","2012-07-19 22:00:00"
"16883","996","6","50","2012-06-18 00:00:00","2012-06-29 00:00:00","2012-06-18 00:00:00","2012-07-20 00:00:00","3.0000","36.7500","36.7500","2012-07-19 22:00:00"
"16896","804","1","10","2012-06-18 00:00:00","2012-06-29 00:00:00","2012-06-18 00:00:00","2012-07-20 00:00:00","4.1000","92.2500","92.2500","2012-07-19 22:00:00"
"16896","804","6","50","2012-06-18 00:00:00","2012-06-29 00:00:00","2012-06-18 00:00:00","2012-07-20 00:00:00","3.0000","36.7500","36.7500","2012-07-19 22:00:00"
"16901","760","7","60","2012-06-19 00:00:00","2012-06-30 00:00:00","2012-06-30 00:00:00","2012-07-01 00:00:00","4.0000","49.0000","49.0000","2012-06-30 22:00:00"
"16902","761","7","60","2012-06-19 00:00:00","2012-06-30 00:00:00","2012-06-30 00:00:00","2012-07-01 00:00:00","4.0000","49.0000","49.0000","2012-06-30 22:00:00"
"16903","779","7","60","2012-06-19 00:00:00","2012-06-30 00:00:00","2012-06-30 00:00:00","2012-07-01 00:00:00","4.0000","49.0000","49.0000","2012-06-30 22:00:00"
"16904","780","7","60","2012-06-19 00:00:00","2012-06-30 00:00:00","2012-06-30 00:00:00","2012-07-01 00:00:00","4.0000","49.0000","49.0000","2012-06-30 22:00:00"
"16905","783","7","60","2012-06-19 00:00:00","2012-06-30 00:00:00","2012-06-30 00:00:00","2012-07-01 00:00:00","4.0000","49.0000","49.0000","2012-06-30 22:00:00"
"16906","795","7","60","2012-06-19 00:00:00","2012-06-30 00:00:00","2012-06-30 00:00:00","2012-07-01 00:00:00","4.0000","49.0000","49.0000","2012-06-30 22:00:00"
"16907","799","7","60","2012-06-19 00:00:00","2012-06-30 00:00:00","2012-06-30 00:00:00","2012-07-01 00:00:00","4.0000","49.0000","49.0000","2012-06-30 22:00:00"
"16908","516","6","50","2012-06-19 00:00:00","2012-06-30 00:00:00","2012-06-30 00:00:00","2012-07-01 00:00:00","3.0000","36.7500","36.7500","2012-06-30 22:00:00"
"16908","516","7","60","2012-06-19 00:00:00","2012-06-30 00:00:00","2012-06-30 00:00:00","2012-07-01 00:00:00","4.0000","49.0000","49.0000","2012-06-30 22:00:00"
"16909","517","6","50","2012-06-19 00:00:00","2012-06-30 00:00:00","2012-06-30 00:00:00","2012-07-01 00:00:00","3.0000","36.7500","36.7500","2012-06-30 22:00:00"
"16909","517","7","60","2012-06-19 00:00:00","2012-06-30 00:00:00","2012-06-30 00:00:00","2012-07-01 00:00:00","4.0000","49.0000","49.0000","2012-06-30 22:00:00"
"16910","518","6","50","2012-06-19 00:00:00","2012-06-30 00:00:00","2012-06-30 00:00:00","2012-07-01 00:00:00","3.0000","36.7500","36.7500","2012-06-30 22:00:00"
"16910","518","7","60","2012-06-19 00:00:00","2012-06-30 00:00:00","2012-06-30 00:00:00","2012-07-01 00:00:00","4.0000","49.0000","49.0000","2012-06-30 22:00:00"
"16911","519","6","50","2012-06-19 00:00:00","2012-06-30 00:00:00","2012-06-30 00:00:00","2012-07-01 00:00:00","3.0000","36.7500","36.7500","2012-06-30 22:00:00"
"16911","519","7","60","2012-06-19 00:00:00","2012-06-30 00:00:00","2012-06-30 00:00:00","2012-07-01 00:00:00","4.0000","49.0000","49.0000","2012-06-30 22:00:00"
"16916","748","1","10","2012-06-19 00:00:00","2012-06-30 00:00:00","2012-06-30 00:00:00","2012-07-01 00:00:00","4.1000","92.2500","92.2500","2012-06-30 22:00:00"
"16916","748","2","20","2012-06-19 00:00:00","2012-06-30 00:00:00","2012-06-30 00:00:00","2012-07-01 00:00:00","3.5000","87.5000","87.5000","2012-06-30 22:00:00"
"16916","748","3","30","2012-06-19 00:00:00","2012-06-30 00:00:00","2012-06-30 00:00:00","2012-07-01 00:00:00","1.0000","14.5000","14.5000","2012-06-30 22:00:00"
"16916","748","5","45","2012-06-19 00:00:00","2012-06-30 00:00:00","2012-06-30 00:00:00","2012-07-01 00:00:00","2.0000","36.0000","36.0000","2012-06-30 22:00:00"
"16916","748","6","50","2012-06-19 00:00:00","2012-06-30 00:00:00","2012-06-30 00:00:00","2012-07-01 00:00:00","3.0000","36.7500","36.7500","2012-06-30 22:00:00"
"16916","748","7","60","2012-06-19 00:00:00","2012-06-30 00:00:00","2012-06-30 00:00:00","2012-07-01 00:00:00","4.0000","49.0000","49.0000","2012-06-30 22:00:00"
"16917","806","6","50","2012-06-19 00:00:00","2012-06-30 00:00:00","2012-06-30 00:00:00","2012-07-01 00:00:00","3.0000","36.7500","36.7500","2012-06-30 22:00:00"
"16918","810","1","10","2012-06-19 00:00:00","2012-06-30 00:00:00","2012-06-30 00:00:00","2012-07-01 00:00:00","4.1000","92.2500","92.2500","2012-06-30 22:00:00"
"16918","810","2","20","2012-06-19 00:00:00","2012-06-30 00:00:00","2012-06-30 00:00:00","2012-07-01 00:00:00","3.5000","87.5000","87.5000","2012-06-30 22:00:00"
"16918","810","6","50","2012-06-19 00:00:00","2012-06-30 00:00:00","2012-06-30 00:00:00","2012-07-01 00:00:00","3.0000","36.7500","36.7500","2012-06-30 22:00:00"
"16919","811","1","10","2012-06-19 00:00:00","2012-06-30 00:00:00","2012-06-30 00:00:00","2012-07-01 00:00:00","4.1000","92.2500","92.2500","2012-06-30 22:00:00"
"16919","811","2","20","2012-06-19 00:00:00","2012-06-30 00:00:00","2012-06-30 00:00:00","2012-07-01 00:00:00","3.5000","87.5000","87.5000","2012-06-30 22:00:00"
"16919","811","6","50","2012-06-19 00:00:00","2012-06-30 00:00:00","2012-06-30 00:00:00","2012-07-01 00:00:00","3.0000","36.7500","36.7500","2012-06-30 22:00:00"
"16920","812","1","10","2012-06-19 00:00:00","2012-06-30 00:00:00","2012-06-30 00:00:00","2012-07-01 00:00:00","4.1000","92.2500","92.2500","2012-06-30 22:00:00"
"16920","812","2","20","2012-06-19 00:00:00","2012-06-30 00:00:00","2012-06-30 00:00:00","2012-07-01 00:00:00","3.5000","87.5000","87.5000","2012-06-30 22:00:00"
"16920","812","6","50","2012-06-19 00:00:00","2012-06-30 00:00:00","2012-06-30 00:00:00","2012-07-01 00:00:00","3.0000","36.7500","36.7500","2012-06-30 22:00:00"
"16921","813","1","10","2012-06-19 00:00:00","2012-06-30 00:00:00","2012-06-30 00:00:00","2012-07-01 00:00:00","4.1000","92.2500","92.2500","2012-06-30 22:00:00"
"16921","813","2","20","2012-06-19 00:00:00","2012-06-30 00:00:00","2012-06-30 00:00:00","2012-07-01 00:00:00","3.5000","87.5000","87.5000","2012-06-30 22:00:00"
"16921","813","6","50","2012-06-19 00:00:00","2012-06-30 00:00:00","2012-06-30 00:00:00","2012-07-01 00:00:00","3.0000","36.7500","36.7500","2012-06-30 22:00:00"
"16922","816","6","50","2012-06-19 00:00:00","2012-06-30 00:00:00","2012-06-30 00:00:00","2012-07-01 00:00:00","3.0000","36.7500","36.7500","2012-06-30 22:00:00"
"16923","818","6","50","2012-06-19 00:00:00","2012-06-30 00:00:00","2012-06-30 00:00:00","2012-07-01 00:00:00","3.0000","36.7500","36.7500","2012-06-30 22:00:00"
"16924","819","6","50","2012-06-19 00:00:00","2012-06-30 00:00:00","2012-06-30 00:00:00","2012-07-01 00:00:00","3.0000","36.7500","36.7500","2012-06-30 22:00:00"
"16925","820","6","50","2012-06-19 00:00:00","2012-06-30 00:00:00","2012-06-30 00:00:00","2012-07-01 00:00:00","3.0000","36.7500","36.7500","2012-06-30 22:00:00"
"16926","824","6","50","2012-06-19 00:00:00","2012-06-30 00:00:00","2012-06-30 00:00:00","2012-07-01 00:00:00","3.0000","36.7500","36.7500","2012-06-30 22:00:00"
"16927","826","6","50","2012-06-19 00:00:00","2012-06-30 00:00:00","2012-06-30 00:00:00","2012-07-01 00:00:00","3.0000","36.7500","36.7500","2012-06-30 22:00:00"
"16928","827","6","50","2012-06-19 00:00:00","2012-06-30 00:00:00","2012-06-30 00:00:00","2012-07-01 00:00:00","3.0000","36.7500","36.7500","2012-06-30 22:00:00"
"16929","828","6","50","2012-06-19 00:00:00","2012-06-30 00:00:00","2012-06-30 00:00:00","2012-07-01 00:00:00","3.0000","36.7500","36.7500","2012-06-30 22:00:00"
"16932","894","6","50","2012-06-19 00:00:00","2012-06-30 00:00:00","2012-06-30 00:00:00","2012-07-01 00:00:00","3.0000","36.7500","36.7500","2012-06-30 22:00:00"
"16933","945","1","10","2012-06-19 00:00:00","2012-06-30 00:00:00","2012-06-30 00:00:00","2012-07-01 00:00:00","4.1000","92.2500","92.2500","2012-06-30 22:00:00"
"16933","945","6","50","2012-06-19 00:00:00","2012-06-30 00:00:00","2012-06-30 00:00:00","2012-07-01 00:00:00","3.0000","36.7500","36.7500","2012-06-30 22:00:00"
"16934","950","6","50","2012-06-19 00:00:00","2012-06-30 00:00:00","2012-06-30 00:00:00","2012-07-01 00:00:00","3.0000","36.7500","36.7500","2012-06-30 22:00:00"
"16935","994","6","50","2012-06-19 00:00:00","2012-06-30 00:00:00","2012-06-30 00:00:00","2012-07-01 00:00:00","3.0000","36.7500","36.7500","2012-06-30 22:00:00"
"16936","995","6","50","2012-06-19 00:00:00","2012-06-30 00:00:00","2012-06-30 00:00:00","2012-07-01 00:00:00","3.0000","36.7500","36.7500","2012-06-30 22:00:00"
"16937","996","6","50","2012-06-19 00:00:00","2012-06-30 00:00:00","2012-06-30 00:00:00","2012-07-01 00:00:00","3.0000","36.7500","36.7500","2012-06-30 22:00:00"
"16951","802","1","10","2012-06-19 00:00:00","2012-06-30 00:00:00","2012-06-30 00:00:00","2012-07-01 00:00:00","4.1000","92.2500","92.2500","2012-06-30 22:00:00"
"16951","802","6","50","2012-06-19 00:00:00","2012-06-30 00:00:00","2012-06-30 00:00:00","2012-07-01 00:00:00","3.0000","36.7500","36.7500","2012-06-30 22:00:00"
"16952","803","1","10","2012-06-19 00:00:00","2012-06-30 00:00:00","2012-06-30 00:00:00","2012-07-01 00:00:00","4.1000","92.2500","92.2500","2012-06-30 22:00:00"
"16952","803","6","50","2012-06-19 00:00:00","2012-06-30 00:00:00","2012-06-30 00:00:00","2012-07-01 00:00:00","3.0000","36.7500","36.7500","2012-06-30 22:00:00"
"16953","804","1","10","2012-06-19 00:00:00","2012-06-30 00:00:00","2012-06-30 00:00:00","2012-07-01 00:00:00","4.1000","92.2500","92.2500","2012-06-30 22:00:00"
"16953","804","6","50","2012-06-19 00:00:00","2012-06-30 00:00:00","2012-06-30 00:00:00","2012-07-01 00:00:00","3.0000","36.7500","36.7500","2012-06-30 22:00:00"
"16958","767","7","60","2012-06-20 00:00:00","2012-07-01 00:00:00","2012-06-20 00:00:00","2012-07-01 00:00:00","4.0000","49.0000","49.0000","2012-06-30 22:00:00"
"16959","779","7","60","2012-06-20 00:00:00","2012-07-01 00:00:00","2012-06-20 00:00:00","2012-07-01 00:00:00","4.0000","49.0000","49.0000","2012-06-30 22:00:00"
"16960","780","7","60","2012-06-20 00:00:00","2012-07-01 00:00:00","2012-06-20 00:00:00","2012-07-01 00:00:00","4.0000","49.0000","49.0000","2012-06-30 22:00:00"
"16961","790","7","60","2012-06-20 00:00:00","2012-07-01 00:00:00","2012-06-20 00:00:00","2012-07-01 00:00:00","4.0000","49.0000","49.0000","2012-06-30 22:00:00"
"16962","793","7","60","2012-06-20 00:00:00","2012-07-01 00:00:00","2012-06-20 00:00:00","2012-07-01 00:00:00","4.0000","49.0000","49.0000","2012-06-30 22:00:00"
"16963","796","7","60","2012-06-20 00:00:00","2012-07-01 00:00:00","2012-06-20 00:00:00","2012-07-01 00:00:00","4.0000","49.0000","49.0000","2012-06-30 22:00:00"
"16964","799","7","60","2012-06-20 00:00:00","2012-07-01 00:00:00","2012-06-20 00:00:00","2012-07-01 00:00:00","4.0000","49.0000","49.0000","2012-06-30 22:00:00"
"16965","516","6","50","2012-06-20 00:00:00","2012-07-01 00:00:00","2012-06-20 00:00:00","2012-07-01 00:00:00","3.0000","36.7500","36.7500","2012-06-30 22:00:00"
"16965","516","7","60","2012-06-20 00:00:00","2012-07-01 00:00:00","2012-06-20 00:00:00","2012-07-01 00:00:00","4.0000","49.0000","49.0000","2012-06-30 22:00:00"
"16966","517","6","50","2012-06-20 00:00:00","2012-07-01 00:00:00","2012-06-20 00:00:00","2012-07-01 00:00:00","3.0000","36.7500","36.7500","2012-06-30 22:00:00"
"16966","517","7","60","2012-06-20 00:00:00","2012-07-01 00:00:00","2012-06-20 00:00:00","2012-07-01 00:00:00","4.0000","49.0000","49.0000","2012-06-30 22:00:00"
"16967","518","6","50","2012-06-20 00:00:00","2012-07-01 00:00:00","2012-06-20 00:00:00","2012-07-01 00:00:00","3.0000","36.7500","36.7500","2012-06-30 22:00:00"
"16967","518","7","60","2012-06-20 00:00:00","2012-07-01 00:00:00","2012-06-20 00:00:00","2012-07-01 00:00:00","4.0000","49.0000","49.0000","2012-06-30 22:00:00"
"16968","519","6","50","2012-06-20 00:00:00","2012-07-01 00:00:00","2012-06-20 00:00:00","2012-07-01 00:00:00","3.0000","36.7500","36.7500","2012-06-30 22:00:00"
"16968","519","7","60","2012-06-20 00:00:00","2012-07-01 00:00:00","2012-06-20 00:00:00","2012-07-01 00:00:00","4.0000","49.0000","49.0000","2012-06-30 22:00:00"
"16973","748","1","10","2012-06-20 00:00:00","2012-07-01 00:00:00","2012-06-20 00:00:00","2012-07-01 00:00:00","4.1000","92.2500","92.2500","2012-06-30 22:00:00"
"16973","748","2","20","2012-06-20 00:00:00","2012-07-01 00:00:00","2012-06-20 00:00:00","2012-07-01 00:00:00","3.5000","87.5000","87.5000","2012-06-30 22:00:00"
"16973","748","3","30","2012-06-20 00:00:00","2012-07-01 00:00:00","2012-06-20 00:00:00","2012-07-01 00:00:00","1.0000","14.5000","14.5000","2012-06-30 22:00:00"
"16973","748","5","45","2012-06-20 00:00:00","2012-07-01 00:00:00","2012-06-20 00:00:00","2012-07-01 00:00:00","2.0000","36.0000","36.0000","2012-06-30 22:00:00"
"16973","748","6","50","2012-06-20 00:00:00","2012-07-01 00:00:00","2012-06-20 00:00:00","2012-07-01 00:00:00","3.0000","36.7500","36.7500","2012-06-30 22:00:00"
"16973","748","7","60","2012-06-20 00:00:00","2012-07-01 00:00:00","2012-06-20 00:00:00","2012-07-01 00:00:00","4.0000","49.0000","49.0000","2012-06-30 22:00:00"
"16974","806","6","50","2012-06-20 00:00:00","2012-07-01 00:00:00","2012-06-20 00:00:00","2012-07-01 00:00:00","3.0000","36.7500","36.7500","2012-06-30 22:00:00"
"16975","810","1","10","2012-06-20 00:00:00","2012-07-01 00:00:00","2012-06-20 00:00:00","2012-07-01 00:00:00","4.1000","92.2500","92.2500","2012-06-30 22:00:00"
"16975","810","2","20","2012-06-20 00:00:00","2012-07-01 00:00:00","2012-06-20 00:00:00","2012-07-01 00:00:00","3.5000","87.5000","87.5000","2012-06-30 22:00:00"
"16975","810","6","50","2012-06-20 00:00:00","2012-07-01 00:00:00","2012-06-20 00:00:00","2012-07-01 00:00:00","3.0000","36.7500","36.7500","2012-06-30 22:00:00"
"16976","811","1","10","2012-06-20 00:00:00","2012-07-01 00:00:00","2012-06-20 00:00:00","2012-07-01 00:00:00","4.1000","92.2500","92.2500","2012-06-30 22:00:00"
"16976","811","2","20","2012-06-20 00:00:00","2012-07-01 00:00:00","2012-06-20 00:00:00","2012-07-01 00:00:00","3.5000","87.5000","87.5000","2012-06-30 22:00:00"
"16976","811","6","50","2012-06-20 00:00:00","2012-07-01 00:00:00","2012-06-20 00:00:00","2012-07-01 00:00:00","3.0000","36.7500","36.7500","2012-06-30 22:00:00"
"16977","812","1","10","2012-06-20 00:00:00","2012-07-01 00:00:00","2012-06-20 00:00:00","2012-07-01 00:00:00","4.1000","92.2500","92.2500","2012-06-30 22:00:00"
"16977","812","2","20","2012-06-20 00:00:00","2012-07-01 00:00:00","2012-06-20 00:00:00","2012-07-01 00:00:00","3.5000","87.5000","87.5000","2012-06-30 22:00:00"
"16977","812","6","50","2012-06-20 00:00:00","2012-07-01 00:00:00","2012-06-20 00:00:00","2012-07-01 00:00:00","3.0000","36.7500","36.7500","2012-06-30 22:00:00"
"16978","813","1","10","2012-06-20 00:00:00","2012-07-01 00:00:00","2012-06-20 00:00:00","2012-07-01 00:00:00","4.1000","92.2500","92.2500","2012-06-30 22:00:00"
"16978","813","2","20","2012-06-20 00:00:00","2012-07-01 00:00:00","2012-06-20 00:00:00","2012-07-01 00:00:00","3.5000","87.5000","87.5000","2012-06-30 22:00:00"
"16978","813","6","50","2012-06-20 00:00:00","2012-07-01 00:00:00","2012-06-20 00:00:00","2012-07-01 00:00:00","3.0000","36.7500","36.7500","2012-06-30 22:00:00"
"16979","816","6","50","2012-06-20 00:00:00","2012-07-01 00:00:00","2012-06-20 00:00:00","2012-07-01 00:00:00","3.0000","36.7500","36.7500","2012-06-30 22:00:00"
"16980","818","6","50","2012-06-20 00:00:00","2012-07-01 00:00:00","2012-06-20 00:00:00","2012-07-01 00:00:00","3.0000","36.7500","36.7500","2012-06-30 22:00:00"
"16981","819","6","50","2012-06-20 00:00:00","2012-07-01 00:00:00","2012-06-20 00:00:00","2012-07-01 00:00:00","3.0000","36.7500","36.7500","2012-06-30 22:00:00"
"16982","820","6","50","2012-06-20 00:00:00","2012-07-01 00:00:00","2012-06-20 00:00:00","2012-07-01 00:00:00","3.0000","36.7500","36.7500","2012-06-30 22:00:00"
"16983","824","6","50","2012-06-20 00:00:00","2012-07-01 00:00:00","2012-06-20 00:00:00","2012-07-01 00:00:00","3.0000","36.7500","36.7500","2012-06-30 22:00:00"
"16984","826","6","50","2012-06-20 00:00:00","2012-07-01 00:00:00","2012-06-20 00:00:00","2012-07-01 00:00:00","3.0000","36.7500","36.7500","2012-06-30 22:00:00"
"16985","827","6","50","2012-06-20 00:00:00","2012-07-01 00:00:00","2012-06-20 00:00:00","2012-07-01 00:00:00","3.0000","36.7500","36.7500","2012-06-30 22:00:00"
"16986","828","6","50","2012-06-20 00:00:00","2012-07-01 00:00:00","2012-06-20 00:00:00","2012-07-01 00:00:00","3.0000","36.7500","36.7500","2012-06-30 22:00:00"
"16989","894","6","50","2012-06-20 00:00:00","2012-07-01 00:00:00","2012-06-20 00:00:00","2012-07-01 00:00:00","3.0000","36.7500","36.7500","2012-06-30 22:00:00"
"16990","945","1","10","2012-06-20 00:00:00","2012-07-01 00:00:00","2012-06-20 00:00:00","2012-07-01 00:00:00","4.1000","92.2500","92.2500","2012-06-30 22:00:00"
"16990","945","6","50","2012-06-20 00:00:00","2012-07-01 00:00:00","2012-06-20 00:00:00","2012-07-01 00:00:00","3.0000","36.7500","36.7500","2012-06-30 22:00:00"
"16991","950","6","50","2012-06-20 00:00:00","2012-07-01 00:00:00","2012-06-20 00:00:00","2012-07-01 00:00:00","3.0000","36.7500","36.7500","2012-06-30 22:00:00"
"16992","994","6","50","2012-06-20 00:00:00","2012-07-01 00:00:00","2012-06-20 00:00:00","2012-07-01 00:00:00","3.0000","36.7500","36.7500","2012-06-30 22:00:00"
"16993","995","6","50","2012-06-20 00:00:00","2012-07-01 00:00:00","2012-06-20 00:00:00","2012-07-01 00:00:00","3.0000","36.7500","36.7500","2012-06-30 22:00:00"
"16994","996","6","50","2012-06-20 00:00:00","2012-07-01 00:00:00","2012-06-20 00:00:00","2012-07-01 00:00:00","3.0000","36.7500","36.7500","2012-06-30 22:00:00"
"17008","802","1","10","2012-06-20 00:00:00","2012-07-01 00:00:00","2012-06-20 00:00:00","2012-07-01 00:00:00","4.1000","92.2500","92.2500","2012-06-30 22:00:00"
"17008","802","6","50","2012-06-20 00:00:00","2012-07-01 00:00:00","2012-06-20 00:00:00","2012-07-01 00:00:00","3.0000","36.7500","36.7500","2012-06-30 22:00:00"
"17009","803","1","10","2012-06-20 00:00:00","2012-07-01 00:00:00","2012-06-20 00:00:00","2012-07-01 00:00:00","4.1000","92.2500","92.2500","2012-06-30 22:00:00"
"17009","803","6","50","2012-06-20 00:00:00","2012-07-01 00:00:00","2012-06-20 00:00:00","2012-07-01 00:00:00","3.0000","36.7500","36.7500","2012-06-30 22:00:00"
"17010","804","1","10","2012-06-20 00:00:00","2012-07-01 00:00:00","2012-06-20 00:00:00","2012-07-01 00:00:00","4.1000","92.2500","92.2500","2012-06-30 22:00:00"
"17010","804","6","50","2012-06-20 00:00:00","2012-07-01 00:00:00","2012-06-20 00:00:00","2012-07-01 00:00:00","3.0000","36.7500","36.7500","2012-06-30 22:00:00"
"17015","759","7","60","2012-06-21 00:00:00","2012-07-02 00:00:00","2012-07-04 00:00:00","2012-07-05 00:00:00","4.0000","49.0000","49.0000","2012-07-04 22:00:00"
"17016","782","7","60","2012-06-21 00:00:00","2012-07-02 00:00:00","2012-07-04 00:00:00","2012-07-05 00:00:00","4.0000","49.0000","49.0000","2012-07-04 22:00:00"
"17017","790","7","60","2012-06-21 00:00:00","2012-07-02 00:00:00","2012-07-04 00:00:00","2012-07-05 00:00:00","4.0000","49.0000","49.0000","2012-07-04 22:00:00"
"17018","792","7","60","2012-06-21 00:00:00","2012-07-02 00:00:00","2012-07-04 00:00:00","2012-07-05 00:00:00","4.0000","49.0000","49.0000","2012-07-04 22:00:00"
"17019","794","7","60","2012-06-21 00:00:00","2012-07-02 00:00:00","2012-07-04 00:00:00","2012-07-05 00:00:00","4.0000","49.0000","49.0000","2012-07-04 22:00:00"
"17020","795","7","60","2012-06-21 00:00:00","2012-07-02 00:00:00","2012-07-04 00:00:00","2012-07-05 00:00:00","4.0000","49.0000","49.0000","2012-07-04 22:00:00"
"17021","797","7","60","2012-06-21 00:00:00","2012-07-02 00:00:00","2012-07-04 00:00:00","2012-07-05 00:00:00","4.0000","49.0000","49.0000","2012-07-04 22:00:00"
"17022","516","6","50","2012-06-21 00:00:00","2012-07-02 00:00:00","2012-07-04 00:00:00","2012-07-05 00:00:00","3.0000","36.7500","36.7500","2012-07-04 22:00:00"
"17022","516","7","60","2012-06-21 00:00:00","2012-07-02 00:00:00","2012-07-04 00:00:00","2012-07-05 00:00:00","4.0000","49.0000","49.0000","2012-07-04 22:00:00"
"17023","517","6","50","2012-06-21 00:00:00","2012-07-02 00:00:00","2012-07-04 00:00:00","2012-07-05 00:00:00","3.0000","36.7500","36.7500","2012-07-04 22:00:00"
"17023","517","7","60","2012-06-21 00:00:00","2012-07-02 00:00:00","2012-07-04 00:00:00","2012-07-05 00:00:00","4.0000","49.0000","49.0000","2012-07-04 22:00:00"
"17024","518","6","50","2012-06-21 00:00:00","2012-07-02 00:00:00","2012-07-04 00:00:00","2012-07-05 00:00:00","3.0000","36.7500","36.7500","2012-07-04 22:00:00"
"17024","518","7","60","2012-06-21 00:00:00","2012-07-02 00:00:00","2012-07-04 00:00:00","2012-07-05 00:00:00","4.0000","49.0000","49.0000","2012-07-04 22:00:00"
"17025","519","6","50","2012-06-21 00:00:00","2012-07-02 00:00:00","2012-07-04 00:00:00","2012-07-05 00:00:00","3.0000","36.7500","36.7500","2012-07-04 22:00:00"
"17025","519","7","60","2012-06-21 00:00:00","2012-07-02 00:00:00","2012-07-04 00:00:00","2012-07-05 00:00:00","4.0000","49.0000","49.0000","2012-07-04 22:00:00"
"17029","747","1","10","2012-06-21 00:00:00","2012-07-02 00:00:00","2012-07-04 00:00:00","2012-07-05 00:00:00","4.1000","92.2500","92.2500","2012-07-04 22:00:00"
"17029","747","2","20","2012-06-21 00:00:00","2012-07-02 00:00:00","2012-07-04 00:00:00","2012-07-05 00:00:00","3.5000","87.5000","87.5000","2012-07-04 22:00:00"
"17029","747","3","30","2012-06-21 00:00:00","2012-07-02 00:00:00","2012-07-04 00:00:00","2012-07-05 00:00:00","1.0000","14.5000","14.5000","2012-07-04 22:00:00"
"17029","747","4","40","2012-06-21 00:00:00","2012-07-02 00:00:00","2012-07-04 00:00:00","2012-07-05 00:00:00","2.0000","31.5000","31.5000","2012-07-04 22:00:00"
"17029","747","6","50","2012-06-21 00:00:00","2012-07-02 00:00:00","2012-07-04 00:00:00","2012-07-05 00:00:00","3.0000","36.7500","36.7500","2012-07-04 22:00:00"
"17029","747","7","60","2012-06-21 00:00:00","2012-07-02 00:00:00","2012-07-04 00:00:00","2012-07-05 00:00:00","4.0000","49.0000","49.0000","2012-07-04 22:00:00"
"17030","806","6","50","2012-06-21 00:00:00","2012-07-02 00:00:00","2012-07-04 00:00:00","2012-07-05 00:00:00","3.0000","36.7500","36.7500","2012-07-04 22:00:00"
"17031","810","1","10","2012-06-21 00:00:00","2012-07-02 00:00:00","2012-07-04 00:00:00","2012-07-05 00:00:00","4.1000","92.2500","92.2500","2012-07-04 22:00:00"
"17031","810","2","20","2012-06-21 00:00:00","2012-07-02 00:00:00","2012-07-04 00:00:00","2012-07-05 00:00:00","3.5000","87.5000","87.5000","2012-07-04 22:00:00"
"17031","810","6","50","2012-06-21 00:00:00","2012-07-02 00:00:00","2012-07-04 00:00:00","2012-07-05 00:00:00","3.0000","36.7500","36.7500","2012-07-04 22:00:00"
"17032","811","1","10","2012-06-21 00:00:00","2012-07-02 00:00:00","2012-07-04 00:00:00","2012-07-05 00:00:00","4.1000","92.2500","92.2500","2012-07-04 22:00:00"
"17032","811","2","20","2012-06-21 00:00:00","2012-07-02 00:00:00","2012-07-04 00:00:00","2012-07-05 00:00:00","3.5000","87.5000","87.5000","2012-07-04 22:00:00"
"17032","811","6","50","2012-06-21 00:00:00","2012-07-02 00:00:00","2012-07-04 00:00:00","2012-07-05 00:00:00","3.0000","36.7500","36.7500","2012-07-04 22:00:00"
"17033","812","1","10","2012-06-21 00:00:00","2012-07-02 00:00:00","2012-07-04 00:00:00","2012-07-05 00:00:00","4.1000","92.2500","92.2500","2012-07-04 22:00:00"
"17033","812","2","20","2012-06-21 00:00:00","2012-07-02 00:00:00","2012-07-04 00:00:00","2012-07-05 00:00:00","3.5000","87.5000","87.5000","2012-07-04 22:00:00"
"17033","812","6","50","2012-06-21 00:00:00","2012-07-02 00:00:00","2012-07-04 00:00:00","2012-07-05 00:00:00","3.0000","36.7500","36.7500","2012-07-04 22:00:00"
"17034","813","1","10","2012-06-21 00:00:00","2012-07-02 00:00:00","2012-07-04 00:00:00","2012-07-05 00:00:00","4.1000","92.2500","92.2500","2012-07-04 22:00:00"
"17034","813","2","20","2012-06-21 00:00:00","2012-07-02 00:00:00","2012-07-04 00:00:00","2012-07-05 00:00:00","3.5000","87.5000","87.5000","2012-07-04 22:00:00"
"17034","813","6","50","2012-06-21 00:00:00","2012-07-02 00:00:00","2012-07-04 00:00:00","2012-07-05 00:00:00","3.0000","36.7500","36.7500","2012-07-04 22:00:00"
"17035","816","6","50","2012-06-21 00:00:00","2012-07-02 00:00:00","2012-07-04 00:00:00","2012-07-05 00:00:00","3.0000","36.7500","36.7500","2012-07-04 22:00:00"
"17036","818","6","50","2012-06-21 00:00:00","2012-07-02 00:00:00","2012-07-04 00:00:00","2012-07-05 00:00:00","3.0000","36.7500","36.7500","2012-07-04 22:00:00"
"17037","819","6","50","2012-06-21 00:00:00","2012-07-02 00:00:00","2012-07-04 00:00:00","2012-07-05 00:00:00","3.0000","36.7500","36.7500","2012-07-04 22:00:00"
"17038","820","6","50","2012-06-21 00:00:00","2012-07-02 00:00:00","2012-07-04 00:00:00","2012-07-05 00:00:00","3.0000","36.7500","36.7500","2012-07-04 22:00:00"
"17039","822","1","10","2012-06-21 00:00:00","2012-07-02 00:00:00","2012-07-04 00:00:00","2012-07-05 00:00:00","4.1000","92.2500","92.2500","2012-07-04 22:00:00"
"17039","822","2","20","2012-06-21 00:00:00","2012-07-02 00:00:00","2012-07-04 00:00:00","2012-07-05 00:00:00","3.5000","87.5000","87.5000","2012-07-04 22:00:00"
"17039","822","3","30","2012-06-21 00:00:00","2012-07-02 00:00:00","2012-07-04 00:00:00","2012-07-05 00:00:00","1.0000","14.5000","14.5000","2012-07-04 22:00:00"
"17039","822","4","40","2012-06-21 00:00:00","2012-07-02 00:00:00","2012-07-04 00:00:00","2012-07-05 00:00:00","2.0000","31.5000","31.5000","2012-07-04 22:00:00"
"17039","822","6","50","2012-06-21 00:00:00","2012-07-02 00:00:00","2012-07-04 00:00:00","2012-07-05 00:00:00","3.0000","36.7500","36.7500","2012-07-04 22:00:00"
"17039","822","7","60","2012-06-21 00:00:00","2012-07-02 00:00:00","2012-07-04 00:00:00","2012-07-05 00:00:00","4.0000","49.0000","49.0000","2012-07-04 22:00:00"
"17040","824","6","50","2012-06-21 00:00:00","2012-07-02 00:00:00","2012-07-04 00:00:00","2012-07-05 00:00:00","3.0000","36.7500","36.7500","2012-07-04 22:00:00"
"17041","826","6","50","2012-06-21 00:00:00","2012-07-02 00:00:00","2012-07-04 00:00:00","2012-07-05 00:00:00","3.0000","36.7500","36.7500","2012-07-04 22:00:00"
"17042","827","6","50","2012-06-21 00:00:00","2012-07-02 00:00:00","2012-07-04 00:00:00","2012-07-05 00:00:00","3.0000","36.7500","36.7500","2012-07-04 22:00:00"
"17043","828","6","50","2012-06-21 00:00:00","2012-07-02 00:00:00","2012-07-04 00:00:00","2012-07-05 00:00:00","3.0000","36.7500","36.7500","2012-07-04 22:00:00"
"17046","894","6","50","2012-06-21 00:00:00","2012-07-02 00:00:00","2012-07-04 00:00:00","2012-07-05 00:00:00","3.0000","36.7500","36.7500","2012-07-04 22:00:00"
"17047","945","1","10","2012-06-21 00:00:00","2012-07-02 00:00:00","2012-07-04 00:00:00","2012-07-05 00:00:00","4.1000","92.2500","92.2500","2012-07-04 22:00:00"
"17047","945","6","50","2012-06-21 00:00:00","2012-07-02 00:00:00","2012-07-04 00:00:00","2012-07-05 00:00:00","3.0000","36.7500","36.7500","2012-07-04 22:00:00"
"17048","950","6","50","2012-06-21 00:00:00","2012-07-02 00:00:00","2012-07-04 00:00:00","2012-07-05 00:00:00","3.0000","36.7500","36.7500","2012-07-04 22:00:00"
"17049","994","6","50","2012-06-21 00:00:00","2012-07-02 00:00:00","2012-07-04 00:00:00","2012-07-05 00:00:00","3.0000","36.7500","36.7500","2012-07-04 22:00:00"
"17050","995","6","50","2012-06-21 00:00:00","2012-07-02 00:00:00","2012-07-04 00:00:00","2012-07-05 00:00:00","3.0000","36.7500","36.7500","2012-07-04 22:00:00"
"17051","996","6","50","2012-06-21 00:00:00","2012-07-02 00:00:00","2012-07-04 00:00:00","2012-07-05 00:00:00","3.0000","36.7500","36.7500","2012-07-04 22:00:00"
"17065","802","1","10","2012-06-21 00:00:00","2012-07-02 00:00:00","2012-07-04 00:00:00","2012-07-05 00:00:00","4.1000","92.2500","92.2500","2012-07-04 22:00:00"
"17065","802","6","50","2012-06-21 00:00:00","2012-07-02 00:00:00","2012-07-04 00:00:00","2012-07-05 00:00:00","3.0000","36.7500","36.7500","2012-07-04 22:00:00"
"17066","803","1","10","2012-06-21 00:00:00","2012-07-02 00:00:00","2012-07-04 00:00:00","2012-07-05 00:00:00","4.1000","92.2500","92.2500","2012-07-04 22:00:00"
"17066","803","6","50","2012-06-21 00:00:00","2012-07-02 00:00:00","2012-07-04 00:00:00","2012-07-05 00:00:00","3.0000","36.7500","36.7500","2012-07-04 22:00:00"
"17067","804","1","10","2012-06-21 00:00:00","2012-07-02 00:00:00","2012-07-04 00:00:00","2012-07-05 00:00:00","4.1000","92.2500","92.2500","2012-07-04 22:00:00"
"17067","804","6","50","2012-06-21 00:00:00","2012-07-02 00:00:00","2012-07-04 00:00:00","2012-07-05 00:00:00","3.0000","36.7500","36.7500","2012-07-04 22:00:00"
"17072","765","7","60","2012-06-22 00:00:00","2012-07-03 00:00:00","2012-06-22 00:00:00","2012-07-03 00:00:00","4.0000","49.0000","49.0000","2012-07-02 22:00:00"
"17073","782","7","60","2012-06-22 00:00:00","2012-07-03 00:00:00","2012-06-22 00:00:00","2012-07-03 00:00:00","4.0000","49.0000","49.0000","2012-07-02 22:00:00"
"17074","783","7","60","2012-06-22 00:00:00","2012-07-03 00:00:00","2012-06-22 00:00:00","2012-07-03 00:00:00","4.0000","49.0000","49.0000","2012-07-02 22:00:00"
"17075","789","7","60","2012-06-22 00:00:00","2012-07-03 00:00:00","2012-06-22 00:00:00","2012-07-03 00:00:00","4.0000","49.0000","49.0000","2012-07-02 22:00:00"
"17076","791","7","60","2012-06-22 00:00:00","2012-07-03 00:00:00","2012-06-22 00:00:00","2012-07-03 00:00:00","4.0000","49.0000","49.0000","2012-07-02 22:00:00"
"17077","792","7","60","2012-06-22 00:00:00","2012-07-03 00:00:00","2012-06-22 00:00:00","2012-07-03 00:00:00","4.0000","49.0000","49.0000","2012-07-02 22:00:00"
"17078","793","7","60","2012-06-22 00:00:00","2012-07-03 00:00:00","2012-06-22 00:00:00","2012-07-03 00:00:00","4.0000","49.0000","49.0000","2012-07-02 22:00:00"
"17079","794","7","60","2012-06-22 00:00:00","2012-07-03 00:00:00","2012-06-22 00:00:00","2012-07-03 00:00:00","4.0000","49.0000","49.0000","2012-07-02 22:00:00"
"17080","516","6","50","2012-06-22 00:00:00","2012-07-03 00:00:00","2012-06-22 00:00:00","2012-07-03 00:00:00","3.0000","36.7500","36.7500","2012-07-02 22:00:00"
"17080","516","7","60","2012-06-22 00:00:00","2012-07-03 00:00:00","2012-06-22 00:00:00","2012-07-03 00:00:00","4.0000","49.0000","49.0000","2012-07-02 22:00:00"
"17081","517","6","50","2012-06-22 00:00:00","2012-07-03 00:00:00","2012-06-22 00:00:00","2012-07-03 00:00:00","3.0000","36.7500","36.7500","2012-07-02 22:00:00"
"17081","517","7","60","2012-06-22 00:00:00","2012-07-03 00:00:00","2012-06-22 00:00:00","2012-07-03 00:00:00","4.0000","49.0000","49.0000","2012-07-02 22:00:00"
"17082","519","6","50","2012-06-22 00:00:00","2012-07-03 00:00:00","2012-06-22 00:00:00","2012-07-03 00:00:00","3.0000","36.7500","36.7500","2012-07-02 22:00:00"
"17082","519","7","60","2012-06-22 00:00:00","2012-07-03 00:00:00","2012-06-22 00:00:00","2012-07-03 00:00:00","4.0000","49.0000","49.0000","2012-07-02 22:00:00"
"17088","747","1","10","2012-06-22 00:00:00","2012-07-03 00:00:00","2012-06-22 00:00:00","2012-07-03 00:00:00","4.1000","92.2500","92.2500","2012-07-02 22:00:00"
"17088","747","2","20","2012-06-22 00:00:00","2012-07-03 00:00:00","2012-06-22 00:00:00","2012-07-03 00:00:00","3.5000","87.5000","87.5000","2012-07-02 22:00:00"
"17088","747","3","30","2012-06-22 00:00:00","2012-07-03 00:00:00","2012-06-22 00:00:00","2012-07-03 00:00:00","1.0000","14.5000","14.5000","2012-07-02 22:00:00"
"17088","747","4","40","2012-06-22 00:00:00","2012-07-03 00:00:00","2012-06-22 00:00:00","2012-07-03 00:00:00","2.0000","31.5000","31.5000","2012-07-02 22:00:00"
"17088","747","6","50","2012-06-22 00:00:00","2012-07-03 00:00:00","2012-06-22 00:00:00","2012-07-03 00:00:00","3.0000","36.7500","36.7500","2012-07-02 22:00:00"
"17088","747","7","60","2012-06-22 00:00:00","2012-07-03 00:00:00","2012-06-22 00:00:00","2012-07-03 00:00:00","4.0000","49.0000","49.0000","2012-07-02 22:00:00"
"17089","806","6","50","2012-06-22 00:00:00","2012-07-03 00:00:00","2012-06-22 00:00:00","2012-07-03 00:00:00","3.0000","36.7500","36.7500","2012-07-02 22:00:00"
"17090","810","1","10","2012-06-22 00:00:00","2012-07-03 00:00:00","2012-06-22 00:00:00","2012-07-03 00:00:00","4.1000","92.2500","92.2500","2012-07-02 22:00:00"
"17090","810","2","20","2012-06-22 00:00:00","2012-07-03 00:00:00","2012-06-22 00:00:00","2012-07-03 00:00:00","3.5000","87.5000","87.5000","2012-07-02 22:00:00"
"17090","810","6","50","2012-06-22 00:00:00","2012-07-03 00:00:00","2012-06-22 00:00:00","2012-07-03 00:00:00","3.0000","36.7500","36.7500","2012-07-02 22:00:00"
"17091","811","1","10","2012-06-22 00:00:00","2012-07-03 00:00:00","2012-06-22 00:00:00","2012-07-03 00:00:00","4.1000","92.2500","92.2500","2012-07-02 22:00:00"
"17091","811","2","20","2012-06-22 00:00:00","2012-07-03 00:00:00","2012-06-22 00:00:00","2012-07-03 00:00:00","3.5000","87.5000","87.5000","2012-07-02 22:00:00"
"17091","811","6","50","2012-06-22 00:00:00","2012-07-03 00:00:00","2012-06-22 00:00:00","2012-07-03 00:00:00","3.0000","36.7500","36.7500","2012-07-02 22:00:00"
"17092","813","1","10","2012-06-22 00:00:00","2012-07-03 00:00:00","2012-06-22 00:00:00","2012-07-03 00:00:00","4.1000","92.2500","92.2500","2012-07-02 22:00:00"
"17092","813","2","20","2012-06-22 00:00:00","2012-07-03 00:00:00","2012-06-22 00:00:00","2012-07-03 00:00:00","3.5000","87.5000","87.5000","2012-07-02 22:00:00"
"17092","813","6","50","2012-06-22 00:00:00","2012-07-03 00:00:00","2012-06-22 00:00:00","2012-07-03 00:00:00","3.0000","36.7500","36.7500","2012-07-02 22:00:00"
"17093","816","6","50","2012-06-22 00:00:00","2012-07-03 00:00:00","2012-06-22 00:00:00","2012-07-03 00:00:00","3.0000","36.7500","36.7500","2012-07-02 22:00:00"
"17094","818","6","50","2012-06-22 00:00:00","2012-07-03 00:00:00","2012-06-22 00:00:00","2012-07-03 00:00:00","3.0000","36.7500","36.7500","2012-07-02 22:00:00"
"17095","820","6","50","2012-06-22 00:00:00","2012-07-03 00:00:00","2012-06-22 00:00:00","2012-07-03 00:00:00","3.0000","36.7500","36.7500","2012-07-02 22:00:00"
"17096","824","6","50","2012-06-22 00:00:00","2012-07-03 00:00:00","2012-06-22 00:00:00","2012-07-03 00:00:00","3.0000","36.7500","36.7500","2012-07-02 22:00:00"
"17097","826","6","50","2012-06-22 00:00:00","2012-07-03 00:00:00","2012-06-22 00:00:00","2012-07-03 00:00:00","3.0000","36.7500","36.7500","2012-07-02 22:00:00"
"17098","828","6","50","2012-06-22 00:00:00","2012-07-03 00:00:00","2012-06-22 00:00:00","2012-07-03 00:00:00","3.0000","36.7500","36.7500","2012-07-02 22:00:00"
"17101","894","6","50","2012-06-22 00:00:00","2012-07-03 00:00:00","2012-06-22 00:00:00","2012-07-03 00:00:00","3.0000","36.7500","36.7500","2012-07-02 22:00:00"
"17102","945","1","10","2012-06-22 00:00:00","2012-07-03 00:00:00","2012-06-22 00:00:00","2012-07-03 00:00:00","4.1000","92.2500","92.2500","2012-07-02 22:00:00"
"17102","945","6","50","2012-06-22 00:00:00","2012-07-03 00:00:00","2012-06-22 00:00:00","2012-07-03 00:00:00","3.0000","36.7500","36.7500","2012-07-02 22:00:00"
"17103","950","6","50","2012-06-22 00:00:00","2012-07-03 00:00:00","2012-06-22 00:00:00","2012-07-03 00:00:00","3.0000","36.7500","36.7500","2012-07-02 22:00:00"
"17104","994","6","50","2012-06-22 00:00:00","2012-07-03 00:00:00","2012-06-22 00:00:00","2012-07-03 00:00:00","3.0000","36.7500","36.7500","2012-07-02 22:00:00"
"17105","995","6","50","2012-06-22 00:00:00","2012-07-03 00:00:00","2012-06-22 00:00:00","2012-07-03 00:00:00","3.0000","36.7500","36.7500","2012-07-02 22:00:00"
"17106","996","6","50","2012-06-22 00:00:00","2012-07-03 00:00:00","2012-06-22 00:00:00","2012-07-03 00:00:00","3.0000","36.7500","36.7500","2012-07-02 22:00:00"
"17120","802","1","10","2012-06-22 00:00:00","2012-07-03 00:00:00","2012-06-22 00:00:00","2012-07-03 00:00:00","4.1000","92.2500","92.2500","2012-07-02 22:00:00"
"17120","802","6","50","2012-06-22 00:00:00","2012-07-03 00:00:00","2012-06-22 00:00:00","2012-07-03 00:00:00","3.0000","36.7500","36.7500","2012-07-02 22:00:00"
"17121","804","1","10","2012-06-22 00:00:00","2012-07-03 00:00:00","2012-06-22 00:00:00","2012-07-03 00:00:00","4.1000","92.2500","92.2500","2012-07-02 22:00:00"
"17121","804","6","50","2012-06-22 00:00:00","2012-07-03 00:00:00","2012-06-22 00:00:00","2012-07-03 00:00:00","3.0000","36.7500","36.7500","2012-07-02 22:00:00"
"17126","791","7","60","2012-06-23 00:00:00","2012-07-04 00:00:00","2012-07-08 00:00:00","2012-07-09 00:00:00","4.0000","49.0000","49.0000","2012-07-08 22:00:00"
"17127","792","7","60","2012-06-23 00:00:00","2012-07-04 00:00:00","2012-07-08 00:00:00","2012-07-09 00:00:00","4.0000","49.0000","49.0000","2012-07-08 22:00:00"
"17128","795","7","60","2012-06-23 00:00:00","2012-07-04 00:00:00","2012-07-08 00:00:00","2012-07-09 00:00:00","4.0000","49.0000","49.0000","2012-07-08 22:00:00"
"17129","796","7","60","2012-06-23 00:00:00","2012-07-04 00:00:00","2012-07-08 00:00:00","2012-07-09 00:00:00","4.0000","49.0000","49.0000","2012-07-08 22:00:00"
"17130","519","6","50","2012-06-23 00:00:00","2012-07-04 00:00:00","2012-07-08 00:00:00","2012-07-09 00:00:00","3.0000","36.7500","36.7500","2012-07-08 22:00:00"
"17130","519","7","60","2012-06-23 00:00:00","2012-07-04 00:00:00","2012-07-08 00:00:00","2012-07-09 00:00:00","4.0000","49.0000","49.0000","2012-07-08 22:00:00"
"17134","806","6","50","2012-06-23 00:00:00","2012-07-04 00:00:00","2012-07-08 00:00:00","2012-07-09 00:00:00","3.0000","36.7500","36.7500","2012-07-08 22:00:00"
"17135","813","1","10","2012-06-23 00:00:00","2012-07-04 00:00:00","2012-07-08 00:00:00","2012-07-09 00:00:00","4.1000","92.2500","92.2500","2012-07-08 22:00:00"
"17135","813","2","20","2012-06-23 00:00:00","2012-07-04 00:00:00","2012-07-08 00:00:00","2012-07-09 00:00:00","3.5000","87.5000","87.5000","2012-07-08 22:00:00"
"17135","813","6","50","2012-06-23 00:00:00","2012-07-04 00:00:00","2012-07-08 00:00:00","2012-07-09 00:00:00","3.0000","36.7500","36.7500","2012-07-08 22:00:00"
"17136","820","6","50","2012-06-23 00:00:00","2012-07-04 00:00:00","2012-07-08 00:00:00","2012-07-09 00:00:00","3.0000","36.7500","36.7500","2012-07-08 22:00:00"
"17137","828","6","50","2012-06-23 00:00:00","2012-07-04 00:00:00","2012-07-08 00:00:00","2012-07-09 00:00:00","3.0000","36.7500","36.7500","2012-07-08 22:00:00"
"17139","894","6","50","2012-06-23 00:00:00","2012-07-04 00:00:00","2012-07-08 00:00:00","2012-07-09 00:00:00","3.0000","36.7500","36.7500","2012-07-08 22:00:00"
"17140","945","1","10","2012-06-23 00:00:00","2012-07-04 00:00:00","2012-07-08 00:00:00","2012-07-09 00:00:00","4.1000","92.2500","92.2500","2012-07-08 22:00:00"
"17140","945","6","50","2012-06-23 00:00:00","2012-07-04 00:00:00","2012-07-08 00:00:00","2012-07-09 00:00:00","3.0000","36.7500","36.7500","2012-07-08 22:00:00"
"17141","950","6","50","2012-06-23 00:00:00","2012-07-04 00:00:00","2012-07-08 00:00:00","2012-07-09 00:00:00","3.0000","36.7500","36.7500","2012-07-08 22:00:00"
"17142","996","6","50","2012-06-23 00:00:00","2012-07-04 00:00:00","2012-07-08 00:00:00","2012-07-09 00:00:00","3.0000","36.7500","36.7500","2012-07-08 22:00:00"
"17154","804","1","10","2012-06-23 00:00:00","2012-07-04 00:00:00","2012-07-08 00:00:00","2012-07-09 00:00:00","4.1000","92.2500","92.2500","2012-07-08 22:00:00"
"17154","804","6","50","2012-06-23 00:00:00","2012-07-04 00:00:00","2012-07-08 00:00:00","2012-07-09 00:00:00","3.0000","36.7500","36.7500","2012-07-08 22:00:00"
"17159","784","7","60","2012-06-24 00:00:00","2012-07-05 00:00:00","2012-06-24 00:00:00","2012-07-05 00:00:00","4.0000","49.0000","49.0000","2012-07-04 22:00:00"
"17160","790","7","60","2012-06-24 00:00:00","2012-07-05 00:00:00","2012-06-24 00:00:00","2012-07-05 00:00:00","4.0000","49.0000","49.0000","2012-07-04 22:00:00"
"17161","793","7","60","2012-06-24 00:00:00","2012-07-05 00:00:00","2012-06-24 00:00:00","2012-07-05 00:00:00","4.0000","49.0000","49.0000","2012-07-04 22:00:00"
"17162","794","7","60","2012-06-24 00:00:00","2012-07-05 00:00:00","2012-06-24 00:00:00","2012-07-05 00:00:00","4.0000","49.0000","49.0000","2012-07-04 22:00:00"
"17163","795","7","60","2012-06-24 00:00:00","2012-07-05 00:00:00","2012-06-24 00:00:00","2012-07-05 00:00:00","4.0000","49.0000","49.0000","2012-07-04 22:00:00"
"17164","516","6","50","2012-06-24 00:00:00","2012-07-05 00:00:00","2012-06-24 00:00:00","2012-07-05 00:00:00","3.0000","36.7500","36.7500","2012-07-04 22:00:00"
"17164","516","7","60","2012-06-24 00:00:00","2012-07-05 00:00:00","2012-06-24 00:00:00","2012-07-05 00:00:00","4.0000","49.0000","49.0000","2012-07-04 22:00:00"
"17165","519","6","50","2012-06-24 00:00:00","2012-07-05 00:00:00","2012-06-24 00:00:00","2012-07-05 00:00:00","3.0000","36.7500","36.7500","2012-07-04 22:00:00"
"17165","519","7","60","2012-06-24 00:00:00","2012-07-05 00:00:00","2012-06-24 00:00:00","2012-07-05 00:00:00","4.0000","49.0000","49.0000","2012-07-04 22:00:00"
"17168","806","6","50","2012-06-24 00:00:00","2012-07-05 00:00:00","2012-06-24 00:00:00","2012-07-05 00:00:00","3.0000","36.7500","36.7500","2012-07-04 22:00:00"
"17169","810","1","10","2012-06-24 00:00:00","2012-07-05 00:00:00","2012-06-24 00:00:00","2012-07-05 00:00:00","4.1000","92.2500","92.2500","2012-07-04 22:00:00"
"17169","810","2","20","2012-06-24 00:00:00","2012-07-05 00:00:00","2012-06-24 00:00:00","2012-07-05 00:00:00","3.5000","87.5000","87.5000","2012-07-04 22:00:00"
"17169","810","6","50","2012-06-24 00:00:00","2012-07-05 00:00:00","2012-06-24 00:00:00","2012-07-05 00:00:00","3.0000","36.7500","36.7500","2012-07-04 22:00:00"
"17170","813","1","10","2012-06-24 00:00:00","2012-07-05 00:00:00","2012-06-24 00:00:00","2012-07-05 00:00:00","4.1000","92.2500","92.2500","2012-07-04 22:00:00"
"17170","813","2","20","2012-06-24 00:00:00","2012-07-05 00:00:00","2012-06-24 00:00:00","2012-07-05 00:00:00","3.5000","87.5000","87.5000","2012-07-04 22:00:00"
"17170","813","6","50","2012-06-24 00:00:00","2012-07-05 00:00:00","2012-06-24 00:00:00","2012-07-05 00:00:00","3.0000","36.7500","36.7500","2012-07-04 22:00:00"
"17171","816","6","50","2012-06-24 00:00:00","2012-07-05 00:00:00","2012-06-24 00:00:00","2012-07-05 00:00:00","3.0000","36.7500","36.7500","2012-07-04 22:00:00"
"17172","820","6","50","2012-06-24 00:00:00","2012-07-05 00:00:00","2012-06-24 00:00:00","2012-07-05 00:00:00","3.0000","36.7500","36.7500","2012-07-04 22:00:00"
"17173","824","6","50","2012-06-24 00:00:00","2012-07-05 00:00:00","2012-06-24 00:00:00","2012-07-05 00:00:00","3.0000","36.7500","36.7500","2012-07-04 22:00:00"
"17174","828","6","50","2012-06-24 00:00:00","2012-07-05 00:00:00","2012-06-24 00:00:00","2012-07-05 00:00:00","3.0000","36.7500","36.7500","2012-07-04 22:00:00"
"17178","894","6","50","2012-06-24 00:00:00","2012-07-05 00:00:00","2012-06-24 00:00:00","2012-07-05 00:00:00","3.0000","36.7500","36.7500","2012-07-04 22:00:00"
"17179","945","1","10","2012-06-24 00:00:00","2012-07-05 00:00:00","2012-06-24 00:00:00","2012-07-05 00:00:00","4.1000","92.2500","92.2500","2012-07-04 22:00:00"
"17179","945","6","50","2012-06-24 00:00:00","2012-07-05 00:00:00","2012-06-24 00:00:00","2012-07-05 00:00:00","3.0000","36.7500","36.7500","2012-07-04 22:00:00"
"17180","950","6","50","2012-06-24 00:00:00","2012-07-05 00:00:00","2012-06-24 00:00:00","2012-07-05 00:00:00","3.0000","36.7500","36.7500","2012-07-04 22:00:00"
"17181","995","6","50","2012-06-24 00:00:00","2012-07-05 00:00:00","2012-06-24 00:00:00","2012-07-05 00:00:00","3.0000","36.7500","36.7500","2012-07-04 22:00:00"
"17182","996","6","50","2012-06-24 00:00:00","2012-07-05 00:00:00","2012-06-24 00:00:00","2012-07-05 00:00:00","3.0000","36.7500","36.7500","2012-07-04 22:00:00"
"17195","804","1","10","2012-06-24 00:00:00","2012-07-05 00:00:00","2012-06-24 00:00:00","2012-07-05 00:00:00","4.1000","92.2500","92.2500","2012-07-04 22:00:00"
"17195","804","6","50","2012-06-24 00:00:00","2012-07-05 00:00:00","2012-06-24 00:00:00","2012-07-05 00:00:00","3.0000","36.7500","36.7500","2012-07-04 22:00:00"
"17200","789","7","60","2012-06-25 00:00:00","2012-07-06 00:00:00","2012-07-12 00:00:00","2012-07-13 00:00:00","4.0000","49.0000","49.0000","2012-07-12 22:00:00"
"17201","791","7","60","2012-06-25 00:00:00","2012-07-06 00:00:00","2012-07-12 00:00:00","2012-07-13 00:00:00","4.0000","49.0000","49.0000","2012-07-12 22:00:00"
"17202","795","7","60","2012-06-25 00:00:00","2012-07-06 00:00:00","2012-07-12 00:00:00","2012-07-13 00:00:00","4.0000","49.0000","49.0000","2012-07-12 22:00:00"
"17203","796","7","60","2012-06-25 00:00:00","2012-07-06 00:00:00","2012-07-12 00:00:00","2012-07-13 00:00:00","4.0000","49.0000","49.0000","2012-07-12 22:00:00"
"17204","797","7","60","2012-06-25 00:00:00","2012-07-06 00:00:00","2012-07-12 00:00:00","2012-07-13 00:00:00","4.0000","49.0000","49.0000","2012-07-12 22:00:00"
"17205","799","7","60","2012-06-25 00:00:00","2012-07-06 00:00:00","2012-07-12 00:00:00","2012-07-13 00:00:00","4.0000","49.0000","49.0000","2012-07-12 22:00:00"
"17206","518","6","50","2012-06-25 00:00:00","2012-07-06 00:00:00","2012-07-12 00:00:00","2012-07-13 00:00:00","3.0000","36.7500","36.7500","2012-07-12 22:00:00"
"17206","518","7","60","2012-06-25 00:00:00","2012-07-06 00:00:00","2012-07-12 00:00:00","2012-07-13 00:00:00","4.0000","49.0000","49.0000","2012-07-12 22:00:00"
"17207","519","6","50","2012-06-25 00:00:00","2012-07-06 00:00:00","2012-07-12 00:00:00","2012-07-13 00:00:00","3.0000","36.7500","36.7500","2012-07-12 22:00:00"
"17207","519","7","60","2012-06-25 00:00:00","2012-07-06 00:00:00","2012-07-12 00:00:00","2012-07-13 00:00:00","4.0000","49.0000","49.0000","2012-07-12 22:00:00"
"17211","806","6","50","2012-06-25 00:00:00","2012-07-06 00:00:00","2012-07-12 00:00:00","2012-07-13 00:00:00","3.0000","36.7500","36.7500","2012-07-12 22:00:00"
"17212","812","1","10","2012-06-25 00:00:00","2012-07-06 00:00:00","2012-07-12 00:00:00","2012-07-13 00:00:00","4.1000","92.2500","92.2500","2012-07-12 22:00:00"
"17212","812","2","20","2012-06-25 00:00:00","2012-07-06 00:00:00","2012-07-12 00:00:00","2012-07-13 00:00:00","3.5000","87.5000","87.5000","2012-07-12 22:00:00"
"17212","812","6","50","2012-06-25 00:00:00","2012-07-06 00:00:00","2012-07-12 00:00:00","2012-07-13 00:00:00","3.0000","36.7500","36.7500","2012-07-12 22:00:00"
"17213","813","1","10","2012-06-25 00:00:00","2012-07-06 00:00:00","2012-07-12 00:00:00","2012-07-13 00:00:00","4.1000","92.2500","92.2500","2012-07-12 22:00:00"
"17213","813","2","20","2012-06-25 00:00:00","2012-07-06 00:00:00","2012-07-12 00:00:00","2012-07-13 00:00:00","3.5000","87.5000","87.5000","2012-07-12 22:00:00"
"17213","813","6","50","2012-06-25 00:00:00","2012-07-06 00:00:00","2012-07-12 00:00:00","2012-07-13 00:00:00","3.0000","36.7500","36.7500","2012-07-12 22:00:00"
"17214","819","6","50","2012-06-25 00:00:00","2012-07-06 00:00:00","2012-07-12 00:00:00","2012-07-13 00:00:00","3.0000","36.7500","36.7500","2012-07-12 22:00:00"
"17215","820","6","50","2012-06-25 00:00:00","2012-07-06 00:00:00","2012-07-12 00:00:00","2012-07-13 00:00:00","3.0000","36.7500","36.7500","2012-07-12 22:00:00"
"17216","822","1","10","2012-06-25 00:00:00","2012-07-06 00:00:00","2012-07-12 00:00:00","2012-07-13 00:00:00","4.1000","92.2500","92.2500","2012-07-12 22:00:00"
"17216","822","2","20","2012-06-25 00:00:00","2012-07-06 00:00:00","2012-07-12 00:00:00","2012-07-13 00:00:00","3.5000","87.5000","87.5000","2012-07-12 22:00:00"
"17216","822","3","30","2012-06-25 00:00:00","2012-07-06 00:00:00","2012-07-12 00:00:00","2012-07-13 00:00:00","1.0000","14.5000","14.5000","2012-07-12 22:00:00"
"17216","822","4","40","2012-06-25 00:00:00","2012-07-06 00:00:00","2012-07-12 00:00:00","2012-07-13 00:00:00","2.0000","31.5000","31.5000","2012-07-12 22:00:00"
"17216","822","6","50","2012-06-25 00:00:00","2012-07-06 00:00:00","2012-07-12 00:00:00","2012-07-13 00:00:00","3.0000","36.7500","36.7500","2012-07-12 22:00:00"
"17216","822","7","60","2012-06-25 00:00:00","2012-07-06 00:00:00","2012-07-12 00:00:00","2012-07-13 00:00:00","4.0000","49.0000","49.0000","2012-07-12 22:00:00"
"17217","827","6","50","2012-06-25 00:00:00","2012-07-06 00:00:00","2012-07-12 00:00:00","2012-07-13 00:00:00","3.0000","36.7500","36.7500","2012-07-12 22:00:00"
"17218","828","6","50","2012-06-25 00:00:00","2012-07-06 00:00:00","2012-07-12 00:00:00","2012-07-13 00:00:00","3.0000","36.7500","36.7500","2012-07-12 22:00:00"
"17221","894","6","50","2012-06-25 00:00:00","2012-07-06 00:00:00","2012-07-12 00:00:00","2012-07-13 00:00:00","3.0000","36.7500","36.7500","2012-07-12 22:00:00"
"17222","945","1","10","2012-06-25 00:00:00","2012-07-06 00:00:00","2012-07-12 00:00:00","2012-07-13 00:00:00","4.1000","92.2500","92.2500","2012-07-12 22:00:00"
"17222","945","6","50","2012-06-25 00:00:00","2012-07-06 00:00:00","2012-07-12 00:00:00","2012-07-13 00:00:00","3.0000","36.7500","36.7500","2012-07-12 22:00:00"
"17223","950","6","50","2012-06-25 00:00:00","2012-07-06 00:00:00","2012-07-12 00:00:00","2012-07-13 00:00:00","3.0000","36.7500","36.7500","2012-07-12 22:00:00"
"17224","994","6","50","2012-06-25 00:00:00","2012-07-06 00:00:00","2012-07-12 00:00:00","2012-07-13 00:00:00","3.0000","36.7500","36.7500","2012-07-12 22:00:00"
"17225","996","6","50","2012-06-25 00:00:00","2012-07-06 00:00:00","2012-07-12 00:00:00","2012-07-13 00:00:00","3.0000","36.7500","36.7500","2012-07-12 22:00:00"
"17237","803","1","10","2012-06-25 00:00:00","2012-07-06 00:00:00","2012-07-12 00:00:00","2012-07-13 00:00:00","4.1000","92.2500","92.2500","2012-07-12 22:00:00"
"17237","803","6","50","2012-06-25 00:00:00","2012-07-06 00:00:00","2012-07-12 00:00:00","2012-07-13 00:00:00","3.0000","36.7500","36.7500","2012-07-12 22:00:00"
"17238","804","1","10","2012-06-25 00:00:00","2012-07-06 00:00:00","2012-07-12 00:00:00","2012-07-13 00:00:00","4.1000","92.2500","92.2500","2012-07-12 22:00:00"
"17238","804","6","50","2012-06-25 00:00:00","2012-07-06 00:00:00","2012-07-12 00:00:00","2012-07-13 00:00:00","3.0000","36.7500","36.7500","2012-07-12 22:00:00"
"17243","766","7","60","2012-06-26 00:00:00","2012-07-07 00:00:00","2012-06-26 00:00:00","2012-07-07 00:00:00","4.0000","49.0000","49.0000","2012-07-06 22:00:00"
"17244","770","7","60","2012-06-26 00:00:00","2012-07-07 00:00:00","2012-06-26 00:00:00","2012-07-07 00:00:00","4.0000","49.0000","49.0000","2012-07-06 22:00:00"
"17245","779","7","60","2012-06-26 00:00:00","2012-07-07 00:00:00","2012-06-26 00:00:00","2012-07-07 00:00:00","4.0000","49.0000","49.0000","2012-07-06 22:00:00"
"17246","780","7","60","2012-06-26 00:00:00","2012-07-07 00:00:00","2012-06-26 00:00:00","2012-07-07 00:00:00","4.0000","49.0000","49.0000","2012-07-06 22:00:00"
"17247","784","7","60","2012-06-26 00:00:00","2012-07-07 00:00:00","2012-06-26 00:00:00","2012-07-07 00:00:00","4.0000","49.0000","49.0000","2012-07-06 22:00:00"
"17248","790","7","60","2012-06-26 00:00:00","2012-07-07 00:00:00","2012-06-26 00:00:00","2012-07-07 00:00:00","4.0000","49.0000","49.0000","2012-07-06 22:00:00"
"17249","791","7","60","2012-06-26 00:00:00","2012-07-07 00:00:00","2012-06-26 00:00:00","2012-07-07 00:00:00","4.0000","49.0000","49.0000","2012-07-06 22:00:00"
"17250","794","7","60","2012-06-26 00:00:00","2012-07-07 00:00:00","2012-06-26 00:00:00","2012-07-07 00:00:00","4.0000","49.0000","49.0000","2012-07-06 22:00:00"
"17251","796","7","60","2012-06-26 00:00:00","2012-07-07 00:00:00","2012-06-26 00:00:00","2012-07-07 00:00:00","4.0000","49.0000","49.0000","2012-07-06 22:00:00"
"17252","516","6","50","2012-06-26 00:00:00","2012-07-07 00:00:00","2012-06-26 00:00:00","2012-07-07 00:00:00","3.0000","36.7500","36.7500","2012-07-06 22:00:00"
"17252","516","7","60","2012-06-26 00:00:00","2012-07-07 00:00:00","2012-06-26 00:00:00","2012-07-07 00:00:00","4.0000","49.0000","49.0000","2012-07-06 22:00:00"
"17253","517","6","50","2012-06-26 00:00:00","2012-07-07 00:00:00","2012-06-26 00:00:00","2012-07-07 00:00:00","3.0000","36.7500","36.7500","2012-07-06 22:00:00"
"17253","517","7","60","2012-06-26 00:00:00","2012-07-07 00:00:00","2012-06-26 00:00:00","2012-07-07 00:00:00","4.0000","49.0000","49.0000","2012-07-06 22:00:00"
"17254","519","6","50","2012-06-26 00:00:00","2012-07-07 00:00:00","2012-06-26 00:00:00","2012-07-07 00:00:00","3.0000","36.7500","36.7500","2012-07-06 22:00:00"
"17254","519","7","60","2012-06-26 00:00:00","2012-07-07 00:00:00","2012-06-26 00:00:00","2012-07-07 00:00:00","4.0000","49.0000","49.0000","2012-07-06 22:00:00"
"17262","748","1","10","2012-06-26 00:00:00","2012-07-07 00:00:00","2012-06-26 00:00:00","2012-07-07 00:00:00","4.1000","92.2500","92.2500","2012-07-06 22:00:00"
"17262","748","2","20","2012-06-26 00:00:00","2012-07-07 00:00:00","2012-06-26 00:00:00","2012-07-07 00:00:00","3.5000","87.5000","87.5000","2012-07-06 22:00:00"
"17262","748","3","30","2012-06-26 00:00:00","2012-07-07 00:00:00","2012-06-26 00:00:00","2012-07-07 00:00:00","1.0000","14.5000","14.5000","2012-07-06 22:00:00"
"17262","748","5","45","2012-06-26 00:00:00","2012-07-07 00:00:00","2012-06-26 00:00:00","2012-07-07 00:00:00","2.0000","36.0000","36.0000","2012-07-06 22:00:00"
"17262","748","6","50","2012-06-26 00:00:00","2012-07-07 00:00:00","2012-06-26 00:00:00","2012-07-07 00:00:00","3.0000","36.7500","36.7500","2012-07-06 22:00:00"
"17262","748","7","60","2012-06-26 00:00:00","2012-07-07 00:00:00","2012-06-26 00:00:00","2012-07-07 00:00:00","4.0000","49.0000","49.0000","2012-07-06 22:00:00"
"17263","806","6","50","2012-06-26 00:00:00","2012-07-07 00:00:00","2012-06-26 00:00:00","2012-07-07 00:00:00","3.0000","36.7500","36.7500","2012-07-06 22:00:00"
"17264","810","1","10","2012-06-26 00:00:00","2012-07-07 00:00:00","2012-06-26 00:00:00","2012-07-07 00:00:00","4.1000","92.2500","92.2500","2012-07-06 22:00:00"
"17264","810","2","20","2012-06-26 00:00:00","2012-07-07 00:00:00","2012-06-26 00:00:00","2012-07-07 00:00:00","3.5000","87.5000","87.5000","2012-07-06 22:00:00"
"17264","810","6","50","2012-06-26 00:00:00","2012-07-07 00:00:00","2012-06-26 00:00:00","2012-07-07 00:00:00","3.0000","36.7500","36.7500","2012-07-06 22:00:00"
"17265","811","1","10","2012-06-26 00:00:00","2012-07-07 00:00:00","2012-06-26 00:00:00","2012-07-07 00:00:00","4.1000","92.2500","92.2500","2012-07-06 22:00:00"
"17265","811","2","20","2012-06-26 00:00:00","2012-07-07 00:00:00","2012-06-26 00:00:00","2012-07-07 00:00:00","3.5000","87.5000","87.5000","2012-07-06 22:00:00"
"17265","811","6","50","2012-06-26 00:00:00","2012-07-07 00:00:00","2012-06-26 00:00:00","2012-07-07 00:00:00","3.0000","36.7500","36.7500","2012-07-06 22:00:00"
"17266","813","1","10","2012-06-26 00:00:00","2012-07-07 00:00:00","2012-06-26 00:00:00","2012-07-07 00:00:00","4.1000","92.2500","92.2500","2012-07-06 22:00:00"
"17266","813","2","20","2012-06-26 00:00:00","2012-07-07 00:00:00","2012-06-26 00:00:00","2012-07-07 00:00:00","3.5000","87.5000","87.5000","2012-07-06 22:00:00"
"17266","813","6","50","2012-06-26 00:00:00","2012-07-07 00:00:00","2012-06-26 00:00:00","2012-07-07 00:00:00","3.0000","36.7500","36.7500","2012-07-06 22:00:00"
"17267","816","6","50","2012-06-26 00:00:00","2012-07-07 00:00:00","2012-06-26 00:00:00","2012-07-07 00:00:00","3.0000","36.7500","36.7500","2012-07-06 22:00:00"
"17268","818","6","50","2012-06-26 00:00:00","2012-07-07 00:00:00","2012-06-26 00:00:00","2012-07-07 00:00:00","3.0000","36.7500","36.7500","2012-07-06 22:00:00"
"17269","820","6","50","2012-06-26 00:00:00","2012-07-07 00:00:00","2012-06-26 00:00:00","2012-07-07 00:00:00","3.0000","36.7500","36.7500","2012-07-06 22:00:00"
"17270","824","6","50","2012-06-26 00:00:00","2012-07-07 00:00:00","2012-06-26 00:00:00","2012-07-07 00:00:00","3.0000","36.7500","36.7500","2012-07-06 22:00:00"
"17271","826","6","50","2012-06-26 00:00:00","2012-07-07 00:00:00","2012-06-26 00:00:00","2012-07-07 00:00:00","3.0000","36.7500","36.7500","2012-07-06 22:00:00"
"17272","828","6","50","2012-06-26 00:00:00","2012-07-07 00:00:00","2012-06-26 00:00:00","2012-07-07 00:00:00","3.0000","36.7500","36.7500","2012-07-06 22:00:00"
"17274","894","6","50","2012-06-26 00:00:00","2012-07-07 00:00:00","2012-06-26 00:00:00","2012-07-07 00:00:00","3.0000","36.7500","36.7500","2012-07-06 22:00:00"
"17275","945","1","10","2012-06-26 00:00:00","2012-07-07 00:00:00","2012-06-26 00:00:00","2012-07-07 00:00:00","4.1000","92.2500","92.2500","2012-07-06 22:00:00"
"17275","945","6","50","2012-06-26 00:00:00","2012-07-07 00:00:00","2012-06-26 00:00:00","2012-07-07 00:00:00","3.0000","36.7500","36.7500","2012-07-06 22:00:00"
"17276","950","6","50","2012-06-26 00:00:00","2012-07-07 00:00:00","2012-06-26 00:00:00","2012-07-07 00:00:00","3.0000","36.7500","36.7500","2012-07-06 22:00:00"
"17277","994","6","50","2012-06-26 00:00:00","2012-07-07 00:00:00","2012-06-26 00:00:00","2012-07-07 00:00:00","3.0000","36.7500","36.7500","2012-07-06 22:00:00"
"17278","995","6","50","2012-06-26 00:00:00","2012-07-07 00:00:00","2012-06-26 00:00:00","2012-07-07 00:00:00","3.0000","36.7500","36.7500","2012-07-06 22:00:00"
"17279","996","6","50","2012-06-26 00:00:00","2012-07-07 00:00:00","2012-06-26 00:00:00","2012-07-07 00:00:00","3.0000","36.7500","36.7500","2012-07-06 22:00:00"
"17293","802","1","10","2012-06-26 00:00:00","2012-07-07 00:00:00","2012-06-26 00:00:00","2012-07-07 00:00:00","4.1000","92.2500","92.2500","2012-07-06 22:00:00"
"17293","802","6","50","2012-06-26 00:00:00","2012-07-07 00:00:00","2012-06-26 00:00:00","2012-07-07 00:00:00","3.0000","36.7500","36.7500","2012-07-06 22:00:00"
"17294","804","1","10","2012-06-26 00:00:00","2012-07-07 00:00:00","2012-06-26 00:00:00","2012-07-07 00:00:00","4.1000","92.2500","92.2500","2012-07-06 22:00:00"
"17294","804","6","50","2012-06-26 00:00:00","2012-07-07 00:00:00","2012-06-26 00:00:00","2012-07-07 00:00:00","3.0000","36.7500","36.7500","2012-07-06 22:00:00"
"17299","761","7","60","2012-06-27 00:00:00","2012-07-08 00:00:00","2012-07-16 00:00:00","2012-07-17 00:00:00","4.0000","49.0000","49.0000","2012-07-16 22:00:00"
"17300","784","7","60","2012-06-27 00:00:00","2012-07-08 00:00:00","2012-07-16 00:00:00","2012-07-17 00:00:00","4.0000","49.0000","49.0000","2012-07-16 22:00:00"
"17301","789","7","60","2012-06-27 00:00:00","2012-07-08 00:00:00","2012-07-16 00:00:00","2012-07-17 00:00:00","4.0000","49.0000","49.0000","2012-07-16 22:00:00"
"17302","793","7","60","2012-06-27 00:00:00","2012-07-08 00:00:00","2012-07-16 00:00:00","2012-07-17 00:00:00","4.0000","49.0000","49.0000","2012-07-16 22:00:00"
"17303","795","7","60","2012-06-27 00:00:00","2012-07-08 00:00:00","2012-07-16 00:00:00","2012-07-17 00:00:00","4.0000","49.0000","49.0000","2012-07-16 22:00:00"
"17304","516","6","50","2012-06-27 00:00:00","2012-07-08 00:00:00","2012-07-16 00:00:00","2012-07-17 00:00:00","3.0000","36.7500","36.7500","2012-07-16 22:00:00"
"17304","516","7","60","2012-06-27 00:00:00","2012-07-08 00:00:00","2012-07-16 00:00:00","2012-07-17 00:00:00","4.0000","49.0000","49.0000","2012-07-16 22:00:00"
"17305","517","6","50","2012-06-27 00:00:00","2012-07-08 00:00:00","2012-07-16 00:00:00","2012-07-17 00:00:00","3.0000","36.7500","36.7500","2012-07-16 22:00:00"
"17305","517","7","60","2012-06-27 00:00:00","2012-07-08 00:00:00","2012-07-16 00:00:00","2012-07-17 00:00:00","4.0000","49.0000","49.0000","2012-07-16 22:00:00"
"17306","519","6","50","2012-06-27 00:00:00","2012-07-08 00:00:00","2012-07-16 00:00:00","2012-07-17 00:00:00","3.0000","36.7500","36.7500","2012-07-16 22:00:00"
"17306","519","7","60","2012-06-27 00:00:00","2012-07-08 00:00:00","2012-07-16 00:00:00","2012-07-17 00:00:00","4.0000","49.0000","49.0000","2012-07-16 22:00:00"
"17310","806","6","50","2012-06-27 00:00:00","2012-07-08 00:00:00","2012-07-16 00:00:00","2012-07-17 00:00:00","3.0000","36.7500","36.7500","2012-07-16 22:00:00"
"17311","810","1","10","2012-06-27 00:00:00","2012-07-08 00:00:00","2012-07-16 00:00:00","2012-07-17 00:00:00","4.1000","92.2500","92.2500","2012-07-16 22:00:00"
"17311","810","2","20","2012-06-27 00:00:00","2012-07-08 00:00:00","2012-07-16 00:00:00","2012-07-17 00:00:00","3.5000","87.5000","87.5000","2012-07-16 22:00:00"
"17311","810","6","50","2012-06-27 00:00:00","2012-07-08 00:00:00","2012-07-16 00:00:00","2012-07-17 00:00:00","3.0000","36.7500","36.7500","2012-07-16 22:00:00"
"17312","811","1","10","2012-06-27 00:00:00","2012-07-08 00:00:00","2012-07-16 00:00:00","2012-07-17 00:00:00","4.1000","92.2500","92.2500","2012-07-16 22:00:00"
"17312","811","2","20","2012-06-27 00:00:00","2012-07-08 00:00:00","2012-07-16 00:00:00","2012-07-17 00:00:00","3.5000","87.5000","87.5000","2012-07-16 22:00:00"
"17312","811","6","50","2012-06-27 00:00:00","2012-07-08 00:00:00","2012-07-16 00:00:00","2012-07-17 00:00:00","3.0000","36.7500","36.7500","2012-07-16 22:00:00"
"17313","813","1","10","2012-06-27 00:00:00","2012-07-08 00:00:00","2012-07-16 00:00:00","2012-07-17 00:00:00","4.1000","92.2500","92.2500","2012-07-16 22:00:00"
"17313","813","2","20","2012-06-27 00:00:00","2012-07-08 00:00:00","2012-07-16 00:00:00","2012-07-17 00:00:00","3.5000","87.5000","87.5000","2012-07-16 22:00:00"
"17313","813","6","50","2012-06-27 00:00:00","2012-07-08 00:00:00","2012-07-16 00:00:00","2012-07-17 00:00:00","3.0000","36.7500","36.7500","2012-07-16 22:00:00"
"17314","816","6","50","2012-06-27 00:00:00","2012-07-08 00:00:00","2012-07-16 00:00:00","2012-07-17 00:00:00","3.0000","36.7500","36.7500","2012-07-16 22:00:00"
"17315","818","6","50","2012-06-27 00:00:00","2012-07-08 00:00:00","2012-07-16 00:00:00","2012-07-17 00:00:00","3.0000","36.7500","36.7500","2012-07-16 22:00:00"
"17316","820","6","50","2012-06-27 00:00:00","2012-07-08 00:00:00","2012-07-16 00:00:00","2012-07-17 00:00:00","3.0000","36.7500","36.7500","2012-07-16 22:00:00"
"17317","824","6","50","2012-06-27 00:00:00","2012-07-08 00:00:00","2012-07-16 00:00:00","2012-07-17 00:00:00","3.0000","36.7500","36.7500","2012-07-16 22:00:00"
"17318","826","6","50","2012-06-27 00:00:00","2012-07-08 00:00:00","2012-07-16 00:00:00","2012-07-17 00:00:00","3.0000","36.7500","36.7500","2012-07-16 22:00:00"
"17319","828","6","50","2012-06-27 00:00:00","2012-07-08 00:00:00","2012-07-16 00:00:00","2012-07-17 00:00:00","3.0000","36.7500","36.7500","2012-07-16 22:00:00"
"17322","894","6","50","2012-06-27 00:00:00","2012-07-08 00:00:00","2012-07-16 00:00:00","2012-07-17 00:00:00","3.0000","36.7500","36.7500","2012-07-16 22:00:00"
"17323","945","1","10","2012-06-27 00:00:00","2012-07-08 00:00:00","2012-07-16 00:00:00","2012-07-17 00:00:00","4.1000","92.2500","92.2500","2012-07-16 22:00:00"
"17323","945","6","50","2012-06-27 00:00:00","2012-07-08 00:00:00","2012-07-16 00:00:00","2012-07-17 00:00:00","3.0000","36.7500","36.7500","2012-07-16 22:00:00"
"17324","950","6","50","2012-06-27 00:00:00","2012-07-08 00:00:00","2012-07-16 00:00:00","2012-07-17 00:00:00","3.0000","36.7500","36.7500","2012-07-16 22:00:00"
"17325","994","6","50","2012-06-27 00:00:00","2012-07-08 00:00:00","2012-07-16 00:00:00","2012-07-17 00:00:00","3.0000","36.7500","36.7500","2012-07-16 22:00:00"
"17326","995","6","50","2012-06-27 00:00:00","2012-07-08 00:00:00","2012-07-16 00:00:00","2012-07-17 00:00:00","3.0000","36.7500","36.7500","2012-07-16 22:00:00"
"17327","996","6","50","2012-06-27 00:00:00","2012-07-08 00:00:00","2012-07-16 00:00:00","2012-07-17 00:00:00","3.0000","36.7500","36.7500","2012-07-16 22:00:00"
"17341","802","1","10","2012-06-27 00:00:00","2012-07-08 00:00:00","2012-07-16 00:00:00","2012-07-17 00:00:00","4.1000","92.2500","92.2500","2012-07-16 22:00:00"
"17341","802","6","50","2012-06-27 00:00:00","2012-07-08 00:00:00","2012-07-16 00:00:00","2012-07-17 00:00:00","3.0000","36.7500","36.7500","2012-07-16 22:00:00"
"17342","804","1","10","2012-06-27 00:00:00","2012-07-08 00:00:00","2012-07-16 00:00:00","2012-07-17 00:00:00","4.1000","92.2500","92.2500","2012-07-16 22:00:00"
"17342","804","6","50","2012-06-27 00:00:00","2012-07-08 00:00:00","2012-07-16 00:00:00","2012-07-17 00:00:00","3.0000","36.7500","36.7500","2012-07-16 22:00:00"
"17347","761","7","60","2012-06-28 00:00:00","2012-07-09 00:00:00","2012-06-28 00:00:00","2012-07-09 00:00:00","4.0000","49.0000","49.0000","2012-07-08 22:00:00"
"17348","765","7","60","2012-06-28 00:00:00","2012-07-09 00:00:00","2012-06-28 00:00:00","2012-07-09 00:00:00","4.0000","49.0000","49.0000","2012-07-08 22:00:00"
"17349","780","7","60","2012-06-28 00:00:00","2012-07-09 00:00:00","2012-06-28 00:00:00","2012-07-09 00:00:00","4.0000","49.0000","49.0000","2012-07-08 22:00:00"
"17350","781","7","60","2012-06-28 00:00:00","2012-07-09 00:00:00","2012-06-28 00:00:00","2012-07-09 00:00:00","4.0000","49.0000","49.0000","2012-07-08 22:00:00"
"17351","789","7","60","2012-06-28 00:00:00","2012-07-09 00:00:00","2012-06-28 00:00:00","2012-07-09 00:00:00","4.0000","49.0000","49.0000","2012-07-08 22:00:00"
"17352","790","7","60","2012-06-28 00:00:00","2012-07-09 00:00:00","2012-06-28 00:00:00","2012-07-09 00:00:00","4.0000","49.0000","49.0000","2012-07-08 22:00:00"
"17353","791","7","60","2012-06-28 00:00:00","2012-07-09 00:00:00","2012-06-28 00:00:00","2012-07-09 00:00:00","4.0000","49.0000","49.0000","2012-07-08 22:00:00"
"17354","798","7","60","2012-06-28 00:00:00","2012-07-09 00:00:00","2012-06-28 00:00:00","2012-07-09 00:00:00","4.0000","49.0000","49.0000","2012-07-08 22:00:00"
"17355","516","6","50","2012-06-28 00:00:00","2012-07-09 00:00:00","2012-06-28 00:00:00","2012-07-09 00:00:00","3.0000","36.7500","36.7500","2012-07-08 22:00:00"
"17355","516","7","60","2012-06-28 00:00:00","2012-07-09 00:00:00","2012-06-28 00:00:00","2012-07-09 00:00:00","4.0000","49.0000","49.0000","2012-07-08 22:00:00"
"17356","517","6","50","2012-06-28 00:00:00","2012-07-09 00:00:00","2012-06-28 00:00:00","2012-07-09 00:00:00","3.0000","36.7500","36.7500","2012-07-08 22:00:00"
"17356","517","7","60","2012-06-28 00:00:00","2012-07-09 00:00:00","2012-06-28 00:00:00","2012-07-09 00:00:00","4.0000","49.0000","49.0000","2012-07-08 22:00:00"
"17357","518","6","50","2012-06-28 00:00:00","2012-07-09 00:00:00","2012-06-28 00:00:00","2012-07-09 00:00:00","3.0000","36.7500","36.7500","2012-07-08 22:00:00"
"17357","518","7","60","2012-06-28 00:00:00","2012-07-09 00:00:00","2012-06-28 00:00:00","2012-07-09 00:00:00","4.0000","49.0000","49.0000","2012-07-08 22:00:00"
"17358","519","6","50","2012-06-28 00:00:00","2012-07-09 00:00:00","2012-06-28 00:00:00","2012-07-09 00:00:00","3.0000","36.7500","36.7500","2012-07-08 22:00:00"
"17358","519","7","60","2012-06-28 00:00:00","2012-07-09 00:00:00","2012-06-28 00:00:00","2012-07-09 00:00:00","4.0000","49.0000","49.0000","2012-07-08 22:00:00"
"17366","806","6","50","2012-06-28 00:00:00","2012-07-09 00:00:00","2012-06-28 00:00:00","2012-07-09 00:00:00","3.0000","36.7500","36.7500","2012-07-08 22:00:00"
"17367","810","1","10","2012-06-28 00:00:00","2012-07-09 00:00:00","2012-06-28 00:00:00","2012-07-09 00:00:00","4.1000","92.2500","92.2500","2012-07-08 22:00:00"
"17367","810","2","20","2012-06-28 00:00:00","2012-07-09 00:00:00","2012-06-28 00:00:00","2012-07-09 00:00:00","3.5000","87.5000","87.5000","2012-07-08 22:00:00"
"17367","810","6","50","2012-06-28 00:00:00","2012-07-09 00:00:00","2012-06-28 00:00:00","2012-07-09 00:00:00","3.0000","36.7500","36.7500","2012-07-08 22:00:00"
"17368","811","1","10","2012-06-28 00:00:00","2012-07-09 00:00:00","2012-06-28 00:00:00","2012-07-09 00:00:00","4.1000","92.2500","92.2500","2012-07-08 22:00:00"
"17368","811","2","20","2012-06-28 00:00:00","2012-07-09 00:00:00","2012-06-28 00:00:00","2012-07-09 00:00:00","3.5000","87.5000","87.5000","2012-07-08 22:00:00"
"17368","811","6","50","2012-06-28 00:00:00","2012-07-09 00:00:00","2012-06-28 00:00:00","2012-07-09 00:00:00","3.0000","36.7500","36.7500","2012-07-08 22:00:00"
"17369","812","1","10","2012-06-28 00:00:00","2012-07-09 00:00:00","2012-06-28 00:00:00","2012-07-09 00:00:00","4.1000","92.2500","92.2500","2012-07-08 22:00:00"
"17369","812","2","20","2012-06-28 00:00:00","2012-07-09 00:00:00","2012-06-28 00:00:00","2012-07-09 00:00:00","3.5000","87.5000","87.5000","2012-07-08 22:00:00"
"17369","812","6","50","2012-06-28 00:00:00","2012-07-09 00:00:00","2012-06-28 00:00:00","2012-07-09 00:00:00","3.0000","36.7500","36.7500","2012-07-08 22:00:00"
"17370","813","1","10","2012-06-28 00:00:00","2012-07-09 00:00:00","2012-06-28 00:00:00","2012-07-09 00:00:00","4.1000","92.2500","92.2500","2012-07-08 22:00:00"
"17370","813","2","20","2012-06-28 00:00:00","2012-07-09 00:00:00","2012-06-28 00:00:00","2012-07-09 00:00:00","3.5000","87.5000","87.5000","2012-07-08 22:00:00"
"17370","813","6","50","2012-06-28 00:00:00","2012-07-09 00:00:00","2012-06-28 00:00:00","2012-07-09 00:00:00","3.0000","36.7500","36.7500","2012-07-08 22:00:00"
"17371","816","6","50","2012-06-28 00:00:00","2012-07-09 00:00:00","2012-06-28 00:00:00","2012-07-09 00:00:00","3.0000","36.7500","36.7500","2012-07-08 22:00:00"
"17372","818","6","50","2012-06-28 00:00:00","2012-07-09 00:00:00","2012-06-28 00:00:00","2012-07-09 00:00:00","3.0000","36.7500","36.7500","2012-07-08 22:00:00"
"17373","819","6","50","2012-06-28 00:00:00","2012-07-09 00:00:00","2012-06-28 00:00:00","2012-07-09 00:00:00","3.0000","36.7500","36.7500","2012-07-08 22:00:00"
"17374","820","6","50","2012-06-28 00:00:00","2012-07-09 00:00:00","2012-06-28 00:00:00","2012-07-09 00:00:00","3.0000","36.7500","36.7500","2012-07-08 22:00:00"
"17375","824","6","50","2012-06-28 00:00:00","2012-07-09 00:00:00","2012-06-28 00:00:00","2012-07-09 00:00:00","3.0000","36.7500","36.7500","2012-07-08 22:00:00"
"17376","826","6","50","2012-06-28 00:00:00","2012-07-09 00:00:00","2012-06-28 00:00:00","2012-07-09 00:00:00","3.0000","36.7500","36.7500","2012-07-08 22:00:00"
"17377","827","6","50","2012-06-28 00:00:00","2012-07-09 00:00:00","2012-06-28 00:00:00","2012-07-09 00:00:00","3.0000","36.7500","36.7500","2012-07-08 22:00:00"
"17378","828","6","50","2012-06-28 00:00:00","2012-07-09 00:00:00","2012-06-28 00:00:00","2012-07-09 00:00:00","3.0000","36.7500","36.7500","2012-07-08 22:00:00"
"17380","894","6","50","2012-06-28 00:00:00","2012-07-09 00:00:00","2012-06-28 00:00:00","2012-07-09 00:00:00","3.0000","36.7500","36.7500","2012-07-08 22:00:00"
"17381","945","1","10","2012-06-28 00:00:00","2012-07-09 00:00:00","2012-06-28 00:00:00","2012-07-09 00:00:00","4.1000","92.2500","92.2500","2012-07-08 22:00:00"
"17381","945","6","50","2012-06-28 00:00:00","2012-07-09 00:00:00","2012-06-28 00:00:00","2012-07-09 00:00:00","3.0000","36.7500","36.7500","2012-07-08 22:00:00"
"17382","950","6","50","2012-06-28 00:00:00","2012-07-09 00:00:00","2012-06-28 00:00:00","2012-07-09 00:00:00","3.0000","36.7500","36.7500","2012-07-08 22:00:00"
"17383","994","6","50","2012-06-28 00:00:00","2012-07-09 00:00:00","2012-06-28 00:00:00","2012-07-09 00:00:00","3.0000","36.7500","36.7500","2012-07-08 22:00:00"
"17384","995","6","50","2012-06-28 00:00:00","2012-07-09 00:00:00","2012-06-28 00:00:00","2012-07-09 00:00:00","3.0000","36.7500","36.7500","2012-07-08 22:00:00"
"17385","996","6","50","2012-06-28 00:00:00","2012-07-09 00:00:00","2012-06-28 00:00:00","2012-07-09 00:00:00","3.0000","36.7500","36.7500","2012-07-08 22:00:00"
"17399","802","1","10","2012-06-28 00:00:00","2012-07-09 00:00:00","2012-06-28 00:00:00","2012-07-09 00:00:00","4.1000","92.2500","92.2500","2012-07-08 22:00:00"
"17399","802","6","50","2012-06-28 00:00:00","2012-07-09 00:00:00","2012-06-28 00:00:00","2012-07-09 00:00:00","3.0000","36.7500","36.7500","2012-07-08 22:00:00"
"17400","803","1","10","2012-06-28 00:00:00","2012-07-09 00:00:00","2012-06-28 00:00:00","2012-07-09 00:00:00","4.1000","92.2500","92.2500","2012-07-08 22:00:00"
"17400","803","6","50","2012-06-28 00:00:00","2012-07-09 00:00:00","2012-06-28 00:00:00","2012-07-09 00:00:00","3.0000","36.7500","36.7500","2012-07-08 22:00:00"
"17401","804","1","10","2012-06-28 00:00:00","2012-07-09 00:00:00","2012-06-28 00:00:00","2012-07-09 00:00:00","4.1000","92.2500","92.2500","2012-07-08 22:00:00"
"17401","804","6","50","2012-06-28 00:00:00","2012-07-09 00:00:00","2012-06-28 00:00:00","2012-07-09 00:00:00","3.0000","36.7500","36.7500","2012-07-08 22:00:00"
"17406","780","7","60","2012-06-29 00:00:00","2012-07-10 00:00:00","2012-07-20 00:00:00","2012-08-01 00:00:00","4.0000","49.0000","49.0000","2012-07-31 22:00:00"
"17407","794","7","60","2012-06-29 00:00:00","2012-07-10 00:00:00","2012-07-20 00:00:00","2012-08-01 00:00:00","4.0000","49.0000","49.0000","2012-07-31 22:00:00"
"17408","797","7","60","2012-06-29 00:00:00","2012-07-10 00:00:00","2012-07-20 00:00:00","2012-08-01 00:00:00","4.0000","49.0000","49.0000","2012-07-31 22:00:00"
"17409","516","6","50","2012-06-29 00:00:00","2012-07-10 00:00:00","2012-07-20 00:00:00","2012-08-01 00:00:00","3.0000","36.7500","36.7500","2012-07-31 22:00:00"
"17409","516","7","60","2012-06-29 00:00:00","2012-07-10 00:00:00","2012-07-20 00:00:00","2012-08-01 00:00:00","4.0000","49.0000","49.0000","2012-07-31 22:00:00"
"17410","518","6","50","2012-06-29 00:00:00","2012-07-10 00:00:00","2012-07-20 00:00:00","2012-08-01 00:00:00","3.0000","36.7500","36.7500","2012-07-31 22:00:00"
"17410","518","7","60","2012-06-29 00:00:00","2012-07-10 00:00:00","2012-07-20 00:00:00","2012-08-01 00:00:00","4.0000","49.0000","49.0000","2012-07-31 22:00:00"
"17411","519","6","50","2012-06-29 00:00:00","2012-07-10 00:00:00","2012-07-20 00:00:00","2012-08-01 00:00:00","3.0000","36.7500","36.7500","2012-07-31 22:00:00"
"17411","519","7","60","2012-06-29 00:00:00","2012-07-10 00:00:00","2012-07-20 00:00:00","2012-08-01 00:00:00","4.0000","49.0000","49.0000","2012-07-31 22:00:00"
"17413","806","6","50","2012-06-29 00:00:00","2012-07-10 00:00:00","2012-07-20 00:00:00","2012-08-01 00:00:00","3.0000","36.7500","36.7500","2012-07-31 22:00:00"
"17414","810","1","10","2012-06-29 00:00:00","2012-07-10 00:00:00","2012-07-20 00:00:00","2012-08-01 00:00:00","4.1000","92.2500","92.2500","2012-07-31 22:00:00"
"17414","810","2","20","2012-06-29 00:00:00","2012-07-10 00:00:00","2012-07-20 00:00:00","2012-08-01 00:00:00","3.5000","87.5000","87.5000","2012-07-31 22:00:00"
"17414","810","6","50","2012-06-29 00:00:00","2012-07-10 00:00:00","2012-07-20 00:00:00","2012-08-01 00:00:00","3.0000","36.7500","36.7500","2012-07-31 22:00:00"
"17415","812","1","10","2012-06-29 00:00:00","2012-07-10 00:00:00","2012-07-20 00:00:00","2012-08-01 00:00:00","4.1000","92.2500","92.2500","2012-07-31 22:00:00"
"17415","812","2","20","2012-06-29 00:00:00","2012-07-10 00:00:00","2012-07-20 00:00:00","2012-08-01 00:00:00","3.5000","87.5000","87.5000","2012-07-31 22:00:00"
"17415","812","6","50","2012-06-29 00:00:00","2012-07-10 00:00:00","2012-07-20 00:00:00","2012-08-01 00:00:00","3.0000","36.7500","36.7500","2012-07-31 22:00:00"
"17416","813","1","10","2012-06-29 00:00:00","2012-07-10 00:00:00","2012-07-20 00:00:00","2012-08-01 00:00:00","4.1000","92.2500","92.2500","2012-07-31 22:00:00"
"17416","813","2","20","2012-06-29 00:00:00","2012-07-10 00:00:00","2012-07-20 00:00:00","2012-08-01 00:00:00","3.5000","87.5000","87.5000","2012-07-31 22:00:00"
"17416","813","6","50","2012-06-29 00:00:00","2012-07-10 00:00:00","2012-07-20 00:00:00","2012-08-01 00:00:00","3.0000","36.7500","36.7500","2012-07-31 22:00:00"
"17417","816","6","50","2012-06-29 00:00:00","2012-07-10 00:00:00","2012-07-20 00:00:00","2012-08-01 00:00:00","3.0000","36.7500","36.7500","2012-07-31 22:00:00"
"17418","819","6","50","2012-06-29 00:00:00","2012-07-10 00:00:00","2012-07-20 00:00:00","2012-08-01 00:00:00","3.0000","36.7500","36.7500","2012-07-31 22:00:00"
"17419","820","6","50","2012-06-29 00:00:00","2012-07-10 00:00:00","2012-07-20 00:00:00","2012-08-01 00:00:00","3.0000","36.7500","36.7500","2012-07-31 22:00:00"
"17420","822","1","10","2012-06-29 00:00:00","2012-07-10 00:00:00","2012-07-20 00:00:00","2012-08-01 00:00:00","4.1000","92.2500","92.2500","2012-07-31 22:00:00"
"17420","822","2","20","2012-06-29 00:00:00","2012-07-10 00:00:00","2012-07-20 00:00:00","2012-08-01 00:00:00","3.5000","87.5000","87.5000","2012-07-31 22:00:00"
"17420","822","3","30","2012-06-29 00:00:00","2012-07-10 00:00:00","2012-07-20 00:00:00","2012-08-01 00:00:00","1.0000","14.5000","14.5000","2012-07-31 22:00:00"
"17420","822","4","40","2012-06-29 00:00:00","2012-07-10 00:00:00","2012-07-20 00:00:00","2012-08-01 00:00:00","2.0000","31.5000","31.5000","2012-07-31 22:00:00"
"17420","822","6","50","2012-06-29 00:00:00","2012-07-10 00:00:00","2012-07-20 00:00:00","2012-08-01 00:00:00","3.0000","36.7500","36.7500","2012-07-31 22:00:00"
"17420","822","7","60","2012-06-29 00:00:00","2012-07-10 00:00:00","2012-07-20 00:00:00","2012-08-01 00:00:00","4.0000","49.0000","49.0000","2012-07-31 22:00:00"
"17421","824","6","50","2012-06-29 00:00:00","2012-07-10 00:00:00","2012-07-20 00:00:00","2012-08-01 00:00:00","3.0000","36.7500","36.7500","2012-07-31 22:00:00"
"17422","827","6","50","2012-06-29 00:00:00","2012-07-10 00:00:00","2012-07-20 00:00:00","2012-08-01 00:00:00","3.0000","36.7500","36.7500","2012-07-31 22:00:00"
"17423","828","6","50","2012-06-29 00:00:00","2012-07-10 00:00:00","2012-07-20 00:00:00","2012-08-01 00:00:00","3.0000","36.7500","36.7500","2012-07-31 22:00:00"
"17425","894","6","50","2012-06-29 00:00:00","2012-07-10 00:00:00","2012-07-20 00:00:00","2012-08-01 00:00:00","3.0000","36.7500","36.7500","2012-07-31 22:00:00"
"17426","945","1","10","2012-06-29 00:00:00","2012-07-10 00:00:00","2012-07-20 00:00:00","2012-08-01 00:00:00","4.1000","92.2500","92.2500","2012-07-31 22:00:00"
"17426","945","6","50","2012-06-29 00:00:00","2012-07-10 00:00:00","2012-07-20 00:00:00","2012-08-01 00:00:00","3.0000","36.7500","36.7500","2012-07-31 22:00:00"
"17427","950","6","50","2012-06-29 00:00:00","2012-07-10 00:00:00","2012-07-20 00:00:00","2012-08-01 00:00:00","3.0000","36.7500","36.7500","2012-07-31 22:00:00"
"17428","994","6","50","2012-06-29 00:00:00","2012-07-10 00:00:00","2012-07-20 00:00:00","2012-08-01 00:00:00","3.0000","36.7500","36.7500","2012-07-31 22:00:00"
"17429","995","6","50","2012-06-29 00:00:00","2012-07-10 00:00:00","2012-07-20 00:00:00","2012-08-01 00:00:00","3.0000","36.7500","36.7500","2012-07-31 22:00:00"
"17430","996","6","50","2012-06-29 00:00:00","2012-07-10 00:00:00","2012-07-20 00:00:00","2012-08-01 00:00:00","3.0000","36.7500","36.7500","2012-07-31 22:00:00"
"17443","803","1","10","2012-06-29 00:00:00","2012-07-10 00:00:00","2012-07-20 00:00:00","2012-08-01 00:00:00","4.1000","92.2500","92.2500","2012-07-31 22:00:00"
"17443","803","6","50","2012-06-29 00:00:00","2012-07-10 00:00:00","2012-07-20 00:00:00","2012-08-01 00:00:00","3.0000","36.7500","36.7500","2012-07-31 22:00:00"
"17444","804","1","10","2012-06-29 00:00:00","2012-07-10 00:00:00","2012-07-20 00:00:00","2012-08-01 00:00:00","4.1000","92.2500","92.2500","2012-07-31 22:00:00"
"17444","804","6","50","2012-06-29 00:00:00","2012-07-10 00:00:00","2012-07-20 00:00:00","2012-08-01 00:00:00","3.0000","36.7500","36.7500","2012-07-31 22:00:00"
"17449","789","7","60","2012-06-30 00:00:00","2012-07-11 00:00:00","2012-07-01 00:00:00","2012-07-11 00:00:00","4.0000","49.0000","49.0000","2012-07-10 22:00:00"
"17450","791","7","60","2012-06-30 00:00:00","2012-07-11 00:00:00","2012-07-01 00:00:00","2012-07-11 00:00:00","4.0000","49.0000","49.0000","2012-07-10 22:00:00"
"17451","794","7","60","2012-06-30 00:00:00","2012-07-11 00:00:00","2012-07-01 00:00:00","2012-07-11 00:00:00","4.0000","49.0000","49.0000","2012-07-10 22:00:00"
"17452","796","7","60","2012-06-30 00:00:00","2012-07-11 00:00:00","2012-07-01 00:00:00","2012-07-11 00:00:00","4.0000","49.0000","49.0000","2012-07-10 22:00:00"
"17453","800","7","60","2012-06-30 00:00:00","2012-07-11 00:00:00","2012-07-01 00:00:00","2012-07-11 00:00:00","4.0000","49.0000","49.0000","2012-07-10 22:00:00"
"17454","518","6","50","2012-06-30 00:00:00","2012-07-11 00:00:00","2012-07-01 00:00:00","2012-07-11 00:00:00","3.0000","36.7500","36.7500","2012-07-10 22:00:00"
"17454","518","7","60","2012-06-30 00:00:00","2012-07-11 00:00:00","2012-07-01 00:00:00","2012-07-11 00:00:00","4.0000","49.0000","49.0000","2012-07-10 22:00:00"
"17455","519","6","50","2012-06-30 00:00:00","2012-07-11 00:00:00","2012-07-01 00:00:00","2012-07-11 00:00:00","3.0000","36.7500","36.7500","2012-07-10 22:00:00"
"17455","519","7","60","2012-06-30 00:00:00","2012-07-11 00:00:00","2012-07-01 00:00:00","2012-07-11 00:00:00","4.0000","49.0000","49.0000","2012-07-10 22:00:00"
"17459","806","6","50","2012-06-30 00:00:00","2012-07-11 00:00:00","2012-07-01 00:00:00","2012-07-11 00:00:00","3.0000","36.7500","36.7500","2012-07-10 22:00:00"
"17460","812","1","10","2012-06-30 00:00:00","2012-07-11 00:00:00","2012-07-01 00:00:00","2012-07-11 00:00:00","4.1000","92.2500","92.2500","2012-07-10 22:00:00"
"17460","812","2","20","2012-06-30 00:00:00","2012-07-11 00:00:00","2012-07-01 00:00:00","2012-07-11 00:00:00","3.5000","87.5000","87.5000","2012-07-10 22:00:00"
"17460","812","6","50","2012-06-30 00:00:00","2012-07-11 00:00:00","2012-07-01 00:00:00","2012-07-11 00:00:00","3.0000","36.7500","36.7500","2012-07-10 22:00:00"
"17461","813","1","10","2012-06-30 00:00:00","2012-07-11 00:00:00","2012-07-01 00:00:00","2012-07-11 00:00:00","4.1000","92.2500","92.2500","2012-07-10 22:00:00"
"17461","813","2","20","2012-06-30 00:00:00","2012-07-11 00:00:00","2012-07-01 00:00:00","2012-07-11 00:00:00","3.5000","87.5000","87.5000","2012-07-10 22:00:00"
"17461","813","6","50","2012-06-30 00:00:00","2012-07-11 00:00:00","2012-07-01 00:00:00","2012-07-11 00:00:00","3.0000","36.7500","36.7500","2012-07-10 22:00:00"
"17462","819","6","50","2012-06-30 00:00:00","2012-07-11 00:00:00","2012-07-01 00:00:00","2012-07-11 00:00:00","3.0000","36.7500","36.7500","2012-07-10 22:00:00"
"17463","820","6","50","2012-06-30 00:00:00","2012-07-11 00:00:00","2012-07-01 00:00:00","2012-07-11 00:00:00","3.0000","36.7500","36.7500","2012-07-10 22:00:00"
"17464","827","6","50","2012-06-30 00:00:00","2012-07-11 00:00:00","2012-07-01 00:00:00","2012-07-11 00:00:00","3.0000","36.7500","36.7500","2012-07-10 22:00:00"
"17465","828","6","50","2012-06-30 00:00:00","2012-07-11 00:00:00","2012-07-01 00:00:00","2012-07-11 00:00:00","3.0000","36.7500","36.7500","2012-07-10 22:00:00"
"17468","894","6","50","2012-06-30 00:00:00","2012-07-11 00:00:00","2012-07-01 00:00:00","2012-07-11 00:00:00","3.0000","36.7500","36.7500","2012-07-10 22:00:00"
"17469","945","1","10","2012-06-30 00:00:00","2012-07-11 00:00:00","2012-07-01 00:00:00","2012-07-11 00:00:00","4.1000","92.2500","92.2500","2012-07-10 22:00:00"
"17469","945","6","50","2012-06-30 00:00:00","2012-07-11 00:00:00","2012-07-01 00:00:00","2012-07-11 00:00:00","3.0000","36.7500","36.7500","2012-07-10 22:00:00"
"17470","950","6","50","2012-06-30 00:00:00","2012-07-11 00:00:00","2012-07-01 00:00:00","2012-07-11 00:00:00","3.0000","36.7500","36.7500","2012-07-10 22:00:00"
"17471","994","6","50","2012-06-30 00:00:00","2012-07-11 00:00:00","2012-07-01 00:00:00","2012-07-11 00:00:00","3.0000","36.7500","36.7500","2012-07-10 22:00:00"
"17472","996","6","50","2012-06-30 00:00:00","2012-07-11 00:00:00","2012-07-01 00:00:00","2012-07-11 00:00:00","3.0000","36.7500","36.7500","2012-07-10 22:00:00"
"17484","803","1","10","2012-06-30 00:00:00","2012-07-11 00:00:00","2012-07-01 00:00:00","2012-07-11 00:00:00","4.1000","92.2500","92.2500","2012-07-10 22:00:00"
"17484","803","6","50","2012-06-30 00:00:00","2012-07-11 00:00:00","2012-07-01 00:00:00","2012-07-11 00:00:00","3.0000","36.7500","36.7500","2012-07-10 22:00:00"
"17485","804","1","10","2012-06-30 00:00:00","2012-07-11 00:00:00","2012-07-01 00:00:00","2012-07-11 00:00:00","4.1000","92.2500","92.2500","2012-07-10 22:00:00"
"17485","804","6","50","2012-06-30 00:00:00","2012-07-11 00:00:00","2012-07-01 00:00:00","2012-07-11 00:00:00","3.0000","36.7500","36.7500","2012-07-10 22:00:00"
"17490","763","7","60","2012-07-01 00:00:00","2012-07-12 00:00:00","2012-07-01 00:00:00","2012-07-15 00:00:00","4.0000","49.0000","49.0000","2012-07-14 22:00:00"
"17491","764","7","60","2012-07-01 00:00:00","2012-07-12 00:00:00","2012-07-01 00:00:00","2012-07-15 00:00:00","4.0000","49.0000","49.0000","2012-07-14 22:00:00"
"17492","770","7","60","2012-07-01 00:00:00","2012-07-12 00:00:00","2012-07-01 00:00:00","2012-07-15 00:00:00","4.0000","49.0000","49.0000","2012-07-14 22:00:00"
"17493","781","7","60","2012-07-01 00:00:00","2012-07-12 00:00:00","2012-07-01 00:00:00","2012-07-15 00:00:00","4.0000","49.0000","49.0000","2012-07-14 22:00:00"
"17494","784","7","60","2012-07-01 00:00:00","2012-07-12 00:00:00","2012-07-01 00:00:00","2012-07-15 00:00:00","4.0000","49.0000","49.0000","2012-07-14 22:00:00"
"17495","792","7","60","2012-07-01 00:00:00","2012-07-12 00:00:00","2012-07-01 00:00:00","2012-07-15 00:00:00","4.0000","49.0000","49.0000","2012-07-14 22:00:00"
"17496","794","7","60","2012-07-01 00:00:00","2012-07-12 00:00:00","2012-07-01 00:00:00","2012-07-15 00:00:00","4.0000","49.0000","49.0000","2012-07-14 22:00:00"
"17497","795","7","60","2012-07-01 00:00:00","2012-07-12 00:00:00","2012-07-01 00:00:00","2012-07-15 00:00:00","4.0000","49.0000","49.0000","2012-07-14 22:00:00"
"17498","516","6","50","2012-07-01 00:00:00","2012-07-12 00:00:00","2012-07-01 00:00:00","2012-07-15 00:00:00","3.0000","36.7500","36.7500","2012-07-14 22:00:00"
"17498","516","7","60","2012-07-01 00:00:00","2012-07-12 00:00:00","2012-07-01 00:00:00","2012-07-15 00:00:00","4.0000","49.0000","49.0000","2012-07-14 22:00:00"
"17499","517","6","50","2012-07-01 00:00:00","2012-07-12 00:00:00","2012-07-01 00:00:00","2012-07-15 00:00:00","3.0000","36.7500","36.7500","2012-07-14 22:00:00"
"17499","517","7","60","2012-07-01 00:00:00","2012-07-12 00:00:00","2012-07-01 00:00:00","2012-07-15 00:00:00","4.0000","49.0000","49.0000","2012-07-14 22:00:00"
"17500","519","6","50","2012-07-01 00:00:00","2012-07-12 00:00:00","2012-07-01 00:00:00","2012-07-15 00:00:00","3.0000","36.7500","36.7500","2012-07-14 22:00:00"
"17500","519","7","60","2012-07-01 00:00:00","2012-07-12 00:00:00","2012-07-01 00:00:00","2012-07-15 00:00:00","4.0000","49.0000","49.0000","2012-07-14 22:00:00"
"17507","806","6","50","2012-07-01 00:00:00","2012-07-12 00:00:00","2012-07-01 00:00:00","2012-07-15 00:00:00","3.0000","36.7500","36.7500","2012-07-14 22:00:00"
"17508","810","1","10","2012-07-01 00:00:00","2012-07-12 00:00:00","2012-07-01 00:00:00","2012-07-15 00:00:00","4.1000","92.2500","92.2500","2012-07-14 22:00:00"
"17508","810","2","20","2012-07-01 00:00:00","2012-07-12 00:00:00","2012-07-01 00:00:00","2012-07-15 00:00:00","3.5000","87.5000","87.5000","2012-07-14 22:00:00"
"17508","810","6","50","2012-07-01 00:00:00","2012-07-12 00:00:00","2012-07-01 00:00:00","2012-07-15 00:00:00","3.0000","36.7500","36.7500","2012-07-14 22:00:00"
"17509","811","1","10","2012-07-01 00:00:00","2012-07-12 00:00:00","2012-07-01 00:00:00","2012-07-15 00:00:00","4.1000","92.2500","92.2500","2012-07-14 22:00:00"
"17509","811","2","20","2012-07-01 00:00:00","2012-07-12 00:00:00","2012-07-01 00:00:00","2012-07-15 00:00:00","3.5000","87.5000","87.5000","2012-07-14 22:00:00"
"17509","811","6","50","2012-07-01 00:00:00","2012-07-12 00:00:00","2012-07-01 00:00:00","2012-07-15 00:00:00","3.0000","36.7500","36.7500","2012-07-14 22:00:00"
"17510","813","1","10","2012-07-01 00:00:00","2012-07-12 00:00:00","2012-07-01 00:00:00","2012-07-15 00:00:00","4.1000","92.2500","92.2500","2012-07-14 22:00:00"
"17510","813","2","20","2012-07-01 00:00:00","2012-07-12 00:00:00","2012-07-01 00:00:00","2012-07-15 00:00:00","3.5000","87.5000","87.5000","2012-07-14 22:00:00"
"17510","813","6","50","2012-07-01 00:00:00","2012-07-12 00:00:00","2012-07-01 00:00:00","2012-07-15 00:00:00","3.0000","36.7500","36.7500","2012-07-14 22:00:00"
"17511","816","6","50","2012-07-01 00:00:00","2012-07-12 00:00:00","2012-07-01 00:00:00","2012-07-15 00:00:00","3.0000","36.7500","36.7500","2012-07-14 22:00:00"
"17512","818","6","50","2012-07-01 00:00:00","2012-07-12 00:00:00","2012-07-01 00:00:00","2012-07-15 00:00:00","3.0000","36.7500","36.7500","2012-07-14 22:00:00"
"17513","820","6","50","2012-07-01 00:00:00","2012-07-12 00:00:00","2012-07-01 00:00:00","2012-07-15 00:00:00","3.0000","36.7500","36.7500","2012-07-14 22:00:00"
"17514","824","6","50","2012-07-01 00:00:00","2012-07-12 00:00:00","2012-07-01 00:00:00","2012-07-15 00:00:00","3.0000","36.7500","36.7500","2012-07-14 22:00:00"
"17515","826","6","50","2012-07-01 00:00:00","2012-07-12 00:00:00","2012-07-01 00:00:00","2012-07-15 00:00:00","3.0000","36.7500","36.7500","2012-07-14 22:00:00"
"17516","828","6","50","2012-07-01 00:00:00","2012-07-12 00:00:00","2012-07-01 00:00:00","2012-07-15 00:00:00","3.0000","36.7500","36.7500","2012-07-14 22:00:00"
"17519","894","6","50","2012-07-01 00:00:00","2012-07-12 00:00:00","2012-07-01 00:00:00","2012-07-15 00:00:00","3.0000","36.7500","36.7500","2012-07-14 22:00:00"
"17520","945","1","10","2012-07-01 00:00:00","2012-07-12 00:00:00","2012-07-01 00:00:00","2012-07-15 00:00:00","4.1000","92.2500","92.2500","2012-07-14 22:00:00"
"17520","945","6","50","2012-07-01 00:00:00","2012-07-12 00:00:00","2012-07-01 00:00:00","2012-07-15 00:00:00","3.0000","36.7500","36.7500","2012-07-14 22:00:00"
"17521","950","6","50","2012-07-01 00:00:00","2012-07-12 00:00:00","2012-07-01 00:00:00","2012-07-15 00:00:00","3.0000","36.7500","36.7500","2012-07-14 22:00:00"
"17522","994","6","50","2012-07-01 00:00:00","2012-07-12 00:00:00","2012-07-01 00:00:00","2012-07-15 00:00:00","3.0000","36.7500","36.7500","2012-07-14 22:00:00"
"17523","995","6","50","2012-07-01 00:00:00","2012-07-12 00:00:00","2012-07-01 00:00:00","2012-07-15 00:00:00","3.0000","36.7500","36.7500","2012-07-14 22:00:00"
"17524","996","6","50","2012-07-01 00:00:00","2012-07-12 00:00:00","2012-07-01 00:00:00","2012-07-15 00:00:00","3.0000","36.7500","36.7500","2012-07-14 22:00:00"
"17538","802","1","10","2012-07-01 00:00:00","2012-07-12 00:00:00","2012-07-01 00:00:00","2012-07-15 00:00:00","4.1000","92.2500","92.2500","2012-07-14 22:00:00"
"17538","802","6","50","2012-07-01 00:00:00","2012-07-12 00:00:00","2012-07-01 00:00:00","2012-07-15 00:00:00","3.0000","36.7500","36.7500","2012-07-14 22:00:00"
"17539","804","1","10","2012-07-01 00:00:00","2012-07-12 00:00:00","2012-07-01 00:00:00","2012-07-15 00:00:00","4.1000","92.2500","92.2500","2012-07-14 22:00:00"
"17539","804","6","50","2012-07-01 00:00:00","2012-07-12 00:00:00","2012-07-01 00:00:00","2012-07-15 00:00:00","3.0000","36.7500","36.7500","2012-07-14 22:00:00"
"17544","781","7","60","2012-07-02 00:00:00","2012-07-13 00:00:00","2012-07-05 00:00:00","2012-07-13 00:00:00","4.0000","49.0000","49.0000","2012-07-12 22:00:00"
"17545","784","7","60","2012-07-02 00:00:00","2012-07-13 00:00:00","2012-07-05 00:00:00","2012-07-13 00:00:00","4.0000","49.0000","49.0000","2012-07-12 22:00:00"
"17546","789","7","60","2012-07-02 00:00:00","2012-07-13 00:00:00","2012-07-05 00:00:00","2012-07-13 00:00:00","4.0000","49.0000","49.0000","2012-07-12 22:00:00"
"17547","790","7","60","2012-07-02 00:00:00","2012-07-13 00:00:00","2012-07-05 00:00:00","2012-07-13 00:00:00","4.0000","49.0000","49.0000","2012-07-12 22:00:00"
"17548","792","7","60","2012-07-02 00:00:00","2012-07-13 00:00:00","2012-07-05 00:00:00","2012-07-13 00:00:00","4.0000","49.0000","49.0000","2012-07-12 22:00:00"
"17549","793","7","60","2012-07-02 00:00:00","2012-07-13 00:00:00","2012-07-05 00:00:00","2012-07-13 00:00:00","4.0000","49.0000","49.0000","2012-07-12 22:00:00"
"17550","794","7","60","2012-07-02 00:00:00","2012-07-13 00:00:00","2012-07-05 00:00:00","2012-07-13 00:00:00","4.0000","49.0000","49.0000","2012-07-12 22:00:00"
"17551","795","7","60","2012-07-02 00:00:00","2012-07-13 00:00:00","2012-07-05 00:00:00","2012-07-13 00:00:00","4.0000","49.0000","49.0000","2012-07-12 22:00:00"
"17552","516","6","50","2012-07-02 00:00:00","2012-07-13 00:00:00","2012-07-05 00:00:00","2012-07-13 00:00:00","3.0000","36.7500","36.7500","2012-07-12 22:00:00"
"17552","516","7","60","2012-07-02 00:00:00","2012-07-13 00:00:00","2012-07-05 00:00:00","2012-07-13 00:00:00","4.0000","49.0000","49.0000","2012-07-12 22:00:00"
"17553","519","6","50","2012-07-02 00:00:00","2012-07-13 00:00:00","2012-07-05 00:00:00","2012-07-13 00:00:00","3.0000","36.7500","36.7500","2012-07-12 22:00:00"
"17553","519","7","60","2012-07-02 00:00:00","2012-07-13 00:00:00","2012-07-05 00:00:00","2012-07-13 00:00:00","4.0000","49.0000","49.0000","2012-07-12 22:00:00"
"17559","806","6","50","2012-07-02 00:00:00","2012-07-13 00:00:00","2012-07-05 00:00:00","2012-07-13 00:00:00","3.0000","36.7500","36.7500","2012-07-12 22:00:00"
"17560","810","1","10","2012-07-02 00:00:00","2012-07-13 00:00:00","2012-07-05 00:00:00","2012-07-13 00:00:00","4.1000","92.2500","92.2500","2012-07-12 22:00:00"
"17560","810","2","20","2012-07-02 00:00:00","2012-07-13 00:00:00","2012-07-05 00:00:00","2012-07-13 00:00:00","3.5000","87.5000","87.5000","2012-07-12 22:00:00"
"17560","810","6","50","2012-07-02 00:00:00","2012-07-13 00:00:00","2012-07-05 00:00:00","2012-07-13 00:00:00","3.0000","36.7500","36.7500","2012-07-12 22:00:00"
"17561","813","1","10","2012-07-02 00:00:00","2012-07-13 00:00:00","2012-07-05 00:00:00","2012-07-13 00:00:00","4.1000","92.2500","92.2500","2012-07-12 22:00:00"
"17561","813","2","20","2012-07-02 00:00:00","2012-07-13 00:00:00","2012-07-05 00:00:00","2012-07-13 00:00:00","3.5000","87.5000","87.5000","2012-07-12 22:00:00"
"17561","813","6","50","2012-07-02 00:00:00","2012-07-13 00:00:00","2012-07-05 00:00:00","2012-07-13 00:00:00","3.0000","36.7500","36.7500","2012-07-12 22:00:00"
"17562","816","6","50","2012-07-02 00:00:00","2012-07-13 00:00:00","2012-07-05 00:00:00","2012-07-13 00:00:00","3.0000","36.7500","36.7500","2012-07-12 22:00:00"
"17563","820","6","50","2012-07-02 00:00:00","2012-07-13 00:00:00","2012-07-05 00:00:00","2012-07-13 00:00:00","3.0000","36.7500","36.7500","2012-07-12 22:00:00"
"17564","824","6","50","2012-07-02 00:00:00","2012-07-13 00:00:00","2012-07-05 00:00:00","2012-07-13 00:00:00","3.0000","36.7500","36.7500","2012-07-12 22:00:00"
"17565","828","6","50","2012-07-02 00:00:00","2012-07-13 00:00:00","2012-07-05 00:00:00","2012-07-13 00:00:00","3.0000","36.7500","36.7500","2012-07-12 22:00:00"
"17569","894","6","50","2012-07-02 00:00:00","2012-07-13 00:00:00","2012-07-05 00:00:00","2012-07-13 00:00:00","3.0000","36.7500","36.7500","2012-07-12 22:00:00"
"17570","945","1","10","2012-07-02 00:00:00","2012-07-13 00:00:00","2012-07-05 00:00:00","2012-07-13 00:00:00","4.1000","92.2500","92.2500","2012-07-12 22:00:00"
"17570","945","6","50","2012-07-02 00:00:00","2012-07-13 00:00:00","2012-07-05 00:00:00","2012-07-13 00:00:00","3.0000","36.7500","36.7500","2012-07-12 22:00:00"
"17571","950","6","50","2012-07-02 00:00:00","2012-07-13 00:00:00","2012-07-05 00:00:00","2012-07-13 00:00:00","3.0000","36.7500","36.7500","2012-07-12 22:00:00"
"17572","995","6","50","2012-07-02 00:00:00","2012-07-13 00:00:00","2012-07-05 00:00:00","2012-07-13 00:00:00","3.0000","36.7500","36.7500","2012-07-12 22:00:00"
"17573","996","6","50","2012-07-02 00:00:00","2012-07-13 00:00:00","2012-07-05 00:00:00","2012-07-13 00:00:00","3.0000","36.7500","36.7500","2012-07-12 22:00:00"
"17586","804","1","10","2012-07-02 00:00:00","2012-07-13 00:00:00","2012-07-05 00:00:00","2012-07-13 00:00:00","4.1000","92.2500","92.2500","2012-07-12 22:00:00"
"17586","804","6","50","2012-07-02 00:00:00","2012-07-13 00:00:00","2012-07-05 00:00:00","2012-07-13 00:00:00","3.0000","36.7500","36.7500","2012-07-12 22:00:00"
"17606","747","1","10","2012-07-03 00:00:00","2012-07-14 00:00:00","2012-07-03 00:00:00","2012-07-19 00:00:00","4.1000","92.2500","92.2500","2012-07-18 22:00:00"
"17606","747","2","20","2012-07-03 00:00:00","2012-07-14 00:00:00","2012-07-03 00:00:00","2012-07-19 00:00:00","3.5000","87.5000","87.5000","2012-07-18 22:00:00"
"17606","747","3","30","2012-07-03 00:00:00","2012-07-14 00:00:00","2012-07-03 00:00:00","2012-07-19 00:00:00","1.0000","14.5000","14.5000","2012-07-18 22:00:00"
"17606","747","4","40","2012-07-03 00:00:00","2012-07-14 00:00:00","2012-07-03 00:00:00","2012-07-19 00:00:00","2.0000","31.5000","31.5000","2012-07-18 22:00:00"
"17606","747","6","50","2012-07-03 00:00:00","2012-07-14 00:00:00","2012-07-03 00:00:00","2012-07-19 00:00:00","3.0000","36.7500","36.7500","2012-07-18 22:00:00"
"17606","747","7","60","2012-07-03 00:00:00","2012-07-14 00:00:00","2012-07-03 00:00:00","2012-07-19 00:00:00","4.0000","49.0000","49.0000","2012-07-18 22:00:00"
"17607","748","1","10","2012-07-03 00:00:00","2012-07-14 00:00:00","2012-07-03 00:00:00","2012-07-19 00:00:00","4.1000","92.2500","92.2500","2012-07-18 22:00:00"
"17607","748","2","20","2012-07-03 00:00:00","2012-07-14 00:00:00","2012-07-03 00:00:00","2012-07-19 00:00:00","3.5000","87.5000","87.5000","2012-07-18 22:00:00"
"17607","748","3","30","2012-07-03 00:00:00","2012-07-14 00:00:00","2012-07-03 00:00:00","2012-07-19 00:00:00","1.0000","14.5000","14.5000","2012-07-18 22:00:00"
"17607","748","5","45","2012-07-03 00:00:00","2012-07-14 00:00:00","2012-07-03 00:00:00","2012-07-19 00:00:00","2.0000","36.0000","36.0000","2012-07-18 22:00:00"
"17607","748","6","50","2012-07-03 00:00:00","2012-07-14 00:00:00","2012-07-03 00:00:00","2012-07-19 00:00:00","3.0000","36.7500","36.7500","2012-07-18 22:00:00"
"17607","748","7","60","2012-07-03 00:00:00","2012-07-14 00:00:00","2012-07-03 00:00:00","2012-07-19 00:00:00","4.0000","49.0000","49.0000","2012-07-18 22:00:00"
"17608","759","7","60","2012-07-03 00:00:00","2012-07-14 00:00:00","2012-07-03 00:00:00","2012-07-19 00:00:00","4.0000","49.0000","49.0000","2012-07-18 22:00:00"
"17609","760","7","60","2012-07-03 00:00:00","2012-07-14 00:00:00","2012-07-03 00:00:00","2012-07-19 00:00:00","4.0000","49.0000","49.0000","2012-07-18 22:00:00"
"17610","761","7","60","2012-07-03 00:00:00","2012-07-14 00:00:00","2012-07-03 00:00:00","2012-07-19 00:00:00","4.0000","49.0000","49.0000","2012-07-18 22:00:00"
"17611","762","7","60","2012-07-03 00:00:00","2012-07-14 00:00:00","2012-07-03 00:00:00","2012-07-19 00:00:00","4.0000","49.0000","49.0000","2012-07-18 22:00:00"
"17612","763","7","60","2012-07-03 00:00:00","2012-07-14 00:00:00","2012-07-03 00:00:00","2012-07-19 00:00:00","4.0000","49.0000","49.0000","2012-07-18 22:00:00"
"17613","764","7","60","2012-07-03 00:00:00","2012-07-14 00:00:00","2012-07-03 00:00:00","2012-07-19 00:00:00","4.0000","49.0000","49.0000","2012-07-18 22:00:00"
"17614","765","7","60","2012-07-03 00:00:00","2012-07-14 00:00:00","2012-07-03 00:00:00","2012-07-19 00:00:00","4.0000","49.0000","49.0000","2012-07-18 22:00:00"
"17615","766","7","60","2012-07-03 00:00:00","2012-07-14 00:00:00","2012-07-03 00:00:00","2012-07-19 00:00:00","4.0000","49.0000","49.0000","2012-07-18 22:00:00"
"17616","767","7","60","2012-07-03 00:00:00","2012-07-14 00:00:00","2012-07-03 00:00:00","2012-07-19 00:00:00","4.0000","49.0000","49.0000","2012-07-18 22:00:00"
"17617","768","7","60","2012-07-03 00:00:00","2012-07-14 00:00:00","2012-07-03 00:00:00","2012-07-19 00:00:00","4.0000","49.0000","49.0000","2012-07-18 22:00:00"
"17618","769","7","60","2012-07-03 00:00:00","2012-07-14 00:00:00","2012-07-03 00:00:00","2012-07-19 00:00:00","4.0000","49.0000","49.0000","2012-07-18 22:00:00"
"17619","770","7","60","2012-07-03 00:00:00","2012-07-14 00:00:00","2012-07-03 00:00:00","2012-07-19 00:00:00","4.0000","49.0000","49.0000","2012-07-18 22:00:00"
"17620","779","7","60","2012-07-03 00:00:00","2012-07-14 00:00:00","2012-07-03 00:00:00","2012-07-19 00:00:00","4.0000","49.0000","49.0000","2012-07-18 22:00:00"
"17621","780","7","60","2012-07-03 00:00:00","2012-07-14 00:00:00","2012-07-03 00:00:00","2012-07-19 00:00:00","4.0000","49.0000","49.0000","2012-07-18 22:00:00"
"17622","781","7","60","2012-07-03 00:00:00","2012-07-14 00:00:00","2012-07-03 00:00:00","2012-07-19 00:00:00","4.0000","49.0000","49.0000","2012-07-18 22:00:00"
"17623","782","7","60","2012-07-03 00:00:00","2012-07-14 00:00:00","2012-07-03 00:00:00","2012-07-19 00:00:00","4.0000","49.0000","49.0000","2012-07-18 22:00:00"
"17624","783","7","60","2012-07-03 00:00:00","2012-07-14 00:00:00","2012-07-03 00:00:00","2012-07-19 00:00:00","4.0000","49.0000","49.0000","2012-07-18 22:00:00"
"17625","784","7","60","2012-07-03 00:00:00","2012-07-14 00:00:00","2012-07-03 00:00:00","2012-07-19 00:00:00","4.0000","49.0000","49.0000","2012-07-18 22:00:00"
"17626","785","7","60","2012-07-03 00:00:00","2012-07-14 00:00:00","2012-07-03 00:00:00","2012-07-19 00:00:00","4.0000","49.0000","49.0000","2012-07-18 22:00:00"
"17627","786","7","60","2012-07-03 00:00:00","2012-07-14 00:00:00","2012-07-03 00:00:00","2012-07-19 00:00:00","4.0000","49.0000","49.0000","2012-07-18 22:00:00"
"17628","787","7","60","2012-07-03 00:00:00","2012-07-14 00:00:00","2012-07-03 00:00:00","2012-07-19 00:00:00","4.0000","49.0000","49.0000","2012-07-18 22:00:00"
"17629","788","7","60","2012-07-03 00:00:00","2012-07-14 00:00:00","2012-07-03 00:00:00","2012-07-19 00:00:00","4.0000","49.0000","49.0000","2012-07-18 22:00:00"
"17630","789","7","60","2012-07-03 00:00:00","2012-07-14 00:00:00","2012-07-03 00:00:00","2012-07-19 00:00:00","4.0000","49.0000","49.0000","2012-07-18 22:00:00"
"17631","790","7","60","2012-07-03 00:00:00","2012-07-14 00:00:00","2012-07-03 00:00:00","2012-07-19 00:00:00","4.0000","49.0000","49.0000","2012-07-18 22:00:00"
"17632","791","7","60","2012-07-03 00:00:00","2012-07-14 00:00:00","2012-07-03 00:00:00","2012-07-19 00:00:00","4.0000","49.0000","49.0000","2012-07-18 22:00:00"
"17633","792","7","60","2012-07-03 00:00:00","2012-07-14 00:00:00","2012-07-03 00:00:00","2012-07-19 00:00:00","4.0000","49.0000","49.0000","2012-07-18 22:00:00"
"17634","793","7","60","2012-07-03 00:00:00","2012-07-14 00:00:00","2012-07-03 00:00:00","2012-07-19 00:00:00","4.0000","49.0000","49.0000","2012-07-18 22:00:00"
"17635","794","7","60","2012-07-03 00:00:00","2012-07-14 00:00:00","2012-07-03 00:00:00","2012-07-19 00:00:00","4.0000","49.0000","49.0000","2012-07-18 22:00:00"
"17636","795","7","60","2012-07-03 00:00:00","2012-07-14 00:00:00","2012-07-03 00:00:00","2012-07-19 00:00:00","4.0000","49.0000","49.0000","2012-07-18 22:00:00"
"17637","796","7","60","2012-07-03 00:00:00","2012-07-14 00:00:00","2012-07-03 00:00:00","2012-07-19 00:00:00","4.0000","49.0000","49.0000","2012-07-18 22:00:00"
"17638","797","7","60","2012-07-03 00:00:00","2012-07-14 00:00:00","2012-07-03 00:00:00","2012-07-19 00:00:00","4.0000","49.0000","49.0000","2012-07-18 22:00:00"
"17639","798","7","60","2012-07-03 00:00:00","2012-07-14 00:00:00","2012-07-03 00:00:00","2012-07-19 00:00:00","4.0000","49.0000","49.0000","2012-07-18 22:00:00"
"17640","799","7","60","2012-07-03 00:00:00","2012-07-14 00:00:00","2012-07-03 00:00:00","2012-07-19 00:00:00","4.0000","49.0000","49.0000","2012-07-18 22:00:00"
"17641","800","7","60","2012-07-03 00:00:00","2012-07-14 00:00:00","2012-07-03 00:00:00","2012-07-19 00:00:00","4.0000","49.0000","49.0000","2012-07-18 22:00:00"
"17642","801","7","60","2012-07-03 00:00:00","2012-07-14 00:00:00","2012-07-03 00:00:00","2012-07-19 00:00:00","4.0000","49.0000","49.0000","2012-07-18 22:00:00"
"17643","802","1","10","2012-07-03 00:00:00","2012-07-14 00:00:00","2012-07-03 00:00:00","2012-07-19 00:00:00","4.1000","92.2500","92.2500","2012-07-18 22:00:00"
"17643","802","6","50","2012-07-03 00:00:00","2012-07-14 00:00:00","2012-07-03 00:00:00","2012-07-19 00:00:00","3.0000","36.7500","36.7500","2012-07-18 22:00:00"
"17644","804","1","10","2012-07-03 00:00:00","2012-07-14 00:00:00","2012-07-03 00:00:00","2012-07-19 00:00:00","4.1000","92.2500","92.2500","2012-07-18 22:00:00"
"17644","804","6","50","2012-07-03 00:00:00","2012-07-14 00:00:00","2012-07-03 00:00:00","2012-07-19 00:00:00","3.0000","36.7500","36.7500","2012-07-18 22:00:00"
"17645","805","6","50","2012-07-03 00:00:00","2012-07-14 00:00:00","2012-07-03 00:00:00","2012-07-19 00:00:00","3.0000","36.7500","36.7500","2012-07-18 22:00:00"
"17646","806","6","50","2012-07-03 00:00:00","2012-07-14 00:00:00","2012-07-03 00:00:00","2012-07-19 00:00:00","3.0000","36.7500","36.7500","2012-07-18 22:00:00"
"17647","807","6","50","2012-07-03 00:00:00","2012-07-14 00:00:00","2012-07-03 00:00:00","2012-07-19 00:00:00","3.0000","36.7500","36.7500","2012-07-18 22:00:00"
"17648","808","1","10","2012-07-03 00:00:00","2012-07-14 00:00:00","2012-07-03 00:00:00","2012-07-19 00:00:00","4.1000","92.2500","92.2500","2012-07-18 22:00:00"
"17648","808","2","20","2012-07-03 00:00:00","2012-07-14 00:00:00","2012-07-03 00:00:00","2012-07-19 00:00:00","3.5000","87.5000","87.5000","2012-07-18 22:00:00"
"17648","808","6","50","2012-07-03 00:00:00","2012-07-14 00:00:00","2012-07-03 00:00:00","2012-07-19 00:00:00","3.0000","36.7500","36.7500","2012-07-18 22:00:00"
"17649","809","1","10","2012-07-03 00:00:00","2012-07-14 00:00:00","2012-07-03 00:00:00","2012-07-19 00:00:00","4.1000","92.2500","92.2500","2012-07-18 22:00:00"
"17649","809","2","20","2012-07-03 00:00:00","2012-07-14 00:00:00","2012-07-03 00:00:00","2012-07-19 00:00:00","3.5000","87.5000","87.5000","2012-07-18 22:00:00"
"17649","809","6","50","2012-07-03 00:00:00","2012-07-14 00:00:00","2012-07-03 00:00:00","2012-07-19 00:00:00","3.0000","36.7500","36.7500","2012-07-18 22:00:00"
"17650","810","1","10","2012-07-03 00:00:00","2012-07-14 00:00:00","2012-07-03 00:00:00","2012-07-19 00:00:00","4.1000","92.2500","92.2500","2012-07-18 22:00:00"
"17650","810","2","20","2012-07-03 00:00:00","2012-07-14 00:00:00","2012-07-03 00:00:00","2012-07-19 00:00:00","3.5000","87.5000","87.5000","2012-07-18 22:00:00"
"17650","810","6","50","2012-07-03 00:00:00","2012-07-14 00:00:00","2012-07-03 00:00:00","2012-07-19 00:00:00","3.0000","36.7500","36.7500","2012-07-18 22:00:00"
"17651","811","1","10","2012-07-03 00:00:00","2012-07-14 00:00:00","2012-07-03 00:00:00","2012-07-19 00:00:00","4.1000","92.2500","92.2500","2012-07-18 22:00:00"
"17651","811","2","20","2012-07-03 00:00:00","2012-07-14 00:00:00","2012-07-03 00:00:00","2012-07-19 00:00:00","3.5000","87.5000","87.5000","2012-07-18 22:00:00"
"17651","811","6","50","2012-07-03 00:00:00","2012-07-14 00:00:00","2012-07-03 00:00:00","2012-07-19 00:00:00","3.0000","36.7500","36.7500","2012-07-18 22:00:00"
"17652","813","1","10","2012-07-03 00:00:00","2012-07-14 00:00:00","2012-07-03 00:00:00","2012-07-19 00:00:00","4.1000","92.2500","92.2500","2012-07-18 22:00:00"
"17652","813","2","20","2012-07-03 00:00:00","2012-07-14 00:00:00","2012-07-03 00:00:00","2012-07-19 00:00:00","3.5000","87.5000","87.5000","2012-07-18 22:00:00"
"17652","813","6","50","2012-07-03 00:00:00","2012-07-14 00:00:00","2012-07-03 00:00:00","2012-07-19 00:00:00","3.0000","36.7500","36.7500","2012-07-18 22:00:00"
"17653","814","1","10","2012-07-03 00:00:00","2012-07-14 00:00:00","2012-07-03 00:00:00","2012-07-19 00:00:00","4.1000","92.2500","92.2500","2012-07-18 22:00:00"
"17653","814","2","20","2012-07-03 00:00:00","2012-07-14 00:00:00","2012-07-03 00:00:00","2012-07-19 00:00:00","3.5000","87.5000","87.5000","2012-07-18 22:00:00"
"17653","814","3","30","2012-07-03 00:00:00","2012-07-14 00:00:00","2012-07-03 00:00:00","2012-07-19 00:00:00","1.0000","14.5000","14.5000","2012-07-18 22:00:00"
"17653","814","4","40","2012-07-03 00:00:00","2012-07-14 00:00:00","2012-07-03 00:00:00","2012-07-19 00:00:00","2.0000","31.5000","31.5000","2012-07-18 22:00:00"
"17653","814","6","50","2012-07-03 00:00:00","2012-07-14 00:00:00","2012-07-03 00:00:00","2012-07-19 00:00:00","3.0000","36.7500","36.7500","2012-07-18 22:00:00"
"17653","814","7","60","2012-07-03 00:00:00","2012-07-14 00:00:00","2012-07-03 00:00:00","2012-07-19 00:00:00","4.0000","49.0000","49.0000","2012-07-18 22:00:00"
"17654","815","6","50","2012-07-03 00:00:00","2012-07-14 00:00:00","2012-07-03 00:00:00","2012-07-19 00:00:00","3.0000","36.7500","36.7500","2012-07-18 22:00:00"
"17655","816","6","50","2012-07-03 00:00:00","2012-07-14 00:00:00","2012-07-03 00:00:00","2012-07-19 00:00:00","3.0000","36.7500","36.7500","2012-07-18 22:00:00"
"17656","817","6","50","2012-07-03 00:00:00","2012-07-14 00:00:00","2012-07-03 00:00:00","2012-07-19 00:00:00","3.0000","36.7500","36.7500","2012-07-18 22:00:00"
"17657","819","6","50","2012-07-03 00:00:00","2012-07-14 00:00:00","2012-07-03 00:00:00","2012-07-19 00:00:00","3.0000","36.7500","36.7500","2012-07-18 22:00:00"
"17658","820","6","50","2012-07-03 00:00:00","2012-07-14 00:00:00","2012-07-03 00:00:00","2012-07-19 00:00:00","3.0000","36.7500","36.7500","2012-07-18 22:00:00"
"17659","822","1","10","2012-07-03 00:00:00","2012-07-14 00:00:00","2012-07-03 00:00:00","2012-07-19 00:00:00","4.1000","92.2500","92.2500","2012-07-18 22:00:00"
"17659","822","2","20","2012-07-03 00:00:00","2012-07-14 00:00:00","2012-07-03 00:00:00","2012-07-19 00:00:00","3.5000","87.5000","87.5000","2012-07-18 22:00:00"
"17659","822","3","30","2012-07-03 00:00:00","2012-07-14 00:00:00","2012-07-03 00:00:00","2012-07-19 00:00:00","1.0000","14.5000","14.5000","2012-07-18 22:00:00"
"17659","822","4","40","2012-07-03 00:00:00","2012-07-14 00:00:00","2012-07-03 00:00:00","2012-07-19 00:00:00","2.0000","31.5000","31.5000","2012-07-18 22:00:00"
"17659","822","6","50","2012-07-03 00:00:00","2012-07-14 00:00:00","2012-07-03 00:00:00","2012-07-19 00:00:00","3.0000","36.7500","36.7500","2012-07-18 22:00:00"
"17659","822","7","60","2012-07-03 00:00:00","2012-07-14 00:00:00","2012-07-03 00:00:00","2012-07-19 00:00:00","4.0000","49.0000","49.0000","2012-07-18 22:00:00"
"17660","823","6","50","2012-07-03 00:00:00","2012-07-14 00:00:00","2012-07-03 00:00:00","2012-07-19 00:00:00","3.0000","36.7500","36.7500","2012-07-18 22:00:00"
"17661","824","6","50","2012-07-03 00:00:00","2012-07-14 00:00:00","2012-07-03 00:00:00","2012-07-19 00:00:00","3.0000","36.7500","36.7500","2012-07-18 22:00:00"
"17662","825","6","50","2012-07-03 00:00:00","2012-07-14 00:00:00","2012-07-03 00:00:00","2012-07-19 00:00:00","3.0000","36.7500","36.7500","2012-07-18 22:00:00"
"17663","826","6","50","2012-07-03 00:00:00","2012-07-14 00:00:00","2012-07-03 00:00:00","2012-07-19 00:00:00","3.0000","36.7500","36.7500","2012-07-18 22:00:00"
"17664","827","6","50","2012-07-03 00:00:00","2012-07-14 00:00:00","2012-07-03 00:00:00","2012-07-19 00:00:00","3.0000","36.7500","36.7500","2012-07-18 22:00:00"
"17665","828","6","50","2012-07-03 00:00:00","2012-07-14 00:00:00","2012-07-03 00:00:00","2012-07-19 00:00:00","3.0000","36.7500","36.7500","2012-07-18 22:00:00"
"17674","515","6","50","2012-07-03 00:00:00","2012-07-14 00:00:00","2012-07-03 00:00:00","2012-07-19 00:00:00","3.0000","36.7500","36.7500","2012-07-18 22:00:00"
"17674","515","7","60","2012-07-03 00:00:00","2012-07-14 00:00:00","2012-07-03 00:00:00","2012-07-19 00:00:00","4.0000","49.0000","49.0000","2012-07-18 22:00:00"
"17675","516","6","50","2012-07-03 00:00:00","2012-07-14 00:00:00","2012-07-03 00:00:00","2012-07-19 00:00:00","3.0000","36.7500","36.7500","2012-07-18 22:00:00"
"17675","516","7","60","2012-07-03 00:00:00","2012-07-14 00:00:00","2012-07-03 00:00:00","2012-07-19 00:00:00","4.0000","49.0000","49.0000","2012-07-18 22:00:00"
"17676","517","6","50","2012-07-03 00:00:00","2012-07-14 00:00:00","2012-07-03 00:00:00","2012-07-19 00:00:00","3.0000","36.7500","36.7500","2012-07-18 22:00:00"
"17676","517","7","60","2012-07-03 00:00:00","2012-07-14 00:00:00","2012-07-03 00:00:00","2012-07-19 00:00:00","4.0000","49.0000","49.0000","2012-07-18 22:00:00"
"17677","518","6","50","2012-07-03 00:00:00","2012-07-14 00:00:00","2012-07-03 00:00:00","2012-07-19 00:00:00","3.0000","36.7500","36.7500","2012-07-18 22:00:00"
"17677","518","7","60","2012-07-03 00:00:00","2012-07-14 00:00:00","2012-07-03 00:00:00","2012-07-19 00:00:00","4.0000","49.0000","49.0000","2012-07-18 22:00:00"
"17678","519","6","50","2012-07-03 00:00:00","2012-07-14 00:00:00","2012-07-03 00:00:00","2012-07-19 00:00:00","3.0000","36.7500","36.7500","2012-07-18 22:00:00"
"17678","519","7","60","2012-07-03 00:00:00","2012-07-14 00:00:00","2012-07-03 00:00:00","2012-07-19 00:00:00","4.0000","49.0000","49.0000","2012-07-18 22:00:00"
"17700","747","1","10","2012-07-03 00:00:00","2012-07-14 00:00:00","2012-07-03 00:00:00","2012-07-19 00:00:00","4.1000","92.2500","92.2500","2012-07-18 22:00:00"
"17700","747","2","20","2012-07-03 00:00:00","2012-07-14 00:00:00","2012-07-03 00:00:00","2012-07-19 00:00:00","3.5000","87.5000","87.5000","2012-07-18 22:00:00"
"17700","747","3","30","2012-07-03 00:00:00","2012-07-14 00:00:00","2012-07-03 00:00:00","2012-07-19 00:00:00","1.0000","14.5000","14.5000","2012-07-18 22:00:00"
"17700","747","4","40","2012-07-03 00:00:00","2012-07-14 00:00:00","2012-07-03 00:00:00","2012-07-19 00:00:00","2.0000","31.5000","31.5000","2012-07-18 22:00:00"
"17700","747","6","50","2012-07-03 00:00:00","2012-07-14 00:00:00","2012-07-03 00:00:00","2012-07-19 00:00:00","3.0000","36.7500","36.7500","2012-07-18 22:00:00"
"17700","747","7","60","2012-07-03 00:00:00","2012-07-14 00:00:00","2012-07-03 00:00:00","2012-07-19 00:00:00","4.0000","49.0000","49.0000","2012-07-18 22:00:00"
"17701","748","1","10","2012-07-03 00:00:00","2012-07-14 00:00:00","2012-07-03 00:00:00","2012-07-19 00:00:00","4.1000","92.2500","92.2500","2012-07-18 22:00:00"
"17701","748","2","20","2012-07-03 00:00:00","2012-07-14 00:00:00","2012-07-03 00:00:00","2012-07-19 00:00:00","3.5000","87.5000","87.5000","2012-07-18 22:00:00"
"17701","748","3","30","2012-07-03 00:00:00","2012-07-14 00:00:00","2012-07-03 00:00:00","2012-07-19 00:00:00","1.0000","14.5000","14.5000","2012-07-18 22:00:00"
"17701","748","5","45","2012-07-03 00:00:00","2012-07-14 00:00:00","2012-07-03 00:00:00","2012-07-19 00:00:00","2.0000","36.0000","36.0000","2012-07-18 22:00:00"
"17701","748","6","50","2012-07-03 00:00:00","2012-07-14 00:00:00","2012-07-03 00:00:00","2012-07-19 00:00:00","3.0000","36.7500","36.7500","2012-07-18 22:00:00"
"17701","748","7","60","2012-07-03 00:00:00","2012-07-14 00:00:00","2012-07-03 00:00:00","2012-07-19 00:00:00","4.0000","49.0000","49.0000","2012-07-18 22:00:00"
"17702","806","6","50","2012-07-03 00:00:00","2012-07-14 00:00:00","2012-07-03 00:00:00","2012-07-19 00:00:00","3.0000","36.7500","36.7500","2012-07-18 22:00:00"
"17703","809","1","10","2012-07-03 00:00:00","2012-07-14 00:00:00","2012-07-03 00:00:00","2012-07-19 00:00:00","4.1000","92.2500","92.2500","2012-07-18 22:00:00"
"17703","809","2","20","2012-07-03 00:00:00","2012-07-14 00:00:00","2012-07-03 00:00:00","2012-07-19 00:00:00","3.5000","87.5000","87.5000","2012-07-18 22:00:00"
"17703","809","6","50","2012-07-03 00:00:00","2012-07-14 00:00:00","2012-07-03 00:00:00","2012-07-19 00:00:00","3.0000","36.7500","36.7500","2012-07-18 22:00:00"
"17704","810","1","10","2012-07-03 00:00:00","2012-07-14 00:00:00","2012-07-03 00:00:00","2012-07-19 00:00:00","4.1000","92.2500","92.2500","2012-07-18 22:00:00"
"17704","810","2","20","2012-07-03 00:00:00","2012-07-14 00:00:00","2012-07-03 00:00:00","2012-07-19 00:00:00","3.5000","87.5000","87.5000","2012-07-18 22:00:00"
"17704","810","6","50","2012-07-03 00:00:00","2012-07-14 00:00:00","2012-07-03 00:00:00","2012-07-19 00:00:00","3.0000","36.7500","36.7500","2012-07-18 22:00:00"
"17705","811","1","10","2012-07-03 00:00:00","2012-07-14 00:00:00","2012-07-03 00:00:00","2012-07-19 00:00:00","4.1000","92.2500","92.2500","2012-07-18 22:00:00"
"17705","811","2","20","2012-07-03 00:00:00","2012-07-14 00:00:00","2012-07-03 00:00:00","2012-07-19 00:00:00","3.5000","87.5000","87.5000","2012-07-18 22:00:00"
"17705","811","6","50","2012-07-03 00:00:00","2012-07-14 00:00:00","2012-07-03 00:00:00","2012-07-19 00:00:00","3.0000","36.7500","36.7500","2012-07-18 22:00:00"
"17706","812","1","10","2012-07-03 00:00:00","2012-07-14 00:00:00","2012-07-03 00:00:00","2012-07-19 00:00:00","4.1000","92.2500","92.2500","2012-07-18 22:00:00"
"17706","812","2","20","2012-07-03 00:00:00","2012-07-14 00:00:00","2012-07-03 00:00:00","2012-07-19 00:00:00","3.5000","87.5000","87.5000","2012-07-18 22:00:00"
"17706","812","6","50","2012-07-03 00:00:00","2012-07-14 00:00:00","2012-07-03 00:00:00","2012-07-19 00:00:00","3.0000","36.7500","36.7500","2012-07-18 22:00:00"
"17707","813","1","10","2012-07-03 00:00:00","2012-07-14 00:00:00","2012-07-03 00:00:00","2012-07-19 00:00:00","4.1000","92.2500","92.2500","2012-07-18 22:00:00"
"17707","813","2","20","2012-07-03 00:00:00","2012-07-14 00:00:00","2012-07-03 00:00:00","2012-07-19 00:00:00","3.5000","87.5000","87.5000","2012-07-18 22:00:00"
"17707","813","6","50","2012-07-03 00:00:00","2012-07-14 00:00:00","2012-07-03 00:00:00","2012-07-19 00:00:00","3.0000","36.7500","36.7500","2012-07-18 22:00:00"
"17708","814","1","10","2012-07-03 00:00:00","2012-07-14 00:00:00","2012-07-03 00:00:00","2012-07-19 00:00:00","4.1000","92.2500","92.2500","2012-07-18 22:00:00"
"17708","814","2","20","2012-07-03 00:00:00","2012-07-14 00:00:00","2012-07-03 00:00:00","2012-07-19 00:00:00","3.5000","87.5000","87.5000","2012-07-18 22:00:00"
"17708","814","3","30","2012-07-03 00:00:00","2012-07-14 00:00:00","2012-07-03 00:00:00","2012-07-19 00:00:00","1.0000","14.5000","14.5000","2012-07-18 22:00:00"
"17708","814","4","40","2012-07-03 00:00:00","2012-07-14 00:00:00","2012-07-03 00:00:00","2012-07-19 00:00:00","2.0000","31.5000","31.5000","2012-07-18 22:00:00"
"17708","814","6","50","2012-07-03 00:00:00","2012-07-14 00:00:00","2012-07-03 00:00:00","2012-07-19 00:00:00","3.0000","36.7500","36.7500","2012-07-18 22:00:00"
"17708","814","7","60","2012-07-03 00:00:00","2012-07-14 00:00:00","2012-07-03 00:00:00","2012-07-19 00:00:00","4.0000","49.0000","49.0000","2012-07-18 22:00:00"
"17709","816","6","50","2012-07-03 00:00:00","2012-07-14 00:00:00","2012-07-03 00:00:00","2012-07-19 00:00:00","3.0000","36.7500","36.7500","2012-07-18 22:00:00"
"17710","818","6","50","2012-07-03 00:00:00","2012-07-14 00:00:00","2012-07-03 00:00:00","2012-07-19 00:00:00","3.0000","36.7500","36.7500","2012-07-18 22:00:00"
"17711","819","6","50","2012-07-03 00:00:00","2012-07-14 00:00:00","2012-07-03 00:00:00","2012-07-19 00:00:00","3.0000","36.7500","36.7500","2012-07-18 22:00:00"
"17712","820","6","50","2012-07-03 00:00:00","2012-07-14 00:00:00","2012-07-03 00:00:00","2012-07-19 00:00:00","3.0000","36.7500","36.7500","2012-07-18 22:00:00"
"17713","822","1","10","2012-07-03 00:00:00","2012-07-14 00:00:00","2012-07-03 00:00:00","2012-07-19 00:00:00","4.1000","92.2500","92.2500","2012-07-18 22:00:00"
"17713","822","2","20","2012-07-03 00:00:00","2012-07-14 00:00:00","2012-07-03 00:00:00","2012-07-19 00:00:00","3.5000","87.5000","87.5000","2012-07-18 22:00:00"
"17713","822","3","30","2012-07-03 00:00:00","2012-07-14 00:00:00","2012-07-03 00:00:00","2012-07-19 00:00:00","1.0000","14.5000","14.5000","2012-07-18 22:00:00"
"17713","822","4","40","2012-07-03 00:00:00","2012-07-14 00:00:00","2012-07-03 00:00:00","2012-07-19 00:00:00","2.0000","31.5000","31.5000","2012-07-18 22:00:00"
"17713","822","6","50","2012-07-03 00:00:00","2012-07-14 00:00:00","2012-07-03 00:00:00","2012-07-19 00:00:00","3.0000","36.7500","36.7500","2012-07-18 22:00:00"
"17713","822","7","60","2012-07-03 00:00:00","2012-07-14 00:00:00","2012-07-03 00:00:00","2012-07-19 00:00:00","4.0000","49.0000","49.0000","2012-07-18 22:00:00"
"17714","824","6","50","2012-07-03 00:00:00","2012-07-14 00:00:00","2012-07-03 00:00:00","2012-07-19 00:00:00","3.0000","36.7500","36.7500","2012-07-18 22:00:00"
"17715","826","6","50","2012-07-03 00:00:00","2012-07-14 00:00:00","2012-07-03 00:00:00","2012-07-19 00:00:00","3.0000","36.7500","36.7500","2012-07-18 22:00:00"
"17716","827","6","50","2012-07-03 00:00:00","2012-07-14 00:00:00","2012-07-03 00:00:00","2012-07-19 00:00:00","3.0000","36.7500","36.7500","2012-07-18 22:00:00"
"17717","828","6","50","2012-07-03 00:00:00","2012-07-14 00:00:00","2012-07-03 00:00:00","2012-07-19 00:00:00","3.0000","36.7500","36.7500","2012-07-18 22:00:00"
"17728","894","6","50","2012-07-03 00:00:00","2012-07-14 00:00:00","2012-07-03 00:00:00","2012-07-19 00:00:00","3.0000","36.7500","36.7500","2012-07-18 22:00:00"
"17729","945","1","10","2012-07-03 00:00:00","2012-07-14 00:00:00","2012-07-03 00:00:00","2012-07-19 00:00:00","4.1000","92.2500","92.2500","2012-07-18 22:00:00"
"17729","945","6","50","2012-07-03 00:00:00","2012-07-14 00:00:00","2012-07-03 00:00:00","2012-07-19 00:00:00","3.0000","36.7500","36.7500","2012-07-18 22:00:00"
"17730","950","6","50","2012-07-03 00:00:00","2012-07-14 00:00:00","2012-07-03 00:00:00","2012-07-19 00:00:00","3.0000","36.7500","36.7500","2012-07-18 22:00:00"
"17731","994","6","50","2012-07-03 00:00:00","2012-07-14 00:00:00","2012-07-03 00:00:00","2012-07-19 00:00:00","3.0000","36.7500","36.7500","2012-07-18 22:00:00"
"17732","995","6","50","2012-07-03 00:00:00","2012-07-14 00:00:00","2012-07-03 00:00:00","2012-07-19 00:00:00","3.0000","36.7500","36.7500","2012-07-18 22:00:00"
"17733","996","6","50","2012-07-03 00:00:00","2012-07-14 00:00:00","2012-07-03 00:00:00","2012-07-19 00:00:00","3.0000","36.7500","36.7500","2012-07-18 22:00:00"
"17747","802","1","10","2012-07-03 00:00:00","2012-07-14 00:00:00","2012-07-03 00:00:00","2012-07-19 00:00:00","4.1000","92.2500","92.2500","2012-07-18 22:00:00"
"17747","802","6","50","2012-07-03 00:00:00","2012-07-14 00:00:00","2012-07-03 00:00:00","2012-07-19 00:00:00","3.0000","36.7500","36.7500","2012-07-18 22:00:00"
"17748","803","1","10","2012-07-03 00:00:00","2012-07-14 00:00:00","2012-07-03 00:00:00","2012-07-19 00:00:00","4.1000","92.2500","92.2500","2012-07-18 22:00:00"
"17748","803","6","50","2012-07-03 00:00:00","2012-07-14 00:00:00","2012-07-03 00:00:00","2012-07-19 00:00:00","3.0000","36.7500","36.7500","2012-07-18 22:00:00"
"17749","804","1","10","2012-07-03 00:00:00","2012-07-14 00:00:00","2012-07-03 00:00:00","2012-07-19 00:00:00","4.1000","92.2500","92.2500","2012-07-18 22:00:00"
"17749","804","6","50","2012-07-03 00:00:00","2012-07-14 00:00:00","2012-07-03 00:00:00","2012-07-19 00:00:00","3.0000","36.7500","36.7500","2012-07-18 22:00:00"
"17754","760","7","60","2012-07-04 00:00:00","2012-07-15 00:00:00","2012-07-09 00:00:00","2012-07-15 00:00:00","4.0000","49.0000","49.0000","2012-07-14 22:00:00"
"17755","763","7","60","2012-07-04 00:00:00","2012-07-15 00:00:00","2012-07-09 00:00:00","2012-07-15 00:00:00","4.0000","49.0000","49.0000","2012-07-14 22:00:00"
"17756","769","7","60","2012-07-04 00:00:00","2012-07-15 00:00:00","2012-07-09 00:00:00","2012-07-15 00:00:00","4.0000","49.0000","49.0000","2012-07-14 22:00:00"
"17757","783","7","60","2012-07-04 00:00:00","2012-07-15 00:00:00","2012-07-09 00:00:00","2012-07-15 00:00:00","4.0000","49.0000","49.0000","2012-07-14 22:00:00"
"17758","790","7","60","2012-07-04 00:00:00","2012-07-15 00:00:00","2012-07-09 00:00:00","2012-07-15 00:00:00","4.0000","49.0000","49.0000","2012-07-14 22:00:00"
"17759","791","7","60","2012-07-04 00:00:00","2012-07-15 00:00:00","2012-07-09 00:00:00","2012-07-15 00:00:00","4.0000","49.0000","49.0000","2012-07-14 22:00:00"
"17760","794","7","60","2012-07-04 00:00:00","2012-07-15 00:00:00","2012-07-09 00:00:00","2012-07-15 00:00:00","4.0000","49.0000","49.0000","2012-07-14 22:00:00"
"17761","516","6","50","2012-07-04 00:00:00","2012-07-15 00:00:00","2012-07-09 00:00:00","2012-07-15 00:00:00","3.0000","36.7500","36.7500","2012-07-14 22:00:00"
"17761","516","7","60","2012-07-04 00:00:00","2012-07-15 00:00:00","2012-07-09 00:00:00","2012-07-15 00:00:00","4.0000","49.0000","49.0000","2012-07-14 22:00:00"
"17762","517","6","50","2012-07-04 00:00:00","2012-07-15 00:00:00","2012-07-09 00:00:00","2012-07-15 00:00:00","3.0000","36.7500","36.7500","2012-07-14 22:00:00"
"17762","517","7","60","2012-07-04 00:00:00","2012-07-15 00:00:00","2012-07-09 00:00:00","2012-07-15 00:00:00","4.0000","49.0000","49.0000","2012-07-14 22:00:00"
"17763","519","6","50","2012-07-04 00:00:00","2012-07-15 00:00:00","2012-07-09 00:00:00","2012-07-15 00:00:00","3.0000","36.7500","36.7500","2012-07-14 22:00:00"
"17763","519","7","60","2012-07-04 00:00:00","2012-07-15 00:00:00","2012-07-09 00:00:00","2012-07-15 00:00:00","4.0000","49.0000","49.0000","2012-07-14 22:00:00"
"17770","806","6","50","2012-07-04 00:00:00","2012-07-15 00:00:00","2012-07-09 00:00:00","2012-07-15 00:00:00","3.0000","36.7500","36.7500","2012-07-14 22:00:00"
"17771","810","1","10","2012-07-04 00:00:00","2012-07-15 00:00:00","2012-07-09 00:00:00","2012-07-15 00:00:00","4.1000","92.2500","92.2500","2012-07-14 22:00:00"
"17771","810","2","20","2012-07-04 00:00:00","2012-07-15 00:00:00","2012-07-09 00:00:00","2012-07-15 00:00:00","3.5000","87.5000","87.5000","2012-07-14 22:00:00"
"17771","810","6","50","2012-07-04 00:00:00","2012-07-15 00:00:00","2012-07-09 00:00:00","2012-07-15 00:00:00","3.0000","36.7500","36.7500","2012-07-14 22:00:00"
"17772","811","1","10","2012-07-04 00:00:00","2012-07-15 00:00:00","2012-07-09 00:00:00","2012-07-15 00:00:00","4.1000","92.2500","92.2500","2012-07-14 22:00:00"
"17772","811","2","20","2012-07-04 00:00:00","2012-07-15 00:00:00","2012-07-09 00:00:00","2012-07-15 00:00:00","3.5000","87.5000","87.5000","2012-07-14 22:00:00"
"17772","811","6","50","2012-07-04 00:00:00","2012-07-15 00:00:00","2012-07-09 00:00:00","2012-07-15 00:00:00","3.0000","36.7500","36.7500","2012-07-14 22:00:00"
"17773","813","1","10","2012-07-04 00:00:00","2012-07-15 00:00:00","2012-07-09 00:00:00","2012-07-15 00:00:00","4.1000","92.2500","92.2500","2012-07-14 22:00:00"
"17773","813","2","20","2012-07-04 00:00:00","2012-07-15 00:00:00","2012-07-09 00:00:00","2012-07-15 00:00:00","3.5000","87.5000","87.5000","2012-07-14 22:00:00"
"17773","813","6","50","2012-07-04 00:00:00","2012-07-15 00:00:00","2012-07-09 00:00:00","2012-07-15 00:00:00","3.0000","36.7500","36.7500","2012-07-14 22:00:00"
"17774","816","6","50","2012-07-04 00:00:00","2012-07-15 00:00:00","2012-07-09 00:00:00","2012-07-15 00:00:00","3.0000","36.7500","36.7500","2012-07-14 22:00:00"
"17775","818","6","50","2012-07-04 00:00:00","2012-07-15 00:00:00","2012-07-09 00:00:00","2012-07-15 00:00:00","3.0000","36.7500","36.7500","2012-07-14 22:00:00"
"17776","820","6","50","2012-07-04 00:00:00","2012-07-15 00:00:00","2012-07-09 00:00:00","2012-07-15 00:00:00","3.0000","36.7500","36.7500","2012-07-14 22:00:00"
"17777","824","6","50","2012-07-04 00:00:00","2012-07-15 00:00:00","2012-07-09 00:00:00","2012-07-15 00:00:00","3.0000","36.7500","36.7500","2012-07-14 22:00:00"
"17778","826","6","50","2012-07-04 00:00:00","2012-07-15 00:00:00","2012-07-09 00:00:00","2012-07-15 00:00:00","3.0000","36.7500","36.7500","2012-07-14 22:00:00"
"17779","828","6","50","2012-07-04 00:00:00","2012-07-15 00:00:00","2012-07-09 00:00:00","2012-07-15 00:00:00","3.0000","36.7500","36.7500","2012-07-14 22:00:00"
"17781","894","6","50","2012-07-04 00:00:00","2012-07-15 00:00:00","2012-07-09 00:00:00","2012-07-15 00:00:00","3.0000","36.7500","36.7500","2012-07-14 22:00:00"
"17782","945","1","10","2012-07-04 00:00:00","2012-07-15 00:00:00","2012-07-09 00:00:00","2012-07-15 00:00:00","4.1000","92.2500","92.2500","2012-07-14 22:00:00"
"17782","945","6","50","2012-07-04 00:00:00","2012-07-15 00:00:00","2012-07-09 00:00:00","2012-07-15 00:00:00","3.0000","36.7500","36.7500","2012-07-14 22:00:00"
"17783","950","6","50","2012-07-04 00:00:00","2012-07-15 00:00:00","2012-07-09 00:00:00","2012-07-15 00:00:00","3.0000","36.7500","36.7500","2012-07-14 22:00:00"
"17784","994","6","50","2012-07-04 00:00:00","2012-07-15 00:00:00","2012-07-09 00:00:00","2012-07-15 00:00:00","3.0000","36.7500","36.7500","2012-07-14 22:00:00"
"17785","995","6","50","2012-07-04 00:00:00","2012-07-15 00:00:00","2012-07-09 00:00:00","2012-07-15 00:00:00","3.0000","36.7500","36.7500","2012-07-14 22:00:00"
"17786","996","6","50","2012-07-04 00:00:00","2012-07-15 00:00:00","2012-07-09 00:00:00","2012-07-15 00:00:00","3.0000","36.7500","36.7500","2012-07-14 22:00:00"
"17800","802","1","10","2012-07-04 00:00:00","2012-07-15 00:00:00","2012-07-09 00:00:00","2012-07-15 00:00:00","4.1000","92.2500","92.2500","2012-07-14 22:00:00"
"17800","802","6","50","2012-07-04 00:00:00","2012-07-15 00:00:00","2012-07-09 00:00:00","2012-07-15 00:00:00","3.0000","36.7500","36.7500","2012-07-14 22:00:00"
"17801","804","1","10","2012-07-04 00:00:00","2012-07-15 00:00:00","2012-07-09 00:00:00","2012-07-15 00:00:00","4.1000","92.2500","92.2500","2012-07-14 22:00:00"
"17801","804","6","50","2012-07-04 00:00:00","2012-07-15 00:00:00","2012-07-09 00:00:00","2012-07-15 00:00:00","3.0000","36.7500","36.7500","2012-07-14 22:00:00"
"17806","769","7","60","2012-07-05 00:00:00","2012-07-16 00:00:00","2012-07-05 00:00:00","2012-07-23 00:00:00","4.0000","49.0000","49.0000","2012-07-22 22:00:00"
"17807","790","7","60","2012-07-05 00:00:00","2012-07-16 00:00:00","2012-07-05 00:00:00","2012-07-23 00:00:00","4.0000","49.0000","49.0000","2012-07-22 22:00:00"
"17808","793","7","60","2012-07-05 00:00:00","2012-07-16 00:00:00","2012-07-05 00:00:00","2012-07-23 00:00:00","4.0000","49.0000","49.0000","2012-07-22 22:00:00"
"17809","795","7","60","2012-07-05 00:00:00","2012-07-16 00:00:00","2012-07-05 00:00:00","2012-07-23 00:00:00","4.0000","49.0000","49.0000","2012-07-22 22:00:00"
"17810","796","7","60","2012-07-05 00:00:00","2012-07-16 00:00:00","2012-07-05 00:00:00","2012-07-23 00:00:00","4.0000","49.0000","49.0000","2012-07-22 22:00:00"
"17811","517","6","50","2012-07-05 00:00:00","2012-07-16 00:00:00","2012-07-05 00:00:00","2012-07-23 00:00:00","3.0000","36.7500","36.7500","2012-07-22 22:00:00"
"17811","517","7","60","2012-07-05 00:00:00","2012-07-16 00:00:00","2012-07-05 00:00:00","2012-07-23 00:00:00","4.0000","49.0000","49.0000","2012-07-22 22:00:00"
"17812","519","6","50","2012-07-05 00:00:00","2012-07-16 00:00:00","2012-07-05 00:00:00","2012-07-23 00:00:00","3.0000","36.7500","36.7500","2012-07-22 22:00:00"
"17812","519","7","60","2012-07-05 00:00:00","2012-07-16 00:00:00","2012-07-05 00:00:00","2012-07-23 00:00:00","4.0000","49.0000","49.0000","2012-07-22 22:00:00"
"17816","806","6","50","2012-07-05 00:00:00","2012-07-16 00:00:00","2012-07-05 00:00:00","2012-07-23 00:00:00","3.0000","36.7500","36.7500","2012-07-22 22:00:00"
"17817","811","1","10","2012-07-05 00:00:00","2012-07-16 00:00:00","2012-07-05 00:00:00","2012-07-23 00:00:00","4.1000","92.2500","92.2500","2012-07-22 22:00:00"
"17817","811","2","20","2012-07-05 00:00:00","2012-07-16 00:00:00","2012-07-05 00:00:00","2012-07-23 00:00:00","3.5000","87.5000","87.5000","2012-07-22 22:00:00"
"17817","811","6","50","2012-07-05 00:00:00","2012-07-16 00:00:00","2012-07-05 00:00:00","2012-07-23 00:00:00","3.0000","36.7500","36.7500","2012-07-22 22:00:00"
"17818","813","1","10","2012-07-05 00:00:00","2012-07-16 00:00:00","2012-07-05 00:00:00","2012-07-23 00:00:00","4.1000","92.2500","92.2500","2012-07-22 22:00:00"
"17818","813","2","20","2012-07-05 00:00:00","2012-07-16 00:00:00","2012-07-05 00:00:00","2012-07-23 00:00:00","3.5000","87.5000","87.5000","2012-07-22 22:00:00"
"17818","813","6","50","2012-07-05 00:00:00","2012-07-16 00:00:00","2012-07-05 00:00:00","2012-07-23 00:00:00","3.0000","36.7500","36.7500","2012-07-22 22:00:00"
"17819","818","6","50","2012-07-05 00:00:00","2012-07-16 00:00:00","2012-07-05 00:00:00","2012-07-23 00:00:00","3.0000","36.7500","36.7500","2012-07-22 22:00:00"
"17820","820","6","50","2012-07-05 00:00:00","2012-07-16 00:00:00","2012-07-05 00:00:00","2012-07-23 00:00:00","3.0000","36.7500","36.7500","2012-07-22 22:00:00"
"17821","826","6","50","2012-07-05 00:00:00","2012-07-16 00:00:00","2012-07-05 00:00:00","2012-07-23 00:00:00","3.0000","36.7500","36.7500","2012-07-22 22:00:00"
"17822","828","6","50","2012-07-05 00:00:00","2012-07-16 00:00:00","2012-07-05 00:00:00","2012-07-23 00:00:00","3.0000","36.7500","36.7500","2012-07-22 22:00:00"
"17825","894","6","50","2012-07-05 00:00:00","2012-07-16 00:00:00","2012-07-05 00:00:00","2012-07-23 00:00:00","3.0000","36.7500","36.7500","2012-07-22 22:00:00"
"17826","945","1","10","2012-07-05 00:00:00","2012-07-16 00:00:00","2012-07-05 00:00:00","2012-07-23 00:00:00","4.1000","92.2500","92.2500","2012-07-22 22:00:00"
"17826","945","6","50","2012-07-05 00:00:00","2012-07-16 00:00:00","2012-07-05 00:00:00","2012-07-23 00:00:00","3.0000","36.7500","36.7500","2012-07-22 22:00:00"
"17827","950","6","50","2012-07-05 00:00:00","2012-07-16 00:00:00","2012-07-05 00:00:00","2012-07-23 00:00:00","3.0000","36.7500","36.7500","2012-07-22 22:00:00"
"17828","994","6","50","2012-07-05 00:00:00","2012-07-16 00:00:00","2012-07-05 00:00:00","2012-07-23 00:00:00","3.0000","36.7500","36.7500","2012-07-22 22:00:00"
"17829","996","6","50","2012-07-05 00:00:00","2012-07-16 00:00:00","2012-07-05 00:00:00","2012-07-23 00:00:00","3.0000","36.7500","36.7500","2012-07-22 22:00:00"
"17842","802","1","10","2012-07-05 00:00:00","2012-07-16 00:00:00","2012-07-05 00:00:00","2012-07-23 00:00:00","4.1000","92.2500","92.2500","2012-07-22 22:00:00"
"17842","802","6","50","2012-07-05 00:00:00","2012-07-16 00:00:00","2012-07-05 00:00:00","2012-07-23 00:00:00","3.0000","36.7500","36.7500","2012-07-22 22:00:00"
"17843","804","1","10","2012-07-05 00:00:00","2012-07-16 00:00:00","2012-07-05 00:00:00","2012-07-23 00:00:00","4.1000","92.2500","92.2500","2012-07-22 22:00:00"
"17843","804","6","50","2012-07-05 00:00:00","2012-07-16 00:00:00","2012-07-05 00:00:00","2012-07-23 00:00:00","3.0000","36.7500","36.7500","2012-07-22 22:00:00"
"17848","761","7","60","2012-07-06 00:00:00","2012-07-17 00:00:00","2012-07-13 00:00:00","2012-07-17 00:00:00","4.0000","49.0000","49.0000","2012-07-16 22:00:00"
"17849","780","7","60","2012-07-06 00:00:00","2012-07-17 00:00:00","2012-07-13 00:00:00","2012-07-17 00:00:00","4.0000","49.0000","49.0000","2012-07-16 22:00:00"
"17850","783","7","60","2012-07-06 00:00:00","2012-07-17 00:00:00","2012-07-13 00:00:00","2012-07-17 00:00:00","4.0000","49.0000","49.0000","2012-07-16 22:00:00"
"17851","790","7","60","2012-07-06 00:00:00","2012-07-17 00:00:00","2012-07-13 00:00:00","2012-07-17 00:00:00","4.0000","49.0000","49.0000","2012-07-16 22:00:00"
"17852","791","7","60","2012-07-06 00:00:00","2012-07-17 00:00:00","2012-07-13 00:00:00","2012-07-17 00:00:00","4.0000","49.0000","49.0000","2012-07-16 22:00:00"
"17853","795","7","60","2012-07-06 00:00:00","2012-07-17 00:00:00","2012-07-13 00:00:00","2012-07-17 00:00:00","4.0000","49.0000","49.0000","2012-07-16 22:00:00"
"17854","516","6","50","2012-07-06 00:00:00","2012-07-17 00:00:00","2012-07-13 00:00:00","2012-07-17 00:00:00","3.0000","36.7500","36.7500","2012-07-16 22:00:00"
"17854","516","7","60","2012-07-06 00:00:00","2012-07-17 00:00:00","2012-07-13 00:00:00","2012-07-17 00:00:00","4.0000","49.0000","49.0000","2012-07-16 22:00:00"
"17855","517","6","50","2012-07-06 00:00:00","2012-07-17 00:00:00","2012-07-13 00:00:00","2012-07-17 00:00:00","3.0000","36.7500","36.7500","2012-07-16 22:00:00"
"17855","517","7","60","2012-07-06 00:00:00","2012-07-17 00:00:00","2012-07-13 00:00:00","2012-07-17 00:00:00","4.0000","49.0000","49.0000","2012-07-16 22:00:00"
"17856","519","6","50","2012-07-06 00:00:00","2012-07-17 00:00:00","2012-07-13 00:00:00","2012-07-17 00:00:00","3.0000","36.7500","36.7500","2012-07-16 22:00:00"
"17856","519","7","60","2012-07-06 00:00:00","2012-07-17 00:00:00","2012-07-13 00:00:00","2012-07-17 00:00:00","4.0000","49.0000","49.0000","2012-07-16 22:00:00"
"17862","806","6","50","2012-07-06 00:00:00","2012-07-17 00:00:00","2012-07-13 00:00:00","2012-07-17 00:00:00","3.0000","36.7500","36.7500","2012-07-16 22:00:00"
"17863","810","1","10","2012-07-06 00:00:00","2012-07-17 00:00:00","2012-07-13 00:00:00","2012-07-17 00:00:00","4.1000","92.2500","92.2500","2012-07-16 22:00:00"
"17863","810","2","20","2012-07-06 00:00:00","2012-07-17 00:00:00","2012-07-13 00:00:00","2012-07-17 00:00:00","3.5000","87.5000","87.5000","2012-07-16 22:00:00"
"17863","810","6","50","2012-07-06 00:00:00","2012-07-17 00:00:00","2012-07-13 00:00:00","2012-07-17 00:00:00","3.0000","36.7500","36.7500","2012-07-16 22:00:00"
"17864","811","1","10","2012-07-06 00:00:00","2012-07-17 00:00:00","2012-07-13 00:00:00","2012-07-17 00:00:00","4.1000","92.2500","92.2500","2012-07-16 22:00:00"
"17864","811","2","20","2012-07-06 00:00:00","2012-07-17 00:00:00","2012-07-13 00:00:00","2012-07-17 00:00:00","3.5000","87.5000","87.5000","2012-07-16 22:00:00"
"17864","811","6","50","2012-07-06 00:00:00","2012-07-17 00:00:00","2012-07-13 00:00:00","2012-07-17 00:00:00","3.0000","36.7500","36.7500","2012-07-16 22:00:00"
"17865","813","1","10","2012-07-06 00:00:00","2012-07-17 00:00:00","2012-07-13 00:00:00","2012-07-17 00:00:00","4.1000","92.2500","92.2500","2012-07-16 22:00:00"
"17865","813","2","20","2012-07-06 00:00:00","2012-07-17 00:00:00","2012-07-13 00:00:00","2012-07-17 00:00:00","3.5000","87.5000","87.5000","2012-07-16 22:00:00"
"17865","813","6","50","2012-07-06 00:00:00","2012-07-17 00:00:00","2012-07-13 00:00:00","2012-07-17 00:00:00","3.0000","36.7500","36.7500","2012-07-16 22:00:00"
"17866","816","6","50","2012-07-06 00:00:00","2012-07-17 00:00:00","2012-07-13 00:00:00","2012-07-17 00:00:00","3.0000","36.7500","36.7500","2012-07-16 22:00:00"
"17867","818","6","50","2012-07-06 00:00:00","2012-07-17 00:00:00","2012-07-13 00:00:00","2012-07-17 00:00:00","3.0000","36.7500","36.7500","2012-07-16 22:00:00"
"17868","820","6","50","2012-07-06 00:00:00","2012-07-17 00:00:00","2012-07-13 00:00:00","2012-07-17 00:00:00","3.0000","36.7500","36.7500","2012-07-16 22:00:00"
"17869","824","6","50","2012-07-06 00:00:00","2012-07-17 00:00:00","2012-07-13 00:00:00","2012-07-17 00:00:00","3.0000","36.7500","36.7500","2012-07-16 22:00:00"
"17870","826","6","50","2012-07-06 00:00:00","2012-07-17 00:00:00","2012-07-13 00:00:00","2012-07-17 00:00:00","3.0000","36.7500","36.7500","2012-07-16 22:00:00"
"17871","828","6","50","2012-07-06 00:00:00","2012-07-17 00:00:00","2012-07-13 00:00:00","2012-07-17 00:00:00","3.0000","36.7500","36.7500","2012-07-16 22:00:00"
"17873","894","6","50","2012-07-06 00:00:00","2012-07-17 00:00:00","2012-07-13 00:00:00","2012-07-17 00:00:00","3.0000","36.7500","36.7500","2012-07-16 22:00:00"
"17874","945","1","10","2012-07-06 00:00:00","2012-07-17 00:00:00","2012-07-13 00:00:00","2012-07-17 00:00:00","4.1000","92.2500","92.2500","2012-07-16 22:00:00"
"17874","945","6","50","2012-07-06 00:00:00","2012-07-17 00:00:00","2012-07-13 00:00:00","2012-07-17 00:00:00","3.0000","36.7500","36.7500","2012-07-16 22:00:00"
"17875","950","6","50","2012-07-06 00:00:00","2012-07-17 00:00:00","2012-07-13 00:00:00","2012-07-17 00:00:00","3.0000","36.7500","36.7500","2012-07-16 22:00:00"
"17876","994","6","50","2012-07-06 00:00:00","2012-07-17 00:00:00","2012-07-13 00:00:00","2012-07-17 00:00:00","3.0000","36.7500","36.7500","2012-07-16 22:00:00"
"17877","995","6","50","2012-07-06 00:00:00","2012-07-17 00:00:00","2012-07-13 00:00:00","2012-07-17 00:00:00","3.0000","36.7500","36.7500","2012-07-16 22:00:00"
"17878","996","6","50","2012-07-06 00:00:00","2012-07-17 00:00:00","2012-07-13 00:00:00","2012-07-17 00:00:00","3.0000","36.7500","36.7500","2012-07-16 22:00:00"
"17892","802","1","10","2012-07-06 00:00:00","2012-07-17 00:00:00","2012-07-13 00:00:00","2012-07-17 00:00:00","4.1000","92.2500","92.2500","2012-07-16 22:00:00"
"17892","802","6","50","2012-07-06 00:00:00","2012-07-17 00:00:00","2012-07-13 00:00:00","2012-07-17 00:00:00","3.0000","36.7500","36.7500","2012-07-16 22:00:00"
"17893","804","1","10","2012-07-06 00:00:00","2012-07-17 00:00:00","2012-07-13 00:00:00","2012-07-17 00:00:00","4.1000","92.2500","92.2500","2012-07-16 22:00:00"
"17893","804","6","50","2012-07-06 00:00:00","2012-07-17 00:00:00","2012-07-13 00:00:00","2012-07-17 00:00:00","3.0000","36.7500","36.7500","2012-07-16 22:00:00"
"17898","783","7","60","2012-07-07 00:00:00","2012-07-18 00:00:00","2012-07-07 00:00:00","2012-07-27 00:00:00","4.0000","49.0000","49.0000","2012-07-26 22:00:00"
"17899","789","7","60","2012-07-07 00:00:00","2012-07-18 00:00:00","2012-07-07 00:00:00","2012-07-27 00:00:00","4.0000","49.0000","49.0000","2012-07-26 22:00:00"
"17900","790","7","60","2012-07-07 00:00:00","2012-07-18 00:00:00","2012-07-07 00:00:00","2012-07-27 00:00:00","4.0000","49.0000","49.0000","2012-07-26 22:00:00"
"17901","791","7","60","2012-07-07 00:00:00","2012-07-18 00:00:00","2012-07-07 00:00:00","2012-07-27 00:00:00","4.0000","49.0000","49.0000","2012-07-26 22:00:00"
"17902","792","7","60","2012-07-07 00:00:00","2012-07-18 00:00:00","2012-07-07 00:00:00","2012-07-27 00:00:00","4.0000","49.0000","49.0000","2012-07-26 22:00:00"
"17903","796","7","60","2012-07-07 00:00:00","2012-07-18 00:00:00","2012-07-07 00:00:00","2012-07-27 00:00:00","4.0000","49.0000","49.0000","2012-07-26 22:00:00"
"17904","516","6","50","2012-07-07 00:00:00","2012-07-18 00:00:00","2012-07-07 00:00:00","2012-07-27 00:00:00","3.0000","36.7500","36.7500","2012-07-26 22:00:00"
"17904","516","7","60","2012-07-07 00:00:00","2012-07-18 00:00:00","2012-07-07 00:00:00","2012-07-27 00:00:00","4.0000","49.0000","49.0000","2012-07-26 22:00:00"
"17905","519","6","50","2012-07-07 00:00:00","2012-07-18 00:00:00","2012-07-07 00:00:00","2012-07-27 00:00:00","3.0000","36.7500","36.7500","2012-07-26 22:00:00"
"17905","519","7","60","2012-07-07 00:00:00","2012-07-18 00:00:00","2012-07-07 00:00:00","2012-07-27 00:00:00","4.0000","49.0000","49.0000","2012-07-26 22:00:00"
"17912","806","6","50","2012-07-07 00:00:00","2012-07-18 00:00:00","2012-07-07 00:00:00","2012-07-27 00:00:00","3.0000","36.7500","36.7500","2012-07-26 22:00:00"
"17913","810","1","10","2012-07-07 00:00:00","2012-07-18 00:00:00","2012-07-07 00:00:00","2012-07-27 00:00:00","4.1000","92.2500","92.2500","2012-07-26 22:00:00"
"17913","810","2","20","2012-07-07 00:00:00","2012-07-18 00:00:00","2012-07-07 00:00:00","2012-07-27 00:00:00","3.5000","87.5000","87.5000","2012-07-26 22:00:00"
"17913","810","6","50","2012-07-07 00:00:00","2012-07-18 00:00:00","2012-07-07 00:00:00","2012-07-27 00:00:00","3.0000","36.7500","36.7500","2012-07-26 22:00:00"
"17914","813","1","10","2012-07-07 00:00:00","2012-07-18 00:00:00","2012-07-07 00:00:00","2012-07-27 00:00:00","4.1000","92.2500","92.2500","2012-07-26 22:00:00"
"17914","813","2","20","2012-07-07 00:00:00","2012-07-18 00:00:00","2012-07-07 00:00:00","2012-07-27 00:00:00","3.5000","87.5000","87.5000","2012-07-26 22:00:00"
"17914","813","6","50","2012-07-07 00:00:00","2012-07-18 00:00:00","2012-07-07 00:00:00","2012-07-27 00:00:00","3.0000","36.7500","36.7500","2012-07-26 22:00:00"
"17915","816","6","50","2012-07-07 00:00:00","2012-07-18 00:00:00","2012-07-07 00:00:00","2012-07-27 00:00:00","3.0000","36.7500","36.7500","2012-07-26 22:00:00"
"17916","820","6","50","2012-07-07 00:00:00","2012-07-18 00:00:00","2012-07-07 00:00:00","2012-07-27 00:00:00","3.0000","36.7500","36.7500","2012-07-26 22:00:00"
"17917","824","6","50","2012-07-07 00:00:00","2012-07-18 00:00:00","2012-07-07 00:00:00","2012-07-27 00:00:00","3.0000","36.7500","36.7500","2012-07-26 22:00:00"
"17918","828","6","50","2012-07-07 00:00:00","2012-07-18 00:00:00","2012-07-07 00:00:00","2012-07-27 00:00:00","3.0000","36.7500","36.7500","2012-07-26 22:00:00"
"17919","894","6","50","2012-07-07 00:00:00","2012-07-18 00:00:00","2012-07-07 00:00:00","2012-07-27 00:00:00","3.0000","36.7500","36.7500","2012-07-26 22:00:00"
"17920","945","1","10","2012-07-07 00:00:00","2012-07-18 00:00:00","2012-07-07 00:00:00","2012-07-27 00:00:00","4.1000","92.2500","92.2500","2012-07-26 22:00:00"
"17920","945","6","50","2012-07-07 00:00:00","2012-07-18 00:00:00","2012-07-07 00:00:00","2012-07-27 00:00:00","3.0000","36.7500","36.7500","2012-07-26 22:00:00"
"17921","950","6","50","2012-07-07 00:00:00","2012-07-18 00:00:00","2012-07-07 00:00:00","2012-07-27 00:00:00","3.0000","36.7500","36.7500","2012-07-26 22:00:00"
"17922","995","6","50","2012-07-07 00:00:00","2012-07-18 00:00:00","2012-07-07 00:00:00","2012-07-27 00:00:00","3.0000","36.7500","36.7500","2012-07-26 22:00:00"
"17923","996","6","50","2012-07-07 00:00:00","2012-07-18 00:00:00","2012-07-07 00:00:00","2012-07-27 00:00:00","3.0000","36.7500","36.7500","2012-07-26 22:00:00"
"17936","804","1","10","2012-07-07 00:00:00","2012-07-18 00:00:00","2012-07-07 00:00:00","2012-07-27 00:00:00","4.1000","92.2500","92.2500","2012-07-26 22:00:00"
"17936","804","6","50","2012-07-07 00:00:00","2012-07-18 00:00:00","2012-07-07 00:00:00","2012-07-27 00:00:00","3.0000","36.7500","36.7500","2012-07-26 22:00:00"
"17941","770","7","60","2012-07-08 00:00:00","2012-07-19 00:00:00","2012-07-17 00:00:00","2012-07-19 00:00:00","4.0000","49.0000","49.0000","2012-07-18 22:00:00"
"17942","779","7","60","2012-07-08 00:00:00","2012-07-19 00:00:00","2012-07-17 00:00:00","2012-07-19 00:00:00","4.0000","49.0000","49.0000","2012-07-18 22:00:00"
"17943","780","7","60","2012-07-08 00:00:00","2012-07-19 00:00:00","2012-07-17 00:00:00","2012-07-19 00:00:00","4.0000","49.0000","49.0000","2012-07-18 22:00:00"
"17944","781","7","60","2012-07-08 00:00:00","2012-07-19 00:00:00","2012-07-17 00:00:00","2012-07-19 00:00:00","4.0000","49.0000","49.0000","2012-07-18 22:00:00"
"17945","784","7","60","2012-07-08 00:00:00","2012-07-19 00:00:00","2012-07-17 00:00:00","2012-07-19 00:00:00","4.0000","49.0000","49.0000","2012-07-18 22:00:00"
"17946","790","7","60","2012-07-08 00:00:00","2012-07-19 00:00:00","2012-07-17 00:00:00","2012-07-19 00:00:00","4.0000","49.0000","49.0000","2012-07-18 22:00:00"
"17947","791","7","60","2012-07-08 00:00:00","2012-07-19 00:00:00","2012-07-17 00:00:00","2012-07-19 00:00:00","4.0000","49.0000","49.0000","2012-07-18 22:00:00"
"17948","793","7","60","2012-07-08 00:00:00","2012-07-19 00:00:00","2012-07-17 00:00:00","2012-07-19 00:00:00","4.0000","49.0000","49.0000","2012-07-18 22:00:00"
"17949","794","7","60","2012-07-08 00:00:00","2012-07-19 00:00:00","2012-07-17 00:00:00","2012-07-19 00:00:00","4.0000","49.0000","49.0000","2012-07-18 22:00:00"
"17950","800","7","60","2012-07-08 00:00:00","2012-07-19 00:00:00","2012-07-17 00:00:00","2012-07-19 00:00:00","4.0000","49.0000","49.0000","2012-07-18 22:00:00"
"17951","516","6","50","2012-07-08 00:00:00","2012-07-19 00:00:00","2012-07-17 00:00:00","2012-07-19 00:00:00","3.0000","36.7500","36.7500","2012-07-18 22:00:00"
"17951","516","7","60","2012-07-08 00:00:00","2012-07-19 00:00:00","2012-07-17 00:00:00","2012-07-19 00:00:00","4.0000","49.0000","49.0000","2012-07-18 22:00:00"
"17952","517","6","50","2012-07-08 00:00:00","2012-07-19 00:00:00","2012-07-17 00:00:00","2012-07-19 00:00:00","3.0000","36.7500","36.7500","2012-07-18 22:00:00"
"17952","517","7","60","2012-07-08 00:00:00","2012-07-19 00:00:00","2012-07-17 00:00:00","2012-07-19 00:00:00","4.0000","49.0000","49.0000","2012-07-18 22:00:00"
"17953","518","6","50","2012-07-08 00:00:00","2012-07-19 00:00:00","2012-07-17 00:00:00","2012-07-19 00:00:00","3.0000","36.7500","36.7500","2012-07-18 22:00:00"
"17953","518","7","60","2012-07-08 00:00:00","2012-07-19 00:00:00","2012-07-17 00:00:00","2012-07-19 00:00:00","4.0000","49.0000","49.0000","2012-07-18 22:00:00"
"17954","519","6","50","2012-07-08 00:00:00","2012-07-19 00:00:00","2012-07-17 00:00:00","2012-07-19 00:00:00","3.0000","36.7500","36.7500","2012-07-18 22:00:00"
"17954","519","7","60","2012-07-08 00:00:00","2012-07-19 00:00:00","2012-07-17 00:00:00","2012-07-19 00:00:00","4.0000","49.0000","49.0000","2012-07-18 22:00:00"
"17961","748","1","10","2012-07-08 00:00:00","2012-07-19 00:00:00","2012-07-17 00:00:00","2012-07-19 00:00:00","4.1000","92.2500","92.2500","2012-07-18 22:00:00"
"17961","748","2","20","2012-07-08 00:00:00","2012-07-19 00:00:00","2012-07-17 00:00:00","2012-07-19 00:00:00","3.5000","87.5000","87.5000","2012-07-18 22:00:00"
"17961","748","3","30","2012-07-08 00:00:00","2012-07-19 00:00:00","2012-07-17 00:00:00","2012-07-19 00:00:00","1.0000","14.5000","14.5000","2012-07-18 22:00:00"
"17961","748","5","45","2012-07-08 00:00:00","2012-07-19 00:00:00","2012-07-17 00:00:00","2012-07-19 00:00:00","2.0000","36.0000","36.0000","2012-07-18 22:00:00"
"17961","748","6","50","2012-07-08 00:00:00","2012-07-19 00:00:00","2012-07-17 00:00:00","2012-07-19 00:00:00","3.0000","36.7500","36.7500","2012-07-18 22:00:00"
"17961","748","7","60","2012-07-08 00:00:00","2012-07-19 00:00:00","2012-07-17 00:00:00","2012-07-19 00:00:00","4.0000","49.0000","49.0000","2012-07-18 22:00:00"
"17962","806","6","50","2012-07-08 00:00:00","2012-07-19 00:00:00","2012-07-17 00:00:00","2012-07-19 00:00:00","3.0000","36.7500","36.7500","2012-07-18 22:00:00"
"17963","810","1","10","2012-07-08 00:00:00","2012-07-19 00:00:00","2012-07-17 00:00:00","2012-07-19 00:00:00","4.1000","92.2500","92.2500","2012-07-18 22:00:00"
"17963","810","2","20","2012-07-08 00:00:00","2012-07-19 00:00:00","2012-07-17 00:00:00","2012-07-19 00:00:00","3.5000","87.5000","87.5000","2012-07-18 22:00:00"
"17963","810","6","50","2012-07-08 00:00:00","2012-07-19 00:00:00","2012-07-17 00:00:00","2012-07-19 00:00:00","3.0000","36.7500","36.7500","2012-07-18 22:00:00"
"17964","811","1","10","2012-07-08 00:00:00","2012-07-19 00:00:00","2012-07-17 00:00:00","2012-07-19 00:00:00","4.1000","92.2500","92.2500","2012-07-18 22:00:00"
"17964","811","2","20","2012-07-08 00:00:00","2012-07-19 00:00:00","2012-07-17 00:00:00","2012-07-19 00:00:00","3.5000","87.5000","87.5000","2012-07-18 22:00:00"
"17964","811","6","50","2012-07-08 00:00:00","2012-07-19 00:00:00","2012-07-17 00:00:00","2012-07-19 00:00:00","3.0000","36.7500","36.7500","2012-07-18 22:00:00"
"17965","812","1","10","2012-07-08 00:00:00","2012-07-19 00:00:00","2012-07-17 00:00:00","2012-07-19 00:00:00","4.1000","92.2500","92.2500","2012-07-18 22:00:00"
"17965","812","2","20","2012-07-08 00:00:00","2012-07-19 00:00:00","2012-07-17 00:00:00","2012-07-19 00:00:00","3.5000","87.5000","87.5000","2012-07-18 22:00:00"
"17965","812","6","50","2012-07-08 00:00:00","2012-07-19 00:00:00","2012-07-17 00:00:00","2012-07-19 00:00:00","3.0000","36.7500","36.7500","2012-07-18 22:00:00"
"17966","813","1","10","2012-07-08 00:00:00","2012-07-19 00:00:00","2012-07-17 00:00:00","2012-07-19 00:00:00","4.1000","92.2500","92.2500","2012-07-18 22:00:00"
"17966","813","2","20","2012-07-08 00:00:00","2012-07-19 00:00:00","2012-07-17 00:00:00","2012-07-19 00:00:00","3.5000","87.5000","87.5000","2012-07-18 22:00:00"
"17966","813","6","50","2012-07-08 00:00:00","2012-07-19 00:00:00","2012-07-17 00:00:00","2012-07-19 00:00:00","3.0000","36.7500","36.7500","2012-07-18 22:00:00"
"17967","816","6","50","2012-07-08 00:00:00","2012-07-19 00:00:00","2012-07-17 00:00:00","2012-07-19 00:00:00","3.0000","36.7500","36.7500","2012-07-18 22:00:00"
"17968","818","6","50","2012-07-08 00:00:00","2012-07-19 00:00:00","2012-07-17 00:00:00","2012-07-19 00:00:00","3.0000","36.7500","36.7500","2012-07-18 22:00:00"
"17969","819","6","50","2012-07-08 00:00:00","2012-07-19 00:00:00","2012-07-17 00:00:00","2012-07-19 00:00:00","3.0000","36.7500","36.7500","2012-07-18 22:00:00"
"17970","820","6","50","2012-07-08 00:00:00","2012-07-19 00:00:00","2012-07-17 00:00:00","2012-07-19 00:00:00","3.0000","36.7500","36.7500","2012-07-18 22:00:00"
"17971","824","6","50","2012-07-08 00:00:00","2012-07-19 00:00:00","2012-07-17 00:00:00","2012-07-19 00:00:00","3.0000","36.7500","36.7500","2012-07-18 22:00:00"
"17972","826","6","50","2012-07-08 00:00:00","2012-07-19 00:00:00","2012-07-17 00:00:00","2012-07-19 00:00:00","3.0000","36.7500","36.7500","2012-07-18 22:00:00"
"17973","827","6","50","2012-07-08 00:00:00","2012-07-19 00:00:00","2012-07-17 00:00:00","2012-07-19 00:00:00","3.0000","36.7500","36.7500","2012-07-18 22:00:00"
"17974","828","6","50","2012-07-08 00:00:00","2012-07-19 00:00:00","2012-07-17 00:00:00","2012-07-19 00:00:00","3.0000","36.7500","36.7500","2012-07-18 22:00:00"
"17978","894","6","50","2012-07-08 00:00:00","2012-07-19 00:00:00","2012-07-17 00:00:00","2012-07-19 00:00:00","3.0000","36.7500","36.7500","2012-07-18 22:00:00"
"17979","945","1","10","2012-07-08 00:00:00","2012-07-19 00:00:00","2012-07-17 00:00:00","2012-07-19 00:00:00","4.1000","92.2500","92.2500","2012-07-18 22:00:00"
"17979","945","6","50","2012-07-08 00:00:00","2012-07-19 00:00:00","2012-07-17 00:00:00","2012-07-19 00:00:00","3.0000","36.7500","36.7500","2012-07-18 22:00:00"
"17980","950","6","50","2012-07-08 00:00:00","2012-07-19 00:00:00","2012-07-17 00:00:00","2012-07-19 00:00:00","3.0000","36.7500","36.7500","2012-07-18 22:00:00"
"17981","994","6","50","2012-07-08 00:00:00","2012-07-19 00:00:00","2012-07-17 00:00:00","2012-07-19 00:00:00","3.0000","36.7500","36.7500","2012-07-18 22:00:00"
"17982","995","6","50","2012-07-08 00:00:00","2012-07-19 00:00:00","2012-07-17 00:00:00","2012-07-19 00:00:00","3.0000","36.7500","36.7500","2012-07-18 22:00:00"
"17983","996","6","50","2012-07-08 00:00:00","2012-07-19 00:00:00","2012-07-17 00:00:00","2012-07-19 00:00:00","3.0000","36.7500","36.7500","2012-07-18 22:00:00"
"17997","802","1","10","2012-07-08 00:00:00","2012-07-19 00:00:00","2012-07-17 00:00:00","2012-07-19 00:00:00","4.1000","92.2500","92.2500","2012-07-18 22:00:00"
"17997","802","6","50","2012-07-08 00:00:00","2012-07-19 00:00:00","2012-07-17 00:00:00","2012-07-19 00:00:00","3.0000","36.7500","36.7500","2012-07-18 22:00:00"
"17998","803","1","10","2012-07-08 00:00:00","2012-07-19 00:00:00","2012-07-17 00:00:00","2012-07-19 00:00:00","4.1000","92.2500","92.2500","2012-07-18 22:00:00"
"17998","803","6","50","2012-07-08 00:00:00","2012-07-19 00:00:00","2012-07-17 00:00:00","2012-07-19 00:00:00","3.0000","36.7500","36.7500","2012-07-18 22:00:00"
"17999","804","1","10","2012-07-08 00:00:00","2012-07-19 00:00:00","2012-07-17 00:00:00","2012-07-19 00:00:00","4.1000","92.2500","92.2500","2012-07-18 22:00:00"
"17999","804","6","50","2012-07-08 00:00:00","2012-07-19 00:00:00","2012-07-17 00:00:00","2012-07-19 00:00:00","3.0000","36.7500","36.7500","2012-07-18 22:00:00"
"18004","779","7","60","2012-07-09 00:00:00","2012-07-20 00:00:00","2012-07-09 00:00:00","2012-07-31 00:00:00","4.0000","49.0000","49.0000","2012-07-30 22:00:00"
"18005","789","7","60","2012-07-09 00:00:00","2012-07-20 00:00:00","2012-07-09 00:00:00","2012-07-31 00:00:00","4.0000","49.0000","49.0000","2012-07-30 22:00:00"
"18006","792","7","60","2012-07-09 00:00:00","2012-07-20 00:00:00","2012-07-09 00:00:00","2012-07-31 00:00:00","4.0000","49.0000","49.0000","2012-07-30 22:00:00"
"18007","794","7","60","2012-07-09 00:00:00","2012-07-20 00:00:00","2012-07-09 00:00:00","2012-07-31 00:00:00","4.0000","49.0000","49.0000","2012-07-30 22:00:00"
"18008","797","7","60","2012-07-09 00:00:00","2012-07-20 00:00:00","2012-07-09 00:00:00","2012-07-31 00:00:00","4.0000","49.0000","49.0000","2012-07-30 22:00:00"
"18009","516","6","50","2012-07-09 00:00:00","2012-07-20 00:00:00","2012-07-09 00:00:00","2012-07-31 00:00:00","3.0000","36.7500","36.7500","2012-07-30 22:00:00"
"18009","516","7","60","2012-07-09 00:00:00","2012-07-20 00:00:00","2012-07-09 00:00:00","2012-07-31 00:00:00","4.0000","49.0000","49.0000","2012-07-30 22:00:00"
"18010","518","6","50","2012-07-09 00:00:00","2012-07-20 00:00:00","2012-07-09 00:00:00","2012-07-31 00:00:00","3.0000","36.7500","36.7500","2012-07-30 22:00:00"
"18010","518","7","60","2012-07-09 00:00:00","2012-07-20 00:00:00","2012-07-09 00:00:00","2012-07-31 00:00:00","4.0000","49.0000","49.0000","2012-07-30 22:00:00"
"18011","519","6","50","2012-07-09 00:00:00","2012-07-20 00:00:00","2012-07-09 00:00:00","2012-07-31 00:00:00","3.0000","36.7500","36.7500","2012-07-30 22:00:00"
"18011","519","7","60","2012-07-09 00:00:00","2012-07-20 00:00:00","2012-07-09 00:00:00","2012-07-31 00:00:00","4.0000","49.0000","49.0000","2012-07-30 22:00:00"
"18014","748","1","10","2012-07-09 00:00:00","2012-07-20 00:00:00","2012-07-09 00:00:00","2012-07-31 00:00:00","4.1000","92.2500","92.2500","2012-07-30 22:00:00"
"18014","748","2","20","2012-07-09 00:00:00","2012-07-20 00:00:00","2012-07-09 00:00:00","2012-07-31 00:00:00","3.5000","87.5000","87.5000","2012-07-30 22:00:00"
"18014","748","3","30","2012-07-09 00:00:00","2012-07-20 00:00:00","2012-07-09 00:00:00","2012-07-31 00:00:00","1.0000","14.5000","14.5000","2012-07-30 22:00:00"
"18014","748","5","45","2012-07-09 00:00:00","2012-07-20 00:00:00","2012-07-09 00:00:00","2012-07-31 00:00:00","2.0000","36.0000","36.0000","2012-07-30 22:00:00"
"18014","748","6","50","2012-07-09 00:00:00","2012-07-20 00:00:00","2012-07-09 00:00:00","2012-07-31 00:00:00","3.0000","36.7500","36.7500","2012-07-30 22:00:00"
"18014","748","7","60","2012-07-09 00:00:00","2012-07-20 00:00:00","2012-07-09 00:00:00","2012-07-31 00:00:00","4.0000","49.0000","49.0000","2012-07-30 22:00:00"
"18015","806","6","50","2012-07-09 00:00:00","2012-07-20 00:00:00","2012-07-09 00:00:00","2012-07-31 00:00:00","3.0000","36.7500","36.7500","2012-07-30 22:00:00"
"18016","810","1","10","2012-07-09 00:00:00","2012-07-20 00:00:00","2012-07-09 00:00:00","2012-07-31 00:00:00","4.1000","92.2500","92.2500","2012-07-30 22:00:00"
"18016","810","2","20","2012-07-09 00:00:00","2012-07-20 00:00:00","2012-07-09 00:00:00","2012-07-31 00:00:00","3.5000","87.5000","87.5000","2012-07-30 22:00:00"
"18016","810","6","50","2012-07-09 00:00:00","2012-07-20 00:00:00","2012-07-09 00:00:00","2012-07-31 00:00:00","3.0000","36.7500","36.7500","2012-07-30 22:00:00"
"18017","812","1","10","2012-07-09 00:00:00","2012-07-20 00:00:00","2012-07-09 00:00:00","2012-07-31 00:00:00","4.1000","92.2500","92.2500","2012-07-30 22:00:00"
"18017","812","2","20","2012-07-09 00:00:00","2012-07-20 00:00:00","2012-07-09 00:00:00","2012-07-31 00:00:00","3.5000","87.5000","87.5000","2012-07-30 22:00:00"
"18017","812","6","50","2012-07-09 00:00:00","2012-07-20 00:00:00","2012-07-09 00:00:00","2012-07-31 00:00:00","3.0000","36.7500","36.7500","2012-07-30 22:00:00"
"18018","813","1","10","2012-07-09 00:00:00","2012-07-20 00:00:00","2012-07-09 00:00:00","2012-07-31 00:00:00","4.1000","92.2500","92.2500","2012-07-30 22:00:00"
"18018","813","2","20","2012-07-09 00:00:00","2012-07-20 00:00:00","2012-07-09 00:00:00","2012-07-31 00:00:00","3.5000","87.5000","87.5000","2012-07-30 22:00:00"
"18018","813","6","50","2012-07-09 00:00:00","2012-07-20 00:00:00","2012-07-09 00:00:00","2012-07-31 00:00:00","3.0000","36.7500","36.7500","2012-07-30 22:00:00"
"18019","816","6","50","2012-07-09 00:00:00","2012-07-20 00:00:00","2012-07-09 00:00:00","2012-07-31 00:00:00","3.0000","36.7500","36.7500","2012-07-30 22:00:00"
"18020","819","6","50","2012-07-09 00:00:00","2012-07-20 00:00:00","2012-07-09 00:00:00","2012-07-31 00:00:00","3.0000","36.7500","36.7500","2012-07-30 22:00:00"
"18021","820","6","50","2012-07-09 00:00:00","2012-07-20 00:00:00","2012-07-09 00:00:00","2012-07-31 00:00:00","3.0000","36.7500","36.7500","2012-07-30 22:00:00"
"18022","822","1","10","2012-07-09 00:00:00","2012-07-20 00:00:00","2012-07-09 00:00:00","2012-07-31 00:00:00","4.1000","92.2500","92.2500","2012-07-30 22:00:00"
"18022","822","2","20","2012-07-09 00:00:00","2012-07-20 00:00:00","2012-07-09 00:00:00","2012-07-31 00:00:00","3.5000","87.5000","87.5000","2012-07-30 22:00:00"
"18022","822","3","30","2012-07-09 00:00:00","2012-07-20 00:00:00","2012-07-09 00:00:00","2012-07-31 00:00:00","1.0000","14.5000","14.5000","2012-07-30 22:00:00"
"18022","822","4","40","2012-07-09 00:00:00","2012-07-20 00:00:00","2012-07-09 00:00:00","2012-07-31 00:00:00","2.0000","31.5000","31.5000","2012-07-30 22:00:00"
"18022","822","6","50","2012-07-09 00:00:00","2012-07-20 00:00:00","2012-07-09 00:00:00","2012-07-31 00:00:00","3.0000","36.7500","36.7500","2012-07-30 22:00:00"
"18022","822","7","60","2012-07-09 00:00:00","2012-07-20 00:00:00","2012-07-09 00:00:00","2012-07-31 00:00:00","4.0000","49.0000","49.0000","2012-07-30 22:00:00"
"18023","824","6","50","2012-07-09 00:00:00","2012-07-20 00:00:00","2012-07-09 00:00:00","2012-07-31 00:00:00","3.0000","36.7500","36.7500","2012-07-30 22:00:00"
"18024","827","6","50","2012-07-09 00:00:00","2012-07-20 00:00:00","2012-07-09 00:00:00","2012-07-31 00:00:00","3.0000","36.7500","36.7500","2012-07-30 22:00:00"
"18025","828","6","50","2012-07-09 00:00:00","2012-07-20 00:00:00","2012-07-09 00:00:00","2012-07-31 00:00:00","3.0000","36.7500","36.7500","2012-07-30 22:00:00"
"18027","894","6","50","2012-07-09 00:00:00","2012-07-20 00:00:00","2012-07-09 00:00:00","2012-07-31 00:00:00","3.0000","36.7500","36.7500","2012-07-30 22:00:00"
"18028","945","1","10","2012-07-09 00:00:00","2012-07-20 00:00:00","2012-07-09 00:00:00","2012-07-31 00:00:00","4.1000","92.2500","92.2500","2012-07-30 22:00:00"
"18028","945","6","50","2012-07-09 00:00:00","2012-07-20 00:00:00","2012-07-09 00:00:00","2012-07-31 00:00:00","3.0000","36.7500","36.7500","2012-07-30 22:00:00"
"18029","950","6","50","2012-07-09 00:00:00","2012-07-20 00:00:00","2012-07-09 00:00:00","2012-07-31 00:00:00","3.0000","36.7500","36.7500","2012-07-30 22:00:00"
"18030","994","6","50","2012-07-09 00:00:00","2012-07-20 00:00:00","2012-07-09 00:00:00","2012-07-31 00:00:00","3.0000","36.7500","36.7500","2012-07-30 22:00:00"
"18031","995","6","50","2012-07-09 00:00:00","2012-07-20 00:00:00","2012-07-09 00:00:00","2012-07-31 00:00:00","3.0000","36.7500","36.7500","2012-07-30 22:00:00"
"18032","996","6","50","2012-07-09 00:00:00","2012-07-20 00:00:00","2012-07-09 00:00:00","2012-07-31 00:00:00","3.0000","36.7500","36.7500","2012-07-30 22:00:00"
"18045","803","1","10","2012-07-09 00:00:00","2012-07-20 00:00:00","2012-07-09 00:00:00","2012-07-31 00:00:00","4.1000","92.2500","92.2500","2012-07-30 22:00:00"
"18045","803","6","50","2012-07-09 00:00:00","2012-07-20 00:00:00","2012-07-09 00:00:00","2012-07-31 00:00:00","3.0000","36.7500","36.7500","2012-07-30 22:00:00"
"18046","804","1","10","2012-07-09 00:00:00","2012-07-20 00:00:00","2012-07-09 00:00:00","2012-07-31 00:00:00","4.1000","92.2500","92.2500","2012-07-30 22:00:00"
"18046","804","6","50","2012-07-09 00:00:00","2012-07-20 00:00:00","2012-07-09 00:00:00","2012-07-31 00:00:00","3.0000","36.7500","36.7500","2012-07-30 22:00:00"
"18051","770","7","60","2012-07-10 00:00:00","2012-07-21 00:00:00","2012-07-11 00:00:00","2012-07-21 00:00:00","4.0000","49.0000","49.0000","2012-07-20 22:00:00"
"18052","780","7","60","2012-07-10 00:00:00","2012-07-21 00:00:00","2012-07-11 00:00:00","2012-07-21 00:00:00","4.0000","49.0000","49.0000","2012-07-20 22:00:00"
"18053","792","7","60","2012-07-10 00:00:00","2012-07-21 00:00:00","2012-07-11 00:00:00","2012-07-21 00:00:00","4.0000","49.0000","49.0000","2012-07-20 22:00:00"
"18054","794","7","60","2012-07-10 00:00:00","2012-07-21 00:00:00","2012-07-11 00:00:00","2012-07-21 00:00:00","4.0000","49.0000","49.0000","2012-07-20 22:00:00"
"18055","796","7","60","2012-07-10 00:00:00","2012-07-21 00:00:00","2012-07-11 00:00:00","2012-07-21 00:00:00","4.0000","49.0000","49.0000","2012-07-20 22:00:00"
"18056","516","6","50","2012-07-10 00:00:00","2012-07-21 00:00:00","2012-07-11 00:00:00","2012-07-21 00:00:00","3.0000","36.7500","36.7500","2012-07-20 22:00:00"
"18056","516","7","60","2012-07-10 00:00:00","2012-07-21 00:00:00","2012-07-11 00:00:00","2012-07-21 00:00:00","4.0000","49.0000","49.0000","2012-07-20 22:00:00"
"18057","517","6","50","2012-07-10 00:00:00","2012-07-21 00:00:00","2012-07-11 00:00:00","2012-07-21 00:00:00","3.0000","36.7500","36.7500","2012-07-20 22:00:00"
"18057","517","7","60","2012-07-10 00:00:00","2012-07-21 00:00:00","2012-07-11 00:00:00","2012-07-21 00:00:00","4.0000","49.0000","49.0000","2012-07-20 22:00:00"
"18058","519","6","50","2012-07-10 00:00:00","2012-07-21 00:00:00","2012-07-11 00:00:00","2012-07-21 00:00:00","3.0000","36.7500","36.7500","2012-07-20 22:00:00"
"18058","519","7","60","2012-07-10 00:00:00","2012-07-21 00:00:00","2012-07-11 00:00:00","2012-07-21 00:00:00","4.0000","49.0000","49.0000","2012-07-20 22:00:00"
"18063","806","6","50","2012-07-10 00:00:00","2012-07-21 00:00:00","2012-07-11 00:00:00","2012-07-21 00:00:00","3.0000","36.7500","36.7500","2012-07-20 22:00:00"
"18064","810","1","10","2012-07-10 00:00:00","2012-07-21 00:00:00","2012-07-11 00:00:00","2012-07-21 00:00:00","4.1000","92.2500","92.2500","2012-07-20 22:00:00"
"18064","810","2","20","2012-07-10 00:00:00","2012-07-21 00:00:00","2012-07-11 00:00:00","2012-07-21 00:00:00","3.5000","87.5000","87.5000","2012-07-20 22:00:00"
"18064","810","6","50","2012-07-10 00:00:00","2012-07-21 00:00:00","2012-07-11 00:00:00","2012-07-21 00:00:00","3.0000","36.7500","36.7500","2012-07-20 22:00:00"
"18065","811","1","10","2012-07-10 00:00:00","2012-07-21 00:00:00","2012-07-11 00:00:00","2012-07-21 00:00:00","4.1000","92.2500","92.2500","2012-07-20 22:00:00"
"18065","811","2","20","2012-07-10 00:00:00","2012-07-21 00:00:00","2012-07-11 00:00:00","2012-07-21 00:00:00","3.5000","87.5000","87.5000","2012-07-20 22:00:00"
"18065","811","6","50","2012-07-10 00:00:00","2012-07-21 00:00:00","2012-07-11 00:00:00","2012-07-21 00:00:00","3.0000","36.7500","36.7500","2012-07-20 22:00:00"
"18066","813","1","10","2012-07-10 00:00:00","2012-07-21 00:00:00","2012-07-11 00:00:00","2012-07-21 00:00:00","4.1000","92.2500","92.2500","2012-07-20 22:00:00"
"18066","813","2","20","2012-07-10 00:00:00","2012-07-21 00:00:00","2012-07-11 00:00:00","2012-07-21 00:00:00","3.5000","87.5000","87.5000","2012-07-20 22:00:00"
"18066","813","6","50","2012-07-10 00:00:00","2012-07-21 00:00:00","2012-07-11 00:00:00","2012-07-21 00:00:00","3.0000","36.7500","36.7500","2012-07-20 22:00:00"
"18067","816","6","50","2012-07-10 00:00:00","2012-07-21 00:00:00","2012-07-11 00:00:00","2012-07-21 00:00:00","3.0000","36.7500","36.7500","2012-07-20 22:00:00"
"18068","818","6","50","2012-07-10 00:00:00","2012-07-21 00:00:00","2012-07-11 00:00:00","2012-07-21 00:00:00","3.0000","36.7500","36.7500","2012-07-20 22:00:00"
"18069","820","6","50","2012-07-10 00:00:00","2012-07-21 00:00:00","2012-07-11 00:00:00","2012-07-21 00:00:00","3.0000","36.7500","36.7500","2012-07-20 22:00:00"
"18070","824","6","50","2012-07-10 00:00:00","2012-07-21 00:00:00","2012-07-11 00:00:00","2012-07-21 00:00:00","3.0000","36.7500","36.7500","2012-07-20 22:00:00"
"18071","826","6","50","2012-07-10 00:00:00","2012-07-21 00:00:00","2012-07-11 00:00:00","2012-07-21 00:00:00","3.0000","36.7500","36.7500","2012-07-20 22:00:00"
"18072","828","6","50","2012-07-10 00:00:00","2012-07-21 00:00:00","2012-07-11 00:00:00","2012-07-21 00:00:00","3.0000","36.7500","36.7500","2012-07-20 22:00:00"
"18074","894","6","50","2012-07-10 00:00:00","2012-07-21 00:00:00","2012-07-11 00:00:00","2012-07-21 00:00:00","3.0000","36.7500","36.7500","2012-07-20 22:00:00"
"18075","945","1","10","2012-07-10 00:00:00","2012-07-21 00:00:00","2012-07-11 00:00:00","2012-07-21 00:00:00","4.1000","92.2500","92.2500","2012-07-20 22:00:00"
"18075","945","6","50","2012-07-10 00:00:00","2012-07-21 00:00:00","2012-07-11 00:00:00","2012-07-21 00:00:00","3.0000","36.7500","36.7500","2012-07-20 22:00:00"
"18076","950","6","50","2012-07-10 00:00:00","2012-07-21 00:00:00","2012-07-11 00:00:00","2012-07-21 00:00:00","3.0000","36.7500","36.7500","2012-07-20 22:00:00"
"18077","994","6","50","2012-07-10 00:00:00","2012-07-21 00:00:00","2012-07-11 00:00:00","2012-07-21 00:00:00","3.0000","36.7500","36.7500","2012-07-20 22:00:00"
"18078","995","6","50","2012-07-10 00:00:00","2012-07-21 00:00:00","2012-07-11 00:00:00","2012-07-21 00:00:00","3.0000","36.7500","36.7500","2012-07-20 22:00:00"
"18079","996","6","50","2012-07-10 00:00:00","2012-07-21 00:00:00","2012-07-11 00:00:00","2012-07-21 00:00:00","3.0000","36.7500","36.7500","2012-07-20 22:00:00"
"18093","802","1","10","2012-07-10 00:00:00","2012-07-21 00:00:00","2012-07-11 00:00:00","2012-07-21 00:00:00","4.1000","92.2500","92.2500","2012-07-20 22:00:00"
"18093","802","6","50","2012-07-10 00:00:00","2012-07-21 00:00:00","2012-07-11 00:00:00","2012-07-21 00:00:00","3.0000","36.7500","36.7500","2012-07-20 22:00:00"
"18094","804","1","10","2012-07-10 00:00:00","2012-07-21 00:00:00","2012-07-11 00:00:00","2012-07-21 00:00:00","4.1000","92.2500","92.2500","2012-07-20 22:00:00"
"18094","804","6","50","2012-07-10 00:00:00","2012-07-21 00:00:00","2012-07-11 00:00:00","2012-07-21 00:00:00","3.0000","36.7500","36.7500","2012-07-20 22:00:00"
"18099","768","7","60","2012-07-11 00:00:00","2012-07-22 00:00:00","2012-07-11 00:00:00","2012-08-04 00:00:00","4.0000","49.0000","49.0000","2012-08-03 22:00:00"
"18100","770","7","60","2012-07-11 00:00:00","2012-07-22 00:00:00","2012-07-11 00:00:00","2012-08-04 00:00:00","4.0000","49.0000","49.0000","2012-08-03 22:00:00"
"18101","781","7","60","2012-07-11 00:00:00","2012-07-22 00:00:00","2012-07-11 00:00:00","2012-08-04 00:00:00","4.0000","49.0000","49.0000","2012-08-03 22:00:00"
"18102","784","7","60","2012-07-11 00:00:00","2012-07-22 00:00:00","2012-07-11 00:00:00","2012-08-04 00:00:00","4.0000","49.0000","49.0000","2012-08-03 22:00:00"
"18103","790","7","60","2012-07-11 00:00:00","2012-07-22 00:00:00","2012-07-11 00:00:00","2012-08-04 00:00:00","4.0000","49.0000","49.0000","2012-08-03 22:00:00"
"18104","792","7","60","2012-07-11 00:00:00","2012-07-22 00:00:00","2012-07-11 00:00:00","2012-08-04 00:00:00","4.0000","49.0000","49.0000","2012-08-03 22:00:00"
"18105","794","7","60","2012-07-11 00:00:00","2012-07-22 00:00:00","2012-07-11 00:00:00","2012-08-04 00:00:00","4.0000","49.0000","49.0000","2012-08-03 22:00:00"
"18106","796","7","60","2012-07-11 00:00:00","2012-07-22 00:00:00","2012-07-11 00:00:00","2012-08-04 00:00:00","4.0000","49.0000","49.0000","2012-08-03 22:00:00"
"18107","516","6","50","2012-07-11 00:00:00","2012-07-22 00:00:00","2012-07-11 00:00:00","2012-08-04 00:00:00","3.0000","36.7500","36.7500","2012-08-03 22:00:00"
"18107","516","7","60","2012-07-11 00:00:00","2012-07-22 00:00:00","2012-07-11 00:00:00","2012-08-04 00:00:00","4.0000","49.0000","49.0000","2012-08-03 22:00:00"
"18108","517","6","50","2012-07-11 00:00:00","2012-07-22 00:00:00","2012-07-11 00:00:00","2012-08-04 00:00:00","3.0000","36.7500","36.7500","2012-08-03 22:00:00"
"18108","517","7","60","2012-07-11 00:00:00","2012-07-22 00:00:00","2012-07-11 00:00:00","2012-08-04 00:00:00","4.0000","49.0000","49.0000","2012-08-03 22:00:00"
"18109","519","6","50","2012-07-11 00:00:00","2012-07-22 00:00:00","2012-07-11 00:00:00","2012-08-04 00:00:00","3.0000","36.7500","36.7500","2012-08-03 22:00:00"
"18109","519","7","60","2012-07-11 00:00:00","2012-07-22 00:00:00","2012-07-11 00:00:00","2012-08-04 00:00:00","4.0000","49.0000","49.0000","2012-08-03 22:00:00"
"18117","806","6","50","2012-07-11 00:00:00","2012-07-22 00:00:00","2012-07-11 00:00:00","2012-08-04 00:00:00","3.0000","36.7500","36.7500","2012-08-03 22:00:00"
"18118","810","1","10","2012-07-11 00:00:00","2012-07-22 00:00:00","2012-07-11 00:00:00","2012-08-04 00:00:00","4.1000","92.2500","92.2500","2012-08-03 22:00:00"
"18118","810","2","20","2012-07-11 00:00:00","2012-07-22 00:00:00","2012-07-11 00:00:00","2012-08-04 00:00:00","3.5000","87.5000","87.5000","2012-08-03 22:00:00"
"18118","810","6","50","2012-07-11 00:00:00","2012-07-22 00:00:00","2012-07-11 00:00:00","2012-08-04 00:00:00","3.0000","36.7500","36.7500","2012-08-03 22:00:00"
"18119","811","1","10","2012-07-11 00:00:00","2012-07-22 00:00:00","2012-07-11 00:00:00","2012-08-04 00:00:00","4.1000","92.2500","92.2500","2012-08-03 22:00:00"
"18119","811","2","20","2012-07-11 00:00:00","2012-07-22 00:00:00","2012-07-11 00:00:00","2012-08-04 00:00:00","3.5000","87.5000","87.5000","2012-08-03 22:00:00"
"18119","811","6","50","2012-07-11 00:00:00","2012-07-22 00:00:00","2012-07-11 00:00:00","2012-08-04 00:00:00","3.0000","36.7500","36.7500","2012-08-03 22:00:00"
"18120","813","1","10","2012-07-11 00:00:00","2012-07-22 00:00:00","2012-07-11 00:00:00","2012-08-04 00:00:00","4.1000","92.2500","92.2500","2012-08-03 22:00:00"
"18120","813","2","20","2012-07-11 00:00:00","2012-07-22 00:00:00","2012-07-11 00:00:00","2012-08-04 00:00:00","3.5000","87.5000","87.5000","2012-08-03 22:00:00"
"18120","813","6","50","2012-07-11 00:00:00","2012-07-22 00:00:00","2012-07-11 00:00:00","2012-08-04 00:00:00","3.0000","36.7500","36.7500","2012-08-03 22:00:00"
"18121","816","6","50","2012-07-11 00:00:00","2012-07-22 00:00:00","2012-07-11 00:00:00","2012-08-04 00:00:00","3.0000","36.7500","36.7500","2012-08-03 22:00:00"
"18122","818","6","50","2012-07-11 00:00:00","2012-07-22 00:00:00","2012-07-11 00:00:00","2012-08-04 00:00:00","3.0000","36.7500","36.7500","2012-08-03 22:00:00"
"18123","820","6","50","2012-07-11 00:00:00","2012-07-22 00:00:00","2012-07-11 00:00:00","2012-08-04 00:00:00","3.0000","36.7500","36.7500","2012-08-03 22:00:00"
"18124","824","6","50","2012-07-11 00:00:00","2012-07-22 00:00:00","2012-07-11 00:00:00","2012-08-04 00:00:00","3.0000","36.7500","36.7500","2012-08-03 22:00:00"
"18125","826","6","50","2012-07-11 00:00:00","2012-07-22 00:00:00","2012-07-11 00:00:00","2012-08-04 00:00:00","3.0000","36.7500","36.7500","2012-08-03 22:00:00"
"18126","828","6","50","2012-07-11 00:00:00","2012-07-22 00:00:00","2012-07-11 00:00:00","2012-08-04 00:00:00","3.0000","36.7500","36.7500","2012-08-03 22:00:00"
"18128","894","6","50","2012-07-11 00:00:00","2012-07-22 00:00:00","2012-07-11 00:00:00","2012-08-04 00:00:00","3.0000","36.7500","36.7500","2012-08-03 22:00:00"
"18129","945","1","10","2012-07-11 00:00:00","2012-07-22 00:00:00","2012-07-11 00:00:00","2012-08-04 00:00:00","4.1000","92.2500","92.2500","2012-08-03 22:00:00"
"18129","945","6","50","2012-07-11 00:00:00","2012-07-22 00:00:00","2012-07-11 00:00:00","2012-08-04 00:00:00","3.0000","36.7500","36.7500","2012-08-03 22:00:00"
"18130","950","6","50","2012-07-11 00:00:00","2012-07-22 00:00:00","2012-07-11 00:00:00","2012-08-04 00:00:00","3.0000","36.7500","36.7500","2012-08-03 22:00:00"
"18131","994","6","50","2012-07-11 00:00:00","2012-07-22 00:00:00","2012-07-11 00:00:00","2012-08-04 00:00:00","3.0000","36.7500","36.7500","2012-08-03 22:00:00"
"18132","995","6","50","2012-07-11 00:00:00","2012-07-22 00:00:00","2012-07-11 00:00:00","2012-08-04 00:00:00","3.0000","36.7500","36.7500","2012-08-03 22:00:00"
"18133","996","6","50","2012-07-11 00:00:00","2012-07-22 00:00:00","2012-07-11 00:00:00","2012-08-04 00:00:00","3.0000","36.7500","36.7500","2012-08-03 22:00:00"
"18147","802","1","10","2012-07-11 00:00:00","2012-07-22 00:00:00","2012-07-11 00:00:00","2012-08-04 00:00:00","4.1000","92.2500","92.2500","2012-08-03 22:00:00"
"18147","802","6","50","2012-07-11 00:00:00","2012-07-22 00:00:00","2012-07-11 00:00:00","2012-08-04 00:00:00","3.0000","36.7500","36.7500","2012-08-03 22:00:00"
"18148","804","1","10","2012-07-11 00:00:00","2012-07-22 00:00:00","2012-07-11 00:00:00","2012-08-04 00:00:00","4.1000","92.2500","92.2500","2012-08-03 22:00:00"
"18148","804","6","50","2012-07-11 00:00:00","2012-07-22 00:00:00","2012-07-11 00:00:00","2012-08-04 00:00:00","3.0000","36.7500","36.7500","2012-08-03 22:00:00"
"18153","783","7","60","2012-07-12 00:00:00","2012-07-23 00:00:00","2012-07-15 00:00:00","2012-07-23 00:00:00","4.0000","49.0000","49.0000","2012-07-22 22:00:00"
"18154","794","7","60","2012-07-12 00:00:00","2012-07-23 00:00:00","2012-07-15 00:00:00","2012-07-23 00:00:00","4.0000","49.0000","49.0000","2012-07-22 22:00:00"
"18155","795","7","60","2012-07-12 00:00:00","2012-07-23 00:00:00","2012-07-15 00:00:00","2012-07-23 00:00:00","4.0000","49.0000","49.0000","2012-07-22 22:00:00"
"18156","801","7","60","2012-07-12 00:00:00","2012-07-23 00:00:00","2012-07-15 00:00:00","2012-07-23 00:00:00","4.0000","49.0000","49.0000","2012-07-22 22:00:00"
"18157","516","6","50","2012-07-12 00:00:00","2012-07-23 00:00:00","2012-07-15 00:00:00","2012-07-23 00:00:00","3.0000","36.7500","36.7500","2012-07-22 22:00:00"
"18157","516","7","60","2012-07-12 00:00:00","2012-07-23 00:00:00","2012-07-15 00:00:00","2012-07-23 00:00:00","4.0000","49.0000","49.0000","2012-07-22 22:00:00"
"18158","518","6","50","2012-07-12 00:00:00","2012-07-23 00:00:00","2012-07-15 00:00:00","2012-07-23 00:00:00","3.0000","36.7500","36.7500","2012-07-22 22:00:00"
"18158","518","7","60","2012-07-12 00:00:00","2012-07-23 00:00:00","2012-07-15 00:00:00","2012-07-23 00:00:00","4.0000","49.0000","49.0000","2012-07-22 22:00:00"
"18159","519","6","50","2012-07-12 00:00:00","2012-07-23 00:00:00","2012-07-15 00:00:00","2012-07-23 00:00:00","3.0000","36.7500","36.7500","2012-07-22 22:00:00"
"18159","519","7","60","2012-07-12 00:00:00","2012-07-23 00:00:00","2012-07-15 00:00:00","2012-07-23 00:00:00","4.0000","49.0000","49.0000","2012-07-22 22:00:00"
"18161","806","6","50","2012-07-12 00:00:00","2012-07-23 00:00:00","2012-07-15 00:00:00","2012-07-23 00:00:00","3.0000","36.7500","36.7500","2012-07-22 22:00:00"
"18162","810","1","10","2012-07-12 00:00:00","2012-07-23 00:00:00","2012-07-15 00:00:00","2012-07-23 00:00:00","4.1000","92.2500","92.2500","2012-07-22 22:00:00"
"18162","810","2","20","2012-07-12 00:00:00","2012-07-23 00:00:00","2012-07-15 00:00:00","2012-07-23 00:00:00","3.5000","87.5000","87.5000","2012-07-22 22:00:00"
"18162","810","6","50","2012-07-12 00:00:00","2012-07-23 00:00:00","2012-07-15 00:00:00","2012-07-23 00:00:00","3.0000","36.7500","36.7500","2012-07-22 22:00:00"
"18163","812","1","10","2012-07-12 00:00:00","2012-07-23 00:00:00","2012-07-15 00:00:00","2012-07-23 00:00:00","4.1000","92.2500","92.2500","2012-07-22 22:00:00"
"18163","812","2","20","2012-07-12 00:00:00","2012-07-23 00:00:00","2012-07-15 00:00:00","2012-07-23 00:00:00","3.5000","87.5000","87.5000","2012-07-22 22:00:00"
"18163","812","6","50","2012-07-12 00:00:00","2012-07-23 00:00:00","2012-07-15 00:00:00","2012-07-23 00:00:00","3.0000","36.7500","36.7500","2012-07-22 22:00:00"
"18164","813","1","10","2012-07-12 00:00:00","2012-07-23 00:00:00","2012-07-15 00:00:00","2012-07-23 00:00:00","4.1000","92.2500","92.2500","2012-07-22 22:00:00"
"18164","813","2","20","2012-07-12 00:00:00","2012-07-23 00:00:00","2012-07-15 00:00:00","2012-07-23 00:00:00","3.5000","87.5000","87.5000","2012-07-22 22:00:00"
"18164","813","6","50","2012-07-12 00:00:00","2012-07-23 00:00:00","2012-07-15 00:00:00","2012-07-23 00:00:00","3.0000","36.7500","36.7500","2012-07-22 22:00:00"
"18165","816","6","50","2012-07-12 00:00:00","2012-07-23 00:00:00","2012-07-15 00:00:00","2012-07-23 00:00:00","3.0000","36.7500","36.7500","2012-07-22 22:00:00"
"18166","819","6","50","2012-07-12 00:00:00","2012-07-23 00:00:00","2012-07-15 00:00:00","2012-07-23 00:00:00","3.0000","36.7500","36.7500","2012-07-22 22:00:00"
"18167","820","6","50","2012-07-12 00:00:00","2012-07-23 00:00:00","2012-07-15 00:00:00","2012-07-23 00:00:00","3.0000","36.7500","36.7500","2012-07-22 22:00:00"
"18168","824","6","50","2012-07-12 00:00:00","2012-07-23 00:00:00","2012-07-15 00:00:00","2012-07-23 00:00:00","3.0000","36.7500","36.7500","2012-07-22 22:00:00"
"18169","827","6","50","2012-07-12 00:00:00","2012-07-23 00:00:00","2012-07-15 00:00:00","2012-07-23 00:00:00","3.0000","36.7500","36.7500","2012-07-22 22:00:00"
"18170","828","6","50","2012-07-12 00:00:00","2012-07-23 00:00:00","2012-07-15 00:00:00","2012-07-23 00:00:00","3.0000","36.7500","36.7500","2012-07-22 22:00:00"
"18174","894","6","50","2012-07-12 00:00:00","2012-07-23 00:00:00","2012-07-15 00:00:00","2012-07-23 00:00:00","3.0000","36.7500","36.7500","2012-07-22 22:00:00"
"18175","945","1","10","2012-07-12 00:00:00","2012-07-23 00:00:00","2012-07-15 00:00:00","2012-07-23 00:00:00","4.1000","92.2500","92.2500","2012-07-22 22:00:00"
"18175","945","6","50","2012-07-12 00:00:00","2012-07-23 00:00:00","2012-07-15 00:00:00","2012-07-23 00:00:00","3.0000","36.7500","36.7500","2012-07-22 22:00:00"
"18176","950","6","50","2012-07-12 00:00:00","2012-07-23 00:00:00","2012-07-15 00:00:00","2012-07-23 00:00:00","3.0000","36.7500","36.7500","2012-07-22 22:00:00"
"18177","994","6","50","2012-07-12 00:00:00","2012-07-23 00:00:00","2012-07-15 00:00:00","2012-07-23 00:00:00","3.0000","36.7500","36.7500","2012-07-22 22:00:00"
"18178","995","6","50","2012-07-12 00:00:00","2012-07-23 00:00:00","2012-07-15 00:00:00","2012-07-23 00:00:00","3.0000","36.7500","36.7500","2012-07-22 22:00:00"
"18179","996","6","50","2012-07-12 00:00:00","2012-07-23 00:00:00","2012-07-15 00:00:00","2012-07-23 00:00:00","3.0000","36.7500","36.7500","2012-07-22 22:00:00"
"18192","803","1","10","2012-07-12 00:00:00","2012-07-23 00:00:00","2012-07-15 00:00:00","2012-07-23 00:00:00","4.1000","92.2500","92.2500","2012-07-22 22:00:00"
"18192","803","6","50","2012-07-12 00:00:00","2012-07-23 00:00:00","2012-07-15 00:00:00","2012-07-23 00:00:00","3.0000","36.7500","36.7500","2012-07-22 22:00:00"
"18193","804","1","10","2012-07-12 00:00:00","2012-07-23 00:00:00","2012-07-15 00:00:00","2012-07-23 00:00:00","4.1000","92.2500","92.2500","2012-07-22 22:00:00"
"18193","804","6","50","2012-07-12 00:00:00","2012-07-23 00:00:00","2012-07-15 00:00:00","2012-07-23 00:00:00","3.0000","36.7500","36.7500","2012-07-22 22:00:00"
"18198","759","7","60","2012-07-13 00:00:00","2012-07-24 00:00:00","2012-07-13 00:00:00","2012-08-08 00:00:00","4.0000","49.0000","49.0000","2012-08-07 22:00:00"
"18199","766","7","60","2012-07-13 00:00:00","2012-07-24 00:00:00","2012-07-13 00:00:00","2012-08-08 00:00:00","4.0000","49.0000","49.0000","2012-08-07 22:00:00"
"18200","783","7","60","2012-07-13 00:00:00","2012-07-24 00:00:00","2012-07-13 00:00:00","2012-08-08 00:00:00","4.0000","49.0000","49.0000","2012-08-07 22:00:00"
"18201","791","7","60","2012-07-13 00:00:00","2012-07-24 00:00:00","2012-07-13 00:00:00","2012-08-08 00:00:00","4.0000","49.0000","49.0000","2012-08-07 22:00:00"
"18202","516","6","50","2012-07-13 00:00:00","2012-07-24 00:00:00","2012-07-13 00:00:00","2012-08-08 00:00:00","3.0000","36.7500","36.7500","2012-08-07 22:00:00"
"18202","516","7","60","2012-07-13 00:00:00","2012-07-24 00:00:00","2012-07-13 00:00:00","2012-08-08 00:00:00","4.0000","49.0000","49.0000","2012-08-07 22:00:00"
"18203","517","6","50","2012-07-13 00:00:00","2012-07-24 00:00:00","2012-07-13 00:00:00","2012-08-08 00:00:00","3.0000","36.7500","36.7500","2012-08-07 22:00:00"
"18203","517","7","60","2012-07-13 00:00:00","2012-07-24 00:00:00","2012-07-13 00:00:00","2012-08-08 00:00:00","4.0000","49.0000","49.0000","2012-08-07 22:00:00"
"18204","519","6","50","2012-07-13 00:00:00","2012-07-24 00:00:00","2012-07-13 00:00:00","2012-08-08 00:00:00","3.0000","36.7500","36.7500","2012-08-07 22:00:00"
"18204","519","7","60","2012-07-13 00:00:00","2012-07-24 00:00:00","2012-07-13 00:00:00","2012-08-08 00:00:00","4.0000","49.0000","49.0000","2012-08-07 22:00:00"
"18209","806","6","50","2012-07-13 00:00:00","2012-07-24 00:00:00","2012-07-13 00:00:00","2012-08-08 00:00:00","3.0000","36.7500","36.7500","2012-08-07 22:00:00"
"18210","810","1","10","2012-07-13 00:00:00","2012-07-24 00:00:00","2012-07-13 00:00:00","2012-08-08 00:00:00","4.1000","92.2500","92.2500","2012-08-07 22:00:00"
"18210","810","2","20","2012-07-13 00:00:00","2012-07-24 00:00:00","2012-07-13 00:00:00","2012-08-08 00:00:00","3.5000","87.5000","87.5000","2012-08-07 22:00:00"
"18210","810","6","50","2012-07-13 00:00:00","2012-07-24 00:00:00","2012-07-13 00:00:00","2012-08-08 00:00:00","3.0000","36.7500","36.7500","2012-08-07 22:00:00"
"18211","811","1","10","2012-07-13 00:00:00","2012-07-24 00:00:00","2012-07-13 00:00:00","2012-08-08 00:00:00","4.1000","92.2500","92.2500","2012-08-07 22:00:00"
"18211","811","2","20","2012-07-13 00:00:00","2012-07-24 00:00:00","2012-07-13 00:00:00","2012-08-08 00:00:00","3.5000","87.5000","87.5000","2012-08-07 22:00:00"
"18211","811","6","50","2012-07-13 00:00:00","2012-07-24 00:00:00","2012-07-13 00:00:00","2012-08-08 00:00:00","3.0000","36.7500","36.7500","2012-08-07 22:00:00"
"18212","813","1","10","2012-07-13 00:00:00","2012-07-24 00:00:00","2012-07-13 00:00:00","2012-08-08 00:00:00","4.1000","92.2500","92.2500","2012-08-07 22:00:00"
"18212","813","2","20","2012-07-13 00:00:00","2012-07-24 00:00:00","2012-07-13 00:00:00","2012-08-08 00:00:00","3.5000","87.5000","87.5000","2012-08-07 22:00:00"
"18212","813","6","50","2012-07-13 00:00:00","2012-07-24 00:00:00","2012-07-13 00:00:00","2012-08-08 00:00:00","3.0000","36.7500","36.7500","2012-08-07 22:00:00"
"18213","816","6","50","2012-07-13 00:00:00","2012-07-24 00:00:00","2012-07-13 00:00:00","2012-08-08 00:00:00","3.0000","36.7500","36.7500","2012-08-07 22:00:00"
"18214","818","6","50","2012-07-13 00:00:00","2012-07-24 00:00:00","2012-07-13 00:00:00","2012-08-08 00:00:00","3.0000","36.7500","36.7500","2012-08-07 22:00:00"
"18215","820","6","50","2012-07-13 00:00:00","2012-07-24 00:00:00","2012-07-13 00:00:00","2012-08-08 00:00:00","3.0000","36.7500","36.7500","2012-08-07 22:00:00"
"18216","824","6","50","2012-07-13 00:00:00","2012-07-24 00:00:00","2012-07-13 00:00:00","2012-08-08 00:00:00","3.0000","36.7500","36.7500","2012-08-07 22:00:00"
"18217","826","6","50","2012-07-13 00:00:00","2012-07-24 00:00:00","2012-07-13 00:00:00","2012-08-08 00:00:00","3.0000","36.7500","36.7500","2012-08-07 22:00:00"
"18218","828","6","50","2012-07-13 00:00:00","2012-07-24 00:00:00","2012-07-13 00:00:00","2012-08-08 00:00:00","3.0000","36.7500","36.7500","2012-08-07 22:00:00"
"18219","894","6","50","2012-07-13 00:00:00","2012-07-24 00:00:00","2012-07-13 00:00:00","2012-08-08 00:00:00","3.0000","36.7500","36.7500","2012-08-07 22:00:00"
"18220","945","1","10","2012-07-13 00:00:00","2012-07-24 00:00:00","2012-07-13 00:00:00","2012-08-08 00:00:00","4.1000","92.2500","92.2500","2012-08-07 22:00:00"
"18220","945","6","50","2012-07-13 00:00:00","2012-07-24 00:00:00","2012-07-13 00:00:00","2012-08-08 00:00:00","3.0000","36.7500","36.7500","2012-08-07 22:00:00"
"18221","950","6","50","2012-07-13 00:00:00","2012-07-24 00:00:00","2012-07-13 00:00:00","2012-08-08 00:00:00","3.0000","36.7500","36.7500","2012-08-07 22:00:00"
"18222","994","6","50","2012-07-13 00:00:00","2012-07-24 00:00:00","2012-07-13 00:00:00","2012-08-08 00:00:00","3.0000","36.7500","36.7500","2012-08-07 22:00:00"
"18223","995","6","50","2012-07-13 00:00:00","2012-07-24 00:00:00","2012-07-13 00:00:00","2012-08-08 00:00:00","3.0000","36.7500","36.7500","2012-08-07 22:00:00"
"18224","996","6","50","2012-07-13 00:00:00","2012-07-24 00:00:00","2012-07-13 00:00:00","2012-08-08 00:00:00","3.0000","36.7500","36.7500","2012-08-07 22:00:00"
"18238","802","1","10","2012-07-13 00:00:00","2012-07-24 00:00:00","2012-07-13 00:00:00","2012-08-08 00:00:00","4.1000","92.2500","92.2500","2012-08-07 22:00:00"
"18238","802","6","50","2012-07-13 00:00:00","2012-07-24 00:00:00","2012-07-13 00:00:00","2012-08-08 00:00:00","3.0000","36.7500","36.7500","2012-08-07 22:00:00"
"18239","804","1","10","2012-07-13 00:00:00","2012-07-24 00:00:00","2012-07-13 00:00:00","2012-08-08 00:00:00","4.1000","92.2500","92.2500","2012-08-07 22:00:00"
"18239","804","6","50","2012-07-13 00:00:00","2012-07-24 00:00:00","2012-07-13 00:00:00","2012-08-08 00:00:00","3.0000","36.7500","36.7500","2012-08-07 22:00:00"
"18244","783","7","60","2012-07-14 00:00:00","2012-07-25 00:00:00","2012-07-19 00:00:00","2012-07-25 00:00:00","4.0000","49.0000","49.0000","2012-07-24 22:00:00"
"18245","784","7","60","2012-07-14 00:00:00","2012-07-25 00:00:00","2012-07-19 00:00:00","2012-07-25 00:00:00","4.0000","49.0000","49.0000","2012-07-24 22:00:00"
"18246","790","7","60","2012-07-14 00:00:00","2012-07-25 00:00:00","2012-07-19 00:00:00","2012-07-25 00:00:00","4.0000","49.0000","49.0000","2012-07-24 22:00:00"
"18247","791","7","60","2012-07-14 00:00:00","2012-07-25 00:00:00","2012-07-19 00:00:00","2012-07-25 00:00:00","4.0000","49.0000","49.0000","2012-07-24 22:00:00"
"18248","792","7","60","2012-07-14 00:00:00","2012-07-25 00:00:00","2012-07-19 00:00:00","2012-07-25 00:00:00","4.0000","49.0000","49.0000","2012-07-24 22:00:00"
"18249","793","7","60","2012-07-14 00:00:00","2012-07-25 00:00:00","2012-07-19 00:00:00","2012-07-25 00:00:00","4.0000","49.0000","49.0000","2012-07-24 22:00:00"
"18250","794","7","60","2012-07-14 00:00:00","2012-07-25 00:00:00","2012-07-19 00:00:00","2012-07-25 00:00:00","4.0000","49.0000","49.0000","2012-07-24 22:00:00"
"18251","516","6","50","2012-07-14 00:00:00","2012-07-25 00:00:00","2012-07-19 00:00:00","2012-07-25 00:00:00","3.0000","36.7500","36.7500","2012-07-24 22:00:00"
"18251","516","7","60","2012-07-14 00:00:00","2012-07-25 00:00:00","2012-07-19 00:00:00","2012-07-25 00:00:00","4.0000","49.0000","49.0000","2012-07-24 22:00:00"
"18252","519","6","50","2012-07-14 00:00:00","2012-07-25 00:00:00","2012-07-19 00:00:00","2012-07-25 00:00:00","3.0000","36.7500","36.7500","2012-07-24 22:00:00"
"18252","519","7","60","2012-07-14 00:00:00","2012-07-25 00:00:00","2012-07-19 00:00:00","2012-07-25 00:00:00","4.0000","49.0000","49.0000","2012-07-24 22:00:00"
"18258","806","6","50","2012-07-14 00:00:00","2012-07-25 00:00:00","2012-07-19 00:00:00","2012-07-25 00:00:00","3.0000","36.7500","36.7500","2012-07-24 22:00:00"
"18259","810","1","10","2012-07-14 00:00:00","2012-07-25 00:00:00","2012-07-19 00:00:00","2012-07-25 00:00:00","4.1000","92.2500","92.2500","2012-07-24 22:00:00"
"18259","810","2","20","2012-07-14 00:00:00","2012-07-25 00:00:00","2012-07-19 00:00:00","2012-07-25 00:00:00","3.5000","87.5000","87.5000","2012-07-24 22:00:00"
"18259","810","6","50","2012-07-14 00:00:00","2012-07-25 00:00:00","2012-07-19 00:00:00","2012-07-25 00:00:00","3.0000","36.7500","36.7500","2012-07-24 22:00:00"
"18260","813","1","10","2012-07-14 00:00:00","2012-07-25 00:00:00","2012-07-19 00:00:00","2012-07-25 00:00:00","4.1000","92.2500","92.2500","2012-07-24 22:00:00"
"18260","813","2","20","2012-07-14 00:00:00","2012-07-25 00:00:00","2012-07-19 00:00:00","2012-07-25 00:00:00","3.5000","87.5000","87.5000","2012-07-24 22:00:00"
"18260","813","6","50","2012-07-14 00:00:00","2012-07-25 00:00:00","2012-07-19 00:00:00","2012-07-25 00:00:00","3.0000","36.7500","36.7500","2012-07-24 22:00:00"
"18261","816","6","50","2012-07-14 00:00:00","2012-07-25 00:00:00","2012-07-19 00:00:00","2012-07-25 00:00:00","3.0000","36.7500","36.7500","2012-07-24 22:00:00"
"18262","820","6","50","2012-07-14 00:00:00","2012-07-25 00:00:00","2012-07-19 00:00:00","2012-07-25 00:00:00","3.0000","36.7500","36.7500","2012-07-24 22:00:00"
"18263","824","6","50","2012-07-14 00:00:00","2012-07-25 00:00:00","2012-07-19 00:00:00","2012-07-25 00:00:00","3.0000","36.7500","36.7500","2012-07-24 22:00:00"
"18264","828","6","50","2012-07-14 00:00:00","2012-07-25 00:00:00","2012-07-19 00:00:00","2012-07-25 00:00:00","3.0000","36.7500","36.7500","2012-07-24 22:00:00"
"18267","894","6","50","2012-07-14 00:00:00","2012-07-25 00:00:00","2012-07-19 00:00:00","2012-07-25 00:00:00","3.0000","36.7500","36.7500","2012-07-24 22:00:00"
"18268","945","1","10","2012-07-14 00:00:00","2012-07-25 00:00:00","2012-07-19 00:00:00","2012-07-25 00:00:00","4.1000","92.2500","92.2500","2012-07-24 22:00:00"
"18268","945","6","50","2012-07-14 00:00:00","2012-07-25 00:00:00","2012-07-19 00:00:00","2012-07-25 00:00:00","3.0000","36.7500","36.7500","2012-07-24 22:00:00"
"18269","950","6","50","2012-07-14 00:00:00","2012-07-25 00:00:00","2012-07-19 00:00:00","2012-07-25 00:00:00","3.0000","36.7500","36.7500","2012-07-24 22:00:00"
"18270","995","6","50","2012-07-14 00:00:00","2012-07-25 00:00:00","2012-07-19 00:00:00","2012-07-25 00:00:00","3.0000","36.7500","36.7500","2012-07-24 22:00:00"
"18271","996","6","50","2012-07-14 00:00:00","2012-07-25 00:00:00","2012-07-19 00:00:00","2012-07-25 00:00:00","3.0000","36.7500","36.7500","2012-07-24 22:00:00"
"18284","804","1","10","2012-07-14 00:00:00","2012-07-25 00:00:00","2012-07-19 00:00:00","2012-07-25 00:00:00","4.1000","92.2500","92.2500","2012-07-24 22:00:00"
"18284","804","6","50","2012-07-14 00:00:00","2012-07-25 00:00:00","2012-07-19 00:00:00","2012-07-25 00:00:00","3.0000","36.7500","36.7500","2012-07-24 22:00:00"
"18289","779","7","60","2012-07-15 00:00:00","2012-07-26 00:00:00","2012-07-15 00:00:00","2012-08-12 00:00:00","4.0000","49.0000","49.0000","2012-08-11 22:00:00"
"18290","780","7","60","2012-07-15 00:00:00","2012-07-26 00:00:00","2012-07-15 00:00:00","2012-08-12 00:00:00","4.0000","49.0000","49.0000","2012-08-11 22:00:00"
"18291","781","7","60","2012-07-15 00:00:00","2012-07-26 00:00:00","2012-07-15 00:00:00","2012-08-12 00:00:00","4.0000","49.0000","49.0000","2012-08-11 22:00:00"
"18292","783","7","60","2012-07-15 00:00:00","2012-07-26 00:00:00","2012-07-15 00:00:00","2012-08-12 00:00:00","4.0000","49.0000","49.0000","2012-08-11 22:00:00"
"18293","789","7","60","2012-07-15 00:00:00","2012-07-26 00:00:00","2012-07-15 00:00:00","2012-08-12 00:00:00","4.0000","49.0000","49.0000","2012-08-11 22:00:00"
"18294","791","7","60","2012-07-15 00:00:00","2012-07-26 00:00:00","2012-07-15 00:00:00","2012-08-12 00:00:00","4.0000","49.0000","49.0000","2012-08-11 22:00:00"
"18295","793","7","60","2012-07-15 00:00:00","2012-07-26 00:00:00","2012-07-15 00:00:00","2012-08-12 00:00:00","4.0000","49.0000","49.0000","2012-08-11 22:00:00"
"18296","794","7","60","2012-07-15 00:00:00","2012-07-26 00:00:00","2012-07-15 00:00:00","2012-08-12 00:00:00","4.0000","49.0000","49.0000","2012-08-11 22:00:00"
"18297","795","7","60","2012-07-15 00:00:00","2012-07-26 00:00:00","2012-07-15 00:00:00","2012-08-12 00:00:00","4.0000","49.0000","49.0000","2012-08-11 22:00:00"
"18298","516","6","50","2012-07-15 00:00:00","2012-07-26 00:00:00","2012-07-15 00:00:00","2012-08-12 00:00:00","3.0000","36.7500","36.7500","2012-08-11 22:00:00"
"18298","516","7","60","2012-07-15 00:00:00","2012-07-26 00:00:00","2012-07-15 00:00:00","2012-08-12 00:00:00","4.0000","49.0000","49.0000","2012-08-11 22:00:00"
"18299","519","6","50","2012-07-15 00:00:00","2012-07-26 00:00:00","2012-07-15 00:00:00","2012-08-12 00:00:00","3.0000","36.7500","36.7500","2012-08-11 22:00:00"
"18299","519","7","60","2012-07-15 00:00:00","2012-07-26 00:00:00","2012-07-15 00:00:00","2012-08-12 00:00:00","4.0000","49.0000","49.0000","2012-08-11 22:00:00"
"18305","748","1","10","2012-07-15 00:00:00","2012-07-26 00:00:00","2012-07-15 00:00:00","2012-08-12 00:00:00","4.1000","92.2500","92.2500","2012-08-11 22:00:00"
"18305","748","2","20","2012-07-15 00:00:00","2012-07-26 00:00:00","2012-07-15 00:00:00","2012-08-12 00:00:00","3.5000","87.5000","87.5000","2012-08-11 22:00:00"
"18305","748","3","30","2012-07-15 00:00:00","2012-07-26 00:00:00","2012-07-15 00:00:00","2012-08-12 00:00:00","1.0000","14.5000","14.5000","2012-08-11 22:00:00"
"18305","748","5","45","2012-07-15 00:00:00","2012-07-26 00:00:00","2012-07-15 00:00:00","2012-08-12 00:00:00","2.0000","36.0000","36.0000","2012-08-11 22:00:00"
"18305","748","6","50","2012-07-15 00:00:00","2012-07-26 00:00:00","2012-07-15 00:00:00","2012-08-12 00:00:00","3.0000","36.7500","36.7500","2012-08-11 22:00:00"
"18305","748","7","60","2012-07-15 00:00:00","2012-07-26 00:00:00","2012-07-15 00:00:00","2012-08-12 00:00:00","4.0000","49.0000","49.0000","2012-08-11 22:00:00"
"18306","806","6","50","2012-07-15 00:00:00","2012-07-26 00:00:00","2012-07-15 00:00:00","2012-08-12 00:00:00","3.0000","36.7500","36.7500","2012-08-11 22:00:00"
"18307","810","1","10","2012-07-15 00:00:00","2012-07-26 00:00:00","2012-07-15 00:00:00","2012-08-12 00:00:00","4.1000","92.2500","92.2500","2012-08-11 22:00:00"
"18307","810","2","20","2012-07-15 00:00:00","2012-07-26 00:00:00","2012-07-15 00:00:00","2012-08-12 00:00:00","3.5000","87.5000","87.5000","2012-08-11 22:00:00"
"18307","810","6","50","2012-07-15 00:00:00","2012-07-26 00:00:00","2012-07-15 00:00:00","2012-08-12 00:00:00","3.0000","36.7500","36.7500","2012-08-11 22:00:00"
"18308","813","1","10","2012-07-15 00:00:00","2012-07-26 00:00:00","2012-07-15 00:00:00","2012-08-12 00:00:00","4.1000","92.2500","92.2500","2012-08-11 22:00:00"
"18308","813","2","20","2012-07-15 00:00:00","2012-07-26 00:00:00","2012-07-15 00:00:00","2012-08-12 00:00:00","3.5000","87.5000","87.5000","2012-08-11 22:00:00"
"18308","813","6","50","2012-07-15 00:00:00","2012-07-26 00:00:00","2012-07-15 00:00:00","2012-08-12 00:00:00","3.0000","36.7500","36.7500","2012-08-11 22:00:00"
"18309","816","6","50","2012-07-15 00:00:00","2012-07-26 00:00:00","2012-07-15 00:00:00","2012-08-12 00:00:00","3.0000","36.7500","36.7500","2012-08-11 22:00:00"
"18310","820","6","50","2012-07-15 00:00:00","2012-07-26 00:00:00","2012-07-15 00:00:00","2012-08-12 00:00:00","3.0000","36.7500","36.7500","2012-08-11 22:00:00"
"18311","824","6","50","2012-07-15 00:00:00","2012-07-26 00:00:00","2012-07-15 00:00:00","2012-08-12 00:00:00","3.0000","36.7500","36.7500","2012-08-11 22:00:00"
"18312","828","6","50","2012-07-15 00:00:00","2012-07-26 00:00:00","2012-07-15 00:00:00","2012-08-12 00:00:00","3.0000","36.7500","36.7500","2012-08-11 22:00:00"
"18316","894","6","50","2012-07-15 00:00:00","2012-07-26 00:00:00","2012-07-15 00:00:00","2012-08-12 00:00:00","3.0000","36.7500","36.7500","2012-08-11 22:00:00"
"18317","945","1","10","2012-07-15 00:00:00","2012-07-26 00:00:00","2012-07-15 00:00:00","2012-08-12 00:00:00","4.1000","92.2500","92.2500","2012-08-11 22:00:00"
"18317","945","6","50","2012-07-15 00:00:00","2012-07-26 00:00:00","2012-07-15 00:00:00","2012-08-12 00:00:00","3.0000","36.7500","36.7500","2012-08-11 22:00:00"
"18318","950","6","50","2012-07-15 00:00:00","2012-07-26 00:00:00","2012-07-15 00:00:00","2012-08-12 00:00:00","3.0000","36.7500","36.7500","2012-08-11 22:00:00"
"18319","995","6","50","2012-07-15 00:00:00","2012-07-26 00:00:00","2012-07-15 00:00:00","2012-08-12 00:00:00","3.0000","36.7500","36.7500","2012-08-11 22:00:00"
"18320","996","6","50","2012-07-15 00:00:00","2012-07-26 00:00:00","2012-07-15 00:00:00","2012-08-12 00:00:00","3.0000","36.7500","36.7500","2012-08-11 22:00:00"
"18333","804","1","10","2012-07-15 00:00:00","2012-07-26 00:00:00","2012-07-15 00:00:00","2012-08-12 00:00:00","4.1000","92.2500","92.2500","2012-08-11 22:00:00"
"18333","804","6","50","2012-07-15 00:00:00","2012-07-26 00:00:00","2012-07-15 00:00:00","2012-08-12 00:00:00","3.0000","36.7500","36.7500","2012-08-11 22:00:00"
"18338","766","7","60","2012-07-16 00:00:00","2012-07-27 00:00:00","2012-07-23 00:00:00","2012-07-27 00:00:00","4.0000","49.0000","49.0000","2012-07-26 22:00:00"
"18339","780","7","60","2012-07-16 00:00:00","2012-07-27 00:00:00","2012-07-23 00:00:00","2012-07-27 00:00:00","4.0000","49.0000","49.0000","2012-07-26 22:00:00"
"18340","781","7","60","2012-07-16 00:00:00","2012-07-27 00:00:00","2012-07-23 00:00:00","2012-07-27 00:00:00","4.0000","49.0000","49.0000","2012-07-26 22:00:00"
"18341","782","7","60","2012-07-16 00:00:00","2012-07-27 00:00:00","2012-07-23 00:00:00","2012-07-27 00:00:00","4.0000","49.0000","49.0000","2012-07-26 22:00:00"
"18342","789","7","60","2012-07-16 00:00:00","2012-07-27 00:00:00","2012-07-23 00:00:00","2012-07-27 00:00:00","4.0000","49.0000","49.0000","2012-07-26 22:00:00"
"18343","791","7","60","2012-07-16 00:00:00","2012-07-27 00:00:00","2012-07-23 00:00:00","2012-07-27 00:00:00","4.0000","49.0000","49.0000","2012-07-26 22:00:00"
"18344","795","7","60","2012-07-16 00:00:00","2012-07-27 00:00:00","2012-07-23 00:00:00","2012-07-27 00:00:00","4.0000","49.0000","49.0000","2012-07-26 22:00:00"
"18345","796","7","60","2012-07-16 00:00:00","2012-07-27 00:00:00","2012-07-23 00:00:00","2012-07-27 00:00:00","4.0000","49.0000","49.0000","2012-07-26 22:00:00"
"18346","797","7","60","2012-07-16 00:00:00","2012-07-27 00:00:00","2012-07-23 00:00:00","2012-07-27 00:00:00","4.0000","49.0000","49.0000","2012-07-26 22:00:00"
"18347","798","7","60","2012-07-16 00:00:00","2012-07-27 00:00:00","2012-07-23 00:00:00","2012-07-27 00:00:00","4.0000","49.0000","49.0000","2012-07-26 22:00:00"
"18348","516","6","50","2012-07-16 00:00:00","2012-07-27 00:00:00","2012-07-23 00:00:00","2012-07-27 00:00:00","3.0000","36.7500","36.7500","2012-07-26 22:00:00"
"18348","516","7","60","2012-07-16 00:00:00","2012-07-27 00:00:00","2012-07-23 00:00:00","2012-07-27 00:00:00","4.0000","49.0000","49.0000","2012-07-26 22:00:00"
"18349","517","6","50","2012-07-16 00:00:00","2012-07-27 00:00:00","2012-07-23 00:00:00","2012-07-27 00:00:00","3.0000","36.7500","36.7500","2012-07-26 22:00:00"
"18349","517","7","60","2012-07-16 00:00:00","2012-07-27 00:00:00","2012-07-23 00:00:00","2012-07-27 00:00:00","4.0000","49.0000","49.0000","2012-07-26 22:00:00"
"18350","518","6","50","2012-07-16 00:00:00","2012-07-27 00:00:00","2012-07-23 00:00:00","2012-07-27 00:00:00","3.0000","36.7500","36.7500","2012-07-26 22:00:00"
"18350","518","7","60","2012-07-16 00:00:00","2012-07-27 00:00:00","2012-07-23 00:00:00","2012-07-27 00:00:00","4.0000","49.0000","49.0000","2012-07-26 22:00:00"
"18351","519","6","50","2012-07-16 00:00:00","2012-07-27 00:00:00","2012-07-23 00:00:00","2012-07-27 00:00:00","3.0000","36.7500","36.7500","2012-07-26 22:00:00"
"18351","519","7","60","2012-07-16 00:00:00","2012-07-27 00:00:00","2012-07-23 00:00:00","2012-07-27 00:00:00","4.0000","49.0000","49.0000","2012-07-26 22:00:00"
"18358","747","1","10","2012-07-16 00:00:00","2012-07-27 00:00:00","2012-07-23 00:00:00","2012-07-27 00:00:00","4.1000","92.2500","92.2500","2012-07-26 22:00:00"
"18358","747","2","20","2012-07-16 00:00:00","2012-07-27 00:00:00","2012-07-23 00:00:00","2012-07-27 00:00:00","3.5000","87.5000","87.5000","2012-07-26 22:00:00"
"18358","747","3","30","2012-07-16 00:00:00","2012-07-27 00:00:00","2012-07-23 00:00:00","2012-07-27 00:00:00","1.0000","14.5000","14.5000","2012-07-26 22:00:00"
"18358","747","4","40","2012-07-16 00:00:00","2012-07-27 00:00:00","2012-07-23 00:00:00","2012-07-27 00:00:00","2.0000","31.5000","31.5000","2012-07-26 22:00:00"
"18358","747","6","50","2012-07-16 00:00:00","2012-07-27 00:00:00","2012-07-23 00:00:00","2012-07-27 00:00:00","3.0000","36.7500","36.7500","2012-07-26 22:00:00"
"18358","747","7","60","2012-07-16 00:00:00","2012-07-27 00:00:00","2012-07-23 00:00:00","2012-07-27 00:00:00","4.0000","49.0000","49.0000","2012-07-26 22:00:00"
"18359","806","6","50","2012-07-16 00:00:00","2012-07-27 00:00:00","2012-07-23 00:00:00","2012-07-27 00:00:00","3.0000","36.7500","36.7500","2012-07-26 22:00:00"
"18360","810","1","10","2012-07-16 00:00:00","2012-07-27 00:00:00","2012-07-23 00:00:00","2012-07-27 00:00:00","4.1000","92.2500","92.2500","2012-07-26 22:00:00"
"18360","810","2","20","2012-07-16 00:00:00","2012-07-27 00:00:00","2012-07-23 00:00:00","2012-07-27 00:00:00","3.5000","87.5000","87.5000","2012-07-26 22:00:00"
"18360","810","6","50","2012-07-16 00:00:00","2012-07-27 00:00:00","2012-07-23 00:00:00","2012-07-27 00:00:00","3.0000","36.7500","36.7500","2012-07-26 22:00:00"
"18361","811","1","10","2012-07-16 00:00:00","2012-07-27 00:00:00","2012-07-23 00:00:00","2012-07-27 00:00:00","4.1000","92.2500","92.2500","2012-07-26 22:00:00"
"18361","811","2","20","2012-07-16 00:00:00","2012-07-27 00:00:00","2012-07-23 00:00:00","2012-07-27 00:00:00","3.5000","87.5000","87.5000","2012-07-26 22:00:00"
"18361","811","6","50","2012-07-16 00:00:00","2012-07-27 00:00:00","2012-07-23 00:00:00","2012-07-27 00:00:00","3.0000","36.7500","36.7500","2012-07-26 22:00:00"
"18362","812","1","10","2012-07-16 00:00:00","2012-07-27 00:00:00","2012-07-23 00:00:00","2012-07-27 00:00:00","4.1000","92.2500","92.2500","2012-07-26 22:00:00"
"18362","812","2","20","2012-07-16 00:00:00","2012-07-27 00:00:00","2012-07-23 00:00:00","2012-07-27 00:00:00","3.5000","87.5000","87.5000","2012-07-26 22:00:00"
"18362","812","6","50","2012-07-16 00:00:00","2012-07-27 00:00:00","2012-07-23 00:00:00","2012-07-27 00:00:00","3.0000","36.7500","36.7500","2012-07-26 22:00:00"
"18363","813","1","10","2012-07-16 00:00:00","2012-07-27 00:00:00","2012-07-23 00:00:00","2012-07-27 00:00:00","4.1000","92.2500","92.2500","2012-07-26 22:00:00"
"18363","813","2","20","2012-07-16 00:00:00","2012-07-27 00:00:00","2012-07-23 00:00:00","2012-07-27 00:00:00","3.5000","87.5000","87.5000","2012-07-26 22:00:00"
"18363","813","6","50","2012-07-16 00:00:00","2012-07-27 00:00:00","2012-07-23 00:00:00","2012-07-27 00:00:00","3.0000","36.7500","36.7500","2012-07-26 22:00:00"
"18364","816","6","50","2012-07-16 00:00:00","2012-07-27 00:00:00","2012-07-23 00:00:00","2012-07-27 00:00:00","3.0000","36.7500","36.7500","2012-07-26 22:00:00"
"18365","818","6","50","2012-07-16 00:00:00","2012-07-27 00:00:00","2012-07-23 00:00:00","2012-07-27 00:00:00","3.0000","36.7500","36.7500","2012-07-26 22:00:00"
"18366","819","6","50","2012-07-16 00:00:00","2012-07-27 00:00:00","2012-07-23 00:00:00","2012-07-27 00:00:00","3.0000","36.7500","36.7500","2012-07-26 22:00:00"
"18367","820","6","50","2012-07-16 00:00:00","2012-07-27 00:00:00","2012-07-23 00:00:00","2012-07-27 00:00:00","3.0000","36.7500","36.7500","2012-07-26 22:00:00"
"18368","822","1","10","2012-07-16 00:00:00","2012-07-27 00:00:00","2012-07-23 00:00:00","2012-07-27 00:00:00","4.1000","92.2500","92.2500","2012-07-26 22:00:00"
"18368","822","2","20","2012-07-16 00:00:00","2012-07-27 00:00:00","2012-07-23 00:00:00","2012-07-27 00:00:00","3.5000","87.5000","87.5000","2012-07-26 22:00:00"
"18368","822","3","30","2012-07-16 00:00:00","2012-07-27 00:00:00","2012-07-23 00:00:00","2012-07-27 00:00:00","1.0000","14.5000","14.5000","2012-07-26 22:00:00"
"18368","822","4","40","2012-07-16 00:00:00","2012-07-27 00:00:00","2012-07-23 00:00:00","2012-07-27 00:00:00","2.0000","31.5000","31.5000","2012-07-26 22:00:00"
"18368","822","6","50","2012-07-16 00:00:00","2012-07-27 00:00:00","2012-07-23 00:00:00","2012-07-27 00:00:00","3.0000","36.7500","36.7500","2012-07-26 22:00:00"
"18368","822","7","60","2012-07-16 00:00:00","2012-07-27 00:00:00","2012-07-23 00:00:00","2012-07-27 00:00:00","4.0000","49.0000","49.0000","2012-07-26 22:00:00"
"18369","824","6","50","2012-07-16 00:00:00","2012-07-27 00:00:00","2012-07-23 00:00:00","2012-07-27 00:00:00","3.0000","36.7500","36.7500","2012-07-26 22:00:00"
"18370","826","6","50","2012-07-16 00:00:00","2012-07-27 00:00:00","2012-07-23 00:00:00","2012-07-27 00:00:00","3.0000","36.7500","36.7500","2012-07-26 22:00:00"
"18371","827","6","50","2012-07-16 00:00:00","2012-07-27 00:00:00","2012-07-23 00:00:00","2012-07-27 00:00:00","3.0000","36.7500","36.7500","2012-07-26 22:00:00"
"18372","828","6","50","2012-07-16 00:00:00","2012-07-27 00:00:00","2012-07-23 00:00:00","2012-07-27 00:00:00","3.0000","36.7500","36.7500","2012-07-26 22:00:00"
"18375","894","6","50","2012-07-16 00:00:00","2012-07-27 00:00:00","2012-07-23 00:00:00","2012-07-27 00:00:00","3.0000","36.7500","36.7500","2012-07-26 22:00:00"
"18376","945","1","10","2012-07-16 00:00:00","2012-07-27 00:00:00","2012-07-23 00:00:00","2012-07-27 00:00:00","4.1000","92.2500","92.2500","2012-07-26 22:00:00"
"18376","945","6","50","2012-07-16 00:00:00","2012-07-27 00:00:00","2012-07-23 00:00:00","2012-07-27 00:00:00","3.0000","36.7500","36.7500","2012-07-26 22:00:00"
"18377","950","6","50","2012-07-16 00:00:00","2012-07-27 00:00:00","2012-07-23 00:00:00","2012-07-27 00:00:00","3.0000","36.7500","36.7500","2012-07-26 22:00:00"
"18378","994","6","50","2012-07-16 00:00:00","2012-07-27 00:00:00","2012-07-23 00:00:00","2012-07-27 00:00:00","3.0000","36.7500","36.7500","2012-07-26 22:00:00"
"18379","995","6","50","2012-07-16 00:00:00","2012-07-27 00:00:00","2012-07-23 00:00:00","2012-07-27 00:00:00","3.0000","36.7500","36.7500","2012-07-26 22:00:00"
"18380","996","6","50","2012-07-16 00:00:00","2012-07-27 00:00:00","2012-07-23 00:00:00","2012-07-27 00:00:00","3.0000","36.7500","36.7500","2012-07-26 22:00:00"
"18394","802","1","10","2012-07-16 00:00:00","2012-07-27 00:00:00","2012-07-23 00:00:00","2012-07-27 00:00:00","4.1000","92.2500","92.2500","2012-07-26 22:00:00"
"18394","802","6","50","2012-07-16 00:00:00","2012-07-27 00:00:00","2012-07-23 00:00:00","2012-07-27 00:00:00","3.0000","36.7500","36.7500","2012-07-26 22:00:00"
"18395","803","1","10","2012-07-16 00:00:00","2012-07-27 00:00:00","2012-07-23 00:00:00","2012-07-27 00:00:00","4.1000","92.2500","92.2500","2012-07-26 22:00:00"
"18395","803","6","50","2012-07-16 00:00:00","2012-07-27 00:00:00","2012-07-23 00:00:00","2012-07-27 00:00:00","3.0000","36.7500","36.7500","2012-07-26 22:00:00"
"18396","804","1","10","2012-07-16 00:00:00","2012-07-27 00:00:00","2012-07-23 00:00:00","2012-07-27 00:00:00","4.1000","92.2500","92.2500","2012-07-26 22:00:00"
"18396","804","6","50","2012-07-16 00:00:00","2012-07-27 00:00:00","2012-07-23 00:00:00","2012-07-27 00:00:00","3.0000","36.7500","36.7500","2012-07-26 22:00:00"
"18401","763","7","60","2012-07-17 00:00:00","2012-07-28 00:00:00","2012-07-17 00:00:00","2012-08-16 00:00:00","4.0000","49.0000","49.0000","2012-08-15 22:00:00"
"18402","784","7","60","2012-07-17 00:00:00","2012-07-28 00:00:00","2012-07-17 00:00:00","2012-08-16 00:00:00","4.0000","49.0000","49.0000","2012-08-15 22:00:00"
"18403","790","7","60","2012-07-17 00:00:00","2012-07-28 00:00:00","2012-07-17 00:00:00","2012-08-16 00:00:00","4.0000","49.0000","49.0000","2012-08-15 22:00:00"
"18404","792","7","60","2012-07-17 00:00:00","2012-07-28 00:00:00","2012-07-17 00:00:00","2012-08-16 00:00:00","4.0000","49.0000","49.0000","2012-08-15 22:00:00"
"18405","793","7","60","2012-07-17 00:00:00","2012-07-28 00:00:00","2012-07-17 00:00:00","2012-08-16 00:00:00","4.0000","49.0000","49.0000","2012-08-15 22:00:00"
"18406","795","7","60","2012-07-17 00:00:00","2012-07-28 00:00:00","2012-07-17 00:00:00","2012-08-16 00:00:00","4.0000","49.0000","49.0000","2012-08-15 22:00:00"
"18407","796","7","60","2012-07-17 00:00:00","2012-07-28 00:00:00","2012-07-17 00:00:00","2012-08-16 00:00:00","4.0000","49.0000","49.0000","2012-08-15 22:00:00"
"18408","799","7","60","2012-07-17 00:00:00","2012-07-28 00:00:00","2012-07-17 00:00:00","2012-08-16 00:00:00","4.0000","49.0000","49.0000","2012-08-15 22:00:00"
"18409","801","7","60","2012-07-17 00:00:00","2012-07-28 00:00:00","2012-07-17 00:00:00","2012-08-16 00:00:00","4.0000","49.0000","49.0000","2012-08-15 22:00:00"
"18410","516","6","50","2012-07-17 00:00:00","2012-07-28 00:00:00","2012-07-17 00:00:00","2012-08-16 00:00:00","3.0000","36.7500","36.7500","2012-08-15 22:00:00"
"18410","516","7","60","2012-07-17 00:00:00","2012-07-28 00:00:00","2012-07-17 00:00:00","2012-08-16 00:00:00","4.0000","49.0000","49.0000","2012-08-15 22:00:00"
"18411","517","6","50","2012-07-17 00:00:00","2012-07-28 00:00:00","2012-07-17 00:00:00","2012-08-16 00:00:00","3.0000","36.7500","36.7500","2012-08-15 22:00:00"
"18411","517","7","60","2012-07-17 00:00:00","2012-07-28 00:00:00","2012-07-17 00:00:00","2012-08-16 00:00:00","4.0000","49.0000","49.0000","2012-08-15 22:00:00"
"18412","518","6","50","2012-07-17 00:00:00","2012-07-28 00:00:00","2012-07-17 00:00:00","2012-08-16 00:00:00","3.0000","36.7500","36.7500","2012-08-15 22:00:00"
"18412","518","7","60","2012-07-17 00:00:00","2012-07-28 00:00:00","2012-07-17 00:00:00","2012-08-16 00:00:00","4.0000","49.0000","49.0000","2012-08-15 22:00:00"
"18413","519","6","50","2012-07-17 00:00:00","2012-07-28 00:00:00","2012-07-17 00:00:00","2012-08-16 00:00:00","3.0000","36.7500","36.7500","2012-08-15 22:00:00"
"18413","519","7","60","2012-07-17 00:00:00","2012-07-28 00:00:00","2012-07-17 00:00:00","2012-08-16 00:00:00","4.0000","49.0000","49.0000","2012-08-15 22:00:00"
"18419","806","6","50","2012-07-17 00:00:00","2012-07-28 00:00:00","2012-07-17 00:00:00","2012-08-16 00:00:00","3.0000","36.7500","36.7500","2012-08-15 22:00:00"
"18420","810","1","10","2012-07-17 00:00:00","2012-07-28 00:00:00","2012-07-17 00:00:00","2012-08-16 00:00:00","4.1000","92.2500","92.2500","2012-08-15 22:00:00"
"18420","810","2","20","2012-07-17 00:00:00","2012-07-28 00:00:00","2012-07-17 00:00:00","2012-08-16 00:00:00","3.5000","87.5000","87.5000","2012-08-15 22:00:00"
"18420","810","6","50","2012-07-17 00:00:00","2012-07-28 00:00:00","2012-07-17 00:00:00","2012-08-16 00:00:00","3.0000","36.7500","36.7500","2012-08-15 22:00:00"
"18421","811","1","10","2012-07-17 00:00:00","2012-07-28 00:00:00","2012-07-17 00:00:00","2012-08-16 00:00:00","4.1000","92.2500","92.2500","2012-08-15 22:00:00"
"18421","811","2","20","2012-07-17 00:00:00","2012-07-28 00:00:00","2012-07-17 00:00:00","2012-08-16 00:00:00","3.5000","87.5000","87.5000","2012-08-15 22:00:00"
"18421","811","6","50","2012-07-17 00:00:00","2012-07-28 00:00:00","2012-07-17 00:00:00","2012-08-16 00:00:00","3.0000","36.7500","36.7500","2012-08-15 22:00:00"
"18422","812","1","10","2012-07-17 00:00:00","2012-07-28 00:00:00","2012-07-17 00:00:00","2012-08-16 00:00:00","4.1000","92.2500","92.2500","2012-08-15 22:00:00"
"18422","812","2","20","2012-07-17 00:00:00","2012-07-28 00:00:00","2012-07-17 00:00:00","2012-08-16 00:00:00","3.5000","87.5000","87.5000","2012-08-15 22:00:00"
"18422","812","6","50","2012-07-17 00:00:00","2012-07-28 00:00:00","2012-07-17 00:00:00","2012-08-16 00:00:00","3.0000","36.7500","36.7500","2012-08-15 22:00:00"
"18423","813","1","10","2012-07-17 00:00:00","2012-07-28 00:00:00","2012-07-17 00:00:00","2012-08-16 00:00:00","4.1000","92.2500","92.2500","2012-08-15 22:00:00"
"18423","813","2","20","2012-07-17 00:00:00","2012-07-28 00:00:00","2012-07-17 00:00:00","2012-08-16 00:00:00","3.5000","87.5000","87.5000","2012-08-15 22:00:00"
"18423","813","6","50","2012-07-17 00:00:00","2012-07-28 00:00:00","2012-07-17 00:00:00","2012-08-16 00:00:00","3.0000","36.7500","36.7500","2012-08-15 22:00:00"
"18424","816","6","50","2012-07-17 00:00:00","2012-07-28 00:00:00","2012-07-17 00:00:00","2012-08-16 00:00:00","3.0000","36.7500","36.7500","2012-08-15 22:00:00"
"18425","818","6","50","2012-07-17 00:00:00","2012-07-28 00:00:00","2012-07-17 00:00:00","2012-08-16 00:00:00","3.0000","36.7500","36.7500","2012-08-15 22:00:00"
"18426","819","6","50","2012-07-17 00:00:00","2012-07-28 00:00:00","2012-07-17 00:00:00","2012-08-16 00:00:00","3.0000","36.7500","36.7500","2012-08-15 22:00:00"
"18427","820","6","50","2012-07-17 00:00:00","2012-07-28 00:00:00","2012-07-17 00:00:00","2012-08-16 00:00:00","3.0000","36.7500","36.7500","2012-08-15 22:00:00"
"18428","824","6","50","2012-07-17 00:00:00","2012-07-28 00:00:00","2012-07-17 00:00:00","2012-08-16 00:00:00","3.0000","36.7500","36.7500","2012-08-15 22:00:00"
"18429","826","6","50","2012-07-17 00:00:00","2012-07-28 00:00:00","2012-07-17 00:00:00","2012-08-16 00:00:00","3.0000","36.7500","36.7500","2012-08-15 22:00:00"
"18430","827","6","50","2012-07-17 00:00:00","2012-07-28 00:00:00","2012-07-17 00:00:00","2012-08-16 00:00:00","3.0000","36.7500","36.7500","2012-08-15 22:00:00"
"18431","828","6","50","2012-07-17 00:00:00","2012-07-28 00:00:00","2012-07-17 00:00:00","2012-08-16 00:00:00","3.0000","36.7500","36.7500","2012-08-15 22:00:00"
"18436","894","6","50","2012-07-17 00:00:00","2012-07-28 00:00:00","2012-07-17 00:00:00","2012-08-16 00:00:00","3.0000","36.7500","36.7500","2012-08-15 22:00:00"
"18437","945","1","10","2012-07-17 00:00:00","2012-07-28 00:00:00","2012-07-17 00:00:00","2012-08-16 00:00:00","4.1000","92.2500","92.2500","2012-08-15 22:00:00"
"18437","945","6","50","2012-07-17 00:00:00","2012-07-28 00:00:00","2012-07-17 00:00:00","2012-08-16 00:00:00","3.0000","36.7500","36.7500","2012-08-15 22:00:00"
"18438","950","6","50","2012-07-17 00:00:00","2012-07-28 00:00:00","2012-07-17 00:00:00","2012-08-16 00:00:00","3.0000","36.7500","36.7500","2012-08-15 22:00:00"
"18439","994","6","50","2012-07-17 00:00:00","2012-07-28 00:00:00","2012-07-17 00:00:00","2012-08-16 00:00:00","3.0000","36.7500","36.7500","2012-08-15 22:00:00"
"18440","995","6","50","2012-07-17 00:00:00","2012-07-28 00:00:00","2012-07-17 00:00:00","2012-08-16 00:00:00","3.0000","36.7500","36.7500","2012-08-15 22:00:00"
"18441","996","6","50","2012-07-17 00:00:00","2012-07-28 00:00:00","2012-07-17 00:00:00","2012-08-16 00:00:00","3.0000","36.7500","36.7500","2012-08-15 22:00:00"
"18455","802","1","10","2012-07-17 00:00:00","2012-07-28 00:00:00","2012-07-17 00:00:00","2012-08-16 00:00:00","4.1000","92.2500","92.2500","2012-08-15 22:00:00"
"18455","802","6","50","2012-07-17 00:00:00","2012-07-28 00:00:00","2012-07-17 00:00:00","2012-08-16 00:00:00","3.0000","36.7500","36.7500","2012-08-15 22:00:00"
"18456","803","1","10","2012-07-17 00:00:00","2012-07-28 00:00:00","2012-07-17 00:00:00","2012-08-16 00:00:00","4.1000","92.2500","92.2500","2012-08-15 22:00:00"
"18456","803","6","50","2012-07-17 00:00:00","2012-07-28 00:00:00","2012-07-17 00:00:00","2012-08-16 00:00:00","3.0000","36.7500","36.7500","2012-08-15 22:00:00"
"18457","804","1","10","2012-07-17 00:00:00","2012-07-28 00:00:00","2012-07-17 00:00:00","2012-08-16 00:00:00","4.1000","92.2500","92.2500","2012-08-15 22:00:00"
"18457","804","6","50","2012-07-17 00:00:00","2012-07-28 00:00:00","2012-07-17 00:00:00","2012-08-16 00:00:00","3.0000","36.7500","36.7500","2012-08-15 22:00:00"
"18462","760","7","60","2012-07-18 00:00:00","2012-07-29 00:00:00","2012-07-27 00:00:00","2012-07-29 00:00:00","4.0000","49.0000","49.0000","2012-07-28 22:00:00"
"18463","781","7","60","2012-07-18 00:00:00","2012-07-29 00:00:00","2012-07-27 00:00:00","2012-07-29 00:00:00","4.0000","49.0000","49.0000","2012-07-28 22:00:00"
"18464","791","7","60","2012-07-18 00:00:00","2012-07-29 00:00:00","2012-07-27 00:00:00","2012-07-29 00:00:00","4.0000","49.0000","49.0000","2012-07-28 22:00:00"
"18465","793","7","60","2012-07-18 00:00:00","2012-07-29 00:00:00","2012-07-27 00:00:00","2012-07-29 00:00:00","4.0000","49.0000","49.0000","2012-07-28 22:00:00"
"18466","516","6","50","2012-07-18 00:00:00","2012-07-29 00:00:00","2012-07-27 00:00:00","2012-07-29 00:00:00","3.0000","36.7500","36.7500","2012-07-28 22:00:00"
"18466","516","7","60","2012-07-18 00:00:00","2012-07-29 00:00:00","2012-07-27 00:00:00","2012-07-29 00:00:00","4.0000","49.0000","49.0000","2012-07-28 22:00:00"
"18467","517","6","50","2012-07-18 00:00:00","2012-07-29 00:00:00","2012-07-27 00:00:00","2012-07-29 00:00:00","3.0000","36.7500","36.7500","2012-07-28 22:00:00"
"18467","517","7","60","2012-07-18 00:00:00","2012-07-29 00:00:00","2012-07-27 00:00:00","2012-07-29 00:00:00","4.0000","49.0000","49.0000","2012-07-28 22:00:00"
"18468","519","6","50","2012-07-18 00:00:00","2012-07-29 00:00:00","2012-07-27 00:00:00","2012-07-29 00:00:00","3.0000","36.7500","36.7500","2012-07-28 22:00:00"
"18468","519","7","60","2012-07-18 00:00:00","2012-07-29 00:00:00","2012-07-27 00:00:00","2012-07-29 00:00:00","4.0000","49.0000","49.0000","2012-07-28 22:00:00"
"18472","806","6","50","2012-07-18 00:00:00","2012-07-29 00:00:00","2012-07-27 00:00:00","2012-07-29 00:00:00","3.0000","36.7500","36.7500","2012-07-28 22:00:00"
"18473","810","1","10","2012-07-18 00:00:00","2012-07-29 00:00:00","2012-07-27 00:00:00","2012-07-29 00:00:00","4.1000","92.2500","92.2500","2012-07-28 22:00:00"
"18473","810","2","20","2012-07-18 00:00:00","2012-07-29 00:00:00","2012-07-27 00:00:00","2012-07-29 00:00:00","3.5000","87.5000","87.5000","2012-07-28 22:00:00"
"18473","810","6","50","2012-07-18 00:00:00","2012-07-29 00:00:00","2012-07-27 00:00:00","2012-07-29 00:00:00","3.0000","36.7500","36.7500","2012-07-28 22:00:00"
"18474","811","1","10","2012-07-18 00:00:00","2012-07-29 00:00:00","2012-07-27 00:00:00","2012-07-29 00:00:00","4.1000","92.2500","92.2500","2012-07-28 22:00:00"
"18474","811","2","20","2012-07-18 00:00:00","2012-07-29 00:00:00","2012-07-27 00:00:00","2012-07-29 00:00:00","3.5000","87.5000","87.5000","2012-07-28 22:00:00"
"18474","811","6","50","2012-07-18 00:00:00","2012-07-29 00:00:00","2012-07-27 00:00:00","2012-07-29 00:00:00","3.0000","36.7500","36.7500","2012-07-28 22:00:00"
"18475","813","1","10","2012-07-18 00:00:00","2012-07-29 00:00:00","2012-07-27 00:00:00","2012-07-29 00:00:00","4.1000","92.2500","92.2500","2012-07-28 22:00:00"
"18475","813","2","20","2012-07-18 00:00:00","2012-07-29 00:00:00","2012-07-27 00:00:00","2012-07-29 00:00:00","3.5000","87.5000","87.5000","2012-07-28 22:00:00"
"18475","813","6","50","2012-07-18 00:00:00","2012-07-29 00:00:00","2012-07-27 00:00:00","2012-07-29 00:00:00","3.0000","36.7500","36.7500","2012-07-28 22:00:00"
"18476","816","6","50","2012-07-18 00:00:00","2012-07-29 00:00:00","2012-07-27 00:00:00","2012-07-29 00:00:00","3.0000","36.7500","36.7500","2012-07-28 22:00:00"
"18477","818","6","50","2012-07-18 00:00:00","2012-07-29 00:00:00","2012-07-27 00:00:00","2012-07-29 00:00:00","3.0000","36.7500","36.7500","2012-07-28 22:00:00"
"18478","820","6","50","2012-07-18 00:00:00","2012-07-29 00:00:00","2012-07-27 00:00:00","2012-07-29 00:00:00","3.0000","36.7500","36.7500","2012-07-28 22:00:00"
"18479","824","6","50","2012-07-18 00:00:00","2012-07-29 00:00:00","2012-07-27 00:00:00","2012-07-29 00:00:00","3.0000","36.7500","36.7500","2012-07-28 22:00:00"
"18480","826","6","50","2012-07-18 00:00:00","2012-07-29 00:00:00","2012-07-27 00:00:00","2012-07-29 00:00:00","3.0000","36.7500","36.7500","2012-07-28 22:00:00"
"18481","828","6","50","2012-07-18 00:00:00","2012-07-29 00:00:00","2012-07-27 00:00:00","2012-07-29 00:00:00","3.0000","36.7500","36.7500","2012-07-28 22:00:00"
"18483","894","6","50","2012-07-18 00:00:00","2012-07-29 00:00:00","2012-07-27 00:00:00","2012-07-29 00:00:00","3.0000","36.7500","36.7500","2012-07-28 22:00:00"
"18484","945","1","10","2012-07-18 00:00:00","2012-07-29 00:00:00","2012-07-27 00:00:00","2012-07-29 00:00:00","4.1000","92.2500","92.2500","2012-07-28 22:00:00"
"18484","945","6","50","2012-07-18 00:00:00","2012-07-29 00:00:00","2012-07-27 00:00:00","2012-07-29 00:00:00","3.0000","36.7500","36.7500","2012-07-28 22:00:00"
"18485","950","6","50","2012-07-18 00:00:00","2012-07-29 00:00:00","2012-07-27 00:00:00","2012-07-29 00:00:00","3.0000","36.7500","36.7500","2012-07-28 22:00:00"
"18486","994","6","50","2012-07-18 00:00:00","2012-07-29 00:00:00","2012-07-27 00:00:00","2012-07-29 00:00:00","3.0000","36.7500","36.7500","2012-07-28 22:00:00"
"18487","995","6","50","2012-07-18 00:00:00","2012-07-29 00:00:00","2012-07-27 00:00:00","2012-07-29 00:00:00","3.0000","36.7500","36.7500","2012-07-28 22:00:00"
"18488","996","6","50","2012-07-18 00:00:00","2012-07-29 00:00:00","2012-07-27 00:00:00","2012-07-29 00:00:00","3.0000","36.7500","36.7500","2012-07-28 22:00:00"
"18502","802","1","10","2012-07-18 00:00:00","2012-07-29 00:00:00","2012-07-27 00:00:00","2012-07-29 00:00:00","4.1000","92.2500","92.2500","2012-07-28 22:00:00"
"18502","802","6","50","2012-07-18 00:00:00","2012-07-29 00:00:00","2012-07-27 00:00:00","2012-07-29 00:00:00","3.0000","36.7500","36.7500","2012-07-28 22:00:00"
"18503","804","1","10","2012-07-18 00:00:00","2012-07-29 00:00:00","2012-07-27 00:00:00","2012-07-29 00:00:00","4.1000","92.2500","92.2500","2012-07-28 22:00:00"
"18503","804","6","50","2012-07-18 00:00:00","2012-07-29 00:00:00","2012-07-27 00:00:00","2012-07-29 00:00:00","3.0000","36.7500","36.7500","2012-07-28 22:00:00"
"18508","765","7","60","2012-07-19 00:00:00","2012-07-30 00:00:00","2012-07-19 00:00:00","2012-08-20 00:00:00","4.0000","49.0000","49.0000","2012-08-19 22:00:00"
"18509","767","7","60","2012-07-19 00:00:00","2012-07-30 00:00:00","2012-07-19 00:00:00","2012-08-20 00:00:00","4.0000","49.0000","49.0000","2012-08-19 22:00:00"
"18510","779","7","60","2012-07-19 00:00:00","2012-07-30 00:00:00","2012-07-19 00:00:00","2012-08-20 00:00:00","4.0000","49.0000","49.0000","2012-08-19 22:00:00"
"18511","783","7","60","2012-07-19 00:00:00","2012-07-30 00:00:00","2012-07-19 00:00:00","2012-08-20 00:00:00","4.0000","49.0000","49.0000","2012-08-19 22:00:00"
"18512","784","7","60","2012-07-19 00:00:00","2012-07-30 00:00:00","2012-07-19 00:00:00","2012-08-20 00:00:00","4.0000","49.0000","49.0000","2012-08-19 22:00:00"
"18513","790","7","60","2012-07-19 00:00:00","2012-07-30 00:00:00","2012-07-19 00:00:00","2012-08-20 00:00:00","4.0000","49.0000","49.0000","2012-08-19 22:00:00"
"18514","791","7","60","2012-07-19 00:00:00","2012-07-30 00:00:00","2012-07-19 00:00:00","2012-08-20 00:00:00","4.0000","49.0000","49.0000","2012-08-19 22:00:00"
"18515","795","7","60","2012-07-19 00:00:00","2012-07-30 00:00:00","2012-07-19 00:00:00","2012-08-20 00:00:00","4.0000","49.0000","49.0000","2012-08-19 22:00:00"
"18516","801","7","60","2012-07-19 00:00:00","2012-07-30 00:00:00","2012-07-19 00:00:00","2012-08-20 00:00:00","4.0000","49.0000","49.0000","2012-08-19 22:00:00"
"18517","516","6","50","2012-07-19 00:00:00","2012-07-30 00:00:00","2012-07-19 00:00:00","2012-08-20 00:00:00","3.0000","36.7500","36.7500","2012-08-19 22:00:00"
"18517","516","7","60","2012-07-19 00:00:00","2012-07-30 00:00:00","2012-07-19 00:00:00","2012-08-20 00:00:00","4.0000","49.0000","49.0000","2012-08-19 22:00:00"
"18518","517","6","50","2012-07-19 00:00:00","2012-07-30 00:00:00","2012-07-19 00:00:00","2012-08-20 00:00:00","3.0000","36.7500","36.7500","2012-08-19 22:00:00"
"18518","517","7","60","2012-07-19 00:00:00","2012-07-30 00:00:00","2012-07-19 00:00:00","2012-08-20 00:00:00","4.0000","49.0000","49.0000","2012-08-19 22:00:00"
"18519","518","6","50","2012-07-19 00:00:00","2012-07-30 00:00:00","2012-07-19 00:00:00","2012-08-20 00:00:00","3.0000","36.7500","36.7500","2012-08-19 22:00:00"
"18519","518","7","60","2012-07-19 00:00:00","2012-07-30 00:00:00","2012-07-19 00:00:00","2012-08-20 00:00:00","4.0000","49.0000","49.0000","2012-08-19 22:00:00"
"18520","519","6","50","2012-07-19 00:00:00","2012-07-30 00:00:00","2012-07-19 00:00:00","2012-08-20 00:00:00","3.0000","36.7500","36.7500","2012-08-19 22:00:00"
"18520","519","7","60","2012-07-19 00:00:00","2012-07-30 00:00:00","2012-07-19 00:00:00","2012-08-20 00:00:00","4.0000","49.0000","49.0000","2012-08-19 22:00:00"
"18527","748","1","10","2012-07-19 00:00:00","2012-07-30 00:00:00","2012-07-19 00:00:00","2012-08-20 00:00:00","4.1000","92.2500","92.2500","2012-08-19 22:00:00"
"18527","748","2","20","2012-07-19 00:00:00","2012-07-30 00:00:00","2012-07-19 00:00:00","2012-08-20 00:00:00","3.5000","87.5000","87.5000","2012-08-19 22:00:00"
"18527","748","3","30","2012-07-19 00:00:00","2012-07-30 00:00:00","2012-07-19 00:00:00","2012-08-20 00:00:00","1.0000","14.5000","14.5000","2012-08-19 22:00:00"
"18527","748","5","45","2012-07-19 00:00:00","2012-07-30 00:00:00","2012-07-19 00:00:00","2012-08-20 00:00:00","2.0000","36.0000","36.0000","2012-08-19 22:00:00"
"18527","748","6","50","2012-07-19 00:00:00","2012-07-30 00:00:00","2012-07-19 00:00:00","2012-08-20 00:00:00","3.0000","36.7500","36.7500","2012-08-19 22:00:00"
"18527","748","7","60","2012-07-19 00:00:00","2012-07-30 00:00:00","2012-07-19 00:00:00","2012-08-20 00:00:00","4.0000","49.0000","49.0000","2012-08-19 22:00:00"
"18528","806","6","50","2012-07-19 00:00:00","2012-07-30 00:00:00","2012-07-19 00:00:00","2012-08-20 00:00:00","3.0000","36.7500","36.7500","2012-08-19 22:00:00"
"18529","810","1","10","2012-07-19 00:00:00","2012-07-30 00:00:00","2012-07-19 00:00:00","2012-08-20 00:00:00","4.1000","92.2500","92.2500","2012-08-19 22:00:00"
"18529","810","2","20","2012-07-19 00:00:00","2012-07-30 00:00:00","2012-07-19 00:00:00","2012-08-20 00:00:00","3.5000","87.5000","87.5000","2012-08-19 22:00:00"
"18529","810","6","50","2012-07-19 00:00:00","2012-07-30 00:00:00","2012-07-19 00:00:00","2012-08-20 00:00:00","3.0000","36.7500","36.7500","2012-08-19 22:00:00"
"18530","811","1","10","2012-07-19 00:00:00","2012-07-30 00:00:00","2012-07-19 00:00:00","2012-08-20 00:00:00","4.1000","92.2500","92.2500","2012-08-19 22:00:00"
"18530","811","2","20","2012-07-19 00:00:00","2012-07-30 00:00:00","2012-07-19 00:00:00","2012-08-20 00:00:00","3.5000","87.5000","87.5000","2012-08-19 22:00:00"
"18530","811","6","50","2012-07-19 00:00:00","2012-07-30 00:00:00","2012-07-19 00:00:00","2012-08-20 00:00:00","3.0000","36.7500","36.7500","2012-08-19 22:00:00"
"18531","812","1","10","2012-07-19 00:00:00","2012-07-30 00:00:00","2012-07-19 00:00:00","2012-08-20 00:00:00","4.1000","92.2500","92.2500","2012-08-19 22:00:00"
"18531","812","2","20","2012-07-19 00:00:00","2012-07-30 00:00:00","2012-07-19 00:00:00","2012-08-20 00:00:00","3.5000","87.5000","87.5000","2012-08-19 22:00:00"
"18531","812","6","50","2012-07-19 00:00:00","2012-07-30 00:00:00","2012-07-19 00:00:00","2012-08-20 00:00:00","3.0000","36.7500","36.7500","2012-08-19 22:00:00"
"18532","813","1","10","2012-07-19 00:00:00","2012-07-30 00:00:00","2012-07-19 00:00:00","2012-08-20 00:00:00","4.1000","92.2500","92.2500","2012-08-19 22:00:00"
"18532","813","2","20","2012-07-19 00:00:00","2012-07-30 00:00:00","2012-07-19 00:00:00","2012-08-20 00:00:00","3.5000","87.5000","87.5000","2012-08-19 22:00:00"
"18532","813","6","50","2012-07-19 00:00:00","2012-07-30 00:00:00","2012-07-19 00:00:00","2012-08-20 00:00:00","3.0000","36.7500","36.7500","2012-08-19 22:00:00"
"18533","816","6","50","2012-07-19 00:00:00","2012-07-30 00:00:00","2012-07-19 00:00:00","2012-08-20 00:00:00","3.0000","36.7500","36.7500","2012-08-19 22:00:00"
"18534","818","6","50","2012-07-19 00:00:00","2012-07-30 00:00:00","2012-07-19 00:00:00","2012-08-20 00:00:00","3.0000","36.7500","36.7500","2012-08-19 22:00:00"
"18535","819","6","50","2012-07-19 00:00:00","2012-07-30 00:00:00","2012-07-19 00:00:00","2012-08-20 00:00:00","3.0000","36.7500","36.7500","2012-08-19 22:00:00"
"18536","820","6","50","2012-07-19 00:00:00","2012-07-30 00:00:00","2012-07-19 00:00:00","2012-08-20 00:00:00","3.0000","36.7500","36.7500","2012-08-19 22:00:00"
"18537","824","6","50","2012-07-19 00:00:00","2012-07-30 00:00:00","2012-07-19 00:00:00","2012-08-20 00:00:00","3.0000","36.7500","36.7500","2012-08-19 22:00:00"
"18538","826","6","50","2012-07-19 00:00:00","2012-07-30 00:00:00","2012-07-19 00:00:00","2012-08-20 00:00:00","3.0000","36.7500","36.7500","2012-08-19 22:00:00"
"18539","827","6","50","2012-07-19 00:00:00","2012-07-30 00:00:00","2012-07-19 00:00:00","2012-08-20 00:00:00","3.0000","36.7500","36.7500","2012-08-19 22:00:00"
"18540","828","6","50","2012-07-19 00:00:00","2012-07-30 00:00:00","2012-07-19 00:00:00","2012-08-20 00:00:00","3.0000","36.7500","36.7500","2012-08-19 22:00:00"
"18543","894","6","50","2012-07-19 00:00:00","2012-07-30 00:00:00","2012-07-19 00:00:00","2012-08-20 00:00:00","3.0000","36.7500","36.7500","2012-08-19 22:00:00"
"18544","945","1","10","2012-07-19 00:00:00","2012-07-30 00:00:00","2012-07-19 00:00:00","2012-08-20 00:00:00","4.1000","92.2500","92.2500","2012-08-19 22:00:00"
"18544","945","6","50","2012-07-19 00:00:00","2012-07-30 00:00:00","2012-07-19 00:00:00","2012-08-20 00:00:00","3.0000","36.7500","36.7500","2012-08-19 22:00:00"
"18545","950","6","50","2012-07-19 00:00:00","2012-07-30 00:00:00","2012-07-19 00:00:00","2012-08-20 00:00:00","3.0000","36.7500","36.7500","2012-08-19 22:00:00"
"18546","994","6","50","2012-07-19 00:00:00","2012-07-30 00:00:00","2012-07-19 00:00:00","2012-08-20 00:00:00","3.0000","36.7500","36.7500","2012-08-19 22:00:00"
"18547","995","6","50","2012-07-19 00:00:00","2012-07-30 00:00:00","2012-07-19 00:00:00","2012-08-20 00:00:00","3.0000","36.7500","36.7500","2012-08-19 22:00:00"
"18548","996","6","50","2012-07-19 00:00:00","2012-07-30 00:00:00","2012-07-19 00:00:00","2012-08-20 00:00:00","3.0000","36.7500","36.7500","2012-08-19 22:00:00"
"18562","802","1","10","2012-07-19 00:00:00","2012-07-30 00:00:00","2012-07-19 00:00:00","2012-08-20 00:00:00","4.1000","92.2500","92.2500","2012-08-19 22:00:00"
"18562","802","6","50","2012-07-19 00:00:00","2012-07-30 00:00:00","2012-07-19 00:00:00","2012-08-20 00:00:00","3.0000","36.7500","36.7500","2012-08-19 22:00:00"
"18563","803","1","10","2012-07-19 00:00:00","2012-07-30 00:00:00","2012-07-19 00:00:00","2012-08-20 00:00:00","4.1000","92.2500","92.2500","2012-08-19 22:00:00"
"18563","803","6","50","2012-07-19 00:00:00","2012-07-30 00:00:00","2012-07-19 00:00:00","2012-08-20 00:00:00","3.0000","36.7500","36.7500","2012-08-19 22:00:00"
"18564","804","1","10","2012-07-19 00:00:00","2012-07-30 00:00:00","2012-07-19 00:00:00","2012-08-20 00:00:00","4.1000","92.2500","92.2500","2012-08-19 22:00:00"
"18564","804","6","50","2012-07-19 00:00:00","2012-07-30 00:00:00","2012-07-19 00:00:00","2012-08-20 00:00:00","3.0000","36.7500","36.7500","2012-08-19 22:00:00"
"18569","782","7","60","2012-07-20 00:00:00","2012-07-31 00:00:00","2012-07-31 00:00:00","2012-08-01 00:00:00","4.0000","49.0000","49.0000","2012-07-31 22:00:00"
"18570","783","7","60","2012-07-20 00:00:00","2012-07-31 00:00:00","2012-07-31 00:00:00","2012-08-01 00:00:00","4.0000","49.0000","49.0000","2012-07-31 22:00:00"
"18571","784","7","60","2012-07-20 00:00:00","2012-07-31 00:00:00","2012-07-31 00:00:00","2012-08-01 00:00:00","4.0000","49.0000","49.0000","2012-07-31 22:00:00"
"18572","789","7","60","2012-07-20 00:00:00","2012-07-31 00:00:00","2012-07-31 00:00:00","2012-08-01 00:00:00","4.0000","49.0000","49.0000","2012-07-31 22:00:00"
"18573","790","7","60","2012-07-20 00:00:00","2012-07-31 00:00:00","2012-07-31 00:00:00","2012-08-01 00:00:00","4.0000","49.0000","49.0000","2012-07-31 22:00:00"
"18574","794","7","60","2012-07-20 00:00:00","2012-07-31 00:00:00","2012-07-31 00:00:00","2012-08-01 00:00:00","4.0000","49.0000","49.0000","2012-07-31 22:00:00"
"18575","795","7","60","2012-07-20 00:00:00","2012-07-31 00:00:00","2012-07-31 00:00:00","2012-08-01 00:00:00","4.0000","49.0000","49.0000","2012-07-31 22:00:00"
"18576","801","7","60","2012-07-20 00:00:00","2012-07-31 00:00:00","2012-07-31 00:00:00","2012-08-01 00:00:00","4.0000","49.0000","49.0000","2012-07-31 22:00:00"
"18577","516","6","50","2012-07-20 00:00:00","2012-07-31 00:00:00","2012-07-31 00:00:00","2012-08-01 00:00:00","3.0000","36.7500","36.7500","2012-07-31 22:00:00"
"18577","516","7","60","2012-07-20 00:00:00","2012-07-31 00:00:00","2012-07-31 00:00:00","2012-08-01 00:00:00","4.0000","49.0000","49.0000","2012-07-31 22:00:00"
"18578","518","6","50","2012-07-20 00:00:00","2012-07-31 00:00:00","2012-07-31 00:00:00","2012-08-01 00:00:00","3.0000","36.7500","36.7500","2012-07-31 22:00:00"
"18578","518","7","60","2012-07-20 00:00:00","2012-07-31 00:00:00","2012-07-31 00:00:00","2012-08-01 00:00:00","4.0000","49.0000","49.0000","2012-07-31 22:00:00"
"18579","519","6","50","2012-07-20 00:00:00","2012-07-31 00:00:00","2012-07-31 00:00:00","2012-08-01 00:00:00","3.0000","36.7500","36.7500","2012-07-31 22:00:00"
"18579","519","7","60","2012-07-20 00:00:00","2012-07-31 00:00:00","2012-07-31 00:00:00","2012-08-01 00:00:00","4.0000","49.0000","49.0000","2012-07-31 22:00:00"
"18584","747","1","10","2012-07-20 00:00:00","2012-07-31 00:00:00","2012-07-31 00:00:00","2012-08-01 00:00:00","4.1000","92.2500","92.2500","2012-07-31 22:00:00"
"18584","747","2","20","2012-07-20 00:00:00","2012-07-31 00:00:00","2012-07-31 00:00:00","2012-08-01 00:00:00","3.5000","87.5000","87.5000","2012-07-31 22:00:00"
"18584","747","3","30","2012-07-20 00:00:00","2012-07-31 00:00:00","2012-07-31 00:00:00","2012-08-01 00:00:00","1.0000","14.5000","14.5000","2012-07-31 22:00:00"
"18584","747","4","40","2012-07-20 00:00:00","2012-07-31 00:00:00","2012-07-31 00:00:00","2012-08-01 00:00:00","2.0000","31.5000","31.5000","2012-07-31 22:00:00"
"18584","747","6","50","2012-07-20 00:00:00","2012-07-31 00:00:00","2012-07-31 00:00:00","2012-08-01 00:00:00","3.0000","36.7500","36.7500","2012-07-31 22:00:00"
"18584","747","7","60","2012-07-20 00:00:00","2012-07-31 00:00:00","2012-07-31 00:00:00","2012-08-01 00:00:00","4.0000","49.0000","49.0000","2012-07-31 22:00:00"
"18585","806","6","50","2012-07-20 00:00:00","2012-07-31 00:00:00","2012-07-31 00:00:00","2012-08-01 00:00:00","3.0000","36.7500","36.7500","2012-07-31 22:00:00"
"18586","810","1","10","2012-07-20 00:00:00","2012-07-31 00:00:00","2012-07-31 00:00:00","2012-08-01 00:00:00","4.1000","92.2500","92.2500","2012-07-31 22:00:00"
"18586","810","2","20","2012-07-20 00:00:00","2012-07-31 00:00:00","2012-07-31 00:00:00","2012-08-01 00:00:00","3.5000","87.5000","87.5000","2012-07-31 22:00:00"
"18586","810","6","50","2012-07-20 00:00:00","2012-07-31 00:00:00","2012-07-31 00:00:00","2012-08-01 00:00:00","3.0000","36.7500","36.7500","2012-07-31 22:00:00"
"18587","812","1","10","2012-07-20 00:00:00","2012-07-31 00:00:00","2012-07-31 00:00:00","2012-08-01 00:00:00","4.1000","92.2500","92.2500","2012-07-31 22:00:00"
"18587","812","2","20","2012-07-20 00:00:00","2012-07-31 00:00:00","2012-07-31 00:00:00","2012-08-01 00:00:00","3.5000","87.5000","87.5000","2012-07-31 22:00:00"
"18587","812","6","50","2012-07-20 00:00:00","2012-07-31 00:00:00","2012-07-31 00:00:00","2012-08-01 00:00:00","3.0000","36.7500","36.7500","2012-07-31 22:00:00"
"18588","813","1","10","2012-07-20 00:00:00","2012-07-31 00:00:00","2012-07-31 00:00:00","2012-08-01 00:00:00","4.1000","92.2500","92.2500","2012-07-31 22:00:00"
"18588","813","2","20","2012-07-20 00:00:00","2012-07-31 00:00:00","2012-07-31 00:00:00","2012-08-01 00:00:00","3.5000","87.5000","87.5000","2012-07-31 22:00:00"
"18588","813","6","50","2012-07-20 00:00:00","2012-07-31 00:00:00","2012-07-31 00:00:00","2012-08-01 00:00:00","3.0000","36.7500","36.7500","2012-07-31 22:00:00"
"18589","816","6","50","2012-07-20 00:00:00","2012-07-31 00:00:00","2012-07-31 00:00:00","2012-08-01 00:00:00","3.0000","36.7500","36.7500","2012-07-31 22:00:00"
"18590","819","6","50","2012-07-20 00:00:00","2012-07-31 00:00:00","2012-07-31 00:00:00","2012-08-01 00:00:00","3.0000","36.7500","36.7500","2012-07-31 22:00:00"
"18591","820","6","50","2012-07-20 00:00:00","2012-07-31 00:00:00","2012-07-31 00:00:00","2012-08-01 00:00:00","3.0000","36.7500","36.7500","2012-07-31 22:00:00"
"18592","824","6","50","2012-07-20 00:00:00","2012-07-31 00:00:00","2012-07-31 00:00:00","2012-08-01 00:00:00","3.0000","36.7500","36.7500","2012-07-31 22:00:00"
"18593","827","6","50","2012-07-20 00:00:00","2012-07-31 00:00:00","2012-07-31 00:00:00","2012-08-01 00:00:00","3.0000","36.7500","36.7500","2012-07-31 22:00:00"
"18594","828","6","50","2012-07-20 00:00:00","2012-07-31 00:00:00","2012-07-31 00:00:00","2012-08-01 00:00:00","3.0000","36.7500","36.7500","2012-07-31 22:00:00"
"18598","894","6","50","2012-07-20 00:00:00","2012-07-31 00:00:00","2012-07-31 00:00:00","2012-08-01 00:00:00","3.0000","36.7500","36.7500","2012-07-31 22:00:00"
"18599","945","1","10","2012-07-20 00:00:00","2012-07-31 00:00:00","2012-07-31 00:00:00","2012-08-01 00:00:00","4.1000","92.2500","92.2500","2012-07-31 22:00:00"
"18599","945","6","50","2012-07-20 00:00:00","2012-07-31 00:00:00","2012-07-31 00:00:00","2012-08-01 00:00:00","3.0000","36.7500","36.7500","2012-07-31 22:00:00"
"18600","950","6","50","2012-07-20 00:00:00","2012-07-31 00:00:00","2012-07-31 00:00:00","2012-08-01 00:00:00","3.0000","36.7500","36.7500","2012-07-31 22:00:00"
"18601","994","6","50","2012-07-20 00:00:00","2012-07-31 00:00:00","2012-07-31 00:00:00","2012-08-01 00:00:00","3.0000","36.7500","36.7500","2012-07-31 22:00:00"
"18602","995","6","50","2012-07-20 00:00:00","2012-07-31 00:00:00","2012-07-31 00:00:00","2012-08-01 00:00:00","3.0000","36.7500","36.7500","2012-07-31 22:00:00"
"18603","996","6","50","2012-07-20 00:00:00","2012-07-31 00:00:00","2012-07-31 00:00:00","2012-08-01 00:00:00","3.0000","36.7500","36.7500","2012-07-31 22:00:00"
"18616","803","1","10","2012-07-20 00:00:00","2012-07-31 00:00:00","2012-07-31 00:00:00","2012-08-01 00:00:00","4.1000","92.2500","92.2500","2012-07-31 22:00:00"
"18616","803","6","50","2012-07-20 00:00:00","2012-07-31 00:00:00","2012-07-31 00:00:00","2012-08-01 00:00:00","3.0000","36.7500","36.7500","2012-07-31 22:00:00"
"18617","804","1","10","2012-07-20 00:00:00","2012-07-31 00:00:00","2012-07-31 00:00:00","2012-08-01 00:00:00","4.1000","92.2500","92.2500","2012-07-31 22:00:00"
"18617","804","6","50","2012-07-20 00:00:00","2012-07-31 00:00:00","2012-07-31 00:00:00","2012-08-01 00:00:00","3.0000","36.7500","36.7500","2012-07-31 22:00:00"
"18622","782","7","60","2012-07-21 00:00:00","2012-08-01 00:00:00","2012-07-21 00:00:00","2012-08-01 00:00:00","4.0000","49.0000","49.0000","2012-07-31 22:00:00"
"18623","784","7","60","2012-07-21 00:00:00","2012-08-01 00:00:00","2012-07-21 00:00:00","2012-08-01 00:00:00","4.0000","49.0000","49.0000","2012-07-31 22:00:00"
"18624","789","7","60","2012-07-21 00:00:00","2012-08-01 00:00:00","2012-07-21 00:00:00","2012-08-01 00:00:00","4.0000","49.0000","49.0000","2012-07-31 22:00:00"
"18625","790","7","60","2012-07-21 00:00:00","2012-08-01 00:00:00","2012-07-21 00:00:00","2012-08-01 00:00:00","4.0000","49.0000","49.0000","2012-07-31 22:00:00"
"18626","791","7","60","2012-07-21 00:00:00","2012-08-01 00:00:00","2012-07-21 00:00:00","2012-08-01 00:00:00","4.0000","49.0000","49.0000","2012-07-31 22:00:00"
"18627","792","7","60","2012-07-21 00:00:00","2012-08-01 00:00:00","2012-07-21 00:00:00","2012-08-01 00:00:00","4.0000","49.0000","49.0000","2012-07-31 22:00:00"
"18628","794","7","60","2012-07-21 00:00:00","2012-08-01 00:00:00","2012-07-21 00:00:00","2012-08-01 00:00:00","4.0000","49.0000","49.0000","2012-07-31 22:00:00"
"18629","797","7","60","2012-07-21 00:00:00","2012-08-01 00:00:00","2012-07-21 00:00:00","2012-08-01 00:00:00","4.0000","49.0000","49.0000","2012-07-31 22:00:00"
"18630","516","6","50","2012-07-21 00:00:00","2012-08-01 00:00:00","2012-07-21 00:00:00","2012-08-01 00:00:00","3.0000","36.7500","36.7500","2012-07-31 22:00:00"
"18630","516","7","60","2012-07-21 00:00:00","2012-08-01 00:00:00","2012-07-21 00:00:00","2012-08-01 00:00:00","4.0000","49.0000","49.0000","2012-07-31 22:00:00"
"18631","518","6","50","2012-07-21 00:00:00","2012-08-01 00:00:00","2012-07-21 00:00:00","2012-08-01 00:00:00","3.0000","36.7500","36.7500","2012-07-31 22:00:00"
"18631","518","7","60","2012-07-21 00:00:00","2012-08-01 00:00:00","2012-07-21 00:00:00","2012-08-01 00:00:00","4.0000","49.0000","49.0000","2012-07-31 22:00:00"
"18632","519","6","50","2012-07-21 00:00:00","2012-08-01 00:00:00","2012-07-21 00:00:00","2012-08-01 00:00:00","3.0000","36.7500","36.7500","2012-07-31 22:00:00"
"18632","519","7","60","2012-07-21 00:00:00","2012-08-01 00:00:00","2012-07-21 00:00:00","2012-08-01 00:00:00","4.0000","49.0000","49.0000","2012-07-31 22:00:00"
"18638","747","1","10","2012-07-21 00:00:00","2012-08-01 00:00:00","2012-07-21 00:00:00","2012-08-01 00:00:00","4.1000","92.2500","92.2500","2012-07-31 22:00:00"
"18638","747","2","20","2012-07-21 00:00:00","2012-08-01 00:00:00","2012-07-21 00:00:00","2012-08-01 00:00:00","3.5000","87.5000","87.5000","2012-07-31 22:00:00"
"18638","747","3","30","2012-07-21 00:00:00","2012-08-01 00:00:00","2012-07-21 00:00:00","2012-08-01 00:00:00","1.0000","14.5000","14.5000","2012-07-31 22:00:00"
"18638","747","4","40","2012-07-21 00:00:00","2012-08-01 00:00:00","2012-07-21 00:00:00","2012-08-01 00:00:00","2.0000","31.5000","31.5000","2012-07-31 22:00:00"
"18638","747","6","50","2012-07-21 00:00:00","2012-08-01 00:00:00","2012-07-21 00:00:00","2012-08-01 00:00:00","3.0000","36.7500","36.7500","2012-07-31 22:00:00"
"18638","747","7","60","2012-07-21 00:00:00","2012-08-01 00:00:00","2012-07-21 00:00:00","2012-08-01 00:00:00","4.0000","49.0000","49.0000","2012-07-31 22:00:00"
"18639","806","6","50","2012-07-21 00:00:00","2012-08-01 00:00:00","2012-07-21 00:00:00","2012-08-01 00:00:00","3.0000","36.7500","36.7500","2012-07-31 22:00:00"
"18640","810","1","10","2012-07-21 00:00:00","2012-08-01 00:00:00","2012-07-21 00:00:00","2012-08-01 00:00:00","4.1000","92.2500","92.2500","2012-07-31 22:00:00"
"18640","810","2","20","2012-07-21 00:00:00","2012-08-01 00:00:00","2012-07-21 00:00:00","2012-08-01 00:00:00","3.5000","87.5000","87.5000","2012-07-31 22:00:00"
"18640","810","6","50","2012-07-21 00:00:00","2012-08-01 00:00:00","2012-07-21 00:00:00","2012-08-01 00:00:00","3.0000","36.7500","36.7500","2012-07-31 22:00:00"
"18641","812","1","10","2012-07-21 00:00:00","2012-08-01 00:00:00","2012-07-21 00:00:00","2012-08-01 00:00:00","4.1000","92.2500","92.2500","2012-07-31 22:00:00"
"18641","812","2","20","2012-07-21 00:00:00","2012-08-01 00:00:00","2012-07-21 00:00:00","2012-08-01 00:00:00","3.5000","87.5000","87.5000","2012-07-31 22:00:00"
"18641","812","6","50","2012-07-21 00:00:00","2012-08-01 00:00:00","2012-07-21 00:00:00","2012-08-01 00:00:00","3.0000","36.7500","36.7500","2012-07-31 22:00:00"
"18642","813","1","10","2012-07-21 00:00:00","2012-08-01 00:00:00","2012-07-21 00:00:00","2012-08-01 00:00:00","4.1000","92.2500","92.2500","2012-07-31 22:00:00"
"18642","813","2","20","2012-07-21 00:00:00","2012-08-01 00:00:00","2012-07-21 00:00:00","2012-08-01 00:00:00","3.5000","87.5000","87.5000","2012-07-31 22:00:00"
"18642","813","6","50","2012-07-21 00:00:00","2012-08-01 00:00:00","2012-07-21 00:00:00","2012-08-01 00:00:00","3.0000","36.7500","36.7500","2012-07-31 22:00:00"
"18643","816","6","50","2012-07-21 00:00:00","2012-08-01 00:00:00","2012-07-21 00:00:00","2012-08-01 00:00:00","3.0000","36.7500","36.7500","2012-07-31 22:00:00"
"18644","819","6","50","2012-07-21 00:00:00","2012-08-01 00:00:00","2012-07-21 00:00:00","2012-08-01 00:00:00","3.0000","36.7500","36.7500","2012-07-31 22:00:00"
"18645","820","6","50","2012-07-21 00:00:00","2012-08-01 00:00:00","2012-07-21 00:00:00","2012-08-01 00:00:00","3.0000","36.7500","36.7500","2012-07-31 22:00:00"
"18646","822","1","10","2012-07-21 00:00:00","2012-08-01 00:00:00","2012-07-21 00:00:00","2012-08-01 00:00:00","4.1000","92.2500","92.2500","2012-07-31 22:00:00"
"18646","822","2","20","2012-07-21 00:00:00","2012-08-01 00:00:00","2012-07-21 00:00:00","2012-08-01 00:00:00","3.5000","87.5000","87.5000","2012-07-31 22:00:00"
"18646","822","3","30","2012-07-21 00:00:00","2012-08-01 00:00:00","2012-07-21 00:00:00","2012-08-01 00:00:00","1.0000","14.5000","14.5000","2012-07-31 22:00:00"
"18646","822","4","40","2012-07-21 00:00:00","2012-08-01 00:00:00","2012-07-21 00:00:00","2012-08-01 00:00:00","2.0000","31.5000","31.5000","2012-07-31 22:00:00"
"18646","822","6","50","2012-07-21 00:00:00","2012-08-01 00:00:00","2012-07-21 00:00:00","2012-08-01 00:00:00","3.0000","36.7500","36.7500","2012-07-31 22:00:00"
"18646","822","7","60","2012-07-21 00:00:00","2012-08-01 00:00:00","2012-07-21 00:00:00","2012-08-01 00:00:00","4.0000","49.0000","49.0000","2012-07-31 22:00:00"
"18647","824","6","50","2012-07-21 00:00:00","2012-08-01 00:00:00","2012-07-21 00:00:00","2012-08-01 00:00:00","3.0000","36.7500","36.7500","2012-07-31 22:00:00"
"18648","827","6","50","2012-07-21 00:00:00","2012-08-01 00:00:00","2012-07-21 00:00:00","2012-08-01 00:00:00","3.0000","36.7500","36.7500","2012-07-31 22:00:00"
"18649","828","6","50","2012-07-21 00:00:00","2012-08-01 00:00:00","2012-07-21 00:00:00","2012-08-01 00:00:00","3.0000","36.7500","36.7500","2012-07-31 22:00:00"
"18651","894","6","50","2012-07-21 00:00:00","2012-08-01 00:00:00","2012-07-21 00:00:00","2012-08-01 00:00:00","3.0000","36.7500","36.7500","2012-07-31 22:00:00"
"18652","945","1","10","2012-07-21 00:00:00","2012-08-01 00:00:00","2012-07-21 00:00:00","2012-08-01 00:00:00","4.1000","92.2500","92.2500","2012-07-31 22:00:00"
"18652","945","6","50","2012-07-21 00:00:00","2012-08-01 00:00:00","2012-07-21 00:00:00","2012-08-01 00:00:00","3.0000","36.7500","36.7500","2012-07-31 22:00:00"
"18653","950","6","50","2012-07-21 00:00:00","2012-08-01 00:00:00","2012-07-21 00:00:00","2012-08-01 00:00:00","3.0000","36.7500","36.7500","2012-07-31 22:00:00"
"18654","994","6","50","2012-07-21 00:00:00","2012-08-01 00:00:00","2012-07-21 00:00:00","2012-08-01 00:00:00","3.0000","36.7500","36.7500","2012-07-31 22:00:00"
"18655","995","6","50","2012-07-21 00:00:00","2012-08-01 00:00:00","2012-07-21 00:00:00","2012-08-01 00:00:00","3.0000","36.7500","36.7500","2012-07-31 22:00:00"
"18656","996","6","50","2012-07-21 00:00:00","2012-08-01 00:00:00","2012-07-21 00:00:00","2012-08-01 00:00:00","3.0000","36.7500","36.7500","2012-07-31 22:00:00"
"18669","803","1","10","2012-07-21 00:00:00","2012-08-01 00:00:00","2012-07-21 00:00:00","2012-08-01 00:00:00","4.1000","92.2500","92.2500","2012-07-31 22:00:00"
"18669","803","6","50","2012-07-21 00:00:00","2012-08-01 00:00:00","2012-07-21 00:00:00","2012-08-01 00:00:00","3.0000","36.7500","36.7500","2012-07-31 22:00:00"
"18670","804","1","10","2012-07-21 00:00:00","2012-08-01 00:00:00","2012-07-21 00:00:00","2012-08-01 00:00:00","4.1000","92.2500","92.2500","2012-07-31 22:00:00"
"18670","804","6","50","2012-07-21 00:00:00","2012-08-01 00:00:00","2012-07-21 00:00:00","2012-08-01 00:00:00","3.0000","36.7500","36.7500","2012-07-31 22:00:00"
"18675","768","7","60","2012-07-22 00:00:00","2012-08-02 00:00:00","2012-08-04 00:00:00","2012-08-05 00:00:00","4.0000","49.0000","49.0000","2012-08-04 22:00:00"
"18676","784","7","60","2012-07-22 00:00:00","2012-08-02 00:00:00","2012-08-04 00:00:00","2012-08-05 00:00:00","4.0000","49.0000","49.0000","2012-08-04 22:00:00"
"18677","789","7","60","2012-07-22 00:00:00","2012-08-02 00:00:00","2012-08-04 00:00:00","2012-08-05 00:00:00","4.0000","49.0000","49.0000","2012-08-04 22:00:00"
"18678","791","7","60","2012-07-22 00:00:00","2012-08-02 00:00:00","2012-08-04 00:00:00","2012-08-05 00:00:00","4.0000","49.0000","49.0000","2012-08-04 22:00:00"
"18679","792","7","60","2012-07-22 00:00:00","2012-08-02 00:00:00","2012-08-04 00:00:00","2012-08-05 00:00:00","4.0000","49.0000","49.0000","2012-08-04 22:00:00"
"18680","793","7","60","2012-07-22 00:00:00","2012-08-02 00:00:00","2012-08-04 00:00:00","2012-08-05 00:00:00","4.0000","49.0000","49.0000","2012-08-04 22:00:00"
"18681","794","7","60","2012-07-22 00:00:00","2012-08-02 00:00:00","2012-08-04 00:00:00","2012-08-05 00:00:00","4.0000","49.0000","49.0000","2012-08-04 22:00:00"
"18682","796","7","60","2012-07-22 00:00:00","2012-08-02 00:00:00","2012-08-04 00:00:00","2012-08-05 00:00:00","4.0000","49.0000","49.0000","2012-08-04 22:00:00"
"18683","797","7","60","2012-07-22 00:00:00","2012-08-02 00:00:00","2012-08-04 00:00:00","2012-08-05 00:00:00","4.0000","49.0000","49.0000","2012-08-04 22:00:00"
"18684","799","7","60","2012-07-22 00:00:00","2012-08-02 00:00:00","2012-08-04 00:00:00","2012-08-05 00:00:00","4.0000","49.0000","49.0000","2012-08-04 22:00:00"
"18685","801","7","60","2012-07-22 00:00:00","2012-08-02 00:00:00","2012-08-04 00:00:00","2012-08-05 00:00:00","4.0000","49.0000","49.0000","2012-08-04 22:00:00"
"18686","516","6","50","2012-07-22 00:00:00","2012-08-02 00:00:00","2012-08-04 00:00:00","2012-08-05 00:00:00","3.0000","36.7500","36.7500","2012-08-04 22:00:00"
"18686","516","7","60","2012-07-22 00:00:00","2012-08-02 00:00:00","2012-08-04 00:00:00","2012-08-05 00:00:00","4.0000","49.0000","49.0000","2012-08-04 22:00:00"
"18687","517","6","50","2012-07-22 00:00:00","2012-08-02 00:00:00","2012-08-04 00:00:00","2012-08-05 00:00:00","3.0000","36.7500","36.7500","2012-08-04 22:00:00"
"18687","517","7","60","2012-07-22 00:00:00","2012-08-02 00:00:00","2012-08-04 00:00:00","2012-08-05 00:00:00","4.0000","49.0000","49.0000","2012-08-04 22:00:00"
"18688","518","6","50","2012-07-22 00:00:00","2012-08-02 00:00:00","2012-08-04 00:00:00","2012-08-05 00:00:00","3.0000","36.7500","36.7500","2012-08-04 22:00:00"
"18688","518","7","60","2012-07-22 00:00:00","2012-08-02 00:00:00","2012-08-04 00:00:00","2012-08-05 00:00:00","4.0000","49.0000","49.0000","2012-08-04 22:00:00"
"18689","519","6","50","2012-07-22 00:00:00","2012-08-02 00:00:00","2012-08-04 00:00:00","2012-08-05 00:00:00","3.0000","36.7500","36.7500","2012-08-04 22:00:00"
"18689","519","7","60","2012-07-22 00:00:00","2012-08-02 00:00:00","2012-08-04 00:00:00","2012-08-05 00:00:00","4.0000","49.0000","49.0000","2012-08-04 22:00:00"
"18696","806","6","50","2012-07-22 00:00:00","2012-08-02 00:00:00","2012-08-04 00:00:00","2012-08-05 00:00:00","3.0000","36.7500","36.7500","2012-08-04 22:00:00"
"18697","810","1","10","2012-07-22 00:00:00","2012-08-02 00:00:00","2012-08-04 00:00:00","2012-08-05 00:00:00","4.1000","92.2500","92.2500","2012-08-04 22:00:00"
"18697","810","2","20","2012-07-22 00:00:00","2012-08-02 00:00:00","2012-08-04 00:00:00","2012-08-05 00:00:00","3.5000","87.5000","87.5000","2012-08-04 22:00:00"
"18697","810","6","50","2012-07-22 00:00:00","2012-08-02 00:00:00","2012-08-04 00:00:00","2012-08-05 00:00:00","3.0000","36.7500","36.7500","2012-08-04 22:00:00"
"18698","811","1","10","2012-07-22 00:00:00","2012-08-02 00:00:00","2012-08-04 00:00:00","2012-08-05 00:00:00","4.1000","92.2500","92.2500","2012-08-04 22:00:00"
"18698","811","2","20","2012-07-22 00:00:00","2012-08-02 00:00:00","2012-08-04 00:00:00","2012-08-05 00:00:00","3.5000","87.5000","87.5000","2012-08-04 22:00:00"
"18698","811","6","50","2012-07-22 00:00:00","2012-08-02 00:00:00","2012-08-04 00:00:00","2012-08-05 00:00:00","3.0000","36.7500","36.7500","2012-08-04 22:00:00"
"18699","812","1","10","2012-07-22 00:00:00","2012-08-02 00:00:00","2012-08-04 00:00:00","2012-08-05 00:00:00","4.1000","92.2500","92.2500","2012-08-04 22:00:00"
"18699","812","2","20","2012-07-22 00:00:00","2012-08-02 00:00:00","2012-08-04 00:00:00","2012-08-05 00:00:00","3.5000","87.5000","87.5000","2012-08-04 22:00:00"
"18699","812","6","50","2012-07-22 00:00:00","2012-08-02 00:00:00","2012-08-04 00:00:00","2012-08-05 00:00:00","3.0000","36.7500","36.7500","2012-08-04 22:00:00"
"18700","813","1","10","2012-07-22 00:00:00","2012-08-02 00:00:00","2012-08-04 00:00:00","2012-08-05 00:00:00","4.1000","92.2500","92.2500","2012-08-04 22:00:00"
"18700","813","2","20","2012-07-22 00:00:00","2012-08-02 00:00:00","2012-08-04 00:00:00","2012-08-05 00:00:00","3.5000","87.5000","87.5000","2012-08-04 22:00:00"
"18700","813","6","50","2012-07-22 00:00:00","2012-08-02 00:00:00","2012-08-04 00:00:00","2012-08-05 00:00:00","3.0000","36.7500","36.7500","2012-08-04 22:00:00"
"18701","816","6","50","2012-07-22 00:00:00","2012-08-02 00:00:00","2012-08-04 00:00:00","2012-08-05 00:00:00","3.0000","36.7500","36.7500","2012-08-04 22:00:00"
"18702","818","6","50","2012-07-22 00:00:00","2012-08-02 00:00:00","2012-08-04 00:00:00","2012-08-05 00:00:00","3.0000","36.7500","36.7500","2012-08-04 22:00:00"
"18703","819","6","50","2012-07-22 00:00:00","2012-08-02 00:00:00","2012-08-04 00:00:00","2012-08-05 00:00:00","3.0000","36.7500","36.7500","2012-08-04 22:00:00"
"18704","820","6","50","2012-07-22 00:00:00","2012-08-02 00:00:00","2012-08-04 00:00:00","2012-08-05 00:00:00","3.0000","36.7500","36.7500","2012-08-04 22:00:00"
"18705","822","1","10","2012-07-22 00:00:00","2012-08-02 00:00:00","2012-08-04 00:00:00","2012-08-05 00:00:00","4.1000","92.2500","92.2500","2012-08-04 22:00:00"
"18705","822","2","20","2012-07-22 00:00:00","2012-08-02 00:00:00","2012-08-04 00:00:00","2012-08-05 00:00:00","3.5000","87.5000","87.5000","2012-08-04 22:00:00"
"18705","822","3","30","2012-07-22 00:00:00","2012-08-02 00:00:00","2012-08-04 00:00:00","2012-08-05 00:00:00","1.0000","14.5000","14.5000","2012-08-04 22:00:00"
"18705","822","4","40","2012-07-22 00:00:00","2012-08-02 00:00:00","2012-08-04 00:00:00","2012-08-05 00:00:00","2.0000","31.5000","31.5000","2012-08-04 22:00:00"
"18705","822","6","50","2012-07-22 00:00:00","2012-08-02 00:00:00","2012-08-04 00:00:00","2012-08-05 00:00:00","3.0000","36.7500","36.7500","2012-08-04 22:00:00"
"18705","822","7","60","2012-07-22 00:00:00","2012-08-02 00:00:00","2012-08-04 00:00:00","2012-08-05 00:00:00","4.0000","49.0000","49.0000","2012-08-04 22:00:00"
"18706","824","6","50","2012-07-22 00:00:00","2012-08-02 00:00:00","2012-08-04 00:00:00","2012-08-05 00:00:00","3.0000","36.7500","36.7500","2012-08-04 22:00:00"
"18707","826","6","50","2012-07-22 00:00:00","2012-08-02 00:00:00","2012-08-04 00:00:00","2012-08-05 00:00:00","3.0000","36.7500","36.7500","2012-08-04 22:00:00"
"18708","827","6","50","2012-07-22 00:00:00","2012-08-02 00:00:00","2012-08-04 00:00:00","2012-08-05 00:00:00","3.0000","36.7500","36.7500","2012-08-04 22:00:00"
"18709","828","6","50","2012-07-22 00:00:00","2012-08-02 00:00:00","2012-08-04 00:00:00","2012-08-05 00:00:00","3.0000","36.7500","36.7500","2012-08-04 22:00:00"
"18714","894","6","50","2012-07-22 00:00:00","2012-08-02 00:00:00","2012-08-04 00:00:00","2012-08-05 00:00:00","3.0000","36.7500","36.7500","2012-08-04 22:00:00"
"18715","945","1","10","2012-07-22 00:00:00","2012-08-02 00:00:00","2012-08-04 00:00:00","2012-08-05 00:00:00","4.1000","92.2500","92.2500","2012-08-04 22:00:00"
"18715","945","6","50","2012-07-22 00:00:00","2012-08-02 00:00:00","2012-08-04 00:00:00","2012-08-05 00:00:00","3.0000","36.7500","36.7500","2012-08-04 22:00:00"
"18716","950","6","50","2012-07-22 00:00:00","2012-08-02 00:00:00","2012-08-04 00:00:00","2012-08-05 00:00:00","3.0000","36.7500","36.7500","2012-08-04 22:00:00"
"18717","994","6","50","2012-07-22 00:00:00","2012-08-02 00:00:00","2012-08-04 00:00:00","2012-08-05 00:00:00","3.0000","36.7500","36.7500","2012-08-04 22:00:00"
"18718","995","6","50","2012-07-22 00:00:00","2012-08-02 00:00:00","2012-08-04 00:00:00","2012-08-05 00:00:00","3.0000","36.7500","36.7500","2012-08-04 22:00:00"
"18719","996","6","50","2012-07-22 00:00:00","2012-08-02 00:00:00","2012-08-04 00:00:00","2012-08-05 00:00:00","3.0000","36.7500","36.7500","2012-08-04 22:00:00"
"18733","802","1","10","2012-07-22 00:00:00","2012-08-02 00:00:00","2012-08-04 00:00:00","2012-08-05 00:00:00","4.1000","92.2500","92.2500","2012-08-04 22:00:00"
"18733","802","6","50","2012-07-22 00:00:00","2012-08-02 00:00:00","2012-08-04 00:00:00","2012-08-05 00:00:00","3.0000","36.7500","36.7500","2012-08-04 22:00:00"
"18734","803","1","10","2012-07-22 00:00:00","2012-08-02 00:00:00","2012-08-04 00:00:00","2012-08-05 00:00:00","4.1000","92.2500","92.2500","2012-08-04 22:00:00"
"18734","803","6","50","2012-07-22 00:00:00","2012-08-02 00:00:00","2012-08-04 00:00:00","2012-08-05 00:00:00","3.0000","36.7500","36.7500","2012-08-04 22:00:00"
"18735","804","1","10","2012-07-22 00:00:00","2012-08-02 00:00:00","2012-08-04 00:00:00","2012-08-05 00:00:00","4.1000","92.2500","92.2500","2012-08-04 22:00:00"
"18735","804","6","50","2012-07-22 00:00:00","2012-08-02 00:00:00","2012-08-04 00:00:00","2012-08-05 00:00:00","3.0000","36.7500","36.7500","2012-08-04 22:00:00"
"18740","770","7","60","2012-07-23 00:00:00","2012-08-03 00:00:00","2012-07-23 00:00:00","2012-08-03 00:00:00","4.0000","49.0000","49.0000","2012-08-02 22:00:00"
"18741","779","7","60","2012-07-23 00:00:00","2012-08-03 00:00:00","2012-07-23 00:00:00","2012-08-03 00:00:00","4.0000","49.0000","49.0000","2012-08-02 22:00:00"
"18742","781","7","60","2012-07-23 00:00:00","2012-08-03 00:00:00","2012-07-23 00:00:00","2012-08-03 00:00:00","4.0000","49.0000","49.0000","2012-08-02 22:00:00"
"18743","792","7","60","2012-07-23 00:00:00","2012-08-03 00:00:00","2012-07-23 00:00:00","2012-08-03 00:00:00","4.0000","49.0000","49.0000","2012-08-02 22:00:00"
"18744","794","7","60","2012-07-23 00:00:00","2012-08-03 00:00:00","2012-07-23 00:00:00","2012-08-03 00:00:00","4.0000","49.0000","49.0000","2012-08-02 22:00:00"
"18745","795","7","60","2012-07-23 00:00:00","2012-08-03 00:00:00","2012-07-23 00:00:00","2012-08-03 00:00:00","4.0000","49.0000","49.0000","2012-08-02 22:00:00"
"18746","796","7","60","2012-07-23 00:00:00","2012-08-03 00:00:00","2012-07-23 00:00:00","2012-08-03 00:00:00","4.0000","49.0000","49.0000","2012-08-02 22:00:00"
"18747","799","7","60","2012-07-23 00:00:00","2012-08-03 00:00:00","2012-07-23 00:00:00","2012-08-03 00:00:00","4.0000","49.0000","49.0000","2012-08-02 22:00:00"
"18748","516","6","50","2012-07-23 00:00:00","2012-08-03 00:00:00","2012-07-23 00:00:00","2012-08-03 00:00:00","3.0000","36.7500","36.7500","2012-08-02 22:00:00"
"18748","516","7","60","2012-07-23 00:00:00","2012-08-03 00:00:00","2012-07-23 00:00:00","2012-08-03 00:00:00","4.0000","49.0000","49.0000","2012-08-02 22:00:00"
"18749","517","6","50","2012-07-23 00:00:00","2012-08-03 00:00:00","2012-07-23 00:00:00","2012-08-03 00:00:00","3.0000","36.7500","36.7500","2012-08-02 22:00:00"
"18749","517","7","60","2012-07-23 00:00:00","2012-08-03 00:00:00","2012-07-23 00:00:00","2012-08-03 00:00:00","4.0000","49.0000","49.0000","2012-08-02 22:00:00"
"18750","518","6","50","2012-07-23 00:00:00","2012-08-03 00:00:00","2012-07-23 00:00:00","2012-08-03 00:00:00","3.0000","36.7500","36.7500","2012-08-02 22:00:00"
"18750","518","7","60","2012-07-23 00:00:00","2012-08-03 00:00:00","2012-07-23 00:00:00","2012-08-03 00:00:00","4.0000","49.0000","49.0000","2012-08-02 22:00:00"
"18751","519","6","50","2012-07-23 00:00:00","2012-08-03 00:00:00","2012-07-23 00:00:00","2012-08-03 00:00:00","3.0000","36.7500","36.7500","2012-08-02 22:00:00"
"18751","519","7","60","2012-07-23 00:00:00","2012-08-03 00:00:00","2012-07-23 00:00:00","2012-08-03 00:00:00","4.0000","49.0000","49.0000","2012-08-02 22:00:00"
"18756","748","1","10","2012-07-23 00:00:00","2012-08-03 00:00:00","2012-07-23 00:00:00","2012-08-03 00:00:00","4.1000","92.2500","92.2500","2012-08-02 22:00:00"
"18756","748","2","20","2012-07-23 00:00:00","2012-08-03 00:00:00","2012-07-23 00:00:00","2012-08-03 00:00:00","3.5000","87.5000","87.5000","2012-08-02 22:00:00"
"18756","748","3","30","2012-07-23 00:00:00","2012-08-03 00:00:00","2012-07-23 00:00:00","2012-08-03 00:00:00","1.0000","14.5000","14.5000","2012-08-02 22:00:00"
"18756","748","5","45","2012-07-23 00:00:00","2012-08-03 00:00:00","2012-07-23 00:00:00","2012-08-03 00:00:00","2.0000","36.0000","36.0000","2012-08-02 22:00:00"
"18756","748","6","50","2012-07-23 00:00:00","2012-08-03 00:00:00","2012-07-23 00:00:00","2012-08-03 00:00:00","3.0000","36.7500","36.7500","2012-08-02 22:00:00"
"18756","748","7","60","2012-07-23 00:00:00","2012-08-03 00:00:00","2012-07-23 00:00:00","2012-08-03 00:00:00","4.0000","49.0000","49.0000","2012-08-02 22:00:00"
"18757","806","6","50","2012-07-23 00:00:00","2012-08-03 00:00:00","2012-07-23 00:00:00","2012-08-03 00:00:00","3.0000","36.7500","36.7500","2012-08-02 22:00:00"
"18758","810","1","10","2012-07-23 00:00:00","2012-08-03 00:00:00","2012-07-23 00:00:00","2012-08-03 00:00:00","4.1000","92.2500","92.2500","2012-08-02 22:00:00"
"18758","810","2","20","2012-07-23 00:00:00","2012-08-03 00:00:00","2012-07-23 00:00:00","2012-08-03 00:00:00","3.5000","87.5000","87.5000","2012-08-02 22:00:00"
"18758","810","6","50","2012-07-23 00:00:00","2012-08-03 00:00:00","2012-07-23 00:00:00","2012-08-03 00:00:00","3.0000","36.7500","36.7500","2012-08-02 22:00:00"
"18759","811","1","10","2012-07-23 00:00:00","2012-08-03 00:00:00","2012-07-23 00:00:00","2012-08-03 00:00:00","4.1000","92.2500","92.2500","2012-08-02 22:00:00"
"18759","811","2","20","2012-07-23 00:00:00","2012-08-03 00:00:00","2012-07-23 00:00:00","2012-08-03 00:00:00","3.5000","87.5000","87.5000","2012-08-02 22:00:00"
"18759","811","6","50","2012-07-23 00:00:00","2012-08-03 00:00:00","2012-07-23 00:00:00","2012-08-03 00:00:00","3.0000","36.7500","36.7500","2012-08-02 22:00:00"
"18760","812","1","10","2012-07-23 00:00:00","2012-08-03 00:00:00","2012-07-23 00:00:00","2012-08-03 00:00:00","4.1000","92.2500","92.2500","2012-08-02 22:00:00"
"18760","812","2","20","2012-07-23 00:00:00","2012-08-03 00:00:00","2012-07-23 00:00:00","2012-08-03 00:00:00","3.5000","87.5000","87.5000","2012-08-02 22:00:00"
"18760","812","6","50","2012-07-23 00:00:00","2012-08-03 00:00:00","2012-07-23 00:00:00","2012-08-03 00:00:00","3.0000","36.7500","36.7500","2012-08-02 22:00:00"
"18761","813","1","10","2012-07-23 00:00:00","2012-08-03 00:00:00","2012-07-23 00:00:00","2012-08-03 00:00:00","4.1000","92.2500","92.2500","2012-08-02 22:00:00"
"18761","813","2","20","2012-07-23 00:00:00","2012-08-03 00:00:00","2012-07-23 00:00:00","2012-08-03 00:00:00","3.5000","87.5000","87.5000","2012-08-02 22:00:00"
"18761","813","6","50","2012-07-23 00:00:00","2012-08-03 00:00:00","2012-07-23 00:00:00","2012-08-03 00:00:00","3.0000","36.7500","36.7500","2012-08-02 22:00:00"
"18762","816","6","50","2012-07-23 00:00:00","2012-08-03 00:00:00","2012-07-23 00:00:00","2012-08-03 00:00:00","3.0000","36.7500","36.7500","2012-08-02 22:00:00"
"18763","818","6","50","2012-07-23 00:00:00","2012-08-03 00:00:00","2012-07-23 00:00:00","2012-08-03 00:00:00","3.0000","36.7500","36.7500","2012-08-02 22:00:00"
"18764","819","6","50","2012-07-23 00:00:00","2012-08-03 00:00:00","2012-07-23 00:00:00","2012-08-03 00:00:00","3.0000","36.7500","36.7500","2012-08-02 22:00:00"
"18765","820","6","50","2012-07-23 00:00:00","2012-08-03 00:00:00","2012-07-23 00:00:00","2012-08-03 00:00:00","3.0000","36.7500","36.7500","2012-08-02 22:00:00"
"18766","824","6","50","2012-07-23 00:00:00","2012-08-03 00:00:00","2012-07-23 00:00:00","2012-08-03 00:00:00","3.0000","36.7500","36.7500","2012-08-02 22:00:00"
"18767","826","6","50","2012-07-23 00:00:00","2012-08-03 00:00:00","2012-07-23 00:00:00","2012-08-03 00:00:00","3.0000","36.7500","36.7500","2012-08-02 22:00:00"
"18768","827","6","50","2012-07-23 00:00:00","2012-08-03 00:00:00","2012-07-23 00:00:00","2012-08-03 00:00:00","3.0000","36.7500","36.7500","2012-08-02 22:00:00"
"18769","828","6","50","2012-07-23 00:00:00","2012-08-03 00:00:00","2012-07-23 00:00:00","2012-08-03 00:00:00","3.0000","36.7500","36.7500","2012-08-02 22:00:00"
"18773","894","6","50","2012-07-23 00:00:00","2012-08-03 00:00:00","2012-07-23 00:00:00","2012-08-03 00:00:00","3.0000","36.7500","36.7500","2012-08-02 22:00:00"
"18774","945","1","10","2012-07-23 00:00:00","2012-08-03 00:00:00","2012-07-23 00:00:00","2012-08-03 00:00:00","4.1000","92.2500","92.2500","2012-08-02 22:00:00"
"18774","945","6","50","2012-07-23 00:00:00","2012-08-03 00:00:00","2012-07-23 00:00:00","2012-08-03 00:00:00","3.0000","36.7500","36.7500","2012-08-02 22:00:00"
"18775","950","6","50","2012-07-23 00:00:00","2012-08-03 00:00:00","2012-07-23 00:00:00","2012-08-03 00:00:00","3.0000","36.7500","36.7500","2012-08-02 22:00:00"
"18776","994","6","50","2012-07-23 00:00:00","2012-08-03 00:00:00","2012-07-23 00:00:00","2012-08-03 00:00:00","3.0000","36.7500","36.7500","2012-08-02 22:00:00"
"18777","995","6","50","2012-07-23 00:00:00","2012-08-03 00:00:00","2012-07-23 00:00:00","2012-08-03 00:00:00","3.0000","36.7500","36.7500","2012-08-02 22:00:00"
"18778","996","6","50","2012-07-23 00:00:00","2012-08-03 00:00:00","2012-07-23 00:00:00","2012-08-03 00:00:00","3.0000","36.7500","36.7500","2012-08-02 22:00:00"
"18792","802","1","10","2012-07-23 00:00:00","2012-08-03 00:00:00","2012-07-23 00:00:00","2012-08-03 00:00:00","4.1000","92.2500","92.2500","2012-08-02 22:00:00"
"18792","802","6","50","2012-07-23 00:00:00","2012-08-03 00:00:00","2012-07-23 00:00:00","2012-08-03 00:00:00","3.0000","36.7500","36.7500","2012-08-02 22:00:00"
"18793","803","1","10","2012-07-23 00:00:00","2012-08-03 00:00:00","2012-07-23 00:00:00","2012-08-03 00:00:00","4.1000","92.2500","92.2500","2012-08-02 22:00:00"
"18793","803","6","50","2012-07-23 00:00:00","2012-08-03 00:00:00","2012-07-23 00:00:00","2012-08-03 00:00:00","3.0000","36.7500","36.7500","2012-08-02 22:00:00"
"18794","804","1","10","2012-07-23 00:00:00","2012-08-03 00:00:00","2012-07-23 00:00:00","2012-08-03 00:00:00","4.1000","92.2500","92.2500","2012-08-02 22:00:00"
"18794","804","6","50","2012-07-23 00:00:00","2012-08-03 00:00:00","2012-07-23 00:00:00","2012-08-03 00:00:00","3.0000","36.7500","36.7500","2012-08-02 22:00:00"
"18799","765","7","60","2012-07-24 00:00:00","2012-08-04 00:00:00","2012-08-08 00:00:00","2012-08-09 00:00:00","4.0000","49.0000","49.0000","2012-08-08 22:00:00"
"18800","782","7","60","2012-07-24 00:00:00","2012-08-04 00:00:00","2012-08-08 00:00:00","2012-08-09 00:00:00","4.0000","49.0000","49.0000","2012-08-08 22:00:00"
"18801","784","7","60","2012-07-24 00:00:00","2012-08-04 00:00:00","2012-08-08 00:00:00","2012-08-09 00:00:00","4.0000","49.0000","49.0000","2012-08-08 22:00:00"
"18802","789","7","60","2012-07-24 00:00:00","2012-08-04 00:00:00","2012-08-08 00:00:00","2012-08-09 00:00:00","4.0000","49.0000","49.0000","2012-08-08 22:00:00"
"18803","793","7","60","2012-07-24 00:00:00","2012-08-04 00:00:00","2012-08-08 00:00:00","2012-08-09 00:00:00","4.0000","49.0000","49.0000","2012-08-08 22:00:00"
"18804","794","7","60","2012-07-24 00:00:00","2012-08-04 00:00:00","2012-08-08 00:00:00","2012-08-09 00:00:00","4.0000","49.0000","49.0000","2012-08-08 22:00:00"
"18805","795","7","60","2012-07-24 00:00:00","2012-08-04 00:00:00","2012-08-08 00:00:00","2012-08-09 00:00:00","4.0000","49.0000","49.0000","2012-08-08 22:00:00"
"18806","796","7","60","2012-07-24 00:00:00","2012-08-04 00:00:00","2012-08-08 00:00:00","2012-08-09 00:00:00","4.0000","49.0000","49.0000","2012-08-08 22:00:00"
"18807","516","6","50","2012-07-24 00:00:00","2012-08-04 00:00:00","2012-08-08 00:00:00","2012-08-09 00:00:00","3.0000","36.7500","36.7500","2012-08-08 22:00:00"
"18807","516","7","60","2012-07-24 00:00:00","2012-08-04 00:00:00","2012-08-08 00:00:00","2012-08-09 00:00:00","4.0000","49.0000","49.0000","2012-08-08 22:00:00"
"18808","517","6","50","2012-07-24 00:00:00","2012-08-04 00:00:00","2012-08-08 00:00:00","2012-08-09 00:00:00","3.0000","36.7500","36.7500","2012-08-08 22:00:00"
"18808","517","7","60","2012-07-24 00:00:00","2012-08-04 00:00:00","2012-08-08 00:00:00","2012-08-09 00:00:00","4.0000","49.0000","49.0000","2012-08-08 22:00:00"
"18809","519","6","50","2012-07-24 00:00:00","2012-08-04 00:00:00","2012-08-08 00:00:00","2012-08-09 00:00:00","3.0000","36.7500","36.7500","2012-08-08 22:00:00"
"18809","519","7","60","2012-07-24 00:00:00","2012-08-04 00:00:00","2012-08-08 00:00:00","2012-08-09 00:00:00","4.0000","49.0000","49.0000","2012-08-08 22:00:00"
"18814","747","1","10","2012-07-24 00:00:00","2012-08-04 00:00:00","2012-08-08 00:00:00","2012-08-09 00:00:00","4.1000","92.2500","92.2500","2012-08-08 22:00:00"
"18814","747","2","20","2012-07-24 00:00:00","2012-08-04 00:00:00","2012-08-08 00:00:00","2012-08-09 00:00:00","3.5000","87.5000","87.5000","2012-08-08 22:00:00"
"18814","747","3","30","2012-07-24 00:00:00","2012-08-04 00:00:00","2012-08-08 00:00:00","2012-08-09 00:00:00","1.0000","14.5000","14.5000","2012-08-08 22:00:00"
"18814","747","4","40","2012-07-24 00:00:00","2012-08-04 00:00:00","2012-08-08 00:00:00","2012-08-09 00:00:00","2.0000","31.5000","31.5000","2012-08-08 22:00:00"
"18814","747","6","50","2012-07-24 00:00:00","2012-08-04 00:00:00","2012-08-08 00:00:00","2012-08-09 00:00:00","3.0000","36.7500","36.7500","2012-08-08 22:00:00"
"18814","747","7","60","2012-07-24 00:00:00","2012-08-04 00:00:00","2012-08-08 00:00:00","2012-08-09 00:00:00","4.0000","49.0000","49.0000","2012-08-08 22:00:00"
"18815","806","6","50","2012-07-24 00:00:00","2012-08-04 00:00:00","2012-08-08 00:00:00","2012-08-09 00:00:00","3.0000","36.7500","36.7500","2012-08-08 22:00:00"
"18816","810","1","10","2012-07-24 00:00:00","2012-08-04 00:00:00","2012-08-08 00:00:00","2012-08-09 00:00:00","4.1000","92.2500","92.2500","2012-08-08 22:00:00"
"18816","810","2","20","2012-07-24 00:00:00","2012-08-04 00:00:00","2012-08-08 00:00:00","2012-08-09 00:00:00","3.5000","87.5000","87.5000","2012-08-08 22:00:00"
"18816","810","6","50","2012-07-24 00:00:00","2012-08-04 00:00:00","2012-08-08 00:00:00","2012-08-09 00:00:00","3.0000","36.7500","36.7500","2012-08-08 22:00:00"
"18817","811","1","10","2012-07-24 00:00:00","2012-08-04 00:00:00","2012-08-08 00:00:00","2012-08-09 00:00:00","4.1000","92.2500","92.2500","2012-08-08 22:00:00"
"18817","811","2","20","2012-07-24 00:00:00","2012-08-04 00:00:00","2012-08-08 00:00:00","2012-08-09 00:00:00","3.5000","87.5000","87.5000","2012-08-08 22:00:00"
"18817","811","6","50","2012-07-24 00:00:00","2012-08-04 00:00:00","2012-08-08 00:00:00","2012-08-09 00:00:00","3.0000","36.7500","36.7500","2012-08-08 22:00:00"
"18818","813","1","10","2012-07-24 00:00:00","2012-08-04 00:00:00","2012-08-08 00:00:00","2012-08-09 00:00:00","4.1000","92.2500","92.2500","2012-08-08 22:00:00"
"18818","813","2","20","2012-07-24 00:00:00","2012-08-04 00:00:00","2012-08-08 00:00:00","2012-08-09 00:00:00","3.5000","87.5000","87.5000","2012-08-08 22:00:00"
"18818","813","6","50","2012-07-24 00:00:00","2012-08-04 00:00:00","2012-08-08 00:00:00","2012-08-09 00:00:00","3.0000","36.7500","36.7500","2012-08-08 22:00:00"
"18819","816","6","50","2012-07-24 00:00:00","2012-08-04 00:00:00","2012-08-08 00:00:00","2012-08-09 00:00:00","3.0000","36.7500","36.7500","2012-08-08 22:00:00"
"18820","818","6","50","2012-07-24 00:00:00","2012-08-04 00:00:00","2012-08-08 00:00:00","2012-08-09 00:00:00","3.0000","36.7500","36.7500","2012-08-08 22:00:00"
"18821","820","6","50","2012-07-24 00:00:00","2012-08-04 00:00:00","2012-08-08 00:00:00","2012-08-09 00:00:00","3.0000","36.7500","36.7500","2012-08-08 22:00:00"
"18822","824","6","50","2012-07-24 00:00:00","2012-08-04 00:00:00","2012-08-08 00:00:00","2012-08-09 00:00:00","3.0000","36.7500","36.7500","2012-08-08 22:00:00"
"18823","826","6","50","2012-07-24 00:00:00","2012-08-04 00:00:00","2012-08-08 00:00:00","2012-08-09 00:00:00","3.0000","36.7500","36.7500","2012-08-08 22:00:00"
"18824","828","6","50","2012-07-24 00:00:00","2012-08-04 00:00:00","2012-08-08 00:00:00","2012-08-09 00:00:00","3.0000","36.7500","36.7500","2012-08-08 22:00:00"
"18828","894","6","50","2012-07-24 00:00:00","2012-08-04 00:00:00","2012-08-08 00:00:00","2012-08-09 00:00:00","3.0000","36.7500","36.7500","2012-08-08 22:00:00"
"18829","945","1","10","2012-07-24 00:00:00","2012-08-04 00:00:00","2012-08-08 00:00:00","2012-08-09 00:00:00","4.1000","92.2500","92.2500","2012-08-08 22:00:00"
"18829","945","6","50","2012-07-24 00:00:00","2012-08-04 00:00:00","2012-08-08 00:00:00","2012-08-09 00:00:00","3.0000","36.7500","36.7500","2012-08-08 22:00:00"
"18830","950","6","50","2012-07-24 00:00:00","2012-08-04 00:00:00","2012-08-08 00:00:00","2012-08-09 00:00:00","3.0000","36.7500","36.7500","2012-08-08 22:00:00"
"18831","994","6","50","2012-07-24 00:00:00","2012-08-04 00:00:00","2012-08-08 00:00:00","2012-08-09 00:00:00","3.0000","36.7500","36.7500","2012-08-08 22:00:00"
"18832","995","6","50","2012-07-24 00:00:00","2012-08-04 00:00:00","2012-08-08 00:00:00","2012-08-09 00:00:00","3.0000","36.7500","36.7500","2012-08-08 22:00:00"
"18833","996","6","50","2012-07-24 00:00:00","2012-08-04 00:00:00","2012-08-08 00:00:00","2012-08-09 00:00:00","3.0000","36.7500","36.7500","2012-08-08 22:00:00"
"18847","802","1","10","2012-07-24 00:00:00","2012-08-04 00:00:00","2012-08-08 00:00:00","2012-08-09 00:00:00","4.1000","92.2500","92.2500","2012-08-08 22:00:00"
"18847","802","6","50","2012-07-24 00:00:00","2012-08-04 00:00:00","2012-08-08 00:00:00","2012-08-09 00:00:00","3.0000","36.7500","36.7500","2012-08-08 22:00:00"
"18848","804","1","10","2012-07-24 00:00:00","2012-08-04 00:00:00","2012-08-08 00:00:00","2012-08-09 00:00:00","4.1000","92.2500","92.2500","2012-08-08 22:00:00"
"18848","804","6","50","2012-07-24 00:00:00","2012-08-04 00:00:00","2012-08-08 00:00:00","2012-08-09 00:00:00","3.0000","36.7500","36.7500","2012-08-08 22:00:00"
"18853","779","7","60","2012-07-25 00:00:00","2012-08-05 00:00:00","2012-07-25 00:00:00","2012-08-05 00:00:00","4.0000","49.0000","49.0000","2012-08-04 22:00:00"
"18854","789","7","60","2012-07-25 00:00:00","2012-08-05 00:00:00","2012-07-25 00:00:00","2012-08-05 00:00:00","4.0000","49.0000","49.0000","2012-08-04 22:00:00"
"18855","794","7","60","2012-07-25 00:00:00","2012-08-05 00:00:00","2012-07-25 00:00:00","2012-08-05 00:00:00","4.0000","49.0000","49.0000","2012-08-04 22:00:00"
"18856","795","7","60","2012-07-25 00:00:00","2012-08-05 00:00:00","2012-07-25 00:00:00","2012-08-05 00:00:00","4.0000","49.0000","49.0000","2012-08-04 22:00:00"
"18857","516","6","50","2012-07-25 00:00:00","2012-08-05 00:00:00","2012-07-25 00:00:00","2012-08-05 00:00:00","3.0000","36.7500","36.7500","2012-08-04 22:00:00"
"18857","516","7","60","2012-07-25 00:00:00","2012-08-05 00:00:00","2012-07-25 00:00:00","2012-08-05 00:00:00","4.0000","49.0000","49.0000","2012-08-04 22:00:00"
"18858","519","6","50","2012-07-25 00:00:00","2012-08-05 00:00:00","2012-07-25 00:00:00","2012-08-05 00:00:00","3.0000","36.7500","36.7500","2012-08-04 22:00:00"
"18858","519","7","60","2012-07-25 00:00:00","2012-08-05 00:00:00","2012-07-25 00:00:00","2012-08-05 00:00:00","4.0000","49.0000","49.0000","2012-08-04 22:00:00"
"18860","748","1","10","2012-07-25 00:00:00","2012-08-05 00:00:00","2012-07-25 00:00:00","2012-08-05 00:00:00","4.1000","92.2500","92.2500","2012-08-04 22:00:00"
"18860","748","2","20","2012-07-25 00:00:00","2012-08-05 00:00:00","2012-07-25 00:00:00","2012-08-05 00:00:00","3.5000","87.5000","87.5000","2012-08-04 22:00:00"
"18860","748","3","30","2012-07-25 00:00:00","2012-08-05 00:00:00","2012-07-25 00:00:00","2012-08-05 00:00:00","1.0000","14.5000","14.5000","2012-08-04 22:00:00"
"18860","748","5","45","2012-07-25 00:00:00","2012-08-05 00:00:00","2012-07-25 00:00:00","2012-08-05 00:00:00","2.0000","36.0000","36.0000","2012-08-04 22:00:00"
"18860","748","6","50","2012-07-25 00:00:00","2012-08-05 00:00:00","2012-07-25 00:00:00","2012-08-05 00:00:00","3.0000","36.7500","36.7500","2012-08-04 22:00:00"
"18860","748","7","60","2012-07-25 00:00:00","2012-08-05 00:00:00","2012-07-25 00:00:00","2012-08-05 00:00:00","4.0000","49.0000","49.0000","2012-08-04 22:00:00"
"18861","806","6","50","2012-07-25 00:00:00","2012-08-05 00:00:00","2012-07-25 00:00:00","2012-08-05 00:00:00","3.0000","36.7500","36.7500","2012-08-04 22:00:00"
"18862","810","1","10","2012-07-25 00:00:00","2012-08-05 00:00:00","2012-07-25 00:00:00","2012-08-05 00:00:00","4.1000","92.2500","92.2500","2012-08-04 22:00:00"
"18862","810","2","20","2012-07-25 00:00:00","2012-08-05 00:00:00","2012-07-25 00:00:00","2012-08-05 00:00:00","3.5000","87.5000","87.5000","2012-08-04 22:00:00"
"18862","810","6","50","2012-07-25 00:00:00","2012-08-05 00:00:00","2012-07-25 00:00:00","2012-08-05 00:00:00","3.0000","36.7500","36.7500","2012-08-04 22:00:00"
"18863","813","1","10","2012-07-25 00:00:00","2012-08-05 00:00:00","2012-07-25 00:00:00","2012-08-05 00:00:00","4.1000","92.2500","92.2500","2012-08-04 22:00:00"
"18863","813","2","20","2012-07-25 00:00:00","2012-08-05 00:00:00","2012-07-25 00:00:00","2012-08-05 00:00:00","3.5000","87.5000","87.5000","2012-08-04 22:00:00"
"18863","813","6","50","2012-07-25 00:00:00","2012-08-05 00:00:00","2012-07-25 00:00:00","2012-08-05 00:00:00","3.0000","36.7500","36.7500","2012-08-04 22:00:00"
"18864","816","6","50","2012-07-25 00:00:00","2012-08-05 00:00:00","2012-07-25 00:00:00","2012-08-05 00:00:00","3.0000","36.7500","36.7500","2012-08-04 22:00:00"
"18865","820","6","50","2012-07-25 00:00:00","2012-08-05 00:00:00","2012-07-25 00:00:00","2012-08-05 00:00:00","3.0000","36.7500","36.7500","2012-08-04 22:00:00"
"18866","824","6","50","2012-07-25 00:00:00","2012-08-05 00:00:00","2012-07-25 00:00:00","2012-08-05 00:00:00","3.0000","36.7500","36.7500","2012-08-04 22:00:00"
"18867","828","6","50","2012-07-25 00:00:00","2012-08-05 00:00:00","2012-07-25 00:00:00","2012-08-05 00:00:00","3.0000","36.7500","36.7500","2012-08-04 22:00:00"
"18870","894","6","50","2012-07-25 00:00:00","2012-08-05 00:00:00","2012-07-25 00:00:00","2012-08-05 00:00:00","3.0000","36.7500","36.7500","2012-08-04 22:00:00"
"18871","945","1","10","2012-07-25 00:00:00","2012-08-05 00:00:00","2012-07-25 00:00:00","2012-08-05 00:00:00","4.1000","92.2500","92.2500","2012-08-04 22:00:00"
"18871","945","6","50","2012-07-25 00:00:00","2012-08-05 00:00:00","2012-07-25 00:00:00","2012-08-05 00:00:00","3.0000","36.7500","36.7500","2012-08-04 22:00:00"
"18872","950","6","50","2012-07-25 00:00:00","2012-08-05 00:00:00","2012-07-25 00:00:00","2012-08-05 00:00:00","3.0000","36.7500","36.7500","2012-08-04 22:00:00"
"18873","995","6","50","2012-07-25 00:00:00","2012-08-05 00:00:00","2012-07-25 00:00:00","2012-08-05 00:00:00","3.0000","36.7500","36.7500","2012-08-04 22:00:00"
"18874","996","6","50","2012-07-25 00:00:00","2012-08-05 00:00:00","2012-07-25 00:00:00","2012-08-05 00:00:00","3.0000","36.7500","36.7500","2012-08-04 22:00:00"
"18887","804","1","10","2012-07-25 00:00:00","2012-08-05 00:00:00","2012-07-25 00:00:00","2012-08-05 00:00:00","4.1000","92.2500","92.2500","2012-08-04 22:00:00"
"18887","804","6","50","2012-07-25 00:00:00","2012-08-05 00:00:00","2012-07-25 00:00:00","2012-08-05 00:00:00","3.0000","36.7500","36.7500","2012-08-04 22:00:00"
"18892","768","7","60","2012-07-26 00:00:00","2012-08-06 00:00:00","2012-08-12 00:00:00","2012-08-13 00:00:00","4.0000","49.0000","49.0000","2012-08-12 22:00:00"
"18893","770","7","60","2012-07-26 00:00:00","2012-08-06 00:00:00","2012-08-12 00:00:00","2012-08-13 00:00:00","4.0000","49.0000","49.0000","2012-08-12 22:00:00"
"18894","783","7","60","2012-07-26 00:00:00","2012-08-06 00:00:00","2012-08-12 00:00:00","2012-08-13 00:00:00","4.0000","49.0000","49.0000","2012-08-12 22:00:00"
"18895","784","7","60","2012-07-26 00:00:00","2012-08-06 00:00:00","2012-08-12 00:00:00","2012-08-13 00:00:00","4.0000","49.0000","49.0000","2012-08-12 22:00:00"
"18896","789","7","60","2012-07-26 00:00:00","2012-08-06 00:00:00","2012-08-12 00:00:00","2012-08-13 00:00:00","4.0000","49.0000","49.0000","2012-08-12 22:00:00"
"18897","791","7","60","2012-07-26 00:00:00","2012-08-06 00:00:00","2012-08-12 00:00:00","2012-08-13 00:00:00","4.0000","49.0000","49.0000","2012-08-12 22:00:00"
"18898","792","7","60","2012-07-26 00:00:00","2012-08-06 00:00:00","2012-08-12 00:00:00","2012-08-13 00:00:00","4.0000","49.0000","49.0000","2012-08-12 22:00:00"
"18899","796","7","60","2012-07-26 00:00:00","2012-08-06 00:00:00","2012-08-12 00:00:00","2012-08-13 00:00:00","4.0000","49.0000","49.0000","2012-08-12 22:00:00"
"18900","797","7","60","2012-07-26 00:00:00","2012-08-06 00:00:00","2012-08-12 00:00:00","2012-08-13 00:00:00","4.0000","49.0000","49.0000","2012-08-12 22:00:00"
"18901","516","6","50","2012-07-26 00:00:00","2012-08-06 00:00:00","2012-08-12 00:00:00","2012-08-13 00:00:00","3.0000","36.7500","36.7500","2012-08-12 22:00:00"
"18901","516","7","60","2012-07-26 00:00:00","2012-08-06 00:00:00","2012-08-12 00:00:00","2012-08-13 00:00:00","4.0000","49.0000","49.0000","2012-08-12 22:00:00"
"18902","517","6","50","2012-07-26 00:00:00","2012-08-06 00:00:00","2012-08-12 00:00:00","2012-08-13 00:00:00","3.0000","36.7500","36.7500","2012-08-12 22:00:00"
"18902","517","7","60","2012-07-26 00:00:00","2012-08-06 00:00:00","2012-08-12 00:00:00","2012-08-13 00:00:00","4.0000","49.0000","49.0000","2012-08-12 22:00:00"
"18903","518","6","50","2012-07-26 00:00:00","2012-08-06 00:00:00","2012-08-12 00:00:00","2012-08-13 00:00:00","3.0000","36.7500","36.7500","2012-08-12 22:00:00"
"18903","518","7","60","2012-07-26 00:00:00","2012-08-06 00:00:00","2012-08-12 00:00:00","2012-08-13 00:00:00","4.0000","49.0000","49.0000","2012-08-12 22:00:00"
"18904","519","6","50","2012-07-26 00:00:00","2012-08-06 00:00:00","2012-08-12 00:00:00","2012-08-13 00:00:00","3.0000","36.7500","36.7500","2012-08-12 22:00:00"
"18904","519","7","60","2012-07-26 00:00:00","2012-08-06 00:00:00","2012-08-12 00:00:00","2012-08-13 00:00:00","4.0000","49.0000","49.0000","2012-08-12 22:00:00"
"18913","806","6","50","2012-07-26 00:00:00","2012-08-06 00:00:00","2012-08-12 00:00:00","2012-08-13 00:00:00","3.0000","36.7500","36.7500","2012-08-12 22:00:00"
"18914","810","1","10","2012-07-26 00:00:00","2012-08-06 00:00:00","2012-08-12 00:00:00","2012-08-13 00:00:00","4.1000","92.2500","92.2500","2012-08-12 22:00:00"
"18914","810","2","20","2012-07-26 00:00:00","2012-08-06 00:00:00","2012-08-12 00:00:00","2012-08-13 00:00:00","3.5000","87.5000","87.5000","2012-08-12 22:00:00"
"18914","810","6","50","2012-07-26 00:00:00","2012-08-06 00:00:00","2012-08-12 00:00:00","2012-08-13 00:00:00","3.0000","36.7500","36.7500","2012-08-12 22:00:00"
"18915","811","1","10","2012-07-26 00:00:00","2012-08-06 00:00:00","2012-08-12 00:00:00","2012-08-13 00:00:00","4.1000","92.2500","92.2500","2012-08-12 22:00:00"
"18915","811","2","20","2012-07-26 00:00:00","2012-08-06 00:00:00","2012-08-12 00:00:00","2012-08-13 00:00:00","3.5000","87.5000","87.5000","2012-08-12 22:00:00"
"18915","811","6","50","2012-07-26 00:00:00","2012-08-06 00:00:00","2012-08-12 00:00:00","2012-08-13 00:00:00","3.0000","36.7500","36.7500","2012-08-12 22:00:00"
"18916","812","1","10","2012-07-26 00:00:00","2012-08-06 00:00:00","2012-08-12 00:00:00","2012-08-13 00:00:00","4.1000","92.2500","92.2500","2012-08-12 22:00:00"
"18916","812","2","20","2012-07-26 00:00:00","2012-08-06 00:00:00","2012-08-12 00:00:00","2012-08-13 00:00:00","3.5000","87.5000","87.5000","2012-08-12 22:00:00"
"18916","812","6","50","2012-07-26 00:00:00","2012-08-06 00:00:00","2012-08-12 00:00:00","2012-08-13 00:00:00","3.0000","36.7500","36.7500","2012-08-12 22:00:00"
"18917","813","1","10","2012-07-26 00:00:00","2012-08-06 00:00:00","2012-08-12 00:00:00","2012-08-13 00:00:00","4.1000","92.2500","92.2500","2012-08-12 22:00:00"
"18917","813","2","20","2012-07-26 00:00:00","2012-08-06 00:00:00","2012-08-12 00:00:00","2012-08-13 00:00:00","3.5000","87.5000","87.5000","2012-08-12 22:00:00"
"18917","813","6","50","2012-07-26 00:00:00","2012-08-06 00:00:00","2012-08-12 00:00:00","2012-08-13 00:00:00","3.0000","36.7500","36.7500","2012-08-12 22:00:00"
"18918","816","6","50","2012-07-26 00:00:00","2012-08-06 00:00:00","2012-08-12 00:00:00","2012-08-13 00:00:00","3.0000","36.7500","36.7500","2012-08-12 22:00:00"
"18919","818","6","50","2012-07-26 00:00:00","2012-08-06 00:00:00","2012-08-12 00:00:00","2012-08-13 00:00:00","3.0000","36.7500","36.7500","2012-08-12 22:00:00"
"18920","819","6","50","2012-07-26 00:00:00","2012-08-06 00:00:00","2012-08-12 00:00:00","2012-08-13 00:00:00","3.0000","36.7500","36.7500","2012-08-12 22:00:00"
"18921","820","6","50","2012-07-26 00:00:00","2012-08-06 00:00:00","2012-08-12 00:00:00","2012-08-13 00:00:00","3.0000","36.7500","36.7500","2012-08-12 22:00:00"
"18922","822","1","10","2012-07-26 00:00:00","2012-08-06 00:00:00","2012-08-12 00:00:00","2012-08-13 00:00:00","4.1000","92.2500","92.2500","2012-08-12 22:00:00"
"18922","822","2","20","2012-07-26 00:00:00","2012-08-06 00:00:00","2012-08-12 00:00:00","2012-08-13 00:00:00","3.5000","87.5000","87.5000","2012-08-12 22:00:00"
"18922","822","3","30","2012-07-26 00:00:00","2012-08-06 00:00:00","2012-08-12 00:00:00","2012-08-13 00:00:00","1.0000","14.5000","14.5000","2012-08-12 22:00:00"
"18922","822","4","40","2012-07-26 00:00:00","2012-08-06 00:00:00","2012-08-12 00:00:00","2012-08-13 00:00:00","2.0000","31.5000","31.5000","2012-08-12 22:00:00"
"18922","822","6","50","2012-07-26 00:00:00","2012-08-06 00:00:00","2012-08-12 00:00:00","2012-08-13 00:00:00","3.0000","36.7500","36.7500","2012-08-12 22:00:00"
"18922","822","7","60","2012-07-26 00:00:00","2012-08-06 00:00:00","2012-08-12 00:00:00","2012-08-13 00:00:00","4.0000","49.0000","49.0000","2012-08-12 22:00:00"
"18923","824","6","50","2012-07-26 00:00:00","2012-08-06 00:00:00","2012-08-12 00:00:00","2012-08-13 00:00:00","3.0000","36.7500","36.7500","2012-08-12 22:00:00"
"18924","826","6","50","2012-07-26 00:00:00","2012-08-06 00:00:00","2012-08-12 00:00:00","2012-08-13 00:00:00","3.0000","36.7500","36.7500","2012-08-12 22:00:00"
"18925","827","6","50","2012-07-26 00:00:00","2012-08-06 00:00:00","2012-08-12 00:00:00","2012-08-13 00:00:00","3.0000","36.7500","36.7500","2012-08-12 22:00:00"
"18926","828","6","50","2012-07-26 00:00:00","2012-08-06 00:00:00","2012-08-12 00:00:00","2012-08-13 00:00:00","3.0000","36.7500","36.7500","2012-08-12 22:00:00"
"18927","894","6","50","2012-07-26 00:00:00","2012-08-06 00:00:00","2012-08-12 00:00:00","2012-08-13 00:00:00","3.0000","36.7500","36.7500","2012-08-12 22:00:00"
"18928","945","1","10","2012-07-26 00:00:00","2012-08-06 00:00:00","2012-08-12 00:00:00","2012-08-13 00:00:00","4.1000","92.2500","92.2500","2012-08-12 22:00:00"
"18928","945","6","50","2012-07-26 00:00:00","2012-08-06 00:00:00","2012-08-12 00:00:00","2012-08-13 00:00:00","3.0000","36.7500","36.7500","2012-08-12 22:00:00"
"18929","950","6","50","2012-07-26 00:00:00","2012-08-06 00:00:00","2012-08-12 00:00:00","2012-08-13 00:00:00","3.0000","36.7500","36.7500","2012-08-12 22:00:00"
"18930","994","6","50","2012-07-26 00:00:00","2012-08-06 00:00:00","2012-08-12 00:00:00","2012-08-13 00:00:00","3.0000","36.7500","36.7500","2012-08-12 22:00:00"
"18931","995","6","50","2012-07-26 00:00:00","2012-08-06 00:00:00","2012-08-12 00:00:00","2012-08-13 00:00:00","3.0000","36.7500","36.7500","2012-08-12 22:00:00"
"18932","996","6","50","2012-07-26 00:00:00","2012-08-06 00:00:00","2012-08-12 00:00:00","2012-08-13 00:00:00","3.0000","36.7500","36.7500","2012-08-12 22:00:00"
"18946","802","1","10","2012-07-26 00:00:00","2012-08-06 00:00:00","2012-08-12 00:00:00","2012-08-13 00:00:00","4.1000","92.2500","92.2500","2012-08-12 22:00:00"
"18946","802","6","50","2012-07-26 00:00:00","2012-08-06 00:00:00","2012-08-12 00:00:00","2012-08-13 00:00:00","3.0000","36.7500","36.7500","2012-08-12 22:00:00"
"18947","803","1","10","2012-07-26 00:00:00","2012-08-06 00:00:00","2012-08-12 00:00:00","2012-08-13 00:00:00","4.1000","92.2500","92.2500","2012-08-12 22:00:00"
"18947","803","6","50","2012-07-26 00:00:00","2012-08-06 00:00:00","2012-08-12 00:00:00","2012-08-13 00:00:00","3.0000","36.7500","36.7500","2012-08-12 22:00:00"
"18948","804","1","10","2012-07-26 00:00:00","2012-08-06 00:00:00","2012-08-12 00:00:00","2012-08-13 00:00:00","4.1000","92.2500","92.2500","2012-08-12 22:00:00"
"18948","804","6","50","2012-07-26 00:00:00","2012-08-06 00:00:00","2012-08-12 00:00:00","2012-08-13 00:00:00","3.0000","36.7500","36.7500","2012-08-12 22:00:00"
"18953","763","7","60","2012-07-27 00:00:00","2012-08-07 00:00:00","2012-07-27 00:00:00","2012-08-07 00:00:00","4.0000","49.0000","49.0000","2012-08-06 22:00:00"
"18954","779","7","60","2012-07-27 00:00:00","2012-08-07 00:00:00","2012-07-27 00:00:00","2012-08-07 00:00:00","4.0000","49.0000","49.0000","2012-08-06 22:00:00"
"18955","783","7","60","2012-07-27 00:00:00","2012-08-07 00:00:00","2012-07-27 00:00:00","2012-08-07 00:00:00","4.0000","49.0000","49.0000","2012-08-06 22:00:00"
"18956","789","7","60","2012-07-27 00:00:00","2012-08-07 00:00:00","2012-07-27 00:00:00","2012-08-07 00:00:00","4.0000","49.0000","49.0000","2012-08-06 22:00:00"
"18957","793","7","60","2012-07-27 00:00:00","2012-08-07 00:00:00","2012-07-27 00:00:00","2012-08-07 00:00:00","4.0000","49.0000","49.0000","2012-08-06 22:00:00"
"18958","794","7","60","2012-07-27 00:00:00","2012-08-07 00:00:00","2012-07-27 00:00:00","2012-08-07 00:00:00","4.0000","49.0000","49.0000","2012-08-06 22:00:00"
"18959","797","7","60","2012-07-27 00:00:00","2012-08-07 00:00:00","2012-07-27 00:00:00","2012-08-07 00:00:00","4.0000","49.0000","49.0000","2012-08-06 22:00:00"
"18960","801","7","60","2012-07-27 00:00:00","2012-08-07 00:00:00","2012-07-27 00:00:00","2012-08-07 00:00:00","4.0000","49.0000","49.0000","2012-08-06 22:00:00"
"18961","516","6","50","2012-07-27 00:00:00","2012-08-07 00:00:00","2012-07-27 00:00:00","2012-08-07 00:00:00","3.0000","36.7500","36.7500","2012-08-06 22:00:00"
"18961","516","7","60","2012-07-27 00:00:00","2012-08-07 00:00:00","2012-07-27 00:00:00","2012-08-07 00:00:00","4.0000","49.0000","49.0000","2012-08-06 22:00:00"
"18962","517","6","50","2012-07-27 00:00:00","2012-08-07 00:00:00","2012-07-27 00:00:00","2012-08-07 00:00:00","3.0000","36.7500","36.7500","2012-08-06 22:00:00"
"18962","517","7","60","2012-07-27 00:00:00","2012-08-07 00:00:00","2012-07-27 00:00:00","2012-08-07 00:00:00","4.0000","49.0000","49.0000","2012-08-06 22:00:00"
"18963","518","6","50","2012-07-27 00:00:00","2012-08-07 00:00:00","2012-07-27 00:00:00","2012-08-07 00:00:00","3.0000","36.7500","36.7500","2012-08-06 22:00:00"
"18963","518","7","60","2012-07-27 00:00:00","2012-08-07 00:00:00","2012-07-27 00:00:00","2012-08-07 00:00:00","4.0000","49.0000","49.0000","2012-08-06 22:00:00"
"18964","519","6","50","2012-07-27 00:00:00","2012-08-07 00:00:00","2012-07-27 00:00:00","2012-08-07 00:00:00","3.0000","36.7500","36.7500","2012-08-06 22:00:00"
"18964","519","7","60","2012-07-27 00:00:00","2012-08-07 00:00:00","2012-07-27 00:00:00","2012-08-07 00:00:00","4.0000","49.0000","49.0000","2012-08-06 22:00:00"
"18968","748","1","10","2012-07-27 00:00:00","2012-08-07 00:00:00","2012-07-27 00:00:00","2012-08-07 00:00:00","4.1000","92.2500","92.2500","2012-08-06 22:00:00"
"18968","748","2","20","2012-07-27 00:00:00","2012-08-07 00:00:00","2012-07-27 00:00:00","2012-08-07 00:00:00","3.5000","87.5000","87.5000","2012-08-06 22:00:00"
"18968","748","3","30","2012-07-27 00:00:00","2012-08-07 00:00:00","2012-07-27 00:00:00","2012-08-07 00:00:00","1.0000","14.5000","14.5000","2012-08-06 22:00:00"
"18968","748","5","45","2012-07-27 00:00:00","2012-08-07 00:00:00","2012-07-27 00:00:00","2012-08-07 00:00:00","2.0000","36.0000","36.0000","2012-08-06 22:00:00"
"18968","748","6","50","2012-07-27 00:00:00","2012-08-07 00:00:00","2012-07-27 00:00:00","2012-08-07 00:00:00","3.0000","36.7500","36.7500","2012-08-06 22:00:00"
"18968","748","7","60","2012-07-27 00:00:00","2012-08-07 00:00:00","2012-07-27 00:00:00","2012-08-07 00:00:00","4.0000","49.0000","49.0000","2012-08-06 22:00:00"
"18969","806","6","50","2012-07-27 00:00:00","2012-08-07 00:00:00","2012-07-27 00:00:00","2012-08-07 00:00:00","3.0000","36.7500","36.7500","2012-08-06 22:00:00"
"18970","810","1","10","2012-07-27 00:00:00","2012-08-07 00:00:00","2012-07-27 00:00:00","2012-08-07 00:00:00","4.1000","92.2500","92.2500","2012-08-06 22:00:00"
"18970","810","2","20","2012-07-27 00:00:00","2012-08-07 00:00:00","2012-07-27 00:00:00","2012-08-07 00:00:00","3.5000","87.5000","87.5000","2012-08-06 22:00:00"
"18970","810","6","50","2012-07-27 00:00:00","2012-08-07 00:00:00","2012-07-27 00:00:00","2012-08-07 00:00:00","3.0000","36.7500","36.7500","2012-08-06 22:00:00"
"18971","811","1","10","2012-07-27 00:00:00","2012-08-07 00:00:00","2012-07-27 00:00:00","2012-08-07 00:00:00","4.1000","92.2500","92.2500","2012-08-06 22:00:00"
"18971","811","2","20","2012-07-27 00:00:00","2012-08-07 00:00:00","2012-07-27 00:00:00","2012-08-07 00:00:00","3.5000","87.5000","87.5000","2012-08-06 22:00:00"
"18971","811","6","50","2012-07-27 00:00:00","2012-08-07 00:00:00","2012-07-27 00:00:00","2012-08-07 00:00:00","3.0000","36.7500","36.7500","2012-08-06 22:00:00"
"18972","812","1","10","2012-07-27 00:00:00","2012-08-07 00:00:00","2012-07-27 00:00:00","2012-08-07 00:00:00","4.1000","92.2500","92.2500","2012-08-06 22:00:00"
"18972","812","2","20","2012-07-27 00:00:00","2012-08-07 00:00:00","2012-07-27 00:00:00","2012-08-07 00:00:00","3.5000","87.5000","87.5000","2012-08-06 22:00:00"
"18972","812","6","50","2012-07-27 00:00:00","2012-08-07 00:00:00","2012-07-27 00:00:00","2012-08-07 00:00:00","3.0000","36.7500","36.7500","2012-08-06 22:00:00"
"18973","813","1","10","2012-07-27 00:00:00","2012-08-07 00:00:00","2012-07-27 00:00:00","2012-08-07 00:00:00","4.1000","92.2500","92.2500","2012-08-06 22:00:00"
"18973","813","2","20","2012-07-27 00:00:00","2012-08-07 00:00:00","2012-07-27 00:00:00","2012-08-07 00:00:00","3.5000","87.5000","87.5000","2012-08-06 22:00:00"
"18973","813","6","50","2012-07-27 00:00:00","2012-08-07 00:00:00","2012-07-27 00:00:00","2012-08-07 00:00:00","3.0000","36.7500","36.7500","2012-08-06 22:00:00"
"18974","816","6","50","2012-07-27 00:00:00","2012-08-07 00:00:00","2012-07-27 00:00:00","2012-08-07 00:00:00","3.0000","36.7500","36.7500","2012-08-06 22:00:00"
"18975","818","6","50","2012-07-27 00:00:00","2012-08-07 00:00:00","2012-07-27 00:00:00","2012-08-07 00:00:00","3.0000","36.7500","36.7500","2012-08-06 22:00:00"
"18976","819","6","50","2012-07-27 00:00:00","2012-08-07 00:00:00","2012-07-27 00:00:00","2012-08-07 00:00:00","3.0000","36.7500","36.7500","2012-08-06 22:00:00"
"18977","820","6","50","2012-07-27 00:00:00","2012-08-07 00:00:00","2012-07-27 00:00:00","2012-08-07 00:00:00","3.0000","36.7500","36.7500","2012-08-06 22:00:00"
"18978","822","1","10","2012-07-27 00:00:00","2012-08-07 00:00:00","2012-07-27 00:00:00","2012-08-07 00:00:00","4.1000","92.2500","92.2500","2012-08-06 22:00:00"
"18978","822","2","20","2012-07-27 00:00:00","2012-08-07 00:00:00","2012-07-27 00:00:00","2012-08-07 00:00:00","3.5000","87.5000","87.5000","2012-08-06 22:00:00"
"18978","822","3","30","2012-07-27 00:00:00","2012-08-07 00:00:00","2012-07-27 00:00:00","2012-08-07 00:00:00","1.0000","14.5000","14.5000","2012-08-06 22:00:00"
"18978","822","4","40","2012-07-27 00:00:00","2012-08-07 00:00:00","2012-07-27 00:00:00","2012-08-07 00:00:00","2.0000","31.5000","31.5000","2012-08-06 22:00:00"
"18978","822","6","50","2012-07-27 00:00:00","2012-08-07 00:00:00","2012-07-27 00:00:00","2012-08-07 00:00:00","3.0000","36.7500","36.7500","2012-08-06 22:00:00"
"18978","822","7","60","2012-07-27 00:00:00","2012-08-07 00:00:00","2012-07-27 00:00:00","2012-08-07 00:00:00","4.0000","49.0000","49.0000","2012-08-06 22:00:00"
"18979","824","6","50","2012-07-27 00:00:00","2012-08-07 00:00:00","2012-07-27 00:00:00","2012-08-07 00:00:00","3.0000","36.7500","36.7500","2012-08-06 22:00:00"
"18980","826","6","50","2012-07-27 00:00:00","2012-08-07 00:00:00","2012-07-27 00:00:00","2012-08-07 00:00:00","3.0000","36.7500","36.7500","2012-08-06 22:00:00"
"18981","827","6","50","2012-07-27 00:00:00","2012-08-07 00:00:00","2012-07-27 00:00:00","2012-08-07 00:00:00","3.0000","36.7500","36.7500","2012-08-06 22:00:00"
"18982","828","6","50","2012-07-27 00:00:00","2012-08-07 00:00:00","2012-07-27 00:00:00","2012-08-07 00:00:00","3.0000","36.7500","36.7500","2012-08-06 22:00:00"
"18986","894","6","50","2012-07-27 00:00:00","2012-08-07 00:00:00","2012-07-27 00:00:00","2012-08-07 00:00:00","3.0000","36.7500","36.7500","2012-08-06 22:00:00"
"18987","945","1","10","2012-07-27 00:00:00","2012-08-07 00:00:00","2012-07-27 00:00:00","2012-08-07 00:00:00","4.1000","92.2500","92.2500","2012-08-06 22:00:00"
"18987","945","6","50","2012-07-27 00:00:00","2012-08-07 00:00:00","2012-07-27 00:00:00","2012-08-07 00:00:00","3.0000","36.7500","36.7500","2012-08-06 22:00:00"
"18988","950","6","50","2012-07-27 00:00:00","2012-08-07 00:00:00","2012-07-27 00:00:00","2012-08-07 00:00:00","3.0000","36.7500","36.7500","2012-08-06 22:00:00"
"18989","994","6","50","2012-07-27 00:00:00","2012-08-07 00:00:00","2012-07-27 00:00:00","2012-08-07 00:00:00","3.0000","36.7500","36.7500","2012-08-06 22:00:00"
"18990","995","6","50","2012-07-27 00:00:00","2012-08-07 00:00:00","2012-07-27 00:00:00","2012-08-07 00:00:00","3.0000","36.7500","36.7500","2012-08-06 22:00:00"
"18991","996","6","50","2012-07-27 00:00:00","2012-08-07 00:00:00","2012-07-27 00:00:00","2012-08-07 00:00:00","3.0000","36.7500","36.7500","2012-08-06 22:00:00"
"19005","802","1","10","2012-07-27 00:00:00","2012-08-07 00:00:00","2012-07-27 00:00:00","2012-08-07 00:00:00","4.1000","92.2500","92.2500","2012-08-06 22:00:00"
"19005","802","6","50","2012-07-27 00:00:00","2012-08-07 00:00:00","2012-07-27 00:00:00","2012-08-07 00:00:00","3.0000","36.7500","36.7500","2012-08-06 22:00:00"
"19006","803","1","10","2012-07-27 00:00:00","2012-08-07 00:00:00","2012-07-27 00:00:00","2012-08-07 00:00:00","4.1000","92.2500","92.2500","2012-08-06 22:00:00"
"19006","803","6","50","2012-07-27 00:00:00","2012-08-07 00:00:00","2012-07-27 00:00:00","2012-08-07 00:00:00","3.0000","36.7500","36.7500","2012-08-06 22:00:00"
"19007","804","1","10","2012-07-27 00:00:00","2012-08-07 00:00:00","2012-07-27 00:00:00","2012-08-07 00:00:00","4.1000","92.2500","92.2500","2012-08-06 22:00:00"
"19007","804","6","50","2012-07-27 00:00:00","2012-08-07 00:00:00","2012-07-27 00:00:00","2012-08-07 00:00:00","3.0000","36.7500","36.7500","2012-08-06 22:00:00"
"19012","760","7","60","2012-07-28 00:00:00","2012-08-08 00:00:00","2012-08-16 00:00:00","2012-08-17 00:00:00","4.0000","49.0000","49.0000","2012-08-16 22:00:00"
"19013","767","7","60","2012-07-28 00:00:00","2012-08-08 00:00:00","2012-08-16 00:00:00","2012-08-17 00:00:00","4.0000","49.0000","49.0000","2012-08-16 22:00:00"
"19014","782","7","60","2012-07-28 00:00:00","2012-08-08 00:00:00","2012-08-16 00:00:00","2012-08-17 00:00:00","4.0000","49.0000","49.0000","2012-08-16 22:00:00"
"19015","783","7","60","2012-07-28 00:00:00","2012-08-08 00:00:00","2012-08-16 00:00:00","2012-08-17 00:00:00","4.0000","49.0000","49.0000","2012-08-16 22:00:00"
"19016","790","7","60","2012-07-28 00:00:00","2012-08-08 00:00:00","2012-08-16 00:00:00","2012-08-17 00:00:00","4.0000","49.0000","49.0000","2012-08-16 22:00:00"
"19017","792","7","60","2012-07-28 00:00:00","2012-08-08 00:00:00","2012-08-16 00:00:00","2012-08-17 00:00:00","4.0000","49.0000","49.0000","2012-08-16 22:00:00"
"19018","795","7","60","2012-07-28 00:00:00","2012-08-08 00:00:00","2012-08-16 00:00:00","2012-08-17 00:00:00","4.0000","49.0000","49.0000","2012-08-16 22:00:00"
"19019","796","7","60","2012-07-28 00:00:00","2012-08-08 00:00:00","2012-08-16 00:00:00","2012-08-17 00:00:00","4.0000","49.0000","49.0000","2012-08-16 22:00:00"
"19020","798","7","60","2012-07-28 00:00:00","2012-08-08 00:00:00","2012-08-16 00:00:00","2012-08-17 00:00:00","4.0000","49.0000","49.0000","2012-08-16 22:00:00"
"19021","799","7","60","2012-07-28 00:00:00","2012-08-08 00:00:00","2012-08-16 00:00:00","2012-08-17 00:00:00","4.0000","49.0000","49.0000","2012-08-16 22:00:00"
"19022","800","7","60","2012-07-28 00:00:00","2012-08-08 00:00:00","2012-08-16 00:00:00","2012-08-17 00:00:00","4.0000","49.0000","49.0000","2012-08-16 22:00:00"
"19023","516","6","50","2012-07-28 00:00:00","2012-08-08 00:00:00","2012-08-16 00:00:00","2012-08-17 00:00:00","3.0000","36.7500","36.7500","2012-08-16 22:00:00"
"19023","516","7","60","2012-07-28 00:00:00","2012-08-08 00:00:00","2012-08-16 00:00:00","2012-08-17 00:00:00","4.0000","49.0000","49.0000","2012-08-16 22:00:00"
"19024","517","6","50","2012-07-28 00:00:00","2012-08-08 00:00:00","2012-08-16 00:00:00","2012-08-17 00:00:00","3.0000","36.7500","36.7500","2012-08-16 22:00:00"
"19024","517","7","60","2012-07-28 00:00:00","2012-08-08 00:00:00","2012-08-16 00:00:00","2012-08-17 00:00:00","4.0000","49.0000","49.0000","2012-08-16 22:00:00"
"19025","518","6","50","2012-07-28 00:00:00","2012-08-08 00:00:00","2012-08-16 00:00:00","2012-08-17 00:00:00","3.0000","36.7500","36.7500","2012-08-16 22:00:00"
"19025","518","7","60","2012-07-28 00:00:00","2012-08-08 00:00:00","2012-08-16 00:00:00","2012-08-17 00:00:00","4.0000","49.0000","49.0000","2012-08-16 22:00:00"
"19026","519","6","50","2012-07-28 00:00:00","2012-08-08 00:00:00","2012-08-16 00:00:00","2012-08-17 00:00:00","3.0000","36.7500","36.7500","2012-08-16 22:00:00"
"19026","519","7","60","2012-07-28 00:00:00","2012-08-08 00:00:00","2012-08-16 00:00:00","2012-08-17 00:00:00","4.0000","49.0000","49.0000","2012-08-16 22:00:00"
"19033","747","1","10","2012-07-28 00:00:00","2012-08-08 00:00:00","2012-08-16 00:00:00","2012-08-17 00:00:00","4.1000","92.2500","92.2500","2012-08-16 22:00:00"
"19033","747","2","20","2012-07-28 00:00:00","2012-08-08 00:00:00","2012-08-16 00:00:00","2012-08-17 00:00:00","3.5000","87.5000","87.5000","2012-08-16 22:00:00"
"19033","747","3","30","2012-07-28 00:00:00","2012-08-08 00:00:00","2012-08-16 00:00:00","2012-08-17 00:00:00","1.0000","14.5000","14.5000","2012-08-16 22:00:00"
"19033","747","4","40","2012-07-28 00:00:00","2012-08-08 00:00:00","2012-08-16 00:00:00","2012-08-17 00:00:00","2.0000","31.5000","31.5000","2012-08-16 22:00:00"
"19033","747","6","50","2012-07-28 00:00:00","2012-08-08 00:00:00","2012-08-16 00:00:00","2012-08-17 00:00:00","3.0000","36.7500","36.7500","2012-08-16 22:00:00"
"19033","747","7","60","2012-07-28 00:00:00","2012-08-08 00:00:00","2012-08-16 00:00:00","2012-08-17 00:00:00","4.0000","49.0000","49.0000","2012-08-16 22:00:00"
"19034","806","6","50","2012-07-28 00:00:00","2012-08-08 00:00:00","2012-08-16 00:00:00","2012-08-17 00:00:00","3.0000","36.7500","36.7500","2012-08-16 22:00:00"
"19035","810","1","10","2012-07-28 00:00:00","2012-08-08 00:00:00","2012-08-16 00:00:00","2012-08-17 00:00:00","4.1000","92.2500","92.2500","2012-08-16 22:00:00"
"19035","810","2","20","2012-07-28 00:00:00","2012-08-08 00:00:00","2012-08-16 00:00:00","2012-08-17 00:00:00","3.5000","87.5000","87.5000","2012-08-16 22:00:00"
"19035","810","6","50","2012-07-28 00:00:00","2012-08-08 00:00:00","2012-08-16 00:00:00","2012-08-17 00:00:00","3.0000","36.7500","36.7500","2012-08-16 22:00:00"
"19036","811","1","10","2012-07-28 00:00:00","2012-08-08 00:00:00","2012-08-16 00:00:00","2012-08-17 00:00:00","4.1000","92.2500","92.2500","2012-08-16 22:00:00"
"19036","811","2","20","2012-07-28 00:00:00","2012-08-08 00:00:00","2012-08-16 00:00:00","2012-08-17 00:00:00","3.5000","87.5000","87.5000","2012-08-16 22:00:00"
"19036","811","6","50","2012-07-28 00:00:00","2012-08-08 00:00:00","2012-08-16 00:00:00","2012-08-17 00:00:00","3.0000","36.7500","36.7500","2012-08-16 22:00:00"
"19037","812","1","10","2012-07-28 00:00:00","2012-08-08 00:00:00","2012-08-16 00:00:00","2012-08-17 00:00:00","4.1000","92.2500","92.2500","2012-08-16 22:00:00"
"19037","812","2","20","2012-07-28 00:00:00","2012-08-08 00:00:00","2012-08-16 00:00:00","2012-08-17 00:00:00","3.5000","87.5000","87.5000","2012-08-16 22:00:00"
"19037","812","6","50","2012-07-28 00:00:00","2012-08-08 00:00:00","2012-08-16 00:00:00","2012-08-17 00:00:00","3.0000","36.7500","36.7500","2012-08-16 22:00:00"
"19038","813","1","10","2012-07-28 00:00:00","2012-08-08 00:00:00","2012-08-16 00:00:00","2012-08-17 00:00:00","4.1000","92.2500","92.2500","2012-08-16 22:00:00"
"19038","813","2","20","2012-07-28 00:00:00","2012-08-08 00:00:00","2012-08-16 00:00:00","2012-08-17 00:00:00","3.5000","87.5000","87.5000","2012-08-16 22:00:00"
"19038","813","6","50","2012-07-28 00:00:00","2012-08-08 00:00:00","2012-08-16 00:00:00","2012-08-17 00:00:00","3.0000","36.7500","36.7500","2012-08-16 22:00:00"
"19039","816","6","50","2012-07-28 00:00:00","2012-08-08 00:00:00","2012-08-16 00:00:00","2012-08-17 00:00:00","3.0000","36.7500","36.7500","2012-08-16 22:00:00"
"19040","818","6","50","2012-07-28 00:00:00","2012-08-08 00:00:00","2012-08-16 00:00:00","2012-08-17 00:00:00","3.0000","36.7500","36.7500","2012-08-16 22:00:00"
"19041","819","6","50","2012-07-28 00:00:00","2012-08-08 00:00:00","2012-08-16 00:00:00","2012-08-17 00:00:00","3.0000","36.7500","36.7500","2012-08-16 22:00:00"
"19042","820","6","50","2012-07-28 00:00:00","2012-08-08 00:00:00","2012-08-16 00:00:00","2012-08-17 00:00:00","3.0000","36.7500","36.7500","2012-08-16 22:00:00"
"19043","824","6","50","2012-07-28 00:00:00","2012-08-08 00:00:00","2012-08-16 00:00:00","2012-08-17 00:00:00","3.0000","36.7500","36.7500","2012-08-16 22:00:00"
"19044","826","6","50","2012-07-28 00:00:00","2012-08-08 00:00:00","2012-08-16 00:00:00","2012-08-17 00:00:00","3.0000","36.7500","36.7500","2012-08-16 22:00:00"
"19045","827","6","50","2012-07-28 00:00:00","2012-08-08 00:00:00","2012-08-16 00:00:00","2012-08-17 00:00:00","3.0000","36.7500","36.7500","2012-08-16 22:00:00"
"19046","828","6","50","2012-07-28 00:00:00","2012-08-08 00:00:00","2012-08-16 00:00:00","2012-08-17 00:00:00","3.0000","36.7500","36.7500","2012-08-16 22:00:00"
"19051","894","6","50","2012-07-28 00:00:00","2012-08-08 00:00:00","2012-08-16 00:00:00","2012-08-17 00:00:00","3.0000","36.7500","36.7500","2012-08-16 22:00:00"
"19052","945","1","10","2012-07-28 00:00:00","2012-08-08 00:00:00","2012-08-16 00:00:00","2012-08-17 00:00:00","4.1000","92.2500","92.2500","2012-08-16 22:00:00"
"19052","945","6","50","2012-07-28 00:00:00","2012-08-08 00:00:00","2012-08-16 00:00:00","2012-08-17 00:00:00","3.0000","36.7500","36.7500","2012-08-16 22:00:00"
"19053","950","6","50","2012-07-28 00:00:00","2012-08-08 00:00:00","2012-08-16 00:00:00","2012-08-17 00:00:00","3.0000","36.7500","36.7500","2012-08-16 22:00:00"
"19054","994","6","50","2012-07-28 00:00:00","2012-08-08 00:00:00","2012-08-16 00:00:00","2012-08-17 00:00:00","3.0000","36.7500","36.7500","2012-08-16 22:00:00"
"19055","995","6","50","2012-07-28 00:00:00","2012-08-08 00:00:00","2012-08-16 00:00:00","2012-08-17 00:00:00","3.0000","36.7500","36.7500","2012-08-16 22:00:00"
"19056","996","6","50","2012-07-28 00:00:00","2012-08-08 00:00:00","2012-08-16 00:00:00","2012-08-17 00:00:00","3.0000","36.7500","36.7500","2012-08-16 22:00:00"
"19070","802","1","10","2012-07-28 00:00:00","2012-08-08 00:00:00","2012-08-16 00:00:00","2012-08-17 00:00:00","4.1000","92.2500","92.2500","2012-08-16 22:00:00"
"19070","802","6","50","2012-07-28 00:00:00","2012-08-08 00:00:00","2012-08-16 00:00:00","2012-08-17 00:00:00","3.0000","36.7500","36.7500","2012-08-16 22:00:00"
"19071","803","1","10","2012-07-28 00:00:00","2012-08-08 00:00:00","2012-08-16 00:00:00","2012-08-17 00:00:00","4.1000","92.2500","92.2500","2012-08-16 22:00:00"
"19071","803","6","50","2012-07-28 00:00:00","2012-08-08 00:00:00","2012-08-16 00:00:00","2012-08-17 00:00:00","3.0000","36.7500","36.7500","2012-08-16 22:00:00"
"19072","804","1","10","2012-07-28 00:00:00","2012-08-08 00:00:00","2012-08-16 00:00:00","2012-08-17 00:00:00","4.1000","92.2500","92.2500","2012-08-16 22:00:00"
"19072","804","6","50","2012-07-28 00:00:00","2012-08-08 00:00:00","2012-08-16 00:00:00","2012-08-17 00:00:00","3.0000","36.7500","36.7500","2012-08-16 22:00:00"
"19077","762","7","60","2012-07-29 00:00:00","2012-08-09 00:00:00","2012-07-29 00:00:00","2012-08-09 00:00:00","4.0000","49.0000","49.0000","2012-08-08 22:00:00"
"19078","765","7","60","2012-07-29 00:00:00","2012-08-09 00:00:00","2012-07-29 00:00:00","2012-08-09 00:00:00","4.0000","49.0000","49.0000","2012-08-08 22:00:00"
"19079","766","7","60","2012-07-29 00:00:00","2012-08-09 00:00:00","2012-07-29 00:00:00","2012-08-09 00:00:00","4.0000","49.0000","49.0000","2012-08-08 22:00:00"
"19080","780","7","60","2012-07-29 00:00:00","2012-08-09 00:00:00","2012-07-29 00:00:00","2012-08-09 00:00:00","4.0000","49.0000","49.0000","2012-08-08 22:00:00"
"19081","784","7","60","2012-07-29 00:00:00","2012-08-09 00:00:00","2012-07-29 00:00:00","2012-08-09 00:00:00","4.0000","49.0000","49.0000","2012-08-08 22:00:00"
"19082","790","7","60","2012-07-29 00:00:00","2012-08-09 00:00:00","2012-07-29 00:00:00","2012-08-09 00:00:00","4.0000","49.0000","49.0000","2012-08-08 22:00:00"
"19083","793","7","60","2012-07-29 00:00:00","2012-08-09 00:00:00","2012-07-29 00:00:00","2012-08-09 00:00:00","4.0000","49.0000","49.0000","2012-08-08 22:00:00"
"19084","795","7","60","2012-07-29 00:00:00","2012-08-09 00:00:00","2012-07-29 00:00:00","2012-08-09 00:00:00","4.0000","49.0000","49.0000","2012-08-08 22:00:00"
"19085","796","7","60","2012-07-29 00:00:00","2012-08-09 00:00:00","2012-07-29 00:00:00","2012-08-09 00:00:00","4.0000","49.0000","49.0000","2012-08-08 22:00:00"
"19086","516","6","50","2012-07-29 00:00:00","2012-08-09 00:00:00","2012-07-29 00:00:00","2012-08-09 00:00:00","3.0000","36.7500","36.7500","2012-08-08 22:00:00"
"19086","516","7","60","2012-07-29 00:00:00","2012-08-09 00:00:00","2012-07-29 00:00:00","2012-08-09 00:00:00","4.0000","49.0000","49.0000","2012-08-08 22:00:00"
"19087","517","6","50","2012-07-29 00:00:00","2012-08-09 00:00:00","2012-07-29 00:00:00","2012-08-09 00:00:00","3.0000","36.7500","36.7500","2012-08-08 22:00:00"
"19087","517","7","60","2012-07-29 00:00:00","2012-08-09 00:00:00","2012-07-29 00:00:00","2012-08-09 00:00:00","4.0000","49.0000","49.0000","2012-08-08 22:00:00"
"19088","519","6","50","2012-07-29 00:00:00","2012-08-09 00:00:00","2012-07-29 00:00:00","2012-08-09 00:00:00","3.0000","36.7500","36.7500","2012-08-08 22:00:00"
"19088","519","7","60","2012-07-29 00:00:00","2012-08-09 00:00:00","2012-07-29 00:00:00","2012-08-09 00:00:00","4.0000","49.0000","49.0000","2012-08-08 22:00:00"
"19096","806","6","50","2012-07-29 00:00:00","2012-08-09 00:00:00","2012-07-29 00:00:00","2012-08-09 00:00:00","3.0000","36.7500","36.7500","2012-08-08 22:00:00"
"19097","810","1","10","2012-07-29 00:00:00","2012-08-09 00:00:00","2012-07-29 00:00:00","2012-08-09 00:00:00","4.1000","92.2500","92.2500","2012-08-08 22:00:00"
"19097","810","2","20","2012-07-29 00:00:00","2012-08-09 00:00:00","2012-07-29 00:00:00","2012-08-09 00:00:00","3.5000","87.5000","87.5000","2012-08-08 22:00:00"
"19097","810","6","50","2012-07-29 00:00:00","2012-08-09 00:00:00","2012-07-29 00:00:00","2012-08-09 00:00:00","3.0000","36.7500","36.7500","2012-08-08 22:00:00"
"19098","811","1","10","2012-07-29 00:00:00","2012-08-09 00:00:00","2012-07-29 00:00:00","2012-08-09 00:00:00","4.1000","92.2500","92.2500","2012-08-08 22:00:00"
"19098","811","2","20","2012-07-29 00:00:00","2012-08-09 00:00:00","2012-07-29 00:00:00","2012-08-09 00:00:00","3.5000","87.5000","87.5000","2012-08-08 22:00:00"
"19098","811","6","50","2012-07-29 00:00:00","2012-08-09 00:00:00","2012-07-29 00:00:00","2012-08-09 00:00:00","3.0000","36.7500","36.7500","2012-08-08 22:00:00"
"19099","813","1","10","2012-07-29 00:00:00","2012-08-09 00:00:00","2012-07-29 00:00:00","2012-08-09 00:00:00","4.1000","92.2500","92.2500","2012-08-08 22:00:00"
"19099","813","2","20","2012-07-29 00:00:00","2012-08-09 00:00:00","2012-07-29 00:00:00","2012-08-09 00:00:00","3.5000","87.5000","87.5000","2012-08-08 22:00:00"
"19099","813","6","50","2012-07-29 00:00:00","2012-08-09 00:00:00","2012-07-29 00:00:00","2012-08-09 00:00:00","3.0000","36.7500","36.7500","2012-08-08 22:00:00"
"19100","816","6","50","2012-07-29 00:00:00","2012-08-09 00:00:00","2012-07-29 00:00:00","2012-08-09 00:00:00","3.0000","36.7500","36.7500","2012-08-08 22:00:00"
"19101","818","6","50","2012-07-29 00:00:00","2012-08-09 00:00:00","2012-07-29 00:00:00","2012-08-09 00:00:00","3.0000","36.7500","36.7500","2012-08-08 22:00:00"
"19102","820","6","50","2012-07-29 00:00:00","2012-08-09 00:00:00","2012-07-29 00:00:00","2012-08-09 00:00:00","3.0000","36.7500","36.7500","2012-08-08 22:00:00"
"19103","824","6","50","2012-07-29 00:00:00","2012-08-09 00:00:00","2012-07-29 00:00:00","2012-08-09 00:00:00","3.0000","36.7500","36.7500","2012-08-08 22:00:00"
"19104","826","6","50","2012-07-29 00:00:00","2012-08-09 00:00:00","2012-07-29 00:00:00","2012-08-09 00:00:00","3.0000","36.7500","36.7500","2012-08-08 22:00:00"
"19105","828","6","50","2012-07-29 00:00:00","2012-08-09 00:00:00","2012-07-29 00:00:00","2012-08-09 00:00:00","3.0000","36.7500","36.7500","2012-08-08 22:00:00"
"19108","894","6","50","2012-07-29 00:00:00","2012-08-09 00:00:00","2012-07-29 00:00:00","2012-08-09 00:00:00","3.0000","36.7500","36.7500","2012-08-08 22:00:00"
"19109","945","1","10","2012-07-29 00:00:00","2012-08-09 00:00:00","2012-07-29 00:00:00","2012-08-09 00:00:00","4.1000","92.2500","92.2500","2012-08-08 22:00:00"
"19109","945","6","50","2012-07-29 00:00:00","2012-08-09 00:00:00","2012-07-29 00:00:00","2012-08-09 00:00:00","3.0000","36.7500","36.7500","2012-08-08 22:00:00"
"19110","950","6","50","2012-07-29 00:00:00","2012-08-09 00:00:00","2012-07-29 00:00:00","2012-08-09 00:00:00","3.0000","36.7500","36.7500","2012-08-08 22:00:00"
"19111","994","6","50","2012-07-29 00:00:00","2012-08-09 00:00:00","2012-07-29 00:00:00","2012-08-09 00:00:00","3.0000","36.7500","36.7500","2012-08-08 22:00:00"
"19112","995","6","50","2012-07-29 00:00:00","2012-08-09 00:00:00","2012-07-29 00:00:00","2012-08-09 00:00:00","3.0000","36.7500","36.7500","2012-08-08 22:00:00"
"19113","996","6","50","2012-07-29 00:00:00","2012-08-09 00:00:00","2012-07-29 00:00:00","2012-08-09 00:00:00","3.0000","36.7500","36.7500","2012-08-08 22:00:00"
"19127","802","1","10","2012-07-29 00:00:00","2012-08-09 00:00:00","2012-07-29 00:00:00","2012-08-09 00:00:00","4.1000","92.2500","92.2500","2012-08-08 22:00:00"
"19127","802","6","50","2012-07-29 00:00:00","2012-08-09 00:00:00","2012-07-29 00:00:00","2012-08-09 00:00:00","3.0000","36.7500","36.7500","2012-08-08 22:00:00"
"19128","804","1","10","2012-07-29 00:00:00","2012-08-09 00:00:00","2012-07-29 00:00:00","2012-08-09 00:00:00","4.1000","92.2500","92.2500","2012-08-08 22:00:00"
"19128","804","6","50","2012-07-29 00:00:00","2012-08-09 00:00:00","2012-07-29 00:00:00","2012-08-09 00:00:00","3.0000","36.7500","36.7500","2012-08-08 22:00:00"
"19133","770","7","60","2012-07-30 00:00:00","2012-08-10 00:00:00","2012-08-20 00:00:00","2012-09-01 00:00:00","4.0000","49.0000","49.0000","2012-08-31 22:00:00"
"19134","790","7","60","2012-07-30 00:00:00","2012-08-10 00:00:00","2012-08-20 00:00:00","2012-09-01 00:00:00","4.0000","49.0000","49.0000","2012-08-31 22:00:00"
"19135","791","7","60","2012-07-30 00:00:00","2012-08-10 00:00:00","2012-08-20 00:00:00","2012-09-01 00:00:00","4.0000","49.0000","49.0000","2012-08-31 22:00:00"
"19136","793","7","60","2012-07-30 00:00:00","2012-08-10 00:00:00","2012-08-20 00:00:00","2012-09-01 00:00:00","4.0000","49.0000","49.0000","2012-08-31 22:00:00"
"19137","794","7","60","2012-07-30 00:00:00","2012-08-10 00:00:00","2012-08-20 00:00:00","2012-09-01 00:00:00","4.0000","49.0000","49.0000","2012-08-31 22:00:00"
"19138","795","7","60","2012-07-30 00:00:00","2012-08-10 00:00:00","2012-08-20 00:00:00","2012-09-01 00:00:00","4.0000","49.0000","49.0000","2012-08-31 22:00:00"
"19139","796","7","60","2012-07-30 00:00:00","2012-08-10 00:00:00","2012-08-20 00:00:00","2012-09-01 00:00:00","4.0000","49.0000","49.0000","2012-08-31 22:00:00"
"19140","517","6","50","2012-07-30 00:00:00","2012-08-10 00:00:00","2012-08-20 00:00:00","2012-09-01 00:00:00","3.0000","36.7500","36.7500","2012-08-31 22:00:00"
"19140","517","7","60","2012-07-30 00:00:00","2012-08-10 00:00:00","2012-08-20 00:00:00","2012-09-01 00:00:00","4.0000","49.0000","49.0000","2012-08-31 22:00:00"
"19141","519","6","50","2012-07-30 00:00:00","2012-08-10 00:00:00","2012-08-20 00:00:00","2012-09-01 00:00:00","3.0000","36.7500","36.7500","2012-08-31 22:00:00"
"19141","519","7","60","2012-07-30 00:00:00","2012-08-10 00:00:00","2012-08-20 00:00:00","2012-09-01 00:00:00","4.0000","49.0000","49.0000","2012-08-31 22:00:00"
"19146","806","6","50","2012-07-30 00:00:00","2012-08-10 00:00:00","2012-08-20 00:00:00","2012-09-01 00:00:00","3.0000","36.7500","36.7500","2012-08-31 22:00:00"
"19147","811","1","10","2012-07-30 00:00:00","2012-08-10 00:00:00","2012-08-20 00:00:00","2012-09-01 00:00:00","4.1000","92.2500","92.2500","2012-08-31 22:00:00"
"19147","811","2","20","2012-07-30 00:00:00","2012-08-10 00:00:00","2012-08-20 00:00:00","2012-09-01 00:00:00","3.5000","87.5000","87.5000","2012-08-31 22:00:00"
"19147","811","6","50","2012-07-30 00:00:00","2012-08-10 00:00:00","2012-08-20 00:00:00","2012-09-01 00:00:00","3.0000","36.7500","36.7500","2012-08-31 22:00:00"
"19148","813","1","10","2012-07-30 00:00:00","2012-08-10 00:00:00","2012-08-20 00:00:00","2012-09-01 00:00:00","4.1000","92.2500","92.2500","2012-08-31 22:00:00"
"19148","813","2","20","2012-07-30 00:00:00","2012-08-10 00:00:00","2012-08-20 00:00:00","2012-09-01 00:00:00","3.5000","87.5000","87.5000","2012-08-31 22:00:00"
"19148","813","6","50","2012-07-30 00:00:00","2012-08-10 00:00:00","2012-08-20 00:00:00","2012-09-01 00:00:00","3.0000","36.7500","36.7500","2012-08-31 22:00:00"
"19149","818","6","50","2012-07-30 00:00:00","2012-08-10 00:00:00","2012-08-20 00:00:00","2012-09-01 00:00:00","3.0000","36.7500","36.7500","2012-08-31 22:00:00"
"19150","820","6","50","2012-07-30 00:00:00","2012-08-10 00:00:00","2012-08-20 00:00:00","2012-09-01 00:00:00","3.0000","36.7500","36.7500","2012-08-31 22:00:00"
"19151","826","6","50","2012-07-30 00:00:00","2012-08-10 00:00:00","2012-08-20 00:00:00","2012-09-01 00:00:00","3.0000","36.7500","36.7500","2012-08-31 22:00:00"
"19152","828","6","50","2012-07-30 00:00:00","2012-08-10 00:00:00","2012-08-20 00:00:00","2012-09-01 00:00:00","3.0000","36.7500","36.7500","2012-08-31 22:00:00"
"19156","894","6","50","2012-07-30 00:00:00","2012-08-10 00:00:00","2012-08-20 00:00:00","2012-09-01 00:00:00","3.0000","36.7500","36.7500","2012-08-31 22:00:00"
"19157","945","1","10","2012-07-30 00:00:00","2012-08-10 00:00:00","2012-08-20 00:00:00","2012-09-01 00:00:00","4.1000","92.2500","92.2500","2012-08-31 22:00:00"
"19157","945","6","50","2012-07-30 00:00:00","2012-08-10 00:00:00","2012-08-20 00:00:00","2012-09-01 00:00:00","3.0000","36.7500","36.7500","2012-08-31 22:00:00"
"19158","950","6","50","2012-07-30 00:00:00","2012-08-10 00:00:00","2012-08-20 00:00:00","2012-09-01 00:00:00","3.0000","36.7500","36.7500","2012-08-31 22:00:00"
"19159","994","6","50","2012-07-30 00:00:00","2012-08-10 00:00:00","2012-08-20 00:00:00","2012-09-01 00:00:00","3.0000","36.7500","36.7500","2012-08-31 22:00:00"
"19160","996","6","50","2012-07-30 00:00:00","2012-08-10 00:00:00","2012-08-20 00:00:00","2012-09-01 00:00:00","3.0000","36.7500","36.7500","2012-08-31 22:00:00"
"19173","802","1","10","2012-07-30 00:00:00","2012-08-10 00:00:00","2012-08-20 00:00:00","2012-09-01 00:00:00","4.1000","92.2500","92.2500","2012-08-31 22:00:00"
"19173","802","6","50","2012-07-30 00:00:00","2012-08-10 00:00:00","2012-08-20 00:00:00","2012-09-01 00:00:00","3.0000","36.7500","36.7500","2012-08-31 22:00:00"
"19174","804","1","10","2012-07-30 00:00:00","2012-08-10 00:00:00","2012-08-20 00:00:00","2012-09-01 00:00:00","4.1000","92.2500","92.2500","2012-08-31 22:00:00"
"19174","804","6","50","2012-07-30 00:00:00","2012-08-10 00:00:00","2012-08-20 00:00:00","2012-09-01 00:00:00","3.0000","36.7500","36.7500","2012-08-31 22:00:00"
"19179","783","7","60","2012-07-31 00:00:00","2012-08-11 00:00:00","2012-08-01 00:00:00","2012-08-11 00:00:00","4.0000","49.0000","49.0000","2012-08-10 22:00:00"
"19180","784","7","60","2012-07-31 00:00:00","2012-08-11 00:00:00","2012-08-01 00:00:00","2012-08-11 00:00:00","4.0000","49.0000","49.0000","2012-08-10 22:00:00"
"19181","793","7","60","2012-07-31 00:00:00","2012-08-11 00:00:00","2012-08-01 00:00:00","2012-08-11 00:00:00","4.0000","49.0000","49.0000","2012-08-10 22:00:00"
"19182","795","7","60","2012-07-31 00:00:00","2012-08-11 00:00:00","2012-08-01 00:00:00","2012-08-11 00:00:00","4.0000","49.0000","49.0000","2012-08-10 22:00:00"
"19183","796","7","60","2012-07-31 00:00:00","2012-08-11 00:00:00","2012-08-01 00:00:00","2012-08-11 00:00:00","4.0000","49.0000","49.0000","2012-08-10 22:00:00"
"19184","516","6","50","2012-07-31 00:00:00","2012-08-11 00:00:00","2012-08-01 00:00:00","2012-08-11 00:00:00","3.0000","36.7500","36.7500","2012-08-10 22:00:00"
"19184","516","7","60","2012-07-31 00:00:00","2012-08-11 00:00:00","2012-08-01 00:00:00","2012-08-11 00:00:00","4.0000","49.0000","49.0000","2012-08-10 22:00:00"
"19185","519","6","50","2012-07-31 00:00:00","2012-08-11 00:00:00","2012-08-01 00:00:00","2012-08-11 00:00:00","3.0000","36.7500","36.7500","2012-08-10 22:00:00"
"19185","519","7","60","2012-07-31 00:00:00","2012-08-11 00:00:00","2012-08-01 00:00:00","2012-08-11 00:00:00","4.0000","49.0000","49.0000","2012-08-10 22:00:00"
"19189","806","6","50","2012-07-31 00:00:00","2012-08-11 00:00:00","2012-08-01 00:00:00","2012-08-11 00:00:00","3.0000","36.7500","36.7500","2012-08-10 22:00:00"
"19190","810","1","10","2012-07-31 00:00:00","2012-08-11 00:00:00","2012-08-01 00:00:00","2012-08-11 00:00:00","4.1000","92.2500","92.2500","2012-08-10 22:00:00"
"19190","810","2","20","2012-07-31 00:00:00","2012-08-11 00:00:00","2012-08-01 00:00:00","2012-08-11 00:00:00","3.5000","87.5000","87.5000","2012-08-10 22:00:00"
"19190","810","6","50","2012-07-31 00:00:00","2012-08-11 00:00:00","2012-08-01 00:00:00","2012-08-11 00:00:00","3.0000","36.7500","36.7500","2012-08-10 22:00:00"
"19191","813","1","10","2012-07-31 00:00:00","2012-08-11 00:00:00","2012-08-01 00:00:00","2012-08-11 00:00:00","4.1000","92.2500","92.2500","2012-08-10 22:00:00"
"19191","813","2","20","2012-07-31 00:00:00","2012-08-11 00:00:00","2012-08-01 00:00:00","2012-08-11 00:00:00","3.5000","87.5000","87.5000","2012-08-10 22:00:00"
"19191","813","6","50","2012-07-31 00:00:00","2012-08-11 00:00:00","2012-08-01 00:00:00","2012-08-11 00:00:00","3.0000","36.7500","36.7500","2012-08-10 22:00:00"
"19192","816","6","50","2012-07-31 00:00:00","2012-08-11 00:00:00","2012-08-01 00:00:00","2012-08-11 00:00:00","3.0000","36.7500","36.7500","2012-08-10 22:00:00"
"19193","820","6","50","2012-07-31 00:00:00","2012-08-11 00:00:00","2012-08-01 00:00:00","2012-08-11 00:00:00","3.0000","36.7500","36.7500","2012-08-10 22:00:00"
"19194","824","6","50","2012-07-31 00:00:00","2012-08-11 00:00:00","2012-08-01 00:00:00","2012-08-11 00:00:00","3.0000","36.7500","36.7500","2012-08-10 22:00:00"
"19195","828","6","50","2012-07-31 00:00:00","2012-08-11 00:00:00","2012-08-01 00:00:00","2012-08-11 00:00:00","3.0000","36.7500","36.7500","2012-08-10 22:00:00"
"19198","894","6","50","2012-07-31 00:00:00","2012-08-11 00:00:00","2012-08-01 00:00:00","2012-08-11 00:00:00","3.0000","36.7500","36.7500","2012-08-10 22:00:00"
"19199","945","1","10","2012-07-31 00:00:00","2012-08-11 00:00:00","2012-08-01 00:00:00","2012-08-11 00:00:00","4.1000","92.2500","92.2500","2012-08-10 22:00:00"
"19199","945","6","50","2012-07-31 00:00:00","2012-08-11 00:00:00","2012-08-01 00:00:00","2012-08-11 00:00:00","3.0000","36.7500","36.7500","2012-08-10 22:00:00"
"19200","950","6","50","2012-07-31 00:00:00","2012-08-11 00:00:00","2012-08-01 00:00:00","2012-08-11 00:00:00","3.0000","36.7500","36.7500","2012-08-10 22:00:00"
"19201","995","6","50","2012-07-31 00:00:00","2012-08-11 00:00:00","2012-08-01 00:00:00","2012-08-11 00:00:00","3.0000","36.7500","36.7500","2012-08-10 22:00:00"
"19202","996","6","50","2012-07-31 00:00:00","2012-08-11 00:00:00","2012-08-01 00:00:00","2012-08-11 00:00:00","3.0000","36.7500","36.7500","2012-08-10 22:00:00"
"19215","804","1","10","2012-07-31 00:00:00","2012-08-11 00:00:00","2012-08-01 00:00:00","2012-08-11 00:00:00","4.1000","92.2500","92.2500","2012-08-10 22:00:00"
"19215","804","6","50","2012-07-31 00:00:00","2012-08-11 00:00:00","2012-08-01 00:00:00","2012-08-11 00:00:00","3.0000","36.7500","36.7500","2012-08-10 22:00:00"
"19220","765","7","60","2012-08-01 00:00:00","2012-08-12 00:00:00","2012-08-01 00:00:00","2012-08-15 00:00:00","4.0000","49.0000","49.0000","2012-08-14 22:00:00"
"19221","768","7","60","2012-08-01 00:00:00","2012-08-12 00:00:00","2012-08-01 00:00:00","2012-08-15 00:00:00","4.0000","49.0000","49.0000","2012-08-14 22:00:00"
"19222","781","7","60","2012-08-01 00:00:00","2012-08-12 00:00:00","2012-08-01 00:00:00","2012-08-15 00:00:00","4.0000","49.0000","49.0000","2012-08-14 22:00:00"
"19223","789","7","60","2012-08-01 00:00:00","2012-08-12 00:00:00","2012-08-01 00:00:00","2012-08-15 00:00:00","4.0000","49.0000","49.0000","2012-08-14 22:00:00"
"19224","790","7","60","2012-08-01 00:00:00","2012-08-12 00:00:00","2012-08-01 00:00:00","2012-08-15 00:00:00","4.0000","49.0000","49.0000","2012-08-14 22:00:00"
"19225","796","7","60","2012-08-01 00:00:00","2012-08-12 00:00:00","2012-08-01 00:00:00","2012-08-15 00:00:00","4.0000","49.0000","49.0000","2012-08-14 22:00:00"
"19226","516","6","50","2012-08-01 00:00:00","2012-08-12 00:00:00","2012-08-01 00:00:00","2012-08-15 00:00:00","3.0000","36.7500","36.7500","2012-08-14 22:00:00"
"19226","516","7","60","2012-08-01 00:00:00","2012-08-12 00:00:00","2012-08-01 00:00:00","2012-08-15 00:00:00","4.0000","49.0000","49.0000","2012-08-14 22:00:00"
"19227","517","6","50","2012-08-01 00:00:00","2012-08-12 00:00:00","2012-08-01 00:00:00","2012-08-15 00:00:00","3.0000","36.7500","36.7500","2012-08-14 22:00:00"
"19227","517","7","60","2012-08-01 00:00:00","2012-08-12 00:00:00","2012-08-01 00:00:00","2012-08-15 00:00:00","4.0000","49.0000","49.0000","2012-08-14 22:00:00"
"19228","519","6","50","2012-08-01 00:00:00","2012-08-12 00:00:00","2012-08-01 00:00:00","2012-08-15 00:00:00","3.0000","36.7500","36.7500","2012-08-14 22:00:00"
"19228","519","7","60","2012-08-01 00:00:00","2012-08-12 00:00:00","2012-08-01 00:00:00","2012-08-15 00:00:00","4.0000","49.0000","49.0000","2012-08-14 22:00:00"
"19235","806","6","50","2012-08-01 00:00:00","2012-08-12 00:00:00","2012-08-01 00:00:00","2012-08-15 00:00:00","3.0000","36.7500","36.7500","2012-08-14 22:00:00"
"19236","810","1","10","2012-08-01 00:00:00","2012-08-12 00:00:00","2012-08-01 00:00:00","2012-08-15 00:00:00","4.1000","92.2500","92.2500","2012-08-14 22:00:00"
"19236","810","2","20","2012-08-01 00:00:00","2012-08-12 00:00:00","2012-08-01 00:00:00","2012-08-15 00:00:00","3.5000","87.5000","87.5000","2012-08-14 22:00:00"
"19236","810","6","50","2012-08-01 00:00:00","2012-08-12 00:00:00","2012-08-01 00:00:00","2012-08-15 00:00:00","3.0000","36.7500","36.7500","2012-08-14 22:00:00"
"19237","811","1","10","2012-08-01 00:00:00","2012-08-12 00:00:00","2012-08-01 00:00:00","2012-08-15 00:00:00","4.1000","92.2500","92.2500","2012-08-14 22:00:00"
"19237","811","2","20","2012-08-01 00:00:00","2012-08-12 00:00:00","2012-08-01 00:00:00","2012-08-15 00:00:00","3.5000","87.5000","87.5000","2012-08-14 22:00:00"
"19237","811","6","50","2012-08-01 00:00:00","2012-08-12 00:00:00","2012-08-01 00:00:00","2012-08-15 00:00:00","3.0000","36.7500","36.7500","2012-08-14 22:00:00"
"19238","813","1","10","2012-08-01 00:00:00","2012-08-12 00:00:00","2012-08-01 00:00:00","2012-08-15 00:00:00","4.1000","92.2500","92.2500","2012-08-14 22:00:00"
"19238","813","2","20","2012-08-01 00:00:00","2012-08-12 00:00:00","2012-08-01 00:00:00","2012-08-15 00:00:00","3.5000","87.5000","87.5000","2012-08-14 22:00:00"
"19238","813","6","50","2012-08-01 00:00:00","2012-08-12 00:00:00","2012-08-01 00:00:00","2012-08-15 00:00:00","3.0000","36.7500","36.7500","2012-08-14 22:00:00"
"19239","816","6","50","2012-08-01 00:00:00","2012-08-12 00:00:00","2012-08-01 00:00:00","2012-08-15 00:00:00","3.0000","36.7500","36.7500","2012-08-14 22:00:00"
"19240","818","6","50","2012-08-01 00:00:00","2012-08-12 00:00:00","2012-08-01 00:00:00","2012-08-15 00:00:00","3.0000","36.7500","36.7500","2012-08-14 22:00:00"
"19241","820","6","50","2012-08-01 00:00:00","2012-08-12 00:00:00","2012-08-01 00:00:00","2012-08-15 00:00:00","3.0000","36.7500","36.7500","2012-08-14 22:00:00"
"19242","824","6","50","2012-08-01 00:00:00","2012-08-12 00:00:00","2012-08-01 00:00:00","2012-08-15 00:00:00","3.0000","36.7500","36.7500","2012-08-14 22:00:00"
"19243","826","6","50","2012-08-01 00:00:00","2012-08-12 00:00:00","2012-08-01 00:00:00","2012-08-15 00:00:00","3.0000","36.7500","36.7500","2012-08-14 22:00:00"
"19244","828","6","50","2012-08-01 00:00:00","2012-08-12 00:00:00","2012-08-01 00:00:00","2012-08-15 00:00:00","3.0000","36.7500","36.7500","2012-08-14 22:00:00"
"19245","894","6","50","2012-08-01 00:00:00","2012-08-12 00:00:00","2012-08-01 00:00:00","2012-08-15 00:00:00","3.0000","36.7500","36.7500","2012-08-14 22:00:00"
"19246","945","1","10","2012-08-01 00:00:00","2012-08-12 00:00:00","2012-08-01 00:00:00","2012-08-15 00:00:00","4.1000","92.2500","92.2500","2012-08-14 22:00:00"
"19246","945","6","50","2012-08-01 00:00:00","2012-08-12 00:00:00","2012-08-01 00:00:00","2012-08-15 00:00:00","3.0000","36.7500","36.7500","2012-08-14 22:00:00"
"19247","950","6","50","2012-08-01 00:00:00","2012-08-12 00:00:00","2012-08-01 00:00:00","2012-08-15 00:00:00","3.0000","36.7500","36.7500","2012-08-14 22:00:00"
"19248","994","6","50","2012-08-01 00:00:00","2012-08-12 00:00:00","2012-08-01 00:00:00","2012-08-15 00:00:00","3.0000","36.7500","36.7500","2012-08-14 22:00:00"
"19249","995","6","50","2012-08-01 00:00:00","2012-08-12 00:00:00","2012-08-01 00:00:00","2012-08-15 00:00:00","3.0000","36.7500","36.7500","2012-08-14 22:00:00"
"19250","996","6","50","2012-08-01 00:00:00","2012-08-12 00:00:00","2012-08-01 00:00:00","2012-08-15 00:00:00","3.0000","36.7500","36.7500","2012-08-14 22:00:00"
"19264","802","1","10","2012-08-01 00:00:00","2012-08-12 00:00:00","2012-08-01 00:00:00","2012-08-15 00:00:00","4.1000","92.2500","92.2500","2012-08-14 22:00:00"
"19264","802","6","50","2012-08-01 00:00:00","2012-08-12 00:00:00","2012-08-01 00:00:00","2012-08-15 00:00:00","3.0000","36.7500","36.7500","2012-08-14 22:00:00"
"19265","804","1","10","2012-08-01 00:00:00","2012-08-12 00:00:00","2012-08-01 00:00:00","2012-08-15 00:00:00","4.1000","92.2500","92.2500","2012-08-14 22:00:00"
"19265","804","6","50","2012-08-01 00:00:00","2012-08-12 00:00:00","2012-08-01 00:00:00","2012-08-15 00:00:00","3.0000","36.7500","36.7500","2012-08-14 22:00:00"
"19270","759","7","60","2012-08-02 00:00:00","2012-08-13 00:00:00","2012-08-05 00:00:00","2012-08-13 00:00:00","4.0000","49.0000","49.0000","2012-08-12 22:00:00"
"19271","764","7","60","2012-08-02 00:00:00","2012-08-13 00:00:00","2012-08-05 00:00:00","2012-08-13 00:00:00","4.0000","49.0000","49.0000","2012-08-12 22:00:00"
"19272","780","7","60","2012-08-02 00:00:00","2012-08-13 00:00:00","2012-08-05 00:00:00","2012-08-13 00:00:00","4.0000","49.0000","49.0000","2012-08-12 22:00:00"
"19273","781","7","60","2012-08-02 00:00:00","2012-08-13 00:00:00","2012-08-05 00:00:00","2012-08-13 00:00:00","4.0000","49.0000","49.0000","2012-08-12 22:00:00"
"19274","783","7","60","2012-08-02 00:00:00","2012-08-13 00:00:00","2012-08-05 00:00:00","2012-08-13 00:00:00","4.0000","49.0000","49.0000","2012-08-12 22:00:00"
"19275","789","7","60","2012-08-02 00:00:00","2012-08-13 00:00:00","2012-08-05 00:00:00","2012-08-13 00:00:00","4.0000","49.0000","49.0000","2012-08-12 22:00:00"
"19276","790","7","60","2012-08-02 00:00:00","2012-08-13 00:00:00","2012-08-05 00:00:00","2012-08-13 00:00:00","4.0000","49.0000","49.0000","2012-08-12 22:00:00"
"19277","792","7","60","2012-08-02 00:00:00","2012-08-13 00:00:00","2012-08-05 00:00:00","2012-08-13 00:00:00","4.0000","49.0000","49.0000","2012-08-12 22:00:00"
"19278","793","7","60","2012-08-02 00:00:00","2012-08-13 00:00:00","2012-08-05 00:00:00","2012-08-13 00:00:00","4.0000","49.0000","49.0000","2012-08-12 22:00:00"
"19279","796","7","60","2012-08-02 00:00:00","2012-08-13 00:00:00","2012-08-05 00:00:00","2012-08-13 00:00:00","4.0000","49.0000","49.0000","2012-08-12 22:00:00"
"19280","516","6","50","2012-08-02 00:00:00","2012-08-13 00:00:00","2012-08-05 00:00:00","2012-08-13 00:00:00","3.0000","36.7500","36.7500","2012-08-12 22:00:00"
"19280","516","7","60","2012-08-02 00:00:00","2012-08-13 00:00:00","2012-08-05 00:00:00","2012-08-13 00:00:00","4.0000","49.0000","49.0000","2012-08-12 22:00:00"
"19281","517","6","50","2012-08-02 00:00:00","2012-08-13 00:00:00","2012-08-05 00:00:00","2012-08-13 00:00:00","3.0000","36.7500","36.7500","2012-08-12 22:00:00"
"19281","517","7","60","2012-08-02 00:00:00","2012-08-13 00:00:00","2012-08-05 00:00:00","2012-08-13 00:00:00","4.0000","49.0000","49.0000","2012-08-12 22:00:00"
"19282","519","6","50","2012-08-02 00:00:00","2012-08-13 00:00:00","2012-08-05 00:00:00","2012-08-13 00:00:00","3.0000","36.7500","36.7500","2012-08-12 22:00:00"
"19282","519","7","60","2012-08-02 00:00:00","2012-08-13 00:00:00","2012-08-05 00:00:00","2012-08-13 00:00:00","4.0000","49.0000","49.0000","2012-08-12 22:00:00"
"19292","806","6","50","2012-08-02 00:00:00","2012-08-13 00:00:00","2012-08-05 00:00:00","2012-08-13 00:00:00","3.0000","36.7500","36.7500","2012-08-12 22:00:00"
"19293","810","1","10","2012-08-02 00:00:00","2012-08-13 00:00:00","2012-08-05 00:00:00","2012-08-13 00:00:00","4.1000","92.2500","92.2500","2012-08-12 22:00:00"
"19293","810","2","20","2012-08-02 00:00:00","2012-08-13 00:00:00","2012-08-05 00:00:00","2012-08-13 00:00:00","3.5000","87.5000","87.5000","2012-08-12 22:00:00"
"19293","810","6","50","2012-08-02 00:00:00","2012-08-13 00:00:00","2012-08-05 00:00:00","2012-08-13 00:00:00","3.0000","36.7500","36.7500","2012-08-12 22:00:00"
"19294","811","1","10","2012-08-02 00:00:00","2012-08-13 00:00:00","2012-08-05 00:00:00","2012-08-13 00:00:00","4.1000","92.2500","92.2500","2012-08-12 22:00:00"
"19294","811","2","20","2012-08-02 00:00:00","2012-08-13 00:00:00","2012-08-05 00:00:00","2012-08-13 00:00:00","3.5000","87.5000","87.5000","2012-08-12 22:00:00"
"19294","811","6","50","2012-08-02 00:00:00","2012-08-13 00:00:00","2012-08-05 00:00:00","2012-08-13 00:00:00","3.0000","36.7500","36.7500","2012-08-12 22:00:00"
"19295","813","1","10","2012-08-02 00:00:00","2012-08-13 00:00:00","2012-08-05 00:00:00","2012-08-13 00:00:00","4.1000","92.2500","92.2500","2012-08-12 22:00:00"
"19295","813","2","20","2012-08-02 00:00:00","2012-08-13 00:00:00","2012-08-05 00:00:00","2012-08-13 00:00:00","3.5000","87.5000","87.5000","2012-08-12 22:00:00"
"19295","813","6","50","2012-08-02 00:00:00","2012-08-13 00:00:00","2012-08-05 00:00:00","2012-08-13 00:00:00","3.0000","36.7500","36.7500","2012-08-12 22:00:00"
"19296","816","6","50","2012-08-02 00:00:00","2012-08-13 00:00:00","2012-08-05 00:00:00","2012-08-13 00:00:00","3.0000","36.7500","36.7500","2012-08-12 22:00:00"
"19297","818","6","50","2012-08-02 00:00:00","2012-08-13 00:00:00","2012-08-05 00:00:00","2012-08-13 00:00:00","3.0000","36.7500","36.7500","2012-08-12 22:00:00"
"19298","820","6","50","2012-08-02 00:00:00","2012-08-13 00:00:00","2012-08-05 00:00:00","2012-08-13 00:00:00","3.0000","36.7500","36.7500","2012-08-12 22:00:00"
"19299","824","6","50","2012-08-02 00:00:00","2012-08-13 00:00:00","2012-08-05 00:00:00","2012-08-13 00:00:00","3.0000","36.7500","36.7500","2012-08-12 22:00:00"
"19300","826","6","50","2012-08-02 00:00:00","2012-08-13 00:00:00","2012-08-05 00:00:00","2012-08-13 00:00:00","3.0000","36.7500","36.7500","2012-08-12 22:00:00"
"19301","828","6","50","2012-08-02 00:00:00","2012-08-13 00:00:00","2012-08-05 00:00:00","2012-08-13 00:00:00","3.0000","36.7500","36.7500","2012-08-12 22:00:00"
"19303","894","6","50","2012-08-02 00:00:00","2012-08-13 00:00:00","2012-08-05 00:00:00","2012-08-13 00:00:00","3.0000","36.7500","36.7500","2012-08-12 22:00:00"
"19304","945","1","10","2012-08-02 00:00:00","2012-08-13 00:00:00","2012-08-05 00:00:00","2012-08-13 00:00:00","4.1000","92.2500","92.2500","2012-08-12 22:00:00"
"19304","945","6","50","2012-08-02 00:00:00","2012-08-13 00:00:00","2012-08-05 00:00:00","2012-08-13 00:00:00","3.0000","36.7500","36.7500","2012-08-12 22:00:00"
"19305","950","6","50","2012-08-02 00:00:00","2012-08-13 00:00:00","2012-08-05 00:00:00","2012-08-13 00:00:00","3.0000","36.7500","36.7500","2012-08-12 22:00:00"
"19306","994","6","50","2012-08-02 00:00:00","2012-08-13 00:00:00","2012-08-05 00:00:00","2012-08-13 00:00:00","3.0000","36.7500","36.7500","2012-08-12 22:00:00"
"19307","995","6","50","2012-08-02 00:00:00","2012-08-13 00:00:00","2012-08-05 00:00:00","2012-08-13 00:00:00","3.0000","36.7500","36.7500","2012-08-12 22:00:00"
"19308","996","6","50","2012-08-02 00:00:00","2012-08-13 00:00:00","2012-08-05 00:00:00","2012-08-13 00:00:00","3.0000","36.7500","36.7500","2012-08-12 22:00:00"
"19322","802","1","10","2012-08-02 00:00:00","2012-08-13 00:00:00","2012-08-05 00:00:00","2012-08-13 00:00:00","4.1000","92.2500","92.2500","2012-08-12 22:00:00"
"19322","802","6","50","2012-08-02 00:00:00","2012-08-13 00:00:00","2012-08-05 00:00:00","2012-08-13 00:00:00","3.0000","36.7500","36.7500","2012-08-12 22:00:00"
"19323","804","1","10","2012-08-02 00:00:00","2012-08-13 00:00:00","2012-08-05 00:00:00","2012-08-13 00:00:00","4.1000","92.2500","92.2500","2012-08-12 22:00:00"
"19323","804","6","50","2012-08-02 00:00:00","2012-08-13 00:00:00","2012-08-05 00:00:00","2012-08-13 00:00:00","3.0000","36.7500","36.7500","2012-08-12 22:00:00"
"19343","747","1","10","2012-08-03 00:00:00","2012-08-14 00:00:00","2012-08-03 00:00:00","2012-08-19 00:00:00","4.1000","92.2500","92.2500","2012-08-18 22:00:00"
"19343","747","2","20","2012-08-03 00:00:00","2012-08-14 00:00:00","2012-08-03 00:00:00","2012-08-19 00:00:00","3.5000","87.5000","87.5000","2012-08-18 22:00:00"
"19343","747","3","30","2012-08-03 00:00:00","2012-08-14 00:00:00","2012-08-03 00:00:00","2012-08-19 00:00:00","1.0000","14.5000","14.5000","2012-08-18 22:00:00"
"19343","747","4","40","2012-08-03 00:00:00","2012-08-14 00:00:00","2012-08-03 00:00:00","2012-08-19 00:00:00","2.0000","31.5000","31.5000","2012-08-18 22:00:00"
"19343","747","6","50","2012-08-03 00:00:00","2012-08-14 00:00:00","2012-08-03 00:00:00","2012-08-19 00:00:00","3.0000","36.7500","36.7500","2012-08-18 22:00:00"
"19343","747","7","60","2012-08-03 00:00:00","2012-08-14 00:00:00","2012-08-03 00:00:00","2012-08-19 00:00:00","4.0000","49.0000","49.0000","2012-08-18 22:00:00"
"19344","748","1","10","2012-08-03 00:00:00","2012-08-14 00:00:00","2012-08-03 00:00:00","2012-08-19 00:00:00","4.1000","92.2500","92.2500","2012-08-18 22:00:00"
"19344","748","2","20","2012-08-03 00:00:00","2012-08-14 00:00:00","2012-08-03 00:00:00","2012-08-19 00:00:00","3.5000","87.5000","87.5000","2012-08-18 22:00:00"
"19344","748","3","30","2012-08-03 00:00:00","2012-08-14 00:00:00","2012-08-03 00:00:00","2012-08-19 00:00:00","1.0000","14.5000","14.5000","2012-08-18 22:00:00"
"19344","748","5","45","2012-08-03 00:00:00","2012-08-14 00:00:00","2012-08-03 00:00:00","2012-08-19 00:00:00","2.0000","36.0000","36.0000","2012-08-18 22:00:00"
"19344","748","6","50","2012-08-03 00:00:00","2012-08-14 00:00:00","2012-08-03 00:00:00","2012-08-19 00:00:00","3.0000","36.7500","36.7500","2012-08-18 22:00:00"
"19344","748","7","60","2012-08-03 00:00:00","2012-08-14 00:00:00","2012-08-03 00:00:00","2012-08-19 00:00:00","4.0000","49.0000","49.0000","2012-08-18 22:00:00"
"19345","759","7","60","2012-08-03 00:00:00","2012-08-14 00:00:00","2012-08-03 00:00:00","2012-08-19 00:00:00","4.0000","49.0000","49.0000","2012-08-18 22:00:00"
"19346","760","7","60","2012-08-03 00:00:00","2012-08-14 00:00:00","2012-08-03 00:00:00","2012-08-19 00:00:00","4.0000","49.0000","49.0000","2012-08-18 22:00:00"
"19347","761","7","60","2012-08-03 00:00:00","2012-08-14 00:00:00","2012-08-03 00:00:00","2012-08-19 00:00:00","4.0000","49.0000","49.0000","2012-08-18 22:00:00"
"19348","762","7","60","2012-08-03 00:00:00","2012-08-14 00:00:00","2012-08-03 00:00:00","2012-08-19 00:00:00","4.0000","49.0000","49.0000","2012-08-18 22:00:00"
"19349","763","7","60","2012-08-03 00:00:00","2012-08-14 00:00:00","2012-08-03 00:00:00","2012-08-19 00:00:00","4.0000","49.0000","49.0000","2012-08-18 22:00:00"
"19350","764","7","60","2012-08-03 00:00:00","2012-08-14 00:00:00","2012-08-03 00:00:00","2012-08-19 00:00:00","4.0000","49.0000","49.0000","2012-08-18 22:00:00"
"19351","765","7","60","2012-08-03 00:00:00","2012-08-14 00:00:00","2012-08-03 00:00:00","2012-08-19 00:00:00","4.0000","49.0000","49.0000","2012-08-18 22:00:00"
"19352","766","7","60","2012-08-03 00:00:00","2012-08-14 00:00:00","2012-08-03 00:00:00","2012-08-19 00:00:00","4.0000","49.0000","49.0000","2012-08-18 22:00:00"
"19353","767","7","60","2012-08-03 00:00:00","2012-08-14 00:00:00","2012-08-03 00:00:00","2012-08-19 00:00:00","4.0000","49.0000","49.0000","2012-08-18 22:00:00"
"19354","768","7","60","2012-08-03 00:00:00","2012-08-14 00:00:00","2012-08-03 00:00:00","2012-08-19 00:00:00","4.0000","49.0000","49.0000","2012-08-18 22:00:00"
"19355","769","7","60","2012-08-03 00:00:00","2012-08-14 00:00:00","2012-08-03 00:00:00","2012-08-19 00:00:00","4.0000","49.0000","49.0000","2012-08-18 22:00:00"
"19356","770","7","60","2012-08-03 00:00:00","2012-08-14 00:00:00","2012-08-03 00:00:00","2012-08-19 00:00:00","4.0000","49.0000","49.0000","2012-08-18 22:00:00"
"19357","779","7","60","2012-08-03 00:00:00","2012-08-14 00:00:00","2012-08-03 00:00:00","2012-08-19 00:00:00","4.0000","49.0000","49.0000","2012-08-18 22:00:00"
"19358","780","7","60","2012-08-03 00:00:00","2012-08-14 00:00:00","2012-08-03 00:00:00","2012-08-19 00:00:00","4.0000","49.0000","49.0000","2012-08-18 22:00:00"
"19359","781","7","60","2012-08-03 00:00:00","2012-08-14 00:00:00","2012-08-03 00:00:00","2012-08-19 00:00:00","4.0000","49.0000","49.0000","2012-08-18 22:00:00"
"19360","782","7","60","2012-08-03 00:00:00","2012-08-14 00:00:00","2012-08-03 00:00:00","2012-08-19 00:00:00","4.0000","49.0000","49.0000","2012-08-18 22:00:00"
"19361","783","7","60","2012-08-03 00:00:00","2012-08-14 00:00:00","2012-08-03 00:00:00","2012-08-19 00:00:00","4.0000","49.0000","49.0000","2012-08-18 22:00:00"
"19362","784","7","60","2012-08-03 00:00:00","2012-08-14 00:00:00","2012-08-03 00:00:00","2012-08-19 00:00:00","4.0000","49.0000","49.0000","2012-08-18 22:00:00"
"19363","785","7","60","2012-08-03 00:00:00","2012-08-14 00:00:00","2012-08-03 00:00:00","2012-08-19 00:00:00","4.0000","49.0000","49.0000","2012-08-18 22:00:00"
"19364","786","7","60","2012-08-03 00:00:00","2012-08-14 00:00:00","2012-08-03 00:00:00","2012-08-19 00:00:00","4.0000","49.0000","49.0000","2012-08-18 22:00:00"
"19365","787","7","60","2012-08-03 00:00:00","2012-08-14 00:00:00","2012-08-03 00:00:00","2012-08-19 00:00:00","4.0000","49.0000","49.0000","2012-08-18 22:00:00"
"19366","788","7","60","2012-08-03 00:00:00","2012-08-14 00:00:00","2012-08-03 00:00:00","2012-08-19 00:00:00","4.0000","49.0000","49.0000","2012-08-18 22:00:00"
"19367","789","7","60","2012-08-03 00:00:00","2012-08-14 00:00:00","2012-08-03 00:00:00","2012-08-19 00:00:00","4.0000","49.0000","49.0000","2012-08-18 22:00:00"
"19368","790","7","60","2012-08-03 00:00:00","2012-08-14 00:00:00","2012-08-03 00:00:00","2012-08-19 00:00:00","4.0000","49.0000","49.0000","2012-08-18 22:00:00"
"19369","791","7","60","2012-08-03 00:00:00","2012-08-14 00:00:00","2012-08-03 00:00:00","2012-08-19 00:00:00","4.0000","49.0000","49.0000","2012-08-18 22:00:00"
"19370","792","7","60","2012-08-03 00:00:00","2012-08-14 00:00:00","2012-08-03 00:00:00","2012-08-19 00:00:00","4.0000","49.0000","49.0000","2012-08-18 22:00:00"
"19371","793","7","60","2012-08-03 00:00:00","2012-08-14 00:00:00","2012-08-03 00:00:00","2012-08-19 00:00:00","4.0000","49.0000","49.0000","2012-08-18 22:00:00"
"19372","794","7","60","2012-08-03 00:00:00","2012-08-14 00:00:00","2012-08-03 00:00:00","2012-08-19 00:00:00","4.0000","49.0000","49.0000","2012-08-18 22:00:00"
"19373","795","7","60","2012-08-03 00:00:00","2012-08-14 00:00:00","2012-08-03 00:00:00","2012-08-19 00:00:00","4.0000","49.0000","49.0000","2012-08-18 22:00:00"
"19374","796","7","60","2012-08-03 00:00:00","2012-08-14 00:00:00","2012-08-03 00:00:00","2012-08-19 00:00:00","4.0000","49.0000","49.0000","2012-08-18 22:00:00"
"19375","797","7","60","2012-08-03 00:00:00","2012-08-14 00:00:00","2012-08-03 00:00:00","2012-08-19 00:00:00","4.0000","49.0000","49.0000","2012-08-18 22:00:00"
"19376","798","7","60","2012-08-03 00:00:00","2012-08-14 00:00:00","2012-08-03 00:00:00","2012-08-19 00:00:00","4.0000","49.0000","49.0000","2012-08-18 22:00:00"
"19377","799","7","60","2012-08-03 00:00:00","2012-08-14 00:00:00","2012-08-03 00:00:00","2012-08-19 00:00:00","4.0000","49.0000","49.0000","2012-08-18 22:00:00"
"19378","800","7","60","2012-08-03 00:00:00","2012-08-14 00:00:00","2012-08-03 00:00:00","2012-08-19 00:00:00","4.0000","49.0000","49.0000","2012-08-18 22:00:00"
"19379","801","7","60","2012-08-03 00:00:00","2012-08-14 00:00:00","2012-08-03 00:00:00","2012-08-19 00:00:00","4.0000","49.0000","49.0000","2012-08-18 22:00:00"
"19380","802","1","10","2012-08-03 00:00:00","2012-08-14 00:00:00","2012-08-03 00:00:00","2012-08-19 00:00:00","4.1000","92.2500","92.2500","2012-08-18 22:00:00"
"19380","802","6","50","2012-08-03 00:00:00","2012-08-14 00:00:00","2012-08-03 00:00:00","2012-08-19 00:00:00","3.0000","36.7500","36.7500","2012-08-18 22:00:00"
"19381","804","1","10","2012-08-03 00:00:00","2012-08-14 00:00:00","2012-08-03 00:00:00","2012-08-19 00:00:00","4.1000","92.2500","92.2500","2012-08-18 22:00:00"
"19381","804","6","50","2012-08-03 00:00:00","2012-08-14 00:00:00","2012-08-03 00:00:00","2012-08-19 00:00:00","3.0000","36.7500","36.7500","2012-08-18 22:00:00"
"19382","805","6","50","2012-08-03 00:00:00","2012-08-14 00:00:00","2012-08-03 00:00:00","2012-08-19 00:00:00","3.0000","36.7500","36.7500","2012-08-18 22:00:00"
"19383","806","6","50","2012-08-03 00:00:00","2012-08-14 00:00:00","2012-08-03 00:00:00","2012-08-19 00:00:00","3.0000","36.7500","36.7500","2012-08-18 22:00:00"
"19384","807","6","50","2012-08-03 00:00:00","2012-08-14 00:00:00","2012-08-03 00:00:00","2012-08-19 00:00:00","3.0000","36.7500","36.7500","2012-08-18 22:00:00"
"19385","808","1","10","2012-08-03 00:00:00","2012-08-14 00:00:00","2012-08-03 00:00:00","2012-08-19 00:00:00","4.1000","92.2500","92.2500","2012-08-18 22:00:00"
"19385","808","2","20","2012-08-03 00:00:00","2012-08-14 00:00:00","2012-08-03 00:00:00","2012-08-19 00:00:00","3.5000","87.5000","87.5000","2012-08-18 22:00:00"
"19385","808","6","50","2012-08-03 00:00:00","2012-08-14 00:00:00","2012-08-03 00:00:00","2012-08-19 00:00:00","3.0000","36.7500","36.7500","2012-08-18 22:00:00"
"19386","809","1","10","2012-08-03 00:00:00","2012-08-14 00:00:00","2012-08-03 00:00:00","2012-08-19 00:00:00","4.1000","92.2500","92.2500","2012-08-18 22:00:00"
"19386","809","2","20","2012-08-03 00:00:00","2012-08-14 00:00:00","2012-08-03 00:00:00","2012-08-19 00:00:00","3.5000","87.5000","87.5000","2012-08-18 22:00:00"
"19386","809","6","50","2012-08-03 00:00:00","2012-08-14 00:00:00","2012-08-03 00:00:00","2012-08-19 00:00:00","3.0000","36.7500","36.7500","2012-08-18 22:00:00"
"19387","810","1","10","2012-08-03 00:00:00","2012-08-14 00:00:00","2012-08-03 00:00:00","2012-08-19 00:00:00","4.1000","92.2500","92.2500","2012-08-18 22:00:00"
"19387","810","2","20","2012-08-03 00:00:00","2012-08-14 00:00:00","2012-08-03 00:00:00","2012-08-19 00:00:00","3.5000","87.5000","87.5000","2012-08-18 22:00:00"
"19387","810","6","50","2012-08-03 00:00:00","2012-08-14 00:00:00","2012-08-03 00:00:00","2012-08-19 00:00:00","3.0000","36.7500","36.7500","2012-08-18 22:00:00"
"19388","811","1","10","2012-08-03 00:00:00","2012-08-14 00:00:00","2012-08-03 00:00:00","2012-08-19 00:00:00","4.1000","92.2500","92.2500","2012-08-18 22:00:00"
"19388","811","2","20","2012-08-03 00:00:00","2012-08-14 00:00:00","2012-08-03 00:00:00","2012-08-19 00:00:00","3.5000","87.5000","87.5000","2012-08-18 22:00:00"
"19388","811","6","50","2012-08-03 00:00:00","2012-08-14 00:00:00","2012-08-03 00:00:00","2012-08-19 00:00:00","3.0000","36.7500","36.7500","2012-08-18 22:00:00"
"19389","813","1","10","2012-08-03 00:00:00","2012-08-14 00:00:00","2012-08-03 00:00:00","2012-08-19 00:00:00","4.1000","92.2500","92.2500","2012-08-18 22:00:00"
"19389","813","2","20","2012-08-03 00:00:00","2012-08-14 00:00:00","2012-08-03 00:00:00","2012-08-19 00:00:00","3.5000","87.5000","87.5000","2012-08-18 22:00:00"
"19389","813","6","50","2012-08-03 00:00:00","2012-08-14 00:00:00","2012-08-03 00:00:00","2012-08-19 00:00:00","3.0000","36.7500","36.7500","2012-08-18 22:00:00"
"19390","814","1","10","2012-08-03 00:00:00","2012-08-14 00:00:00","2012-08-03 00:00:00","2012-08-19 00:00:00","4.1000","92.2500","92.2500","2012-08-18 22:00:00"
"19390","814","2","20","2012-08-03 00:00:00","2012-08-14 00:00:00","2012-08-03 00:00:00","2012-08-19 00:00:00","3.5000","87.5000","87.5000","2012-08-18 22:00:00"
