"WorkOrderID","ProductID","OperationSequence","LocationID","ScheduledStartDate","ScheduledEndDate","ActualStartDate","ActualEndDate","ActualResourceHrs","PlannedCost","ActualCost","ModifiedDate"
"65512","955","7","60","2014-03-30 00:00:00","2014-04-10 00:00:00","2014-03-30 00:00:00","2014-04-11 00:00:00","4.0000","49.0000","49.0000","2014-04-10 22:00:00"
"65513","958","7","60","2014-03-30 00:00:00","2014-04-10 00:00:00","2014-03-30 00:00:00","2014-04-11 00:00:00","4.0000","49.0000","49.0000","2014-04-10 22:00:00"
"65514","962","7","60","2014-03-30 00:00:00","2014-04-10 00:00:00","2014-03-30 00:00:00","2014-04-11 00:00:00","4.0000","49.0000","49.0000","2014-04-10 22:00:00"
"65515","966","7","60","2014-03-30 00:00:00","2014-04-10 00:00:00","2014-03-30 00:00:00","2014-04-11 00:00:00","4.0000","49.0000","49.0000","2014-04-10 22:00:00"
"65516","967","7","60","2014-03-30 00:00:00","2014-04-10 00:00:00","2014-03-30 00:00:00","2014-04-11 00:00:00","4.0000","49.0000","49.0000","2014-04-10 22:00:00"
"65517","968","7","60","2014-03-30 00:00:00","2014-04-10 00:00:00","2014-03-30 00:00:00","2014-04-11 00:00:00","4.0000","49.0000","49.0000","2014-04-10 22:00:00"
"65518","969","7","60","2014-03-30 00:00:00","2014-04-10 00:00:00","2014-03-30 00:00:00","2014-04-11 00:00:00","4.0000","49.0000","49.0000","2014-04-10 22:00:00"
"65519","973","7","60","2014-03-30 00:00:00","2014-04-10 00:00:00","2014-03-30 00:00:00","2014-04-11 00:00:00","4.0000","49.0000","49.0000","2014-04-10 22:00:00"
"65520","974","7","60","2014-03-30 00:00:00","2014-04-10 00:00:00","2014-03-30 00:00:00","2014-04-11 00:00:00","4.0000","49.0000","49.0000","2014-04-10 22:00:00"
"65521","975","7","60","2014-03-30 00:00:00","2014-04-10 00:00:00","2014-03-30 00:00:00","2014-04-11 00:00:00","4.0000","49.0000","49.0000","2014-04-10 22:00:00"
"65522","976","7","60","2014-03-30 00:00:00","2014-04-10 00:00:00","2014-03-30 00:00:00","2014-04-11 00:00:00","4.0000","49.0000","49.0000","2014-04-10 22:00:00"
"65523","983","7","60","2014-03-30 00:00:00","2014-04-10 00:00:00","2014-03-30 00:00:00","2014-04-11 00:00:00","4.0000","49.0000","49.0000","2014-04-10 22:00:00"
"65524","991","7","60","2014-03-30 00:00:00","2014-04-10 00:00:00","2014-03-30 00:00:00","2014-04-11 00:00:00","4.0000","49.0000","49.0000","2014-04-10 22:00:00"
"65525","997","7","60","2014-03-30 00:00:00","2014-04-10 00:00:00","2014-03-30 00:00:00","2014-04-11 00:00:00","4.0000","49.0000","49.0000","2014-04-10 22:00:00"
"65526","998","7","60","2014-03-30 00:00:00","2014-04-10 00:00:00","2014-03-30 00:00:00","2014-04-11 00:00:00","4.0000","49.0000","49.0000","2014-04-10 22:00:00"
"65527","999","7","60","2014-03-30 00:00:00","2014-04-10 00:00:00","2014-03-30 00:00:00","2014-04-11 00:00:00","4.0000","49.0000","49.0000","2014-04-10 22:00:00"
"65528","514","6","50","2014-03-30 00:00:00","2014-04-10 00:00:00","2014-03-30 00:00:00","2014-04-11 00:00:00","3.0000","36.7500","36.7500","2014-04-10 22:00:00"
"65528","514","7","60","2014-03-30 00:00:00","2014-04-10 00:00:00","2014-03-30 00:00:00","2014-04-11 00:00:00","4.0000","49.0000","49.0000","2014-04-10 22:00:00"
"65529","516","6","50","2014-03-30 00:00:00","2014-04-10 00:00:00","2014-03-30 00:00:00","2014-04-11 00:00:00","3.0000","36.7500","36.7500","2014-04-10 22:00:00"
"65529","516","7","60","2014-03-30 00:00:00","2014-04-10 00:00:00","2014-03-30 00:00:00","2014-04-11 00:00:00","4.0000","49.0000","49.0000","2014-04-10 22:00:00"
"65530","517","6","50","2014-03-30 00:00:00","2014-04-10 00:00:00","2014-03-30 00:00:00","2014-04-11 00:00:00","3.0000","36.7500","36.7500","2014-04-10 22:00:00"
"65530","517","7","60","2014-03-30 00:00:00","2014-04-10 00:00:00","2014-03-30 00:00:00","2014-04-11 00:00:00","4.0000","49.0000","49.0000","2014-04-10 22:00:00"
"65531","518","6","50","2014-03-30 00:00:00","2014-04-10 00:00:00","2014-03-30 00:00:00","2014-04-11 00:00:00","3.0000","36.7500","36.7500","2014-04-10 22:00:00"
"65531","518","7","60","2014-03-30 00:00:00","2014-04-10 00:00:00","2014-03-30 00:00:00","2014-04-11 00:00:00","4.0000","49.0000","49.0000","2014-04-10 22:00:00"
"65532","519","6","50","2014-03-30 00:00:00","2014-04-10 00:00:00","2014-03-30 00:00:00","2014-04-11 00:00:00","3.0000","36.7500","36.7500","2014-04-10 22:00:00"
"65532","519","7","60","2014-03-30 00:00:00","2014-04-10 00:00:00","2014-03-30 00:00:00","2014-04-11 00:00:00","4.0000","49.0000","49.0000","2014-04-10 22:00:00"
"65533","520","6","50","2014-03-30 00:00:00","2014-04-10 00:00:00","2014-03-30 00:00:00","2014-04-11 00:00:00","3.0000","36.7500","36.7500","2014-04-10 22:00:00"
"65533","520","7","60","2014-03-30 00:00:00","2014-04-10 00:00:00","2014-03-30 00:00:00","2014-04-11 00:00:00","4.0000","49.0000","49.0000","2014-04-10 22:00:00"
"65534","522","6","50","2014-03-30 00:00:00","2014-04-10 00:00:00","2014-03-30 00:00:00","2014-04-11 00:00:00","3.0000","36.7500","36.7500","2014-04-10 22:00:00"
"65534","522","7","60","2014-03-30 00:00:00","2014-04-10 00:00:00","2014-03-30 00:00:00","2014-04-11 00:00:00","4.0000","49.0000","49.0000","2014-04-10 22:00:00"
"65542","747","1","10","2014-03-30 00:00:00","2014-04-10 00:00:00","2014-03-30 00:00:00","2014-04-11 00:00:00","4.1000","92.2500","92.2500","2014-04-10 22:00:00"
"65542","747","2","20","2014-03-30 00:00:00","2014-04-10 00:00:00","2014-03-30 00:00:00","2014-04-11 00:00:00","3.5000","87.5000","87.5000","2014-04-10 22:00:00"
"65542","747","3","30","2014-03-30 00:00:00","2014-04-10 00:00:00","2014-03-30 00:00:00","2014-04-11 00:00:00","1.0000","14.5000","14.5000","2014-04-10 22:00:00"
"65542","747","4","40","2014-03-30 00:00:00","2014-04-10 00:00:00","2014-03-30 00:00:00","2014-04-11 00:00:00","2.0000","31.5000","31.5000","2014-04-10 22:00:00"
"65542","747","6","50","2014-03-30 00:00:00","2014-04-10 00:00:00","2014-03-30 00:00:00","2014-04-11 00:00:00","3.0000","36.7500","36.7500","2014-04-10 22:00:00"
"65542","747","7","60","2014-03-30 00:00:00","2014-04-10 00:00:00","2014-03-30 00:00:00","2014-04-11 00:00:00","4.0000","49.0000","49.0000","2014-04-10 22:00:00"
"65543","748","1","10","2014-03-30 00:00:00","2014-04-10 00:00:00","2014-03-30 00:00:00","2014-04-11 00:00:00","4.1000","92.2500","92.2500","2014-04-10 22:00:00"
"65543","748","2","20","2014-03-30 00:00:00","2014-04-10 00:00:00","2014-03-30 00:00:00","2014-04-11 00:00:00","3.5000","87.5000","87.5000","2014-04-10 22:00:00"
"65543","748","3","30","2014-03-30 00:00:00","2014-04-10 00:00:00","2014-03-30 00:00:00","2014-04-11 00:00:00","1.0000","14.5000","14.5000","2014-04-10 22:00:00"
"65543","748","5","45","2014-03-30 00:00:00","2014-04-10 00:00:00","2014-03-30 00:00:00","2014-04-11 00:00:00","2.0000","36.0000","36.0000","2014-04-10 22:00:00"
"65543","748","6","50","2014-03-30 00:00:00","2014-04-10 00:00:00","2014-03-30 00:00:00","2014-04-11 00:00:00","3.0000","36.7500","36.7500","2014-04-10 22:00:00"
"65543","748","7","60","2014-03-30 00:00:00","2014-04-10 00:00:00","2014-03-30 00:00:00","2014-04-11 00:00:00","4.0000","49.0000","49.0000","2014-04-10 22:00:00"
"65544","805","6","50","2014-03-30 00:00:00","2014-04-10 00:00:00","2014-03-30 00:00:00","2014-04-11 00:00:00","3.0000","36.7500","36.7500","2014-04-10 22:00:00"
"65545","806","6","50","2014-03-30 00:00:00","2014-04-10 00:00:00","2014-03-30 00:00:00","2014-04-11 00:00:00","3.0000","36.7500","36.7500","2014-04-10 22:00:00"
"65546","807","6","50","2014-03-30 00:00:00","2014-04-10 00:00:00","2014-03-30 00:00:00","2014-04-11 00:00:00","3.0000","36.7500","36.7500","2014-04-10 22:00:00"
"65547","808","1","10","2014-03-30 00:00:00","2014-04-10 00:00:00","2014-03-30 00:00:00","2014-04-11 00:00:00","4.1000","92.2500","92.2500","2014-04-10 22:00:00"
"65547","808","2","20","2014-03-30 00:00:00","2014-04-10 00:00:00","2014-03-30 00:00:00","2014-04-11 00:00:00","3.5000","87.5000","87.5000","2014-04-10 22:00:00"
"65547","808","6","50","2014-03-30 00:00:00","2014-04-10 00:00:00","2014-03-30 00:00:00","2014-04-11 00:00:00","3.0000","36.7500","36.7500","2014-04-10 22:00:00"
"65548","810","1","10","2014-03-30 00:00:00","2014-04-10 00:00:00","2014-03-30 00:00:00","2014-04-11 00:00:00","4.1000","92.2500","92.2500","2014-04-10 22:00:00"
"65548","810","2","20","2014-03-30 00:00:00","2014-04-10 00:00:00","2014-03-30 00:00:00","2014-04-11 00:00:00","3.5000","87.5000","87.5000","2014-04-10 22:00:00"
"65548","810","6","50","2014-03-30 00:00:00","2014-04-10 00:00:00","2014-03-30 00:00:00","2014-04-11 00:00:00","3.0000","36.7500","36.7500","2014-04-10 22:00:00"
"65549","811","1","10","2014-03-30 00:00:00","2014-04-10 00:00:00","2014-03-30 00:00:00","2014-04-11 00:00:00","4.1000","92.2500","92.2500","2014-04-10 22:00:00"
"65549","811","2","20","2014-03-30 00:00:00","2014-04-10 00:00:00","2014-03-30 00:00:00","2014-04-11 00:00:00","3.5000","87.5000","87.5000","2014-04-10 22:00:00"
"65549","811","6","50","2014-03-30 00:00:00","2014-04-10 00:00:00","2014-03-30 00:00:00","2014-04-11 00:00:00","3.0000","36.7500","36.7500","2014-04-10 22:00:00"
"65550","812","1","10","2014-03-30 00:00:00","2014-04-10 00:00:00","2014-03-30 00:00:00","2014-04-11 00:00:00","4.1000","92.2500","92.2500","2014-04-10 22:00:00"
"65550","812","2","20","2014-03-30 00:00:00","2014-04-10 00:00:00","2014-03-30 00:00:00","2014-04-11 00:00:00","3.5000","87.5000","87.5000","2014-04-10 22:00:00"
"65550","812","6","50","2014-03-30 00:00:00","2014-04-10 00:00:00","2014-03-30 00:00:00","2014-04-11 00:00:00","3.0000","36.7500","36.7500","2014-04-10 22:00:00"
"65551","813","1","10","2014-03-30 00:00:00","2014-04-10 00:00:00","2014-03-30 00:00:00","2014-04-11 00:00:00","4.1000","92.2500","92.2500","2014-04-10 22:00:00"
"65551","813","2","20","2014-03-30 00:00:00","2014-04-10 00:00:00","2014-03-30 00:00:00","2014-04-11 00:00:00","3.5000","87.5000","87.5000","2014-04-10 22:00:00"
"65551","813","6","50","2014-03-30 00:00:00","2014-04-10 00:00:00","2014-03-30 00:00:00","2014-04-11 00:00:00","3.0000","36.7500","36.7500","2014-04-10 22:00:00"
"65552","815","6","50","2014-03-30 00:00:00","2014-04-10 00:00:00","2014-03-30 00:00:00","2014-04-11 00:00:00","3.0000","36.7500","36.7500","2014-04-10 22:00:00"
"65553","816","6","50","2014-03-30 00:00:00","2014-04-10 00:00:00","2014-03-30 00:00:00","2014-04-11 00:00:00","3.0000","36.7500","36.7500","2014-04-10 22:00:00"
"65554","818","6","50","2014-03-30 00:00:00","2014-04-10 00:00:00","2014-03-30 00:00:00","2014-04-11 00:00:00","3.0000","36.7500","36.7500","2014-04-10 22:00:00"
"65555","819","6","50","2014-03-30 00:00:00","2014-04-10 00:00:00","2014-03-30 00:00:00","2014-04-11 00:00:00","3.0000","36.7500","36.7500","2014-04-10 22:00:00"
"65556","820","6","50","2014-03-30 00:00:00","2014-04-10 00:00:00","2014-03-30 00:00:00","2014-04-11 00:00:00","3.0000","36.7500","36.7500","2014-04-10 22:00:00"
"65557","821","6","50","2014-03-30 00:00:00","2014-04-10 00:00:00","2014-03-30 00:00:00","2014-04-11 00:00:00","3.0000","36.7500","36.7500","2014-04-10 22:00:00"
"65558","822","1","10","2014-03-30 00:00:00","2014-04-10 00:00:00","2014-03-30 00:00:00","2014-04-11 00:00:00","4.1000","92.2500","92.2500","2014-04-10 22:00:00"
"65558","822","2","20","2014-03-30 00:00:00","2014-04-10 00:00:00","2014-03-30 00:00:00","2014-04-11 00:00:00","3.5000","87.5000","87.5000","2014-04-10 22:00:00"
"65558","822","3","30","2014-03-30 00:00:00","2014-04-10 00:00:00","2014-03-30 00:00:00","2014-04-11 00:00:00","1.0000","14.5000","14.5000","2014-04-10 22:00:00"
"65558","822","4","40","2014-03-30 00:00:00","2014-04-10 00:00:00","2014-03-30 00:00:00","2014-04-11 00:00:00","2.0000","31.5000","31.5000","2014-04-10 22:00:00"
"65558","822","6","50","2014-03-30 00:00:00","2014-04-10 00:00:00","2014-03-30 00:00:00","2014-04-11 00:00:00","3.0000","36.7500","36.7500","2014-04-10 22:00:00"
"65558","822","7","60","2014-03-30 00:00:00","2014-04-10 00:00:00","2014-03-30 00:00:00","2014-04-11 00:00:00","4.0000","49.0000","49.0000","2014-04-10 22:00:00"
"65559","823","6","50","2014-03-30 00:00:00","2014-04-10 00:00:00","2014-03-30 00:00:00","2014-04-11 00:00:00","3.0000","36.7500","36.7500","2014-04-10 22:00:00"
"65560","824","6","50","2014-03-30 00:00:00","2014-04-10 00:00:00","2014-03-30 00:00:00","2014-04-11 00:00:00","3.0000","36.7500","36.7500","2014-04-10 22:00:00"
"65561","826","6","50","2014-03-30 00:00:00","2014-04-10 00:00:00","2014-03-30 00:00:00","2014-04-11 00:00:00","3.0000","36.7500","36.7500","2014-04-10 22:00:00"
"65562","827","6","50","2014-03-30 00:00:00","2014-04-10 00:00:00","2014-03-30 00:00:00","2014-04-11 00:00:00","3.0000","36.7500","36.7500","2014-04-10 22:00:00"
"65563","828","6","50","2014-03-30 00:00:00","2014-04-10 00:00:00","2014-03-30 00:00:00","2014-04-11 00:00:00","3.0000","36.7500","36.7500","2014-04-10 22:00:00"
"65564","829","6","50","2014-03-30 00:00:00","2014-04-10 00:00:00","2014-03-30 00:00:00","2014-04-11 00:00:00","3.0000","36.7500","36.7500","2014-04-10 22:00:00"
"65577","894","6","50","2014-03-30 00:00:00","2014-04-10 00:00:00","2014-03-30 00:00:00","2014-04-11 00:00:00","3.0000","36.7500","36.7500","2014-04-10 22:00:00"
"65582","945","1","10","2014-03-30 00:00:00","2014-04-10 00:00:00","2014-03-30 00:00:00","2014-04-11 00:00:00","4.1000","92.2500","92.2500","2014-04-10 22:00:00"
"65582","945","6","50","2014-03-30 00:00:00","2014-04-10 00:00:00","2014-03-30 00:00:00","2014-04-11 00:00:00","3.0000","36.7500","36.7500","2014-04-10 22:00:00"
"65583","946","1","10","2014-03-30 00:00:00","2014-04-10 00:00:00","2014-03-30 00:00:00","2014-04-11 00:00:00","4.1000","92.2500","92.2500","2014-04-10 22:00:00"
"65583","946","2","20","2014-03-30 00:00:00","2014-04-10 00:00:00","2014-03-30 00:00:00","2014-04-11 00:00:00","3.5000","87.5000","87.5000","2014-04-10 22:00:00"
"65583","946","6","50","2014-03-30 00:00:00","2014-04-10 00:00:00","2014-03-30 00:00:00","2014-04-11 00:00:00","3.0000","36.7500","36.7500","2014-04-10 22:00:00"
"65584","947","1","10","2014-03-30 00:00:00","2014-04-10 00:00:00","2014-03-30 00:00:00","2014-04-11 00:00:00","4.1000","92.2500","92.2500","2014-04-10 22:00:00"
"65584","947","2","20","2014-03-30 00:00:00","2014-04-10 00:00:00","2014-03-30 00:00:00","2014-04-11 00:00:00","3.5000","87.5000","87.5000","2014-04-10 22:00:00"
"65584","947","6","50","2014-03-30 00:00:00","2014-04-10 00:00:00","2014-03-30 00:00:00","2014-04-11 00:00:00","3.0000","36.7500","36.7500","2014-04-10 22:00:00"
"65585","949","6","50","2014-03-30 00:00:00","2014-04-10 00:00:00","2014-03-30 00:00:00","2014-04-11 00:00:00","3.0000","36.7500","36.7500","2014-04-10 22:00:00"
"65586","950","6","50","2014-03-30 00:00:00","2014-04-10 00:00:00","2014-03-30 00:00:00","2014-04-11 00:00:00","3.0000","36.7500","36.7500","2014-04-10 22:00:00"
"65587","951","6","50","2014-03-30 00:00:00","2014-04-10 00:00:00","2014-03-30 00:00:00","2014-04-11 00:00:00","3.0000","36.7500","36.7500","2014-04-10 22:00:00"
"65588","994","6","50","2014-03-30 00:00:00","2014-04-10 00:00:00","2014-03-30 00:00:00","2014-04-11 00:00:00","3.0000","36.7500","36.7500","2014-04-10 22:00:00"
"65589","995","6","50","2014-03-30 00:00:00","2014-04-10 00:00:00","2014-03-30 00:00:00","2014-04-11 00:00:00","3.0000","36.7500","36.7500","2014-04-10 22:00:00"
"65590","996","6","50","2014-03-30 00:00:00","2014-04-10 00:00:00","2014-03-30 00:00:00","2014-04-11 00:00:00","3.0000","36.7500","36.7500","2014-04-10 22:00:00"
"65605","802","1","10","2014-03-30 00:00:00","2014-04-10 00:00:00","2014-03-30 00:00:00","2014-04-11 00:00:00","4.1000","92.2500","92.2500","2014-04-10 22:00:00"
"65605","802","6","50","2014-03-30 00:00:00","2014-04-10 00:00:00","2014-03-30 00:00:00","2014-04-11 00:00:00","3.0000","36.7500","36.7500","2014-04-10 22:00:00"
"65606","803","1","10","2014-03-30 00:00:00","2014-04-10 00:00:00","2014-03-30 00:00:00","2014-04-11 00:00:00","4.1000","92.2500","92.2500","2014-04-10 22:00:00"
"65606","803","6","50","2014-03-30 00:00:00","2014-04-10 00:00:00","2014-03-30 00:00:00","2014-04-11 00:00:00","3.0000","36.7500","36.7500","2014-04-10 22:00:00"
"65607","804","1","10","2014-03-30 00:00:00","2014-04-10 00:00:00","2014-03-30 00:00:00","2014-04-11 00:00:00","4.1000","92.2500","92.2500","2014-04-10 22:00:00"
"65607","804","6","50","2014-03-30 00:00:00","2014-04-10 00:00:00","2014-03-30 00:00:00","2014-04-11 00:00:00","3.0000","36.7500","36.7500","2014-04-10 22:00:00"
"65612","779","7","60","2014-03-31 00:00:00","2014-04-11 00:00:00","2014-04-01 00:00:00","2014-04-11 00:00:00","4.0000","49.0000","49.0000","2014-04-10 22:00:00"
"65613","780","7","60","2014-03-31 00:00:00","2014-04-11 00:00:00","2014-04-01 00:00:00","2014-04-11 00:00:00","4.0000","49.0000","49.0000","2014-04-10 22:00:00"
"65614","782","7","60","2014-03-31 00:00:00","2014-04-11 00:00:00","2014-04-01 00:00:00","2014-04-11 00:00:00","4.0000","49.0000","49.0000","2014-04-10 22:00:00"
"65615","783","7","60","2014-03-31 00:00:00","2014-04-11 00:00:00","2014-04-01 00:00:00","2014-04-11 00:00:00","4.0000","49.0000","49.0000","2014-04-10 22:00:00"
"65616","784","7","60","2014-03-31 00:00:00","2014-04-11 00:00:00","2014-04-01 00:00:00","2014-04-11 00:00:00","4.0000","49.0000","49.0000","2014-04-10 22:00:00"
"65617","795","7","60","2014-03-31 00:00:00","2014-04-11 00:00:00","2014-04-01 00:00:00","2014-04-11 00:00:00","4.0000","49.0000","49.0000","2014-04-10 22:00:00"
"65618","797","7","60","2014-03-31 00:00:00","2014-04-11 00:00:00","2014-04-01 00:00:00","2014-04-11 00:00:00","4.0000","49.0000","49.0000","2014-04-10 22:00:00"
"65619","798","7","60","2014-03-31 00:00:00","2014-04-11 00:00:00","2014-04-01 00:00:00","2014-04-11 00:00:00","4.0000","49.0000","49.0000","2014-04-10 22:00:00"
"65620","800","7","60","2014-03-31 00:00:00","2014-04-11 00:00:00","2014-04-01 00:00:00","2014-04-11 00:00:00","4.0000","49.0000","49.0000","2014-04-10 22:00:00"
"65621","953","7","60","2014-03-31 00:00:00","2014-04-11 00:00:00","2014-04-01 00:00:00","2014-04-11 00:00:00","4.0000","49.0000","49.0000","2014-04-10 22:00:00"
"65622","954","7","60","2014-03-31 00:00:00","2014-04-11 00:00:00","2014-04-01 00:00:00","2014-04-11 00:00:00","4.0000","49.0000","49.0000","2014-04-10 22:00:00"
"65623","957","7","60","2014-03-31 00:00:00","2014-04-11 00:00:00","2014-04-01 00:00:00","2014-04-11 00:00:00","4.0000","49.0000","49.0000","2014-04-10 22:00:00"
"65624","958","7","60","2014-03-31 00:00:00","2014-04-11 00:00:00","2014-04-01 00:00:00","2014-04-11 00:00:00","4.0000","49.0000","49.0000","2014-04-10 22:00:00"
"65625","964","7","60","2014-03-31 00:00:00","2014-04-11 00:00:00","2014-04-01 00:00:00","2014-04-11 00:00:00","4.0000","49.0000","49.0000","2014-04-10 22:00:00"
"65626","967","7","60","2014-03-31 00:00:00","2014-04-11 00:00:00","2014-04-01 00:00:00","2014-04-11 00:00:00","4.0000","49.0000","49.0000","2014-04-10 22:00:00"
"65627","968","7","60","2014-03-31 00:00:00","2014-04-11 00:00:00","2014-04-01 00:00:00","2014-04-11 00:00:00","4.0000","49.0000","49.0000","2014-04-10 22:00:00"
"65628","969","7","60","2014-03-31 00:00:00","2014-04-11 00:00:00","2014-04-01 00:00:00","2014-04-11 00:00:00","4.0000","49.0000","49.0000","2014-04-10 22:00:00"
"65629","970","7","60","2014-03-31 00:00:00","2014-04-11 00:00:00","2014-04-01 00:00:00","2014-04-11 00:00:00","4.0000","49.0000","49.0000","2014-04-10 22:00:00"
"65630","972","7","60","2014-03-31 00:00:00","2014-04-11 00:00:00","2014-04-01 00:00:00","2014-04-11 00:00:00","4.0000","49.0000","49.0000","2014-04-10 22:00:00"
"65631","974","7","60","2014-03-31 00:00:00","2014-04-11 00:00:00","2014-04-01 00:00:00","2014-04-11 00:00:00","4.0000","49.0000","49.0000","2014-04-10 22:00:00"
"65632","975","7","60","2014-03-31 00:00:00","2014-04-11 00:00:00","2014-04-01 00:00:00","2014-04-11 00:00:00","4.0000","49.0000","49.0000","2014-04-10 22:00:00"
"65633","976","7","60","2014-03-31 00:00:00","2014-04-11 00:00:00","2014-04-01 00:00:00","2014-04-11 00:00:00","4.0000","49.0000","49.0000","2014-04-10 22:00:00"
"65634","977","7","60","2014-03-31 00:00:00","2014-04-11 00:00:00","2014-04-01 00:00:00","2014-04-11 00:00:00","4.0000","49.0000","49.0000","2014-04-10 22:00:00"
"65635","983","7","60","2014-03-31 00:00:00","2014-04-11 00:00:00","2014-04-01 00:00:00","2014-04-11 00:00:00","4.0000","49.0000","49.0000","2014-04-10 22:00:00"
"65636","988","7","60","2014-03-31 00:00:00","2014-04-11 00:00:00","2014-04-01 00:00:00","2014-04-11 00:00:00","4.0000","49.0000","49.0000","2014-04-10 22:00:00"
"65637","997","7","60","2014-03-31 00:00:00","2014-04-11 00:00:00","2014-04-01 00:00:00","2014-04-11 00:00:00","4.0000","49.0000","49.0000","2014-04-10 22:00:00"
"65638","998","7","60","2014-03-31 00:00:00","2014-04-11 00:00:00","2014-04-01 00:00:00","2014-04-11 00:00:00","4.0000","49.0000","49.0000","2014-04-10 22:00:00"
"65639","999","7","60","2014-03-31 00:00:00","2014-04-11 00:00:00","2014-04-01 00:00:00","2014-04-11 00:00:00","4.0000","49.0000","49.0000","2014-04-10 22:00:00"
"65640","514","6","50","2014-03-31 00:00:00","2014-04-11 00:00:00","2014-04-01 00:00:00","2014-04-11 00:00:00","3.0000","36.7500","36.7500","2014-04-10 22:00:00"
"65640","514","7","60","2014-03-31 00:00:00","2014-04-11 00:00:00","2014-04-01 00:00:00","2014-04-11 00:00:00","4.0000","49.0000","49.0000","2014-04-10 22:00:00"
"65641","516","6","50","2014-03-31 00:00:00","2014-04-11 00:00:00","2014-04-01 00:00:00","2014-04-11 00:00:00","3.0000","36.7500","36.7500","2014-04-10 22:00:00"
"65641","516","7","60","2014-03-31 00:00:00","2014-04-11 00:00:00","2014-04-01 00:00:00","2014-04-11 00:00:00","4.0000","49.0000","49.0000","2014-04-10 22:00:00"
"65642","517","6","50","2014-03-31 00:00:00","2014-04-11 00:00:00","2014-04-01 00:00:00","2014-04-11 00:00:00","3.0000","36.7500","36.7500","2014-04-10 22:00:00"
"65642","517","7","60","2014-03-31 00:00:00","2014-04-11 00:00:00","2014-04-01 00:00:00","2014-04-11 00:00:00","4.0000","49.0000","49.0000","2014-04-10 22:00:00"
"65643","518","6","50","2014-03-31 00:00:00","2014-04-11 00:00:00","2014-04-01 00:00:00","2014-04-11 00:00:00","3.0000","36.7500","36.7500","2014-04-10 22:00:00"
"65643","518","7","60","2014-03-31 00:00:00","2014-04-11 00:00:00","2014-04-01 00:00:00","2014-04-11 00:00:00","4.0000","49.0000","49.0000","2014-04-10 22:00:00"
"65644","519","6","50","2014-03-31 00:00:00","2014-04-11 00:00:00","2014-04-01 00:00:00","2014-04-11 00:00:00","3.0000","36.7500","36.7500","2014-04-10 22:00:00"
"65644","519","7","60","2014-03-31 00:00:00","2014-04-11 00:00:00","2014-04-01 00:00:00","2014-04-11 00:00:00","4.0000","49.0000","49.0000","2014-04-10 22:00:00"
"65645","520","6","50","2014-03-31 00:00:00","2014-04-11 00:00:00","2014-04-01 00:00:00","2014-04-11 00:00:00","3.0000","36.7500","36.7500","2014-04-10 22:00:00"
"65645","520","7","60","2014-03-31 00:00:00","2014-04-11 00:00:00","2014-04-01 00:00:00","2014-04-11 00:00:00","4.0000","49.0000","49.0000","2014-04-10 22:00:00"
"65646","521","6","50","2014-03-31 00:00:00","2014-04-11 00:00:00","2014-04-01 00:00:00","2014-04-11 00:00:00","3.0000","36.7500","36.7500","2014-04-10 22:00:00"
"65646","521","7","60","2014-03-31 00:00:00","2014-04-11 00:00:00","2014-04-01 00:00:00","2014-04-11 00:00:00","4.0000","49.0000","49.0000","2014-04-10 22:00:00"
"65647","522","6","50","2014-03-31 00:00:00","2014-04-11 00:00:00","2014-04-01 00:00:00","2014-04-11 00:00:00","3.0000","36.7500","36.7500","2014-04-10 22:00:00"
"65647","522","7","60","2014-03-31 00:00:00","2014-04-11 00:00:00","2014-04-01 00:00:00","2014-04-11 00:00:00","4.0000","49.0000","49.0000","2014-04-10 22:00:00"
"65655","747","1","10","2014-03-31 00:00:00","2014-04-11 00:00:00","2014-04-01 00:00:00","2014-04-11 00:00:00","4.1000","92.2500","92.2500","2014-04-10 22:00:00"
"65655","747","2","20","2014-03-31 00:00:00","2014-04-11 00:00:00","2014-04-01 00:00:00","2014-04-11 00:00:00","3.5000","87.5000","87.5000","2014-04-10 22:00:00"
"65655","747","3","30","2014-03-31 00:00:00","2014-04-11 00:00:00","2014-04-01 00:00:00","2014-04-11 00:00:00","1.0000","14.5000","14.5000","2014-04-10 22:00:00"
"65655","747","4","40","2014-03-31 00:00:00","2014-04-11 00:00:00","2014-04-01 00:00:00","2014-04-11 00:00:00","2.0000","31.5000","31.5000","2014-04-10 22:00:00"
"65655","747","6","50","2014-03-31 00:00:00","2014-04-11 00:00:00","2014-04-01 00:00:00","2014-04-11 00:00:00","3.0000","36.7500","36.7500","2014-04-10 22:00:00"
"65655","747","7","60","2014-03-31 00:00:00","2014-04-11 00:00:00","2014-04-01 00:00:00","2014-04-11 00:00:00","4.0000","49.0000","49.0000","2014-04-10 22:00:00"
"65656","748","1","10","2014-03-31 00:00:00","2014-04-11 00:00:00","2014-04-01 00:00:00","2014-04-11 00:00:00","4.1000","92.2500","92.2500","2014-04-10 22:00:00"
"65656","748","2","20","2014-03-31 00:00:00","2014-04-11 00:00:00","2014-04-01 00:00:00","2014-04-11 00:00:00","3.5000","87.5000","87.5000","2014-04-10 22:00:00"
"65656","748","3","30","2014-03-31 00:00:00","2014-04-11 00:00:00","2014-04-01 00:00:00","2014-04-11 00:00:00","1.0000","14.5000","14.5000","2014-04-10 22:00:00"
"65656","748","5","45","2014-03-31 00:00:00","2014-04-11 00:00:00","2014-04-01 00:00:00","2014-04-11 00:00:00","2.0000","36.0000","36.0000","2014-04-10 22:00:00"
"65656","748","6","50","2014-03-31 00:00:00","2014-04-11 00:00:00","2014-04-01 00:00:00","2014-04-11 00:00:00","3.0000","36.7500","36.7500","2014-04-10 22:00:00"
"65656","748","7","60","2014-03-31 00:00:00","2014-04-11 00:00:00","2014-04-01 00:00:00","2014-04-11 00:00:00","4.0000","49.0000","49.0000","2014-04-10 22:00:00"
"65657","805","6","50","2014-03-31 00:00:00","2014-04-11 00:00:00","2014-04-01 00:00:00","2014-04-11 00:00:00","3.0000","36.7500","36.7500","2014-04-10 22:00:00"
"65658","806","6","50","2014-03-31 00:00:00","2014-04-11 00:00:00","2014-04-01 00:00:00","2014-04-11 00:00:00","3.0000","36.7500","36.7500","2014-04-10 22:00:00"
"65659","807","6","50","2014-03-31 00:00:00","2014-04-11 00:00:00","2014-04-01 00:00:00","2014-04-11 00:00:00","3.0000","36.7500","36.7500","2014-04-10 22:00:00"
"65660","808","1","10","2014-03-31 00:00:00","2014-04-11 00:00:00","2014-04-01 00:00:00","2014-04-11 00:00:00","4.1000","92.2500","92.2500","2014-04-10 22:00:00"
"65660","808","2","20","2014-03-31 00:00:00","2014-04-11 00:00:00","2014-04-01 00:00:00","2014-04-11 00:00:00","3.5000","87.5000","87.5000","2014-04-10 22:00:00"
"65660","808","6","50","2014-03-31 00:00:00","2014-04-11 00:00:00","2014-04-01 00:00:00","2014-04-11 00:00:00","3.0000","36.7500","36.7500","2014-04-10 22:00:00"
"65661","810","1","10","2014-03-31 00:00:00","2014-04-11 00:00:00","2014-04-01 00:00:00","2014-04-11 00:00:00","4.1000","92.2500","92.2500","2014-04-10 22:00:00"
"65661","810","2","20","2014-03-31 00:00:00","2014-04-11 00:00:00","2014-04-01 00:00:00","2014-04-11 00:00:00","3.5000","87.5000","87.5000","2014-04-10 22:00:00"
"65661","810","6","50","2014-03-31 00:00:00","2014-04-11 00:00:00","2014-04-01 00:00:00","2014-04-11 00:00:00","3.0000","36.7500","36.7500","2014-04-10 22:00:00"
"65662","811","1","10","2014-03-31 00:00:00","2014-04-11 00:00:00","2014-04-01 00:00:00","2014-04-11 00:00:00","4.1000","92.2500","92.2500","2014-04-10 22:00:00"
"65662","811","2","20","2014-03-31 00:00:00","2014-04-11 00:00:00","2014-04-01 00:00:00","2014-04-11 00:00:00","3.5000","87.5000","87.5000","2014-04-10 22:00:00"
"65662","811","6","50","2014-03-31 00:00:00","2014-04-11 00:00:00","2014-04-01 00:00:00","2014-04-11 00:00:00","3.0000","36.7500","36.7500","2014-04-10 22:00:00"
"65663","812","1","10","2014-03-31 00:00:00","2014-04-11 00:00:00","2014-04-01 00:00:00","2014-04-11 00:00:00","4.1000","92.2500","92.2500","2014-04-10 22:00:00"
"65663","812","2","20","2014-03-31 00:00:00","2014-04-11 00:00:00","2014-04-01 00:00:00","2014-04-11 00:00:00","3.5000","87.5000","87.5000","2014-04-10 22:00:00"
"65663","812","6","50","2014-03-31 00:00:00","2014-04-11 00:00:00","2014-04-01 00:00:00","2014-04-11 00:00:00","3.0000","36.7500","36.7500","2014-04-10 22:00:00"
"65664","813","1","10","2014-03-31 00:00:00","2014-04-11 00:00:00","2014-04-01 00:00:00","2014-04-11 00:00:00","4.1000","92.2500","92.2500","2014-04-10 22:00:00"
"65664","813","2","20","2014-03-31 00:00:00","2014-04-11 00:00:00","2014-04-01 00:00:00","2014-04-11 00:00:00","3.5000","87.5000","87.5000","2014-04-10 22:00:00"
"65664","813","6","50","2014-03-31 00:00:00","2014-04-11 00:00:00","2014-04-01 00:00:00","2014-04-11 00:00:00","3.0000","36.7500","36.7500","2014-04-10 22:00:00"
"65665","815","6","50","2014-03-31 00:00:00","2014-04-11 00:00:00","2014-04-01 00:00:00","2014-04-11 00:00:00","3.0000","36.7500","36.7500","2014-04-10 22:00:00"
"65666","816","6","50","2014-03-31 00:00:00","2014-04-11 00:00:00","2014-04-01 00:00:00","2014-04-11 00:00:00","3.0000","36.7500","36.7500","2014-04-10 22:00:00"
"65667","818","6","50","2014-03-31 00:00:00","2014-04-11 00:00:00","2014-04-01 00:00:00","2014-04-11 00:00:00","3.0000","36.7500","36.7500","2014-04-10 22:00:00"
"65668","819","6","50","2014-03-31 00:00:00","2014-04-11 00:00:00","2014-04-01 00:00:00","2014-04-11 00:00:00","3.0000","36.7500","36.7500","2014-04-10 22:00:00"
"65669","820","6","50","2014-03-31 00:00:00","2014-04-11 00:00:00","2014-04-01 00:00:00","2014-04-11 00:00:00","3.0000","36.7500","36.7500","2014-04-10 22:00:00"
"65670","821","6","50","2014-03-31 00:00:00","2014-04-11 00:00:00","2014-04-01 00:00:00","2014-04-11 00:00:00","3.0000","36.7500","36.7500","2014-04-10 22:00:00"
"65671","822","1","10","2014-03-31 00:00:00","2014-04-11 00:00:00","2014-04-01 00:00:00","2014-04-11 00:00:00","4.1000","92.2500","92.2500","2014-04-10 22:00:00"
"65671","822","2","20","2014-03-31 00:00:00","2014-04-11 00:00:00","2014-04-01 00:00:00","2014-04-11 00:00:00","3.5000","87.5000","87.5000","2014-04-10 22:00:00"
"65671","822","3","30","2014-03-31 00:00:00","2014-04-11 00:00:00","2014-04-01 00:00:00","2014-04-11 00:00:00","1.0000","14.5000","14.5000","2014-04-10 22:00:00"
"65671","822","4","40","2014-03-31 00:00:00","2014-04-11 00:00:00","2014-04-01 00:00:00","2014-04-11 00:00:00","2.0000","31.5000","31.5000","2014-04-10 22:00:00"
"65671","822","6","50","2014-03-31 00:00:00","2014-04-11 00:00:00","2014-04-01 00:00:00","2014-04-11 00:00:00","3.0000","36.7500","36.7500","2014-04-10 22:00:00"
"65671","822","7","60","2014-03-31 00:00:00","2014-04-11 00:00:00","2014-04-01 00:00:00","2014-04-11 00:00:00","4.0000","49.0000","49.0000","2014-04-10 22:00:00"
"65672","823","6","50","2014-03-31 00:00:00","2014-04-11 00:00:00","2014-04-01 00:00:00","2014-04-11 00:00:00","3.0000","36.7500","36.7500","2014-04-10 22:00:00"
"65673","824","6","50","2014-03-31 00:00:00","2014-04-11 00:00:00","2014-04-01 00:00:00","2014-04-11 00:00:00","3.0000","36.7500","36.7500","2014-04-10 22:00:00"
"65674","826","6","50","2014-03-31 00:00:00","2014-04-11 00:00:00","2014-04-01 00:00:00","2014-04-11 00:00:00","3.0000","36.7500","36.7500","2014-04-10 22:00:00"
"65675","827","6","50","2014-03-31 00:00:00","2014-04-11 00:00:00","2014-04-01 00:00:00","2014-04-11 00:00:00","3.0000","36.7500","36.7500","2014-04-10 22:00:00"
"65676","828","6","50","2014-03-31 00:00:00","2014-04-11 00:00:00","2014-04-01 00:00:00","2014-04-11 00:00:00","3.0000","36.7500","36.7500","2014-04-10 22:00:00"
"65677","829","6","50","2014-03-31 00:00:00","2014-04-11 00:00:00","2014-04-01 00:00:00","2014-04-11 00:00:00","3.0000","36.7500","36.7500","2014-04-10 22:00:00"
"65689","894","6","50","2014-03-31 00:00:00","2014-04-11 00:00:00","2014-04-01 00:00:00","2014-04-11 00:00:00","3.0000","36.7500","36.7500","2014-04-10 22:00:00"
"65694","945","1","10","2014-03-31 00:00:00","2014-04-11 00:00:00","2014-04-01 00:00:00","2014-04-11 00:00:00","4.1000","92.2500","92.2500","2014-04-10 22:00:00"
"65694","945","6","50","2014-03-31 00:00:00","2014-04-11 00:00:00","2014-04-01 00:00:00","2014-04-11 00:00:00","3.0000","36.7500","36.7500","2014-04-10 22:00:00"
"65695","946","1","10","2014-03-31 00:00:00","2014-04-11 00:00:00","2014-04-01 00:00:00","2014-04-11 00:00:00","4.1000","92.2500","92.2500","2014-04-10 22:00:00"
"65695","946","2","20","2014-03-31 00:00:00","2014-04-11 00:00:00","2014-04-01 00:00:00","2014-04-11 00:00:00","3.5000","87.5000","87.5000","2014-04-10 22:00:00"
"65695","946","6","50","2014-03-31 00:00:00","2014-04-11 00:00:00","2014-04-01 00:00:00","2014-04-11 00:00:00","3.0000","36.7500","36.7500","2014-04-10 22:00:00"
"65696","947","1","10","2014-03-31 00:00:00","2014-04-11 00:00:00","2014-04-01 00:00:00","2014-04-11 00:00:00","4.1000","92.2500","92.2500","2014-04-10 22:00:00"
"65696","947","2","20","2014-03-31 00:00:00","2014-04-11 00:00:00","2014-04-01 00:00:00","2014-04-11 00:00:00","3.5000","87.5000","87.5000","2014-04-10 22:00:00"
"65696","947","6","50","2014-03-31 00:00:00","2014-04-11 00:00:00","2014-04-01 00:00:00","2014-04-11 00:00:00","3.0000","36.7500","36.7500","2014-04-10 22:00:00"
"65697","949","6","50","2014-03-31 00:00:00","2014-04-11 00:00:00","2014-04-01 00:00:00","2014-04-11 00:00:00","3.0000","36.7500","36.7500","2014-04-10 22:00:00"
"65698","950","6","50","2014-03-31 00:00:00","2014-04-11 00:00:00","2014-04-01 00:00:00","2014-04-11 00:00:00","3.0000","36.7500","36.7500","2014-04-10 22:00:00"
"65699","951","6","50","2014-03-31 00:00:00","2014-04-11 00:00:00","2014-04-01 00:00:00","2014-04-11 00:00:00","3.0000","36.7500","36.7500","2014-04-10 22:00:00"
"65700","994","6","50","2014-03-31 00:00:00","2014-04-11 00:00:00","2014-04-01 00:00:00","2014-04-11 00:00:00","3.0000","36.7500","36.7500","2014-04-10 22:00:00"
"65701","995","6","50","2014-03-31 00:00:00","2014-04-11 00:00:00","2014-04-01 00:00:00","2014-04-11 00:00:00","3.0000","36.7500","36.7500","2014-04-10 22:00:00"
"65702","996","6","50","2014-03-31 00:00:00","2014-04-11 00:00:00","2014-04-01 00:00:00","2014-04-11 00:00:00","3.0000","36.7500","36.7500","2014-04-10 22:00:00"
"65717","802","1","10","2014-03-31 00:00:00","2014-04-11 00:00:00","2014-04-01 00:00:00","2014-04-11 00:00:00","4.1000","92.2500","92.2500","2014-04-10 22:00:00"
"65717","802","6","50","2014-03-31 00:00:00","2014-04-11 00:00:00","2014-04-01 00:00:00","2014-04-11 00:00:00","3.0000","36.7500","36.7500","2014-04-10 22:00:00"
"65718","803","1","10","2014-03-31 00:00:00","2014-04-11 00:00:00","2014-04-01 00:00:00","2014-04-11 00:00:00","4.1000","92.2500","92.2500","2014-04-10 22:00:00"
"65718","803","6","50","2014-03-31 00:00:00","2014-04-11 00:00:00","2014-04-01 00:00:00","2014-04-11 00:00:00","3.0000","36.7500","36.7500","2014-04-10 22:00:00"
"65719","804","1","10","2014-03-31 00:00:00","2014-04-11 00:00:00","2014-04-01 00:00:00","2014-04-11 00:00:00","4.1000","92.2500","92.2500","2014-04-10 22:00:00"
"65719","804","6","50","2014-03-31 00:00:00","2014-04-11 00:00:00","2014-04-01 00:00:00","2014-04-11 00:00:00","3.0000","36.7500","36.7500","2014-04-10 22:00:00"
"65724","780","7","60","2014-04-01 00:00:00","2014-04-12 00:00:00","2014-04-01 00:00:00","2014-04-15 00:00:00","4.0000","49.0000","49.0000","2014-04-14 22:00:00"
"65725","781","7","60","2014-04-01 00:00:00","2014-04-12 00:00:00","2014-04-01 00:00:00","2014-04-15 00:00:00","4.0000","49.0000","49.0000","2014-04-14 22:00:00"
"65726","782","7","60","2014-04-01 00:00:00","2014-04-12 00:00:00","2014-04-01 00:00:00","2014-04-15 00:00:00","4.0000","49.0000","49.0000","2014-04-14 22:00:00"
"65727","783","7","60","2014-04-01 00:00:00","2014-04-12 00:00:00","2014-04-01 00:00:00","2014-04-15 00:00:00","4.0000","49.0000","49.0000","2014-04-14 22:00:00"
"65728","784","7","60","2014-04-01 00:00:00","2014-04-12 00:00:00","2014-04-01 00:00:00","2014-04-15 00:00:00","4.0000","49.0000","49.0000","2014-04-14 22:00:00"
"65729","792","7","60","2014-04-01 00:00:00","2014-04-12 00:00:00","2014-04-01 00:00:00","2014-04-15 00:00:00","4.0000","49.0000","49.0000","2014-04-14 22:00:00"
"65730","795","7","60","2014-04-01 00:00:00","2014-04-12 00:00:00","2014-04-01 00:00:00","2014-04-15 00:00:00","4.0000","49.0000","49.0000","2014-04-14 22:00:00"
"65731","796","7","60","2014-04-01 00:00:00","2014-04-12 00:00:00","2014-04-01 00:00:00","2014-04-15 00:00:00","4.0000","49.0000","49.0000","2014-04-14 22:00:00"
"65732","797","7","60","2014-04-01 00:00:00","2014-04-12 00:00:00","2014-04-01 00:00:00","2014-04-15 00:00:00","4.0000","49.0000","49.0000","2014-04-14 22:00:00"
"65733","798","7","60","2014-04-01 00:00:00","2014-04-12 00:00:00","2014-04-01 00:00:00","2014-04-15 00:00:00","4.0000","49.0000","49.0000","2014-04-14 22:00:00"
"65734","799","7","60","2014-04-01 00:00:00","2014-04-12 00:00:00","2014-04-01 00:00:00","2014-04-15 00:00:00","4.0000","49.0000","49.0000","2014-04-14 22:00:00"
"65735","955","7","60","2014-04-01 00:00:00","2014-04-12 00:00:00","2014-04-01 00:00:00","2014-04-15 00:00:00","4.0000","49.0000","49.0000","2014-04-14 22:00:00"
"65736","973","7","60","2014-04-01 00:00:00","2014-04-12 00:00:00","2014-04-01 00:00:00","2014-04-15 00:00:00","4.0000","49.0000","49.0000","2014-04-14 22:00:00"
"65737","975","7","60","2014-04-01 00:00:00","2014-04-12 00:00:00","2014-04-01 00:00:00","2014-04-15 00:00:00","4.0000","49.0000","49.0000","2014-04-14 22:00:00"
"65738","976","7","60","2014-04-01 00:00:00","2014-04-12 00:00:00","2014-04-01 00:00:00","2014-04-15 00:00:00","4.0000","49.0000","49.0000","2014-04-14 22:00:00"
"65739","981","7","60","2014-04-01 00:00:00","2014-04-12 00:00:00","2014-04-01 00:00:00","2014-04-15 00:00:00","4.0000","49.0000","49.0000","2014-04-14 22:00:00"
"65740","983","7","60","2014-04-01 00:00:00","2014-04-12 00:00:00","2014-04-01 00:00:00","2014-04-15 00:00:00","4.0000","49.0000","49.0000","2014-04-14 22:00:00"
"65741","997","7","60","2014-04-01 00:00:00","2014-04-12 00:00:00","2014-04-01 00:00:00","2014-04-15 00:00:00","4.0000","49.0000","49.0000","2014-04-14 22:00:00"
"65742","998","7","60","2014-04-01 00:00:00","2014-04-12 00:00:00","2014-04-01 00:00:00","2014-04-15 00:00:00","4.0000","49.0000","49.0000","2014-04-14 22:00:00"
"65743","999","7","60","2014-04-01 00:00:00","2014-04-12 00:00:00","2014-04-01 00:00:00","2014-04-15 00:00:00","4.0000","49.0000","49.0000","2014-04-14 22:00:00"
"65744","514","6","50","2014-04-01 00:00:00","2014-04-12 00:00:00","2014-04-01 00:00:00","2014-04-15 00:00:00","3.0000","36.7500","36.7500","2014-04-14 22:00:00"
"65744","514","7","60","2014-04-01 00:00:00","2014-04-12 00:00:00","2014-04-01 00:00:00","2014-04-15 00:00:00","4.0000","49.0000","49.0000","2014-04-14 22:00:00"
"65745","516","6","50","2014-04-01 00:00:00","2014-04-12 00:00:00","2014-04-01 00:00:00","2014-04-15 00:00:00","3.0000","36.7500","36.7500","2014-04-14 22:00:00"
"65745","516","7","60","2014-04-01 00:00:00","2014-04-12 00:00:00","2014-04-01 00:00:00","2014-04-15 00:00:00","4.0000","49.0000","49.0000","2014-04-14 22:00:00"
"65746","517","6","50","2014-04-01 00:00:00","2014-04-12 00:00:00","2014-04-01 00:00:00","2014-04-15 00:00:00","3.0000","36.7500","36.7500","2014-04-14 22:00:00"
"65746","517","7","60","2014-04-01 00:00:00","2014-04-12 00:00:00","2014-04-01 00:00:00","2014-04-15 00:00:00","4.0000","49.0000","49.0000","2014-04-14 22:00:00"
"65747","518","6","50","2014-04-01 00:00:00","2014-04-12 00:00:00","2014-04-01 00:00:00","2014-04-15 00:00:00","3.0000","36.7500","36.7500","2014-04-14 22:00:00"
"65747","518","7","60","2014-04-01 00:00:00","2014-04-12 00:00:00","2014-04-01 00:00:00","2014-04-15 00:00:00","4.0000","49.0000","49.0000","2014-04-14 22:00:00"
"65748","519","6","50","2014-04-01 00:00:00","2014-04-12 00:00:00","2014-04-01 00:00:00","2014-04-15 00:00:00","3.0000","36.7500","36.7500","2014-04-14 22:00:00"
"65748","519","7","60","2014-04-01 00:00:00","2014-04-12 00:00:00","2014-04-01 00:00:00","2014-04-15 00:00:00","4.0000","49.0000","49.0000","2014-04-14 22:00:00"
"65749","522","6","50","2014-04-01 00:00:00","2014-04-12 00:00:00","2014-04-01 00:00:00","2014-04-15 00:00:00","3.0000","36.7500","36.7500","2014-04-14 22:00:00"
"65749","522","7","60","2014-04-01 00:00:00","2014-04-12 00:00:00","2014-04-01 00:00:00","2014-04-15 00:00:00","4.0000","49.0000","49.0000","2014-04-14 22:00:00"
"65759","747","1","10","2014-04-01 00:00:00","2014-04-12 00:00:00","2014-04-01 00:00:00","2014-04-15 00:00:00","4.1000","92.2500","92.2500","2014-04-14 22:00:00"
"65759","747","2","20","2014-04-01 00:00:00","2014-04-12 00:00:00","2014-04-01 00:00:00","2014-04-15 00:00:00","3.5000","87.5000","87.5000","2014-04-14 22:00:00"
"65759","747","3","30","2014-04-01 00:00:00","2014-04-12 00:00:00","2014-04-01 00:00:00","2014-04-15 00:00:00","1.0000","14.5000","14.5000","2014-04-14 22:00:00"
"65759","747","4","40","2014-04-01 00:00:00","2014-04-12 00:00:00","2014-04-01 00:00:00","2014-04-15 00:00:00","2.0000","31.5000","31.5000","2014-04-14 22:00:00"
"65759","747","6","50","2014-04-01 00:00:00","2014-04-12 00:00:00","2014-04-01 00:00:00","2014-04-15 00:00:00","3.0000","36.7500","36.7500","2014-04-14 22:00:00"
"65759","747","7","60","2014-04-01 00:00:00","2014-04-12 00:00:00","2014-04-01 00:00:00","2014-04-15 00:00:00","4.0000","49.0000","49.0000","2014-04-14 22:00:00"
"65760","805","6","50","2014-04-01 00:00:00","2014-04-12 00:00:00","2014-04-01 00:00:00","2014-04-15 00:00:00","3.0000","36.7500","36.7500","2014-04-14 22:00:00"
"65761","806","6","50","2014-04-01 00:00:00","2014-04-12 00:00:00","2014-04-01 00:00:00","2014-04-15 00:00:00","3.0000","36.7500","36.7500","2014-04-14 22:00:00"
"65762","807","6","50","2014-04-01 00:00:00","2014-04-12 00:00:00","2014-04-01 00:00:00","2014-04-15 00:00:00","3.0000","36.7500","36.7500","2014-04-14 22:00:00"
"65763","808","1","10","2014-04-01 00:00:00","2014-04-12 00:00:00","2014-04-01 00:00:00","2014-04-15 00:00:00","4.1000","92.2500","92.2500","2014-04-14 22:00:00"
"65763","808","2","20","2014-04-01 00:00:00","2014-04-12 00:00:00","2014-04-01 00:00:00","2014-04-15 00:00:00","3.5000","87.5000","87.5000","2014-04-14 22:00:00"
"65763","808","6","50","2014-04-01 00:00:00","2014-04-12 00:00:00","2014-04-01 00:00:00","2014-04-15 00:00:00","3.0000","36.7500","36.7500","2014-04-14 22:00:00"
"65764","810","1","10","2014-04-01 00:00:00","2014-04-12 00:00:00","2014-04-01 00:00:00","2014-04-15 00:00:00","4.1000","92.2500","92.2500","2014-04-14 22:00:00"
"65764","810","2","20","2014-04-01 00:00:00","2014-04-12 00:00:00","2014-04-01 00:00:00","2014-04-15 00:00:00","3.5000","87.5000","87.5000","2014-04-14 22:00:00"
"65764","810","6","50","2014-04-01 00:00:00","2014-04-12 00:00:00","2014-04-01 00:00:00","2014-04-15 00:00:00","3.0000","36.7500","36.7500","2014-04-14 22:00:00"
"65765","811","1","10","2014-04-01 00:00:00","2014-04-12 00:00:00","2014-04-01 00:00:00","2014-04-15 00:00:00","4.1000","92.2500","92.2500","2014-04-14 22:00:00"
"65765","811","2","20","2014-04-01 00:00:00","2014-04-12 00:00:00","2014-04-01 00:00:00","2014-04-15 00:00:00","3.5000","87.5000","87.5000","2014-04-14 22:00:00"
"65765","811","6","50","2014-04-01 00:00:00","2014-04-12 00:00:00","2014-04-01 00:00:00","2014-04-15 00:00:00","3.0000","36.7500","36.7500","2014-04-14 22:00:00"
"65766","812","1","10","2014-04-01 00:00:00","2014-04-12 00:00:00","2014-04-01 00:00:00","2014-04-15 00:00:00","4.1000","92.2500","92.2500","2014-04-14 22:00:00"
"65766","812","2","20","2014-04-01 00:00:00","2014-04-12 00:00:00","2014-04-01 00:00:00","2014-04-15 00:00:00","3.5000","87.5000","87.5000","2014-04-14 22:00:00"
"65766","812","6","50","2014-04-01 00:00:00","2014-04-12 00:00:00","2014-04-01 00:00:00","2014-04-15 00:00:00","3.0000","36.7500","36.7500","2014-04-14 22:00:00"
"65767","813","1","10","2014-04-01 00:00:00","2014-04-12 00:00:00","2014-04-01 00:00:00","2014-04-15 00:00:00","4.1000","92.2500","92.2500","2014-04-14 22:00:00"
"65767","813","2","20","2014-04-01 00:00:00","2014-04-12 00:00:00","2014-04-01 00:00:00","2014-04-15 00:00:00","3.5000","87.5000","87.5000","2014-04-14 22:00:00"
"65767","813","6","50","2014-04-01 00:00:00","2014-04-12 00:00:00","2014-04-01 00:00:00","2014-04-15 00:00:00","3.0000","36.7500","36.7500","2014-04-14 22:00:00"
"65768","815","6","50","2014-04-01 00:00:00","2014-04-12 00:00:00","2014-04-01 00:00:00","2014-04-15 00:00:00","3.0000","36.7500","36.7500","2014-04-14 22:00:00"
"65769","816","6","50","2014-04-01 00:00:00","2014-04-12 00:00:00","2014-04-01 00:00:00","2014-04-15 00:00:00","3.0000","36.7500","36.7500","2014-04-14 22:00:00"
"65770","818","6","50","2014-04-01 00:00:00","2014-04-12 00:00:00","2014-04-01 00:00:00","2014-04-15 00:00:00","3.0000","36.7500","36.7500","2014-04-14 22:00:00"
"65771","819","6","50","2014-04-01 00:00:00","2014-04-12 00:00:00","2014-04-01 00:00:00","2014-04-15 00:00:00","3.0000","36.7500","36.7500","2014-04-14 22:00:00"
"65772","820","6","50","2014-04-01 00:00:00","2014-04-12 00:00:00","2014-04-01 00:00:00","2014-04-15 00:00:00","3.0000","36.7500","36.7500","2014-04-14 22:00:00"
"65773","821","6","50","2014-04-01 00:00:00","2014-04-12 00:00:00","2014-04-01 00:00:00","2014-04-15 00:00:00","3.0000","36.7500","36.7500","2014-04-14 22:00:00"
"65774","822","1","10","2014-04-01 00:00:00","2014-04-12 00:00:00","2014-04-01 00:00:00","2014-04-15 00:00:00","4.1000","92.2500","92.2500","2014-04-14 22:00:00"
"65774","822","2","20","2014-04-01 00:00:00","2014-04-12 00:00:00","2014-04-01 00:00:00","2014-04-15 00:00:00","3.5000","87.5000","87.5000","2014-04-14 22:00:00"
"65774","822","3","30","2014-04-01 00:00:00","2014-04-12 00:00:00","2014-04-01 00:00:00","2014-04-15 00:00:00","1.0000","14.5000","14.5000","2014-04-14 22:00:00"
"65774","822","4","40","2014-04-01 00:00:00","2014-04-12 00:00:00","2014-04-01 00:00:00","2014-04-15 00:00:00","2.0000","31.5000","31.5000","2014-04-14 22:00:00"
"65774","822","6","50","2014-04-01 00:00:00","2014-04-12 00:00:00","2014-04-01 00:00:00","2014-04-15 00:00:00","3.0000","36.7500","36.7500","2014-04-14 22:00:00"
"65774","822","7","60","2014-04-01 00:00:00","2014-04-12 00:00:00","2014-04-01 00:00:00","2014-04-15 00:00:00","4.0000","49.0000","49.0000","2014-04-14 22:00:00"
"65775","823","6","50","2014-04-01 00:00:00","2014-04-12 00:00:00","2014-04-01 00:00:00","2014-04-15 00:00:00","3.0000","36.7500","36.7500","2014-04-14 22:00:00"
"65776","824","6","50","2014-04-01 00:00:00","2014-04-12 00:00:00","2014-04-01 00:00:00","2014-04-15 00:00:00","3.0000","36.7500","36.7500","2014-04-14 22:00:00"
"65777","826","6","50","2014-04-01 00:00:00","2014-04-12 00:00:00","2014-04-01 00:00:00","2014-04-15 00:00:00","3.0000","36.7500","36.7500","2014-04-14 22:00:00"
"65778","827","6","50","2014-04-01 00:00:00","2014-04-12 00:00:00","2014-04-01 00:00:00","2014-04-15 00:00:00","3.0000","36.7500","36.7500","2014-04-14 22:00:00"
"65779","828","6","50","2014-04-01 00:00:00","2014-04-12 00:00:00","2014-04-01 00:00:00","2014-04-15 00:00:00","3.0000","36.7500","36.7500","2014-04-14 22:00:00"
"65780","829","6","50","2014-04-01 00:00:00","2014-04-12 00:00:00","2014-04-01 00:00:00","2014-04-15 00:00:00","3.0000","36.7500","36.7500","2014-04-14 22:00:00"
"65787","894","6","50","2014-04-01 00:00:00","2014-04-12 00:00:00","2014-04-01 00:00:00","2014-04-15 00:00:00","3.0000","36.7500","36.7500","2014-04-14 22:00:00"
"65790","945","1","10","2014-04-01 00:00:00","2014-04-12 00:00:00","2014-04-01 00:00:00","2014-04-15 00:00:00","4.1000","92.2500","92.2500","2014-04-14 22:00:00"
"65790","945","6","50","2014-04-01 00:00:00","2014-04-12 00:00:00","2014-04-01 00:00:00","2014-04-15 00:00:00","3.0000","36.7500","36.7500","2014-04-14 22:00:00"
"65791","947","1","10","2014-04-01 00:00:00","2014-04-12 00:00:00","2014-04-01 00:00:00","2014-04-15 00:00:00","4.1000","92.2500","92.2500","2014-04-14 22:00:00"
"65791","947","2","20","2014-04-01 00:00:00","2014-04-12 00:00:00","2014-04-01 00:00:00","2014-04-15 00:00:00","3.5000","87.5000","87.5000","2014-04-14 22:00:00"
"65791","947","6","50","2014-04-01 00:00:00","2014-04-12 00:00:00","2014-04-01 00:00:00","2014-04-15 00:00:00","3.0000","36.7500","36.7500","2014-04-14 22:00:00"
"65792","949","6","50","2014-04-01 00:00:00","2014-04-12 00:00:00","2014-04-01 00:00:00","2014-04-15 00:00:00","3.0000","36.7500","36.7500","2014-04-14 22:00:00"
"65793","950","6","50","2014-04-01 00:00:00","2014-04-12 00:00:00","2014-04-01 00:00:00","2014-04-15 00:00:00","3.0000","36.7500","36.7500","2014-04-14 22:00:00"
"65794","951","6","50","2014-04-01 00:00:00","2014-04-12 00:00:00","2014-04-01 00:00:00","2014-04-15 00:00:00","3.0000","36.7500","36.7500","2014-04-14 22:00:00"
"65795","994","6","50","2014-04-01 00:00:00","2014-04-12 00:00:00","2014-04-01 00:00:00","2014-04-15 00:00:00","3.0000","36.7500","36.7500","2014-04-14 22:00:00"
"65796","995","6","50","2014-04-01 00:00:00","2014-04-12 00:00:00","2014-04-01 00:00:00","2014-04-15 00:00:00","3.0000","36.7500","36.7500","2014-04-14 22:00:00"
"65797","996","6","50","2014-04-01 00:00:00","2014-04-12 00:00:00","2014-04-01 00:00:00","2014-04-15 00:00:00","3.0000","36.7500","36.7500","2014-04-14 22:00:00"
"65812","802","1","10","2014-04-01 00:00:00","2014-04-12 00:00:00","2014-04-01 00:00:00","2014-04-15 00:00:00","4.1000","92.2500","92.2500","2014-04-14 22:00:00"
"65812","802","6","50","2014-04-01 00:00:00","2014-04-12 00:00:00","2014-04-01 00:00:00","2014-04-15 00:00:00","3.0000","36.7500","36.7500","2014-04-14 22:00:00"
"65813","803","1","10","2014-04-01 00:00:00","2014-04-12 00:00:00","2014-04-01 00:00:00","2014-04-15 00:00:00","4.1000","92.2500","92.2500","2014-04-14 22:00:00"
"65813","803","6","50","2014-04-01 00:00:00","2014-04-12 00:00:00","2014-04-01 00:00:00","2014-04-15 00:00:00","3.0000","36.7500","36.7500","2014-04-14 22:00:00"
"65814","804","1","10","2014-04-01 00:00:00","2014-04-12 00:00:00","2014-04-01 00:00:00","2014-04-15 00:00:00","4.1000","92.2500","92.2500","2014-04-14 22:00:00"
"65814","804","6","50","2014-04-01 00:00:00","2014-04-12 00:00:00","2014-04-01 00:00:00","2014-04-15 00:00:00","3.0000","36.7500","36.7500","2014-04-14 22:00:00"
"65820","760","7","60","2014-04-02 00:00:00","2014-04-13 00:00:00","2014-04-05 00:00:00","2014-04-13 00:00:00","4.0000","49.0000","49.0000","2014-04-12 22:00:00"
"65821","761","7","60","2014-04-02 00:00:00","2014-04-13 00:00:00","2014-04-05 00:00:00","2014-04-13 00:00:00","4.0000","49.0000","49.0000","2014-04-12 22:00:00"
"65822","762","7","60","2014-04-02 00:00:00","2014-04-13 00:00:00","2014-04-05 00:00:00","2014-04-13 00:00:00","4.0000","49.0000","49.0000","2014-04-12 22:00:00"
"65823","763","7","60","2014-04-02 00:00:00","2014-04-13 00:00:00","2014-04-05 00:00:00","2014-04-13 00:00:00","4.0000","49.0000","49.0000","2014-04-12 22:00:00"
"65824","765","7","60","2014-04-02 00:00:00","2014-04-13 00:00:00","2014-04-05 00:00:00","2014-04-13 00:00:00","4.0000","49.0000","49.0000","2014-04-12 22:00:00"
"65825","779","7","60","2014-04-02 00:00:00","2014-04-13 00:00:00","2014-04-05 00:00:00","2014-04-13 00:00:00","4.0000","49.0000","49.0000","2014-04-12 22:00:00"
"65826","780","7","60","2014-04-02 00:00:00","2014-04-13 00:00:00","2014-04-05 00:00:00","2014-04-13 00:00:00","4.0000","49.0000","49.0000","2014-04-12 22:00:00"
"65827","781","7","60","2014-04-02 00:00:00","2014-04-13 00:00:00","2014-04-05 00:00:00","2014-04-13 00:00:00","4.0000","49.0000","49.0000","2014-04-12 22:00:00"
"65828","782","7","60","2014-04-02 00:00:00","2014-04-13 00:00:00","2014-04-05 00:00:00","2014-04-13 00:00:00","4.0000","49.0000","49.0000","2014-04-12 22:00:00"
"65829","783","7","60","2014-04-02 00:00:00","2014-04-13 00:00:00","2014-04-05 00:00:00","2014-04-13 00:00:00","4.0000","49.0000","49.0000","2014-04-12 22:00:00"
"65830","793","7","60","2014-04-02 00:00:00","2014-04-13 00:00:00","2014-04-05 00:00:00","2014-04-13 00:00:00","4.0000","49.0000","49.0000","2014-04-12 22:00:00"
"65831","794","7","60","2014-04-02 00:00:00","2014-04-13 00:00:00","2014-04-05 00:00:00","2014-04-13 00:00:00","4.0000","49.0000","49.0000","2014-04-12 22:00:00"
"65832","795","7","60","2014-04-02 00:00:00","2014-04-13 00:00:00","2014-04-05 00:00:00","2014-04-13 00:00:00","4.0000","49.0000","49.0000","2014-04-12 22:00:00"
"65833","796","7","60","2014-04-02 00:00:00","2014-04-13 00:00:00","2014-04-05 00:00:00","2014-04-13 00:00:00","4.0000","49.0000","49.0000","2014-04-12 22:00:00"
"65834","797","7","60","2014-04-02 00:00:00","2014-04-13 00:00:00","2014-04-05 00:00:00","2014-04-13 00:00:00","4.0000","49.0000","49.0000","2014-04-12 22:00:00"
"65835","798","7","60","2014-04-02 00:00:00","2014-04-13 00:00:00","2014-04-05 00:00:00","2014-04-13 00:00:00","4.0000","49.0000","49.0000","2014-04-12 22:00:00"
"65836","799","7","60","2014-04-02 00:00:00","2014-04-13 00:00:00","2014-04-05 00:00:00","2014-04-13 00:00:00","4.0000","49.0000","49.0000","2014-04-12 22:00:00"
"65837","800","7","60","2014-04-02 00:00:00","2014-04-13 00:00:00","2014-04-05 00:00:00","2014-04-13 00:00:00","4.0000","49.0000","49.0000","2014-04-12 22:00:00"
"65838","801","7","60","2014-04-02 00:00:00","2014-04-13 00:00:00","2014-04-05 00:00:00","2014-04-13 00:00:00","4.0000","49.0000","49.0000","2014-04-12 22:00:00"
"65839","953","7","60","2014-04-02 00:00:00","2014-04-13 00:00:00","2014-04-05 00:00:00","2014-04-13 00:00:00","4.0000","49.0000","49.0000","2014-04-12 22:00:00"
"65840","971","7","60","2014-04-02 00:00:00","2014-04-13 00:00:00","2014-04-05 00:00:00","2014-04-13 00:00:00","4.0000","49.0000","49.0000","2014-04-12 22:00:00"
"65841","974","7","60","2014-04-02 00:00:00","2014-04-13 00:00:00","2014-04-05 00:00:00","2014-04-13 00:00:00","4.0000","49.0000","49.0000","2014-04-12 22:00:00"
"65842","982","7","60","2014-04-02 00:00:00","2014-04-13 00:00:00","2014-04-05 00:00:00","2014-04-13 00:00:00","4.0000","49.0000","49.0000","2014-04-12 22:00:00"
"65843","990","7","60","2014-04-02 00:00:00","2014-04-13 00:00:00","2014-04-05 00:00:00","2014-04-13 00:00:00","4.0000","49.0000","49.0000","2014-04-12 22:00:00"
"65844","991","7","60","2014-04-02 00:00:00","2014-04-13 00:00:00","2014-04-05 00:00:00","2014-04-13 00:00:00","4.0000","49.0000","49.0000","2014-04-12 22:00:00"
"65845","992","7","60","2014-04-02 00:00:00","2014-04-13 00:00:00","2014-04-05 00:00:00","2014-04-13 00:00:00","4.0000","49.0000","49.0000","2014-04-12 22:00:00"
"65846","993","7","60","2014-04-02 00:00:00","2014-04-13 00:00:00","2014-04-05 00:00:00","2014-04-13 00:00:00","4.0000","49.0000","49.0000","2014-04-12 22:00:00"
"65847","997","7","60","2014-04-02 00:00:00","2014-04-13 00:00:00","2014-04-05 00:00:00","2014-04-13 00:00:00","4.0000","49.0000","49.0000","2014-04-12 22:00:00"
"65848","998","7","60","2014-04-02 00:00:00","2014-04-13 00:00:00","2014-04-05 00:00:00","2014-04-13 00:00:00","4.0000","49.0000","49.0000","2014-04-12 22:00:00"
"65849","999","7","60","2014-04-02 00:00:00","2014-04-13 00:00:00","2014-04-05 00:00:00","2014-04-13 00:00:00","4.0000","49.0000","49.0000","2014-04-12 22:00:00"
"65850","514","6","50","2014-04-02 00:00:00","2014-04-13 00:00:00","2014-04-05 00:00:00","2014-04-13 00:00:00","3.0000","36.7500","36.7500","2014-04-12 22:00:00"
"65850","514","7","60","2014-04-02 00:00:00","2014-04-13 00:00:00","2014-04-05 00:00:00","2014-04-13 00:00:00","4.0000","49.0000","49.0000","2014-04-12 22:00:00"
"65851","516","6","50","2014-04-02 00:00:00","2014-04-13 00:00:00","2014-04-05 00:00:00","2014-04-13 00:00:00","3.0000","36.7500","36.7500","2014-04-12 22:00:00"
"65851","516","7","60","2014-04-02 00:00:00","2014-04-13 00:00:00","2014-04-05 00:00:00","2014-04-13 00:00:00","4.0000","49.0000","49.0000","2014-04-12 22:00:00"
"65852","517","6","50","2014-04-02 00:00:00","2014-04-13 00:00:00","2014-04-05 00:00:00","2014-04-13 00:00:00","3.0000","36.7500","36.7500","2014-04-12 22:00:00"
"65852","517","7","60","2014-04-02 00:00:00","2014-04-13 00:00:00","2014-04-05 00:00:00","2014-04-13 00:00:00","4.0000","49.0000","49.0000","2014-04-12 22:00:00"
"65853","518","6","50","2014-04-02 00:00:00","2014-04-13 00:00:00","2014-04-05 00:00:00","2014-04-13 00:00:00","3.0000","36.7500","36.7500","2014-04-12 22:00:00"
"65853","518","7","60","2014-04-02 00:00:00","2014-04-13 00:00:00","2014-04-05 00:00:00","2014-04-13 00:00:00","4.0000","49.0000","49.0000","2014-04-12 22:00:00"
"65854","519","6","50","2014-04-02 00:00:00","2014-04-13 00:00:00","2014-04-05 00:00:00","2014-04-13 00:00:00","3.0000","36.7500","36.7500","2014-04-12 22:00:00"
"65854","519","7","60","2014-04-02 00:00:00","2014-04-13 00:00:00","2014-04-05 00:00:00","2014-04-13 00:00:00","4.0000","49.0000","49.0000","2014-04-12 22:00:00"
"65855","521","6","50","2014-04-02 00:00:00","2014-04-13 00:00:00","2014-04-05 00:00:00","2014-04-13 00:00:00","3.0000","36.7500","36.7500","2014-04-12 22:00:00"
"65855","521","7","60","2014-04-02 00:00:00","2014-04-13 00:00:00","2014-04-05 00:00:00","2014-04-13 00:00:00","4.0000","49.0000","49.0000","2014-04-12 22:00:00"
"65868","747","1","10","2014-04-02 00:00:00","2014-04-13 00:00:00","2014-04-05 00:00:00","2014-04-13 00:00:00","4.1000","92.2500","92.2500","2014-04-12 22:00:00"
"65868","747","2","20","2014-04-02 00:00:00","2014-04-13 00:00:00","2014-04-05 00:00:00","2014-04-13 00:00:00","3.5000","87.5000","87.5000","2014-04-12 22:00:00"
"65868","747","3","30","2014-04-02 00:00:00","2014-04-13 00:00:00","2014-04-05 00:00:00","2014-04-13 00:00:00","1.0000","14.5000","14.5000","2014-04-12 22:00:00"
"65868","747","4","40","2014-04-02 00:00:00","2014-04-13 00:00:00","2014-04-05 00:00:00","2014-04-13 00:00:00","2.0000","31.5000","31.5000","2014-04-12 22:00:00"
"65868","747","6","50","2014-04-02 00:00:00","2014-04-13 00:00:00","2014-04-05 00:00:00","2014-04-13 00:00:00","3.0000","36.7500","36.7500","2014-04-12 22:00:00"
"65868","747","7","60","2014-04-02 00:00:00","2014-04-13 00:00:00","2014-04-05 00:00:00","2014-04-13 00:00:00","4.0000","49.0000","49.0000","2014-04-12 22:00:00"
"65869","748","1","10","2014-04-02 00:00:00","2014-04-13 00:00:00","2014-04-05 00:00:00","2014-04-13 00:00:00","4.1000","92.2500","92.2500","2014-04-12 22:00:00"
"65869","748","2","20","2014-04-02 00:00:00","2014-04-13 00:00:00","2014-04-05 00:00:00","2014-04-13 00:00:00","3.5000","87.5000","87.5000","2014-04-12 22:00:00"
"65869","748","3","30","2014-04-02 00:00:00","2014-04-13 00:00:00","2014-04-05 00:00:00","2014-04-13 00:00:00","1.0000","14.5000","14.5000","2014-04-12 22:00:00"
"65869","748","5","45","2014-04-02 00:00:00","2014-04-13 00:00:00","2014-04-05 00:00:00","2014-04-13 00:00:00","2.0000","36.0000","36.0000","2014-04-12 22:00:00"
"65869","748","6","50","2014-04-02 00:00:00","2014-04-13 00:00:00","2014-04-05 00:00:00","2014-04-13 00:00:00","3.0000","36.7500","36.7500","2014-04-12 22:00:00"
"65869","748","7","60","2014-04-02 00:00:00","2014-04-13 00:00:00","2014-04-05 00:00:00","2014-04-13 00:00:00","4.0000","49.0000","49.0000","2014-04-12 22:00:00"
"65870","805","6","50","2014-04-02 00:00:00","2014-04-13 00:00:00","2014-04-05 00:00:00","2014-04-13 00:00:00","3.0000","36.7500","36.7500","2014-04-12 22:00:00"
"65871","806","6","50","2014-04-02 00:00:00","2014-04-13 00:00:00","2014-04-05 00:00:00","2014-04-13 00:00:00","3.0000","36.7500","36.7500","2014-04-12 22:00:00"
"65872","808","1","10","2014-04-02 00:00:00","2014-04-13 00:00:00","2014-04-05 00:00:00","2014-04-13 00:00:00","4.1000","92.2500","92.2500","2014-04-12 22:00:00"
"65872","808","2","20","2014-04-02 00:00:00","2014-04-13 00:00:00","2014-04-05 00:00:00","2014-04-13 00:00:00","3.5000","87.5000","87.5000","2014-04-12 22:00:00"
"65872","808","6","50","2014-04-02 00:00:00","2014-04-13 00:00:00","2014-04-05 00:00:00","2014-04-13 00:00:00","3.0000","36.7500","36.7500","2014-04-12 22:00:00"
"65873","810","1","10","2014-04-02 00:00:00","2014-04-13 00:00:00","2014-04-05 00:00:00","2014-04-13 00:00:00","4.1000","92.2500","92.2500","2014-04-12 22:00:00"
"65873","810","2","20","2014-04-02 00:00:00","2014-04-13 00:00:00","2014-04-05 00:00:00","2014-04-13 00:00:00","3.5000","87.5000","87.5000","2014-04-12 22:00:00"
"65873","810","6","50","2014-04-02 00:00:00","2014-04-13 00:00:00","2014-04-05 00:00:00","2014-04-13 00:00:00","3.0000","36.7500","36.7500","2014-04-12 22:00:00"
"65874","811","1","10","2014-04-02 00:00:00","2014-04-13 00:00:00","2014-04-05 00:00:00","2014-04-13 00:00:00","4.1000","92.2500","92.2500","2014-04-12 22:00:00"
"65874","811","2","20","2014-04-02 00:00:00","2014-04-13 00:00:00","2014-04-05 00:00:00","2014-04-13 00:00:00","3.5000","87.5000","87.5000","2014-04-12 22:00:00"
"65874","811","6","50","2014-04-02 00:00:00","2014-04-13 00:00:00","2014-04-05 00:00:00","2014-04-13 00:00:00","3.0000","36.7500","36.7500","2014-04-12 22:00:00"
"65875","812","1","10","2014-04-02 00:00:00","2014-04-13 00:00:00","2014-04-05 00:00:00","2014-04-13 00:00:00","4.1000","92.2500","92.2500","2014-04-12 22:00:00"
"65875","812","2","20","2014-04-02 00:00:00","2014-04-13 00:00:00","2014-04-05 00:00:00","2014-04-13 00:00:00","3.5000","87.5000","87.5000","2014-04-12 22:00:00"
"65875","812","6","50","2014-04-02 00:00:00","2014-04-13 00:00:00","2014-04-05 00:00:00","2014-04-13 00:00:00","3.0000","36.7500","36.7500","2014-04-12 22:00:00"
"65876","813","1","10","2014-04-02 00:00:00","2014-04-13 00:00:00","2014-04-05 00:00:00","2014-04-13 00:00:00","4.1000","92.2500","92.2500","2014-04-12 22:00:00"
"65876","813","2","20","2014-04-02 00:00:00","2014-04-13 00:00:00","2014-04-05 00:00:00","2014-04-13 00:00:00","3.5000","87.5000","87.5000","2014-04-12 22:00:00"
"65876","813","6","50","2014-04-02 00:00:00","2014-04-13 00:00:00","2014-04-05 00:00:00","2014-04-13 00:00:00","3.0000","36.7500","36.7500","2014-04-12 22:00:00"
"65877","815","6","50","2014-04-02 00:00:00","2014-04-13 00:00:00","2014-04-05 00:00:00","2014-04-13 00:00:00","3.0000","36.7500","36.7500","2014-04-12 22:00:00"
"65878","816","6","50","2014-04-02 00:00:00","2014-04-13 00:00:00","2014-04-05 00:00:00","2014-04-13 00:00:00","3.0000","36.7500","36.7500","2014-04-12 22:00:00"
"65879","818","6","50","2014-04-02 00:00:00","2014-04-13 00:00:00","2014-04-05 00:00:00","2014-04-13 00:00:00","3.0000","36.7500","36.7500","2014-04-12 22:00:00"
"65880","819","6","50","2014-04-02 00:00:00","2014-04-13 00:00:00","2014-04-05 00:00:00","2014-04-13 00:00:00","3.0000","36.7500","36.7500","2014-04-12 22:00:00"
"65881","820","6","50","2014-04-02 00:00:00","2014-04-13 00:00:00","2014-04-05 00:00:00","2014-04-13 00:00:00","3.0000","36.7500","36.7500","2014-04-12 22:00:00"
"65882","821","6","50","2014-04-02 00:00:00","2014-04-13 00:00:00","2014-04-05 00:00:00","2014-04-13 00:00:00","3.0000","36.7500","36.7500","2014-04-12 22:00:00"
"65883","822","1","10","2014-04-02 00:00:00","2014-04-13 00:00:00","2014-04-05 00:00:00","2014-04-13 00:00:00","4.1000","92.2500","92.2500","2014-04-12 22:00:00"
"65883","822","2","20","2014-04-02 00:00:00","2014-04-13 00:00:00","2014-04-05 00:00:00","2014-04-13 00:00:00","3.5000","87.5000","87.5000","2014-04-12 22:00:00"
"65883","822","3","30","2014-04-02 00:00:00","2014-04-13 00:00:00","2014-04-05 00:00:00","2014-04-13 00:00:00","1.0000","14.5000","14.5000","2014-04-12 22:00:00"
"65883","822","4","40","2014-04-02 00:00:00","2014-04-13 00:00:00","2014-04-05 00:00:00","2014-04-13 00:00:00","2.0000","31.5000","31.5000","2014-04-12 22:00:00"
"65883","822","6","50","2014-04-02 00:00:00","2014-04-13 00:00:00","2014-04-05 00:00:00","2014-04-13 00:00:00","3.0000","36.7500","36.7500","2014-04-12 22:00:00"
"65883","822","7","60","2014-04-02 00:00:00","2014-04-13 00:00:00","2014-04-05 00:00:00","2014-04-13 00:00:00","4.0000","49.0000","49.0000","2014-04-12 22:00:00"
"65884","823","6","50","2014-04-02 00:00:00","2014-04-13 00:00:00","2014-04-05 00:00:00","2014-04-13 00:00:00","3.0000","36.7500","36.7500","2014-04-12 22:00:00"
"65885","824","6","50","2014-04-02 00:00:00","2014-04-13 00:00:00","2014-04-05 00:00:00","2014-04-13 00:00:00","3.0000","36.7500","36.7500","2014-04-12 22:00:00"
"65886","826","6","50","2014-04-02 00:00:00","2014-04-13 00:00:00","2014-04-05 00:00:00","2014-04-13 00:00:00","3.0000","36.7500","36.7500","2014-04-12 22:00:00"
"65887","827","6","50","2014-04-02 00:00:00","2014-04-13 00:00:00","2014-04-05 00:00:00","2014-04-13 00:00:00","3.0000","36.7500","36.7500","2014-04-12 22:00:00"
"65888","828","6","50","2014-04-02 00:00:00","2014-04-13 00:00:00","2014-04-05 00:00:00","2014-04-13 00:00:00","3.0000","36.7500","36.7500","2014-04-12 22:00:00"
"65889","829","6","50","2014-04-02 00:00:00","2014-04-13 00:00:00","2014-04-05 00:00:00","2014-04-13 00:00:00","3.0000","36.7500","36.7500","2014-04-12 22:00:00"
"65899","894","6","50","2014-04-02 00:00:00","2014-04-13 00:00:00","2014-04-05 00:00:00","2014-04-13 00:00:00","3.0000","36.7500","36.7500","2014-04-12 22:00:00"
"65905","945","1","10","2014-04-02 00:00:00","2014-04-13 00:00:00","2014-04-05 00:00:00","2014-04-13 00:00:00","4.1000","92.2500","92.2500","2014-04-12 22:00:00"
"65905","945","6","50","2014-04-02 00:00:00","2014-04-13 00:00:00","2014-04-05 00:00:00","2014-04-13 00:00:00","3.0000","36.7500","36.7500","2014-04-12 22:00:00"
"65906","947","1","10","2014-04-02 00:00:00","2014-04-13 00:00:00","2014-04-05 00:00:00","2014-04-13 00:00:00","4.1000","92.2500","92.2500","2014-04-12 22:00:00"
"65906","947","2","20","2014-04-02 00:00:00","2014-04-13 00:00:00","2014-04-05 00:00:00","2014-04-13 00:00:00","3.5000","87.5000","87.5000","2014-04-12 22:00:00"
"65906","947","6","50","2014-04-02 00:00:00","2014-04-13 00:00:00","2014-04-05 00:00:00","2014-04-13 00:00:00","3.0000","36.7500","36.7500","2014-04-12 22:00:00"
"65907","949","6","50","2014-04-02 00:00:00","2014-04-13 00:00:00","2014-04-05 00:00:00","2014-04-13 00:00:00","3.0000","36.7500","36.7500","2014-04-12 22:00:00"
"65908","950","6","50","2014-04-02 00:00:00","2014-04-13 00:00:00","2014-04-05 00:00:00","2014-04-13 00:00:00","3.0000","36.7500","36.7500","2014-04-12 22:00:00"
"65909","994","6","50","2014-04-02 00:00:00","2014-04-13 00:00:00","2014-04-05 00:00:00","2014-04-13 00:00:00","3.0000","36.7500","36.7500","2014-04-12 22:00:00"
"65910","995","6","50","2014-04-02 00:00:00","2014-04-13 00:00:00","2014-04-05 00:00:00","2014-04-13 00:00:00","3.0000","36.7500","36.7500","2014-04-12 22:00:00"
"65911","996","6","50","2014-04-02 00:00:00","2014-04-13 00:00:00","2014-04-05 00:00:00","2014-04-13 00:00:00","3.0000","36.7500","36.7500","2014-04-12 22:00:00"
"65926","802","1","10","2014-04-02 00:00:00","2014-04-13 00:00:00","2014-04-05 00:00:00","2014-04-13 00:00:00","4.1000","92.2500","92.2500","2014-04-12 22:00:00"
"65926","802","6","50","2014-04-02 00:00:00","2014-04-13 00:00:00","2014-04-05 00:00:00","2014-04-13 00:00:00","3.0000","36.7500","36.7500","2014-04-12 22:00:00"
"65927","803","1","10","2014-04-02 00:00:00","2014-04-13 00:00:00","2014-04-05 00:00:00","2014-04-13 00:00:00","4.1000","92.2500","92.2500","2014-04-12 22:00:00"
"65927","803","6","50","2014-04-02 00:00:00","2014-04-13 00:00:00","2014-04-05 00:00:00","2014-04-13 00:00:00","3.0000","36.7500","36.7500","2014-04-12 22:00:00"
"65928","804","1","10","2014-04-02 00:00:00","2014-04-13 00:00:00","2014-04-05 00:00:00","2014-04-13 00:00:00","4.1000","92.2500","92.2500","2014-04-12 22:00:00"
"65928","804","6","50","2014-04-02 00:00:00","2014-04-13 00:00:00","2014-04-05 00:00:00","2014-04-13 00:00:00","3.0000","36.7500","36.7500","2014-04-12 22:00:00"
"65940","747","1","10","2014-04-03 00:00:00","2014-04-14 00:00:00","2014-04-03 00:00:00","2014-04-19 00:00:00","4.1000","92.2500","92.2500","2014-04-18 22:00:00"
"65940","747","2","20","2014-04-03 00:00:00","2014-04-14 00:00:00","2014-04-03 00:00:00","2014-04-19 00:00:00","3.5000","87.5000","87.5000","2014-04-18 22:00:00"
"65940","747","3","30","2014-04-03 00:00:00","2014-04-14 00:00:00","2014-04-03 00:00:00","2014-04-19 00:00:00","1.0000","14.5000","14.5000","2014-04-18 22:00:00"
"65940","747","4","40","2014-04-03 00:00:00","2014-04-14 00:00:00","2014-04-03 00:00:00","2014-04-19 00:00:00","2.0000","31.5000","31.5000","2014-04-18 22:00:00"
"65940","747","6","50","2014-04-03 00:00:00","2014-04-14 00:00:00","2014-04-03 00:00:00","2014-04-19 00:00:00","3.0000","36.7500","36.7500","2014-04-18 22:00:00"
"65940","747","7","60","2014-04-03 00:00:00","2014-04-14 00:00:00","2014-04-03 00:00:00","2014-04-19 00:00:00","4.0000","49.0000","49.0000","2014-04-18 22:00:00"
"65941","748","1","10","2014-04-03 00:00:00","2014-04-14 00:00:00","2014-04-03 00:00:00","2014-04-19 00:00:00","4.1000","92.2500","92.2500","2014-04-18 22:00:00"
"65941","748","2","20","2014-04-03 00:00:00","2014-04-14 00:00:00","2014-04-03 00:00:00","2014-04-19 00:00:00","3.5000","87.5000","87.5000","2014-04-18 22:00:00"
"65941","748","3","30","2014-04-03 00:00:00","2014-04-14 00:00:00","2014-04-03 00:00:00","2014-04-19 00:00:00","1.0000","14.5000","14.5000","2014-04-18 22:00:00"
"65941","748","5","45","2014-04-03 00:00:00","2014-04-14 00:00:00","2014-04-03 00:00:00","2014-04-19 00:00:00","2.0000","36.0000","36.0000","2014-04-18 22:00:00"
"65941","748","6","50","2014-04-03 00:00:00","2014-04-14 00:00:00","2014-04-03 00:00:00","2014-04-19 00:00:00","3.0000","36.7500","36.7500","2014-04-18 22:00:00"
"65941","748","7","60","2014-04-03 00:00:00","2014-04-14 00:00:00","2014-04-03 00:00:00","2014-04-19 00:00:00","4.0000","49.0000","49.0000","2014-04-18 22:00:00"
"65942","779","7","60","2014-04-03 00:00:00","2014-04-14 00:00:00","2014-04-03 00:00:00","2014-04-19 00:00:00","4.0000","49.0000","49.0000","2014-04-18 22:00:00"
"65943","780","7","60","2014-04-03 00:00:00","2014-04-14 00:00:00","2014-04-03 00:00:00","2014-04-19 00:00:00","4.0000","49.0000","49.0000","2014-04-18 22:00:00"
"65944","781","7","60","2014-04-03 00:00:00","2014-04-14 00:00:00","2014-04-03 00:00:00","2014-04-19 00:00:00","4.0000","49.0000","49.0000","2014-04-18 22:00:00"
"65945","782","7","60","2014-04-03 00:00:00","2014-04-14 00:00:00","2014-04-03 00:00:00","2014-04-19 00:00:00","4.0000","49.0000","49.0000","2014-04-18 22:00:00"
"65946","783","7","60","2014-04-03 00:00:00","2014-04-14 00:00:00","2014-04-03 00:00:00","2014-04-19 00:00:00","4.0000","49.0000","49.0000","2014-04-18 22:00:00"
"65947","784","7","60","2014-04-03 00:00:00","2014-04-14 00:00:00","2014-04-03 00:00:00","2014-04-19 00:00:00","4.0000","49.0000","49.0000","2014-04-18 22:00:00"
"65948","792","7","60","2014-04-03 00:00:00","2014-04-14 00:00:00","2014-04-03 00:00:00","2014-04-19 00:00:00","4.0000","49.0000","49.0000","2014-04-18 22:00:00"
"65949","793","7","60","2014-04-03 00:00:00","2014-04-14 00:00:00","2014-04-03 00:00:00","2014-04-19 00:00:00","4.0000","49.0000","49.0000","2014-04-18 22:00:00"
"65950","794","7","60","2014-04-03 00:00:00","2014-04-14 00:00:00","2014-04-03 00:00:00","2014-04-19 00:00:00","4.0000","49.0000","49.0000","2014-04-18 22:00:00"
"65951","795","7","60","2014-04-03 00:00:00","2014-04-14 00:00:00","2014-04-03 00:00:00","2014-04-19 00:00:00","4.0000","49.0000","49.0000","2014-04-18 22:00:00"
"65952","796","7","60","2014-04-03 00:00:00","2014-04-14 00:00:00","2014-04-03 00:00:00","2014-04-19 00:00:00","4.0000","49.0000","49.0000","2014-04-18 22:00:00"
"65953","797","7","60","2014-04-03 00:00:00","2014-04-14 00:00:00","2014-04-03 00:00:00","2014-04-19 00:00:00","4.0000","49.0000","49.0000","2014-04-18 22:00:00"
"65954","798","7","60","2014-04-03 00:00:00","2014-04-14 00:00:00","2014-04-03 00:00:00","2014-04-19 00:00:00","4.0000","49.0000","49.0000","2014-04-18 22:00:00"
"65955","799","7","60","2014-04-03 00:00:00","2014-04-14 00:00:00","2014-04-03 00:00:00","2014-04-19 00:00:00","4.0000","49.0000","49.0000","2014-04-18 22:00:00"
"65956","800","7","60","2014-04-03 00:00:00","2014-04-14 00:00:00","2014-04-03 00:00:00","2014-04-19 00:00:00","4.0000","49.0000","49.0000","2014-04-18 22:00:00"
"65957","801","7","60","2014-04-03 00:00:00","2014-04-14 00:00:00","2014-04-03 00:00:00","2014-04-19 00:00:00","4.0000","49.0000","49.0000","2014-04-18 22:00:00"
"65958","808","1","10","2014-04-03 00:00:00","2014-04-14 00:00:00","2014-04-03 00:00:00","2014-04-19 00:00:00","4.1000","92.2500","92.2500","2014-04-18 22:00:00"
"65958","808","2","20","2014-04-03 00:00:00","2014-04-14 00:00:00","2014-04-03 00:00:00","2014-04-19 00:00:00","3.5000","87.5000","87.5000","2014-04-18 22:00:00"
"65958","808","6","50","2014-04-03 00:00:00","2014-04-14 00:00:00","2014-04-03 00:00:00","2014-04-19 00:00:00","3.0000","36.7500","36.7500","2014-04-18 22:00:00"
"65959","809","1","10","2014-04-03 00:00:00","2014-04-14 00:00:00","2014-04-03 00:00:00","2014-04-19 00:00:00","4.1000","92.2500","92.2500","2014-04-18 22:00:00"
"65959","809","2","20","2014-04-03 00:00:00","2014-04-14 00:00:00","2014-04-03 00:00:00","2014-04-19 00:00:00","3.5000","87.5000","87.5000","2014-04-18 22:00:00"
"65959","809","6","50","2014-04-03 00:00:00","2014-04-14 00:00:00","2014-04-03 00:00:00","2014-04-19 00:00:00","3.0000","36.7500","36.7500","2014-04-18 22:00:00"
"65960","810","1","10","2014-04-03 00:00:00","2014-04-14 00:00:00","2014-04-03 00:00:00","2014-04-19 00:00:00","4.1000","92.2500","92.2500","2014-04-18 22:00:00"
"65960","810","2","20","2014-04-03 00:00:00","2014-04-14 00:00:00","2014-04-03 00:00:00","2014-04-19 00:00:00","3.5000","87.5000","87.5000","2014-04-18 22:00:00"
"65960","810","6","50","2014-04-03 00:00:00","2014-04-14 00:00:00","2014-04-03 00:00:00","2014-04-19 00:00:00","3.0000","36.7500","36.7500","2014-04-18 22:00:00"
"65961","813","1","10","2014-04-03 00:00:00","2014-04-14 00:00:00","2014-04-03 00:00:00","2014-04-19 00:00:00","4.1000","92.2500","92.2500","2014-04-18 22:00:00"
"65961","813","2","20","2014-04-03 00:00:00","2014-04-14 00:00:00","2014-04-03 00:00:00","2014-04-19 00:00:00","3.5000","87.5000","87.5000","2014-04-18 22:00:00"
"65961","813","6","50","2014-04-03 00:00:00","2014-04-14 00:00:00","2014-04-03 00:00:00","2014-04-19 00:00:00","3.0000","36.7500","36.7500","2014-04-18 22:00:00"
"65962","822","1","10","2014-04-03 00:00:00","2014-04-14 00:00:00","2014-04-03 00:00:00","2014-04-19 00:00:00","4.1000","92.2500","92.2500","2014-04-18 22:00:00"
"65962","822","2","20","2014-04-03 00:00:00","2014-04-14 00:00:00","2014-04-03 00:00:00","2014-04-19 00:00:00","3.5000","87.5000","87.5000","2014-04-18 22:00:00"
"65962","822","3","30","2014-04-03 00:00:00","2014-04-14 00:00:00","2014-04-03 00:00:00","2014-04-19 00:00:00","1.0000","14.5000","14.5000","2014-04-18 22:00:00"
"65962","822","4","40","2014-04-03 00:00:00","2014-04-14 00:00:00","2014-04-03 00:00:00","2014-04-19 00:00:00","2.0000","31.5000","31.5000","2014-04-18 22:00:00"
"65962","822","6","50","2014-04-03 00:00:00","2014-04-14 00:00:00","2014-04-03 00:00:00","2014-04-19 00:00:00","3.0000","36.7500","36.7500","2014-04-18 22:00:00"
"65962","822","7","60","2014-04-03 00:00:00","2014-04-14 00:00:00","2014-04-03 00:00:00","2014-04-19 00:00:00","4.0000","49.0000","49.0000","2014-04-18 22:00:00"
"65975","894","6","50","2014-04-03 00:00:00","2014-04-14 00:00:00","2014-04-03 00:00:00","2014-04-19 00:00:00","3.0000","36.7500","36.7500","2014-04-18 22:00:00"
"65989","944","1","10","2014-04-03 00:00:00","2014-04-14 00:00:00","2014-04-03 00:00:00","2014-04-19 00:00:00","4.1000","92.2500","92.2500","2014-04-18 22:00:00"
"65989","944","2","20","2014-04-03 00:00:00","2014-04-14 00:00:00","2014-04-03 00:00:00","2014-04-19 00:00:00","3.5000","87.5000","87.5000","2014-04-18 22:00:00"
"65989","944","3","30","2014-04-03 00:00:00","2014-04-14 00:00:00","2014-04-03 00:00:00","2014-04-19 00:00:00","1.0000","14.5000","14.5000","2014-04-18 22:00:00"
"65989","944","5","45","2014-04-03 00:00:00","2014-04-14 00:00:00","2014-04-03 00:00:00","2014-04-19 00:00:00","2.0000","36.0000","36.0000","2014-04-18 22:00:00"
"65989","944","6","50","2014-04-03 00:00:00","2014-04-14 00:00:00","2014-04-03 00:00:00","2014-04-19 00:00:00","3.0000","36.7500","36.7500","2014-04-18 22:00:00"
"65989","944","7","60","2014-04-03 00:00:00","2014-04-14 00:00:00","2014-04-03 00:00:00","2014-04-19 00:00:00","4.0000","49.0000","49.0000","2014-04-18 22:00:00"
"65990","945","1","10","2014-04-03 00:00:00","2014-04-14 00:00:00","2014-04-03 00:00:00","2014-04-19 00:00:00","4.1000","92.2500","92.2500","2014-04-18 22:00:00"
"65990","945","6","50","2014-04-03 00:00:00","2014-04-14 00:00:00","2014-04-03 00:00:00","2014-04-19 00:00:00","3.0000","36.7500","36.7500","2014-04-18 22:00:00"
"65991","947","1","10","2014-04-03 00:00:00","2014-04-14 00:00:00","2014-04-03 00:00:00","2014-04-19 00:00:00","4.1000","92.2500","92.2500","2014-04-18 22:00:00"
"65991","947","2","20","2014-04-03 00:00:00","2014-04-14 00:00:00","2014-04-03 00:00:00","2014-04-19 00:00:00","3.5000","87.5000","87.5000","2014-04-18 22:00:00"
"65991","947","6","50","2014-04-03 00:00:00","2014-04-14 00:00:00","2014-04-03 00:00:00","2014-04-19 00:00:00","3.0000","36.7500","36.7500","2014-04-18 22:00:00"
"65992","949","6","50","2014-04-03 00:00:00","2014-04-14 00:00:00","2014-04-03 00:00:00","2014-04-19 00:00:00","3.0000","36.7500","36.7500","2014-04-18 22:00:00"
"65993","951","6","50","2014-04-03 00:00:00","2014-04-14 00:00:00","2014-04-03 00:00:00","2014-04-19 00:00:00","3.0000","36.7500","36.7500","2014-04-18 22:00:00"
"65994","953","7","60","2014-04-03 00:00:00","2014-04-14 00:00:00","2014-04-03 00:00:00","2014-04-19 00:00:00","4.0000","49.0000","49.0000","2014-04-18 22:00:00"
"65995","954","7","60","2014-04-03 00:00:00","2014-04-14 00:00:00","2014-04-03 00:00:00","2014-04-19 00:00:00","4.0000","49.0000","49.0000","2014-04-18 22:00:00"
"65996","955","7","60","2014-04-03 00:00:00","2014-04-14 00:00:00","2014-04-03 00:00:00","2014-04-19 00:00:00","4.0000","49.0000","49.0000","2014-04-18 22:00:00"
"65997","956","7","60","2014-04-03 00:00:00","2014-04-14 00:00:00","2014-04-03 00:00:00","2014-04-19 00:00:00","4.0000","49.0000","49.0000","2014-04-18 22:00:00"
"65998","957","7","60","2014-04-03 00:00:00","2014-04-14 00:00:00","2014-04-03 00:00:00","2014-04-19 00:00:00","4.0000","49.0000","49.0000","2014-04-18 22:00:00"
"65999","958","7","60","2014-04-03 00:00:00","2014-04-14 00:00:00","2014-04-03 00:00:00","2014-04-19 00:00:00","4.0000","49.0000","49.0000","2014-04-18 22:00:00"
"66000","959","7","60","2014-04-03 00:00:00","2014-04-14 00:00:00","2014-04-03 00:00:00","2014-04-19 00:00:00","4.0000","49.0000","49.0000","2014-04-18 22:00:00"
"66001","960","7","60","2014-04-03 00:00:00","2014-04-14 00:00:00","2014-04-03 00:00:00","2014-04-19 00:00:00","4.0000","49.0000","49.0000","2014-04-18 22:00:00"
"66002","961","7","60","2014-04-03 00:00:00","2014-04-14 00:00:00","2014-04-03 00:00:00","2014-04-19 00:00:00","4.0000","49.0000","49.0000","2014-04-18 22:00:00"
"66003","962","7","60","2014-04-03 00:00:00","2014-04-14 00:00:00","2014-04-03 00:00:00","2014-04-19 00:00:00","4.0000","49.0000","49.0000","2014-04-18 22:00:00"
"66004","963","7","60","2014-04-03 00:00:00","2014-04-14 00:00:00","2014-04-03 00:00:00","2014-04-19 00:00:00","4.0000","49.0000","49.0000","2014-04-18 22:00:00"
"66005","964","7","60","2014-04-03 00:00:00","2014-04-14 00:00:00","2014-04-03 00:00:00","2014-04-19 00:00:00","4.0000","49.0000","49.0000","2014-04-18 22:00:00"
"66006","965","7","60","2014-04-03 00:00:00","2014-04-14 00:00:00","2014-04-03 00:00:00","2014-04-19 00:00:00","4.0000","49.0000","49.0000","2014-04-18 22:00:00"
"66007","966","7","60","2014-04-03 00:00:00","2014-04-14 00:00:00","2014-04-03 00:00:00","2014-04-19 00:00:00","4.0000","49.0000","49.0000","2014-04-18 22:00:00"
"66008","967","7","60","2014-04-03 00:00:00","2014-04-14 00:00:00","2014-04-03 00:00:00","2014-04-19 00:00:00","4.0000","49.0000","49.0000","2014-04-18 22:00:00"
"66009","968","7","60","2014-04-03 00:00:00","2014-04-14 00:00:00","2014-04-03 00:00:00","2014-04-19 00:00:00","4.0000","49.0000","49.0000","2014-04-18 22:00:00"
"66010","969","7","60","2014-04-03 00:00:00","2014-04-14 00:00:00","2014-04-03 00:00:00","2014-04-19 00:00:00","4.0000","49.0000","49.0000","2014-04-18 22:00:00"
"66011","970","7","60","2014-04-03 00:00:00","2014-04-14 00:00:00","2014-04-03 00:00:00","2014-04-19 00:00:00","4.0000","49.0000","49.0000","2014-04-18 22:00:00"
"66012","971","7","60","2014-04-03 00:00:00","2014-04-14 00:00:00","2014-04-03 00:00:00","2014-04-19 00:00:00","4.0000","49.0000","49.0000","2014-04-18 22:00:00"
"66013","972","7","60","2014-04-03 00:00:00","2014-04-14 00:00:00","2014-04-03 00:00:00","2014-04-19 00:00:00","4.0000","49.0000","49.0000","2014-04-18 22:00:00"
"66014","973","7","60","2014-04-03 00:00:00","2014-04-14 00:00:00","2014-04-03 00:00:00","2014-04-19 00:00:00","4.0000","49.0000","49.0000","2014-04-18 22:00:00"
"66015","974","7","60","2014-04-03 00:00:00","2014-04-14 00:00:00","2014-04-03 00:00:00","2014-04-19 00:00:00","4.0000","49.0000","49.0000","2014-04-18 22:00:00"
"66016","975","7","60","2014-04-03 00:00:00","2014-04-14 00:00:00","2014-04-03 00:00:00","2014-04-19 00:00:00","4.0000","49.0000","49.0000","2014-04-18 22:00:00"
"66017","976","7","60","2014-04-03 00:00:00","2014-04-14 00:00:00","2014-04-03 00:00:00","2014-04-19 00:00:00","4.0000","49.0000","49.0000","2014-04-18 22:00:00"
"66018","977","7","60","2014-04-03 00:00:00","2014-04-14 00:00:00","2014-04-03 00:00:00","2014-04-19 00:00:00","4.0000","49.0000","49.0000","2014-04-18 22:00:00"
"66019","978","7","60","2014-04-03 00:00:00","2014-04-14 00:00:00","2014-04-03 00:00:00","2014-04-19 00:00:00","4.0000","49.0000","49.0000","2014-04-18 22:00:00"
"66020","979","7","60","2014-04-03 00:00:00","2014-04-14 00:00:00","2014-04-03 00:00:00","2014-04-19 00:00:00","4.0000","49.0000","49.0000","2014-04-18 22:00:00"
"66021","980","7","60","2014-04-03 00:00:00","2014-04-14 00:00:00","2014-04-03 00:00:00","2014-04-19 00:00:00","4.0000","49.0000","49.0000","2014-04-18 22:00:00"
"66022","981","7","60","2014-04-03 00:00:00","2014-04-14 00:00:00","2014-04-03 00:00:00","2014-04-19 00:00:00","4.0000","49.0000","49.0000","2014-04-18 22:00:00"
"66023","982","7","60","2014-04-03 00:00:00","2014-04-14 00:00:00","2014-04-03 00:00:00","2014-04-19 00:00:00","4.0000","49.0000","49.0000","2014-04-18 22:00:00"
"66024","983","7","60","2014-04-03 00:00:00","2014-04-14 00:00:00","2014-04-03 00:00:00","2014-04-19 00:00:00","4.0000","49.0000","49.0000","2014-04-18 22:00:00"
"66025","984","7","60","2014-04-03 00:00:00","2014-04-14 00:00:00","2014-04-03 00:00:00","2014-04-19 00:00:00","4.0000","49.0000","49.0000","2014-04-18 22:00:00"
"66026","985","7","60","2014-04-03 00:00:00","2014-04-14 00:00:00","2014-04-03 00:00:00","2014-04-19 00:00:00","4.0000","49.0000","49.0000","2014-04-18 22:00:00"
"66027","986","7","60","2014-04-03 00:00:00","2014-04-14 00:00:00","2014-04-03 00:00:00","2014-04-19 00:00:00","4.0000","49.0000","49.0000","2014-04-18 22:00:00"
"66028","987","7","60","2014-04-03 00:00:00","2014-04-14 00:00:00","2014-04-03 00:00:00","2014-04-19 00:00:00","4.0000","49.0000","49.0000","2014-04-18 22:00:00"
"66029","988","7","60","2014-04-03 00:00:00","2014-04-14 00:00:00","2014-04-03 00:00:00","2014-04-19 00:00:00","4.0000","49.0000","49.0000","2014-04-18 22:00:00"
"66030","989","7","60","2014-04-03 00:00:00","2014-04-14 00:00:00","2014-04-03 00:00:00","2014-04-19 00:00:00","4.0000","49.0000","49.0000","2014-04-18 22:00:00"
"66031","990","7","60","2014-04-03 00:00:00","2014-04-14 00:00:00","2014-04-03 00:00:00","2014-04-19 00:00:00","4.0000","49.0000","49.0000","2014-04-18 22:00:00"
"66032","991","7","60","2014-04-03 00:00:00","2014-04-14 00:00:00","2014-04-03 00:00:00","2014-04-19 00:00:00","4.0000","49.0000","49.0000","2014-04-18 22:00:00"
"66033","992","7","60","2014-04-03 00:00:00","2014-04-14 00:00:00","2014-04-03 00:00:00","2014-04-19 00:00:00","4.0000","49.0000","49.0000","2014-04-18 22:00:00"
"66034","993","7","60","2014-04-03 00:00:00","2014-04-14 00:00:00","2014-04-03 00:00:00","2014-04-19 00:00:00","4.0000","49.0000","49.0000","2014-04-18 22:00:00"
"66035","994","6","50","2014-04-03 00:00:00","2014-04-14 00:00:00","2014-04-03 00:00:00","2014-04-19 00:00:00","3.0000","36.7500","36.7500","2014-04-18 22:00:00"
"66036","996","6","50","2014-04-03 00:00:00","2014-04-14 00:00:00","2014-04-03 00:00:00","2014-04-19 00:00:00","3.0000","36.7500","36.7500","2014-04-18 22:00:00"
"66037","997","7","60","2014-04-03 00:00:00","2014-04-14 00:00:00","2014-04-03 00:00:00","2014-04-19 00:00:00","4.0000","49.0000","49.0000","2014-04-18 22:00:00"
"66038","998","7","60","2014-04-03 00:00:00","2014-04-14 00:00:00","2014-04-03 00:00:00","2014-04-19 00:00:00","4.0000","49.0000","49.0000","2014-04-18 22:00:00"
"66039","999","7","60","2014-04-03 00:00:00","2014-04-14 00:00:00","2014-04-03 00:00:00","2014-04-19 00:00:00","4.0000","49.0000","49.0000","2014-04-18 22:00:00"
"66040","514","6","50","2014-04-03 00:00:00","2014-04-14 00:00:00","2014-04-03 00:00:00","2014-04-19 00:00:00","3.0000","36.7500","36.7500","2014-04-18 22:00:00"
"66040","514","7","60","2014-04-03 00:00:00","2014-04-14 00:00:00","2014-04-03 00:00:00","2014-04-19 00:00:00","4.0000","49.0000","49.0000","2014-04-18 22:00:00"
"66041","516","6","50","2014-04-03 00:00:00","2014-04-14 00:00:00","2014-04-03 00:00:00","2014-04-19 00:00:00","3.0000","36.7500","36.7500","2014-04-18 22:00:00"
"66041","516","7","60","2014-04-03 00:00:00","2014-04-14 00:00:00","2014-04-03 00:00:00","2014-04-19 00:00:00","4.0000","49.0000","49.0000","2014-04-18 22:00:00"
"66042","517","6","50","2014-04-03 00:00:00","2014-04-14 00:00:00","2014-04-03 00:00:00","2014-04-19 00:00:00","3.0000","36.7500","36.7500","2014-04-18 22:00:00"
"66042","517","7","60","2014-04-03 00:00:00","2014-04-14 00:00:00","2014-04-03 00:00:00","2014-04-19 00:00:00","4.0000","49.0000","49.0000","2014-04-18 22:00:00"
"66043","518","6","50","2014-04-03 00:00:00","2014-04-14 00:00:00","2014-04-03 00:00:00","2014-04-19 00:00:00","3.0000","36.7500","36.7500","2014-04-18 22:00:00"
"66043","518","7","60","2014-04-03 00:00:00","2014-04-14 00:00:00","2014-04-03 00:00:00","2014-04-19 00:00:00","4.0000","49.0000","49.0000","2014-04-18 22:00:00"
"66044","519","6","50","2014-04-03 00:00:00","2014-04-14 00:00:00","2014-04-03 00:00:00","2014-04-19 00:00:00","3.0000","36.7500","36.7500","2014-04-18 22:00:00"
"66044","519","7","60","2014-04-03 00:00:00","2014-04-14 00:00:00","2014-04-03 00:00:00","2014-04-19 00:00:00","4.0000","49.0000","49.0000","2014-04-18 22:00:00"
"66045","520","6","50","2014-04-03 00:00:00","2014-04-14 00:00:00","2014-04-03 00:00:00","2014-04-19 00:00:00","3.0000","36.7500","36.7500","2014-04-18 22:00:00"
"66045","520","7","60","2014-04-03 00:00:00","2014-04-14 00:00:00","2014-04-03 00:00:00","2014-04-19 00:00:00","4.0000","49.0000","49.0000","2014-04-18 22:00:00"
"66046","521","6","50","2014-04-03 00:00:00","2014-04-14 00:00:00","2014-04-03 00:00:00","2014-04-19 00:00:00","3.0000","36.7500","36.7500","2014-04-18 22:00:00"
"66046","521","7","60","2014-04-03 00:00:00","2014-04-14 00:00:00","2014-04-03 00:00:00","2014-04-19 00:00:00","4.0000","49.0000","49.0000","2014-04-18 22:00:00"
"66047","522","6","50","2014-04-03 00:00:00","2014-04-14 00:00:00","2014-04-03 00:00:00","2014-04-19 00:00:00","3.0000","36.7500","36.7500","2014-04-18 22:00:00"
"66047","522","7","60","2014-04-03 00:00:00","2014-04-14 00:00:00","2014-04-03 00:00:00","2014-04-19 00:00:00","4.0000","49.0000","49.0000","2014-04-18 22:00:00"
"66058","747","1","10","2014-04-03 00:00:00","2014-04-14 00:00:00","2014-04-03 00:00:00","2014-04-19 00:00:00","4.1000","92.2500","92.2500","2014-04-18 22:00:00"
"66058","747","2","20","2014-04-03 00:00:00","2014-04-14 00:00:00","2014-04-03 00:00:00","2014-04-19 00:00:00","3.5000","87.5000","87.5000","2014-04-18 22:00:00"
"66058","747","3","30","2014-04-03 00:00:00","2014-04-14 00:00:00","2014-04-03 00:00:00","2014-04-19 00:00:00","1.0000","14.5000","14.5000","2014-04-18 22:00:00"
"66058","747","4","40","2014-04-03 00:00:00","2014-04-14 00:00:00","2014-04-03 00:00:00","2014-04-19 00:00:00","2.0000","31.5000","31.5000","2014-04-18 22:00:00"
"66058","747","6","50","2014-04-03 00:00:00","2014-04-14 00:00:00","2014-04-03 00:00:00","2014-04-19 00:00:00","3.0000","36.7500","36.7500","2014-04-18 22:00:00"
"66058","747","7","60","2014-04-03 00:00:00","2014-04-14 00:00:00","2014-04-03 00:00:00","2014-04-19 00:00:00","4.0000","49.0000","49.0000","2014-04-18 22:00:00"
"66059","748","1","10","2014-04-03 00:00:00","2014-04-14 00:00:00","2014-04-03 00:00:00","2014-04-19 00:00:00","4.1000","92.2500","92.2500","2014-04-18 22:00:00"
"66059","748","2","20","2014-04-03 00:00:00","2014-04-14 00:00:00","2014-04-03 00:00:00","2014-04-19 00:00:00","3.5000","87.5000","87.5000","2014-04-18 22:00:00"
"66059","748","3","30","2014-04-03 00:00:00","2014-04-14 00:00:00","2014-04-03 00:00:00","2014-04-19 00:00:00","1.0000","14.5000","14.5000","2014-04-18 22:00:00"
"66059","748","5","45","2014-04-03 00:00:00","2014-04-14 00:00:00","2014-04-03 00:00:00","2014-04-19 00:00:00","2.0000","36.0000","36.0000","2014-04-18 22:00:00"
"66059","748","6","50","2014-04-03 00:00:00","2014-04-14 00:00:00","2014-04-03 00:00:00","2014-04-19 00:00:00","3.0000","36.7500","36.7500","2014-04-18 22:00:00"
"66059","748","7","60","2014-04-03 00:00:00","2014-04-14 00:00:00","2014-04-03 00:00:00","2014-04-19 00:00:00","4.0000","49.0000","49.0000","2014-04-18 22:00:00"
"66060","805","6","50","2014-04-03 00:00:00","2014-04-14 00:00:00","2014-04-03 00:00:00","2014-04-19 00:00:00","3.0000","36.7500","36.7500","2014-04-18 22:00:00"
"66061","806","6","50","2014-04-03 00:00:00","2014-04-14 00:00:00","2014-04-03 00:00:00","2014-04-19 00:00:00","3.0000","36.7500","36.7500","2014-04-18 22:00:00"
"66062","807","6","50","2014-04-03 00:00:00","2014-04-14 00:00:00","2014-04-03 00:00:00","2014-04-19 00:00:00","3.0000","36.7500","36.7500","2014-04-18 22:00:00"
"66063","808","1","10","2014-04-03 00:00:00","2014-04-14 00:00:00","2014-04-03 00:00:00","2014-04-19 00:00:00","4.1000","92.2500","92.2500","2014-04-18 22:00:00"
"66063","808","2","20","2014-04-03 00:00:00","2014-04-14 00:00:00","2014-04-03 00:00:00","2014-04-19 00:00:00","3.5000","87.5000","87.5000","2014-04-18 22:00:00"
"66063","808","6","50","2014-04-03 00:00:00","2014-04-14 00:00:00","2014-04-03 00:00:00","2014-04-19 00:00:00","3.0000","36.7500","36.7500","2014-04-18 22:00:00"
"66064","810","1","10","2014-04-03 00:00:00","2014-04-14 00:00:00","2014-04-03 00:00:00","2014-04-19 00:00:00","4.1000","92.2500","92.2500","2014-04-18 22:00:00"
"66064","810","2","20","2014-04-03 00:00:00","2014-04-14 00:00:00","2014-04-03 00:00:00","2014-04-19 00:00:00","3.5000","87.5000","87.5000","2014-04-18 22:00:00"
"66064","810","6","50","2014-04-03 00:00:00","2014-04-14 00:00:00","2014-04-03 00:00:00","2014-04-19 00:00:00","3.0000","36.7500","36.7500","2014-04-18 22:00:00"
"66065","811","1","10","2014-04-03 00:00:00","2014-04-14 00:00:00","2014-04-03 00:00:00","2014-04-19 00:00:00","4.1000","92.2500","92.2500","2014-04-18 22:00:00"
"66065","811","2","20","2014-04-03 00:00:00","2014-04-14 00:00:00","2014-04-03 00:00:00","2014-04-19 00:00:00","3.5000","87.5000","87.5000","2014-04-18 22:00:00"
"66065","811","6","50","2014-04-03 00:00:00","2014-04-14 00:00:00","2014-04-03 00:00:00","2014-04-19 00:00:00","3.0000","36.7500","36.7500","2014-04-18 22:00:00"
"66066","812","1","10","2014-04-03 00:00:00","2014-04-14 00:00:00","2014-04-03 00:00:00","2014-04-19 00:00:00","4.1000","92.2500","92.2500","2014-04-18 22:00:00"
"66066","812","2","20","2014-04-03 00:00:00","2014-04-14 00:00:00","2014-04-03 00:00:00","2014-04-19 00:00:00","3.5000","87.5000","87.5000","2014-04-18 22:00:00"
"66066","812","6","50","2014-04-03 00:00:00","2014-04-14 00:00:00","2014-04-03 00:00:00","2014-04-19 00:00:00","3.0000","36.7500","36.7500","2014-04-18 22:00:00"
"66067","813","1","10","2014-04-03 00:00:00","2014-04-14 00:00:00","2014-04-03 00:00:00","2014-04-19 00:00:00","4.1000","92.2500","92.2500","2014-04-18 22:00:00"
"66067","813","2","20","2014-04-03 00:00:00","2014-04-14 00:00:00","2014-04-03 00:00:00","2014-04-19 00:00:00","3.5000","87.5000","87.5000","2014-04-18 22:00:00"
"66067","813","6","50","2014-04-03 00:00:00","2014-04-14 00:00:00","2014-04-03 00:00:00","2014-04-19 00:00:00","3.0000","36.7500","36.7500","2014-04-18 22:00:00"
"66068","815","6","50","2014-04-03 00:00:00","2014-04-14 00:00:00","2014-04-03 00:00:00","2014-04-19 00:00:00","3.0000","36.7500","36.7500","2014-04-18 22:00:00"
"66069","816","6","50","2014-04-03 00:00:00","2014-04-14 00:00:00","2014-04-03 00:00:00","2014-04-19 00:00:00","3.0000","36.7500","36.7500","2014-04-18 22:00:00"
"66070","818","6","50","2014-04-03 00:00:00","2014-04-14 00:00:00","2014-04-03 00:00:00","2014-04-19 00:00:00","3.0000","36.7500","36.7500","2014-04-18 22:00:00"
"66071","819","6","50","2014-04-03 00:00:00","2014-04-14 00:00:00","2014-04-03 00:00:00","2014-04-19 00:00:00","3.0000","36.7500","36.7500","2014-04-18 22:00:00"
"66072","820","6","50","2014-04-03 00:00:00","2014-04-14 00:00:00","2014-04-03 00:00:00","2014-04-19 00:00:00","3.0000","36.7500","36.7500","2014-04-18 22:00:00"
"66073","821","6","50","2014-04-03 00:00:00","2014-04-14 00:00:00","2014-04-03 00:00:00","2014-04-19 00:00:00","3.0000","36.7500","36.7500","2014-04-18 22:00:00"
"66074","822","1","10","2014-04-03 00:00:00","2014-04-14 00:00:00","2014-04-03 00:00:00","2014-04-19 00:00:00","4.1000","92.2500","92.2500","2014-04-18 22:00:00"
"66074","822","2","20","2014-04-03 00:00:00","2014-04-14 00:00:00","2014-04-03 00:00:00","2014-04-19 00:00:00","3.5000","87.5000","87.5000","2014-04-18 22:00:00"
"66074","822","3","30","2014-04-03 00:00:00","2014-04-14 00:00:00","2014-04-03 00:00:00","2014-04-19 00:00:00","1.0000","14.5000","14.5000","2014-04-18 22:00:00"
"66074","822","4","40","2014-04-03 00:00:00","2014-04-14 00:00:00","2014-04-03 00:00:00","2014-04-19 00:00:00","2.0000","31.5000","31.5000","2014-04-18 22:00:00"
"66074","822","6","50","2014-04-03 00:00:00","2014-04-14 00:00:00","2014-04-03 00:00:00","2014-04-19 00:00:00","3.0000","36.7500","36.7500","2014-04-18 22:00:00"
"66074","822","7","60","2014-04-03 00:00:00","2014-04-14 00:00:00","2014-04-03 00:00:00","2014-04-19 00:00:00","4.0000","49.0000","49.0000","2014-04-18 22:00:00"
"66075","823","6","50","2014-04-03 00:00:00","2014-04-14 00:00:00","2014-04-03 00:00:00","2014-04-19 00:00:00","3.0000","36.7500","36.7500","2014-04-18 22:00:00"
"66076","824","6","50","2014-04-03 00:00:00","2014-04-14 00:00:00","2014-04-03 00:00:00","2014-04-19 00:00:00","3.0000","36.7500","36.7500","2014-04-18 22:00:00"
"66077","826","6","50","2014-04-03 00:00:00","2014-04-14 00:00:00","2014-04-03 00:00:00","2014-04-19 00:00:00","3.0000","36.7500","36.7500","2014-04-18 22:00:00"
"66078","827","6","50","2014-04-03 00:00:00","2014-04-14 00:00:00","2014-04-03 00:00:00","2014-04-19 00:00:00","3.0000","36.7500","36.7500","2014-04-18 22:00:00"
"66079","828","6","50","2014-04-03 00:00:00","2014-04-14 00:00:00","2014-04-03 00:00:00","2014-04-19 00:00:00","3.0000","36.7500","36.7500","2014-04-18 22:00:00"
"66080","829","6","50","2014-04-03 00:00:00","2014-04-14 00:00:00","2014-04-03 00:00:00","2014-04-19 00:00:00","3.0000","36.7500","36.7500","2014-04-18 22:00:00"
"66097","894","6","50","2014-04-03 00:00:00","2014-04-14 00:00:00","2014-04-03 00:00:00","2014-04-19 00:00:00","3.0000","36.7500","36.7500","2014-04-18 22:00:00"
"66118","942","1","10","2014-04-03 00:00:00","2014-04-14 00:00:00","2014-04-03 00:00:00","2014-04-19 00:00:00","4.1000","92.2500","92.2500","2014-04-18 22:00:00"
"66118","942","2","20","2014-04-03 00:00:00","2014-04-14 00:00:00","2014-04-03 00:00:00","2014-04-19 00:00:00","3.5000","87.5000","87.5000","2014-04-18 22:00:00"
"66118","942","3","30","2014-04-03 00:00:00","2014-04-14 00:00:00","2014-04-03 00:00:00","2014-04-19 00:00:00","1.0000","14.5000","14.5000","2014-04-18 22:00:00"
"66118","942","5","45","2014-04-03 00:00:00","2014-04-14 00:00:00","2014-04-03 00:00:00","2014-04-19 00:00:00","2.0000","36.0000","36.0000","2014-04-18 22:00:00"
"66118","942","6","50","2014-04-03 00:00:00","2014-04-14 00:00:00","2014-04-03 00:00:00","2014-04-19 00:00:00","3.0000","36.7500","36.7500","2014-04-18 22:00:00"
"66118","942","7","60","2014-04-03 00:00:00","2014-04-14 00:00:00","2014-04-03 00:00:00","2014-04-19 00:00:00","4.0000","49.0000","49.0000","2014-04-18 22:00:00"
"66119","943","1","10","2014-04-03 00:00:00","2014-04-14 00:00:00","2014-04-03 00:00:00","2014-04-19 00:00:00","4.1000","92.2500","92.2500","2014-04-18 22:00:00"
"66119","943","2","20","2014-04-03 00:00:00","2014-04-14 00:00:00","2014-04-03 00:00:00","2014-04-19 00:00:00","3.5000","87.5000","87.5000","2014-04-18 22:00:00"
"66119","943","3","30","2014-04-03 00:00:00","2014-04-14 00:00:00","2014-04-03 00:00:00","2014-04-19 00:00:00","1.0000","14.5000","14.5000","2014-04-18 22:00:00"
"66119","943","4","40","2014-04-03 00:00:00","2014-04-14 00:00:00","2014-04-03 00:00:00","2014-04-19 00:00:00","2.0000","31.5000","31.5000","2014-04-18 22:00:00"
"66119","943","6","50","2014-04-03 00:00:00","2014-04-14 00:00:00","2014-04-03 00:00:00","2014-04-19 00:00:00","3.0000","36.7500","36.7500","2014-04-18 22:00:00"
"66119","943","7","60","2014-04-03 00:00:00","2014-04-14 00:00:00","2014-04-03 00:00:00","2014-04-19 00:00:00","4.0000","49.0000","49.0000","2014-04-18 22:00:00"
"66120","944","1","10","2014-04-03 00:00:00","2014-04-14 00:00:00","2014-04-03 00:00:00","2014-04-19 00:00:00","4.1000","92.2500","92.2500","2014-04-18 22:00:00"
"66120","944","2","20","2014-04-03 00:00:00","2014-04-14 00:00:00","2014-04-03 00:00:00","2014-04-19 00:00:00","3.5000","87.5000","87.5000","2014-04-18 22:00:00"
"66120","944","3","30","2014-04-03 00:00:00","2014-04-14 00:00:00","2014-04-03 00:00:00","2014-04-19 00:00:00","1.0000","14.5000","14.5000","2014-04-18 22:00:00"
"66120","944","5","45","2014-04-03 00:00:00","2014-04-14 00:00:00","2014-04-03 00:00:00","2014-04-19 00:00:00","2.0000","36.0000","36.0000","2014-04-18 22:00:00"
"66120","944","6","50","2014-04-03 00:00:00","2014-04-14 00:00:00","2014-04-03 00:00:00","2014-04-19 00:00:00","3.0000","36.7500","36.7500","2014-04-18 22:00:00"
"66120","944","7","60","2014-04-03 00:00:00","2014-04-14 00:00:00","2014-04-03 00:00:00","2014-04-19 00:00:00","4.0000","49.0000","49.0000","2014-04-18 22:00:00"
"66121","945","1","10","2014-04-03 00:00:00","2014-04-14 00:00:00","2014-04-03 00:00:00","2014-04-19 00:00:00","4.1000","92.2500","92.2500","2014-04-18 22:00:00"
"66121","945","6","50","2014-04-03 00:00:00","2014-04-14 00:00:00","2014-04-03 00:00:00","2014-04-19 00:00:00","3.0000","36.7500","36.7500","2014-04-18 22:00:00"
"66122","946","1","10","2014-04-03 00:00:00","2014-04-14 00:00:00","2014-04-03 00:00:00","2014-04-19 00:00:00","4.1000","92.2500","92.2500","2014-04-18 22:00:00"
"66122","946","2","20","2014-04-03 00:00:00","2014-04-14 00:00:00","2014-04-03 00:00:00","2014-04-19 00:00:00","3.5000","87.5000","87.5000","2014-04-18 22:00:00"
"66122","946","6","50","2014-04-03 00:00:00","2014-04-14 00:00:00","2014-04-03 00:00:00","2014-04-19 00:00:00","3.0000","36.7500","36.7500","2014-04-18 22:00:00"
"66123","947","1","10","2014-04-03 00:00:00","2014-04-14 00:00:00","2014-04-03 00:00:00","2014-04-19 00:00:00","4.1000","92.2500","92.2500","2014-04-18 22:00:00"
"66123","947","2","20","2014-04-03 00:00:00","2014-04-14 00:00:00","2014-04-03 00:00:00","2014-04-19 00:00:00","3.5000","87.5000","87.5000","2014-04-18 22:00:00"
"66123","947","6","50","2014-04-03 00:00:00","2014-04-14 00:00:00","2014-04-03 00:00:00","2014-04-19 00:00:00","3.0000","36.7500","36.7500","2014-04-18 22:00:00"
"66124","949","6","50","2014-04-03 00:00:00","2014-04-14 00:00:00","2014-04-03 00:00:00","2014-04-19 00:00:00","3.0000","36.7500","36.7500","2014-04-18 22:00:00"
"66125","950","6","50","2014-04-03 00:00:00","2014-04-14 00:00:00","2014-04-03 00:00:00","2014-04-19 00:00:00","3.0000","36.7500","36.7500","2014-04-18 22:00:00"
"66126","951","6","50","2014-04-03 00:00:00","2014-04-14 00:00:00","2014-04-03 00:00:00","2014-04-19 00:00:00","3.0000","36.7500","36.7500","2014-04-18 22:00:00"
"66127","994","6","50","2014-04-03 00:00:00","2014-04-14 00:00:00","2014-04-03 00:00:00","2014-04-19 00:00:00","3.0000","36.7500","36.7500","2014-04-18 22:00:00"
"66128","995","6","50","2014-04-03 00:00:00","2014-04-14 00:00:00","2014-04-03 00:00:00","2014-04-19 00:00:00","3.0000","36.7500","36.7500","2014-04-18 22:00:00"
"66129","996","6","50","2014-04-03 00:00:00","2014-04-14 00:00:00","2014-04-03 00:00:00","2014-04-19 00:00:00","3.0000","36.7500","36.7500","2014-04-18 22:00:00"
"66144","802","1","10","2014-04-03 00:00:00","2014-04-14 00:00:00","2014-04-03 00:00:00","2014-04-19 00:00:00","4.1000","92.2500","92.2500","2014-04-18 22:00:00"
"66144","802","6","50","2014-04-03 00:00:00","2014-04-14 00:00:00","2014-04-03 00:00:00","2014-04-19 00:00:00","3.0000","36.7500","36.7500","2014-04-18 22:00:00"
"66145","803","1","10","2014-04-03 00:00:00","2014-04-14 00:00:00","2014-04-03 00:00:00","2014-04-19 00:00:00","4.1000","92.2500","92.2500","2014-04-18 22:00:00"
"66145","803","6","50","2014-04-03 00:00:00","2014-04-14 00:00:00","2014-04-03 00:00:00","2014-04-19 00:00:00","3.0000","36.7500","36.7500","2014-04-18 22:00:00"
"66146","804","1","10","2014-04-03 00:00:00","2014-04-14 00:00:00","2014-04-03 00:00:00","2014-04-19 00:00:00","4.1000","92.2500","92.2500","2014-04-18 22:00:00"
"66146","804","6","50","2014-04-03 00:00:00","2014-04-14 00:00:00","2014-04-03 00:00:00","2014-04-19 00:00:00","3.0000","36.7500","36.7500","2014-04-18 22:00:00"
"66151","779","7","60","2014-04-04 00:00:00","2014-04-15 00:00:00","2014-04-09 00:00:00","2014-04-15 00:00:00","4.0000","49.0000","49.0000","2014-04-14 22:00:00"
"66152","781","7","60","2014-04-04 00:00:00","2014-04-15 00:00:00","2014-04-09 00:00:00","2014-04-15 00:00:00","4.0000","49.0000","49.0000","2014-04-14 22:00:00"
"66153","783","7","60","2014-04-04 00:00:00","2014-04-15 00:00:00","2014-04-09 00:00:00","2014-04-15 00:00:00","4.0000","49.0000","49.0000","2014-04-14 22:00:00"
"66154","784","7","60","2014-04-04 00:00:00","2014-04-15 00:00:00","2014-04-09 00:00:00","2014-04-15 00:00:00","4.0000","49.0000","49.0000","2014-04-14 22:00:00"
"66155","797","7","60","2014-04-04 00:00:00","2014-04-15 00:00:00","2014-04-09 00:00:00","2014-04-15 00:00:00","4.0000","49.0000","49.0000","2014-04-14 22:00:00"
"66156","798","7","60","2014-04-04 00:00:00","2014-04-15 00:00:00","2014-04-09 00:00:00","2014-04-15 00:00:00","4.0000","49.0000","49.0000","2014-04-14 22:00:00"
"66157","799","7","60","2014-04-04 00:00:00","2014-04-15 00:00:00","2014-04-09 00:00:00","2014-04-15 00:00:00","4.0000","49.0000","49.0000","2014-04-14 22:00:00"
"66158","969","7","60","2014-04-04 00:00:00","2014-04-15 00:00:00","2014-04-09 00:00:00","2014-04-15 00:00:00","4.0000","49.0000","49.0000","2014-04-14 22:00:00"
"66159","974","7","60","2014-04-04 00:00:00","2014-04-15 00:00:00","2014-04-09 00:00:00","2014-04-15 00:00:00","4.0000","49.0000","49.0000","2014-04-14 22:00:00"
"66160","976","7","60","2014-04-04 00:00:00","2014-04-15 00:00:00","2014-04-09 00:00:00","2014-04-15 00:00:00","4.0000","49.0000","49.0000","2014-04-14 22:00:00"
"66161","977","7","60","2014-04-04 00:00:00","2014-04-15 00:00:00","2014-04-09 00:00:00","2014-04-15 00:00:00","4.0000","49.0000","49.0000","2014-04-14 22:00:00"
"66162","980","7","60","2014-04-04 00:00:00","2014-04-15 00:00:00","2014-04-09 00:00:00","2014-04-15 00:00:00","4.0000","49.0000","49.0000","2014-04-14 22:00:00"
"66163","981","7","60","2014-04-04 00:00:00","2014-04-15 00:00:00","2014-04-09 00:00:00","2014-04-15 00:00:00","4.0000","49.0000","49.0000","2014-04-14 22:00:00"
"66164","983","7","60","2014-04-04 00:00:00","2014-04-15 00:00:00","2014-04-09 00:00:00","2014-04-15 00:00:00","4.0000","49.0000","49.0000","2014-04-14 22:00:00"
"66165","992","7","60","2014-04-04 00:00:00","2014-04-15 00:00:00","2014-04-09 00:00:00","2014-04-15 00:00:00","4.0000","49.0000","49.0000","2014-04-14 22:00:00"
"66166","999","7","60","2014-04-04 00:00:00","2014-04-15 00:00:00","2014-04-09 00:00:00","2014-04-15 00:00:00","4.0000","49.0000","49.0000","2014-04-14 22:00:00"
"66167","514","6","50","2014-04-04 00:00:00","2014-04-15 00:00:00","2014-04-09 00:00:00","2014-04-15 00:00:00","3.0000","36.7500","36.7500","2014-04-14 22:00:00"
"66167","514","7","60","2014-04-04 00:00:00","2014-04-15 00:00:00","2014-04-09 00:00:00","2014-04-15 00:00:00","4.0000","49.0000","49.0000","2014-04-14 22:00:00"
"66168","516","6","50","2014-04-04 00:00:00","2014-04-15 00:00:00","2014-04-09 00:00:00","2014-04-15 00:00:00","3.0000","36.7500","36.7500","2014-04-14 22:00:00"
"66168","516","7","60","2014-04-04 00:00:00","2014-04-15 00:00:00","2014-04-09 00:00:00","2014-04-15 00:00:00","4.0000","49.0000","49.0000","2014-04-14 22:00:00"
"66169","517","6","50","2014-04-04 00:00:00","2014-04-15 00:00:00","2014-04-09 00:00:00","2014-04-15 00:00:00","3.0000","36.7500","36.7500","2014-04-14 22:00:00"
"66169","517","7","60","2014-04-04 00:00:00","2014-04-15 00:00:00","2014-04-09 00:00:00","2014-04-15 00:00:00","4.0000","49.0000","49.0000","2014-04-14 22:00:00"
"66170","518","6","50","2014-04-04 00:00:00","2014-04-15 00:00:00","2014-04-09 00:00:00","2014-04-15 00:00:00","3.0000","36.7500","36.7500","2014-04-14 22:00:00"
"66170","518","7","60","2014-04-04 00:00:00","2014-04-15 00:00:00","2014-04-09 00:00:00","2014-04-15 00:00:00","4.0000","49.0000","49.0000","2014-04-14 22:00:00"
"66171","522","6","50","2014-04-04 00:00:00","2014-04-15 00:00:00","2014-04-09 00:00:00","2014-04-15 00:00:00","3.0000","36.7500","36.7500","2014-04-14 22:00:00"
"66171","522","7","60","2014-04-04 00:00:00","2014-04-15 00:00:00","2014-04-09 00:00:00","2014-04-15 00:00:00","4.0000","49.0000","49.0000","2014-04-14 22:00:00"
"66177","748","1","10","2014-04-04 00:00:00","2014-04-15 00:00:00","2014-04-09 00:00:00","2014-04-15 00:00:00","4.1000","92.2500","92.2500","2014-04-14 22:00:00"
"66177","748","2","20","2014-04-04 00:00:00","2014-04-15 00:00:00","2014-04-09 00:00:00","2014-04-15 00:00:00","3.5000","87.5000","87.5000","2014-04-14 22:00:00"
"66177","748","3","30","2014-04-04 00:00:00","2014-04-15 00:00:00","2014-04-09 00:00:00","2014-04-15 00:00:00","1.0000","14.5000","14.5000","2014-04-14 22:00:00"
"66177","748","5","45","2014-04-04 00:00:00","2014-04-15 00:00:00","2014-04-09 00:00:00","2014-04-15 00:00:00","2.0000","36.0000","36.0000","2014-04-14 22:00:00"
"66177","748","6","50","2014-04-04 00:00:00","2014-04-15 00:00:00","2014-04-09 00:00:00","2014-04-15 00:00:00","3.0000","36.7500","36.7500","2014-04-14 22:00:00"
"66177","748","7","60","2014-04-04 00:00:00","2014-04-15 00:00:00","2014-04-09 00:00:00","2014-04-15 00:00:00","4.0000","49.0000","49.0000","2014-04-14 22:00:00"
"66178","805","6","50","2014-04-04 00:00:00","2014-04-15 00:00:00","2014-04-09 00:00:00","2014-04-15 00:00:00","3.0000","36.7500","36.7500","2014-04-14 22:00:00"
"66179","806","6","50","2014-04-04 00:00:00","2014-04-15 00:00:00","2014-04-09 00:00:00","2014-04-15 00:00:00","3.0000","36.7500","36.7500","2014-04-14 22:00:00"
"66180","807","6","50","2014-04-04 00:00:00","2014-04-15 00:00:00","2014-04-09 00:00:00","2014-04-15 00:00:00","3.0000","36.7500","36.7500","2014-04-14 22:00:00"
"66181","808","1","10","2014-04-04 00:00:00","2014-04-15 00:00:00","2014-04-09 00:00:00","2014-04-15 00:00:00","4.1000","92.2500","92.2500","2014-04-14 22:00:00"
"66181","808","2","20","2014-04-04 00:00:00","2014-04-15 00:00:00","2014-04-09 00:00:00","2014-04-15 00:00:00","3.5000","87.5000","87.5000","2014-04-14 22:00:00"
"66181","808","6","50","2014-04-04 00:00:00","2014-04-15 00:00:00","2014-04-09 00:00:00","2014-04-15 00:00:00","3.0000","36.7500","36.7500","2014-04-14 22:00:00"
"66182","810","1","10","2014-04-04 00:00:00","2014-04-15 00:00:00","2014-04-09 00:00:00","2014-04-15 00:00:00","4.1000","92.2500","92.2500","2014-04-14 22:00:00"
"66182","810","2","20","2014-04-04 00:00:00","2014-04-15 00:00:00","2014-04-09 00:00:00","2014-04-15 00:00:00","3.5000","87.5000","87.5000","2014-04-14 22:00:00"
"66182","810","6","50","2014-04-04 00:00:00","2014-04-15 00:00:00","2014-04-09 00:00:00","2014-04-15 00:00:00","3.0000","36.7500","36.7500","2014-04-14 22:00:00"
"66183","811","1","10","2014-04-04 00:00:00","2014-04-15 00:00:00","2014-04-09 00:00:00","2014-04-15 00:00:00","4.1000","92.2500","92.2500","2014-04-14 22:00:00"
"66183","811","2","20","2014-04-04 00:00:00","2014-04-15 00:00:00","2014-04-09 00:00:00","2014-04-15 00:00:00","3.5000","87.5000","87.5000","2014-04-14 22:00:00"
"66183","811","6","50","2014-04-04 00:00:00","2014-04-15 00:00:00","2014-04-09 00:00:00","2014-04-15 00:00:00","3.0000","36.7500","36.7500","2014-04-14 22:00:00"
"66184","812","1","10","2014-04-04 00:00:00","2014-04-15 00:00:00","2014-04-09 00:00:00","2014-04-15 00:00:00","4.1000","92.2500","92.2500","2014-04-14 22:00:00"
"66184","812","2","20","2014-04-04 00:00:00","2014-04-15 00:00:00","2014-04-09 00:00:00","2014-04-15 00:00:00","3.5000","87.5000","87.5000","2014-04-14 22:00:00"
"66184","812","6","50","2014-04-04 00:00:00","2014-04-15 00:00:00","2014-04-09 00:00:00","2014-04-15 00:00:00","3.0000","36.7500","36.7500","2014-04-14 22:00:00"
"66185","815","6","50","2014-04-04 00:00:00","2014-04-15 00:00:00","2014-04-09 00:00:00","2014-04-15 00:00:00","3.0000","36.7500","36.7500","2014-04-14 22:00:00"
"66186","816","6","50","2014-04-04 00:00:00","2014-04-15 00:00:00","2014-04-09 00:00:00","2014-04-15 00:00:00","3.0000","36.7500","36.7500","2014-04-14 22:00:00"
"66187","818","6","50","2014-04-04 00:00:00","2014-04-15 00:00:00","2014-04-09 00:00:00","2014-04-15 00:00:00","3.0000","36.7500","36.7500","2014-04-14 22:00:00"
"66188","819","6","50","2014-04-04 00:00:00","2014-04-15 00:00:00","2014-04-09 00:00:00","2014-04-15 00:00:00","3.0000","36.7500","36.7500","2014-04-14 22:00:00"
"66189","821","6","50","2014-04-04 00:00:00","2014-04-15 00:00:00","2014-04-09 00:00:00","2014-04-15 00:00:00","3.0000","36.7500","36.7500","2014-04-14 22:00:00"
"66190","822","1","10","2014-04-04 00:00:00","2014-04-15 00:00:00","2014-04-09 00:00:00","2014-04-15 00:00:00","4.1000","92.2500","92.2500","2014-04-14 22:00:00"
"66190","822","2","20","2014-04-04 00:00:00","2014-04-15 00:00:00","2014-04-09 00:00:00","2014-04-15 00:00:00","3.5000","87.5000","87.5000","2014-04-14 22:00:00"
"66190","822","3","30","2014-04-04 00:00:00","2014-04-15 00:00:00","2014-04-09 00:00:00","2014-04-15 00:00:00","1.0000","14.5000","14.5000","2014-04-14 22:00:00"
"66190","822","4","40","2014-04-04 00:00:00","2014-04-15 00:00:00","2014-04-09 00:00:00","2014-04-15 00:00:00","2.0000","31.5000","31.5000","2014-04-14 22:00:00"
"66190","822","6","50","2014-04-04 00:00:00","2014-04-15 00:00:00","2014-04-09 00:00:00","2014-04-15 00:00:00","3.0000","36.7500","36.7500","2014-04-14 22:00:00"
"66190","822","7","60","2014-04-04 00:00:00","2014-04-15 00:00:00","2014-04-09 00:00:00","2014-04-15 00:00:00","4.0000","49.0000","49.0000","2014-04-14 22:00:00"
"66191","823","6","50","2014-04-04 00:00:00","2014-04-15 00:00:00","2014-04-09 00:00:00","2014-04-15 00:00:00","3.0000","36.7500","36.7500","2014-04-14 22:00:00"
"66192","824","6","50","2014-04-04 00:00:00","2014-04-15 00:00:00","2014-04-09 00:00:00","2014-04-15 00:00:00","3.0000","36.7500","36.7500","2014-04-14 22:00:00"
"66193","826","6","50","2014-04-04 00:00:00","2014-04-15 00:00:00","2014-04-09 00:00:00","2014-04-15 00:00:00","3.0000","36.7500","36.7500","2014-04-14 22:00:00"
"66194","827","6","50","2014-04-04 00:00:00","2014-04-15 00:00:00","2014-04-09 00:00:00","2014-04-15 00:00:00","3.0000","36.7500","36.7500","2014-04-14 22:00:00"
"66195","829","6","50","2014-04-04 00:00:00","2014-04-15 00:00:00","2014-04-09 00:00:00","2014-04-15 00:00:00","3.0000","36.7500","36.7500","2014-04-14 22:00:00"
"66200","894","6","50","2014-04-04 00:00:00","2014-04-15 00:00:00","2014-04-09 00:00:00","2014-04-15 00:00:00","3.0000","36.7500","36.7500","2014-04-14 22:00:00"
"66204","942","1","10","2014-04-04 00:00:00","2014-04-15 00:00:00","2014-04-09 00:00:00","2014-04-15 00:00:00","4.1000","92.2500","92.2500","2014-04-14 22:00:00"
"66204","942","2","20","2014-04-04 00:00:00","2014-04-15 00:00:00","2014-04-09 00:00:00","2014-04-15 00:00:00","3.5000","87.5000","87.5000","2014-04-14 22:00:00"
"66204","942","3","30","2014-04-04 00:00:00","2014-04-15 00:00:00","2014-04-09 00:00:00","2014-04-15 00:00:00","1.0000","14.5000","14.5000","2014-04-14 22:00:00"
"66204","942","5","45","2014-04-04 00:00:00","2014-04-15 00:00:00","2014-04-09 00:00:00","2014-04-15 00:00:00","2.0000","36.0000","36.0000","2014-04-14 22:00:00"
"66204","942","6","50","2014-04-04 00:00:00","2014-04-15 00:00:00","2014-04-09 00:00:00","2014-04-15 00:00:00","3.0000","36.7500","36.7500","2014-04-14 22:00:00"
"66204","942","7","60","2014-04-04 00:00:00","2014-04-15 00:00:00","2014-04-09 00:00:00","2014-04-15 00:00:00","4.0000","49.0000","49.0000","2014-04-14 22:00:00"
"66205","945","1","10","2014-04-04 00:00:00","2014-04-15 00:00:00","2014-04-09 00:00:00","2014-04-15 00:00:00","4.1000","92.2500","92.2500","2014-04-14 22:00:00"
"66205","945","6","50","2014-04-04 00:00:00","2014-04-15 00:00:00","2014-04-09 00:00:00","2014-04-15 00:00:00","3.0000","36.7500","36.7500","2014-04-14 22:00:00"
"66206","947","1","10","2014-04-04 00:00:00","2014-04-15 00:00:00","2014-04-09 00:00:00","2014-04-15 00:00:00","4.1000","92.2500","92.2500","2014-04-14 22:00:00"
"66206","947","2","20","2014-04-04 00:00:00","2014-04-15 00:00:00","2014-04-09 00:00:00","2014-04-15 00:00:00","3.5000","87.5000","87.5000","2014-04-14 22:00:00"
"66206","947","6","50","2014-04-04 00:00:00","2014-04-15 00:00:00","2014-04-09 00:00:00","2014-04-15 00:00:00","3.0000","36.7500","36.7500","2014-04-14 22:00:00"
"66207","949","6","50","2014-04-04 00:00:00","2014-04-15 00:00:00","2014-04-09 00:00:00","2014-04-15 00:00:00","3.0000","36.7500","36.7500","2014-04-14 22:00:00"
"66208","950","6","50","2014-04-04 00:00:00","2014-04-15 00:00:00","2014-04-09 00:00:00","2014-04-15 00:00:00","3.0000","36.7500","36.7500","2014-04-14 22:00:00"
"66209","951","6","50","2014-04-04 00:00:00","2014-04-15 00:00:00","2014-04-09 00:00:00","2014-04-15 00:00:00","3.0000","36.7500","36.7500","2014-04-14 22:00:00"
"66210","994","6","50","2014-04-04 00:00:00","2014-04-15 00:00:00","2014-04-09 00:00:00","2014-04-15 00:00:00","3.0000","36.7500","36.7500","2014-04-14 22:00:00"
"66211","995","6","50","2014-04-04 00:00:00","2014-04-15 00:00:00","2014-04-09 00:00:00","2014-04-15 00:00:00","3.0000","36.7500","36.7500","2014-04-14 22:00:00"
"66212","996","6","50","2014-04-04 00:00:00","2014-04-15 00:00:00","2014-04-09 00:00:00","2014-04-15 00:00:00","3.0000","36.7500","36.7500","2014-04-14 22:00:00"
"66227","802","1","10","2014-04-04 00:00:00","2014-04-15 00:00:00","2014-04-09 00:00:00","2014-04-15 00:00:00","4.1000","92.2500","92.2500","2014-04-14 22:00:00"
"66227","802","6","50","2014-04-04 00:00:00","2014-04-15 00:00:00","2014-04-09 00:00:00","2014-04-15 00:00:00","3.0000","36.7500","36.7500","2014-04-14 22:00:00"
"66228","803","1","10","2014-04-04 00:00:00","2014-04-15 00:00:00","2014-04-09 00:00:00","2014-04-15 00:00:00","4.1000","92.2500","92.2500","2014-04-14 22:00:00"
"66228","803","6","50","2014-04-04 00:00:00","2014-04-15 00:00:00","2014-04-09 00:00:00","2014-04-15 00:00:00","3.0000","36.7500","36.7500","2014-04-14 22:00:00"
"66229","804","1","10","2014-04-04 00:00:00","2014-04-15 00:00:00","2014-04-09 00:00:00","2014-04-15 00:00:00","4.1000","92.2500","92.2500","2014-04-14 22:00:00"
"66229","804","6","50","2014-04-04 00:00:00","2014-04-15 00:00:00","2014-04-09 00:00:00","2014-04-15 00:00:00","3.0000","36.7500","36.7500","2014-04-14 22:00:00"
"66234","779","7","60","2014-04-05 00:00:00","2014-04-16 00:00:00","2014-04-05 00:00:00","2014-04-23 00:00:00","4.0000","49.0000","49.0000","2014-04-22 22:00:00"
"66235","780","7","60","2014-04-05 00:00:00","2014-04-16 00:00:00","2014-04-05 00:00:00","2014-04-23 00:00:00","4.0000","49.0000","49.0000","2014-04-22 22:00:00"
"66236","781","7","60","2014-04-05 00:00:00","2014-04-16 00:00:00","2014-04-05 00:00:00","2014-04-23 00:00:00","4.0000","49.0000","49.0000","2014-04-22 22:00:00"
"66237","782","7","60","2014-04-05 00:00:00","2014-04-16 00:00:00","2014-04-05 00:00:00","2014-04-23 00:00:00","4.0000","49.0000","49.0000","2014-04-22 22:00:00"
"66238","783","7","60","2014-04-05 00:00:00","2014-04-16 00:00:00","2014-04-05 00:00:00","2014-04-23 00:00:00","4.0000","49.0000","49.0000","2014-04-22 22:00:00"
"66239","794","7","60","2014-04-05 00:00:00","2014-04-16 00:00:00","2014-04-05 00:00:00","2014-04-23 00:00:00","4.0000","49.0000","49.0000","2014-04-22 22:00:00"
"66240","795","7","60","2014-04-05 00:00:00","2014-04-16 00:00:00","2014-04-05 00:00:00","2014-04-23 00:00:00","4.0000","49.0000","49.0000","2014-04-22 22:00:00"
"66241","797","7","60","2014-04-05 00:00:00","2014-04-16 00:00:00","2014-04-05 00:00:00","2014-04-23 00:00:00","4.0000","49.0000","49.0000","2014-04-22 22:00:00"
"66242","798","7","60","2014-04-05 00:00:00","2014-04-16 00:00:00","2014-04-05 00:00:00","2014-04-23 00:00:00","4.0000","49.0000","49.0000","2014-04-22 22:00:00"
"66243","799","7","60","2014-04-05 00:00:00","2014-04-16 00:00:00","2014-04-05 00:00:00","2014-04-23 00:00:00","4.0000","49.0000","49.0000","2014-04-22 22:00:00"
"66244","800","7","60","2014-04-05 00:00:00","2014-04-16 00:00:00","2014-04-05 00:00:00","2014-04-23 00:00:00","4.0000","49.0000","49.0000","2014-04-22 22:00:00"
"66245","953","7","60","2014-04-05 00:00:00","2014-04-16 00:00:00","2014-04-05 00:00:00","2014-04-23 00:00:00","4.0000","49.0000","49.0000","2014-04-22 22:00:00"
"66246","955","7","60","2014-04-05 00:00:00","2014-04-16 00:00:00","2014-04-05 00:00:00","2014-04-23 00:00:00","4.0000","49.0000","49.0000","2014-04-22 22:00:00"
"66247","962","7","60","2014-04-05 00:00:00","2014-04-16 00:00:00","2014-04-05 00:00:00","2014-04-23 00:00:00","4.0000","49.0000","49.0000","2014-04-22 22:00:00"
"66248","966","7","60","2014-04-05 00:00:00","2014-04-16 00:00:00","2014-04-05 00:00:00","2014-04-23 00:00:00","4.0000","49.0000","49.0000","2014-04-22 22:00:00"
"66249","967","7","60","2014-04-05 00:00:00","2014-04-16 00:00:00","2014-04-05 00:00:00","2014-04-23 00:00:00","4.0000","49.0000","49.0000","2014-04-22 22:00:00"
"66250","971","7","60","2014-04-05 00:00:00","2014-04-16 00:00:00","2014-04-05 00:00:00","2014-04-23 00:00:00","4.0000","49.0000","49.0000","2014-04-22 22:00:00"
"66251","973","7","60","2014-04-05 00:00:00","2014-04-16 00:00:00","2014-04-05 00:00:00","2014-04-23 00:00:00","4.0000","49.0000","49.0000","2014-04-22 22:00:00"
"66252","974","7","60","2014-04-05 00:00:00","2014-04-16 00:00:00","2014-04-05 00:00:00","2014-04-23 00:00:00","4.0000","49.0000","49.0000","2014-04-22 22:00:00"
"66253","976","7","60","2014-04-05 00:00:00","2014-04-16 00:00:00","2014-04-05 00:00:00","2014-04-23 00:00:00","4.0000","49.0000","49.0000","2014-04-22 22:00:00"
"66254","977","7","60","2014-04-05 00:00:00","2014-04-16 00:00:00","2014-04-05 00:00:00","2014-04-23 00:00:00","4.0000","49.0000","49.0000","2014-04-22 22:00:00"
"66255","980","7","60","2014-04-05 00:00:00","2014-04-16 00:00:00","2014-04-05 00:00:00","2014-04-23 00:00:00","4.0000","49.0000","49.0000","2014-04-22 22:00:00"
"66256","981","7","60","2014-04-05 00:00:00","2014-04-16 00:00:00","2014-04-05 00:00:00","2014-04-23 00:00:00","4.0000","49.0000","49.0000","2014-04-22 22:00:00"
"66257","982","7","60","2014-04-05 00:00:00","2014-04-16 00:00:00","2014-04-05 00:00:00","2014-04-23 00:00:00","4.0000","49.0000","49.0000","2014-04-22 22:00:00"
"66258","986","7","60","2014-04-05 00:00:00","2014-04-16 00:00:00","2014-04-05 00:00:00","2014-04-23 00:00:00","4.0000","49.0000","49.0000","2014-04-22 22:00:00"
"66259","992","7","60","2014-04-05 00:00:00","2014-04-16 00:00:00","2014-04-05 00:00:00","2014-04-23 00:00:00","4.0000","49.0000","49.0000","2014-04-22 22:00:00"
"66260","997","7","60","2014-04-05 00:00:00","2014-04-16 00:00:00","2014-04-05 00:00:00","2014-04-23 00:00:00","4.0000","49.0000","49.0000","2014-04-22 22:00:00"
"66261","999","7","60","2014-04-05 00:00:00","2014-04-16 00:00:00","2014-04-05 00:00:00","2014-04-23 00:00:00","4.0000","49.0000","49.0000","2014-04-22 22:00:00"
"66262","514","6","50","2014-04-05 00:00:00","2014-04-16 00:00:00","2014-04-05 00:00:00","2014-04-23 00:00:00","3.0000","36.7500","36.7500","2014-04-22 22:00:00"
"66262","514","7","60","2014-04-05 00:00:00","2014-04-16 00:00:00","2014-04-05 00:00:00","2014-04-23 00:00:00","4.0000","49.0000","49.0000","2014-04-22 22:00:00"
"66263","516","6","50","2014-04-05 00:00:00","2014-04-16 00:00:00","2014-04-05 00:00:00","2014-04-23 00:00:00","3.0000","36.7500","36.7500","2014-04-22 22:00:00"
"66263","516","7","60","2014-04-05 00:00:00","2014-04-16 00:00:00","2014-04-05 00:00:00","2014-04-23 00:00:00","4.0000","49.0000","49.0000","2014-04-22 22:00:00"
"66264","517","6","50","2014-04-05 00:00:00","2014-04-16 00:00:00","2014-04-05 00:00:00","2014-04-23 00:00:00","3.0000","36.7500","36.7500","2014-04-22 22:00:00"
"66264","517","7","60","2014-04-05 00:00:00","2014-04-16 00:00:00","2014-04-05 00:00:00","2014-04-23 00:00:00","4.0000","49.0000","49.0000","2014-04-22 22:00:00"
"66265","518","6","50","2014-04-05 00:00:00","2014-04-16 00:00:00","2014-04-05 00:00:00","2014-04-23 00:00:00","3.0000","36.7500","36.7500","2014-04-22 22:00:00"
"66265","518","7","60","2014-04-05 00:00:00","2014-04-16 00:00:00","2014-04-05 00:00:00","2014-04-23 00:00:00","4.0000","49.0000","49.0000","2014-04-22 22:00:00"
"66266","519","6","50","2014-04-05 00:00:00","2014-04-16 00:00:00","2014-04-05 00:00:00","2014-04-23 00:00:00","3.0000","36.7500","36.7500","2014-04-22 22:00:00"
"66266","519","7","60","2014-04-05 00:00:00","2014-04-16 00:00:00","2014-04-05 00:00:00","2014-04-23 00:00:00","4.0000","49.0000","49.0000","2014-04-22 22:00:00"
"66267","520","6","50","2014-04-05 00:00:00","2014-04-16 00:00:00","2014-04-05 00:00:00","2014-04-23 00:00:00","3.0000","36.7500","36.7500","2014-04-22 22:00:00"
"66267","520","7","60","2014-04-05 00:00:00","2014-04-16 00:00:00","2014-04-05 00:00:00","2014-04-23 00:00:00","4.0000","49.0000","49.0000","2014-04-22 22:00:00"
"66268","521","6","50","2014-04-05 00:00:00","2014-04-16 00:00:00","2014-04-05 00:00:00","2014-04-23 00:00:00","3.0000","36.7500","36.7500","2014-04-22 22:00:00"
"66268","521","7","60","2014-04-05 00:00:00","2014-04-16 00:00:00","2014-04-05 00:00:00","2014-04-23 00:00:00","4.0000","49.0000","49.0000","2014-04-22 22:00:00"
"66269","522","6","50","2014-04-05 00:00:00","2014-04-16 00:00:00","2014-04-05 00:00:00","2014-04-23 00:00:00","3.0000","36.7500","36.7500","2014-04-22 22:00:00"
"66269","522","7","60","2014-04-05 00:00:00","2014-04-16 00:00:00","2014-04-05 00:00:00","2014-04-23 00:00:00","4.0000","49.0000","49.0000","2014-04-22 22:00:00"
"66276","747","1","10","2014-04-05 00:00:00","2014-04-16 00:00:00","2014-04-05 00:00:00","2014-04-23 00:00:00","4.1000","92.2500","92.2500","2014-04-22 22:00:00"
"66276","747","2","20","2014-04-05 00:00:00","2014-04-16 00:00:00","2014-04-05 00:00:00","2014-04-23 00:00:00","3.5000","87.5000","87.5000","2014-04-22 22:00:00"
"66276","747","3","30","2014-04-05 00:00:00","2014-04-16 00:00:00","2014-04-05 00:00:00","2014-04-23 00:00:00","1.0000","14.5000","14.5000","2014-04-22 22:00:00"
"66276","747","4","40","2014-04-05 00:00:00","2014-04-16 00:00:00","2014-04-05 00:00:00","2014-04-23 00:00:00","2.0000","31.5000","31.5000","2014-04-22 22:00:00"
"66276","747","6","50","2014-04-05 00:00:00","2014-04-16 00:00:00","2014-04-05 00:00:00","2014-04-23 00:00:00","3.0000","36.7500","36.7500","2014-04-22 22:00:00"
"66276","747","7","60","2014-04-05 00:00:00","2014-04-16 00:00:00","2014-04-05 00:00:00","2014-04-23 00:00:00","4.0000","49.0000","49.0000","2014-04-22 22:00:00"
"66277","748","1","10","2014-04-05 00:00:00","2014-04-16 00:00:00","2014-04-05 00:00:00","2014-04-23 00:00:00","4.1000","92.2500","92.2500","2014-04-22 22:00:00"
"66277","748","2","20","2014-04-05 00:00:00","2014-04-16 00:00:00","2014-04-05 00:00:00","2014-04-23 00:00:00","3.5000","87.5000","87.5000","2014-04-22 22:00:00"
"66277","748","3","30","2014-04-05 00:00:00","2014-04-16 00:00:00","2014-04-05 00:00:00","2014-04-23 00:00:00","1.0000","14.5000","14.5000","2014-04-22 22:00:00"
"66277","748","5","45","2014-04-05 00:00:00","2014-04-16 00:00:00","2014-04-05 00:00:00","2014-04-23 00:00:00","2.0000","36.0000","36.0000","2014-04-22 22:00:00"
"66277","748","6","50","2014-04-05 00:00:00","2014-04-16 00:00:00","2014-04-05 00:00:00","2014-04-23 00:00:00","3.0000","36.7500","36.7500","2014-04-22 22:00:00"
"66277","748","7","60","2014-04-05 00:00:00","2014-04-16 00:00:00","2014-04-05 00:00:00","2014-04-23 00:00:00","4.0000","49.0000","49.0000","2014-04-22 22:00:00"
"66278","805","6","50","2014-04-05 00:00:00","2014-04-16 00:00:00","2014-04-05 00:00:00","2014-04-23 00:00:00","3.0000","36.7500","36.7500","2014-04-22 22:00:00"
"66279","806","6","50","2014-04-05 00:00:00","2014-04-16 00:00:00","2014-04-05 00:00:00","2014-04-23 00:00:00","3.0000","36.7500","36.7500","2014-04-22 22:00:00"
"66280","807","6","50","2014-04-05 00:00:00","2014-04-16 00:00:00","2014-04-05 00:00:00","2014-04-23 00:00:00","3.0000","36.7500","36.7500","2014-04-22 22:00:00"
"66281","808","1","10","2014-04-05 00:00:00","2014-04-16 00:00:00","2014-04-05 00:00:00","2014-04-23 00:00:00","4.1000","92.2500","92.2500","2014-04-22 22:00:00"
"66281","808","2","20","2014-04-05 00:00:00","2014-04-16 00:00:00","2014-04-05 00:00:00","2014-04-23 00:00:00","3.5000","87.5000","87.5000","2014-04-22 22:00:00"
"66281","808","6","50","2014-04-05 00:00:00","2014-04-16 00:00:00","2014-04-05 00:00:00","2014-04-23 00:00:00","3.0000","36.7500","36.7500","2014-04-22 22:00:00"
"66282","810","1","10","2014-04-05 00:00:00","2014-04-16 00:00:00","2014-04-05 00:00:00","2014-04-23 00:00:00","4.1000","92.2500","92.2500","2014-04-22 22:00:00"
"66282","810","2","20","2014-04-05 00:00:00","2014-04-16 00:00:00","2014-04-05 00:00:00","2014-04-23 00:00:00","3.5000","87.5000","87.5000","2014-04-22 22:00:00"
"66282","810","6","50","2014-04-05 00:00:00","2014-04-16 00:00:00","2014-04-05 00:00:00","2014-04-23 00:00:00","3.0000","36.7500","36.7500","2014-04-22 22:00:00"
"66283","811","1","10","2014-04-05 00:00:00","2014-04-16 00:00:00","2014-04-05 00:00:00","2014-04-23 00:00:00","4.1000","92.2500","92.2500","2014-04-22 22:00:00"
"66283","811","2","20","2014-04-05 00:00:00","2014-04-16 00:00:00","2014-04-05 00:00:00","2014-04-23 00:00:00","3.5000","87.5000","87.5000","2014-04-22 22:00:00"
"66283","811","6","50","2014-04-05 00:00:00","2014-04-16 00:00:00","2014-04-05 00:00:00","2014-04-23 00:00:00","3.0000","36.7500","36.7500","2014-04-22 22:00:00"
"66284","812","1","10","2014-04-05 00:00:00","2014-04-16 00:00:00","2014-04-05 00:00:00","2014-04-23 00:00:00","4.1000","92.2500","92.2500","2014-04-22 22:00:00"
"66284","812","2","20","2014-04-05 00:00:00","2014-04-16 00:00:00","2014-04-05 00:00:00","2014-04-23 00:00:00","3.5000","87.5000","87.5000","2014-04-22 22:00:00"
"66284","812","6","50","2014-04-05 00:00:00","2014-04-16 00:00:00","2014-04-05 00:00:00","2014-04-23 00:00:00","3.0000","36.7500","36.7500","2014-04-22 22:00:00"
"66285","813","1","10","2014-04-05 00:00:00","2014-04-16 00:00:00","2014-04-05 00:00:00","2014-04-23 00:00:00","4.1000","92.2500","92.2500","2014-04-22 22:00:00"
"66285","813","2","20","2014-04-05 00:00:00","2014-04-16 00:00:00","2014-04-05 00:00:00","2014-04-23 00:00:00","3.5000","87.5000","87.5000","2014-04-22 22:00:00"
"66285","813","6","50","2014-04-05 00:00:00","2014-04-16 00:00:00","2014-04-05 00:00:00","2014-04-23 00:00:00","3.0000","36.7500","36.7500","2014-04-22 22:00:00"
"66286","815","6","50","2014-04-05 00:00:00","2014-04-16 00:00:00","2014-04-05 00:00:00","2014-04-23 00:00:00","3.0000","36.7500","36.7500","2014-04-22 22:00:00"
"66287","816","6","50","2014-04-05 00:00:00","2014-04-16 00:00:00","2014-04-05 00:00:00","2014-04-23 00:00:00","3.0000","36.7500","36.7500","2014-04-22 22:00:00"
"66288","818","6","50","2014-04-05 00:00:00","2014-04-16 00:00:00","2014-04-05 00:00:00","2014-04-23 00:00:00","3.0000","36.7500","36.7500","2014-04-22 22:00:00"
"66289","819","6","50","2014-04-05 00:00:00","2014-04-16 00:00:00","2014-04-05 00:00:00","2014-04-23 00:00:00","3.0000","36.7500","36.7500","2014-04-22 22:00:00"
"66290","820","6","50","2014-04-05 00:00:00","2014-04-16 00:00:00","2014-04-05 00:00:00","2014-04-23 00:00:00","3.0000","36.7500","36.7500","2014-04-22 22:00:00"
"66291","821","6","50","2014-04-05 00:00:00","2014-04-16 00:00:00","2014-04-05 00:00:00","2014-04-23 00:00:00","3.0000","36.7500","36.7500","2014-04-22 22:00:00"
"66292","822","1","10","2014-04-05 00:00:00","2014-04-16 00:00:00","2014-04-05 00:00:00","2014-04-23 00:00:00","4.1000","92.2500","92.2500","2014-04-22 22:00:00"
"66292","822","2","20","2014-04-05 00:00:00","2014-04-16 00:00:00","2014-04-05 00:00:00","2014-04-23 00:00:00","3.5000","87.5000","87.5000","2014-04-22 22:00:00"
"66292","822","3","30","2014-04-05 00:00:00","2014-04-16 00:00:00","2014-04-05 00:00:00","2014-04-23 00:00:00","1.0000","14.5000","14.5000","2014-04-22 22:00:00"
"66292","822","4","40","2014-04-05 00:00:00","2014-04-16 00:00:00","2014-04-05 00:00:00","2014-04-23 00:00:00","2.0000","31.5000","31.5000","2014-04-22 22:00:00"
"66292","822","6","50","2014-04-05 00:00:00","2014-04-16 00:00:00","2014-04-05 00:00:00","2014-04-23 00:00:00","3.0000","36.7500","36.7500","2014-04-22 22:00:00"
"66292","822","7","60","2014-04-05 00:00:00","2014-04-16 00:00:00","2014-04-05 00:00:00","2014-04-23 00:00:00","4.0000","49.0000","49.0000","2014-04-22 22:00:00"
"66293","823","6","50","2014-04-05 00:00:00","2014-04-16 00:00:00","2014-04-05 00:00:00","2014-04-23 00:00:00","3.0000","36.7500","36.7500","2014-04-22 22:00:00"
"66294","824","6","50","2014-04-05 00:00:00","2014-04-16 00:00:00","2014-04-05 00:00:00","2014-04-23 00:00:00","3.0000","36.7500","36.7500","2014-04-22 22:00:00"
"66295","826","6","50","2014-04-05 00:00:00","2014-04-16 00:00:00","2014-04-05 00:00:00","2014-04-23 00:00:00","3.0000","36.7500","36.7500","2014-04-22 22:00:00"
"66296","827","6","50","2014-04-05 00:00:00","2014-04-16 00:00:00","2014-04-05 00:00:00","2014-04-23 00:00:00","3.0000","36.7500","36.7500","2014-04-22 22:00:00"
"66297","828","6","50","2014-04-05 00:00:00","2014-04-16 00:00:00","2014-04-05 00:00:00","2014-04-23 00:00:00","3.0000","36.7500","36.7500","2014-04-22 22:00:00"
"66298","829","6","50","2014-04-05 00:00:00","2014-04-16 00:00:00","2014-04-05 00:00:00","2014-04-23 00:00:00","3.0000","36.7500","36.7500","2014-04-22 22:00:00"
"66309","894","6","50","2014-04-05 00:00:00","2014-04-16 00:00:00","2014-04-05 00:00:00","2014-04-23 00:00:00","3.0000","36.7500","36.7500","2014-04-22 22:00:00"
"66315","942","1","10","2014-04-05 00:00:00","2014-04-16 00:00:00","2014-04-05 00:00:00","2014-04-23 00:00:00","4.1000","92.2500","92.2500","2014-04-22 22:00:00"
"66315","942","2","20","2014-04-05 00:00:00","2014-04-16 00:00:00","2014-04-05 00:00:00","2014-04-23 00:00:00","3.5000","87.5000","87.5000","2014-04-22 22:00:00"
"66315","942","3","30","2014-04-05 00:00:00","2014-04-16 00:00:00","2014-04-05 00:00:00","2014-04-23 00:00:00","1.0000","14.5000","14.5000","2014-04-22 22:00:00"
"66315","942","5","45","2014-04-05 00:00:00","2014-04-16 00:00:00","2014-04-05 00:00:00","2014-04-23 00:00:00","2.0000","36.0000","36.0000","2014-04-22 22:00:00"
"66315","942","6","50","2014-04-05 00:00:00","2014-04-16 00:00:00","2014-04-05 00:00:00","2014-04-23 00:00:00","3.0000","36.7500","36.7500","2014-04-22 22:00:00"
"66315","942","7","60","2014-04-05 00:00:00","2014-04-16 00:00:00","2014-04-05 00:00:00","2014-04-23 00:00:00","4.0000","49.0000","49.0000","2014-04-22 22:00:00"
"66316","945","1","10","2014-04-05 00:00:00","2014-04-16 00:00:00","2014-04-05 00:00:00","2014-04-23 00:00:00","4.1000","92.2500","92.2500","2014-04-22 22:00:00"
"66316","945","6","50","2014-04-05 00:00:00","2014-04-16 00:00:00","2014-04-05 00:00:00","2014-04-23 00:00:00","3.0000","36.7500","36.7500","2014-04-22 22:00:00"
"66317","946","1","10","2014-04-05 00:00:00","2014-04-16 00:00:00","2014-04-05 00:00:00","2014-04-23 00:00:00","4.1000","92.2500","92.2500","2014-04-22 22:00:00"
"66317","946","2","20","2014-04-05 00:00:00","2014-04-16 00:00:00","2014-04-05 00:00:00","2014-04-23 00:00:00","3.5000","87.5000","87.5000","2014-04-22 22:00:00"
"66317","946","6","50","2014-04-05 00:00:00","2014-04-16 00:00:00","2014-04-05 00:00:00","2014-04-23 00:00:00","3.0000","36.7500","36.7500","2014-04-22 22:00:00"
"66318","947","1","10","2014-04-05 00:00:00","2014-04-16 00:00:00","2014-04-05 00:00:00","2014-04-23 00:00:00","4.1000","92.2500","92.2500","2014-04-22 22:00:00"
"66318","947","2","20","2014-04-05 00:00:00","2014-04-16 00:00:00","2014-04-05 00:00:00","2014-04-23 00:00:00","3.5000","87.5000","87.5000","2014-04-22 22:00:00"
"66318","947","6","50","2014-04-05 00:00:00","2014-04-16 00:00:00","2014-04-05 00:00:00","2014-04-23 00:00:00","3.0000","36.7500","36.7500","2014-04-22 22:00:00"
"66319","949","6","50","2014-04-05 00:00:00","2014-04-16 00:00:00","2014-04-05 00:00:00","2014-04-23 00:00:00","3.0000","36.7500","36.7500","2014-04-22 22:00:00"
"66320","950","6","50","2014-04-05 00:00:00","2014-04-16 00:00:00","2014-04-05 00:00:00","2014-04-23 00:00:00","3.0000","36.7500","36.7500","2014-04-22 22:00:00"
"66321","951","6","50","2014-04-05 00:00:00","2014-04-16 00:00:00","2014-04-05 00:00:00","2014-04-23 00:00:00","3.0000","36.7500","36.7500","2014-04-22 22:00:00"
"66322","994","6","50","2014-04-05 00:00:00","2014-04-16 00:00:00","2014-04-05 00:00:00","2014-04-23 00:00:00","3.0000","36.7500","36.7500","2014-04-22 22:00:00"
"66323","995","6","50","2014-04-05 00:00:00","2014-04-16 00:00:00","2014-04-05 00:00:00","2014-04-23 00:00:00","3.0000","36.7500","36.7500","2014-04-22 22:00:00"
"66324","996","6","50","2014-04-05 00:00:00","2014-04-16 00:00:00","2014-04-05 00:00:00","2014-04-23 00:00:00","3.0000","36.7500","36.7500","2014-04-22 22:00:00"
"66339","802","1","10","2014-04-05 00:00:00","2014-04-16 00:00:00","2014-04-05 00:00:00","2014-04-23 00:00:00","4.1000","92.2500","92.2500","2014-04-22 22:00:00"
"66339","802","6","50","2014-04-05 00:00:00","2014-04-16 00:00:00","2014-04-05 00:00:00","2014-04-23 00:00:00","3.0000","36.7500","36.7500","2014-04-22 22:00:00"
"66340","803","1","10","2014-04-05 00:00:00","2014-04-16 00:00:00","2014-04-05 00:00:00","2014-04-23 00:00:00","4.1000","92.2500","92.2500","2014-04-22 22:00:00"
"66340","803","6","50","2014-04-05 00:00:00","2014-04-16 00:00:00","2014-04-05 00:00:00","2014-04-23 00:00:00","3.0000","36.7500","36.7500","2014-04-22 22:00:00"
"66341","804","1","10","2014-04-05 00:00:00","2014-04-16 00:00:00","2014-04-05 00:00:00","2014-04-23 00:00:00","4.1000","92.2500","92.2500","2014-04-22 22:00:00"
"66341","804","6","50","2014-04-05 00:00:00","2014-04-16 00:00:00","2014-04-05 00:00:00","2014-04-23 00:00:00","3.0000","36.7500","36.7500","2014-04-22 22:00:00"
"66346","779","7","60","2014-04-06 00:00:00","2014-04-17 00:00:00","2014-04-13 00:00:00","2014-04-17 00:00:00","4.0000","49.0000","49.0000","2014-04-16 22:00:00"
"66347","781","7","60","2014-04-06 00:00:00","2014-04-17 00:00:00","2014-04-13 00:00:00","2014-04-17 00:00:00","4.0000","49.0000","49.0000","2014-04-16 22:00:00"
"66348","783","7","60","2014-04-06 00:00:00","2014-04-17 00:00:00","2014-04-13 00:00:00","2014-04-17 00:00:00","4.0000","49.0000","49.0000","2014-04-16 22:00:00"
"66349","784","7","60","2014-04-06 00:00:00","2014-04-17 00:00:00","2014-04-13 00:00:00","2014-04-17 00:00:00","4.0000","49.0000","49.0000","2014-04-16 22:00:00"
"66350","795","7","60","2014-04-06 00:00:00","2014-04-17 00:00:00","2014-04-13 00:00:00","2014-04-17 00:00:00","4.0000","49.0000","49.0000","2014-04-16 22:00:00"
"66351","800","7","60","2014-04-06 00:00:00","2014-04-17 00:00:00","2014-04-13 00:00:00","2014-04-17 00:00:00","4.0000","49.0000","49.0000","2014-04-16 22:00:00"
"66352","801","7","60","2014-04-06 00:00:00","2014-04-17 00:00:00","2014-04-13 00:00:00","2014-04-17 00:00:00","4.0000","49.0000","49.0000","2014-04-16 22:00:00"
"66353","954","7","60","2014-04-06 00:00:00","2014-04-17 00:00:00","2014-04-13 00:00:00","2014-04-17 00:00:00","4.0000","49.0000","49.0000","2014-04-16 22:00:00"
"66354","956","7","60","2014-04-06 00:00:00","2014-04-17 00:00:00","2014-04-13 00:00:00","2014-04-17 00:00:00","4.0000","49.0000","49.0000","2014-04-16 22:00:00"
"66355","957","7","60","2014-04-06 00:00:00","2014-04-17 00:00:00","2014-04-13 00:00:00","2014-04-17 00:00:00","4.0000","49.0000","49.0000","2014-04-16 22:00:00"
"66356","958","7","60","2014-04-06 00:00:00","2014-04-17 00:00:00","2014-04-13 00:00:00","2014-04-17 00:00:00","4.0000","49.0000","49.0000","2014-04-16 22:00:00"
"66357","960","7","60","2014-04-06 00:00:00","2014-04-17 00:00:00","2014-04-13 00:00:00","2014-04-17 00:00:00","4.0000","49.0000","49.0000","2014-04-16 22:00:00"
"66358","963","7","60","2014-04-06 00:00:00","2014-04-17 00:00:00","2014-04-13 00:00:00","2014-04-17 00:00:00","4.0000","49.0000","49.0000","2014-04-16 22:00:00"
"66359","964","7","60","2014-04-06 00:00:00","2014-04-17 00:00:00","2014-04-13 00:00:00","2014-04-17 00:00:00","4.0000","49.0000","49.0000","2014-04-16 22:00:00"
"66360","966","7","60","2014-04-06 00:00:00","2014-04-17 00:00:00","2014-04-13 00:00:00","2014-04-17 00:00:00","4.0000","49.0000","49.0000","2014-04-16 22:00:00"
"66361","973","7","60","2014-04-06 00:00:00","2014-04-17 00:00:00","2014-04-13 00:00:00","2014-04-17 00:00:00","4.0000","49.0000","49.0000","2014-04-16 22:00:00"
"66362","974","7","60","2014-04-06 00:00:00","2014-04-17 00:00:00","2014-04-13 00:00:00","2014-04-17 00:00:00","4.0000","49.0000","49.0000","2014-04-16 22:00:00"
"66363","975","7","60","2014-04-06 00:00:00","2014-04-17 00:00:00","2014-04-13 00:00:00","2014-04-17 00:00:00","4.0000","49.0000","49.0000","2014-04-16 22:00:00"
"66364","976","7","60","2014-04-06 00:00:00","2014-04-17 00:00:00","2014-04-13 00:00:00","2014-04-17 00:00:00","4.0000","49.0000","49.0000","2014-04-16 22:00:00"
"66365","977","7","60","2014-04-06 00:00:00","2014-04-17 00:00:00","2014-04-13 00:00:00","2014-04-17 00:00:00","4.0000","49.0000","49.0000","2014-04-16 22:00:00"
"66366","978","7","60","2014-04-06 00:00:00","2014-04-17 00:00:00","2014-04-13 00:00:00","2014-04-17 00:00:00","4.0000","49.0000","49.0000","2014-04-16 22:00:00"
"66367","981","7","60","2014-04-06 00:00:00","2014-04-17 00:00:00","2014-04-13 00:00:00","2014-04-17 00:00:00","4.0000","49.0000","49.0000","2014-04-16 22:00:00"
"66368","982","7","60","2014-04-06 00:00:00","2014-04-17 00:00:00","2014-04-13 00:00:00","2014-04-17 00:00:00","4.0000","49.0000","49.0000","2014-04-16 22:00:00"
"66369","987","7","60","2014-04-06 00:00:00","2014-04-17 00:00:00","2014-04-13 00:00:00","2014-04-17 00:00:00","4.0000","49.0000","49.0000","2014-04-16 22:00:00"
"66370","990","7","60","2014-04-06 00:00:00","2014-04-17 00:00:00","2014-04-13 00:00:00","2014-04-17 00:00:00","4.0000","49.0000","49.0000","2014-04-16 22:00:00"
"66371","997","7","60","2014-04-06 00:00:00","2014-04-17 00:00:00","2014-04-13 00:00:00","2014-04-17 00:00:00","4.0000","49.0000","49.0000","2014-04-16 22:00:00"
"66372","999","7","60","2014-04-06 00:00:00","2014-04-17 00:00:00","2014-04-13 00:00:00","2014-04-17 00:00:00","4.0000","49.0000","49.0000","2014-04-16 22:00:00"
"66373","514","6","50","2014-04-06 00:00:00","2014-04-17 00:00:00","2014-04-13 00:00:00","2014-04-17 00:00:00","3.0000","36.7500","36.7500","2014-04-16 22:00:00"
"66373","514","7","60","2014-04-06 00:00:00","2014-04-17 00:00:00","2014-04-13 00:00:00","2014-04-17 00:00:00","4.0000","49.0000","49.0000","2014-04-16 22:00:00"
"66374","516","6","50","2014-04-06 00:00:00","2014-04-17 00:00:00","2014-04-13 00:00:00","2014-04-17 00:00:00","3.0000","36.7500","36.7500","2014-04-16 22:00:00"
"66374","516","7","60","2014-04-06 00:00:00","2014-04-17 00:00:00","2014-04-13 00:00:00","2014-04-17 00:00:00","4.0000","49.0000","49.0000","2014-04-16 22:00:00"
"66375","517","6","50","2014-04-06 00:00:00","2014-04-17 00:00:00","2014-04-13 00:00:00","2014-04-17 00:00:00","3.0000","36.7500","36.7500","2014-04-16 22:00:00"
"66375","517","7","60","2014-04-06 00:00:00","2014-04-17 00:00:00","2014-04-13 00:00:00","2014-04-17 00:00:00","4.0000","49.0000","49.0000","2014-04-16 22:00:00"
"66376","518","6","50","2014-04-06 00:00:00","2014-04-17 00:00:00","2014-04-13 00:00:00","2014-04-17 00:00:00","3.0000","36.7500","36.7500","2014-04-16 22:00:00"
"66376","518","7","60","2014-04-06 00:00:00","2014-04-17 00:00:00","2014-04-13 00:00:00","2014-04-17 00:00:00","4.0000","49.0000","49.0000","2014-04-16 22:00:00"
"66377","519","6","50","2014-04-06 00:00:00","2014-04-17 00:00:00","2014-04-13 00:00:00","2014-04-17 00:00:00","3.0000","36.7500","36.7500","2014-04-16 22:00:00"
"66377","519","7","60","2014-04-06 00:00:00","2014-04-17 00:00:00","2014-04-13 00:00:00","2014-04-17 00:00:00","4.0000","49.0000","49.0000","2014-04-16 22:00:00"
"66378","520","6","50","2014-04-06 00:00:00","2014-04-17 00:00:00","2014-04-13 00:00:00","2014-04-17 00:00:00","3.0000","36.7500","36.7500","2014-04-16 22:00:00"
"66378","520","7","60","2014-04-06 00:00:00","2014-04-17 00:00:00","2014-04-13 00:00:00","2014-04-17 00:00:00","4.0000","49.0000","49.0000","2014-04-16 22:00:00"
"66379","522","6","50","2014-04-06 00:00:00","2014-04-17 00:00:00","2014-04-13 00:00:00","2014-04-17 00:00:00","3.0000","36.7500","36.7500","2014-04-16 22:00:00"
"66379","522","7","60","2014-04-06 00:00:00","2014-04-17 00:00:00","2014-04-13 00:00:00","2014-04-17 00:00:00","4.0000","49.0000","49.0000","2014-04-16 22:00:00"
"66386","748","1","10","2014-04-06 00:00:00","2014-04-17 00:00:00","2014-04-13 00:00:00","2014-04-17 00:00:00","4.1000","92.2500","92.2500","2014-04-16 22:00:00"
"66386","748","2","20","2014-04-06 00:00:00","2014-04-17 00:00:00","2014-04-13 00:00:00","2014-04-17 00:00:00","3.5000","87.5000","87.5000","2014-04-16 22:00:00"
"66386","748","3","30","2014-04-06 00:00:00","2014-04-17 00:00:00","2014-04-13 00:00:00","2014-04-17 00:00:00","1.0000","14.5000","14.5000","2014-04-16 22:00:00"
"66386","748","5","45","2014-04-06 00:00:00","2014-04-17 00:00:00","2014-04-13 00:00:00","2014-04-17 00:00:00","2.0000","36.0000","36.0000","2014-04-16 22:00:00"
"66386","748","6","50","2014-04-06 00:00:00","2014-04-17 00:00:00","2014-04-13 00:00:00","2014-04-17 00:00:00","3.0000","36.7500","36.7500","2014-04-16 22:00:00"
"66386","748","7","60","2014-04-06 00:00:00","2014-04-17 00:00:00","2014-04-13 00:00:00","2014-04-17 00:00:00","4.0000","49.0000","49.0000","2014-04-16 22:00:00"
"66387","805","6","50","2014-04-06 00:00:00","2014-04-17 00:00:00","2014-04-13 00:00:00","2014-04-17 00:00:00","3.0000","36.7500","36.7500","2014-04-16 22:00:00"
"66388","806","6","50","2014-04-06 00:00:00","2014-04-17 00:00:00","2014-04-13 00:00:00","2014-04-17 00:00:00","3.0000","36.7500","36.7500","2014-04-16 22:00:00"
"66389","807","6","50","2014-04-06 00:00:00","2014-04-17 00:00:00","2014-04-13 00:00:00","2014-04-17 00:00:00","3.0000","36.7500","36.7500","2014-04-16 22:00:00"
"66390","808","1","10","2014-04-06 00:00:00","2014-04-17 00:00:00","2014-04-13 00:00:00","2014-04-17 00:00:00","4.1000","92.2500","92.2500","2014-04-16 22:00:00"
"66390","808","2","20","2014-04-06 00:00:00","2014-04-17 00:00:00","2014-04-13 00:00:00","2014-04-17 00:00:00","3.5000","87.5000","87.5000","2014-04-16 22:00:00"
"66390","808","6","50","2014-04-06 00:00:00","2014-04-17 00:00:00","2014-04-13 00:00:00","2014-04-17 00:00:00","3.0000","36.7500","36.7500","2014-04-16 22:00:00"
"66391","810","1","10","2014-04-06 00:00:00","2014-04-17 00:00:00","2014-04-13 00:00:00","2014-04-17 00:00:00","4.1000","92.2500","92.2500","2014-04-16 22:00:00"
"66391","810","2","20","2014-04-06 00:00:00","2014-04-17 00:00:00","2014-04-13 00:00:00","2014-04-17 00:00:00","3.5000","87.5000","87.5000","2014-04-16 22:00:00"
"66391","810","6","50","2014-04-06 00:00:00","2014-04-17 00:00:00","2014-04-13 00:00:00","2014-04-17 00:00:00","3.0000","36.7500","36.7500","2014-04-16 22:00:00"
"66392","811","1","10","2014-04-06 00:00:00","2014-04-17 00:00:00","2014-04-13 00:00:00","2014-04-17 00:00:00","4.1000","92.2500","92.2500","2014-04-16 22:00:00"
"66392","811","2","20","2014-04-06 00:00:00","2014-04-17 00:00:00","2014-04-13 00:00:00","2014-04-17 00:00:00","3.5000","87.5000","87.5000","2014-04-16 22:00:00"
"66392","811","6","50","2014-04-06 00:00:00","2014-04-17 00:00:00","2014-04-13 00:00:00","2014-04-17 00:00:00","3.0000","36.7500","36.7500","2014-04-16 22:00:00"
"66393","812","1","10","2014-04-06 00:00:00","2014-04-17 00:00:00","2014-04-13 00:00:00","2014-04-17 00:00:00","4.1000","92.2500","92.2500","2014-04-16 22:00:00"
"66393","812","2","20","2014-04-06 00:00:00","2014-04-17 00:00:00","2014-04-13 00:00:00","2014-04-17 00:00:00","3.5000","87.5000","87.5000","2014-04-16 22:00:00"
"66393","812","6","50","2014-04-06 00:00:00","2014-04-17 00:00:00","2014-04-13 00:00:00","2014-04-17 00:00:00","3.0000","36.7500","36.7500","2014-04-16 22:00:00"
"66394","813","1","10","2014-04-06 00:00:00","2014-04-17 00:00:00","2014-04-13 00:00:00","2014-04-17 00:00:00","4.1000","92.2500","92.2500","2014-04-16 22:00:00"
"66394","813","2","20","2014-04-06 00:00:00","2014-04-17 00:00:00","2014-04-13 00:00:00","2014-04-17 00:00:00","3.5000","87.5000","87.5000","2014-04-16 22:00:00"
"66394","813","6","50","2014-04-06 00:00:00","2014-04-17 00:00:00","2014-04-13 00:00:00","2014-04-17 00:00:00","3.0000","36.7500","36.7500","2014-04-16 22:00:00"
"66395","815","6","50","2014-04-06 00:00:00","2014-04-17 00:00:00","2014-04-13 00:00:00","2014-04-17 00:00:00","3.0000","36.7500","36.7500","2014-04-16 22:00:00"
"66396","816","6","50","2014-04-06 00:00:00","2014-04-17 00:00:00","2014-04-13 00:00:00","2014-04-17 00:00:00","3.0000","36.7500","36.7500","2014-04-16 22:00:00"
"66397","818","6","50","2014-04-06 00:00:00","2014-04-17 00:00:00","2014-04-13 00:00:00","2014-04-17 00:00:00","3.0000","36.7500","36.7500","2014-04-16 22:00:00"
"66398","819","6","50","2014-04-06 00:00:00","2014-04-17 00:00:00","2014-04-13 00:00:00","2014-04-17 00:00:00","3.0000","36.7500","36.7500","2014-04-16 22:00:00"
"66399","820","6","50","2014-04-06 00:00:00","2014-04-17 00:00:00","2014-04-13 00:00:00","2014-04-17 00:00:00","3.0000","36.7500","36.7500","2014-04-16 22:00:00"
"66400","821","6","50","2014-04-06 00:00:00","2014-04-17 00:00:00","2014-04-13 00:00:00","2014-04-17 00:00:00","3.0000","36.7500","36.7500","2014-04-16 22:00:00"
"66401","823","6","50","2014-04-06 00:00:00","2014-04-17 00:00:00","2014-04-13 00:00:00","2014-04-17 00:00:00","3.0000","36.7500","36.7500","2014-04-16 22:00:00"
"66402","824","6","50","2014-04-06 00:00:00","2014-04-17 00:00:00","2014-04-13 00:00:00","2014-04-17 00:00:00","3.0000","36.7500","36.7500","2014-04-16 22:00:00"
"66403","826","6","50","2014-04-06 00:00:00","2014-04-17 00:00:00","2014-04-13 00:00:00","2014-04-17 00:00:00","3.0000","36.7500","36.7500","2014-04-16 22:00:00"
"66404","827","6","50","2014-04-06 00:00:00","2014-04-17 00:00:00","2014-04-13 00:00:00","2014-04-17 00:00:00","3.0000","36.7500","36.7500","2014-04-16 22:00:00"
"66405","828","6","50","2014-04-06 00:00:00","2014-04-17 00:00:00","2014-04-13 00:00:00","2014-04-17 00:00:00","3.0000","36.7500","36.7500","2014-04-16 22:00:00"
"66406","829","6","50","2014-04-06 00:00:00","2014-04-17 00:00:00","2014-04-13 00:00:00","2014-04-17 00:00:00","3.0000","36.7500","36.7500","2014-04-16 22:00:00"
"66416","894","6","50","2014-04-06 00:00:00","2014-04-17 00:00:00","2014-04-13 00:00:00","2014-04-17 00:00:00","3.0000","36.7500","36.7500","2014-04-16 22:00:00"
"66426","945","1","10","2014-04-06 00:00:00","2014-04-17 00:00:00","2014-04-13 00:00:00","2014-04-17 00:00:00","4.1000","92.2500","92.2500","2014-04-16 22:00:00"
"66426","945","6","50","2014-04-06 00:00:00","2014-04-17 00:00:00","2014-04-13 00:00:00","2014-04-17 00:00:00","3.0000","36.7500","36.7500","2014-04-16 22:00:00"
"66427","946","1","10","2014-04-06 00:00:00","2014-04-17 00:00:00","2014-04-13 00:00:00","2014-04-17 00:00:00","4.1000","92.2500","92.2500","2014-04-16 22:00:00"
"66427","946","2","20","2014-04-06 00:00:00","2014-04-17 00:00:00","2014-04-13 00:00:00","2014-04-17 00:00:00","3.5000","87.5000","87.5000","2014-04-16 22:00:00"
"66427","946","6","50","2014-04-06 00:00:00","2014-04-17 00:00:00","2014-04-13 00:00:00","2014-04-17 00:00:00","3.0000","36.7500","36.7500","2014-04-16 22:00:00"
"66428","947","1","10","2014-04-06 00:00:00","2014-04-17 00:00:00","2014-04-13 00:00:00","2014-04-17 00:00:00","4.1000","92.2500","92.2500","2014-04-16 22:00:00"
"66428","947","2","20","2014-04-06 00:00:00","2014-04-17 00:00:00","2014-04-13 00:00:00","2014-04-17 00:00:00","3.5000","87.5000","87.5000","2014-04-16 22:00:00"
"66428","947","6","50","2014-04-06 00:00:00","2014-04-17 00:00:00","2014-04-13 00:00:00","2014-04-17 00:00:00","3.0000","36.7500","36.7500","2014-04-16 22:00:00"
"66429","949","6","50","2014-04-06 00:00:00","2014-04-17 00:00:00","2014-04-13 00:00:00","2014-04-17 00:00:00","3.0000","36.7500","36.7500","2014-04-16 22:00:00"
"66430","950","6","50","2014-04-06 00:00:00","2014-04-17 00:00:00","2014-04-13 00:00:00","2014-04-17 00:00:00","3.0000","36.7500","36.7500","2014-04-16 22:00:00"
"66431","951","6","50","2014-04-06 00:00:00","2014-04-17 00:00:00","2014-04-13 00:00:00","2014-04-17 00:00:00","3.0000","36.7500","36.7500","2014-04-16 22:00:00"
"66432","994","6","50","2014-04-06 00:00:00","2014-04-17 00:00:00","2014-04-13 00:00:00","2014-04-17 00:00:00","3.0000","36.7500","36.7500","2014-04-16 22:00:00"
"66433","995","6","50","2014-04-06 00:00:00","2014-04-17 00:00:00","2014-04-13 00:00:00","2014-04-17 00:00:00","3.0000","36.7500","36.7500","2014-04-16 22:00:00"
"66434","996","6","50","2014-04-06 00:00:00","2014-04-17 00:00:00","2014-04-13 00:00:00","2014-04-17 00:00:00","3.0000","36.7500","36.7500","2014-04-16 22:00:00"
"66449","802","1","10","2014-04-06 00:00:00","2014-04-17 00:00:00","2014-04-13 00:00:00","2014-04-17 00:00:00","4.1000","92.2500","92.2500","2014-04-16 22:00:00"
"66449","802","6","50","2014-04-06 00:00:00","2014-04-17 00:00:00","2014-04-13 00:00:00","2014-04-17 00:00:00","3.0000","36.7500","36.7500","2014-04-16 22:00:00"
"66450","803","1","10","2014-04-06 00:00:00","2014-04-17 00:00:00","2014-04-13 00:00:00","2014-04-17 00:00:00","4.1000","92.2500","92.2500","2014-04-16 22:00:00"
"66450","803","6","50","2014-04-06 00:00:00","2014-04-17 00:00:00","2014-04-13 00:00:00","2014-04-17 00:00:00","3.0000","36.7500","36.7500","2014-04-16 22:00:00"
"66451","804","1","10","2014-04-06 00:00:00","2014-04-17 00:00:00","2014-04-13 00:00:00","2014-04-17 00:00:00","4.1000","92.2500","92.2500","2014-04-16 22:00:00"
"66451","804","6","50","2014-04-06 00:00:00","2014-04-17 00:00:00","2014-04-13 00:00:00","2014-04-17 00:00:00","3.0000","36.7500","36.7500","2014-04-16 22:00:00"
"66456","779","7","60","2014-04-07 00:00:00","2014-04-18 00:00:00","2014-04-07 00:00:00","2014-04-27 00:00:00","4.0000","49.0000","49.0000","2014-04-26 22:00:00"
"66457","780","7","60","2014-04-07 00:00:00","2014-04-18 00:00:00","2014-04-07 00:00:00","2014-04-27 00:00:00","4.0000","49.0000","49.0000","2014-04-26 22:00:00"
"66458","781","7","60","2014-04-07 00:00:00","2014-04-18 00:00:00","2014-04-07 00:00:00","2014-04-27 00:00:00","4.0000","49.0000","49.0000","2014-04-26 22:00:00"
"66459","782","7","60","2014-04-07 00:00:00","2014-04-18 00:00:00","2014-04-07 00:00:00","2014-04-27 00:00:00","4.0000","49.0000","49.0000","2014-04-26 22:00:00"
"66460","783","7","60","2014-04-07 00:00:00","2014-04-18 00:00:00","2014-04-07 00:00:00","2014-04-27 00:00:00","4.0000","49.0000","49.0000","2014-04-26 22:00:00"
"66461","784","7","60","2014-04-07 00:00:00","2014-04-18 00:00:00","2014-04-07 00:00:00","2014-04-27 00:00:00","4.0000","49.0000","49.0000","2014-04-26 22:00:00"
"66462","796","7","60","2014-04-07 00:00:00","2014-04-18 00:00:00","2014-04-07 00:00:00","2014-04-27 00:00:00","4.0000","49.0000","49.0000","2014-04-26 22:00:00"
"66463","798","7","60","2014-04-07 00:00:00","2014-04-18 00:00:00","2014-04-07 00:00:00","2014-04-27 00:00:00","4.0000","49.0000","49.0000","2014-04-26 22:00:00"
"66464","799","7","60","2014-04-07 00:00:00","2014-04-18 00:00:00","2014-04-07 00:00:00","2014-04-27 00:00:00","4.0000","49.0000","49.0000","2014-04-26 22:00:00"
"66465","953","7","60","2014-04-07 00:00:00","2014-04-18 00:00:00","2014-04-07 00:00:00","2014-04-27 00:00:00","4.0000","49.0000","49.0000","2014-04-26 22:00:00"
"66466","954","7","60","2014-04-07 00:00:00","2014-04-18 00:00:00","2014-04-07 00:00:00","2014-04-27 00:00:00","4.0000","49.0000","49.0000","2014-04-26 22:00:00"
"66467","956","7","60","2014-04-07 00:00:00","2014-04-18 00:00:00","2014-04-07 00:00:00","2014-04-27 00:00:00","4.0000","49.0000","49.0000","2014-04-26 22:00:00"
"66468","957","7","60","2014-04-07 00:00:00","2014-04-18 00:00:00","2014-04-07 00:00:00","2014-04-27 00:00:00","4.0000","49.0000","49.0000","2014-04-26 22:00:00"
"66469","960","7","60","2014-04-07 00:00:00","2014-04-18 00:00:00","2014-04-07 00:00:00","2014-04-27 00:00:00","4.0000","49.0000","49.0000","2014-04-26 22:00:00"
"66470","968","7","60","2014-04-07 00:00:00","2014-04-18 00:00:00","2014-04-07 00:00:00","2014-04-27 00:00:00","4.0000","49.0000","49.0000","2014-04-26 22:00:00"
"66471","969","7","60","2014-04-07 00:00:00","2014-04-18 00:00:00","2014-04-07 00:00:00","2014-04-27 00:00:00","4.0000","49.0000","49.0000","2014-04-26 22:00:00"
"66472","971","7","60","2014-04-07 00:00:00","2014-04-18 00:00:00","2014-04-07 00:00:00","2014-04-27 00:00:00","4.0000","49.0000","49.0000","2014-04-26 22:00:00"
"66473","972","7","60","2014-04-07 00:00:00","2014-04-18 00:00:00","2014-04-07 00:00:00","2014-04-27 00:00:00","4.0000","49.0000","49.0000","2014-04-26 22:00:00"
"66474","973","7","60","2014-04-07 00:00:00","2014-04-18 00:00:00","2014-04-07 00:00:00","2014-04-27 00:00:00","4.0000","49.0000","49.0000","2014-04-26 22:00:00"
"66475","974","7","60","2014-04-07 00:00:00","2014-04-18 00:00:00","2014-04-07 00:00:00","2014-04-27 00:00:00","4.0000","49.0000","49.0000","2014-04-26 22:00:00"
"66476","976","7","60","2014-04-07 00:00:00","2014-04-18 00:00:00","2014-04-07 00:00:00","2014-04-27 00:00:00","4.0000","49.0000","49.0000","2014-04-26 22:00:00"
"66477","977","7","60","2014-04-07 00:00:00","2014-04-18 00:00:00","2014-04-07 00:00:00","2014-04-27 00:00:00","4.0000","49.0000","49.0000","2014-04-26 22:00:00"
"66478","984","7","60","2014-04-07 00:00:00","2014-04-18 00:00:00","2014-04-07 00:00:00","2014-04-27 00:00:00","4.0000","49.0000","49.0000","2014-04-26 22:00:00"
"66479","987","7","60","2014-04-07 00:00:00","2014-04-18 00:00:00","2014-04-07 00:00:00","2014-04-27 00:00:00","4.0000","49.0000","49.0000","2014-04-26 22:00:00"
"66480","997","7","60","2014-04-07 00:00:00","2014-04-18 00:00:00","2014-04-07 00:00:00","2014-04-27 00:00:00","4.0000","49.0000","49.0000","2014-04-26 22:00:00"
"66481","998","7","60","2014-04-07 00:00:00","2014-04-18 00:00:00","2014-04-07 00:00:00","2014-04-27 00:00:00","4.0000","49.0000","49.0000","2014-04-26 22:00:00"
"66482","999","7","60","2014-04-07 00:00:00","2014-04-18 00:00:00","2014-04-07 00:00:00","2014-04-27 00:00:00","4.0000","49.0000","49.0000","2014-04-26 22:00:00"
"66483","514","6","50","2014-04-07 00:00:00","2014-04-18 00:00:00","2014-04-07 00:00:00","2014-04-27 00:00:00","3.0000","36.7500","36.7500","2014-04-26 22:00:00"
"66483","514","7","60","2014-04-07 00:00:00","2014-04-18 00:00:00","2014-04-07 00:00:00","2014-04-27 00:00:00","4.0000","49.0000","49.0000","2014-04-26 22:00:00"
"66484","516","6","50","2014-04-07 00:00:00","2014-04-18 00:00:00","2014-04-07 00:00:00","2014-04-27 00:00:00","3.0000","36.7500","36.7500","2014-04-26 22:00:00"
"66484","516","7","60","2014-04-07 00:00:00","2014-04-18 00:00:00","2014-04-07 00:00:00","2014-04-27 00:00:00","4.0000","49.0000","49.0000","2014-04-26 22:00:00"
"66485","517","6","50","2014-04-07 00:00:00","2014-04-18 00:00:00","2014-04-07 00:00:00","2014-04-27 00:00:00","3.0000","36.7500","36.7500","2014-04-26 22:00:00"
"66485","517","7","60","2014-04-07 00:00:00","2014-04-18 00:00:00","2014-04-07 00:00:00","2014-04-27 00:00:00","4.0000","49.0000","49.0000","2014-04-26 22:00:00"
"66486","518","6","50","2014-04-07 00:00:00","2014-04-18 00:00:00","2014-04-07 00:00:00","2014-04-27 00:00:00","3.0000","36.7500","36.7500","2014-04-26 22:00:00"
"66486","518","7","60","2014-04-07 00:00:00","2014-04-18 00:00:00","2014-04-07 00:00:00","2014-04-27 00:00:00","4.0000","49.0000","49.0000","2014-04-26 22:00:00"
"66487","519","6","50","2014-04-07 00:00:00","2014-04-18 00:00:00","2014-04-07 00:00:00","2014-04-27 00:00:00","3.0000","36.7500","36.7500","2014-04-26 22:00:00"
"66487","519","7","60","2014-04-07 00:00:00","2014-04-18 00:00:00","2014-04-07 00:00:00","2014-04-27 00:00:00","4.0000","49.0000","49.0000","2014-04-26 22:00:00"
"66488","520","6","50","2014-04-07 00:00:00","2014-04-18 00:00:00","2014-04-07 00:00:00","2014-04-27 00:00:00","3.0000","36.7500","36.7500","2014-04-26 22:00:00"
"66488","520","7","60","2014-04-07 00:00:00","2014-04-18 00:00:00","2014-04-07 00:00:00","2014-04-27 00:00:00","4.0000","49.0000","49.0000","2014-04-26 22:00:00"
"66489","521","6","50","2014-04-07 00:00:00","2014-04-18 00:00:00","2014-04-07 00:00:00","2014-04-27 00:00:00","3.0000","36.7500","36.7500","2014-04-26 22:00:00"
"66489","521","7","60","2014-04-07 00:00:00","2014-04-18 00:00:00","2014-04-07 00:00:00","2014-04-27 00:00:00","4.0000","49.0000","49.0000","2014-04-26 22:00:00"
"66490","522","6","50","2014-04-07 00:00:00","2014-04-18 00:00:00","2014-04-07 00:00:00","2014-04-27 00:00:00","3.0000","36.7500","36.7500","2014-04-26 22:00:00"
"66490","522","7","60","2014-04-07 00:00:00","2014-04-18 00:00:00","2014-04-07 00:00:00","2014-04-27 00:00:00","4.0000","49.0000","49.0000","2014-04-26 22:00:00"
"66500","747","1","10","2014-04-07 00:00:00","2014-04-18 00:00:00","2014-04-07 00:00:00","2014-04-27 00:00:00","4.1000","92.2500","92.2500","2014-04-26 22:00:00"
"66500","747","2","20","2014-04-07 00:00:00","2014-04-18 00:00:00","2014-04-07 00:00:00","2014-04-27 00:00:00","3.5000","87.5000","87.5000","2014-04-26 22:00:00"
"66500","747","3","30","2014-04-07 00:00:00","2014-04-18 00:00:00","2014-04-07 00:00:00","2014-04-27 00:00:00","1.0000","14.5000","14.5000","2014-04-26 22:00:00"
"66500","747","4","40","2014-04-07 00:00:00","2014-04-18 00:00:00","2014-04-07 00:00:00","2014-04-27 00:00:00","2.0000","31.5000","31.5000","2014-04-26 22:00:00"
"66500","747","6","50","2014-04-07 00:00:00","2014-04-18 00:00:00","2014-04-07 00:00:00","2014-04-27 00:00:00","3.0000","36.7500","36.7500","2014-04-26 22:00:00"
"66500","747","7","60","2014-04-07 00:00:00","2014-04-18 00:00:00","2014-04-07 00:00:00","2014-04-27 00:00:00","4.0000","49.0000","49.0000","2014-04-26 22:00:00"
"66501","748","1","10","2014-04-07 00:00:00","2014-04-18 00:00:00","2014-04-07 00:00:00","2014-04-27 00:00:00","4.1000","92.2500","92.2500","2014-04-26 22:00:00"
"66501","748","2","20","2014-04-07 00:00:00","2014-04-18 00:00:00","2014-04-07 00:00:00","2014-04-27 00:00:00","3.5000","87.5000","87.5000","2014-04-26 22:00:00"
"66501","748","3","30","2014-04-07 00:00:00","2014-04-18 00:00:00","2014-04-07 00:00:00","2014-04-27 00:00:00","1.0000","14.5000","14.5000","2014-04-26 22:00:00"
"66501","748","5","45","2014-04-07 00:00:00","2014-04-18 00:00:00","2014-04-07 00:00:00","2014-04-27 00:00:00","2.0000","36.0000","36.0000","2014-04-26 22:00:00"
"66501","748","6","50","2014-04-07 00:00:00","2014-04-18 00:00:00","2014-04-07 00:00:00","2014-04-27 00:00:00","3.0000","36.7500","36.7500","2014-04-26 22:00:00"
"66501","748","7","60","2014-04-07 00:00:00","2014-04-18 00:00:00","2014-04-07 00:00:00","2014-04-27 00:00:00","4.0000","49.0000","49.0000","2014-04-26 22:00:00"
"66502","805","6","50","2014-04-07 00:00:00","2014-04-18 00:00:00","2014-04-07 00:00:00","2014-04-27 00:00:00","3.0000","36.7500","36.7500","2014-04-26 22:00:00"
"66503","806","6","50","2014-04-07 00:00:00","2014-04-18 00:00:00","2014-04-07 00:00:00","2014-04-27 00:00:00","3.0000","36.7500","36.7500","2014-04-26 22:00:00"
"66504","807","6","50","2014-04-07 00:00:00","2014-04-18 00:00:00","2014-04-07 00:00:00","2014-04-27 00:00:00","3.0000","36.7500","36.7500","2014-04-26 22:00:00"
"66505","808","1","10","2014-04-07 00:00:00","2014-04-18 00:00:00","2014-04-07 00:00:00","2014-04-27 00:00:00","4.1000","92.2500","92.2500","2014-04-26 22:00:00"
"66505","808","2","20","2014-04-07 00:00:00","2014-04-18 00:00:00","2014-04-07 00:00:00","2014-04-27 00:00:00","3.5000","87.5000","87.5000","2014-04-26 22:00:00"
"66505","808","6","50","2014-04-07 00:00:00","2014-04-18 00:00:00","2014-04-07 00:00:00","2014-04-27 00:00:00","3.0000","36.7500","36.7500","2014-04-26 22:00:00"
"66506","810","1","10","2014-04-07 00:00:00","2014-04-18 00:00:00","2014-04-07 00:00:00","2014-04-27 00:00:00","4.1000","92.2500","92.2500","2014-04-26 22:00:00"
"66506","810","2","20","2014-04-07 00:00:00","2014-04-18 00:00:00","2014-04-07 00:00:00","2014-04-27 00:00:00","3.5000","87.5000","87.5000","2014-04-26 22:00:00"
"66506","810","6","50","2014-04-07 00:00:00","2014-04-18 00:00:00","2014-04-07 00:00:00","2014-04-27 00:00:00","3.0000","36.7500","36.7500","2014-04-26 22:00:00"
"66507","811","1","10","2014-04-07 00:00:00","2014-04-18 00:00:00","2014-04-07 00:00:00","2014-04-27 00:00:00","4.1000","92.2500","92.2500","2014-04-26 22:00:00"
"66507","811","2","20","2014-04-07 00:00:00","2014-04-18 00:00:00","2014-04-07 00:00:00","2014-04-27 00:00:00","3.5000","87.5000","87.5000","2014-04-26 22:00:00"
"66507","811","6","50","2014-04-07 00:00:00","2014-04-18 00:00:00","2014-04-07 00:00:00","2014-04-27 00:00:00","3.0000","36.7500","36.7500","2014-04-26 22:00:00"
"66508","812","1","10","2014-04-07 00:00:00","2014-04-18 00:00:00","2014-04-07 00:00:00","2014-04-27 00:00:00","4.1000","92.2500","92.2500","2014-04-26 22:00:00"
"66508","812","2","20","2014-04-07 00:00:00","2014-04-18 00:00:00","2014-04-07 00:00:00","2014-04-27 00:00:00","3.5000","87.5000","87.5000","2014-04-26 22:00:00"
"66508","812","6","50","2014-04-07 00:00:00","2014-04-18 00:00:00","2014-04-07 00:00:00","2014-04-27 00:00:00","3.0000","36.7500","36.7500","2014-04-26 22:00:00"
"66509","813","1","10","2014-04-07 00:00:00","2014-04-18 00:00:00","2014-04-07 00:00:00","2014-04-27 00:00:00","4.1000","92.2500","92.2500","2014-04-26 22:00:00"
"66509","813","2","20","2014-04-07 00:00:00","2014-04-18 00:00:00","2014-04-07 00:00:00","2014-04-27 00:00:00","3.5000","87.5000","87.5000","2014-04-26 22:00:00"
"66509","813","6","50","2014-04-07 00:00:00","2014-04-18 00:00:00","2014-04-07 00:00:00","2014-04-27 00:00:00","3.0000","36.7500","36.7500","2014-04-26 22:00:00"
"66510","815","6","50","2014-04-07 00:00:00","2014-04-18 00:00:00","2014-04-07 00:00:00","2014-04-27 00:00:00","3.0000","36.7500","36.7500","2014-04-26 22:00:00"
"66511","816","6","50","2014-04-07 00:00:00","2014-04-18 00:00:00","2014-04-07 00:00:00","2014-04-27 00:00:00","3.0000","36.7500","36.7500","2014-04-26 22:00:00"
"66512","818","6","50","2014-04-07 00:00:00","2014-04-18 00:00:00","2014-04-07 00:00:00","2014-04-27 00:00:00","3.0000","36.7500","36.7500","2014-04-26 22:00:00"
"66513","819","6","50","2014-04-07 00:00:00","2014-04-18 00:00:00","2014-04-07 00:00:00","2014-04-27 00:00:00","3.0000","36.7500","36.7500","2014-04-26 22:00:00"
"66514","820","6","50","2014-04-07 00:00:00","2014-04-18 00:00:00","2014-04-07 00:00:00","2014-04-27 00:00:00","3.0000","36.7500","36.7500","2014-04-26 22:00:00"
"66515","821","6","50","2014-04-07 00:00:00","2014-04-18 00:00:00","2014-04-07 00:00:00","2014-04-27 00:00:00","3.0000","36.7500","36.7500","2014-04-26 22:00:00"
"66516","823","6","50","2014-04-07 00:00:00","2014-04-18 00:00:00","2014-04-07 00:00:00","2014-04-27 00:00:00","3.0000","36.7500","36.7500","2014-04-26 22:00:00"
"66517","824","6","50","2014-04-07 00:00:00","2014-04-18 00:00:00","2014-04-07 00:00:00","2014-04-27 00:00:00","3.0000","36.7500","36.7500","2014-04-26 22:00:00"
"66518","826","6","50","2014-04-07 00:00:00","2014-04-18 00:00:00","2014-04-07 00:00:00","2014-04-27 00:00:00","3.0000","36.7500","36.7500","2014-04-26 22:00:00"
"66519","827","6","50","2014-04-07 00:00:00","2014-04-18 00:00:00","2014-04-07 00:00:00","2014-04-27 00:00:00","3.0000","36.7500","36.7500","2014-04-26 22:00:00"
"66520","828","6","50","2014-04-07 00:00:00","2014-04-18 00:00:00","2014-04-07 00:00:00","2014-04-27 00:00:00","3.0000","36.7500","36.7500","2014-04-26 22:00:00"
"66521","829","6","50","2014-04-07 00:00:00","2014-04-18 00:00:00","2014-04-07 00:00:00","2014-04-27 00:00:00","3.0000","36.7500","36.7500","2014-04-26 22:00:00"
"66531","894","6","50","2014-04-07 00:00:00","2014-04-18 00:00:00","2014-04-07 00:00:00","2014-04-27 00:00:00","3.0000","36.7500","36.7500","2014-04-26 22:00:00"
"66534","944","1","10","2014-04-07 00:00:00","2014-04-18 00:00:00","2014-04-07 00:00:00","2014-04-27 00:00:00","4.1000","92.2500","92.2500","2014-04-26 22:00:00"
"66534","944","2","20","2014-04-07 00:00:00","2014-04-18 00:00:00","2014-04-07 00:00:00","2014-04-27 00:00:00","3.5000","87.5000","87.5000","2014-04-26 22:00:00"
"66534","944","3","30","2014-04-07 00:00:00","2014-04-18 00:00:00","2014-04-07 00:00:00","2014-04-27 00:00:00","1.0000","14.5000","14.5000","2014-04-26 22:00:00"
"66534","944","5","45","2014-04-07 00:00:00","2014-04-18 00:00:00","2014-04-07 00:00:00","2014-04-27 00:00:00","2.0000","36.0000","36.0000","2014-04-26 22:00:00"
"66534","944","6","50","2014-04-07 00:00:00","2014-04-18 00:00:00","2014-04-07 00:00:00","2014-04-27 00:00:00","3.0000","36.7500","36.7500","2014-04-26 22:00:00"
"66534","944","7","60","2014-04-07 00:00:00","2014-04-18 00:00:00","2014-04-07 00:00:00","2014-04-27 00:00:00","4.0000","49.0000","49.0000","2014-04-26 22:00:00"
"66535","945","1","10","2014-04-07 00:00:00","2014-04-18 00:00:00","2014-04-07 00:00:00","2014-04-27 00:00:00","4.1000","92.2500","92.2500","2014-04-26 22:00:00"
"66535","945","6","50","2014-04-07 00:00:00","2014-04-18 00:00:00","2014-04-07 00:00:00","2014-04-27 00:00:00","3.0000","36.7500","36.7500","2014-04-26 22:00:00"
"66536","946","1","10","2014-04-07 00:00:00","2014-04-18 00:00:00","2014-04-07 00:00:00","2014-04-27 00:00:00","4.1000","92.2500","92.2500","2014-04-26 22:00:00"
"66536","946","2","20","2014-04-07 00:00:00","2014-04-18 00:00:00","2014-04-07 00:00:00","2014-04-27 00:00:00","3.5000","87.5000","87.5000","2014-04-26 22:00:00"
"66536","946","6","50","2014-04-07 00:00:00","2014-04-18 00:00:00","2014-04-07 00:00:00","2014-04-27 00:00:00","3.0000","36.7500","36.7500","2014-04-26 22:00:00"
"66537","947","1","10","2014-04-07 00:00:00","2014-04-18 00:00:00","2014-04-07 00:00:00","2014-04-27 00:00:00","4.1000","92.2500","92.2500","2014-04-26 22:00:00"
"66537","947","2","20","2014-04-07 00:00:00","2014-04-18 00:00:00","2014-04-07 00:00:00","2014-04-27 00:00:00","3.5000","87.5000","87.5000","2014-04-26 22:00:00"
"66537","947","6","50","2014-04-07 00:00:00","2014-04-18 00:00:00","2014-04-07 00:00:00","2014-04-27 00:00:00","3.0000","36.7500","36.7500","2014-04-26 22:00:00"
"66538","949","6","50","2014-04-07 00:00:00","2014-04-18 00:00:00","2014-04-07 00:00:00","2014-04-27 00:00:00","3.0000","36.7500","36.7500","2014-04-26 22:00:00"
"66539","950","6","50","2014-04-07 00:00:00","2014-04-18 00:00:00","2014-04-07 00:00:00","2014-04-27 00:00:00","3.0000","36.7500","36.7500","2014-04-26 22:00:00"
"66540","951","6","50","2014-04-07 00:00:00","2014-04-18 00:00:00","2014-04-07 00:00:00","2014-04-27 00:00:00","3.0000","36.7500","36.7500","2014-04-26 22:00:00"
"66541","994","6","50","2014-04-07 00:00:00","2014-04-18 00:00:00","2014-04-07 00:00:00","2014-04-27 00:00:00","3.0000","36.7500","36.7500","2014-04-26 22:00:00"
"66542","995","6","50","2014-04-07 00:00:00","2014-04-18 00:00:00","2014-04-07 00:00:00","2014-04-27 00:00:00","3.0000","36.7500","36.7500","2014-04-26 22:00:00"
"66543","996","6","50","2014-04-07 00:00:00","2014-04-18 00:00:00","2014-04-07 00:00:00","2014-04-27 00:00:00","3.0000","36.7500","36.7500","2014-04-26 22:00:00"
"66558","802","1","10","2014-04-07 00:00:00","2014-04-18 00:00:00","2014-04-07 00:00:00","2014-04-27 00:00:00","4.1000","92.2500","92.2500","2014-04-26 22:00:00"
"66558","802","6","50","2014-04-07 00:00:00","2014-04-18 00:00:00","2014-04-07 00:00:00","2014-04-27 00:00:00","3.0000","36.7500","36.7500","2014-04-26 22:00:00"
"66559","803","1","10","2014-04-07 00:00:00","2014-04-18 00:00:00","2014-04-07 00:00:00","2014-04-27 00:00:00","4.1000","92.2500","92.2500","2014-04-26 22:00:00"
"66559","803","6","50","2014-04-07 00:00:00","2014-04-18 00:00:00","2014-04-07 00:00:00","2014-04-27 00:00:00","3.0000","36.7500","36.7500","2014-04-26 22:00:00"
"66560","804","1","10","2014-04-07 00:00:00","2014-04-18 00:00:00","2014-04-07 00:00:00","2014-04-27 00:00:00","4.1000","92.2500","92.2500","2014-04-26 22:00:00"
"66560","804","6","50","2014-04-07 00:00:00","2014-04-18 00:00:00","2014-04-07 00:00:00","2014-04-27 00:00:00","3.0000","36.7500","36.7500","2014-04-26 22:00:00"
"66565","779","7","60","2014-04-08 00:00:00","2014-04-19 00:00:00","2014-04-17 00:00:00","2014-04-19 00:00:00","4.0000","49.0000","49.0000","2014-04-18 22:00:00"
"66566","780","7","60","2014-04-08 00:00:00","2014-04-19 00:00:00","2014-04-17 00:00:00","2014-04-19 00:00:00","4.0000","49.0000","49.0000","2014-04-18 22:00:00"
"66567","782","7","60","2014-04-08 00:00:00","2014-04-19 00:00:00","2014-04-17 00:00:00","2014-04-19 00:00:00","4.0000","49.0000","49.0000","2014-04-18 22:00:00"
"66568","783","7","60","2014-04-08 00:00:00","2014-04-19 00:00:00","2014-04-17 00:00:00","2014-04-19 00:00:00","4.0000","49.0000","49.0000","2014-04-18 22:00:00"
"66569","784","7","60","2014-04-08 00:00:00","2014-04-19 00:00:00","2014-04-17 00:00:00","2014-04-19 00:00:00","4.0000","49.0000","49.0000","2014-04-18 22:00:00"
"66570","795","7","60","2014-04-08 00:00:00","2014-04-19 00:00:00","2014-04-17 00:00:00","2014-04-19 00:00:00","4.0000","49.0000","49.0000","2014-04-18 22:00:00"
"66571","797","7","60","2014-04-08 00:00:00","2014-04-19 00:00:00","2014-04-17 00:00:00","2014-04-19 00:00:00","4.0000","49.0000","49.0000","2014-04-18 22:00:00"
"66572","798","7","60","2014-04-08 00:00:00","2014-04-19 00:00:00","2014-04-17 00:00:00","2014-04-19 00:00:00","4.0000","49.0000","49.0000","2014-04-18 22:00:00"
"66573","799","7","60","2014-04-08 00:00:00","2014-04-19 00:00:00","2014-04-17 00:00:00","2014-04-19 00:00:00","4.0000","49.0000","49.0000","2014-04-18 22:00:00"
"66574","801","7","60","2014-04-08 00:00:00","2014-04-19 00:00:00","2014-04-17 00:00:00","2014-04-19 00:00:00","4.0000","49.0000","49.0000","2014-04-18 22:00:00"
"66575","953","7","60","2014-04-08 00:00:00","2014-04-19 00:00:00","2014-04-17 00:00:00","2014-04-19 00:00:00","4.0000","49.0000","49.0000","2014-04-18 22:00:00"
"66576","956","7","60","2014-04-08 00:00:00","2014-04-19 00:00:00","2014-04-17 00:00:00","2014-04-19 00:00:00","4.0000","49.0000","49.0000","2014-04-18 22:00:00"
"66577","957","7","60","2014-04-08 00:00:00","2014-04-19 00:00:00","2014-04-17 00:00:00","2014-04-19 00:00:00","4.0000","49.0000","49.0000","2014-04-18 22:00:00"
"66578","958","7","60","2014-04-08 00:00:00","2014-04-19 00:00:00","2014-04-17 00:00:00","2014-04-19 00:00:00","4.0000","49.0000","49.0000","2014-04-18 22:00:00"
"66579","963","7","60","2014-04-08 00:00:00","2014-04-19 00:00:00","2014-04-17 00:00:00","2014-04-19 00:00:00","4.0000","49.0000","49.0000","2014-04-18 22:00:00"
"66580","967","7","60","2014-04-08 00:00:00","2014-04-19 00:00:00","2014-04-17 00:00:00","2014-04-19 00:00:00","4.0000","49.0000","49.0000","2014-04-18 22:00:00"
"66581","969","7","60","2014-04-08 00:00:00","2014-04-19 00:00:00","2014-04-17 00:00:00","2014-04-19 00:00:00","4.0000","49.0000","49.0000","2014-04-18 22:00:00"
"66582","972","7","60","2014-04-08 00:00:00","2014-04-19 00:00:00","2014-04-17 00:00:00","2014-04-19 00:00:00","4.0000","49.0000","49.0000","2014-04-18 22:00:00"
"66583","975","7","60","2014-04-08 00:00:00","2014-04-19 00:00:00","2014-04-17 00:00:00","2014-04-19 00:00:00","4.0000","49.0000","49.0000","2014-04-18 22:00:00"
"66584","977","7","60","2014-04-08 00:00:00","2014-04-19 00:00:00","2014-04-17 00:00:00","2014-04-19 00:00:00","4.0000","49.0000","49.0000","2014-04-18 22:00:00"
"66585","978","7","60","2014-04-08 00:00:00","2014-04-19 00:00:00","2014-04-17 00:00:00","2014-04-19 00:00:00","4.0000","49.0000","49.0000","2014-04-18 22:00:00"
"66586","980","7","60","2014-04-08 00:00:00","2014-04-19 00:00:00","2014-04-17 00:00:00","2014-04-19 00:00:00","4.0000","49.0000","49.0000","2014-04-18 22:00:00"
"66587","983","7","60","2014-04-08 00:00:00","2014-04-19 00:00:00","2014-04-17 00:00:00","2014-04-19 00:00:00","4.0000","49.0000","49.0000","2014-04-18 22:00:00"
"66588","986","7","60","2014-04-08 00:00:00","2014-04-19 00:00:00","2014-04-17 00:00:00","2014-04-19 00:00:00","4.0000","49.0000","49.0000","2014-04-18 22:00:00"
"66589","988","7","60","2014-04-08 00:00:00","2014-04-19 00:00:00","2014-04-17 00:00:00","2014-04-19 00:00:00","4.0000","49.0000","49.0000","2014-04-18 22:00:00"
"66590","989","7","60","2014-04-08 00:00:00","2014-04-19 00:00:00","2014-04-17 00:00:00","2014-04-19 00:00:00","4.0000","49.0000","49.0000","2014-04-18 22:00:00"
"66591","997","7","60","2014-04-08 00:00:00","2014-04-19 00:00:00","2014-04-17 00:00:00","2014-04-19 00:00:00","4.0000","49.0000","49.0000","2014-04-18 22:00:00"
"66592","998","7","60","2014-04-08 00:00:00","2014-04-19 00:00:00","2014-04-17 00:00:00","2014-04-19 00:00:00","4.0000","49.0000","49.0000","2014-04-18 22:00:00"
"66593","999","7","60","2014-04-08 00:00:00","2014-04-19 00:00:00","2014-04-17 00:00:00","2014-04-19 00:00:00","4.0000","49.0000","49.0000","2014-04-18 22:00:00"
"66594","514","6","50","2014-04-08 00:00:00","2014-04-19 00:00:00","2014-04-17 00:00:00","2014-04-19 00:00:00","3.0000","36.7500","36.7500","2014-04-18 22:00:00"
"66594","514","7","60","2014-04-08 00:00:00","2014-04-19 00:00:00","2014-04-17 00:00:00","2014-04-19 00:00:00","4.0000","49.0000","49.0000","2014-04-18 22:00:00"
"66595","516","6","50","2014-04-08 00:00:00","2014-04-19 00:00:00","2014-04-17 00:00:00","2014-04-19 00:00:00","3.0000","36.7500","36.7500","2014-04-18 22:00:00"
"66595","516","7","60","2014-04-08 00:00:00","2014-04-19 00:00:00","2014-04-17 00:00:00","2014-04-19 00:00:00","4.0000","49.0000","49.0000","2014-04-18 22:00:00"
"66596","517","6","50","2014-04-08 00:00:00","2014-04-19 00:00:00","2014-04-17 00:00:00","2014-04-19 00:00:00","3.0000","36.7500","36.7500","2014-04-18 22:00:00"
"66596","517","7","60","2014-04-08 00:00:00","2014-04-19 00:00:00","2014-04-17 00:00:00","2014-04-19 00:00:00","4.0000","49.0000","49.0000","2014-04-18 22:00:00"
"66597","518","6","50","2014-04-08 00:00:00","2014-04-19 00:00:00","2014-04-17 00:00:00","2014-04-19 00:00:00","3.0000","36.7500","36.7500","2014-04-18 22:00:00"
"66597","518","7","60","2014-04-08 00:00:00","2014-04-19 00:00:00","2014-04-17 00:00:00","2014-04-19 00:00:00","4.0000","49.0000","49.0000","2014-04-18 22:00:00"
"66598","519","6","50","2014-04-08 00:00:00","2014-04-19 00:00:00","2014-04-17 00:00:00","2014-04-19 00:00:00","3.0000","36.7500","36.7500","2014-04-18 22:00:00"
"66598","519","7","60","2014-04-08 00:00:00","2014-04-19 00:00:00","2014-04-17 00:00:00","2014-04-19 00:00:00","4.0000","49.0000","49.0000","2014-04-18 22:00:00"
"66599","520","6","50","2014-04-08 00:00:00","2014-04-19 00:00:00","2014-04-17 00:00:00","2014-04-19 00:00:00","3.0000","36.7500","36.7500","2014-04-18 22:00:00"
"66599","520","7","60","2014-04-08 00:00:00","2014-04-19 00:00:00","2014-04-17 00:00:00","2014-04-19 00:00:00","4.0000","49.0000","49.0000","2014-04-18 22:00:00"
"66600","521","6","50","2014-04-08 00:00:00","2014-04-19 00:00:00","2014-04-17 00:00:00","2014-04-19 00:00:00","3.0000","36.7500","36.7500","2014-04-18 22:00:00"
"66600","521","7","60","2014-04-08 00:00:00","2014-04-19 00:00:00","2014-04-17 00:00:00","2014-04-19 00:00:00","4.0000","49.0000","49.0000","2014-04-18 22:00:00"
"66601","522","6","50","2014-04-08 00:00:00","2014-04-19 00:00:00","2014-04-17 00:00:00","2014-04-19 00:00:00","3.0000","36.7500","36.7500","2014-04-18 22:00:00"
"66601","522","7","60","2014-04-08 00:00:00","2014-04-19 00:00:00","2014-04-17 00:00:00","2014-04-19 00:00:00","4.0000","49.0000","49.0000","2014-04-18 22:00:00"
"66609","747","1","10","2014-04-08 00:00:00","2014-04-19 00:00:00","2014-04-17 00:00:00","2014-04-19 00:00:00","4.1000","92.2500","92.2500","2014-04-18 22:00:00"
"66609","747","2","20","2014-04-08 00:00:00","2014-04-19 00:00:00","2014-04-17 00:00:00","2014-04-19 00:00:00","3.5000","87.5000","87.5000","2014-04-18 22:00:00"
"66609","747","3","30","2014-04-08 00:00:00","2014-04-19 00:00:00","2014-04-17 00:00:00","2014-04-19 00:00:00","1.0000","14.5000","14.5000","2014-04-18 22:00:00"
"66609","747","4","40","2014-04-08 00:00:00","2014-04-19 00:00:00","2014-04-17 00:00:00","2014-04-19 00:00:00","2.0000","31.5000","31.5000","2014-04-18 22:00:00"
"66609","747","6","50","2014-04-08 00:00:00","2014-04-19 00:00:00","2014-04-17 00:00:00","2014-04-19 00:00:00","3.0000","36.7500","36.7500","2014-04-18 22:00:00"
"66609","747","7","60","2014-04-08 00:00:00","2014-04-19 00:00:00","2014-04-17 00:00:00","2014-04-19 00:00:00","4.0000","49.0000","49.0000","2014-04-18 22:00:00"
"66610","748","1","10","2014-04-08 00:00:00","2014-04-19 00:00:00","2014-04-17 00:00:00","2014-04-19 00:00:00","4.1000","92.2500","92.2500","2014-04-18 22:00:00"
"66610","748","2","20","2014-04-08 00:00:00","2014-04-19 00:00:00","2014-04-17 00:00:00","2014-04-19 00:00:00","3.5000","87.5000","87.5000","2014-04-18 22:00:00"
"66610","748","3","30","2014-04-08 00:00:00","2014-04-19 00:00:00","2014-04-17 00:00:00","2014-04-19 00:00:00","1.0000","14.5000","14.5000","2014-04-18 22:00:00"
"66610","748","5","45","2014-04-08 00:00:00","2014-04-19 00:00:00","2014-04-17 00:00:00","2014-04-19 00:00:00","2.0000","36.0000","36.0000","2014-04-18 22:00:00"
"66610","748","6","50","2014-04-08 00:00:00","2014-04-19 00:00:00","2014-04-17 00:00:00","2014-04-19 00:00:00","3.0000","36.7500","36.7500","2014-04-18 22:00:00"
"66610","748","7","60","2014-04-08 00:00:00","2014-04-19 00:00:00","2014-04-17 00:00:00","2014-04-19 00:00:00","4.0000","49.0000","49.0000","2014-04-18 22:00:00"
"66611","805","6","50","2014-04-08 00:00:00","2014-04-19 00:00:00","2014-04-17 00:00:00","2014-04-19 00:00:00","3.0000","36.7500","36.7500","2014-04-18 22:00:00"
"66612","806","6","50","2014-04-08 00:00:00","2014-04-19 00:00:00","2014-04-17 00:00:00","2014-04-19 00:00:00","3.0000","36.7500","36.7500","2014-04-18 22:00:00"
"66613","807","6","50","2014-04-08 00:00:00","2014-04-19 00:00:00","2014-04-17 00:00:00","2014-04-19 00:00:00","3.0000","36.7500","36.7500","2014-04-18 22:00:00"
"66614","808","1","10","2014-04-08 00:00:00","2014-04-19 00:00:00","2014-04-17 00:00:00","2014-04-19 00:00:00","4.1000","92.2500","92.2500","2014-04-18 22:00:00"
"66614","808","2","20","2014-04-08 00:00:00","2014-04-19 00:00:00","2014-04-17 00:00:00","2014-04-19 00:00:00","3.5000","87.5000","87.5000","2014-04-18 22:00:00"
"66614","808","6","50","2014-04-08 00:00:00","2014-04-19 00:00:00","2014-04-17 00:00:00","2014-04-19 00:00:00","3.0000","36.7500","36.7500","2014-04-18 22:00:00"
"66615","810","1","10","2014-04-08 00:00:00","2014-04-19 00:00:00","2014-04-17 00:00:00","2014-04-19 00:00:00","4.1000","92.2500","92.2500","2014-04-18 22:00:00"
"66615","810","2","20","2014-04-08 00:00:00","2014-04-19 00:00:00","2014-04-17 00:00:00","2014-04-19 00:00:00","3.5000","87.5000","87.5000","2014-04-18 22:00:00"
"66615","810","6","50","2014-04-08 00:00:00","2014-04-19 00:00:00","2014-04-17 00:00:00","2014-04-19 00:00:00","3.0000","36.7500","36.7500","2014-04-18 22:00:00"
"66616","811","1","10","2014-04-08 00:00:00","2014-04-19 00:00:00","2014-04-17 00:00:00","2014-04-19 00:00:00","4.1000","92.2500","92.2500","2014-04-18 22:00:00"
"66616","811","2","20","2014-04-08 00:00:00","2014-04-19 00:00:00","2014-04-17 00:00:00","2014-04-19 00:00:00","3.5000","87.5000","87.5000","2014-04-18 22:00:00"
"66616","811","6","50","2014-04-08 00:00:00","2014-04-19 00:00:00","2014-04-17 00:00:00","2014-04-19 00:00:00","3.0000","36.7500","36.7500","2014-04-18 22:00:00"
"66617","812","1","10","2014-04-08 00:00:00","2014-04-19 00:00:00","2014-04-17 00:00:00","2014-04-19 00:00:00","4.1000","92.2500","92.2500","2014-04-18 22:00:00"
"66617","812","2","20","2014-04-08 00:00:00","2014-04-19 00:00:00","2014-04-17 00:00:00","2014-04-19 00:00:00","3.5000","87.5000","87.5000","2014-04-18 22:00:00"
"66617","812","6","50","2014-04-08 00:00:00","2014-04-19 00:00:00","2014-04-17 00:00:00","2014-04-19 00:00:00","3.0000","36.7500","36.7500","2014-04-18 22:00:00"
"66618","813","1","10","2014-04-08 00:00:00","2014-04-19 00:00:00","2014-04-17 00:00:00","2014-04-19 00:00:00","4.1000","92.2500","92.2500","2014-04-18 22:00:00"
"66618","813","2","20","2014-04-08 00:00:00","2014-04-19 00:00:00","2014-04-17 00:00:00","2014-04-19 00:00:00","3.5000","87.5000","87.5000","2014-04-18 22:00:00"
"66618","813","6","50","2014-04-08 00:00:00","2014-04-19 00:00:00","2014-04-17 00:00:00","2014-04-19 00:00:00","3.0000","36.7500","36.7500","2014-04-18 22:00:00"
"66619","815","6","50","2014-04-08 00:00:00","2014-04-19 00:00:00","2014-04-17 00:00:00","2014-04-19 00:00:00","3.0000","36.7500","36.7500","2014-04-18 22:00:00"
"66620","816","6","50","2014-04-08 00:00:00","2014-04-19 00:00:00","2014-04-17 00:00:00","2014-04-19 00:00:00","3.0000","36.7500","36.7500","2014-04-18 22:00:00"
"66621","818","6","50","2014-04-08 00:00:00","2014-04-19 00:00:00","2014-04-17 00:00:00","2014-04-19 00:00:00","3.0000","36.7500","36.7500","2014-04-18 22:00:00"
"66622","819","6","50","2014-04-08 00:00:00","2014-04-19 00:00:00","2014-04-17 00:00:00","2014-04-19 00:00:00","3.0000","36.7500","36.7500","2014-04-18 22:00:00"
"66623","820","6","50","2014-04-08 00:00:00","2014-04-19 00:00:00","2014-04-17 00:00:00","2014-04-19 00:00:00","3.0000","36.7500","36.7500","2014-04-18 22:00:00"
"66624","821","6","50","2014-04-08 00:00:00","2014-04-19 00:00:00","2014-04-17 00:00:00","2014-04-19 00:00:00","3.0000","36.7500","36.7500","2014-04-18 22:00:00"
"66625","822","1","10","2014-04-08 00:00:00","2014-04-19 00:00:00","2014-04-17 00:00:00","2014-04-19 00:00:00","4.1000","92.2500","92.2500","2014-04-18 22:00:00"
"66625","822","2","20","2014-04-08 00:00:00","2014-04-19 00:00:00","2014-04-17 00:00:00","2014-04-19 00:00:00","3.5000","87.5000","87.5000","2014-04-18 22:00:00"
"66625","822","3","30","2014-04-08 00:00:00","2014-04-19 00:00:00","2014-04-17 00:00:00","2014-04-19 00:00:00","1.0000","14.5000","14.5000","2014-04-18 22:00:00"
"66625","822","4","40","2014-04-08 00:00:00","2014-04-19 00:00:00","2014-04-17 00:00:00","2014-04-19 00:00:00","2.0000","31.5000","31.5000","2014-04-18 22:00:00"
"66625","822","6","50","2014-04-08 00:00:00","2014-04-19 00:00:00","2014-04-17 00:00:00","2014-04-19 00:00:00","3.0000","36.7500","36.7500","2014-04-18 22:00:00"
"66625","822","7","60","2014-04-08 00:00:00","2014-04-19 00:00:00","2014-04-17 00:00:00","2014-04-19 00:00:00","4.0000","49.0000","49.0000","2014-04-18 22:00:00"
"66626","823","6","50","2014-04-08 00:00:00","2014-04-19 00:00:00","2014-04-17 00:00:00","2014-04-19 00:00:00","3.0000","36.7500","36.7500","2014-04-18 22:00:00"
"66627","824","6","50","2014-04-08 00:00:00","2014-04-19 00:00:00","2014-04-17 00:00:00","2014-04-19 00:00:00","3.0000","36.7500","36.7500","2014-04-18 22:00:00"
"66628","826","6","50","2014-04-08 00:00:00","2014-04-19 00:00:00","2014-04-17 00:00:00","2014-04-19 00:00:00","3.0000","36.7500","36.7500","2014-04-18 22:00:00"
"66629","827","6","50","2014-04-08 00:00:00","2014-04-19 00:00:00","2014-04-17 00:00:00","2014-04-19 00:00:00","3.0000","36.7500","36.7500","2014-04-18 22:00:00"
"66630","828","6","50","2014-04-08 00:00:00","2014-04-19 00:00:00","2014-04-17 00:00:00","2014-04-19 00:00:00","3.0000","36.7500","36.7500","2014-04-18 22:00:00"
"66631","829","6","50","2014-04-08 00:00:00","2014-04-19 00:00:00","2014-04-17 00:00:00","2014-04-19 00:00:00","3.0000","36.7500","36.7500","2014-04-18 22:00:00"
"66642","894","6","50","2014-04-08 00:00:00","2014-04-19 00:00:00","2014-04-17 00:00:00","2014-04-19 00:00:00","3.0000","36.7500","36.7500","2014-04-18 22:00:00"
"66649","942","1","10","2014-04-08 00:00:00","2014-04-19 00:00:00","2014-04-17 00:00:00","2014-04-19 00:00:00","4.1000","92.2500","92.2500","2014-04-18 22:00:00"
"66649","942","2","20","2014-04-08 00:00:00","2014-04-19 00:00:00","2014-04-17 00:00:00","2014-04-19 00:00:00","3.5000","87.5000","87.5000","2014-04-18 22:00:00"
"66649","942","3","30","2014-04-08 00:00:00","2014-04-19 00:00:00","2014-04-17 00:00:00","2014-04-19 00:00:00","1.0000","14.5000","14.5000","2014-04-18 22:00:00"
"66649","942","5","45","2014-04-08 00:00:00","2014-04-19 00:00:00","2014-04-17 00:00:00","2014-04-19 00:00:00","2.0000","36.0000","36.0000","2014-04-18 22:00:00"
"66649","942","6","50","2014-04-08 00:00:00","2014-04-19 00:00:00","2014-04-17 00:00:00","2014-04-19 00:00:00","3.0000","36.7500","36.7500","2014-04-18 22:00:00"
"66649","942","7","60","2014-04-08 00:00:00","2014-04-19 00:00:00","2014-04-17 00:00:00","2014-04-19 00:00:00","4.0000","49.0000","49.0000","2014-04-18 22:00:00"
"66650","943","1","10","2014-04-08 00:00:00","2014-04-19 00:00:00","2014-04-17 00:00:00","2014-04-19 00:00:00","4.1000","92.2500","92.2500","2014-04-18 22:00:00"
"66650","943","2","20","2014-04-08 00:00:00","2014-04-19 00:00:00","2014-04-17 00:00:00","2014-04-19 00:00:00","3.5000","87.5000","87.5000","2014-04-18 22:00:00"
"66650","943","3","30","2014-04-08 00:00:00","2014-04-19 00:00:00","2014-04-17 00:00:00","2014-04-19 00:00:00","1.0000","14.5000","14.5000","2014-04-18 22:00:00"
"66650","943","4","40","2014-04-08 00:00:00","2014-04-19 00:00:00","2014-04-17 00:00:00","2014-04-19 00:00:00","2.0000","31.5000","31.5000","2014-04-18 22:00:00"
"66650","943","6","50","2014-04-08 00:00:00","2014-04-19 00:00:00","2014-04-17 00:00:00","2014-04-19 00:00:00","3.0000","36.7500","36.7500","2014-04-18 22:00:00"
"66650","943","7","60","2014-04-08 00:00:00","2014-04-19 00:00:00","2014-04-17 00:00:00","2014-04-19 00:00:00","4.0000","49.0000","49.0000","2014-04-18 22:00:00"
"66651","945","1","10","2014-04-08 00:00:00","2014-04-19 00:00:00","2014-04-17 00:00:00","2014-04-19 00:00:00","4.1000","92.2500","92.2500","2014-04-18 22:00:00"
"66651","945","6","50","2014-04-08 00:00:00","2014-04-19 00:00:00","2014-04-17 00:00:00","2014-04-19 00:00:00","3.0000","36.7500","36.7500","2014-04-18 22:00:00"
"66652","946","1","10","2014-04-08 00:00:00","2014-04-19 00:00:00","2014-04-17 00:00:00","2014-04-19 00:00:00","4.1000","92.2500","92.2500","2014-04-18 22:00:00"
"66652","946","2","20","2014-04-08 00:00:00","2014-04-19 00:00:00","2014-04-17 00:00:00","2014-04-19 00:00:00","3.5000","87.5000","87.5000","2014-04-18 22:00:00"
"66652","946","6","50","2014-04-08 00:00:00","2014-04-19 00:00:00","2014-04-17 00:00:00","2014-04-19 00:00:00","3.0000","36.7500","36.7500","2014-04-18 22:00:00"
"66653","947","1","10","2014-04-08 00:00:00","2014-04-19 00:00:00","2014-04-17 00:00:00","2014-04-19 00:00:00","4.1000","92.2500","92.2500","2014-04-18 22:00:00"
"66653","947","2","20","2014-04-08 00:00:00","2014-04-19 00:00:00","2014-04-17 00:00:00","2014-04-19 00:00:00","3.5000","87.5000","87.5000","2014-04-18 22:00:00"
"66653","947","6","50","2014-04-08 00:00:00","2014-04-19 00:00:00","2014-04-17 00:00:00","2014-04-19 00:00:00","3.0000","36.7500","36.7500","2014-04-18 22:00:00"
"66654","949","6","50","2014-04-08 00:00:00","2014-04-19 00:00:00","2014-04-17 00:00:00","2014-04-19 00:00:00","3.0000","36.7500","36.7500","2014-04-18 22:00:00"
"66655","950","6","50","2014-04-08 00:00:00","2014-04-19 00:00:00","2014-04-17 00:00:00","2014-04-19 00:00:00","3.0000","36.7500","36.7500","2014-04-18 22:00:00"
"66656","951","6","50","2014-04-08 00:00:00","2014-04-19 00:00:00","2014-04-17 00:00:00","2014-04-19 00:00:00","3.0000","36.7500","36.7500","2014-04-18 22:00:00"
"66657","994","6","50","2014-04-08 00:00:00","2014-04-19 00:00:00","2014-04-17 00:00:00","2014-04-19 00:00:00","3.0000","36.7500","36.7500","2014-04-18 22:00:00"
"66658","995","6","50","2014-04-08 00:00:00","2014-04-19 00:00:00","2014-04-17 00:00:00","2014-04-19 00:00:00","3.0000","36.7500","36.7500","2014-04-18 22:00:00"
"66659","996","6","50","2014-04-08 00:00:00","2014-04-19 00:00:00","2014-04-17 00:00:00","2014-04-19 00:00:00","3.0000","36.7500","36.7500","2014-04-18 22:00:00"
"66674","802","1","10","2014-04-08 00:00:00","2014-04-19 00:00:00","2014-04-17 00:00:00","2014-04-19 00:00:00","4.1000","92.2500","92.2500","2014-04-18 22:00:00"
"66674","802","6","50","2014-04-08 00:00:00","2014-04-19 00:00:00","2014-04-17 00:00:00","2014-04-19 00:00:00","3.0000","36.7500","36.7500","2014-04-18 22:00:00"
"66675","803","1","10","2014-04-08 00:00:00","2014-04-19 00:00:00","2014-04-17 00:00:00","2014-04-19 00:00:00","4.1000","92.2500","92.2500","2014-04-18 22:00:00"
"66675","803","6","50","2014-04-08 00:00:00","2014-04-19 00:00:00","2014-04-17 00:00:00","2014-04-19 00:00:00","3.0000","36.7500","36.7500","2014-04-18 22:00:00"
"66676","804","1","10","2014-04-08 00:00:00","2014-04-19 00:00:00","2014-04-17 00:00:00","2014-04-19 00:00:00","4.1000","92.2500","92.2500","2014-04-18 22:00:00"
"66676","804","6","50","2014-04-08 00:00:00","2014-04-19 00:00:00","2014-04-17 00:00:00","2014-04-19 00:00:00","3.0000","36.7500","36.7500","2014-04-18 22:00:00"
"66681","779","7","60","2014-04-09 00:00:00","2014-04-20 00:00:00","2014-04-09 00:00:00","2014-05-01 00:00:00","4.0000","49.0000","49.0000","2014-04-30 22:00:00"
"66682","780","7","60","2014-04-09 00:00:00","2014-04-20 00:00:00","2014-04-09 00:00:00","2014-05-01 00:00:00","4.0000","49.0000","49.0000","2014-04-30 22:00:00"
"66683","781","7","60","2014-04-09 00:00:00","2014-04-20 00:00:00","2014-04-09 00:00:00","2014-05-01 00:00:00","4.0000","49.0000","49.0000","2014-04-30 22:00:00"
"66684","782","7","60","2014-04-09 00:00:00","2014-04-20 00:00:00","2014-04-09 00:00:00","2014-05-01 00:00:00","4.0000","49.0000","49.0000","2014-04-30 22:00:00"
"66685","783","7","60","2014-04-09 00:00:00","2014-04-20 00:00:00","2014-04-09 00:00:00","2014-05-01 00:00:00","4.0000","49.0000","49.0000","2014-04-30 22:00:00"
"66686","784","7","60","2014-04-09 00:00:00","2014-04-20 00:00:00","2014-04-09 00:00:00","2014-05-01 00:00:00","4.0000","49.0000","49.0000","2014-04-30 22:00:00"
"66687","797","7","60","2014-04-09 00:00:00","2014-04-20 00:00:00","2014-04-09 00:00:00","2014-05-01 00:00:00","4.0000","49.0000","49.0000","2014-04-30 22:00:00"
"66688","798","7","60","2014-04-09 00:00:00","2014-04-20 00:00:00","2014-04-09 00:00:00","2014-05-01 00:00:00","4.0000","49.0000","49.0000","2014-04-30 22:00:00"
"66689","799","7","60","2014-04-09 00:00:00","2014-04-20 00:00:00","2014-04-09 00:00:00","2014-05-01 00:00:00","4.0000","49.0000","49.0000","2014-04-30 22:00:00"
"66690","800","7","60","2014-04-09 00:00:00","2014-04-20 00:00:00","2014-04-09 00:00:00","2014-05-01 00:00:00","4.0000","49.0000","49.0000","2014-04-30 22:00:00"
"66691","955","7","60","2014-04-09 00:00:00","2014-04-20 00:00:00","2014-04-09 00:00:00","2014-05-01 00:00:00","4.0000","49.0000","49.0000","2014-04-30 22:00:00"
"66692","957","7","60","2014-04-09 00:00:00","2014-04-20 00:00:00","2014-04-09 00:00:00","2014-05-01 00:00:00","4.0000","49.0000","49.0000","2014-04-30 22:00:00"
"66693","960","7","60","2014-04-09 00:00:00","2014-04-20 00:00:00","2014-04-09 00:00:00","2014-05-01 00:00:00","4.0000","49.0000","49.0000","2014-04-30 22:00:00"
"66694","963","7","60","2014-04-09 00:00:00","2014-04-20 00:00:00","2014-04-09 00:00:00","2014-05-01 00:00:00","4.0000","49.0000","49.0000","2014-04-30 22:00:00"
"66695","966","7","60","2014-04-09 00:00:00","2014-04-20 00:00:00","2014-04-09 00:00:00","2014-05-01 00:00:00","4.0000","49.0000","49.0000","2014-04-30 22:00:00"
"66696","968","7","60","2014-04-09 00:00:00","2014-04-20 00:00:00","2014-04-09 00:00:00","2014-05-01 00:00:00","4.0000","49.0000","49.0000","2014-04-30 22:00:00"
"66697","971","7","60","2014-04-09 00:00:00","2014-04-20 00:00:00","2014-04-09 00:00:00","2014-05-01 00:00:00","4.0000","49.0000","49.0000","2014-04-30 22:00:00"
"66698","972","7","60","2014-04-09 00:00:00","2014-04-20 00:00:00","2014-04-09 00:00:00","2014-05-01 00:00:00","4.0000","49.0000","49.0000","2014-04-30 22:00:00"
"66699","973","7","60","2014-04-09 00:00:00","2014-04-20 00:00:00","2014-04-09 00:00:00","2014-05-01 00:00:00","4.0000","49.0000","49.0000","2014-04-30 22:00:00"
"66700","974","7","60","2014-04-09 00:00:00","2014-04-20 00:00:00","2014-04-09 00:00:00","2014-05-01 00:00:00","4.0000","49.0000","49.0000","2014-04-30 22:00:00"
"66701","975","7","60","2014-04-09 00:00:00","2014-04-20 00:00:00","2014-04-09 00:00:00","2014-05-01 00:00:00","4.0000","49.0000","49.0000","2014-04-30 22:00:00"
"66702","976","7","60","2014-04-09 00:00:00","2014-04-20 00:00:00","2014-04-09 00:00:00","2014-05-01 00:00:00","4.0000","49.0000","49.0000","2014-04-30 22:00:00"
"66703","977","7","60","2014-04-09 00:00:00","2014-04-20 00:00:00","2014-04-09 00:00:00","2014-05-01 00:00:00","4.0000","49.0000","49.0000","2014-04-30 22:00:00"
"66704","980","7","60","2014-04-09 00:00:00","2014-04-20 00:00:00","2014-04-09 00:00:00","2014-05-01 00:00:00","4.0000","49.0000","49.0000","2014-04-30 22:00:00"
"66705","983","7","60","2014-04-09 00:00:00","2014-04-20 00:00:00","2014-04-09 00:00:00","2014-05-01 00:00:00","4.0000","49.0000","49.0000","2014-04-30 22:00:00"
"66706","985","7","60","2014-04-09 00:00:00","2014-04-20 00:00:00","2014-04-09 00:00:00","2014-05-01 00:00:00","4.0000","49.0000","49.0000","2014-04-30 22:00:00"
"66707","998","7","60","2014-04-09 00:00:00","2014-04-20 00:00:00","2014-04-09 00:00:00","2014-05-01 00:00:00","4.0000","49.0000","49.0000","2014-04-30 22:00:00"
"66708","514","6","50","2014-04-09 00:00:00","2014-04-20 00:00:00","2014-04-09 00:00:00","2014-05-01 00:00:00","3.0000","36.7500","36.7500","2014-04-30 22:00:00"
"66708","514","7","60","2014-04-09 00:00:00","2014-04-20 00:00:00","2014-04-09 00:00:00","2014-05-01 00:00:00","4.0000","49.0000","49.0000","2014-04-30 22:00:00"
"66709","516","6","50","2014-04-09 00:00:00","2014-04-20 00:00:00","2014-04-09 00:00:00","2014-05-01 00:00:00","3.0000","36.7500","36.7500","2014-04-30 22:00:00"
"66709","516","7","60","2014-04-09 00:00:00","2014-04-20 00:00:00","2014-04-09 00:00:00","2014-05-01 00:00:00","4.0000","49.0000","49.0000","2014-04-30 22:00:00"
"66710","517","6","50","2014-04-09 00:00:00","2014-04-20 00:00:00","2014-04-09 00:00:00","2014-05-01 00:00:00","3.0000","36.7500","36.7500","2014-04-30 22:00:00"
"66710","517","7","60","2014-04-09 00:00:00","2014-04-20 00:00:00","2014-04-09 00:00:00","2014-05-01 00:00:00","4.0000","49.0000","49.0000","2014-04-30 22:00:00"
"66711","518","6","50","2014-04-09 00:00:00","2014-04-20 00:00:00","2014-04-09 00:00:00","2014-05-01 00:00:00","3.0000","36.7500","36.7500","2014-04-30 22:00:00"
"66711","518","7","60","2014-04-09 00:00:00","2014-04-20 00:00:00","2014-04-09 00:00:00","2014-05-01 00:00:00","4.0000","49.0000","49.0000","2014-04-30 22:00:00"
"66712","520","6","50","2014-04-09 00:00:00","2014-04-20 00:00:00","2014-04-09 00:00:00","2014-05-01 00:00:00","3.0000","36.7500","36.7500","2014-04-30 22:00:00"
"66712","520","7","60","2014-04-09 00:00:00","2014-04-20 00:00:00","2014-04-09 00:00:00","2014-05-01 00:00:00","4.0000","49.0000","49.0000","2014-04-30 22:00:00"
"66713","521","6","50","2014-04-09 00:00:00","2014-04-20 00:00:00","2014-04-09 00:00:00","2014-05-01 00:00:00","3.0000","36.7500","36.7500","2014-04-30 22:00:00"
"66713","521","7","60","2014-04-09 00:00:00","2014-04-20 00:00:00","2014-04-09 00:00:00","2014-05-01 00:00:00","4.0000","49.0000","49.0000","2014-04-30 22:00:00"
"66714","522","6","50","2014-04-09 00:00:00","2014-04-20 00:00:00","2014-04-09 00:00:00","2014-05-01 00:00:00","3.0000","36.7500","36.7500","2014-04-30 22:00:00"
"66714","522","7","60","2014-04-09 00:00:00","2014-04-20 00:00:00","2014-04-09 00:00:00","2014-05-01 00:00:00","4.0000","49.0000","49.0000","2014-04-30 22:00:00"
"66721","747","1","10","2014-04-09 00:00:00","2014-04-20 00:00:00","2014-04-09 00:00:00","2014-05-01 00:00:00","4.1000","92.2500","92.2500","2014-04-30 22:00:00"
"66721","747","2","20","2014-04-09 00:00:00","2014-04-20 00:00:00","2014-04-09 00:00:00","2014-05-01 00:00:00","3.5000","87.5000","87.5000","2014-04-30 22:00:00"
"66721","747","3","30","2014-04-09 00:00:00","2014-04-20 00:00:00","2014-04-09 00:00:00","2014-05-01 00:00:00","1.0000","14.5000","14.5000","2014-04-30 22:00:00"
"66721","747","4","40","2014-04-09 00:00:00","2014-04-20 00:00:00","2014-04-09 00:00:00","2014-05-01 00:00:00","2.0000","31.5000","31.5000","2014-04-30 22:00:00"
"66721","747","6","50","2014-04-09 00:00:00","2014-04-20 00:00:00","2014-04-09 00:00:00","2014-05-01 00:00:00","3.0000","36.7500","36.7500","2014-04-30 22:00:00"
"66721","747","7","60","2014-04-09 00:00:00","2014-04-20 00:00:00","2014-04-09 00:00:00","2014-05-01 00:00:00","4.0000","49.0000","49.0000","2014-04-30 22:00:00"
"66722","748","1","10","2014-04-09 00:00:00","2014-04-20 00:00:00","2014-04-09 00:00:00","2014-05-01 00:00:00","4.1000","92.2500","92.2500","2014-04-30 22:00:00"
"66722","748","2","20","2014-04-09 00:00:00","2014-04-20 00:00:00","2014-04-09 00:00:00","2014-05-01 00:00:00","3.5000","87.5000","87.5000","2014-04-30 22:00:00"
"66722","748","3","30","2014-04-09 00:00:00","2014-04-20 00:00:00","2014-04-09 00:00:00","2014-05-01 00:00:00","1.0000","14.5000","14.5000","2014-04-30 22:00:00"
"66722","748","5","45","2014-04-09 00:00:00","2014-04-20 00:00:00","2014-04-09 00:00:00","2014-05-01 00:00:00","2.0000","36.0000","36.0000","2014-04-30 22:00:00"
"66722","748","6","50","2014-04-09 00:00:00","2014-04-20 00:00:00","2014-04-09 00:00:00","2014-05-01 00:00:00","3.0000","36.7500","36.7500","2014-04-30 22:00:00"
"66722","748","7","60","2014-04-09 00:00:00","2014-04-20 00:00:00","2014-04-09 00:00:00","2014-05-01 00:00:00","4.0000","49.0000","49.0000","2014-04-30 22:00:00"
"66723","805","6","50","2014-04-09 00:00:00","2014-04-20 00:00:00","2014-04-09 00:00:00","2014-05-01 00:00:00","3.0000","36.7500","36.7500","2014-04-30 22:00:00"
"66724","806","6","50","2014-04-09 00:00:00","2014-04-20 00:00:00","2014-04-09 00:00:00","2014-05-01 00:00:00","3.0000","36.7500","36.7500","2014-04-30 22:00:00"
"66725","807","6","50","2014-04-09 00:00:00","2014-04-20 00:00:00","2014-04-09 00:00:00","2014-05-01 00:00:00","3.0000","36.7500","36.7500","2014-04-30 22:00:00"
"66726","808","1","10","2014-04-09 00:00:00","2014-04-20 00:00:00","2014-04-09 00:00:00","2014-05-01 00:00:00","4.1000","92.2500","92.2500","2014-04-30 22:00:00"
"66726","808","2","20","2014-04-09 00:00:00","2014-04-20 00:00:00","2014-04-09 00:00:00","2014-05-01 00:00:00","3.5000","87.5000","87.5000","2014-04-30 22:00:00"
"66726","808","6","50","2014-04-09 00:00:00","2014-04-20 00:00:00","2014-04-09 00:00:00","2014-05-01 00:00:00","3.0000","36.7500","36.7500","2014-04-30 22:00:00"
"66727","810","1","10","2014-04-09 00:00:00","2014-04-20 00:00:00","2014-04-09 00:00:00","2014-05-01 00:00:00","4.1000","92.2500","92.2500","2014-04-30 22:00:00"
"66727","810","2","20","2014-04-09 00:00:00","2014-04-20 00:00:00","2014-04-09 00:00:00","2014-05-01 00:00:00","3.5000","87.5000","87.5000","2014-04-30 22:00:00"
"66727","810","6","50","2014-04-09 00:00:00","2014-04-20 00:00:00","2014-04-09 00:00:00","2014-05-01 00:00:00","3.0000","36.7500","36.7500","2014-04-30 22:00:00"
"66728","811","1","10","2014-04-09 00:00:00","2014-04-20 00:00:00","2014-04-09 00:00:00","2014-05-01 00:00:00","4.1000","92.2500","92.2500","2014-04-30 22:00:00"
"66728","811","2","20","2014-04-09 00:00:00","2014-04-20 00:00:00","2014-04-09 00:00:00","2014-05-01 00:00:00","3.5000","87.5000","87.5000","2014-04-30 22:00:00"
"66728","811","6","50","2014-04-09 00:00:00","2014-04-20 00:00:00","2014-04-09 00:00:00","2014-05-01 00:00:00","3.0000","36.7500","36.7500","2014-04-30 22:00:00"
"66729","812","1","10","2014-04-09 00:00:00","2014-04-20 00:00:00","2014-04-09 00:00:00","2014-05-01 00:00:00","4.1000","92.2500","92.2500","2014-04-30 22:00:00"
"66729","812","2","20","2014-04-09 00:00:00","2014-04-20 00:00:00","2014-04-09 00:00:00","2014-05-01 00:00:00","3.5000","87.5000","87.5000","2014-04-30 22:00:00"
"66729","812","6","50","2014-04-09 00:00:00","2014-04-20 00:00:00","2014-04-09 00:00:00","2014-05-01 00:00:00","3.0000","36.7500","36.7500","2014-04-30 22:00:00"
"66730","815","6","50","2014-04-09 00:00:00","2014-04-20 00:00:00","2014-04-09 00:00:00","2014-05-01 00:00:00","3.0000","36.7500","36.7500","2014-04-30 22:00:00"
"66731","816","6","50","2014-04-09 00:00:00","2014-04-20 00:00:00","2014-04-09 00:00:00","2014-05-01 00:00:00","3.0000","36.7500","36.7500","2014-04-30 22:00:00"
"66732","818","6","50","2014-04-09 00:00:00","2014-04-20 00:00:00","2014-04-09 00:00:00","2014-05-01 00:00:00","3.0000","36.7500","36.7500","2014-04-30 22:00:00"
"66733","819","6","50","2014-04-09 00:00:00","2014-04-20 00:00:00","2014-04-09 00:00:00","2014-05-01 00:00:00","3.0000","36.7500","36.7500","2014-04-30 22:00:00"
"66734","821","6","50","2014-04-09 00:00:00","2014-04-20 00:00:00","2014-04-09 00:00:00","2014-05-01 00:00:00","3.0000","36.7500","36.7500","2014-04-30 22:00:00"
"66735","822","1","10","2014-04-09 00:00:00","2014-04-20 00:00:00","2014-04-09 00:00:00","2014-05-01 00:00:00","4.1000","92.2500","92.2500","2014-04-30 22:00:00"
"66735","822","2","20","2014-04-09 00:00:00","2014-04-20 00:00:00","2014-04-09 00:00:00","2014-05-01 00:00:00","3.5000","87.5000","87.5000","2014-04-30 22:00:00"
"66735","822","3","30","2014-04-09 00:00:00","2014-04-20 00:00:00","2014-04-09 00:00:00","2014-05-01 00:00:00","1.0000","14.5000","14.5000","2014-04-30 22:00:00"
"66735","822","4","40","2014-04-09 00:00:00","2014-04-20 00:00:00","2014-04-09 00:00:00","2014-05-01 00:00:00","2.0000","31.5000","31.5000","2014-04-30 22:00:00"
"66735","822","6","50","2014-04-09 00:00:00","2014-04-20 00:00:00","2014-04-09 00:00:00","2014-05-01 00:00:00","3.0000","36.7500","36.7500","2014-04-30 22:00:00"
"66735","822","7","60","2014-04-09 00:00:00","2014-04-20 00:00:00","2014-04-09 00:00:00","2014-05-01 00:00:00","4.0000","49.0000","49.0000","2014-04-30 22:00:00"
"66736","823","6","50","2014-04-09 00:00:00","2014-04-20 00:00:00","2014-04-09 00:00:00","2014-05-01 00:00:00","3.0000","36.7500","36.7500","2014-04-30 22:00:00"
"66737","824","6","50","2014-04-09 00:00:00","2014-04-20 00:00:00","2014-04-09 00:00:00","2014-05-01 00:00:00","3.0000","36.7500","36.7500","2014-04-30 22:00:00"
"66738","826","6","50","2014-04-09 00:00:00","2014-04-20 00:00:00","2014-04-09 00:00:00","2014-05-01 00:00:00","3.0000","36.7500","36.7500","2014-04-30 22:00:00"
"66739","827","6","50","2014-04-09 00:00:00","2014-04-20 00:00:00","2014-04-09 00:00:00","2014-05-01 00:00:00","3.0000","36.7500","36.7500","2014-04-30 22:00:00"
"66740","829","6","50","2014-04-09 00:00:00","2014-04-20 00:00:00","2014-04-09 00:00:00","2014-05-01 00:00:00","3.0000","36.7500","36.7500","2014-04-30 22:00:00"
"66750","894","6","50","2014-04-09 00:00:00","2014-04-20 00:00:00","2014-04-09 00:00:00","2014-05-01 00:00:00","3.0000","36.7500","36.7500","2014-04-30 22:00:00"
"66755","942","1","10","2014-04-09 00:00:00","2014-04-20 00:00:00","2014-04-09 00:00:00","2014-05-01 00:00:00","4.1000","92.2500","92.2500","2014-04-30 22:00:00"
"66755","942","2","20","2014-04-09 00:00:00","2014-04-20 00:00:00","2014-04-09 00:00:00","2014-05-01 00:00:00","3.5000","87.5000","87.5000","2014-04-30 22:00:00"
"66755","942","3","30","2014-04-09 00:00:00","2014-04-20 00:00:00","2014-04-09 00:00:00","2014-05-01 00:00:00","1.0000","14.5000","14.5000","2014-04-30 22:00:00"
"66755","942","5","45","2014-04-09 00:00:00","2014-04-20 00:00:00","2014-04-09 00:00:00","2014-05-01 00:00:00","2.0000","36.0000","36.0000","2014-04-30 22:00:00"
"66755","942","6","50","2014-04-09 00:00:00","2014-04-20 00:00:00","2014-04-09 00:00:00","2014-05-01 00:00:00","3.0000","36.7500","36.7500","2014-04-30 22:00:00"
"66755","942","7","60","2014-04-09 00:00:00","2014-04-20 00:00:00","2014-04-09 00:00:00","2014-05-01 00:00:00","4.0000","49.0000","49.0000","2014-04-30 22:00:00"
"66756","945","1","10","2014-04-09 00:00:00","2014-04-20 00:00:00","2014-04-09 00:00:00","2014-05-01 00:00:00","4.1000","92.2500","92.2500","2014-04-30 22:00:00"
"66756","945","6","50","2014-04-09 00:00:00","2014-04-20 00:00:00","2014-04-09 00:00:00","2014-05-01 00:00:00","3.0000","36.7500","36.7500","2014-04-30 22:00:00"
"66757","946","1","10","2014-04-09 00:00:00","2014-04-20 00:00:00","2014-04-09 00:00:00","2014-05-01 00:00:00","4.1000","92.2500","92.2500","2014-04-30 22:00:00"
"66757","946","2","20","2014-04-09 00:00:00","2014-04-20 00:00:00","2014-04-09 00:00:00","2014-05-01 00:00:00","3.5000","87.5000","87.5000","2014-04-30 22:00:00"
"66757","946","6","50","2014-04-09 00:00:00","2014-04-20 00:00:00","2014-04-09 00:00:00","2014-05-01 00:00:00","3.0000","36.7500","36.7500","2014-04-30 22:00:00"
"66758","947","1","10","2014-04-09 00:00:00","2014-04-20 00:00:00","2014-04-09 00:00:00","2014-05-01 00:00:00","4.1000","92.2500","92.2500","2014-04-30 22:00:00"
"66758","947","2","20","2014-04-09 00:00:00","2014-04-20 00:00:00","2014-04-09 00:00:00","2014-05-01 00:00:00","3.5000","87.5000","87.5000","2014-04-30 22:00:00"
"66758","947","6","50","2014-04-09 00:00:00","2014-04-20 00:00:00","2014-04-09 00:00:00","2014-05-01 00:00:00","3.0000","36.7500","36.7500","2014-04-30 22:00:00"
"66759","949","6","50","2014-04-09 00:00:00","2014-04-20 00:00:00","2014-04-09 00:00:00","2014-05-01 00:00:00","3.0000","36.7500","36.7500","2014-04-30 22:00:00"
"66760","950","6","50","2014-04-09 00:00:00","2014-04-20 00:00:00","2014-04-09 00:00:00","2014-05-01 00:00:00","3.0000","36.7500","36.7500","2014-04-30 22:00:00"
"66761","951","6","50","2014-04-09 00:00:00","2014-04-20 00:00:00","2014-04-09 00:00:00","2014-05-01 00:00:00","3.0000","36.7500","36.7500","2014-04-30 22:00:00"
"66762","994","6","50","2014-04-09 00:00:00","2014-04-20 00:00:00","2014-04-09 00:00:00","2014-05-01 00:00:00","3.0000","36.7500","36.7500","2014-04-30 22:00:00"
"66763","995","6","50","2014-04-09 00:00:00","2014-04-20 00:00:00","2014-04-09 00:00:00","2014-05-01 00:00:00","3.0000","36.7500","36.7500","2014-04-30 22:00:00"
"66764","996","6","50","2014-04-09 00:00:00","2014-04-20 00:00:00","2014-04-09 00:00:00","2014-05-01 00:00:00","3.0000","36.7500","36.7500","2014-04-30 22:00:00"
"66779","802","1","10","2014-04-09 00:00:00","2014-04-20 00:00:00","2014-04-09 00:00:00","2014-05-01 00:00:00","4.1000","92.2500","92.2500","2014-04-30 22:00:00"
"66779","802","6","50","2014-04-09 00:00:00","2014-04-20 00:00:00","2014-04-09 00:00:00","2014-05-01 00:00:00","3.0000","36.7500","36.7500","2014-04-30 22:00:00"
"66780","803","1","10","2014-04-09 00:00:00","2014-04-20 00:00:00","2014-04-09 00:00:00","2014-05-01 00:00:00","4.1000","92.2500","92.2500","2014-04-30 22:00:00"
"66780","803","6","50","2014-04-09 00:00:00","2014-04-20 00:00:00","2014-04-09 00:00:00","2014-05-01 00:00:00","3.0000","36.7500","36.7500","2014-04-30 22:00:00"
"66781","804","1","10","2014-04-09 00:00:00","2014-04-20 00:00:00","2014-04-09 00:00:00","2014-05-01 00:00:00","4.1000","92.2500","92.2500","2014-04-30 22:00:00"
"66781","804","6","50","2014-04-09 00:00:00","2014-04-20 00:00:00","2014-04-09 00:00:00","2014-05-01 00:00:00","3.0000","36.7500","36.7500","2014-04-30 22:00:00"
"66786","779","7","60","2014-04-10 00:00:00","2014-04-21 00:00:00","2014-04-11 00:00:00","2014-04-21 00:00:00","4.0000","49.0000","49.0000","2014-04-20 22:00:00"
"66787","780","7","60","2014-04-10 00:00:00","2014-04-21 00:00:00","2014-04-11 00:00:00","2014-04-21 00:00:00","4.0000","49.0000","49.0000","2014-04-20 22:00:00"
"66788","781","7","60","2014-04-10 00:00:00","2014-04-21 00:00:00","2014-04-11 00:00:00","2014-04-21 00:00:00","4.0000","49.0000","49.0000","2014-04-20 22:00:00"
"66789","782","7","60","2014-04-10 00:00:00","2014-04-21 00:00:00","2014-04-11 00:00:00","2014-04-21 00:00:00","4.0000","49.0000","49.0000","2014-04-20 22:00:00"
"66790","783","7","60","2014-04-10 00:00:00","2014-04-21 00:00:00","2014-04-11 00:00:00","2014-04-21 00:00:00","4.0000","49.0000","49.0000","2014-04-20 22:00:00"
"66791","784","7","60","2014-04-10 00:00:00","2014-04-21 00:00:00","2014-04-11 00:00:00","2014-04-21 00:00:00","4.0000","49.0000","49.0000","2014-04-20 22:00:00"
"66792","794","7","60","2014-04-10 00:00:00","2014-04-21 00:00:00","2014-04-11 00:00:00","2014-04-21 00:00:00","4.0000","49.0000","49.0000","2014-04-20 22:00:00"
"66793","795","7","60","2014-04-10 00:00:00","2014-04-21 00:00:00","2014-04-11 00:00:00","2014-04-21 00:00:00","4.0000","49.0000","49.0000","2014-04-20 22:00:00"
"66794","798","7","60","2014-04-10 00:00:00","2014-04-21 00:00:00","2014-04-11 00:00:00","2014-04-21 00:00:00","4.0000","49.0000","49.0000","2014-04-20 22:00:00"
"66795","799","7","60","2014-04-10 00:00:00","2014-04-21 00:00:00","2014-04-11 00:00:00","2014-04-21 00:00:00","4.0000","49.0000","49.0000","2014-04-20 22:00:00"
"66796","800","7","60","2014-04-10 00:00:00","2014-04-21 00:00:00","2014-04-11 00:00:00","2014-04-21 00:00:00","4.0000","49.0000","49.0000","2014-04-20 22:00:00"
"66797","953","7","60","2014-04-10 00:00:00","2014-04-21 00:00:00","2014-04-11 00:00:00","2014-04-21 00:00:00","4.0000","49.0000","49.0000","2014-04-20 22:00:00"
"66798","968","7","60","2014-04-10 00:00:00","2014-04-21 00:00:00","2014-04-11 00:00:00","2014-04-21 00:00:00","4.0000","49.0000","49.0000","2014-04-20 22:00:00"
"66799","970","7","60","2014-04-10 00:00:00","2014-04-21 00:00:00","2014-04-11 00:00:00","2014-04-21 00:00:00","4.0000","49.0000","49.0000","2014-04-20 22:00:00"
"66800","975","7","60","2014-04-10 00:00:00","2014-04-21 00:00:00","2014-04-11 00:00:00","2014-04-21 00:00:00","4.0000","49.0000","49.0000","2014-04-20 22:00:00"
"66801","977","7","60","2014-04-10 00:00:00","2014-04-21 00:00:00","2014-04-11 00:00:00","2014-04-21 00:00:00","4.0000","49.0000","49.0000","2014-04-20 22:00:00"
"66802","978","7","60","2014-04-10 00:00:00","2014-04-21 00:00:00","2014-04-11 00:00:00","2014-04-21 00:00:00","4.0000","49.0000","49.0000","2014-04-20 22:00:00"
"66803","979","7","60","2014-04-10 00:00:00","2014-04-21 00:00:00","2014-04-11 00:00:00","2014-04-21 00:00:00","4.0000","49.0000","49.0000","2014-04-20 22:00:00"
"66804","980","7","60","2014-04-10 00:00:00","2014-04-21 00:00:00","2014-04-11 00:00:00","2014-04-21 00:00:00","4.0000","49.0000","49.0000","2014-04-20 22:00:00"
"66805","982","7","60","2014-04-10 00:00:00","2014-04-21 00:00:00","2014-04-11 00:00:00","2014-04-21 00:00:00","4.0000","49.0000","49.0000","2014-04-20 22:00:00"
"66806","983","7","60","2014-04-10 00:00:00","2014-04-21 00:00:00","2014-04-11 00:00:00","2014-04-21 00:00:00","4.0000","49.0000","49.0000","2014-04-20 22:00:00"
"66807","984","7","60","2014-04-10 00:00:00","2014-04-21 00:00:00","2014-04-11 00:00:00","2014-04-21 00:00:00","4.0000","49.0000","49.0000","2014-04-20 22:00:00"
"66808","985","7","60","2014-04-10 00:00:00","2014-04-21 00:00:00","2014-04-11 00:00:00","2014-04-21 00:00:00","4.0000","49.0000","49.0000","2014-04-20 22:00:00"
"66809","991","7","60","2014-04-10 00:00:00","2014-04-21 00:00:00","2014-04-11 00:00:00","2014-04-21 00:00:00","4.0000","49.0000","49.0000","2014-04-20 22:00:00"
"66810","992","7","60","2014-04-10 00:00:00","2014-04-21 00:00:00","2014-04-11 00:00:00","2014-04-21 00:00:00","4.0000","49.0000","49.0000","2014-04-20 22:00:00"
"66811","997","7","60","2014-04-10 00:00:00","2014-04-21 00:00:00","2014-04-11 00:00:00","2014-04-21 00:00:00","4.0000","49.0000","49.0000","2014-04-20 22:00:00"
"66812","998","7","60","2014-04-10 00:00:00","2014-04-21 00:00:00","2014-04-11 00:00:00","2014-04-21 00:00:00","4.0000","49.0000","49.0000","2014-04-20 22:00:00"
"66813","999","7","60","2014-04-10 00:00:00","2014-04-21 00:00:00","2014-04-11 00:00:00","2014-04-21 00:00:00","4.0000","49.0000","49.0000","2014-04-20 22:00:00"
"66814","514","6","50","2014-04-10 00:00:00","2014-04-21 00:00:00","2014-04-11 00:00:00","2014-04-21 00:00:00","3.0000","36.7500","36.7500","2014-04-20 22:00:00"
"66814","514","7","60","2014-04-10 00:00:00","2014-04-21 00:00:00","2014-04-11 00:00:00","2014-04-21 00:00:00","4.0000","49.0000","49.0000","2014-04-20 22:00:00"
"66815","516","6","50","2014-04-10 00:00:00","2014-04-21 00:00:00","2014-04-11 00:00:00","2014-04-21 00:00:00","3.0000","36.7500","36.7500","2014-04-20 22:00:00"
"66815","516","7","60","2014-04-10 00:00:00","2014-04-21 00:00:00","2014-04-11 00:00:00","2014-04-21 00:00:00","4.0000","49.0000","49.0000","2014-04-20 22:00:00"
"66816","517","6","50","2014-04-10 00:00:00","2014-04-21 00:00:00","2014-04-11 00:00:00","2014-04-21 00:00:00","3.0000","36.7500","36.7500","2014-04-20 22:00:00"
"66816","517","7","60","2014-04-10 00:00:00","2014-04-21 00:00:00","2014-04-11 00:00:00","2014-04-21 00:00:00","4.0000","49.0000","49.0000","2014-04-20 22:00:00"
"66817","518","6","50","2014-04-10 00:00:00","2014-04-21 00:00:00","2014-04-11 00:00:00","2014-04-21 00:00:00","3.0000","36.7500","36.7500","2014-04-20 22:00:00"
"66817","518","7","60","2014-04-10 00:00:00","2014-04-21 00:00:00","2014-04-11 00:00:00","2014-04-21 00:00:00","4.0000","49.0000","49.0000","2014-04-20 22:00:00"
"66818","519","6","50","2014-04-10 00:00:00","2014-04-21 00:00:00","2014-04-11 00:00:00","2014-04-21 00:00:00","3.0000","36.7500","36.7500","2014-04-20 22:00:00"
"66818","519","7","60","2014-04-10 00:00:00","2014-04-21 00:00:00","2014-04-11 00:00:00","2014-04-21 00:00:00","4.0000","49.0000","49.0000","2014-04-20 22:00:00"
"66819","520","6","50","2014-04-10 00:00:00","2014-04-21 00:00:00","2014-04-11 00:00:00","2014-04-21 00:00:00","3.0000","36.7500","36.7500","2014-04-20 22:00:00"
"66819","520","7","60","2014-04-10 00:00:00","2014-04-21 00:00:00","2014-04-11 00:00:00","2014-04-21 00:00:00","4.0000","49.0000","49.0000","2014-04-20 22:00:00"
"66820","521","6","50","2014-04-10 00:00:00","2014-04-21 00:00:00","2014-04-11 00:00:00","2014-04-21 00:00:00","3.0000","36.7500","36.7500","2014-04-20 22:00:00"
"66820","521","7","60","2014-04-10 00:00:00","2014-04-21 00:00:00","2014-04-11 00:00:00","2014-04-21 00:00:00","4.0000","49.0000","49.0000","2014-04-20 22:00:00"
"66821","522","6","50","2014-04-10 00:00:00","2014-04-21 00:00:00","2014-04-11 00:00:00","2014-04-21 00:00:00","3.0000","36.7500","36.7500","2014-04-20 22:00:00"
"66821","522","7","60","2014-04-10 00:00:00","2014-04-21 00:00:00","2014-04-11 00:00:00","2014-04-21 00:00:00","4.0000","49.0000","49.0000","2014-04-20 22:00:00"
"66830","747","1","10","2014-04-10 00:00:00","2014-04-21 00:00:00","2014-04-11 00:00:00","2014-04-21 00:00:00","4.1000","92.2500","92.2500","2014-04-20 22:00:00"
"66830","747","2","20","2014-04-10 00:00:00","2014-04-21 00:00:00","2014-04-11 00:00:00","2014-04-21 00:00:00","3.5000","87.5000","87.5000","2014-04-20 22:00:00"
"66830","747","3","30","2014-04-10 00:00:00","2014-04-21 00:00:00","2014-04-11 00:00:00","2014-04-21 00:00:00","1.0000","14.5000","14.5000","2014-04-20 22:00:00"
"66830","747","4","40","2014-04-10 00:00:00","2014-04-21 00:00:00","2014-04-11 00:00:00","2014-04-21 00:00:00","2.0000","31.5000","31.5000","2014-04-20 22:00:00"
"66830","747","6","50","2014-04-10 00:00:00","2014-04-21 00:00:00","2014-04-11 00:00:00","2014-04-21 00:00:00","3.0000","36.7500","36.7500","2014-04-20 22:00:00"
"66830","747","7","60","2014-04-10 00:00:00","2014-04-21 00:00:00","2014-04-11 00:00:00","2014-04-21 00:00:00","4.0000","49.0000","49.0000","2014-04-20 22:00:00"
"66831","748","1","10","2014-04-10 00:00:00","2014-04-21 00:00:00","2014-04-11 00:00:00","2014-04-21 00:00:00","4.1000","92.2500","92.2500","2014-04-20 22:00:00"
"66831","748","2","20","2014-04-10 00:00:00","2014-04-21 00:00:00","2014-04-11 00:00:00","2014-04-21 00:00:00","3.5000","87.5000","87.5000","2014-04-20 22:00:00"
"66831","748","3","30","2014-04-10 00:00:00","2014-04-21 00:00:00","2014-04-11 00:00:00","2014-04-21 00:00:00","1.0000","14.5000","14.5000","2014-04-20 22:00:00"
"66831","748","5","45","2014-04-10 00:00:00","2014-04-21 00:00:00","2014-04-11 00:00:00","2014-04-21 00:00:00","2.0000","36.0000","36.0000","2014-04-20 22:00:00"
"66831","748","6","50","2014-04-10 00:00:00","2014-04-21 00:00:00","2014-04-11 00:00:00","2014-04-21 00:00:00","3.0000","36.7500","36.7500","2014-04-20 22:00:00"
"66831","748","7","60","2014-04-10 00:00:00","2014-04-21 00:00:00","2014-04-11 00:00:00","2014-04-21 00:00:00","4.0000","49.0000","49.0000","2014-04-20 22:00:00"
"66832","805","6","50","2014-04-10 00:00:00","2014-04-21 00:00:00","2014-04-11 00:00:00","2014-04-21 00:00:00","3.0000","36.7500","36.7500","2014-04-20 22:00:00"
"66833","806","6","50","2014-04-10 00:00:00","2014-04-21 00:00:00","2014-04-11 00:00:00","2014-04-21 00:00:00","3.0000","36.7500","36.7500","2014-04-20 22:00:00"
"66834","807","6","50","2014-04-10 00:00:00","2014-04-21 00:00:00","2014-04-11 00:00:00","2014-04-21 00:00:00","3.0000","36.7500","36.7500","2014-04-20 22:00:00"
"66835","808","1","10","2014-04-10 00:00:00","2014-04-21 00:00:00","2014-04-11 00:00:00","2014-04-21 00:00:00","4.1000","92.2500","92.2500","2014-04-20 22:00:00"
"66835","808","2","20","2014-04-10 00:00:00","2014-04-21 00:00:00","2014-04-11 00:00:00","2014-04-21 00:00:00","3.5000","87.5000","87.5000","2014-04-20 22:00:00"
"66835","808","6","50","2014-04-10 00:00:00","2014-04-21 00:00:00","2014-04-11 00:00:00","2014-04-21 00:00:00","3.0000","36.7500","36.7500","2014-04-20 22:00:00"
"66836","810","1","10","2014-04-10 00:00:00","2014-04-21 00:00:00","2014-04-11 00:00:00","2014-04-21 00:00:00","4.1000","92.2500","92.2500","2014-04-20 22:00:00"
"66836","810","2","20","2014-04-10 00:00:00","2014-04-21 00:00:00","2014-04-11 00:00:00","2014-04-21 00:00:00","3.5000","87.5000","87.5000","2014-04-20 22:00:00"
"66836","810","6","50","2014-04-10 00:00:00","2014-04-21 00:00:00","2014-04-11 00:00:00","2014-04-21 00:00:00","3.0000","36.7500","36.7500","2014-04-20 22:00:00"
"66837","811","1","10","2014-04-10 00:00:00","2014-04-21 00:00:00","2014-04-11 00:00:00","2014-04-21 00:00:00","4.1000","92.2500","92.2500","2014-04-20 22:00:00"
"66837","811","2","20","2014-04-10 00:00:00","2014-04-21 00:00:00","2014-04-11 00:00:00","2014-04-21 00:00:00","3.5000","87.5000","87.5000","2014-04-20 22:00:00"
"66837","811","6","50","2014-04-10 00:00:00","2014-04-21 00:00:00","2014-04-11 00:00:00","2014-04-21 00:00:00","3.0000","36.7500","36.7500","2014-04-20 22:00:00"
"66838","812","1","10","2014-04-10 00:00:00","2014-04-21 00:00:00","2014-04-11 00:00:00","2014-04-21 00:00:00","4.1000","92.2500","92.2500","2014-04-20 22:00:00"
"66838","812","2","20","2014-04-10 00:00:00","2014-04-21 00:00:00","2014-04-11 00:00:00","2014-04-21 00:00:00","3.5000","87.5000","87.5000","2014-04-20 22:00:00"
"66838","812","6","50","2014-04-10 00:00:00","2014-04-21 00:00:00","2014-04-11 00:00:00","2014-04-21 00:00:00","3.0000","36.7500","36.7500","2014-04-20 22:00:00"
"66839","813","1","10","2014-04-10 00:00:00","2014-04-21 00:00:00","2014-04-11 00:00:00","2014-04-21 00:00:00","4.1000","92.2500","92.2500","2014-04-20 22:00:00"
"66839","813","2","20","2014-04-10 00:00:00","2014-04-21 00:00:00","2014-04-11 00:00:00","2014-04-21 00:00:00","3.5000","87.5000","87.5000","2014-04-20 22:00:00"
"66839","813","6","50","2014-04-10 00:00:00","2014-04-21 00:00:00","2014-04-11 00:00:00","2014-04-21 00:00:00","3.0000","36.7500","36.7500","2014-04-20 22:00:00"
"66840","815","6","50","2014-04-10 00:00:00","2014-04-21 00:00:00","2014-04-11 00:00:00","2014-04-21 00:00:00","3.0000","36.7500","36.7500","2014-04-20 22:00:00"
"66841","816","6","50","2014-04-10 00:00:00","2014-04-21 00:00:00","2014-04-11 00:00:00","2014-04-21 00:00:00","3.0000","36.7500","36.7500","2014-04-20 22:00:00"
"66842","818","6","50","2014-04-10 00:00:00","2014-04-21 00:00:00","2014-04-11 00:00:00","2014-04-21 00:00:00","3.0000","36.7500","36.7500","2014-04-20 22:00:00"
"66843","819","6","50","2014-04-10 00:00:00","2014-04-21 00:00:00","2014-04-11 00:00:00","2014-04-21 00:00:00","3.0000","36.7500","36.7500","2014-04-20 22:00:00"
"66844","820","6","50","2014-04-10 00:00:00","2014-04-21 00:00:00","2014-04-11 00:00:00","2014-04-21 00:00:00","3.0000","36.7500","36.7500","2014-04-20 22:00:00"
"66845","821","6","50","2014-04-10 00:00:00","2014-04-21 00:00:00","2014-04-11 00:00:00","2014-04-21 00:00:00","3.0000","36.7500","36.7500","2014-04-20 22:00:00"
"66846","823","6","50","2014-04-10 00:00:00","2014-04-21 00:00:00","2014-04-11 00:00:00","2014-04-21 00:00:00","3.0000","36.7500","36.7500","2014-04-20 22:00:00"
"66847","824","6","50","2014-04-10 00:00:00","2014-04-21 00:00:00","2014-04-11 00:00:00","2014-04-21 00:00:00","3.0000","36.7500","36.7500","2014-04-20 22:00:00"
"66848","826","6","50","2014-04-10 00:00:00","2014-04-21 00:00:00","2014-04-11 00:00:00","2014-04-21 00:00:00","3.0000","36.7500","36.7500","2014-04-20 22:00:00"
"66849","827","6","50","2014-04-10 00:00:00","2014-04-21 00:00:00","2014-04-11 00:00:00","2014-04-21 00:00:00","3.0000","36.7500","36.7500","2014-04-20 22:00:00"
"66850","828","6","50","2014-04-10 00:00:00","2014-04-21 00:00:00","2014-04-11 00:00:00","2014-04-21 00:00:00","3.0000","36.7500","36.7500","2014-04-20 22:00:00"
"66851","829","6","50","2014-04-10 00:00:00","2014-04-21 00:00:00","2014-04-11 00:00:00","2014-04-21 00:00:00","3.0000","36.7500","36.7500","2014-04-20 22:00:00"
"66860","894","6","50","2014-04-10 00:00:00","2014-04-21 00:00:00","2014-04-11 00:00:00","2014-04-21 00:00:00","3.0000","36.7500","36.7500","2014-04-20 22:00:00"
"66868","942","1","10","2014-04-10 00:00:00","2014-04-21 00:00:00","2014-04-11 00:00:00","2014-04-21 00:00:00","4.1000","92.2500","92.2500","2014-04-20 22:00:00"
"66868","942","2","20","2014-04-10 00:00:00","2014-04-21 00:00:00","2014-04-11 00:00:00","2014-04-21 00:00:00","3.5000","87.5000","87.5000","2014-04-20 22:00:00"
"66868","942","3","30","2014-04-10 00:00:00","2014-04-21 00:00:00","2014-04-11 00:00:00","2014-04-21 00:00:00","1.0000","14.5000","14.5000","2014-04-20 22:00:00"
"66868","942","5","45","2014-04-10 00:00:00","2014-04-21 00:00:00","2014-04-11 00:00:00","2014-04-21 00:00:00","2.0000","36.0000","36.0000","2014-04-20 22:00:00"
"66868","942","6","50","2014-04-10 00:00:00","2014-04-21 00:00:00","2014-04-11 00:00:00","2014-04-21 00:00:00","3.0000","36.7500","36.7500","2014-04-20 22:00:00"
"66868","942","7","60","2014-04-10 00:00:00","2014-04-21 00:00:00","2014-04-11 00:00:00","2014-04-21 00:00:00","4.0000","49.0000","49.0000","2014-04-20 22:00:00"
"66869","944","1","10","2014-04-10 00:00:00","2014-04-21 00:00:00","2014-04-11 00:00:00","2014-04-21 00:00:00","4.1000","92.2500","92.2500","2014-04-20 22:00:00"
"66869","944","2","20","2014-04-10 00:00:00","2014-04-21 00:00:00","2014-04-11 00:00:00","2014-04-21 00:00:00","3.5000","87.5000","87.5000","2014-04-20 22:00:00"
"66869","944","3","30","2014-04-10 00:00:00","2014-04-21 00:00:00","2014-04-11 00:00:00","2014-04-21 00:00:00","1.0000","14.5000","14.5000","2014-04-20 22:00:00"
"66869","944","5","45","2014-04-10 00:00:00","2014-04-21 00:00:00","2014-04-11 00:00:00","2014-04-21 00:00:00","2.0000","36.0000","36.0000","2014-04-20 22:00:00"
"66869","944","6","50","2014-04-10 00:00:00","2014-04-21 00:00:00","2014-04-11 00:00:00","2014-04-21 00:00:00","3.0000","36.7500","36.7500","2014-04-20 22:00:00"
"66869","944","7","60","2014-04-10 00:00:00","2014-04-21 00:00:00","2014-04-11 00:00:00","2014-04-21 00:00:00","4.0000","49.0000","49.0000","2014-04-20 22:00:00"
"66870","945","1","10","2014-04-10 00:00:00","2014-04-21 00:00:00","2014-04-11 00:00:00","2014-04-21 00:00:00","4.1000","92.2500","92.2500","2014-04-20 22:00:00"
"66870","945","6","50","2014-04-10 00:00:00","2014-04-21 00:00:00","2014-04-11 00:00:00","2014-04-21 00:00:00","3.0000","36.7500","36.7500","2014-04-20 22:00:00"
"66871","946","1","10","2014-04-10 00:00:00","2014-04-21 00:00:00","2014-04-11 00:00:00","2014-04-21 00:00:00","4.1000","92.2500","92.2500","2014-04-20 22:00:00"
"66871","946","2","20","2014-04-10 00:00:00","2014-04-21 00:00:00","2014-04-11 00:00:00","2014-04-21 00:00:00","3.5000","87.5000","87.5000","2014-04-20 22:00:00"
"66871","946","6","50","2014-04-10 00:00:00","2014-04-21 00:00:00","2014-04-11 00:00:00","2014-04-21 00:00:00","3.0000","36.7500","36.7500","2014-04-20 22:00:00"
"66872","947","1","10","2014-04-10 00:00:00","2014-04-21 00:00:00","2014-04-11 00:00:00","2014-04-21 00:00:00","4.1000","92.2500","92.2500","2014-04-20 22:00:00"
"66872","947","2","20","2014-04-10 00:00:00","2014-04-21 00:00:00","2014-04-11 00:00:00","2014-04-21 00:00:00","3.5000","87.5000","87.5000","2014-04-20 22:00:00"
"66872","947","6","50","2014-04-10 00:00:00","2014-04-21 00:00:00","2014-04-11 00:00:00","2014-04-21 00:00:00","3.0000","36.7500","36.7500","2014-04-20 22:00:00"
"66873","949","6","50","2014-04-10 00:00:00","2014-04-21 00:00:00","2014-04-11 00:00:00","2014-04-21 00:00:00","3.0000","36.7500","36.7500","2014-04-20 22:00:00"
"66874","950","6","50","2014-04-10 00:00:00","2014-04-21 00:00:00","2014-04-11 00:00:00","2014-04-21 00:00:00","3.0000","36.7500","36.7500","2014-04-20 22:00:00"
"66875","951","6","50","2014-04-10 00:00:00","2014-04-21 00:00:00","2014-04-11 00:00:00","2014-04-21 00:00:00","3.0000","36.7500","36.7500","2014-04-20 22:00:00"
"66876","994","6","50","2014-04-10 00:00:00","2014-04-21 00:00:00","2014-04-11 00:00:00","2014-04-21 00:00:00","3.0000","36.7500","36.7500","2014-04-20 22:00:00"
"66877","995","6","50","2014-04-10 00:00:00","2014-04-21 00:00:00","2014-04-11 00:00:00","2014-04-21 00:00:00","3.0000","36.7500","36.7500","2014-04-20 22:00:00"
"66878","996","6","50","2014-04-10 00:00:00","2014-04-21 00:00:00","2014-04-11 00:00:00","2014-04-21 00:00:00","3.0000","36.7500","36.7500","2014-04-20 22:00:00"
"66893","802","1","10","2014-04-10 00:00:00","2014-04-21 00:00:00","2014-04-11 00:00:00","2014-04-21 00:00:00","4.1000","92.2500","92.2500","2014-04-20 22:00:00"
"66893","802","6","50","2014-04-10 00:00:00","2014-04-21 00:00:00","2014-04-11 00:00:00","2014-04-21 00:00:00","3.0000","36.7500","36.7500","2014-04-20 22:00:00"
"66894","803","1","10","2014-04-10 00:00:00","2014-04-21 00:00:00","2014-04-11 00:00:00","2014-04-21 00:00:00","4.1000","92.2500","92.2500","2014-04-20 22:00:00"
"66894","803","6","50","2014-04-10 00:00:00","2014-04-21 00:00:00","2014-04-11 00:00:00","2014-04-21 00:00:00","3.0000","36.7500","36.7500","2014-04-20 22:00:00"
"66895","804","1","10","2014-04-10 00:00:00","2014-04-21 00:00:00","2014-04-11 00:00:00","2014-04-21 00:00:00","4.1000","92.2500","92.2500","2014-04-20 22:00:00"
"66895","804","6","50","2014-04-10 00:00:00","2014-04-21 00:00:00","2014-04-11 00:00:00","2014-04-21 00:00:00","3.0000","36.7500","36.7500","2014-04-20 22:00:00"
"66900","779","7","60","2014-04-11 00:00:00","2014-04-22 00:00:00","2014-04-11 00:00:00","2014-05-05 00:00:00","4.0000","49.0000","49.0000","2014-05-04 22:00:00"
"66901","780","7","60","2014-04-11 00:00:00","2014-04-22 00:00:00","2014-04-11 00:00:00","2014-05-05 00:00:00","4.0000","49.0000","49.0000","2014-05-04 22:00:00"
"66902","781","7","60","2014-04-11 00:00:00","2014-04-22 00:00:00","2014-04-11 00:00:00","2014-05-05 00:00:00","4.0000","49.0000","49.0000","2014-05-04 22:00:00"
"66903","782","7","60","2014-04-11 00:00:00","2014-04-22 00:00:00","2014-04-11 00:00:00","2014-05-05 00:00:00","4.0000","49.0000","49.0000","2014-05-04 22:00:00"
"66904","783","7","60","2014-04-11 00:00:00","2014-04-22 00:00:00","2014-04-11 00:00:00","2014-05-05 00:00:00","4.0000","49.0000","49.0000","2014-05-04 22:00:00"
"66905","784","7","60","2014-04-11 00:00:00","2014-04-22 00:00:00","2014-04-11 00:00:00","2014-05-05 00:00:00","4.0000","49.0000","49.0000","2014-05-04 22:00:00"
"66906","798","7","60","2014-04-11 00:00:00","2014-04-22 00:00:00","2014-04-11 00:00:00","2014-05-05 00:00:00","4.0000","49.0000","49.0000","2014-05-04 22:00:00"
"66907","799","7","60","2014-04-11 00:00:00","2014-04-22 00:00:00","2014-04-11 00:00:00","2014-05-05 00:00:00","4.0000","49.0000","49.0000","2014-05-04 22:00:00"
"66908","800","7","60","2014-04-11 00:00:00","2014-04-22 00:00:00","2014-04-11 00:00:00","2014-05-05 00:00:00","4.0000","49.0000","49.0000","2014-05-04 22:00:00"
"66909","801","7","60","2014-04-11 00:00:00","2014-04-22 00:00:00","2014-04-11 00:00:00","2014-05-05 00:00:00","4.0000","49.0000","49.0000","2014-05-04 22:00:00"
"66910","954","7","60","2014-04-11 00:00:00","2014-04-22 00:00:00","2014-04-11 00:00:00","2014-05-05 00:00:00","4.0000","49.0000","49.0000","2014-05-04 22:00:00"
"66911","955","7","60","2014-04-11 00:00:00","2014-04-22 00:00:00","2014-04-11 00:00:00","2014-05-05 00:00:00","4.0000","49.0000","49.0000","2014-05-04 22:00:00"
"66912","956","7","60","2014-04-11 00:00:00","2014-04-22 00:00:00","2014-04-11 00:00:00","2014-05-05 00:00:00","4.0000","49.0000","49.0000","2014-05-04 22:00:00"
"66913","960","7","60","2014-04-11 00:00:00","2014-04-22 00:00:00","2014-04-11 00:00:00","2014-05-05 00:00:00","4.0000","49.0000","49.0000","2014-05-04 22:00:00"
"66914","967","7","60","2014-04-11 00:00:00","2014-04-22 00:00:00","2014-04-11 00:00:00","2014-05-05 00:00:00","4.0000","49.0000","49.0000","2014-05-04 22:00:00"
"66915","969","7","60","2014-04-11 00:00:00","2014-04-22 00:00:00","2014-04-11 00:00:00","2014-05-05 00:00:00","4.0000","49.0000","49.0000","2014-05-04 22:00:00"
"66916","971","7","60","2014-04-11 00:00:00","2014-04-22 00:00:00","2014-04-11 00:00:00","2014-05-05 00:00:00","4.0000","49.0000","49.0000","2014-05-04 22:00:00"
"66917","972","7","60","2014-04-11 00:00:00","2014-04-22 00:00:00","2014-04-11 00:00:00","2014-05-05 00:00:00","4.0000","49.0000","49.0000","2014-05-04 22:00:00"
"66918","975","7","60","2014-04-11 00:00:00","2014-04-22 00:00:00","2014-04-11 00:00:00","2014-05-05 00:00:00","4.0000","49.0000","49.0000","2014-05-04 22:00:00"
"66919","977","7","60","2014-04-11 00:00:00","2014-04-22 00:00:00","2014-04-11 00:00:00","2014-05-05 00:00:00","4.0000","49.0000","49.0000","2014-05-04 22:00:00"
"66920","979","7","60","2014-04-11 00:00:00","2014-04-22 00:00:00","2014-04-11 00:00:00","2014-05-05 00:00:00","4.0000","49.0000","49.0000","2014-05-04 22:00:00"
"66921","980","7","60","2014-04-11 00:00:00","2014-04-22 00:00:00","2014-04-11 00:00:00","2014-05-05 00:00:00","4.0000","49.0000","49.0000","2014-05-04 22:00:00"
"66922","982","7","60","2014-04-11 00:00:00","2014-04-22 00:00:00","2014-04-11 00:00:00","2014-05-05 00:00:00","4.0000","49.0000","49.0000","2014-05-04 22:00:00"
"66923","987","7","60","2014-04-11 00:00:00","2014-04-22 00:00:00","2014-04-11 00:00:00","2014-05-05 00:00:00","4.0000","49.0000","49.0000","2014-05-04 22:00:00"
"66924","993","7","60","2014-04-11 00:00:00","2014-04-22 00:00:00","2014-04-11 00:00:00","2014-05-05 00:00:00","4.0000","49.0000","49.0000","2014-05-04 22:00:00"
"66925","997","7","60","2014-04-11 00:00:00","2014-04-22 00:00:00","2014-04-11 00:00:00","2014-05-05 00:00:00","4.0000","49.0000","49.0000","2014-05-04 22:00:00"
"66926","999","7","60","2014-04-11 00:00:00","2014-04-22 00:00:00","2014-04-11 00:00:00","2014-05-05 00:00:00","4.0000","49.0000","49.0000","2014-05-04 22:00:00"
"66927","514","6","50","2014-04-11 00:00:00","2014-04-22 00:00:00","2014-04-11 00:00:00","2014-05-05 00:00:00","3.0000","36.7500","36.7500","2014-05-04 22:00:00"
"66927","514","7","60","2014-04-11 00:00:00","2014-04-22 00:00:00","2014-04-11 00:00:00","2014-05-05 00:00:00","4.0000","49.0000","49.0000","2014-05-04 22:00:00"
"66928","516","6","50","2014-04-11 00:00:00","2014-04-22 00:00:00","2014-04-11 00:00:00","2014-05-05 00:00:00","3.0000","36.7500","36.7500","2014-05-04 22:00:00"
"66928","516","7","60","2014-04-11 00:00:00","2014-04-22 00:00:00","2014-04-11 00:00:00","2014-05-05 00:00:00","4.0000","49.0000","49.0000","2014-05-04 22:00:00"
"66929","517","6","50","2014-04-11 00:00:00","2014-04-22 00:00:00","2014-04-11 00:00:00","2014-05-05 00:00:00","3.0000","36.7500","36.7500","2014-05-04 22:00:00"
"66929","517","7","60","2014-04-11 00:00:00","2014-04-22 00:00:00","2014-04-11 00:00:00","2014-05-05 00:00:00","4.0000","49.0000","49.0000","2014-05-04 22:00:00"
"66930","518","6","50","2014-04-11 00:00:00","2014-04-22 00:00:00","2014-04-11 00:00:00","2014-05-05 00:00:00","3.0000","36.7500","36.7500","2014-05-04 22:00:00"
"66930","518","7","60","2014-04-11 00:00:00","2014-04-22 00:00:00","2014-04-11 00:00:00","2014-05-05 00:00:00","4.0000","49.0000","49.0000","2014-05-04 22:00:00"
"66931","520","6","50","2014-04-11 00:00:00","2014-04-22 00:00:00","2014-04-11 00:00:00","2014-05-05 00:00:00","3.0000","36.7500","36.7500","2014-05-04 22:00:00"
"66931","520","7","60","2014-04-11 00:00:00","2014-04-22 00:00:00","2014-04-11 00:00:00","2014-05-05 00:00:00","4.0000","49.0000","49.0000","2014-05-04 22:00:00"
"66932","521","6","50","2014-04-11 00:00:00","2014-04-22 00:00:00","2014-04-11 00:00:00","2014-05-05 00:00:00","3.0000","36.7500","36.7500","2014-05-04 22:00:00"
"66932","521","7","60","2014-04-11 00:00:00","2014-04-22 00:00:00","2014-04-11 00:00:00","2014-05-05 00:00:00","4.0000","49.0000","49.0000","2014-05-04 22:00:00"
"66933","522","6","50","2014-04-11 00:00:00","2014-04-22 00:00:00","2014-04-11 00:00:00","2014-05-05 00:00:00","3.0000","36.7500","36.7500","2014-05-04 22:00:00"
"66933","522","7","60","2014-04-11 00:00:00","2014-04-22 00:00:00","2014-04-11 00:00:00","2014-05-05 00:00:00","4.0000","49.0000","49.0000","2014-05-04 22:00:00"
"66941","747","1","10","2014-04-11 00:00:00","2014-04-22 00:00:00","2014-04-11 00:00:00","2014-05-05 00:00:00","4.1000","92.2500","92.2500","2014-05-04 22:00:00"
"66941","747","2","20","2014-04-11 00:00:00","2014-04-22 00:00:00","2014-04-11 00:00:00","2014-05-05 00:00:00","3.5000","87.5000","87.5000","2014-05-04 22:00:00"
"66941","747","3","30","2014-04-11 00:00:00","2014-04-22 00:00:00","2014-04-11 00:00:00","2014-05-05 00:00:00","1.0000","14.5000","14.5000","2014-05-04 22:00:00"
"66941","747","4","40","2014-04-11 00:00:00","2014-04-22 00:00:00","2014-04-11 00:00:00","2014-05-05 00:00:00","2.0000","31.5000","31.5000","2014-05-04 22:00:00"
"66941","747","6","50","2014-04-11 00:00:00","2014-04-22 00:00:00","2014-04-11 00:00:00","2014-05-05 00:00:00","3.0000","36.7500","36.7500","2014-05-04 22:00:00"
"66941","747","7","60","2014-04-11 00:00:00","2014-04-22 00:00:00","2014-04-11 00:00:00","2014-05-05 00:00:00","4.0000","49.0000","49.0000","2014-05-04 22:00:00"
"66942","748","1","10","2014-04-11 00:00:00","2014-04-22 00:00:00","2014-04-11 00:00:00","2014-05-05 00:00:00","4.1000","92.2500","92.2500","2014-05-04 22:00:00"
"66942","748","2","20","2014-04-11 00:00:00","2014-04-22 00:00:00","2014-04-11 00:00:00","2014-05-05 00:00:00","3.5000","87.5000","87.5000","2014-05-04 22:00:00"
"66942","748","3","30","2014-04-11 00:00:00","2014-04-22 00:00:00","2014-04-11 00:00:00","2014-05-05 00:00:00","1.0000","14.5000","14.5000","2014-05-04 22:00:00"
"66942","748","5","45","2014-04-11 00:00:00","2014-04-22 00:00:00","2014-04-11 00:00:00","2014-05-05 00:00:00","2.0000","36.0000","36.0000","2014-05-04 22:00:00"
"66942","748","6","50","2014-04-11 00:00:00","2014-04-22 00:00:00","2014-04-11 00:00:00","2014-05-05 00:00:00","3.0000","36.7500","36.7500","2014-05-04 22:00:00"
"66942","748","7","60","2014-04-11 00:00:00","2014-04-22 00:00:00","2014-04-11 00:00:00","2014-05-05 00:00:00","4.0000","49.0000","49.0000","2014-05-04 22:00:00"
"66943","805","6","50","2014-04-11 00:00:00","2014-04-22 00:00:00","2014-04-11 00:00:00","2014-05-05 00:00:00","3.0000","36.7500","36.7500","2014-05-04 22:00:00"
"66944","806","6","50","2014-04-11 00:00:00","2014-04-22 00:00:00","2014-04-11 00:00:00","2014-05-05 00:00:00","3.0000","36.7500","36.7500","2014-05-04 22:00:00"
"66945","807","6","50","2014-04-11 00:00:00","2014-04-22 00:00:00","2014-04-11 00:00:00","2014-05-05 00:00:00","3.0000","36.7500","36.7500","2014-05-04 22:00:00"
"66946","808","1","10","2014-04-11 00:00:00","2014-04-22 00:00:00","2014-04-11 00:00:00","2014-05-05 00:00:00","4.1000","92.2500","92.2500","2014-05-04 22:00:00"
"66946","808","2","20","2014-04-11 00:00:00","2014-04-22 00:00:00","2014-04-11 00:00:00","2014-05-05 00:00:00","3.5000","87.5000","87.5000","2014-05-04 22:00:00"
"66946","808","6","50","2014-04-11 00:00:00","2014-04-22 00:00:00","2014-04-11 00:00:00","2014-05-05 00:00:00","3.0000","36.7500","36.7500","2014-05-04 22:00:00"
"66947","810","1","10","2014-04-11 00:00:00","2014-04-22 00:00:00","2014-04-11 00:00:00","2014-05-05 00:00:00","4.1000","92.2500","92.2500","2014-05-04 22:00:00"
"66947","810","2","20","2014-04-11 00:00:00","2014-04-22 00:00:00","2014-04-11 00:00:00","2014-05-05 00:00:00","3.5000","87.5000","87.5000","2014-05-04 22:00:00"
"66947","810","6","50","2014-04-11 00:00:00","2014-04-22 00:00:00","2014-04-11 00:00:00","2014-05-05 00:00:00","3.0000","36.7500","36.7500","2014-05-04 22:00:00"
"66948","811","1","10","2014-04-11 00:00:00","2014-04-22 00:00:00","2014-04-11 00:00:00","2014-05-05 00:00:00","4.1000","92.2500","92.2500","2014-05-04 22:00:00"
"66948","811","2","20","2014-04-11 00:00:00","2014-04-22 00:00:00","2014-04-11 00:00:00","2014-05-05 00:00:00","3.5000","87.5000","87.5000","2014-05-04 22:00:00"
"66948","811","6","50","2014-04-11 00:00:00","2014-04-22 00:00:00","2014-04-11 00:00:00","2014-05-05 00:00:00","3.0000","36.7500","36.7500","2014-05-04 22:00:00"
"66949","812","1","10","2014-04-11 00:00:00","2014-04-22 00:00:00","2014-04-11 00:00:00","2014-05-05 00:00:00","4.1000","92.2500","92.2500","2014-05-04 22:00:00"
"66949","812","2","20","2014-04-11 00:00:00","2014-04-22 00:00:00","2014-04-11 00:00:00","2014-05-05 00:00:00","3.5000","87.5000","87.5000","2014-05-04 22:00:00"
"66949","812","6","50","2014-04-11 00:00:00","2014-04-22 00:00:00","2014-04-11 00:00:00","2014-05-05 00:00:00","3.0000","36.7500","36.7500","2014-05-04 22:00:00"
"66950","815","6","50","2014-04-11 00:00:00","2014-04-22 00:00:00","2014-04-11 00:00:00","2014-05-05 00:00:00","3.0000","36.7500","36.7500","2014-05-04 22:00:00"
"66951","816","6","50","2014-04-11 00:00:00","2014-04-22 00:00:00","2014-04-11 00:00:00","2014-05-05 00:00:00","3.0000","36.7500","36.7500","2014-05-04 22:00:00"
"66952","818","6","50","2014-04-11 00:00:00","2014-04-22 00:00:00","2014-04-11 00:00:00","2014-05-05 00:00:00","3.0000","36.7500","36.7500","2014-05-04 22:00:00"
"66953","819","6","50","2014-04-11 00:00:00","2014-04-22 00:00:00","2014-04-11 00:00:00","2014-05-05 00:00:00","3.0000","36.7500","36.7500","2014-05-04 22:00:00"
"66954","821","6","50","2014-04-11 00:00:00","2014-04-22 00:00:00","2014-04-11 00:00:00","2014-05-05 00:00:00","3.0000","36.7500","36.7500","2014-05-04 22:00:00"
"66955","823","6","50","2014-04-11 00:00:00","2014-04-22 00:00:00","2014-04-11 00:00:00","2014-05-05 00:00:00","3.0000","36.7500","36.7500","2014-05-04 22:00:00"
"66956","824","6","50","2014-04-11 00:00:00","2014-04-22 00:00:00","2014-04-11 00:00:00","2014-05-05 00:00:00","3.0000","36.7500","36.7500","2014-05-04 22:00:00"
"66957","826","6","50","2014-04-11 00:00:00","2014-04-22 00:00:00","2014-04-11 00:00:00","2014-05-05 00:00:00","3.0000","36.7500","36.7500","2014-05-04 22:00:00"
"66958","827","6","50","2014-04-11 00:00:00","2014-04-22 00:00:00","2014-04-11 00:00:00","2014-05-05 00:00:00","3.0000","36.7500","36.7500","2014-05-04 22:00:00"
"66959","829","6","50","2014-04-11 00:00:00","2014-04-22 00:00:00","2014-04-11 00:00:00","2014-05-05 00:00:00","3.0000","36.7500","36.7500","2014-05-04 22:00:00"
"66970","894","6","50","2014-04-11 00:00:00","2014-04-22 00:00:00","2014-04-11 00:00:00","2014-05-05 00:00:00","3.0000","36.7500","36.7500","2014-05-04 22:00:00"
"66976","942","1","10","2014-04-11 00:00:00","2014-04-22 00:00:00","2014-04-11 00:00:00","2014-05-05 00:00:00","4.1000","92.2500","92.2500","2014-05-04 22:00:00"
"66976","942","2","20","2014-04-11 00:00:00","2014-04-22 00:00:00","2014-04-11 00:00:00","2014-05-05 00:00:00","3.5000","87.5000","87.5000","2014-05-04 22:00:00"
"66976","942","3","30","2014-04-11 00:00:00","2014-04-22 00:00:00","2014-04-11 00:00:00","2014-05-05 00:00:00","1.0000","14.5000","14.5000","2014-05-04 22:00:00"
"66976","942","5","45","2014-04-11 00:00:00","2014-04-22 00:00:00","2014-04-11 00:00:00","2014-05-05 00:00:00","2.0000","36.0000","36.0000","2014-05-04 22:00:00"
"66976","942","6","50","2014-04-11 00:00:00","2014-04-22 00:00:00","2014-04-11 00:00:00","2014-05-05 00:00:00","3.0000","36.7500","36.7500","2014-05-04 22:00:00"
"66976","942","7","60","2014-04-11 00:00:00","2014-04-22 00:00:00","2014-04-11 00:00:00","2014-05-05 00:00:00","4.0000","49.0000","49.0000","2014-05-04 22:00:00"
"66977","945","1","10","2014-04-11 00:00:00","2014-04-22 00:00:00","2014-04-11 00:00:00","2014-05-05 00:00:00","4.1000","92.2500","92.2500","2014-05-04 22:00:00"
"66977","945","6","50","2014-04-11 00:00:00","2014-04-22 00:00:00","2014-04-11 00:00:00","2014-05-05 00:00:00","3.0000","36.7500","36.7500","2014-05-04 22:00:00"
"66978","946","1","10","2014-04-11 00:00:00","2014-04-22 00:00:00","2014-04-11 00:00:00","2014-05-05 00:00:00","4.1000","92.2500","92.2500","2014-05-04 22:00:00"
"66978","946","2","20","2014-04-11 00:00:00","2014-04-22 00:00:00","2014-04-11 00:00:00","2014-05-05 00:00:00","3.5000","87.5000","87.5000","2014-05-04 22:00:00"
"66978","946","6","50","2014-04-11 00:00:00","2014-04-22 00:00:00","2014-04-11 00:00:00","2014-05-05 00:00:00","3.0000","36.7500","36.7500","2014-05-04 22:00:00"
"66979","947","1","10","2014-04-11 00:00:00","2014-04-22 00:00:00","2014-04-11 00:00:00","2014-05-05 00:00:00","4.1000","92.2500","92.2500","2014-05-04 22:00:00"
"66979","947","2","20","2014-04-11 00:00:00","2014-04-22 00:00:00","2014-04-11 00:00:00","2014-05-05 00:00:00","3.5000","87.5000","87.5000","2014-05-04 22:00:00"
"66979","947","6","50","2014-04-11 00:00:00","2014-04-22 00:00:00","2014-04-11 00:00:00","2014-05-05 00:00:00","3.0000","36.7500","36.7500","2014-05-04 22:00:00"
"66980","949","6","50","2014-04-11 00:00:00","2014-04-22 00:00:00","2014-04-11 00:00:00","2014-05-05 00:00:00","3.0000","36.7500","36.7500","2014-05-04 22:00:00"
"66981","950","6","50","2014-04-11 00:00:00","2014-04-22 00:00:00","2014-04-11 00:00:00","2014-05-05 00:00:00","3.0000","36.7500","36.7500","2014-05-04 22:00:00"
"66982","951","6","50","2014-04-11 00:00:00","2014-04-22 00:00:00","2014-04-11 00:00:00","2014-05-05 00:00:00","3.0000","36.7500","36.7500","2014-05-04 22:00:00"
"66983","994","6","50","2014-04-11 00:00:00","2014-04-22 00:00:00","2014-04-11 00:00:00","2014-05-05 00:00:00","3.0000","36.7500","36.7500","2014-05-04 22:00:00"
"66984","995","6","50","2014-04-11 00:00:00","2014-04-22 00:00:00","2014-04-11 00:00:00","2014-05-05 00:00:00","3.0000","36.7500","36.7500","2014-05-04 22:00:00"
"66985","996","6","50","2014-04-11 00:00:00","2014-04-22 00:00:00","2014-04-11 00:00:00","2014-05-05 00:00:00","3.0000","36.7500","36.7500","2014-05-04 22:00:00"
"67000","802","1","10","2014-04-11 00:00:00","2014-04-22 00:00:00","2014-04-11 00:00:00","2014-05-05 00:00:00","4.1000","92.2500","92.2500","2014-05-04 22:00:00"
"67000","802","6","50","2014-04-11 00:00:00","2014-04-22 00:00:00","2014-04-11 00:00:00","2014-05-05 00:00:00","3.0000","36.7500","36.7500","2014-05-04 22:00:00"
"67001","803","1","10","2014-04-11 00:00:00","2014-04-22 00:00:00","2014-04-11 00:00:00","2014-05-05 00:00:00","4.1000","92.2500","92.2500","2014-05-04 22:00:00"
"67001","803","6","50","2014-04-11 00:00:00","2014-04-22 00:00:00","2014-04-11 00:00:00","2014-05-05 00:00:00","3.0000","36.7500","36.7500","2014-05-04 22:00:00"
"67002","804","1","10","2014-04-11 00:00:00","2014-04-22 00:00:00","2014-04-11 00:00:00","2014-05-05 00:00:00","4.1000","92.2500","92.2500","2014-05-04 22:00:00"
"67002","804","6","50","2014-04-11 00:00:00","2014-04-22 00:00:00","2014-04-11 00:00:00","2014-05-05 00:00:00","3.0000","36.7500","36.7500","2014-05-04 22:00:00"
"67007","779","7","60","2014-04-12 00:00:00","2014-04-23 00:00:00","2014-04-15 00:00:00","2014-04-23 00:00:00","4.0000","49.0000","49.0000","2014-04-22 22:00:00"
"67008","780","7","60","2014-04-12 00:00:00","2014-04-23 00:00:00","2014-04-15 00:00:00","2014-04-23 00:00:00","4.0000","49.0000","49.0000","2014-04-22 22:00:00"
"67009","781","7","60","2014-04-12 00:00:00","2014-04-23 00:00:00","2014-04-15 00:00:00","2014-04-23 00:00:00","4.0000","49.0000","49.0000","2014-04-22 22:00:00"
"67010","783","7","60","2014-04-12 00:00:00","2014-04-23 00:00:00","2014-04-15 00:00:00","2014-04-23 00:00:00","4.0000","49.0000","49.0000","2014-04-22 22:00:00"
"67011","784","7","60","2014-04-12 00:00:00","2014-04-23 00:00:00","2014-04-15 00:00:00","2014-04-23 00:00:00","4.0000","49.0000","49.0000","2014-04-22 22:00:00"
"67012","797","7","60","2014-04-12 00:00:00","2014-04-23 00:00:00","2014-04-15 00:00:00","2014-04-23 00:00:00","4.0000","49.0000","49.0000","2014-04-22 22:00:00"
"67013","798","7","60","2014-04-12 00:00:00","2014-04-23 00:00:00","2014-04-15 00:00:00","2014-04-23 00:00:00","4.0000","49.0000","49.0000","2014-04-22 22:00:00"
"67014","799","7","60","2014-04-12 00:00:00","2014-04-23 00:00:00","2014-04-15 00:00:00","2014-04-23 00:00:00","4.0000","49.0000","49.0000","2014-04-22 22:00:00"
"67015","801","7","60","2014-04-12 00:00:00","2014-04-23 00:00:00","2014-04-15 00:00:00","2014-04-23 00:00:00","4.0000","49.0000","49.0000","2014-04-22 22:00:00"
"67016","957","7","60","2014-04-12 00:00:00","2014-04-23 00:00:00","2014-04-15 00:00:00","2014-04-23 00:00:00","4.0000","49.0000","49.0000","2014-04-22 22:00:00"
"67017","963","7","60","2014-04-12 00:00:00","2014-04-23 00:00:00","2014-04-15 00:00:00","2014-04-23 00:00:00","4.0000","49.0000","49.0000","2014-04-22 22:00:00"
"67018","968","7","60","2014-04-12 00:00:00","2014-04-23 00:00:00","2014-04-15 00:00:00","2014-04-23 00:00:00","4.0000","49.0000","49.0000","2014-04-22 22:00:00"
"67019","971","7","60","2014-04-12 00:00:00","2014-04-23 00:00:00","2014-04-15 00:00:00","2014-04-23 00:00:00","4.0000","49.0000","49.0000","2014-04-22 22:00:00"
"67020","973","7","60","2014-04-12 00:00:00","2014-04-23 00:00:00","2014-04-15 00:00:00","2014-04-23 00:00:00","4.0000","49.0000","49.0000","2014-04-22 22:00:00"
"67021","975","7","60","2014-04-12 00:00:00","2014-04-23 00:00:00","2014-04-15 00:00:00","2014-04-23 00:00:00","4.0000","49.0000","49.0000","2014-04-22 22:00:00"
"67022","980","7","60","2014-04-12 00:00:00","2014-04-23 00:00:00","2014-04-15 00:00:00","2014-04-23 00:00:00","4.0000","49.0000","49.0000","2014-04-22 22:00:00"
"67023","983","7","60","2014-04-12 00:00:00","2014-04-23 00:00:00","2014-04-15 00:00:00","2014-04-23 00:00:00","4.0000","49.0000","49.0000","2014-04-22 22:00:00"
"67024","997","7","60","2014-04-12 00:00:00","2014-04-23 00:00:00","2014-04-15 00:00:00","2014-04-23 00:00:00","4.0000","49.0000","49.0000","2014-04-22 22:00:00"
"67025","998","7","60","2014-04-12 00:00:00","2014-04-23 00:00:00","2014-04-15 00:00:00","2014-04-23 00:00:00","4.0000","49.0000","49.0000","2014-04-22 22:00:00"
"67026","999","7","60","2014-04-12 00:00:00","2014-04-23 00:00:00","2014-04-15 00:00:00","2014-04-23 00:00:00","4.0000","49.0000","49.0000","2014-04-22 22:00:00"
"67027","514","6","50","2014-04-12 00:00:00","2014-04-23 00:00:00","2014-04-15 00:00:00","2014-04-23 00:00:00","3.0000","36.7500","36.7500","2014-04-22 22:00:00"
"67027","514","7","60","2014-04-12 00:00:00","2014-04-23 00:00:00","2014-04-15 00:00:00","2014-04-23 00:00:00","4.0000","49.0000","49.0000","2014-04-22 22:00:00"
"67028","516","6","50","2014-04-12 00:00:00","2014-04-23 00:00:00","2014-04-15 00:00:00","2014-04-23 00:00:00","3.0000","36.7500","36.7500","2014-04-22 22:00:00"
"67028","516","7","60","2014-04-12 00:00:00","2014-04-23 00:00:00","2014-04-15 00:00:00","2014-04-23 00:00:00","4.0000","49.0000","49.0000","2014-04-22 22:00:00"
"67029","517","6","50","2014-04-12 00:00:00","2014-04-23 00:00:00","2014-04-15 00:00:00","2014-04-23 00:00:00","3.0000","36.7500","36.7500","2014-04-22 22:00:00"
"67029","517","7","60","2014-04-12 00:00:00","2014-04-23 00:00:00","2014-04-15 00:00:00","2014-04-23 00:00:00","4.0000","49.0000","49.0000","2014-04-22 22:00:00"
"67030","518","6","50","2014-04-12 00:00:00","2014-04-23 00:00:00","2014-04-15 00:00:00","2014-04-23 00:00:00","3.0000","36.7500","36.7500","2014-04-22 22:00:00"
"67030","518","7","60","2014-04-12 00:00:00","2014-04-23 00:00:00","2014-04-15 00:00:00","2014-04-23 00:00:00","4.0000","49.0000","49.0000","2014-04-22 22:00:00"
"67031","520","6","50","2014-04-12 00:00:00","2014-04-23 00:00:00","2014-04-15 00:00:00","2014-04-23 00:00:00","3.0000","36.7500","36.7500","2014-04-22 22:00:00"
"67031","520","7","60","2014-04-12 00:00:00","2014-04-23 00:00:00","2014-04-15 00:00:00","2014-04-23 00:00:00","4.0000","49.0000","49.0000","2014-04-22 22:00:00"
"67032","521","6","50","2014-04-12 00:00:00","2014-04-23 00:00:00","2014-04-15 00:00:00","2014-04-23 00:00:00","3.0000","36.7500","36.7500","2014-04-22 22:00:00"
"67032","521","7","60","2014-04-12 00:00:00","2014-04-23 00:00:00","2014-04-15 00:00:00","2014-04-23 00:00:00","4.0000","49.0000","49.0000","2014-04-22 22:00:00"
"67033","522","6","50","2014-04-12 00:00:00","2014-04-23 00:00:00","2014-04-15 00:00:00","2014-04-23 00:00:00","3.0000","36.7500","36.7500","2014-04-22 22:00:00"
"67033","522","7","60","2014-04-12 00:00:00","2014-04-23 00:00:00","2014-04-15 00:00:00","2014-04-23 00:00:00","4.0000","49.0000","49.0000","2014-04-22 22:00:00"
"67041","748","1","10","2014-04-12 00:00:00","2014-04-23 00:00:00","2014-04-15 00:00:00","2014-04-23 00:00:00","4.1000","92.2500","92.2500","2014-04-22 22:00:00"
"67041","748","2","20","2014-04-12 00:00:00","2014-04-23 00:00:00","2014-04-15 00:00:00","2014-04-23 00:00:00","3.5000","87.5000","87.5000","2014-04-22 22:00:00"
"67041","748","3","30","2014-04-12 00:00:00","2014-04-23 00:00:00","2014-04-15 00:00:00","2014-04-23 00:00:00","1.0000","14.5000","14.5000","2014-04-22 22:00:00"
"67041","748","5","45","2014-04-12 00:00:00","2014-04-23 00:00:00","2014-04-15 00:00:00","2014-04-23 00:00:00","2.0000","36.0000","36.0000","2014-04-22 22:00:00"
"67041","748","6","50","2014-04-12 00:00:00","2014-04-23 00:00:00","2014-04-15 00:00:00","2014-04-23 00:00:00","3.0000","36.7500","36.7500","2014-04-22 22:00:00"
"67041","748","7","60","2014-04-12 00:00:00","2014-04-23 00:00:00","2014-04-15 00:00:00","2014-04-23 00:00:00","4.0000","49.0000","49.0000","2014-04-22 22:00:00"
"67042","805","6","50","2014-04-12 00:00:00","2014-04-23 00:00:00","2014-04-15 00:00:00","2014-04-23 00:00:00","3.0000","36.7500","36.7500","2014-04-22 22:00:00"
"67043","806","6","50","2014-04-12 00:00:00","2014-04-23 00:00:00","2014-04-15 00:00:00","2014-04-23 00:00:00","3.0000","36.7500","36.7500","2014-04-22 22:00:00"
"67044","807","6","50","2014-04-12 00:00:00","2014-04-23 00:00:00","2014-04-15 00:00:00","2014-04-23 00:00:00","3.0000","36.7500","36.7500","2014-04-22 22:00:00"
"67045","808","1","10","2014-04-12 00:00:00","2014-04-23 00:00:00","2014-04-15 00:00:00","2014-04-23 00:00:00","4.1000","92.2500","92.2500","2014-04-22 22:00:00"
"67045","808","2","20","2014-04-12 00:00:00","2014-04-23 00:00:00","2014-04-15 00:00:00","2014-04-23 00:00:00","3.5000","87.5000","87.5000","2014-04-22 22:00:00"
"67045","808","6","50","2014-04-12 00:00:00","2014-04-23 00:00:00","2014-04-15 00:00:00","2014-04-23 00:00:00","3.0000","36.7500","36.7500","2014-04-22 22:00:00"
"67046","810","1","10","2014-04-12 00:00:00","2014-04-23 00:00:00","2014-04-15 00:00:00","2014-04-23 00:00:00","4.1000","92.2500","92.2500","2014-04-22 22:00:00"
"67046","810","2","20","2014-04-12 00:00:00","2014-04-23 00:00:00","2014-04-15 00:00:00","2014-04-23 00:00:00","3.5000","87.5000","87.5000","2014-04-22 22:00:00"
"67046","810","6","50","2014-04-12 00:00:00","2014-04-23 00:00:00","2014-04-15 00:00:00","2014-04-23 00:00:00","3.0000","36.7500","36.7500","2014-04-22 22:00:00"
"67047","811","1","10","2014-04-12 00:00:00","2014-04-23 00:00:00","2014-04-15 00:00:00","2014-04-23 00:00:00","4.1000","92.2500","92.2500","2014-04-22 22:00:00"
"67047","811","2","20","2014-04-12 00:00:00","2014-04-23 00:00:00","2014-04-15 00:00:00","2014-04-23 00:00:00","3.5000","87.5000","87.5000","2014-04-22 22:00:00"
"67047","811","6","50","2014-04-12 00:00:00","2014-04-23 00:00:00","2014-04-15 00:00:00","2014-04-23 00:00:00","3.0000","36.7500","36.7500","2014-04-22 22:00:00"
"67048","812","1","10","2014-04-12 00:00:00","2014-04-23 00:00:00","2014-04-15 00:00:00","2014-04-23 00:00:00","4.1000","92.2500","92.2500","2014-04-22 22:00:00"
"67048","812","2","20","2014-04-12 00:00:00","2014-04-23 00:00:00","2014-04-15 00:00:00","2014-04-23 00:00:00","3.5000","87.5000","87.5000","2014-04-22 22:00:00"
"67048","812","6","50","2014-04-12 00:00:00","2014-04-23 00:00:00","2014-04-15 00:00:00","2014-04-23 00:00:00","3.0000","36.7500","36.7500","2014-04-22 22:00:00"
"67049","815","6","50","2014-04-12 00:00:00","2014-04-23 00:00:00","2014-04-15 00:00:00","2014-04-23 00:00:00","3.0000","36.7500","36.7500","2014-04-22 22:00:00"
"67050","816","6","50","2014-04-12 00:00:00","2014-04-23 00:00:00","2014-04-15 00:00:00","2014-04-23 00:00:00","3.0000","36.7500","36.7500","2014-04-22 22:00:00"
"67051","818","6","50","2014-04-12 00:00:00","2014-04-23 00:00:00","2014-04-15 00:00:00","2014-04-23 00:00:00","3.0000","36.7500","36.7500","2014-04-22 22:00:00"
"67052","819","6","50","2014-04-12 00:00:00","2014-04-23 00:00:00","2014-04-15 00:00:00","2014-04-23 00:00:00","3.0000","36.7500","36.7500","2014-04-22 22:00:00"
"67053","821","6","50","2014-04-12 00:00:00","2014-04-23 00:00:00","2014-04-15 00:00:00","2014-04-23 00:00:00","3.0000","36.7500","36.7500","2014-04-22 22:00:00"
"67054","822","1","10","2014-04-12 00:00:00","2014-04-23 00:00:00","2014-04-15 00:00:00","2014-04-23 00:00:00","4.1000","92.2500","92.2500","2014-04-22 22:00:00"
"67054","822","2","20","2014-04-12 00:00:00","2014-04-23 00:00:00","2014-04-15 00:00:00","2014-04-23 00:00:00","3.5000","87.5000","87.5000","2014-04-22 22:00:00"
"67054","822","3","30","2014-04-12 00:00:00","2014-04-23 00:00:00","2014-04-15 00:00:00","2014-04-23 00:00:00","1.0000","14.5000","14.5000","2014-04-22 22:00:00"
"67054","822","4","40","2014-04-12 00:00:00","2014-04-23 00:00:00","2014-04-15 00:00:00","2014-04-23 00:00:00","2.0000","31.5000","31.5000","2014-04-22 22:00:00"
"67054","822","6","50","2014-04-12 00:00:00","2014-04-23 00:00:00","2014-04-15 00:00:00","2014-04-23 00:00:00","3.0000","36.7500","36.7500","2014-04-22 22:00:00"
"67054","822","7","60","2014-04-12 00:00:00","2014-04-23 00:00:00","2014-04-15 00:00:00","2014-04-23 00:00:00","4.0000","49.0000","49.0000","2014-04-22 22:00:00"
"67055","823","6","50","2014-04-12 00:00:00","2014-04-23 00:00:00","2014-04-15 00:00:00","2014-04-23 00:00:00","3.0000","36.7500","36.7500","2014-04-22 22:00:00"
"67056","824","6","50","2014-04-12 00:00:00","2014-04-23 00:00:00","2014-04-15 00:00:00","2014-04-23 00:00:00","3.0000","36.7500","36.7500","2014-04-22 22:00:00"
"67057","826","6","50","2014-04-12 00:00:00","2014-04-23 00:00:00","2014-04-15 00:00:00","2014-04-23 00:00:00","3.0000","36.7500","36.7500","2014-04-22 22:00:00"
"67058","827","6","50","2014-04-12 00:00:00","2014-04-23 00:00:00","2014-04-15 00:00:00","2014-04-23 00:00:00","3.0000","36.7500","36.7500","2014-04-22 22:00:00"
"67059","829","6","50","2014-04-12 00:00:00","2014-04-23 00:00:00","2014-04-15 00:00:00","2014-04-23 00:00:00","3.0000","36.7500","36.7500","2014-04-22 22:00:00"
"67067","894","6","50","2014-04-12 00:00:00","2014-04-23 00:00:00","2014-04-15 00:00:00","2014-04-23 00:00:00","3.0000","36.7500","36.7500","2014-04-22 22:00:00"
"67070","942","1","10","2014-04-12 00:00:00","2014-04-23 00:00:00","2014-04-15 00:00:00","2014-04-23 00:00:00","4.1000","92.2500","92.2500","2014-04-22 22:00:00"
"67070","942","2","20","2014-04-12 00:00:00","2014-04-23 00:00:00","2014-04-15 00:00:00","2014-04-23 00:00:00","3.5000","87.5000","87.5000","2014-04-22 22:00:00"
"67070","942","3","30","2014-04-12 00:00:00","2014-04-23 00:00:00","2014-04-15 00:00:00","2014-04-23 00:00:00","1.0000","14.5000","14.5000","2014-04-22 22:00:00"
"67070","942","5","45","2014-04-12 00:00:00","2014-04-23 00:00:00","2014-04-15 00:00:00","2014-04-23 00:00:00","2.0000","36.0000","36.0000","2014-04-22 22:00:00"
"67070","942","6","50","2014-04-12 00:00:00","2014-04-23 00:00:00","2014-04-15 00:00:00","2014-04-23 00:00:00","3.0000","36.7500","36.7500","2014-04-22 22:00:00"
"67070","942","7","60","2014-04-12 00:00:00","2014-04-23 00:00:00","2014-04-15 00:00:00","2014-04-23 00:00:00","4.0000","49.0000","49.0000","2014-04-22 22:00:00"
"67071","945","1","10","2014-04-12 00:00:00","2014-04-23 00:00:00","2014-04-15 00:00:00","2014-04-23 00:00:00","4.1000","92.2500","92.2500","2014-04-22 22:00:00"
"67071","945","6","50","2014-04-12 00:00:00","2014-04-23 00:00:00","2014-04-15 00:00:00","2014-04-23 00:00:00","3.0000","36.7500","36.7500","2014-04-22 22:00:00"
"67072","946","1","10","2014-04-12 00:00:00","2014-04-23 00:00:00","2014-04-15 00:00:00","2014-04-23 00:00:00","4.1000","92.2500","92.2500","2014-04-22 22:00:00"
"67072","946","2","20","2014-04-12 00:00:00","2014-04-23 00:00:00","2014-04-15 00:00:00","2014-04-23 00:00:00","3.5000","87.5000","87.5000","2014-04-22 22:00:00"
"67072","946","6","50","2014-04-12 00:00:00","2014-04-23 00:00:00","2014-04-15 00:00:00","2014-04-23 00:00:00","3.0000","36.7500","36.7500","2014-04-22 22:00:00"
"67073","947","1","10","2014-04-12 00:00:00","2014-04-23 00:00:00","2014-04-15 00:00:00","2014-04-23 00:00:00","4.1000","92.2500","92.2500","2014-04-22 22:00:00"
"67073","947","2","20","2014-04-12 00:00:00","2014-04-23 00:00:00","2014-04-15 00:00:00","2014-04-23 00:00:00","3.5000","87.5000","87.5000","2014-04-22 22:00:00"
"67073","947","6","50","2014-04-12 00:00:00","2014-04-23 00:00:00","2014-04-15 00:00:00","2014-04-23 00:00:00","3.0000","36.7500","36.7500","2014-04-22 22:00:00"
"67074","949","6","50","2014-04-12 00:00:00","2014-04-23 00:00:00","2014-04-15 00:00:00","2014-04-23 00:00:00","3.0000","36.7500","36.7500","2014-04-22 22:00:00"
"67075","950","6","50","2014-04-12 00:00:00","2014-04-23 00:00:00","2014-04-15 00:00:00","2014-04-23 00:00:00","3.0000","36.7500","36.7500","2014-04-22 22:00:00"
"67076","951","6","50","2014-04-12 00:00:00","2014-04-23 00:00:00","2014-04-15 00:00:00","2014-04-23 00:00:00","3.0000","36.7500","36.7500","2014-04-22 22:00:00"
"67077","994","6","50","2014-04-12 00:00:00","2014-04-23 00:00:00","2014-04-15 00:00:00","2014-04-23 00:00:00","3.0000","36.7500","36.7500","2014-04-22 22:00:00"
"67078","995","6","50","2014-04-12 00:00:00","2014-04-23 00:00:00","2014-04-15 00:00:00","2014-04-23 00:00:00","3.0000","36.7500","36.7500","2014-04-22 22:00:00"
"67079","996","6","50","2014-04-12 00:00:00","2014-04-23 00:00:00","2014-04-15 00:00:00","2014-04-23 00:00:00","3.0000","36.7500","36.7500","2014-04-22 22:00:00"
"67094","802","1","10","2014-04-12 00:00:00","2014-04-23 00:00:00","2014-04-15 00:00:00","2014-04-23 00:00:00","4.1000","92.2500","92.2500","2014-04-22 22:00:00"
"67094","802","6","50","2014-04-12 00:00:00","2014-04-23 00:00:00","2014-04-15 00:00:00","2014-04-23 00:00:00","3.0000","36.7500","36.7500","2014-04-22 22:00:00"
"67095","803","1","10","2014-04-12 00:00:00","2014-04-23 00:00:00","2014-04-15 00:00:00","2014-04-23 00:00:00","4.1000","92.2500","92.2500","2014-04-22 22:00:00"
"67095","803","6","50","2014-04-12 00:00:00","2014-04-23 00:00:00","2014-04-15 00:00:00","2014-04-23 00:00:00","3.0000","36.7500","36.7500","2014-04-22 22:00:00"
"67096","804","1","10","2014-04-12 00:00:00","2014-04-23 00:00:00","2014-04-15 00:00:00","2014-04-23 00:00:00","4.1000","92.2500","92.2500","2014-04-22 22:00:00"
"67096","804","6","50","2014-04-12 00:00:00","2014-04-23 00:00:00","2014-04-15 00:00:00","2014-04-23 00:00:00","3.0000","36.7500","36.7500","2014-04-22 22:00:00"
"67101","779","7","60","2014-04-13 00:00:00","2014-04-24 00:00:00","2014-04-13 00:00:00","2014-05-09 00:00:00","4.0000","49.0000","49.0000","2014-05-08 22:00:00"
"67102","780","7","60","2014-04-13 00:00:00","2014-04-24 00:00:00","2014-04-13 00:00:00","2014-05-09 00:00:00","4.0000","49.0000","49.0000","2014-05-08 22:00:00"
"67103","781","7","60","2014-04-13 00:00:00","2014-04-24 00:00:00","2014-04-13 00:00:00","2014-05-09 00:00:00","4.0000","49.0000","49.0000","2014-05-08 22:00:00"
"67104","782","7","60","2014-04-13 00:00:00","2014-04-24 00:00:00","2014-04-13 00:00:00","2014-05-09 00:00:00","4.0000","49.0000","49.0000","2014-05-08 22:00:00"
"67105","783","7","60","2014-04-13 00:00:00","2014-04-24 00:00:00","2014-04-13 00:00:00","2014-05-09 00:00:00","4.0000","49.0000","49.0000","2014-05-08 22:00:00"
"67106","792","7","60","2014-04-13 00:00:00","2014-04-24 00:00:00","2014-04-13 00:00:00","2014-05-09 00:00:00","4.0000","49.0000","49.0000","2014-05-08 22:00:00"
"67107","793","7","60","2014-04-13 00:00:00","2014-04-24 00:00:00","2014-04-13 00:00:00","2014-05-09 00:00:00","4.0000","49.0000","49.0000","2014-05-08 22:00:00"
"67108","795","7","60","2014-04-13 00:00:00","2014-04-24 00:00:00","2014-04-13 00:00:00","2014-05-09 00:00:00","4.0000","49.0000","49.0000","2014-05-08 22:00:00"
"67109","797","7","60","2014-04-13 00:00:00","2014-04-24 00:00:00","2014-04-13 00:00:00","2014-05-09 00:00:00","4.0000","49.0000","49.0000","2014-05-08 22:00:00"
"67110","798","7","60","2014-04-13 00:00:00","2014-04-24 00:00:00","2014-04-13 00:00:00","2014-05-09 00:00:00","4.0000","49.0000","49.0000","2014-05-08 22:00:00"
"67111","799","7","60","2014-04-13 00:00:00","2014-04-24 00:00:00","2014-04-13 00:00:00","2014-05-09 00:00:00","4.0000","49.0000","49.0000","2014-05-08 22:00:00"
"67112","800","7","60","2014-04-13 00:00:00","2014-04-24 00:00:00","2014-04-13 00:00:00","2014-05-09 00:00:00","4.0000","49.0000","49.0000","2014-05-08 22:00:00"
"67113","953","7","60","2014-04-13 00:00:00","2014-04-24 00:00:00","2014-04-13 00:00:00","2014-05-09 00:00:00","4.0000","49.0000","49.0000","2014-05-08 22:00:00"
"67114","956","7","60","2014-04-13 00:00:00","2014-04-24 00:00:00","2014-04-13 00:00:00","2014-05-09 00:00:00","4.0000","49.0000","49.0000","2014-05-08 22:00:00"
"67115","957","7","60","2014-04-13 00:00:00","2014-04-24 00:00:00","2014-04-13 00:00:00","2014-05-09 00:00:00","4.0000","49.0000","49.0000","2014-05-08 22:00:00"
"67116","963","7","60","2014-04-13 00:00:00","2014-04-24 00:00:00","2014-04-13 00:00:00","2014-05-09 00:00:00","4.0000","49.0000","49.0000","2014-05-08 22:00:00"
"67117","965","7","60","2014-04-13 00:00:00","2014-04-24 00:00:00","2014-04-13 00:00:00","2014-05-09 00:00:00","4.0000","49.0000","49.0000","2014-05-08 22:00:00"
"67118","976","7","60","2014-04-13 00:00:00","2014-04-24 00:00:00","2014-04-13 00:00:00","2014-05-09 00:00:00","4.0000","49.0000","49.0000","2014-05-08 22:00:00"
"67119","977","7","60","2014-04-13 00:00:00","2014-04-24 00:00:00","2014-04-13 00:00:00","2014-05-09 00:00:00","4.0000","49.0000","49.0000","2014-05-08 22:00:00"
"67120","980","7","60","2014-04-13 00:00:00","2014-04-24 00:00:00","2014-04-13 00:00:00","2014-05-09 00:00:00","4.0000","49.0000","49.0000","2014-05-08 22:00:00"
"67121","983","7","60","2014-04-13 00:00:00","2014-04-24 00:00:00","2014-04-13 00:00:00","2014-05-09 00:00:00","4.0000","49.0000","49.0000","2014-05-08 22:00:00"
"67122","988","7","60","2014-04-13 00:00:00","2014-04-24 00:00:00","2014-04-13 00:00:00","2014-05-09 00:00:00","4.0000","49.0000","49.0000","2014-05-08 22:00:00"
"67123","989","7","60","2014-04-13 00:00:00","2014-04-24 00:00:00","2014-04-13 00:00:00","2014-05-09 00:00:00","4.0000","49.0000","49.0000","2014-05-08 22:00:00"
"67124","998","7","60","2014-04-13 00:00:00","2014-04-24 00:00:00","2014-04-13 00:00:00","2014-05-09 00:00:00","4.0000","49.0000","49.0000","2014-05-08 22:00:00"
"67125","999","7","60","2014-04-13 00:00:00","2014-04-24 00:00:00","2014-04-13 00:00:00","2014-05-09 00:00:00","4.0000","49.0000","49.0000","2014-05-08 22:00:00"
"67126","514","6","50","2014-04-13 00:00:00","2014-04-24 00:00:00","2014-04-13 00:00:00","2014-05-09 00:00:00","3.0000","36.7500","36.7500","2014-05-08 22:00:00"
"67126","514","7","60","2014-04-13 00:00:00","2014-04-24 00:00:00","2014-04-13 00:00:00","2014-05-09 00:00:00","4.0000","49.0000","49.0000","2014-05-08 22:00:00"
"67127","516","6","50","2014-04-13 00:00:00","2014-04-24 00:00:00","2014-04-13 00:00:00","2014-05-09 00:00:00","3.0000","36.7500","36.7500","2014-05-08 22:00:00"
"67127","516","7","60","2014-04-13 00:00:00","2014-04-24 00:00:00","2014-04-13 00:00:00","2014-05-09 00:00:00","4.0000","49.0000","49.0000","2014-05-08 22:00:00"
"67128","517","6","50","2014-04-13 00:00:00","2014-04-24 00:00:00","2014-04-13 00:00:00","2014-05-09 00:00:00","3.0000","36.7500","36.7500","2014-05-08 22:00:00"
"67128","517","7","60","2014-04-13 00:00:00","2014-04-24 00:00:00","2014-04-13 00:00:00","2014-05-09 00:00:00","4.0000","49.0000","49.0000","2014-05-08 22:00:00"
"67129","518","6","50","2014-04-13 00:00:00","2014-04-24 00:00:00","2014-04-13 00:00:00","2014-05-09 00:00:00","3.0000","36.7500","36.7500","2014-05-08 22:00:00"
"67129","518","7","60","2014-04-13 00:00:00","2014-04-24 00:00:00","2014-04-13 00:00:00","2014-05-09 00:00:00","4.0000","49.0000","49.0000","2014-05-08 22:00:00"
"67130","519","6","50","2014-04-13 00:00:00","2014-04-24 00:00:00","2014-04-13 00:00:00","2014-05-09 00:00:00","3.0000","36.7500","36.7500","2014-05-08 22:00:00"
"67130","519","7","60","2014-04-13 00:00:00","2014-04-24 00:00:00","2014-04-13 00:00:00","2014-05-09 00:00:00","4.0000","49.0000","49.0000","2014-05-08 22:00:00"
"67131","520","6","50","2014-04-13 00:00:00","2014-04-24 00:00:00","2014-04-13 00:00:00","2014-05-09 00:00:00","3.0000","36.7500","36.7500","2014-05-08 22:00:00"
"67131","520","7","60","2014-04-13 00:00:00","2014-04-24 00:00:00","2014-04-13 00:00:00","2014-05-09 00:00:00","4.0000","49.0000","49.0000","2014-05-08 22:00:00"
"67132","521","6","50","2014-04-13 00:00:00","2014-04-24 00:00:00","2014-04-13 00:00:00","2014-05-09 00:00:00","3.0000","36.7500","36.7500","2014-05-08 22:00:00"
"67132","521","7","60","2014-04-13 00:00:00","2014-04-24 00:00:00","2014-04-13 00:00:00","2014-05-09 00:00:00","4.0000","49.0000","49.0000","2014-05-08 22:00:00"
"67133","522","6","50","2014-04-13 00:00:00","2014-04-24 00:00:00","2014-04-13 00:00:00","2014-05-09 00:00:00","3.0000","36.7500","36.7500","2014-05-08 22:00:00"
"67133","522","7","60","2014-04-13 00:00:00","2014-04-24 00:00:00","2014-04-13 00:00:00","2014-05-09 00:00:00","4.0000","49.0000","49.0000","2014-05-08 22:00:00"
"67141","747","1","10","2014-04-13 00:00:00","2014-04-24 00:00:00","2014-04-13 00:00:00","2014-05-09 00:00:00","4.1000","92.2500","92.2500","2014-05-08 22:00:00"
"67141","747","2","20","2014-04-13 00:00:00","2014-04-24 00:00:00","2014-04-13 00:00:00","2014-05-09 00:00:00","3.5000","87.5000","87.5000","2014-05-08 22:00:00"
"67141","747","3","30","2014-04-13 00:00:00","2014-04-24 00:00:00","2014-04-13 00:00:00","2014-05-09 00:00:00","1.0000","14.5000","14.5000","2014-05-08 22:00:00"
"67141","747","4","40","2014-04-13 00:00:00","2014-04-24 00:00:00","2014-04-13 00:00:00","2014-05-09 00:00:00","2.0000","31.5000","31.5000","2014-05-08 22:00:00"
"67141","747","6","50","2014-04-13 00:00:00","2014-04-24 00:00:00","2014-04-13 00:00:00","2014-05-09 00:00:00","3.0000","36.7500","36.7500","2014-05-08 22:00:00"
"67141","747","7","60","2014-04-13 00:00:00","2014-04-24 00:00:00","2014-04-13 00:00:00","2014-05-09 00:00:00","4.0000","49.0000","49.0000","2014-05-08 22:00:00"
"67142","748","1","10","2014-04-13 00:00:00","2014-04-24 00:00:00","2014-04-13 00:00:00","2014-05-09 00:00:00","4.1000","92.2500","92.2500","2014-05-08 22:00:00"
"67142","748","2","20","2014-04-13 00:00:00","2014-04-24 00:00:00","2014-04-13 00:00:00","2014-05-09 00:00:00","3.5000","87.5000","87.5000","2014-05-08 22:00:00"
"67142","748","3","30","2014-04-13 00:00:00","2014-04-24 00:00:00","2014-04-13 00:00:00","2014-05-09 00:00:00","1.0000","14.5000","14.5000","2014-05-08 22:00:00"
"67142","748","5","45","2014-04-13 00:00:00","2014-04-24 00:00:00","2014-04-13 00:00:00","2014-05-09 00:00:00","2.0000","36.0000","36.0000","2014-05-08 22:00:00"
"67142","748","6","50","2014-04-13 00:00:00","2014-04-24 00:00:00","2014-04-13 00:00:00","2014-05-09 00:00:00","3.0000","36.7500","36.7500","2014-05-08 22:00:00"
"67142","748","7","60","2014-04-13 00:00:00","2014-04-24 00:00:00","2014-04-13 00:00:00","2014-05-09 00:00:00","4.0000","49.0000","49.0000","2014-05-08 22:00:00"
"67143","805","6","50","2014-04-13 00:00:00","2014-04-24 00:00:00","2014-04-13 00:00:00","2014-05-09 00:00:00","3.0000","36.7500","36.7500","2014-05-08 22:00:00"
"67144","806","6","50","2014-04-13 00:00:00","2014-04-24 00:00:00","2014-04-13 00:00:00","2014-05-09 00:00:00","3.0000","36.7500","36.7500","2014-05-08 22:00:00"
"67145","807","6","50","2014-04-13 00:00:00","2014-04-24 00:00:00","2014-04-13 00:00:00","2014-05-09 00:00:00","3.0000","36.7500","36.7500","2014-05-08 22:00:00"
"67146","808","1","10","2014-04-13 00:00:00","2014-04-24 00:00:00","2014-04-13 00:00:00","2014-05-09 00:00:00","4.1000","92.2500","92.2500","2014-05-08 22:00:00"
"67146","808","2","20","2014-04-13 00:00:00","2014-04-24 00:00:00","2014-04-13 00:00:00","2014-05-09 00:00:00","3.5000","87.5000","87.5000","2014-05-08 22:00:00"
"67146","808","6","50","2014-04-13 00:00:00","2014-04-24 00:00:00","2014-04-13 00:00:00","2014-05-09 00:00:00","3.0000","36.7500","36.7500","2014-05-08 22:00:00"
"67147","810","1","10","2014-04-13 00:00:00","2014-04-24 00:00:00","2014-04-13 00:00:00","2014-05-09 00:00:00","4.1000","92.2500","92.2500","2014-05-08 22:00:00"
"67147","810","2","20","2014-04-13 00:00:00","2014-04-24 00:00:00","2014-04-13 00:00:00","2014-05-09 00:00:00","3.5000","87.5000","87.5000","2014-05-08 22:00:00"
"67147","810","6","50","2014-04-13 00:00:00","2014-04-24 00:00:00","2014-04-13 00:00:00","2014-05-09 00:00:00","3.0000","36.7500","36.7500","2014-05-08 22:00:00"
"67148","811","1","10","2014-04-13 00:00:00","2014-04-24 00:00:00","2014-04-13 00:00:00","2014-05-09 00:00:00","4.1000","92.2500","92.2500","2014-05-08 22:00:00"
"67148","811","2","20","2014-04-13 00:00:00","2014-04-24 00:00:00","2014-04-13 00:00:00","2014-05-09 00:00:00","3.5000","87.5000","87.5000","2014-05-08 22:00:00"
"67148","811","6","50","2014-04-13 00:00:00","2014-04-24 00:00:00","2014-04-13 00:00:00","2014-05-09 00:00:00","3.0000","36.7500","36.7500","2014-05-08 22:00:00"
"67149","812","1","10","2014-04-13 00:00:00","2014-04-24 00:00:00","2014-04-13 00:00:00","2014-05-09 00:00:00","4.1000","92.2500","92.2500","2014-05-08 22:00:00"
"67149","812","2","20","2014-04-13 00:00:00","2014-04-24 00:00:00","2014-04-13 00:00:00","2014-05-09 00:00:00","3.5000","87.5000","87.5000","2014-05-08 22:00:00"
"67149","812","6","50","2014-04-13 00:00:00","2014-04-24 00:00:00","2014-04-13 00:00:00","2014-05-09 00:00:00","3.0000","36.7500","36.7500","2014-05-08 22:00:00"
"67150","813","1","10","2014-04-13 00:00:00","2014-04-24 00:00:00","2014-04-13 00:00:00","2014-05-09 00:00:00","4.1000","92.2500","92.2500","2014-05-08 22:00:00"
"67150","813","2","20","2014-04-13 00:00:00","2014-04-24 00:00:00","2014-04-13 00:00:00","2014-05-09 00:00:00","3.5000","87.5000","87.5000","2014-05-08 22:00:00"
"67150","813","6","50","2014-04-13 00:00:00","2014-04-24 00:00:00","2014-04-13 00:00:00","2014-05-09 00:00:00","3.0000","36.7500","36.7500","2014-05-08 22:00:00"
"67151","815","6","50","2014-04-13 00:00:00","2014-04-24 00:00:00","2014-04-13 00:00:00","2014-05-09 00:00:00","3.0000","36.7500","36.7500","2014-05-08 22:00:00"
"67152","816","6","50","2014-04-13 00:00:00","2014-04-24 00:00:00","2014-04-13 00:00:00","2014-05-09 00:00:00","3.0000","36.7500","36.7500","2014-05-08 22:00:00"
"67153","818","6","50","2014-04-13 00:00:00","2014-04-24 00:00:00","2014-04-13 00:00:00","2014-05-09 00:00:00","3.0000","36.7500","36.7500","2014-05-08 22:00:00"
"67154","819","6","50","2014-04-13 00:00:00","2014-04-24 00:00:00","2014-04-13 00:00:00","2014-05-09 00:00:00","3.0000","36.7500","36.7500","2014-05-08 22:00:00"
"67155","820","6","50","2014-04-13 00:00:00","2014-04-24 00:00:00","2014-04-13 00:00:00","2014-05-09 00:00:00","3.0000","36.7500","36.7500","2014-05-08 22:00:00"
"67156","821","6","50","2014-04-13 00:00:00","2014-04-24 00:00:00","2014-04-13 00:00:00","2014-05-09 00:00:00","3.0000","36.7500","36.7500","2014-05-08 22:00:00"
"67157","822","1","10","2014-04-13 00:00:00","2014-04-24 00:00:00","2014-04-13 00:00:00","2014-05-09 00:00:00","4.1000","92.2500","92.2500","2014-05-08 22:00:00"
"67157","822","2","20","2014-04-13 00:00:00","2014-04-24 00:00:00","2014-04-13 00:00:00","2014-05-09 00:00:00","3.5000","87.5000","87.5000","2014-05-08 22:00:00"
"67157","822","3","30","2014-04-13 00:00:00","2014-04-24 00:00:00","2014-04-13 00:00:00","2014-05-09 00:00:00","1.0000","14.5000","14.5000","2014-05-08 22:00:00"
"67157","822","4","40","2014-04-13 00:00:00","2014-04-24 00:00:00","2014-04-13 00:00:00","2014-05-09 00:00:00","2.0000","31.5000","31.5000","2014-05-08 22:00:00"
"67157","822","6","50","2014-04-13 00:00:00","2014-04-24 00:00:00","2014-04-13 00:00:00","2014-05-09 00:00:00","3.0000","36.7500","36.7500","2014-05-08 22:00:00"
"67157","822","7","60","2014-04-13 00:00:00","2014-04-24 00:00:00","2014-04-13 00:00:00","2014-05-09 00:00:00","4.0000","49.0000","49.0000","2014-05-08 22:00:00"
"67158","823","6","50","2014-04-13 00:00:00","2014-04-24 00:00:00","2014-04-13 00:00:00","2014-05-09 00:00:00","3.0000","36.7500","36.7500","2014-05-08 22:00:00"
"67159","824","6","50","2014-04-13 00:00:00","2014-04-24 00:00:00","2014-04-13 00:00:00","2014-05-09 00:00:00","3.0000","36.7500","36.7500","2014-05-08 22:00:00"
"67160","826","6","50","2014-04-13 00:00:00","2014-04-24 00:00:00","2014-04-13 00:00:00","2014-05-09 00:00:00","3.0000","36.7500","36.7500","2014-05-08 22:00:00"
"67161","827","6","50","2014-04-13 00:00:00","2014-04-24 00:00:00","2014-04-13 00:00:00","2014-05-09 00:00:00","3.0000","36.7500","36.7500","2014-05-08 22:00:00"
"67162","828","6","50","2014-04-13 00:00:00","2014-04-24 00:00:00","2014-04-13 00:00:00","2014-05-09 00:00:00","3.0000","36.7500","36.7500","2014-05-08 22:00:00"
"67163","829","6","50","2014-04-13 00:00:00","2014-04-24 00:00:00","2014-04-13 00:00:00","2014-05-09 00:00:00","3.0000","36.7500","36.7500","2014-05-08 22:00:00"
"67174","894","6","50","2014-04-13 00:00:00","2014-04-24 00:00:00","2014-04-13 00:00:00","2014-05-09 00:00:00","3.0000","36.7500","36.7500","2014-05-08 22:00:00"
"67178","942","1","10","2014-04-13 00:00:00","2014-04-24 00:00:00","2014-04-13 00:00:00","2014-05-09 00:00:00","4.1000","92.2500","92.2500","2014-05-08 22:00:00"
"67178","942","2","20","2014-04-13 00:00:00","2014-04-24 00:00:00","2014-04-13 00:00:00","2014-05-09 00:00:00","3.5000","87.5000","87.5000","2014-05-08 22:00:00"
"67178","942","3","30","2014-04-13 00:00:00","2014-04-24 00:00:00","2014-04-13 00:00:00","2014-05-09 00:00:00","1.0000","14.5000","14.5000","2014-05-08 22:00:00"
"67178","942","5","45","2014-04-13 00:00:00","2014-04-24 00:00:00","2014-04-13 00:00:00","2014-05-09 00:00:00","2.0000","36.0000","36.0000","2014-05-08 22:00:00"
"67178","942","6","50","2014-04-13 00:00:00","2014-04-24 00:00:00","2014-04-13 00:00:00","2014-05-09 00:00:00","3.0000","36.7500","36.7500","2014-05-08 22:00:00"
"67178","942","7","60","2014-04-13 00:00:00","2014-04-24 00:00:00","2014-04-13 00:00:00","2014-05-09 00:00:00","4.0000","49.0000","49.0000","2014-05-08 22:00:00"
"67179","943","1","10","2014-04-13 00:00:00","2014-04-24 00:00:00","2014-04-13 00:00:00","2014-05-09 00:00:00","4.1000","92.2500","92.2500","2014-05-08 22:00:00"
"67179","943","2","20","2014-04-13 00:00:00","2014-04-24 00:00:00","2014-04-13 00:00:00","2014-05-09 00:00:00","3.5000","87.5000","87.5000","2014-05-08 22:00:00"
"67179","943","3","30","2014-04-13 00:00:00","2014-04-24 00:00:00","2014-04-13 00:00:00","2014-05-09 00:00:00","1.0000","14.5000","14.5000","2014-05-08 22:00:00"
"67179","943","4","40","2014-04-13 00:00:00","2014-04-24 00:00:00","2014-04-13 00:00:00","2014-05-09 00:00:00","2.0000","31.5000","31.5000","2014-05-08 22:00:00"
"67179","943","6","50","2014-04-13 00:00:00","2014-04-24 00:00:00","2014-04-13 00:00:00","2014-05-09 00:00:00","3.0000","36.7500","36.7500","2014-05-08 22:00:00"
"67179","943","7","60","2014-04-13 00:00:00","2014-04-24 00:00:00","2014-04-13 00:00:00","2014-05-09 00:00:00","4.0000","49.0000","49.0000","2014-05-08 22:00:00"
"67180","945","1","10","2014-04-13 00:00:00","2014-04-24 00:00:00","2014-04-13 00:00:00","2014-05-09 00:00:00","4.1000","92.2500","92.2500","2014-05-08 22:00:00"
"67180","945","6","50","2014-04-13 00:00:00","2014-04-24 00:00:00","2014-04-13 00:00:00","2014-05-09 00:00:00","3.0000","36.7500","36.7500","2014-05-08 22:00:00"
"67181","946","1","10","2014-04-13 00:00:00","2014-04-24 00:00:00","2014-04-13 00:00:00","2014-05-09 00:00:00","4.1000","92.2500","92.2500","2014-05-08 22:00:00"
"67181","946","2","20","2014-04-13 00:00:00","2014-04-24 00:00:00","2014-04-13 00:00:00","2014-05-09 00:00:00","3.5000","87.5000","87.5000","2014-05-08 22:00:00"
"67181","946","6","50","2014-04-13 00:00:00","2014-04-24 00:00:00","2014-04-13 00:00:00","2014-05-09 00:00:00","3.0000","36.7500","36.7500","2014-05-08 22:00:00"
"67182","947","1","10","2014-04-13 00:00:00","2014-04-24 00:00:00","2014-04-13 00:00:00","2014-05-09 00:00:00","4.1000","92.2500","92.2500","2014-05-08 22:00:00"
"67182","947","2","20","2014-04-13 00:00:00","2014-04-24 00:00:00","2014-04-13 00:00:00","2014-05-09 00:00:00","3.5000","87.5000","87.5000","2014-05-08 22:00:00"
"67182","947","6","50","2014-04-13 00:00:00","2014-04-24 00:00:00","2014-04-13 00:00:00","2014-05-09 00:00:00","3.0000","36.7500","36.7500","2014-05-08 22:00:00"
"67183","949","6","50","2014-04-13 00:00:00","2014-04-24 00:00:00","2014-04-13 00:00:00","2014-05-09 00:00:00","3.0000","36.7500","36.7500","2014-05-08 22:00:00"
"67184","950","6","50","2014-04-13 00:00:00","2014-04-24 00:00:00","2014-04-13 00:00:00","2014-05-09 00:00:00","3.0000","36.7500","36.7500","2014-05-08 22:00:00"
"67185","951","6","50","2014-04-13 00:00:00","2014-04-24 00:00:00","2014-04-13 00:00:00","2014-05-09 00:00:00","3.0000","36.7500","36.7500","2014-05-08 22:00:00"
"67186","994","6","50","2014-04-13 00:00:00","2014-04-24 00:00:00","2014-04-13 00:00:00","2014-05-09 00:00:00","3.0000","36.7500","36.7500","2014-05-08 22:00:00"
"67187","995","6","50","2014-04-13 00:00:00","2014-04-24 00:00:00","2014-04-13 00:00:00","2014-05-09 00:00:00","3.0000","36.7500","36.7500","2014-05-08 22:00:00"
"67188","996","6","50","2014-04-13 00:00:00","2014-04-24 00:00:00","2014-04-13 00:00:00","2014-05-09 00:00:00","3.0000","36.7500","36.7500","2014-05-08 22:00:00"
"67203","802","1","10","2014-04-13 00:00:00","2014-04-24 00:00:00","2014-04-13 00:00:00","2014-05-09 00:00:00","4.1000","92.2500","92.2500","2014-05-08 22:00:00"
"67203","802","6","50","2014-04-13 00:00:00","2014-04-24 00:00:00","2014-04-13 00:00:00","2014-05-09 00:00:00","3.0000","36.7500","36.7500","2014-05-08 22:00:00"
"67204","803","1","10","2014-04-13 00:00:00","2014-04-24 00:00:00","2014-04-13 00:00:00","2014-05-09 00:00:00","4.1000","92.2500","92.2500","2014-05-08 22:00:00"
"67204","803","6","50","2014-04-13 00:00:00","2014-04-24 00:00:00","2014-04-13 00:00:00","2014-05-09 00:00:00","3.0000","36.7500","36.7500","2014-05-08 22:00:00"
"67205","804","1","10","2014-04-13 00:00:00","2014-04-24 00:00:00","2014-04-13 00:00:00","2014-05-09 00:00:00","4.1000","92.2500","92.2500","2014-05-08 22:00:00"
"67205","804","6","50","2014-04-13 00:00:00","2014-04-24 00:00:00","2014-04-13 00:00:00","2014-05-09 00:00:00","3.0000","36.7500","36.7500","2014-05-08 22:00:00"
"67210","779","7","60","2014-04-14 00:00:00","2014-04-25 00:00:00","2014-04-19 00:00:00","2014-04-25 00:00:00","4.0000","49.0000","49.0000","2014-04-24 22:00:00"
"67211","780","7","60","2014-04-14 00:00:00","2014-04-25 00:00:00","2014-04-19 00:00:00","2014-04-25 00:00:00","4.0000","49.0000","49.0000","2014-04-24 22:00:00"
"67212","781","7","60","2014-04-14 00:00:00","2014-04-25 00:00:00","2014-04-19 00:00:00","2014-04-25 00:00:00","4.0000","49.0000","49.0000","2014-04-24 22:00:00"
"67213","782","7","60","2014-04-14 00:00:00","2014-04-25 00:00:00","2014-04-19 00:00:00","2014-04-25 00:00:00","4.0000","49.0000","49.0000","2014-04-24 22:00:00"
"67214","783","7","60","2014-04-14 00:00:00","2014-04-25 00:00:00","2014-04-19 00:00:00","2014-04-25 00:00:00","4.0000","49.0000","49.0000","2014-04-24 22:00:00"
"67215","784","7","60","2014-04-14 00:00:00","2014-04-25 00:00:00","2014-04-19 00:00:00","2014-04-25 00:00:00","4.0000","49.0000","49.0000","2014-04-24 22:00:00"
"67216","793","7","60","2014-04-14 00:00:00","2014-04-25 00:00:00","2014-04-19 00:00:00","2014-04-25 00:00:00","4.0000","49.0000","49.0000","2014-04-24 22:00:00"
"67217","796","7","60","2014-04-14 00:00:00","2014-04-25 00:00:00","2014-04-19 00:00:00","2014-04-25 00:00:00","4.0000","49.0000","49.0000","2014-04-24 22:00:00"
"67218","797","7","60","2014-04-14 00:00:00","2014-04-25 00:00:00","2014-04-19 00:00:00","2014-04-25 00:00:00","4.0000","49.0000","49.0000","2014-04-24 22:00:00"
"67219","800","7","60","2014-04-14 00:00:00","2014-04-25 00:00:00","2014-04-19 00:00:00","2014-04-25 00:00:00","4.0000","49.0000","49.0000","2014-04-24 22:00:00"
"67220","801","7","60","2014-04-14 00:00:00","2014-04-25 00:00:00","2014-04-19 00:00:00","2014-04-25 00:00:00","4.0000","49.0000","49.0000","2014-04-24 22:00:00"
"67221","954","7","60","2014-04-14 00:00:00","2014-04-25 00:00:00","2014-04-19 00:00:00","2014-04-25 00:00:00","4.0000","49.0000","49.0000","2014-04-24 22:00:00"
"67222","955","7","60","2014-04-14 00:00:00","2014-04-25 00:00:00","2014-04-19 00:00:00","2014-04-25 00:00:00","4.0000","49.0000","49.0000","2014-04-24 22:00:00"
"67223","956","7","60","2014-04-14 00:00:00","2014-04-25 00:00:00","2014-04-19 00:00:00","2014-04-25 00:00:00","4.0000","49.0000","49.0000","2014-04-24 22:00:00"
"67224","959","7","60","2014-04-14 00:00:00","2014-04-25 00:00:00","2014-04-19 00:00:00","2014-04-25 00:00:00","4.0000","49.0000","49.0000","2014-04-24 22:00:00"
"67225","966","7","60","2014-04-14 00:00:00","2014-04-25 00:00:00","2014-04-19 00:00:00","2014-04-25 00:00:00","4.0000","49.0000","49.0000","2014-04-24 22:00:00"
"67226","968","7","60","2014-04-14 00:00:00","2014-04-25 00:00:00","2014-04-19 00:00:00","2014-04-25 00:00:00","4.0000","49.0000","49.0000","2014-04-24 22:00:00"
"67227","969","7","60","2014-04-14 00:00:00","2014-04-25 00:00:00","2014-04-19 00:00:00","2014-04-25 00:00:00","4.0000","49.0000","49.0000","2014-04-24 22:00:00"
"67228","975","7","60","2014-04-14 00:00:00","2014-04-25 00:00:00","2014-04-19 00:00:00","2014-04-25 00:00:00","4.0000","49.0000","49.0000","2014-04-24 22:00:00"
"67229","977","7","60","2014-04-14 00:00:00","2014-04-25 00:00:00","2014-04-19 00:00:00","2014-04-25 00:00:00","4.0000","49.0000","49.0000","2014-04-24 22:00:00"
"67230","980","7","60","2014-04-14 00:00:00","2014-04-25 00:00:00","2014-04-19 00:00:00","2014-04-25 00:00:00","4.0000","49.0000","49.0000","2014-04-24 22:00:00"
"67231","982","7","60","2014-04-14 00:00:00","2014-04-25 00:00:00","2014-04-19 00:00:00","2014-04-25 00:00:00","4.0000","49.0000","49.0000","2014-04-24 22:00:00"
"67232","983","7","60","2014-04-14 00:00:00","2014-04-25 00:00:00","2014-04-19 00:00:00","2014-04-25 00:00:00","4.0000","49.0000","49.0000","2014-04-24 22:00:00"
"67233","991","7","60","2014-04-14 00:00:00","2014-04-25 00:00:00","2014-04-19 00:00:00","2014-04-25 00:00:00","4.0000","49.0000","49.0000","2014-04-24 22:00:00"
"67234","997","7","60","2014-04-14 00:00:00","2014-04-25 00:00:00","2014-04-19 00:00:00","2014-04-25 00:00:00","4.0000","49.0000","49.0000","2014-04-24 22:00:00"
"67235","998","7","60","2014-04-14 00:00:00","2014-04-25 00:00:00","2014-04-19 00:00:00","2014-04-25 00:00:00","4.0000","49.0000","49.0000","2014-04-24 22:00:00"
"67236","999","7","60","2014-04-14 00:00:00","2014-04-25 00:00:00","2014-04-19 00:00:00","2014-04-25 00:00:00","4.0000","49.0000","49.0000","2014-04-24 22:00:00"
"67237","514","6","50","2014-04-14 00:00:00","2014-04-25 00:00:00","2014-04-19 00:00:00","2014-04-25 00:00:00","3.0000","36.7500","36.7500","2014-04-24 22:00:00"
"67237","514","7","60","2014-04-14 00:00:00","2014-04-25 00:00:00","2014-04-19 00:00:00","2014-04-25 00:00:00","4.0000","49.0000","49.0000","2014-04-24 22:00:00"
"67238","516","6","50","2014-04-14 00:00:00","2014-04-25 00:00:00","2014-04-19 00:00:00","2014-04-25 00:00:00","3.0000","36.7500","36.7500","2014-04-24 22:00:00"
"67238","516","7","60","2014-04-14 00:00:00","2014-04-25 00:00:00","2014-04-19 00:00:00","2014-04-25 00:00:00","4.0000","49.0000","49.0000","2014-04-24 22:00:00"
"67239","517","6","50","2014-04-14 00:00:00","2014-04-25 00:00:00","2014-04-19 00:00:00","2014-04-25 00:00:00","3.0000","36.7500","36.7500","2014-04-24 22:00:00"
"67239","517","7","60","2014-04-14 00:00:00","2014-04-25 00:00:00","2014-04-19 00:00:00","2014-04-25 00:00:00","4.0000","49.0000","49.0000","2014-04-24 22:00:00"
"67240","518","6","50","2014-04-14 00:00:00","2014-04-25 00:00:00","2014-04-19 00:00:00","2014-04-25 00:00:00","3.0000","36.7500","36.7500","2014-04-24 22:00:00"
"67240","518","7","60","2014-04-14 00:00:00","2014-04-25 00:00:00","2014-04-19 00:00:00","2014-04-25 00:00:00","4.0000","49.0000","49.0000","2014-04-24 22:00:00"
"67241","519","6","50","2014-04-14 00:00:00","2014-04-25 00:00:00","2014-04-19 00:00:00","2014-04-25 00:00:00","3.0000","36.7500","36.7500","2014-04-24 22:00:00"
"67241","519","7","60","2014-04-14 00:00:00","2014-04-25 00:00:00","2014-04-19 00:00:00","2014-04-25 00:00:00","4.0000","49.0000","49.0000","2014-04-24 22:00:00"
"67242","520","6","50","2014-04-14 00:00:00","2014-04-25 00:00:00","2014-04-19 00:00:00","2014-04-25 00:00:00","3.0000","36.7500","36.7500","2014-04-24 22:00:00"
"67242","520","7","60","2014-04-14 00:00:00","2014-04-25 00:00:00","2014-04-19 00:00:00","2014-04-25 00:00:00","4.0000","49.0000","49.0000","2014-04-24 22:00:00"
"67243","522","6","50","2014-04-14 00:00:00","2014-04-25 00:00:00","2014-04-19 00:00:00","2014-04-25 00:00:00","3.0000","36.7500","36.7500","2014-04-24 22:00:00"
"67243","522","7","60","2014-04-14 00:00:00","2014-04-25 00:00:00","2014-04-19 00:00:00","2014-04-25 00:00:00","4.0000","49.0000","49.0000","2014-04-24 22:00:00"
"67253","747","1","10","2014-04-14 00:00:00","2014-04-25 00:00:00","2014-04-19 00:00:00","2014-04-25 00:00:00","4.1000","92.2500","92.2500","2014-04-24 22:00:00"
"67253","747","2","20","2014-04-14 00:00:00","2014-04-25 00:00:00","2014-04-19 00:00:00","2014-04-25 00:00:00","3.5000","87.5000","87.5000","2014-04-24 22:00:00"
"67253","747","3","30","2014-04-14 00:00:00","2014-04-25 00:00:00","2014-04-19 00:00:00","2014-04-25 00:00:00","1.0000","14.5000","14.5000","2014-04-24 22:00:00"
"67253","747","4","40","2014-04-14 00:00:00","2014-04-25 00:00:00","2014-04-19 00:00:00","2014-04-25 00:00:00","2.0000","31.5000","31.5000","2014-04-24 22:00:00"
"67253","747","6","50","2014-04-14 00:00:00","2014-04-25 00:00:00","2014-04-19 00:00:00","2014-04-25 00:00:00","3.0000","36.7500","36.7500","2014-04-24 22:00:00"
"67253","747","7","60","2014-04-14 00:00:00","2014-04-25 00:00:00","2014-04-19 00:00:00","2014-04-25 00:00:00","4.0000","49.0000","49.0000","2014-04-24 22:00:00"
"67254","748","1","10","2014-04-14 00:00:00","2014-04-25 00:00:00","2014-04-19 00:00:00","2014-04-25 00:00:00","4.1000","92.2500","92.2500","2014-04-24 22:00:00"
"67254","748","2","20","2014-04-14 00:00:00","2014-04-25 00:00:00","2014-04-19 00:00:00","2014-04-25 00:00:00","3.5000","87.5000","87.5000","2014-04-24 22:00:00"
"67254","748","3","30","2014-04-14 00:00:00","2014-04-25 00:00:00","2014-04-19 00:00:00","2014-04-25 00:00:00","1.0000","14.5000","14.5000","2014-04-24 22:00:00"
"67254","748","5","45","2014-04-14 00:00:00","2014-04-25 00:00:00","2014-04-19 00:00:00","2014-04-25 00:00:00","2.0000","36.0000","36.0000","2014-04-24 22:00:00"
"67254","748","6","50","2014-04-14 00:00:00","2014-04-25 00:00:00","2014-04-19 00:00:00","2014-04-25 00:00:00","3.0000","36.7500","36.7500","2014-04-24 22:00:00"
"67254","748","7","60","2014-04-14 00:00:00","2014-04-25 00:00:00","2014-04-19 00:00:00","2014-04-25 00:00:00","4.0000","49.0000","49.0000","2014-04-24 22:00:00"
"67255","805","6","50","2014-04-14 00:00:00","2014-04-25 00:00:00","2014-04-19 00:00:00","2014-04-25 00:00:00","3.0000","36.7500","36.7500","2014-04-24 22:00:00"
"67256","806","6","50","2014-04-14 00:00:00","2014-04-25 00:00:00","2014-04-19 00:00:00","2014-04-25 00:00:00","3.0000","36.7500","36.7500","2014-04-24 22:00:00"
"67257","807","6","50","2014-04-14 00:00:00","2014-04-25 00:00:00","2014-04-19 00:00:00","2014-04-25 00:00:00","3.0000","36.7500","36.7500","2014-04-24 22:00:00"
"67258","808","1","10","2014-04-14 00:00:00","2014-04-25 00:00:00","2014-04-19 00:00:00","2014-04-25 00:00:00","4.1000","92.2500","92.2500","2014-04-24 22:00:00"
"67258","808","2","20","2014-04-14 00:00:00","2014-04-25 00:00:00","2014-04-19 00:00:00","2014-04-25 00:00:00","3.5000","87.5000","87.5000","2014-04-24 22:00:00"
"67258","808","6","50","2014-04-14 00:00:00","2014-04-25 00:00:00","2014-04-19 00:00:00","2014-04-25 00:00:00","3.0000","36.7500","36.7500","2014-04-24 22:00:00"
"67259","810","1","10","2014-04-14 00:00:00","2014-04-25 00:00:00","2014-04-19 00:00:00","2014-04-25 00:00:00","4.1000","92.2500","92.2500","2014-04-24 22:00:00"
"67259","810","2","20","2014-04-14 00:00:00","2014-04-25 00:00:00","2014-04-19 00:00:00","2014-04-25 00:00:00","3.5000","87.5000","87.5000","2014-04-24 22:00:00"
"67259","810","6","50","2014-04-14 00:00:00","2014-04-25 00:00:00","2014-04-19 00:00:00","2014-04-25 00:00:00","3.0000","36.7500","36.7500","2014-04-24 22:00:00"
"67260","811","1","10","2014-04-14 00:00:00","2014-04-25 00:00:00","2014-04-19 00:00:00","2014-04-25 00:00:00","4.1000","92.2500","92.2500","2014-04-24 22:00:00"
"67260","811","2","20","2014-04-14 00:00:00","2014-04-25 00:00:00","2014-04-19 00:00:00","2014-04-25 00:00:00","3.5000","87.5000","87.5000","2014-04-24 22:00:00"
"67260","811","6","50","2014-04-14 00:00:00","2014-04-25 00:00:00","2014-04-19 00:00:00","2014-04-25 00:00:00","3.0000","36.7500","36.7500","2014-04-24 22:00:00"
"67261","812","1","10","2014-04-14 00:00:00","2014-04-25 00:00:00","2014-04-19 00:00:00","2014-04-25 00:00:00","4.1000","92.2500","92.2500","2014-04-24 22:00:00"
"67261","812","2","20","2014-04-14 00:00:00","2014-04-25 00:00:00","2014-04-19 00:00:00","2014-04-25 00:00:00","3.5000","87.5000","87.5000","2014-04-24 22:00:00"
"67261","812","6","50","2014-04-14 00:00:00","2014-04-25 00:00:00","2014-04-19 00:00:00","2014-04-25 00:00:00","3.0000","36.7500","36.7500","2014-04-24 22:00:00"
"67262","813","1","10","2014-04-14 00:00:00","2014-04-25 00:00:00","2014-04-19 00:00:00","2014-04-25 00:00:00","4.1000","92.2500","92.2500","2014-04-24 22:00:00"
"67262","813","2","20","2014-04-14 00:00:00","2014-04-25 00:00:00","2014-04-19 00:00:00","2014-04-25 00:00:00","3.5000","87.5000","87.5000","2014-04-24 22:00:00"
"67262","813","6","50","2014-04-14 00:00:00","2014-04-25 00:00:00","2014-04-19 00:00:00","2014-04-25 00:00:00","3.0000","36.7500","36.7500","2014-04-24 22:00:00"
"67263","815","6","50","2014-04-14 00:00:00","2014-04-25 00:00:00","2014-04-19 00:00:00","2014-04-25 00:00:00","3.0000","36.7500","36.7500","2014-04-24 22:00:00"
"67264","816","6","50","2014-04-14 00:00:00","2014-04-25 00:00:00","2014-04-19 00:00:00","2014-04-25 00:00:00","3.0000","36.7500","36.7500","2014-04-24 22:00:00"
"67265","818","6","50","2014-04-14 00:00:00","2014-04-25 00:00:00","2014-04-19 00:00:00","2014-04-25 00:00:00","3.0000","36.7500","36.7500","2014-04-24 22:00:00"
"67266","819","6","50","2014-04-14 00:00:00","2014-04-25 00:00:00","2014-04-19 00:00:00","2014-04-25 00:00:00","3.0000","36.7500","36.7500","2014-04-24 22:00:00"
"67267","820","6","50","2014-04-14 00:00:00","2014-04-25 00:00:00","2014-04-19 00:00:00","2014-04-25 00:00:00","3.0000","36.7500","36.7500","2014-04-24 22:00:00"
"67268","821","6","50","2014-04-14 00:00:00","2014-04-25 00:00:00","2014-04-19 00:00:00","2014-04-25 00:00:00","3.0000","36.7500","36.7500","2014-04-24 22:00:00"
"67269","822","1","10","2014-04-14 00:00:00","2014-04-25 00:00:00","2014-04-19 00:00:00","2014-04-25 00:00:00","4.1000","92.2500","92.2500","2014-04-24 22:00:00"
"67269","822","2","20","2014-04-14 00:00:00","2014-04-25 00:00:00","2014-04-19 00:00:00","2014-04-25 00:00:00","3.5000","87.5000","87.5000","2014-04-24 22:00:00"
"67269","822","3","30","2014-04-14 00:00:00","2014-04-25 00:00:00","2014-04-19 00:00:00","2014-04-25 00:00:00","1.0000","14.5000","14.5000","2014-04-24 22:00:00"
"67269","822","4","40","2014-04-14 00:00:00","2014-04-25 00:00:00","2014-04-19 00:00:00","2014-04-25 00:00:00","2.0000","31.5000","31.5000","2014-04-24 22:00:00"
"67269","822","6","50","2014-04-14 00:00:00","2014-04-25 00:00:00","2014-04-19 00:00:00","2014-04-25 00:00:00","3.0000","36.7500","36.7500","2014-04-24 22:00:00"
"67269","822","7","60","2014-04-14 00:00:00","2014-04-25 00:00:00","2014-04-19 00:00:00","2014-04-25 00:00:00","4.0000","49.0000","49.0000","2014-04-24 22:00:00"
"67270","823","6","50","2014-04-14 00:00:00","2014-04-25 00:00:00","2014-04-19 00:00:00","2014-04-25 00:00:00","3.0000","36.7500","36.7500","2014-04-24 22:00:00"
"67271","824","6","50","2014-04-14 00:00:00","2014-04-25 00:00:00","2014-04-19 00:00:00","2014-04-25 00:00:00","3.0000","36.7500","36.7500","2014-04-24 22:00:00"
"67272","826","6","50","2014-04-14 00:00:00","2014-04-25 00:00:00","2014-04-19 00:00:00","2014-04-25 00:00:00","3.0000","36.7500","36.7500","2014-04-24 22:00:00"
"67273","827","6","50","2014-04-14 00:00:00","2014-04-25 00:00:00","2014-04-19 00:00:00","2014-04-25 00:00:00","3.0000","36.7500","36.7500","2014-04-24 22:00:00"
"67274","828","6","50","2014-04-14 00:00:00","2014-04-25 00:00:00","2014-04-19 00:00:00","2014-04-25 00:00:00","3.0000","36.7500","36.7500","2014-04-24 22:00:00"
"67275","829","6","50","2014-04-14 00:00:00","2014-04-25 00:00:00","2014-04-19 00:00:00","2014-04-25 00:00:00","3.0000","36.7500","36.7500","2014-04-24 22:00:00"
"67285","894","6","50","2014-04-14 00:00:00","2014-04-25 00:00:00","2014-04-19 00:00:00","2014-04-25 00:00:00","3.0000","36.7500","36.7500","2014-04-24 22:00:00"
"67290","942","1","10","2014-04-14 00:00:00","2014-04-25 00:00:00","2014-04-19 00:00:00","2014-04-25 00:00:00","4.1000","92.2500","92.2500","2014-04-24 22:00:00"
"67290","942","2","20","2014-04-14 00:00:00","2014-04-25 00:00:00","2014-04-19 00:00:00","2014-04-25 00:00:00","3.5000","87.5000","87.5000","2014-04-24 22:00:00"
"67290","942","3","30","2014-04-14 00:00:00","2014-04-25 00:00:00","2014-04-19 00:00:00","2014-04-25 00:00:00","1.0000","14.5000","14.5000","2014-04-24 22:00:00"
"67290","942","5","45","2014-04-14 00:00:00","2014-04-25 00:00:00","2014-04-19 00:00:00","2014-04-25 00:00:00","2.0000","36.0000","36.0000","2014-04-24 22:00:00"
"67290","942","6","50","2014-04-14 00:00:00","2014-04-25 00:00:00","2014-04-19 00:00:00","2014-04-25 00:00:00","3.0000","36.7500","36.7500","2014-04-24 22:00:00"
"67290","942","7","60","2014-04-14 00:00:00","2014-04-25 00:00:00","2014-04-19 00:00:00","2014-04-25 00:00:00","4.0000","49.0000","49.0000","2014-04-24 22:00:00"
"67291","945","1","10","2014-04-14 00:00:00","2014-04-25 00:00:00","2014-04-19 00:00:00","2014-04-25 00:00:00","4.1000","92.2500","92.2500","2014-04-24 22:00:00"
"67291","945","6","50","2014-04-14 00:00:00","2014-04-25 00:00:00","2014-04-19 00:00:00","2014-04-25 00:00:00","3.0000","36.7500","36.7500","2014-04-24 22:00:00"
"67292","946","1","10","2014-04-14 00:00:00","2014-04-25 00:00:00","2014-04-19 00:00:00","2014-04-25 00:00:00","4.1000","92.2500","92.2500","2014-04-24 22:00:00"
"67292","946","2","20","2014-04-14 00:00:00","2014-04-25 00:00:00","2014-04-19 00:00:00","2014-04-25 00:00:00","3.5000","87.5000","87.5000","2014-04-24 22:00:00"
"67292","946","6","50","2014-04-14 00:00:00","2014-04-25 00:00:00","2014-04-19 00:00:00","2014-04-25 00:00:00","3.0000","36.7500","36.7500","2014-04-24 22:00:00"
"67293","947","1","10","2014-04-14 00:00:00","2014-04-25 00:00:00","2014-04-19 00:00:00","2014-04-25 00:00:00","4.1000","92.2500","92.2500","2014-04-24 22:00:00"
"67293","947","2","20","2014-04-14 00:00:00","2014-04-25 00:00:00","2014-04-19 00:00:00","2014-04-25 00:00:00","3.5000","87.5000","87.5000","2014-04-24 22:00:00"
"67293","947","6","50","2014-04-14 00:00:00","2014-04-25 00:00:00","2014-04-19 00:00:00","2014-04-25 00:00:00","3.0000","36.7500","36.7500","2014-04-24 22:00:00"
"67294","949","6","50","2014-04-14 00:00:00","2014-04-25 00:00:00","2014-04-19 00:00:00","2014-04-25 00:00:00","3.0000","36.7500","36.7500","2014-04-24 22:00:00"
"67295","950","6","50","2014-04-14 00:00:00","2014-04-25 00:00:00","2014-04-19 00:00:00","2014-04-25 00:00:00","3.0000","36.7500","36.7500","2014-04-24 22:00:00"
"67296","951","6","50","2014-04-14 00:00:00","2014-04-25 00:00:00","2014-04-19 00:00:00","2014-04-25 00:00:00","3.0000","36.7500","36.7500","2014-04-24 22:00:00"
"67297","994","6","50","2014-04-14 00:00:00","2014-04-25 00:00:00","2014-04-19 00:00:00","2014-04-25 00:00:00","3.0000","36.7500","36.7500","2014-04-24 22:00:00"
"67298","995","6","50","2014-04-14 00:00:00","2014-04-25 00:00:00","2014-04-19 00:00:00","2014-04-25 00:00:00","3.0000","36.7500","36.7500","2014-04-24 22:00:00"
"67299","996","6","50","2014-04-14 00:00:00","2014-04-25 00:00:00","2014-04-19 00:00:00","2014-04-25 00:00:00","3.0000","36.7500","36.7500","2014-04-24 22:00:00"
"67314","802","1","10","2014-04-14 00:00:00","2014-04-25 00:00:00","2014-04-19 00:00:00","2014-04-25 00:00:00","4.1000","92.2500","92.2500","2014-04-24 22:00:00"
"67314","802","6","50","2014-04-14 00:00:00","2014-04-25 00:00:00","2014-04-19 00:00:00","2014-04-25 00:00:00","3.0000","36.7500","36.7500","2014-04-24 22:00:00"
"67315","803","1","10","2014-04-14 00:00:00","2014-04-25 00:00:00","2014-04-19 00:00:00","2014-04-25 00:00:00","4.1000","92.2500","92.2500","2014-04-24 22:00:00"
"67315","803","6","50","2014-04-14 00:00:00","2014-04-25 00:00:00","2014-04-19 00:00:00","2014-04-25 00:00:00","3.0000","36.7500","36.7500","2014-04-24 22:00:00"
"67316","804","1","10","2014-04-14 00:00:00","2014-04-25 00:00:00","2014-04-19 00:00:00","2014-04-25 00:00:00","4.1000","92.2500","92.2500","2014-04-24 22:00:00"
"67316","804","6","50","2014-04-14 00:00:00","2014-04-25 00:00:00","2014-04-19 00:00:00","2014-04-25 00:00:00","3.0000","36.7500","36.7500","2014-04-24 22:00:00"
"67321","780","7","60","2014-04-15 00:00:00","2014-04-26 00:00:00","2014-04-15 00:00:00","2014-05-13 00:00:00","4.0000","49.0000","49.0000","2014-05-12 22:00:00"
"67322","781","7","60","2014-04-15 00:00:00","2014-04-26 00:00:00","2014-04-15 00:00:00","2014-05-13 00:00:00","4.0000","49.0000","49.0000","2014-05-12 22:00:00"
"67323","782","7","60","2014-04-15 00:00:00","2014-04-26 00:00:00","2014-04-15 00:00:00","2014-05-13 00:00:00","4.0000","49.0000","49.0000","2014-05-12 22:00:00"
"67324","793","7","60","2014-04-15 00:00:00","2014-04-26 00:00:00","2014-04-15 00:00:00","2014-05-13 00:00:00","4.0000","49.0000","49.0000","2014-05-12 22:00:00"
"67325","799","7","60","2014-04-15 00:00:00","2014-04-26 00:00:00","2014-04-15 00:00:00","2014-05-13 00:00:00","4.0000","49.0000","49.0000","2014-05-12 22:00:00"
"67326","800","7","60","2014-04-15 00:00:00","2014-04-26 00:00:00","2014-04-15 00:00:00","2014-05-13 00:00:00","4.0000","49.0000","49.0000","2014-05-12 22:00:00"
"67327","801","7","60","2014-04-15 00:00:00","2014-04-26 00:00:00","2014-04-15 00:00:00","2014-05-13 00:00:00","4.0000","49.0000","49.0000","2014-05-12 22:00:00"
"67328","956","7","60","2014-04-15 00:00:00","2014-04-26 00:00:00","2014-04-15 00:00:00","2014-05-13 00:00:00","4.0000","49.0000","49.0000","2014-05-12 22:00:00"
"67329","960","7","60","2014-04-15 00:00:00","2014-04-26 00:00:00","2014-04-15 00:00:00","2014-05-13 00:00:00","4.0000","49.0000","49.0000","2014-05-12 22:00:00"
"67330","973","7","60","2014-04-15 00:00:00","2014-04-26 00:00:00","2014-04-15 00:00:00","2014-05-13 00:00:00","4.0000","49.0000","49.0000","2014-05-12 22:00:00"
"67331","975","7","60","2014-04-15 00:00:00","2014-04-26 00:00:00","2014-04-15 00:00:00","2014-05-13 00:00:00","4.0000","49.0000","49.0000","2014-05-12 22:00:00"
"67332","976","7","60","2014-04-15 00:00:00","2014-04-26 00:00:00","2014-04-15 00:00:00","2014-05-13 00:00:00","4.0000","49.0000","49.0000","2014-05-12 22:00:00"
"67333","981","7","60","2014-04-15 00:00:00","2014-04-26 00:00:00","2014-04-15 00:00:00","2014-05-13 00:00:00","4.0000","49.0000","49.0000","2014-05-12 22:00:00"
"67334","998","7","60","2014-04-15 00:00:00","2014-04-26 00:00:00","2014-04-15 00:00:00","2014-05-13 00:00:00","4.0000","49.0000","49.0000","2014-05-12 22:00:00"
"67335","999","7","60","2014-04-15 00:00:00","2014-04-26 00:00:00","2014-04-15 00:00:00","2014-05-13 00:00:00","4.0000","49.0000","49.0000","2014-05-12 22:00:00"
"67336","514","6","50","2014-04-15 00:00:00","2014-04-26 00:00:00","2014-04-15 00:00:00","2014-05-13 00:00:00","3.0000","36.7500","36.7500","2014-05-12 22:00:00"
"67336","514","7","60","2014-04-15 00:00:00","2014-04-26 00:00:00","2014-04-15 00:00:00","2014-05-13 00:00:00","4.0000","49.0000","49.0000","2014-05-12 22:00:00"
"67337","516","6","50","2014-04-15 00:00:00","2014-04-26 00:00:00","2014-04-15 00:00:00","2014-05-13 00:00:00","3.0000","36.7500","36.7500","2014-05-12 22:00:00"
"67337","516","7","60","2014-04-15 00:00:00","2014-04-26 00:00:00","2014-04-15 00:00:00","2014-05-13 00:00:00","4.0000","49.0000","49.0000","2014-05-12 22:00:00"
"67338","517","6","50","2014-04-15 00:00:00","2014-04-26 00:00:00","2014-04-15 00:00:00","2014-05-13 00:00:00","3.0000","36.7500","36.7500","2014-05-12 22:00:00"
"67338","517","7","60","2014-04-15 00:00:00","2014-04-26 00:00:00","2014-04-15 00:00:00","2014-05-13 00:00:00","4.0000","49.0000","49.0000","2014-05-12 22:00:00"
"67339","518","6","50","2014-04-15 00:00:00","2014-04-26 00:00:00","2014-04-15 00:00:00","2014-05-13 00:00:00","3.0000","36.7500","36.7500","2014-05-12 22:00:00"
"67339","518","7","60","2014-04-15 00:00:00","2014-04-26 00:00:00","2014-04-15 00:00:00","2014-05-13 00:00:00","4.0000","49.0000","49.0000","2014-05-12 22:00:00"
"67340","519","6","50","2014-04-15 00:00:00","2014-04-26 00:00:00","2014-04-15 00:00:00","2014-05-13 00:00:00","3.0000","36.7500","36.7500","2014-05-12 22:00:00"
"67340","519","7","60","2014-04-15 00:00:00","2014-04-26 00:00:00","2014-04-15 00:00:00","2014-05-13 00:00:00","4.0000","49.0000","49.0000","2014-05-12 22:00:00"
"67341","520","6","50","2014-04-15 00:00:00","2014-04-26 00:00:00","2014-04-15 00:00:00","2014-05-13 00:00:00","3.0000","36.7500","36.7500","2014-05-12 22:00:00"
"67341","520","7","60","2014-04-15 00:00:00","2014-04-26 00:00:00","2014-04-15 00:00:00","2014-05-13 00:00:00","4.0000","49.0000","49.0000","2014-05-12 22:00:00"
"67342","522","6","50","2014-04-15 00:00:00","2014-04-26 00:00:00","2014-04-15 00:00:00","2014-05-13 00:00:00","3.0000","36.7500","36.7500","2014-05-12 22:00:00"
"67342","522","7","60","2014-04-15 00:00:00","2014-04-26 00:00:00","2014-04-15 00:00:00","2014-05-13 00:00:00","4.0000","49.0000","49.0000","2014-05-12 22:00:00"
"67347","747","1","10","2014-04-15 00:00:00","2014-04-26 00:00:00","2014-04-15 00:00:00","2014-05-13 00:00:00","4.1000","92.2500","92.2500","2014-05-12 22:00:00"
"67347","747","2","20","2014-04-15 00:00:00","2014-04-26 00:00:00","2014-04-15 00:00:00","2014-05-13 00:00:00","3.5000","87.5000","87.5000","2014-05-12 22:00:00"
"67347","747","3","30","2014-04-15 00:00:00","2014-04-26 00:00:00","2014-04-15 00:00:00","2014-05-13 00:00:00","1.0000","14.5000","14.5000","2014-05-12 22:00:00"
"67347","747","4","40","2014-04-15 00:00:00","2014-04-26 00:00:00","2014-04-15 00:00:00","2014-05-13 00:00:00","2.0000","31.5000","31.5000","2014-05-12 22:00:00"
"67347","747","6","50","2014-04-15 00:00:00","2014-04-26 00:00:00","2014-04-15 00:00:00","2014-05-13 00:00:00","3.0000","36.7500","36.7500","2014-05-12 22:00:00"
"67347","747","7","60","2014-04-15 00:00:00","2014-04-26 00:00:00","2014-04-15 00:00:00","2014-05-13 00:00:00","4.0000","49.0000","49.0000","2014-05-12 22:00:00"
"67348","805","6","50","2014-04-15 00:00:00","2014-04-26 00:00:00","2014-04-15 00:00:00","2014-05-13 00:00:00","3.0000","36.7500","36.7500","2014-05-12 22:00:00"
"67349","806","6","50","2014-04-15 00:00:00","2014-04-26 00:00:00","2014-04-15 00:00:00","2014-05-13 00:00:00","3.0000","36.7500","36.7500","2014-05-12 22:00:00"
"67350","807","6","50","2014-04-15 00:00:00","2014-04-26 00:00:00","2014-04-15 00:00:00","2014-05-13 00:00:00","3.0000","36.7500","36.7500","2014-05-12 22:00:00"
"67351","808","1","10","2014-04-15 00:00:00","2014-04-26 00:00:00","2014-04-15 00:00:00","2014-05-13 00:00:00","4.1000","92.2500","92.2500","2014-05-12 22:00:00"
"67351","808","2","20","2014-04-15 00:00:00","2014-04-26 00:00:00","2014-04-15 00:00:00","2014-05-13 00:00:00","3.5000","87.5000","87.5000","2014-05-12 22:00:00"
"67351","808","6","50","2014-04-15 00:00:00","2014-04-26 00:00:00","2014-04-15 00:00:00","2014-05-13 00:00:00","3.0000","36.7500","36.7500","2014-05-12 22:00:00"
"67352","810","1","10","2014-04-15 00:00:00","2014-04-26 00:00:00","2014-04-15 00:00:00","2014-05-13 00:00:00","4.1000","92.2500","92.2500","2014-05-12 22:00:00"
"67352","810","2","20","2014-04-15 00:00:00","2014-04-26 00:00:00","2014-04-15 00:00:00","2014-05-13 00:00:00","3.5000","87.5000","87.5000","2014-05-12 22:00:00"
"67352","810","6","50","2014-04-15 00:00:00","2014-04-26 00:00:00","2014-04-15 00:00:00","2014-05-13 00:00:00","3.0000","36.7500","36.7500","2014-05-12 22:00:00"
"67353","811","1","10","2014-04-15 00:00:00","2014-04-26 00:00:00","2014-04-15 00:00:00","2014-05-13 00:00:00","4.1000","92.2500","92.2500","2014-05-12 22:00:00"
"67353","811","2","20","2014-04-15 00:00:00","2014-04-26 00:00:00","2014-04-15 00:00:00","2014-05-13 00:00:00","3.5000","87.5000","87.5000","2014-05-12 22:00:00"
"67353","811","6","50","2014-04-15 00:00:00","2014-04-26 00:00:00","2014-04-15 00:00:00","2014-05-13 00:00:00","3.0000","36.7500","36.7500","2014-05-12 22:00:00"
"67354","812","1","10","2014-04-15 00:00:00","2014-04-26 00:00:00","2014-04-15 00:00:00","2014-05-13 00:00:00","4.1000","92.2500","92.2500","2014-05-12 22:00:00"
"67354","812","2","20","2014-04-15 00:00:00","2014-04-26 00:00:00","2014-04-15 00:00:00","2014-05-13 00:00:00","3.5000","87.5000","87.5000","2014-05-12 22:00:00"
"67354","812","6","50","2014-04-15 00:00:00","2014-04-26 00:00:00","2014-04-15 00:00:00","2014-05-13 00:00:00","3.0000","36.7500","36.7500","2014-05-12 22:00:00"
"67355","813","1","10","2014-04-15 00:00:00","2014-04-26 00:00:00","2014-04-15 00:00:00","2014-05-13 00:00:00","4.1000","92.2500","92.2500","2014-05-12 22:00:00"
"67355","813","2","20","2014-04-15 00:00:00","2014-04-26 00:00:00","2014-04-15 00:00:00","2014-05-13 00:00:00","3.5000","87.5000","87.5000","2014-05-12 22:00:00"
"67355","813","6","50","2014-04-15 00:00:00","2014-04-26 00:00:00","2014-04-15 00:00:00","2014-05-13 00:00:00","3.0000","36.7500","36.7500","2014-05-12 22:00:00"
"67356","815","6","50","2014-04-15 00:00:00","2014-04-26 00:00:00","2014-04-15 00:00:00","2014-05-13 00:00:00","3.0000","36.7500","36.7500","2014-05-12 22:00:00"
"67357","816","6","50","2014-04-15 00:00:00","2014-04-26 00:00:00","2014-04-15 00:00:00","2014-05-13 00:00:00","3.0000","36.7500","36.7500","2014-05-12 22:00:00"
"67358","818","6","50","2014-04-15 00:00:00","2014-04-26 00:00:00","2014-04-15 00:00:00","2014-05-13 00:00:00","3.0000","36.7500","36.7500","2014-05-12 22:00:00"
"67359","819","6","50","2014-04-15 00:00:00","2014-04-26 00:00:00","2014-04-15 00:00:00","2014-05-13 00:00:00","3.0000","36.7500","36.7500","2014-05-12 22:00:00"
"67360","820","6","50","2014-04-15 00:00:00","2014-04-26 00:00:00","2014-04-15 00:00:00","2014-05-13 00:00:00","3.0000","36.7500","36.7500","2014-05-12 22:00:00"
"67361","821","6","50","2014-04-15 00:00:00","2014-04-26 00:00:00","2014-04-15 00:00:00","2014-05-13 00:00:00","3.0000","36.7500","36.7500","2014-05-12 22:00:00"
"67362","823","6","50","2014-04-15 00:00:00","2014-04-26 00:00:00","2014-04-15 00:00:00","2014-05-13 00:00:00","3.0000","36.7500","36.7500","2014-05-12 22:00:00"
"67363","824","6","50","2014-04-15 00:00:00","2014-04-26 00:00:00","2014-04-15 00:00:00","2014-05-13 00:00:00","3.0000","36.7500","36.7500","2014-05-12 22:00:00"
"67364","826","6","50","2014-04-15 00:00:00","2014-04-26 00:00:00","2014-04-15 00:00:00","2014-05-13 00:00:00","3.0000","36.7500","36.7500","2014-05-12 22:00:00"
"67365","827","6","50","2014-04-15 00:00:00","2014-04-26 00:00:00","2014-04-15 00:00:00","2014-05-13 00:00:00","3.0000","36.7500","36.7500","2014-05-12 22:00:00"
"67366","828","6","50","2014-04-15 00:00:00","2014-04-26 00:00:00","2014-04-15 00:00:00","2014-05-13 00:00:00","3.0000","36.7500","36.7500","2014-05-12 22:00:00"
"67367","829","6","50","2014-04-15 00:00:00","2014-04-26 00:00:00","2014-04-15 00:00:00","2014-05-13 00:00:00","3.0000","36.7500","36.7500","2014-05-12 22:00:00"
"67374","894","6","50","2014-04-15 00:00:00","2014-04-26 00:00:00","2014-04-15 00:00:00","2014-05-13 00:00:00","3.0000","36.7500","36.7500","2014-05-12 22:00:00"
"67377","945","1","10","2014-04-15 00:00:00","2014-04-26 00:00:00","2014-04-15 00:00:00","2014-05-13 00:00:00","4.1000","92.2500","92.2500","2014-05-12 22:00:00"
"67377","945","6","50","2014-04-15 00:00:00","2014-04-26 00:00:00","2014-04-15 00:00:00","2014-05-13 00:00:00","3.0000","36.7500","36.7500","2014-05-12 22:00:00"
"67378","946","1","10","2014-04-15 00:00:00","2014-04-26 00:00:00","2014-04-15 00:00:00","2014-05-13 00:00:00","4.1000","92.2500","92.2500","2014-05-12 22:00:00"
"67378","946","2","20","2014-04-15 00:00:00","2014-04-26 00:00:00","2014-04-15 00:00:00","2014-05-13 00:00:00","3.5000","87.5000","87.5000","2014-05-12 22:00:00"
"67378","946","6","50","2014-04-15 00:00:00","2014-04-26 00:00:00","2014-04-15 00:00:00","2014-05-13 00:00:00","3.0000","36.7500","36.7500","2014-05-12 22:00:00"
"67379","947","1","10","2014-04-15 00:00:00","2014-04-26 00:00:00","2014-04-15 00:00:00","2014-05-13 00:00:00","4.1000","92.2500","92.2500","2014-05-12 22:00:00"
"67379","947","2","20","2014-04-15 00:00:00","2014-04-26 00:00:00","2014-04-15 00:00:00","2014-05-13 00:00:00","3.5000","87.5000","87.5000","2014-05-12 22:00:00"
"67379","947","6","50","2014-04-15 00:00:00","2014-04-26 00:00:00","2014-04-15 00:00:00","2014-05-13 00:00:00","3.0000","36.7500","36.7500","2014-05-12 22:00:00"
"67380","949","6","50","2014-04-15 00:00:00","2014-04-26 00:00:00","2014-04-15 00:00:00","2014-05-13 00:00:00","3.0000","36.7500","36.7500","2014-05-12 22:00:00"
"67381","950","6","50","2014-04-15 00:00:00","2014-04-26 00:00:00","2014-04-15 00:00:00","2014-05-13 00:00:00","3.0000","36.7500","36.7500","2014-05-12 22:00:00"
"67382","951","6","50","2014-04-15 00:00:00","2014-04-26 00:00:00","2014-04-15 00:00:00","2014-05-13 00:00:00","3.0000","36.7500","36.7500","2014-05-12 22:00:00"
"67383","994","6","50","2014-04-15 00:00:00","2014-04-26 00:00:00","2014-04-15 00:00:00","2014-05-13 00:00:00","3.0000","36.7500","36.7500","2014-05-12 22:00:00"
"67384","995","6","50","2014-04-15 00:00:00","2014-04-26 00:00:00","2014-04-15 00:00:00","2014-05-13 00:00:00","3.0000","36.7500","36.7500","2014-05-12 22:00:00"
"67385","996","6","50","2014-04-15 00:00:00","2014-04-26 00:00:00","2014-04-15 00:00:00","2014-05-13 00:00:00","3.0000","36.7500","36.7500","2014-05-12 22:00:00"
"67400","802","1","10","2014-04-15 00:00:00","2014-04-26 00:00:00","2014-04-15 00:00:00","2014-05-13 00:00:00","4.1000","92.2500","92.2500","2014-05-12 22:00:00"
"67400","802","6","50","2014-04-15 00:00:00","2014-04-26 00:00:00","2014-04-15 00:00:00","2014-05-13 00:00:00","3.0000","36.7500","36.7500","2014-05-12 22:00:00"
"67401","803","1","10","2014-04-15 00:00:00","2014-04-26 00:00:00","2014-04-15 00:00:00","2014-05-13 00:00:00","4.1000","92.2500","92.2500","2014-05-12 22:00:00"
"67401","803","6","50","2014-04-15 00:00:00","2014-04-26 00:00:00","2014-04-15 00:00:00","2014-05-13 00:00:00","3.0000","36.7500","36.7500","2014-05-12 22:00:00"
"67402","804","1","10","2014-04-15 00:00:00","2014-04-26 00:00:00","2014-04-15 00:00:00","2014-05-13 00:00:00","4.1000","92.2500","92.2500","2014-05-12 22:00:00"
"67402","804","6","50","2014-04-15 00:00:00","2014-04-26 00:00:00","2014-04-15 00:00:00","2014-05-13 00:00:00","3.0000","36.7500","36.7500","2014-05-12 22:00:00"
"67407","779","7","60","2014-04-16 00:00:00","2014-04-27 00:00:00","2014-04-23 00:00:00","2014-04-27 00:00:00","4.0000","49.0000","49.0000","2014-04-26 22:00:00"
"67408","781","7","60","2014-04-16 00:00:00","2014-04-27 00:00:00","2014-04-23 00:00:00","2014-04-27 00:00:00","4.0000","49.0000","49.0000","2014-04-26 22:00:00"
"67409","783","7","60","2014-04-16 00:00:00","2014-04-27 00:00:00","2014-04-23 00:00:00","2014-04-27 00:00:00","4.0000","49.0000","49.0000","2014-04-26 22:00:00"
"67410","784","7","60","2014-04-16 00:00:00","2014-04-27 00:00:00","2014-04-23 00:00:00","2014-04-27 00:00:00","4.0000","49.0000","49.0000","2014-04-26 22:00:00"
"67411","796","7","60","2014-04-16 00:00:00","2014-04-27 00:00:00","2014-04-23 00:00:00","2014-04-27 00:00:00","4.0000","49.0000","49.0000","2014-04-26 22:00:00"
"67412","797","7","60","2014-04-16 00:00:00","2014-04-27 00:00:00","2014-04-23 00:00:00","2014-04-27 00:00:00","4.0000","49.0000","49.0000","2014-04-26 22:00:00"
"67413","800","7","60","2014-04-16 00:00:00","2014-04-27 00:00:00","2014-04-23 00:00:00","2014-04-27 00:00:00","4.0000","49.0000","49.0000","2014-04-26 22:00:00"
"67414","801","7","60","2014-04-16 00:00:00","2014-04-27 00:00:00","2014-04-23 00:00:00","2014-04-27 00:00:00","4.0000","49.0000","49.0000","2014-04-26 22:00:00"
"67415","953","7","60","2014-04-16 00:00:00","2014-04-27 00:00:00","2014-04-23 00:00:00","2014-04-27 00:00:00","4.0000","49.0000","49.0000","2014-04-26 22:00:00"
"67416","955","7","60","2014-04-16 00:00:00","2014-04-27 00:00:00","2014-04-23 00:00:00","2014-04-27 00:00:00","4.0000","49.0000","49.0000","2014-04-26 22:00:00"
"67417","957","7","60","2014-04-16 00:00:00","2014-04-27 00:00:00","2014-04-23 00:00:00","2014-04-27 00:00:00","4.0000","49.0000","49.0000","2014-04-26 22:00:00"
"67418","962","7","60","2014-04-16 00:00:00","2014-04-27 00:00:00","2014-04-23 00:00:00","2014-04-27 00:00:00","4.0000","49.0000","49.0000","2014-04-26 22:00:00"
"67419","965","7","60","2014-04-16 00:00:00","2014-04-27 00:00:00","2014-04-23 00:00:00","2014-04-27 00:00:00","4.0000","49.0000","49.0000","2014-04-26 22:00:00"
"67420","967","7","60","2014-04-16 00:00:00","2014-04-27 00:00:00","2014-04-23 00:00:00","2014-04-27 00:00:00","4.0000","49.0000","49.0000","2014-04-26 22:00:00"
"67421","968","7","60","2014-04-16 00:00:00","2014-04-27 00:00:00","2014-04-23 00:00:00","2014-04-27 00:00:00","4.0000","49.0000","49.0000","2014-04-26 22:00:00"
"67422","969","7","60","2014-04-16 00:00:00","2014-04-27 00:00:00","2014-04-23 00:00:00","2014-04-27 00:00:00","4.0000","49.0000","49.0000","2014-04-26 22:00:00"
"67423","970","7","60","2014-04-16 00:00:00","2014-04-27 00:00:00","2014-04-23 00:00:00","2014-04-27 00:00:00","4.0000","49.0000","49.0000","2014-04-26 22:00:00"
"67424","972","7","60","2014-04-16 00:00:00","2014-04-27 00:00:00","2014-04-23 00:00:00","2014-04-27 00:00:00","4.0000","49.0000","49.0000","2014-04-26 22:00:00"
"67425","973","7","60","2014-04-16 00:00:00","2014-04-27 00:00:00","2014-04-23 00:00:00","2014-04-27 00:00:00","4.0000","49.0000","49.0000","2014-04-26 22:00:00"
"67426","974","7","60","2014-04-16 00:00:00","2014-04-27 00:00:00","2014-04-23 00:00:00","2014-04-27 00:00:00","4.0000","49.0000","49.0000","2014-04-26 22:00:00"
"67427","975","7","60","2014-04-16 00:00:00","2014-04-27 00:00:00","2014-04-23 00:00:00","2014-04-27 00:00:00","4.0000","49.0000","49.0000","2014-04-26 22:00:00"
"67428","976","7","60","2014-04-16 00:00:00","2014-04-27 00:00:00","2014-04-23 00:00:00","2014-04-27 00:00:00","4.0000","49.0000","49.0000","2014-04-26 22:00:00"
"67429","984","7","60","2014-04-16 00:00:00","2014-04-27 00:00:00","2014-04-23 00:00:00","2014-04-27 00:00:00","4.0000","49.0000","49.0000","2014-04-26 22:00:00"
"67430","987","7","60","2014-04-16 00:00:00","2014-04-27 00:00:00","2014-04-23 00:00:00","2014-04-27 00:00:00","4.0000","49.0000","49.0000","2014-04-26 22:00:00"
"67431","991","7","60","2014-04-16 00:00:00","2014-04-27 00:00:00","2014-04-23 00:00:00","2014-04-27 00:00:00","4.0000","49.0000","49.0000","2014-04-26 22:00:00"
"67432","997","7","60","2014-04-16 00:00:00","2014-04-27 00:00:00","2014-04-23 00:00:00","2014-04-27 00:00:00","4.0000","49.0000","49.0000","2014-04-26 22:00:00"
"67433","998","7","60","2014-04-16 00:00:00","2014-04-27 00:00:00","2014-04-23 00:00:00","2014-04-27 00:00:00","4.0000","49.0000","49.0000","2014-04-26 22:00:00"
"67434","999","7","60","2014-04-16 00:00:00","2014-04-27 00:00:00","2014-04-23 00:00:00","2014-04-27 00:00:00","4.0000","49.0000","49.0000","2014-04-26 22:00:00"
"67435","514","6","50","2014-04-16 00:00:00","2014-04-27 00:00:00","2014-04-23 00:00:00","2014-04-27 00:00:00","3.0000","36.7500","36.7500","2014-04-26 22:00:00"
"67435","514","7","60","2014-04-16 00:00:00","2014-04-27 00:00:00","2014-04-23 00:00:00","2014-04-27 00:00:00","4.0000","49.0000","49.0000","2014-04-26 22:00:00"
"67436","516","6","50","2014-04-16 00:00:00","2014-04-27 00:00:00","2014-04-23 00:00:00","2014-04-27 00:00:00","3.0000","36.7500","36.7500","2014-04-26 22:00:00"
"67436","516","7","60","2014-04-16 00:00:00","2014-04-27 00:00:00","2014-04-23 00:00:00","2014-04-27 00:00:00","4.0000","49.0000","49.0000","2014-04-26 22:00:00"
"67437","517","6","50","2014-04-16 00:00:00","2014-04-27 00:00:00","2014-04-23 00:00:00","2014-04-27 00:00:00","3.0000","36.7500","36.7500","2014-04-26 22:00:00"
"67437","517","7","60","2014-04-16 00:00:00","2014-04-27 00:00:00","2014-04-23 00:00:00","2014-04-27 00:00:00","4.0000","49.0000","49.0000","2014-04-26 22:00:00"
"67438","518","6","50","2014-04-16 00:00:00","2014-04-27 00:00:00","2014-04-23 00:00:00","2014-04-27 00:00:00","3.0000","36.7500","36.7500","2014-04-26 22:00:00"
"67438","518","7","60","2014-04-16 00:00:00","2014-04-27 00:00:00","2014-04-23 00:00:00","2014-04-27 00:00:00","4.0000","49.0000","49.0000","2014-04-26 22:00:00"
"67439","519","6","50","2014-04-16 00:00:00","2014-04-27 00:00:00","2014-04-23 00:00:00","2014-04-27 00:00:00","3.0000","36.7500","36.7500","2014-04-26 22:00:00"
"67439","519","7","60","2014-04-16 00:00:00","2014-04-27 00:00:00","2014-04-23 00:00:00","2014-04-27 00:00:00","4.0000","49.0000","49.0000","2014-04-26 22:00:00"
"67440","520","6","50","2014-04-16 00:00:00","2014-04-27 00:00:00","2014-04-23 00:00:00","2014-04-27 00:00:00","3.0000","36.7500","36.7500","2014-04-26 22:00:00"
"67440","520","7","60","2014-04-16 00:00:00","2014-04-27 00:00:00","2014-04-23 00:00:00","2014-04-27 00:00:00","4.0000","49.0000","49.0000","2014-04-26 22:00:00"
"67441","521","6","50","2014-04-16 00:00:00","2014-04-27 00:00:00","2014-04-23 00:00:00","2014-04-27 00:00:00","3.0000","36.7500","36.7500","2014-04-26 22:00:00"
"67441","521","7","60","2014-04-16 00:00:00","2014-04-27 00:00:00","2014-04-23 00:00:00","2014-04-27 00:00:00","4.0000","49.0000","49.0000","2014-04-26 22:00:00"
"67442","522","6","50","2014-04-16 00:00:00","2014-04-27 00:00:00","2014-04-23 00:00:00","2014-04-27 00:00:00","3.0000","36.7500","36.7500","2014-04-26 22:00:00"
"67442","522","7","60","2014-04-16 00:00:00","2014-04-27 00:00:00","2014-04-23 00:00:00","2014-04-27 00:00:00","4.0000","49.0000","49.0000","2014-04-26 22:00:00"
"67450","748","1","10","2014-04-16 00:00:00","2014-04-27 00:00:00","2014-04-23 00:00:00","2014-04-27 00:00:00","4.1000","92.2500","92.2500","2014-04-26 22:00:00"
"67450","748","2","20","2014-04-16 00:00:00","2014-04-27 00:00:00","2014-04-23 00:00:00","2014-04-27 00:00:00","3.5000","87.5000","87.5000","2014-04-26 22:00:00"
"67450","748","3","30","2014-04-16 00:00:00","2014-04-27 00:00:00","2014-04-23 00:00:00","2014-04-27 00:00:00","1.0000","14.5000","14.5000","2014-04-26 22:00:00"
"67450","748","5","45","2014-04-16 00:00:00","2014-04-27 00:00:00","2014-04-23 00:00:00","2014-04-27 00:00:00","2.0000","36.0000","36.0000","2014-04-26 22:00:00"
"67450","748","6","50","2014-04-16 00:00:00","2014-04-27 00:00:00","2014-04-23 00:00:00","2014-04-27 00:00:00","3.0000","36.7500","36.7500","2014-04-26 22:00:00"
"67450","748","7","60","2014-04-16 00:00:00","2014-04-27 00:00:00","2014-04-23 00:00:00","2014-04-27 00:00:00","4.0000","49.0000","49.0000","2014-04-26 22:00:00"
"67451","805","6","50","2014-04-16 00:00:00","2014-04-27 00:00:00","2014-04-23 00:00:00","2014-04-27 00:00:00","3.0000","36.7500","36.7500","2014-04-26 22:00:00"
"67452","806","6","50","2014-04-16 00:00:00","2014-04-27 00:00:00","2014-04-23 00:00:00","2014-04-27 00:00:00","3.0000","36.7500","36.7500","2014-04-26 22:00:00"
"67453","807","6","50","2014-04-16 00:00:00","2014-04-27 00:00:00","2014-04-23 00:00:00","2014-04-27 00:00:00","3.0000","36.7500","36.7500","2014-04-26 22:00:00"
"67454","808","1","10","2014-04-16 00:00:00","2014-04-27 00:00:00","2014-04-23 00:00:00","2014-04-27 00:00:00","4.1000","92.2500","92.2500","2014-04-26 22:00:00"
"67454","808","2","20","2014-04-16 00:00:00","2014-04-27 00:00:00","2014-04-23 00:00:00","2014-04-27 00:00:00","3.5000","87.5000","87.5000","2014-04-26 22:00:00"
"67454","808","6","50","2014-04-16 00:00:00","2014-04-27 00:00:00","2014-04-23 00:00:00","2014-04-27 00:00:00","3.0000","36.7500","36.7500","2014-04-26 22:00:00"
"67455","810","1","10","2014-04-16 00:00:00","2014-04-27 00:00:00","2014-04-23 00:00:00","2014-04-27 00:00:00","4.1000","92.2500","92.2500","2014-04-26 22:00:00"
"67455","810","2","20","2014-04-16 00:00:00","2014-04-27 00:00:00","2014-04-23 00:00:00","2014-04-27 00:00:00","3.5000","87.5000","87.5000","2014-04-26 22:00:00"
"67455","810","6","50","2014-04-16 00:00:00","2014-04-27 00:00:00","2014-04-23 00:00:00","2014-04-27 00:00:00","3.0000","36.7500","36.7500","2014-04-26 22:00:00"
"67456","811","1","10","2014-04-16 00:00:00","2014-04-27 00:00:00","2014-04-23 00:00:00","2014-04-27 00:00:00","4.1000","92.2500","92.2500","2014-04-26 22:00:00"
"67456","811","2","20","2014-04-16 00:00:00","2014-04-27 00:00:00","2014-04-23 00:00:00","2014-04-27 00:00:00","3.5000","87.5000","87.5000","2014-04-26 22:00:00"
"67456","811","6","50","2014-04-16 00:00:00","2014-04-27 00:00:00","2014-04-23 00:00:00","2014-04-27 00:00:00","3.0000","36.7500","36.7500","2014-04-26 22:00:00"
"67457","812","1","10","2014-04-16 00:00:00","2014-04-27 00:00:00","2014-04-23 00:00:00","2014-04-27 00:00:00","4.1000","92.2500","92.2500","2014-04-26 22:00:00"
"67457","812","2","20","2014-04-16 00:00:00","2014-04-27 00:00:00","2014-04-23 00:00:00","2014-04-27 00:00:00","3.5000","87.5000","87.5000","2014-04-26 22:00:00"
"67457","812","6","50","2014-04-16 00:00:00","2014-04-27 00:00:00","2014-04-23 00:00:00","2014-04-27 00:00:00","3.0000","36.7500","36.7500","2014-04-26 22:00:00"
"67458","813","1","10","2014-04-16 00:00:00","2014-04-27 00:00:00","2014-04-23 00:00:00","2014-04-27 00:00:00","4.1000","92.2500","92.2500","2014-04-26 22:00:00"
"67458","813","2","20","2014-04-16 00:00:00","2014-04-27 00:00:00","2014-04-23 00:00:00","2014-04-27 00:00:00","3.5000","87.5000","87.5000","2014-04-26 22:00:00"
"67458","813","6","50","2014-04-16 00:00:00","2014-04-27 00:00:00","2014-04-23 00:00:00","2014-04-27 00:00:00","3.0000","36.7500","36.7500","2014-04-26 22:00:00"
"67459","815","6","50","2014-04-16 00:00:00","2014-04-27 00:00:00","2014-04-23 00:00:00","2014-04-27 00:00:00","3.0000","36.7500","36.7500","2014-04-26 22:00:00"
"67460","816","6","50","2014-04-16 00:00:00","2014-04-27 00:00:00","2014-04-23 00:00:00","2014-04-27 00:00:00","3.0000","36.7500","36.7500","2014-04-26 22:00:00"
"67461","818","6","50","2014-04-16 00:00:00","2014-04-27 00:00:00","2014-04-23 00:00:00","2014-04-27 00:00:00","3.0000","36.7500","36.7500","2014-04-26 22:00:00"
"67462","819","6","50","2014-04-16 00:00:00","2014-04-27 00:00:00","2014-04-23 00:00:00","2014-04-27 00:00:00","3.0000","36.7500","36.7500","2014-04-26 22:00:00"
"67463","820","6","50","2014-04-16 00:00:00","2014-04-27 00:00:00","2014-04-23 00:00:00","2014-04-27 00:00:00","3.0000","36.7500","36.7500","2014-04-26 22:00:00"
"67464","821","6","50","2014-04-16 00:00:00","2014-04-27 00:00:00","2014-04-23 00:00:00","2014-04-27 00:00:00","3.0000","36.7500","36.7500","2014-04-26 22:00:00"
"67465","822","1","10","2014-04-16 00:00:00","2014-04-27 00:00:00","2014-04-23 00:00:00","2014-04-27 00:00:00","4.1000","92.2500","92.2500","2014-04-26 22:00:00"
"67465","822","2","20","2014-04-16 00:00:00","2014-04-27 00:00:00","2014-04-23 00:00:00","2014-04-27 00:00:00","3.5000","87.5000","87.5000","2014-04-26 22:00:00"
"67465","822","3","30","2014-04-16 00:00:00","2014-04-27 00:00:00","2014-04-23 00:00:00","2014-04-27 00:00:00","1.0000","14.5000","14.5000","2014-04-26 22:00:00"
"67465","822","4","40","2014-04-16 00:00:00","2014-04-27 00:00:00","2014-04-23 00:00:00","2014-04-27 00:00:00","2.0000","31.5000","31.5000","2014-04-26 22:00:00"
"67465","822","6","50","2014-04-16 00:00:00","2014-04-27 00:00:00","2014-04-23 00:00:00","2014-04-27 00:00:00","3.0000","36.7500","36.7500","2014-04-26 22:00:00"
"67465","822","7","60","2014-04-16 00:00:00","2014-04-27 00:00:00","2014-04-23 00:00:00","2014-04-27 00:00:00","4.0000","49.0000","49.0000","2014-04-26 22:00:00"
"67466","823","6","50","2014-04-16 00:00:00","2014-04-27 00:00:00","2014-04-23 00:00:00","2014-04-27 00:00:00","3.0000","36.7500","36.7500","2014-04-26 22:00:00"
"67467","824","6","50","2014-04-16 00:00:00","2014-04-27 00:00:00","2014-04-23 00:00:00","2014-04-27 00:00:00","3.0000","36.7500","36.7500","2014-04-26 22:00:00"
"67468","826","6","50","2014-04-16 00:00:00","2014-04-27 00:00:00","2014-04-23 00:00:00","2014-04-27 00:00:00","3.0000","36.7500","36.7500","2014-04-26 22:00:00"
"67469","827","6","50","2014-04-16 00:00:00","2014-04-27 00:00:00","2014-04-23 00:00:00","2014-04-27 00:00:00","3.0000","36.7500","36.7500","2014-04-26 22:00:00"
"67470","828","6","50","2014-04-16 00:00:00","2014-04-27 00:00:00","2014-04-23 00:00:00","2014-04-27 00:00:00","3.0000","36.7500","36.7500","2014-04-26 22:00:00"
"67471","829","6","50","2014-04-16 00:00:00","2014-04-27 00:00:00","2014-04-23 00:00:00","2014-04-27 00:00:00","3.0000","36.7500","36.7500","2014-04-26 22:00:00"
"67483","894","6","50","2014-04-16 00:00:00","2014-04-27 00:00:00","2014-04-23 00:00:00","2014-04-27 00:00:00","3.0000","36.7500","36.7500","2014-04-26 22:00:00"
"67487","944","1","10","2014-04-16 00:00:00","2014-04-27 00:00:00","2014-04-23 00:00:00","2014-04-27 00:00:00","4.1000","92.2500","92.2500","2014-04-26 22:00:00"
"67487","944","2","20","2014-04-16 00:00:00","2014-04-27 00:00:00","2014-04-23 00:00:00","2014-04-27 00:00:00","3.5000","87.5000","87.5000","2014-04-26 22:00:00"
"67487","944","3","30","2014-04-16 00:00:00","2014-04-27 00:00:00","2014-04-23 00:00:00","2014-04-27 00:00:00","1.0000","14.5000","14.5000","2014-04-26 22:00:00"
"67487","944","5","45","2014-04-16 00:00:00","2014-04-27 00:00:00","2014-04-23 00:00:00","2014-04-27 00:00:00","2.0000","36.0000","36.0000","2014-04-26 22:00:00"
"67487","944","6","50","2014-04-16 00:00:00","2014-04-27 00:00:00","2014-04-23 00:00:00","2014-04-27 00:00:00","3.0000","36.7500","36.7500","2014-04-26 22:00:00"
"67487","944","7","60","2014-04-16 00:00:00","2014-04-27 00:00:00","2014-04-23 00:00:00","2014-04-27 00:00:00","4.0000","49.0000","49.0000","2014-04-26 22:00:00"
"67488","945","1","10","2014-04-16 00:00:00","2014-04-27 00:00:00","2014-04-23 00:00:00","2014-04-27 00:00:00","4.1000","92.2500","92.2500","2014-04-26 22:00:00"
"67488","945","6","50","2014-04-16 00:00:00","2014-04-27 00:00:00","2014-04-23 00:00:00","2014-04-27 00:00:00","3.0000","36.7500","36.7500","2014-04-26 22:00:00"
"67489","946","1","10","2014-04-16 00:00:00","2014-04-27 00:00:00","2014-04-23 00:00:00","2014-04-27 00:00:00","4.1000","92.2500","92.2500","2014-04-26 22:00:00"
"67489","946","2","20","2014-04-16 00:00:00","2014-04-27 00:00:00","2014-04-23 00:00:00","2014-04-27 00:00:00","3.5000","87.5000","87.5000","2014-04-26 22:00:00"
"67489","946","6","50","2014-04-16 00:00:00","2014-04-27 00:00:00","2014-04-23 00:00:00","2014-04-27 00:00:00","3.0000","36.7500","36.7500","2014-04-26 22:00:00"
"67490","947","1","10","2014-04-16 00:00:00","2014-04-27 00:00:00","2014-04-23 00:00:00","2014-04-27 00:00:00","4.1000","92.2500","92.2500","2014-04-26 22:00:00"
"67490","947","2","20","2014-04-16 00:00:00","2014-04-27 00:00:00","2014-04-23 00:00:00","2014-04-27 00:00:00","3.5000","87.5000","87.5000","2014-04-26 22:00:00"
"67490","947","6","50","2014-04-16 00:00:00","2014-04-27 00:00:00","2014-04-23 00:00:00","2014-04-27 00:00:00","3.0000","36.7500","36.7500","2014-04-26 22:00:00"
"67491","949","6","50","2014-04-16 00:00:00","2014-04-27 00:00:00","2014-04-23 00:00:00","2014-04-27 00:00:00","3.0000","36.7500","36.7500","2014-04-26 22:00:00"
"67492","950","6","50","2014-04-16 00:00:00","2014-04-27 00:00:00","2014-04-23 00:00:00","2014-04-27 00:00:00","3.0000","36.7500","36.7500","2014-04-26 22:00:00"
"67493","951","6","50","2014-04-16 00:00:00","2014-04-27 00:00:00","2014-04-23 00:00:00","2014-04-27 00:00:00","3.0000","36.7500","36.7500","2014-04-26 22:00:00"
"67494","994","6","50","2014-04-16 00:00:00","2014-04-27 00:00:00","2014-04-23 00:00:00","2014-04-27 00:00:00","3.0000","36.7500","36.7500","2014-04-26 22:00:00"
"67495","995","6","50","2014-04-16 00:00:00","2014-04-27 00:00:00","2014-04-23 00:00:00","2014-04-27 00:00:00","3.0000","36.7500","36.7500","2014-04-26 22:00:00"
"67496","996","6","50","2014-04-16 00:00:00","2014-04-27 00:00:00","2014-04-23 00:00:00","2014-04-27 00:00:00","3.0000","36.7500","36.7500","2014-04-26 22:00:00"
"67511","802","1","10","2014-04-16 00:00:00","2014-04-27 00:00:00","2014-04-23 00:00:00","2014-04-27 00:00:00","4.1000","92.2500","92.2500","2014-04-26 22:00:00"
"67511","802","6","50","2014-04-16 00:00:00","2014-04-27 00:00:00","2014-04-23 00:00:00","2014-04-27 00:00:00","3.0000","36.7500","36.7500","2014-04-26 22:00:00"
"67512","803","1","10","2014-04-16 00:00:00","2014-04-27 00:00:00","2014-04-23 00:00:00","2014-04-27 00:00:00","4.1000","92.2500","92.2500","2014-04-26 22:00:00"
"67512","803","6","50","2014-04-16 00:00:00","2014-04-27 00:00:00","2014-04-23 00:00:00","2014-04-27 00:00:00","3.0000","36.7500","36.7500","2014-04-26 22:00:00"
"67513","804","1","10","2014-04-16 00:00:00","2014-04-27 00:00:00","2014-04-23 00:00:00","2014-04-27 00:00:00","4.1000","92.2500","92.2500","2014-04-26 22:00:00"
"67513","804","6","50","2014-04-16 00:00:00","2014-04-27 00:00:00","2014-04-23 00:00:00","2014-04-27 00:00:00","3.0000","36.7500","36.7500","2014-04-26 22:00:00"
"67518","779","7","60","2014-04-17 00:00:00","2014-04-28 00:00:00","2014-04-17 00:00:00","2014-05-17 00:00:00","4.0000","49.0000","49.0000","2014-05-16 22:00:00"
"67519","780","7","60","2014-04-17 00:00:00","2014-04-28 00:00:00","2014-04-17 00:00:00","2014-05-17 00:00:00","4.0000","49.0000","49.0000","2014-05-16 22:00:00"
"67520","781","7","60","2014-04-17 00:00:00","2014-04-28 00:00:00","2014-04-17 00:00:00","2014-05-17 00:00:00","4.0000","49.0000","49.0000","2014-05-16 22:00:00"
"67521","782","7","60","2014-04-17 00:00:00","2014-04-28 00:00:00","2014-04-17 00:00:00","2014-05-17 00:00:00","4.0000","49.0000","49.0000","2014-05-16 22:00:00"
"67522","783","7","60","2014-04-17 00:00:00","2014-04-28 00:00:00","2014-04-17 00:00:00","2014-05-17 00:00:00","4.0000","49.0000","49.0000","2014-05-16 22:00:00"
"67523","784","7","60","2014-04-17 00:00:00","2014-04-28 00:00:00","2014-04-17 00:00:00","2014-05-17 00:00:00","4.0000","49.0000","49.0000","2014-05-16 22:00:00"
"67524","797","7","60","2014-04-17 00:00:00","2014-04-28 00:00:00","2014-04-17 00:00:00","2014-05-17 00:00:00","4.0000","49.0000","49.0000","2014-05-16 22:00:00"
"67525","798","7","60","2014-04-17 00:00:00","2014-04-28 00:00:00","2014-04-17 00:00:00","2014-05-17 00:00:00","4.0000","49.0000","49.0000","2014-05-16 22:00:00"
"67526","799","7","60","2014-04-17 00:00:00","2014-04-28 00:00:00","2014-04-17 00:00:00","2014-05-17 00:00:00","4.0000","49.0000","49.0000","2014-05-16 22:00:00"
"67527","800","7","60","2014-04-17 00:00:00","2014-04-28 00:00:00","2014-04-17 00:00:00","2014-05-17 00:00:00","4.0000","49.0000","49.0000","2014-05-16 22:00:00"
"67528","801","7","60","2014-04-17 00:00:00","2014-04-28 00:00:00","2014-04-17 00:00:00","2014-05-17 00:00:00","4.0000","49.0000","49.0000","2014-05-16 22:00:00"
"67529","953","7","60","2014-04-17 00:00:00","2014-04-28 00:00:00","2014-04-17 00:00:00","2014-05-17 00:00:00","4.0000","49.0000","49.0000","2014-05-16 22:00:00"
"67530","954","7","60","2014-04-17 00:00:00","2014-04-28 00:00:00","2014-04-17 00:00:00","2014-05-17 00:00:00","4.0000","49.0000","49.0000","2014-05-16 22:00:00"
"67531","956","7","60","2014-04-17 00:00:00","2014-04-28 00:00:00","2014-04-17 00:00:00","2014-05-17 00:00:00","4.0000","49.0000","49.0000","2014-05-16 22:00:00"
"67532","959","7","60","2014-04-17 00:00:00","2014-04-28 00:00:00","2014-04-17 00:00:00","2014-05-17 00:00:00","4.0000","49.0000","49.0000","2014-05-16 22:00:00"
"67533","962","7","60","2014-04-17 00:00:00","2014-04-28 00:00:00","2014-04-17 00:00:00","2014-05-17 00:00:00","4.0000","49.0000","49.0000","2014-05-16 22:00:00"
"67534","963","7","60","2014-04-17 00:00:00","2014-04-28 00:00:00","2014-04-17 00:00:00","2014-05-17 00:00:00","4.0000","49.0000","49.0000","2014-05-16 22:00:00"
"67535","968","7","60","2014-04-17 00:00:00","2014-04-28 00:00:00","2014-04-17 00:00:00","2014-05-17 00:00:00","4.0000","49.0000","49.0000","2014-05-16 22:00:00"
"67536","969","7","60","2014-04-17 00:00:00","2014-04-28 00:00:00","2014-04-17 00:00:00","2014-05-17 00:00:00","4.0000","49.0000","49.0000","2014-05-16 22:00:00"
"67537","973","7","60","2014-04-17 00:00:00","2014-04-28 00:00:00","2014-04-17 00:00:00","2014-05-17 00:00:00","4.0000","49.0000","49.0000","2014-05-16 22:00:00"
"67538","981","7","60","2014-04-17 00:00:00","2014-04-28 00:00:00","2014-04-17 00:00:00","2014-05-17 00:00:00","4.0000","49.0000","49.0000","2014-05-16 22:00:00"
"67539","982","7","60","2014-04-17 00:00:00","2014-04-28 00:00:00","2014-04-17 00:00:00","2014-05-17 00:00:00","4.0000","49.0000","49.0000","2014-05-16 22:00:00"
"67540","983","7","60","2014-04-17 00:00:00","2014-04-28 00:00:00","2014-04-17 00:00:00","2014-05-17 00:00:00","4.0000","49.0000","49.0000","2014-05-16 22:00:00"
"67541","988","7","60","2014-04-17 00:00:00","2014-04-28 00:00:00","2014-04-17 00:00:00","2014-05-17 00:00:00","4.0000","49.0000","49.0000","2014-05-16 22:00:00"
"67542","992","7","60","2014-04-17 00:00:00","2014-04-28 00:00:00","2014-04-17 00:00:00","2014-05-17 00:00:00","4.0000","49.0000","49.0000","2014-05-16 22:00:00"
"67543","998","7","60","2014-04-17 00:00:00","2014-04-28 00:00:00","2014-04-17 00:00:00","2014-05-17 00:00:00","4.0000","49.0000","49.0000","2014-05-16 22:00:00"
"67544","999","7","60","2014-04-17 00:00:00","2014-04-28 00:00:00","2014-04-17 00:00:00","2014-05-17 00:00:00","4.0000","49.0000","49.0000","2014-05-16 22:00:00"
"67545","514","6","50","2014-04-17 00:00:00","2014-04-28 00:00:00","2014-04-17 00:00:00","2014-05-17 00:00:00","3.0000","36.7500","36.7500","2014-05-16 22:00:00"
"67545","514","7","60","2014-04-17 00:00:00","2014-04-28 00:00:00","2014-04-17 00:00:00","2014-05-17 00:00:00","4.0000","49.0000","49.0000","2014-05-16 22:00:00"
"67546","516","6","50","2014-04-17 00:00:00","2014-04-28 00:00:00","2014-04-17 00:00:00","2014-05-17 00:00:00","3.0000","36.7500","36.7500","2014-05-16 22:00:00"
"67546","516","7","60","2014-04-17 00:00:00","2014-04-28 00:00:00","2014-04-17 00:00:00","2014-05-17 00:00:00","4.0000","49.0000","49.0000","2014-05-16 22:00:00"
"67547","517","6","50","2014-04-17 00:00:00","2014-04-28 00:00:00","2014-04-17 00:00:00","2014-05-17 00:00:00","3.0000","36.7500","36.7500","2014-05-16 22:00:00"
"67547","517","7","60","2014-04-17 00:00:00","2014-04-28 00:00:00","2014-04-17 00:00:00","2014-05-17 00:00:00","4.0000","49.0000","49.0000","2014-05-16 22:00:00"
"67548","518","6","50","2014-04-17 00:00:00","2014-04-28 00:00:00","2014-04-17 00:00:00","2014-05-17 00:00:00","3.0000","36.7500","36.7500","2014-05-16 22:00:00"
"67548","518","7","60","2014-04-17 00:00:00","2014-04-28 00:00:00","2014-04-17 00:00:00","2014-05-17 00:00:00","4.0000","49.0000","49.0000","2014-05-16 22:00:00"
"67549","520","6","50","2014-04-17 00:00:00","2014-04-28 00:00:00","2014-04-17 00:00:00","2014-05-17 00:00:00","3.0000","36.7500","36.7500","2014-05-16 22:00:00"
"67549","520","7","60","2014-04-17 00:00:00","2014-04-28 00:00:00","2014-04-17 00:00:00","2014-05-17 00:00:00","4.0000","49.0000","49.0000","2014-05-16 22:00:00"
"67550","521","6","50","2014-04-17 00:00:00","2014-04-28 00:00:00","2014-04-17 00:00:00","2014-05-17 00:00:00","3.0000","36.7500","36.7500","2014-05-16 22:00:00"
"67550","521","7","60","2014-04-17 00:00:00","2014-04-28 00:00:00","2014-04-17 00:00:00","2014-05-17 00:00:00","4.0000","49.0000","49.0000","2014-05-16 22:00:00"
"67551","522","6","50","2014-04-17 00:00:00","2014-04-28 00:00:00","2014-04-17 00:00:00","2014-05-17 00:00:00","3.0000","36.7500","36.7500","2014-05-16 22:00:00"
"67551","522","7","60","2014-04-17 00:00:00","2014-04-28 00:00:00","2014-04-17 00:00:00","2014-05-17 00:00:00","4.0000","49.0000","49.0000","2014-05-16 22:00:00"
"67558","747","1","10","2014-04-17 00:00:00","2014-04-28 00:00:00","2014-04-17 00:00:00","2014-05-17 00:00:00","4.1000","92.2500","92.2500","2014-05-16 22:00:00"
"67558","747","2","20","2014-04-17 00:00:00","2014-04-28 00:00:00","2014-04-17 00:00:00","2014-05-17 00:00:00","3.5000","87.5000","87.5000","2014-05-16 22:00:00"
"67558","747","3","30","2014-04-17 00:00:00","2014-04-28 00:00:00","2014-04-17 00:00:00","2014-05-17 00:00:00","1.0000","14.5000","14.5000","2014-05-16 22:00:00"
"67558","747","4","40","2014-04-17 00:00:00","2014-04-28 00:00:00","2014-04-17 00:00:00","2014-05-17 00:00:00","2.0000","31.5000","31.5000","2014-05-16 22:00:00"
"67558","747","6","50","2014-04-17 00:00:00","2014-04-28 00:00:00","2014-04-17 00:00:00","2014-05-17 00:00:00","3.0000","36.7500","36.7500","2014-05-16 22:00:00"
"67558","747","7","60","2014-04-17 00:00:00","2014-04-28 00:00:00","2014-04-17 00:00:00","2014-05-17 00:00:00","4.0000","49.0000","49.0000","2014-05-16 22:00:00"
"67559","748","1","10","2014-04-17 00:00:00","2014-04-28 00:00:00","2014-04-17 00:00:00","2014-05-17 00:00:00","4.1000","92.2500","92.2500","2014-05-16 22:00:00"
"67559","748","2","20","2014-04-17 00:00:00","2014-04-28 00:00:00","2014-04-17 00:00:00","2014-05-17 00:00:00","3.5000","87.5000","87.5000","2014-05-16 22:00:00"
"67559","748","3","30","2014-04-17 00:00:00","2014-04-28 00:00:00","2014-04-17 00:00:00","2014-05-17 00:00:00","1.0000","14.5000","14.5000","2014-05-16 22:00:00"
"67559","748","5","45","2014-04-17 00:00:00","2014-04-28 00:00:00","2014-04-17 00:00:00","2014-05-17 00:00:00","2.0000","36.0000","36.0000","2014-05-16 22:00:00"
"67559","748","6","50","2014-04-17 00:00:00","2014-04-28 00:00:00","2014-04-17 00:00:00","2014-05-17 00:00:00","3.0000","36.7500","36.7500","2014-05-16 22:00:00"
"67559","748","7","60","2014-04-17 00:00:00","2014-04-28 00:00:00","2014-04-17 00:00:00","2014-05-17 00:00:00","4.0000","49.0000","49.0000","2014-05-16 22:00:00"
"67560","805","6","50","2014-04-17 00:00:00","2014-04-28 00:00:00","2014-04-17 00:00:00","2014-05-17 00:00:00","3.0000","36.7500","36.7500","2014-05-16 22:00:00"
"67561","806","6","50","2014-04-17 00:00:00","2014-04-28 00:00:00","2014-04-17 00:00:00","2014-05-17 00:00:00","3.0000","36.7500","36.7500","2014-05-16 22:00:00"
"67562","807","6","50","2014-04-17 00:00:00","2014-04-28 00:00:00","2014-04-17 00:00:00","2014-05-17 00:00:00","3.0000","36.7500","36.7500","2014-05-16 22:00:00"
"67563","808","1","10","2014-04-17 00:00:00","2014-04-28 00:00:00","2014-04-17 00:00:00","2014-05-17 00:00:00","4.1000","92.2500","92.2500","2014-05-16 22:00:00"
"67563","808","2","20","2014-04-17 00:00:00","2014-04-28 00:00:00","2014-04-17 00:00:00","2014-05-17 00:00:00","3.5000","87.5000","87.5000","2014-05-16 22:00:00"
"67563","808","6","50","2014-04-17 00:00:00","2014-04-28 00:00:00","2014-04-17 00:00:00","2014-05-17 00:00:00","3.0000","36.7500","36.7500","2014-05-16 22:00:00"
"67564","810","1","10","2014-04-17 00:00:00","2014-04-28 00:00:00","2014-04-17 00:00:00","2014-05-17 00:00:00","4.1000","92.2500","92.2500","2014-05-16 22:00:00"
"67564","810","2","20","2014-04-17 00:00:00","2014-04-28 00:00:00","2014-04-17 00:00:00","2014-05-17 00:00:00","3.5000","87.5000","87.5000","2014-05-16 22:00:00"
"67564","810","6","50","2014-04-17 00:00:00","2014-04-28 00:00:00","2014-04-17 00:00:00","2014-05-17 00:00:00","3.0000","36.7500","36.7500","2014-05-16 22:00:00"
"67565","811","1","10","2014-04-17 00:00:00","2014-04-28 00:00:00","2014-04-17 00:00:00","2014-05-17 00:00:00","4.1000","92.2500","92.2500","2014-05-16 22:00:00"
"67565","811","2","20","2014-04-17 00:00:00","2014-04-28 00:00:00","2014-04-17 00:00:00","2014-05-17 00:00:00","3.5000","87.5000","87.5000","2014-05-16 22:00:00"
"67565","811","6","50","2014-04-17 00:00:00","2014-04-28 00:00:00","2014-04-17 00:00:00","2014-05-17 00:00:00","3.0000","36.7500","36.7500","2014-05-16 22:00:00"
"67566","812","1","10","2014-04-17 00:00:00","2014-04-28 00:00:00","2014-04-17 00:00:00","2014-05-17 00:00:00","4.1000","92.2500","92.2500","2014-05-16 22:00:00"
"67566","812","2","20","2014-04-17 00:00:00","2014-04-28 00:00:00","2014-04-17 00:00:00","2014-05-17 00:00:00","3.5000","87.5000","87.5000","2014-05-16 22:00:00"
"67566","812","6","50","2014-04-17 00:00:00","2014-04-28 00:00:00","2014-04-17 00:00:00","2014-05-17 00:00:00","3.0000","36.7500","36.7500","2014-05-16 22:00:00"
"67567","815","6","50","2014-04-17 00:00:00","2014-04-28 00:00:00","2014-04-17 00:00:00","2014-05-17 00:00:00","3.0000","36.7500","36.7500","2014-05-16 22:00:00"
"67568","816","6","50","2014-04-17 00:00:00","2014-04-28 00:00:00","2014-04-17 00:00:00","2014-05-17 00:00:00","3.0000","36.7500","36.7500","2014-05-16 22:00:00"
"67569","818","6","50","2014-04-17 00:00:00","2014-04-28 00:00:00","2014-04-17 00:00:00","2014-05-17 00:00:00","3.0000","36.7500","36.7500","2014-05-16 22:00:00"
"67570","819","6","50","2014-04-17 00:00:00","2014-04-28 00:00:00","2014-04-17 00:00:00","2014-05-17 00:00:00","3.0000","36.7500","36.7500","2014-05-16 22:00:00"
"67571","821","6","50","2014-04-17 00:00:00","2014-04-28 00:00:00","2014-04-17 00:00:00","2014-05-17 00:00:00","3.0000","36.7500","36.7500","2014-05-16 22:00:00"
"67572","822","1","10","2014-04-17 00:00:00","2014-04-28 00:00:00","2014-04-17 00:00:00","2014-05-17 00:00:00","4.1000","92.2500","92.2500","2014-05-16 22:00:00"
"67572","822","2","20","2014-04-17 00:00:00","2014-04-28 00:00:00","2014-04-17 00:00:00","2014-05-17 00:00:00","3.5000","87.5000","87.5000","2014-05-16 22:00:00"
"67572","822","3","30","2014-04-17 00:00:00","2014-04-28 00:00:00","2014-04-17 00:00:00","2014-05-17 00:00:00","1.0000","14.5000","14.5000","2014-05-16 22:00:00"
"67572","822","4","40","2014-04-17 00:00:00","2014-04-28 00:00:00","2014-04-17 00:00:00","2014-05-17 00:00:00","2.0000","31.5000","31.5000","2014-05-16 22:00:00"
"67572","822","6","50","2014-04-17 00:00:00","2014-04-28 00:00:00","2014-04-17 00:00:00","2014-05-17 00:00:00","3.0000","36.7500","36.7500","2014-05-16 22:00:00"
"67572","822","7","60","2014-04-17 00:00:00","2014-04-28 00:00:00","2014-04-17 00:00:00","2014-05-17 00:00:00","4.0000","49.0000","49.0000","2014-05-16 22:00:00"
"67573","823","6","50","2014-04-17 00:00:00","2014-04-28 00:00:00","2014-04-17 00:00:00","2014-05-17 00:00:00","3.0000","36.7500","36.7500","2014-05-16 22:00:00"
"67574","824","6","50","2014-04-17 00:00:00","2014-04-28 00:00:00","2014-04-17 00:00:00","2014-05-17 00:00:00","3.0000","36.7500","36.7500","2014-05-16 22:00:00"
"67575","826","6","50","2014-04-17 00:00:00","2014-04-28 00:00:00","2014-04-17 00:00:00","2014-05-17 00:00:00","3.0000","36.7500","36.7500","2014-05-16 22:00:00"
"67576","827","6","50","2014-04-17 00:00:00","2014-04-28 00:00:00","2014-04-17 00:00:00","2014-05-17 00:00:00","3.0000","36.7500","36.7500","2014-05-16 22:00:00"
"67577","829","6","50","2014-04-17 00:00:00","2014-04-28 00:00:00","2014-04-17 00:00:00","2014-05-17 00:00:00","3.0000","36.7500","36.7500","2014-05-16 22:00:00"
"67586","894","6","50","2014-04-17 00:00:00","2014-04-28 00:00:00","2014-04-17 00:00:00","2014-05-17 00:00:00","3.0000","36.7500","36.7500","2014-05-16 22:00:00"
"67595","945","1","10","2014-04-17 00:00:00","2014-04-28 00:00:00","2014-04-17 00:00:00","2014-05-17 00:00:00","4.1000","92.2500","92.2500","2014-05-16 22:00:00"
"67595","945","6","50","2014-04-17 00:00:00","2014-04-28 00:00:00","2014-04-17 00:00:00","2014-05-17 00:00:00","3.0000","36.7500","36.7500","2014-05-16 22:00:00"
"67596","946","1","10","2014-04-17 00:00:00","2014-04-28 00:00:00","2014-04-17 00:00:00","2014-05-17 00:00:00","4.1000","92.2500","92.2500","2014-05-16 22:00:00"
"67596","946","2","20","2014-04-17 00:00:00","2014-04-28 00:00:00","2014-04-17 00:00:00","2014-05-17 00:00:00","3.5000","87.5000","87.5000","2014-05-16 22:00:00"
"67596","946","6","50","2014-04-17 00:00:00","2014-04-28 00:00:00","2014-04-17 00:00:00","2014-05-17 00:00:00","3.0000","36.7500","36.7500","2014-05-16 22:00:00"
"67597","947","1","10","2014-04-17 00:00:00","2014-04-28 00:00:00","2014-04-17 00:00:00","2014-05-17 00:00:00","4.1000","92.2500","92.2500","2014-05-16 22:00:00"
"67597","947","2","20","2014-04-17 00:00:00","2014-04-28 00:00:00","2014-04-17 00:00:00","2014-05-17 00:00:00","3.5000","87.5000","87.5000","2014-05-16 22:00:00"
"67597","947","6","50","2014-04-17 00:00:00","2014-04-28 00:00:00","2014-04-17 00:00:00","2014-05-17 00:00:00","3.0000","36.7500","36.7500","2014-05-16 22:00:00"
"67598","949","6","50","2014-04-17 00:00:00","2014-04-28 00:00:00","2014-04-17 00:00:00","2014-05-17 00:00:00","3.0000","36.7500","36.7500","2014-05-16 22:00:00"
"67599","950","6","50","2014-04-17 00:00:00","2014-04-28 00:00:00","2014-04-17 00:00:00","2014-05-17 00:00:00","3.0000","36.7500","36.7500","2014-05-16 22:00:00"
"67600","951","6","50","2014-04-17 00:00:00","2014-04-28 00:00:00","2014-04-17 00:00:00","2014-05-17 00:00:00","3.0000","36.7500","36.7500","2014-05-16 22:00:00"
"67601","994","6","50","2014-04-17 00:00:00","2014-04-28 00:00:00","2014-04-17 00:00:00","2014-05-17 00:00:00","3.0000","36.7500","36.7500","2014-05-16 22:00:00"
"67602","995","6","50","2014-04-17 00:00:00","2014-04-28 00:00:00","2014-04-17 00:00:00","2014-05-17 00:00:00","3.0000","36.7500","36.7500","2014-05-16 22:00:00"
"67603","996","6","50","2014-04-17 00:00:00","2014-04-28 00:00:00","2014-04-17 00:00:00","2014-05-17 00:00:00","3.0000","36.7500","36.7500","2014-05-16 22:00:00"
"67618","802","1","10","2014-04-17 00:00:00","2014-04-28 00:00:00","2014-04-17 00:00:00","2014-05-17 00:00:00","4.1000","92.2500","92.2500","2014-05-16 22:00:00"
"67618","802","6","50","2014-04-17 00:00:00","2014-04-28 00:00:00","2014-04-17 00:00:00","2014-05-17 00:00:00","3.0000","36.7500","36.7500","2014-05-16 22:00:00"
"67619","803","1","10","2014-04-17 00:00:00","2014-04-28 00:00:00","2014-04-17 00:00:00","2014-05-17 00:00:00","4.1000","92.2500","92.2500","2014-05-16 22:00:00"
"67619","803","6","50","2014-04-17 00:00:00","2014-04-28 00:00:00","2014-04-17 00:00:00","2014-05-17 00:00:00","3.0000","36.7500","36.7500","2014-05-16 22:00:00"
"67620","804","1","10","2014-04-17 00:00:00","2014-04-28 00:00:00","2014-04-17 00:00:00","2014-05-17 00:00:00","4.1000","92.2500","92.2500","2014-05-16 22:00:00"
"67620","804","6","50","2014-04-17 00:00:00","2014-04-28 00:00:00","2014-04-17 00:00:00","2014-05-17 00:00:00","3.0000","36.7500","36.7500","2014-05-16 22:00:00"
"67625","779","7","60","2014-04-18 00:00:00","2014-04-29 00:00:00","2014-04-27 00:00:00","2014-04-29 00:00:00","4.0000","49.0000","49.0000","2014-04-28 22:00:00"
"67626","780","7","60","2014-04-18 00:00:00","2014-04-29 00:00:00","2014-04-27 00:00:00","2014-04-29 00:00:00","4.0000","49.0000","49.0000","2014-04-28 22:00:00"
"67627","781","7","60","2014-04-18 00:00:00","2014-04-29 00:00:00","2014-04-27 00:00:00","2014-04-29 00:00:00","4.0000","49.0000","49.0000","2014-04-28 22:00:00"
"67628","782","7","60","2014-04-18 00:00:00","2014-04-29 00:00:00","2014-04-27 00:00:00","2014-04-29 00:00:00","4.0000","49.0000","49.0000","2014-04-28 22:00:00"
"67629","783","7","60","2014-04-18 00:00:00","2014-04-29 00:00:00","2014-04-27 00:00:00","2014-04-29 00:00:00","4.0000","49.0000","49.0000","2014-04-28 22:00:00"
"67630","784","7","60","2014-04-18 00:00:00","2014-04-29 00:00:00","2014-04-27 00:00:00","2014-04-29 00:00:00","4.0000","49.0000","49.0000","2014-04-28 22:00:00"
"67631","797","7","60","2014-04-18 00:00:00","2014-04-29 00:00:00","2014-04-27 00:00:00","2014-04-29 00:00:00","4.0000","49.0000","49.0000","2014-04-28 22:00:00"
"67632","798","7","60","2014-04-18 00:00:00","2014-04-29 00:00:00","2014-04-27 00:00:00","2014-04-29 00:00:00","4.0000","49.0000","49.0000","2014-04-28 22:00:00"
"67633","800","7","60","2014-04-18 00:00:00","2014-04-29 00:00:00","2014-04-27 00:00:00","2014-04-29 00:00:00","4.0000","49.0000","49.0000","2014-04-28 22:00:00"
"67634","801","7","60","2014-04-18 00:00:00","2014-04-29 00:00:00","2014-04-27 00:00:00","2014-04-29 00:00:00","4.0000","49.0000","49.0000","2014-04-28 22:00:00"
"67635","956","7","60","2014-04-18 00:00:00","2014-04-29 00:00:00","2014-04-27 00:00:00","2014-04-29 00:00:00","4.0000","49.0000","49.0000","2014-04-28 22:00:00"
"67636","957","7","60","2014-04-18 00:00:00","2014-04-29 00:00:00","2014-04-27 00:00:00","2014-04-29 00:00:00","4.0000","49.0000","49.0000","2014-04-28 22:00:00"
"67637","959","7","60","2014-04-18 00:00:00","2014-04-29 00:00:00","2014-04-27 00:00:00","2014-04-29 00:00:00","4.0000","49.0000","49.0000","2014-04-28 22:00:00"
"67638","961","7","60","2014-04-18 00:00:00","2014-04-29 00:00:00","2014-04-27 00:00:00","2014-04-29 00:00:00","4.0000","49.0000","49.0000","2014-04-28 22:00:00"
"67639","962","7","60","2014-04-18 00:00:00","2014-04-29 00:00:00","2014-04-27 00:00:00","2014-04-29 00:00:00","4.0000","49.0000","49.0000","2014-04-28 22:00:00"
"67640","963","7","60","2014-04-18 00:00:00","2014-04-29 00:00:00","2014-04-27 00:00:00","2014-04-29 00:00:00","4.0000","49.0000","49.0000","2014-04-28 22:00:00"
"67641","966","7","60","2014-04-18 00:00:00","2014-04-29 00:00:00","2014-04-27 00:00:00","2014-04-29 00:00:00","4.0000","49.0000","49.0000","2014-04-28 22:00:00"
"67642","974","7","60","2014-04-18 00:00:00","2014-04-29 00:00:00","2014-04-27 00:00:00","2014-04-29 00:00:00","4.0000","49.0000","49.0000","2014-04-28 22:00:00"
"67643","975","7","60","2014-04-18 00:00:00","2014-04-29 00:00:00","2014-04-27 00:00:00","2014-04-29 00:00:00","4.0000","49.0000","49.0000","2014-04-28 22:00:00"
"67644","976","7","60","2014-04-18 00:00:00","2014-04-29 00:00:00","2014-04-27 00:00:00","2014-04-29 00:00:00","4.0000","49.0000","49.0000","2014-04-28 22:00:00"
"67645","977","7","60","2014-04-18 00:00:00","2014-04-29 00:00:00","2014-04-27 00:00:00","2014-04-29 00:00:00","4.0000","49.0000","49.0000","2014-04-28 22:00:00"
"67646","980","7","60","2014-04-18 00:00:00","2014-04-29 00:00:00","2014-04-27 00:00:00","2014-04-29 00:00:00","4.0000","49.0000","49.0000","2014-04-28 22:00:00"
"67647","982","7","60","2014-04-18 00:00:00","2014-04-29 00:00:00","2014-04-27 00:00:00","2014-04-29 00:00:00","4.0000","49.0000","49.0000","2014-04-28 22:00:00"
"67648","992","7","60","2014-04-18 00:00:00","2014-04-29 00:00:00","2014-04-27 00:00:00","2014-04-29 00:00:00","4.0000","49.0000","49.0000","2014-04-28 22:00:00"
"67649","997","7","60","2014-04-18 00:00:00","2014-04-29 00:00:00","2014-04-27 00:00:00","2014-04-29 00:00:00","4.0000","49.0000","49.0000","2014-04-28 22:00:00"
"67650","998","7","60","2014-04-18 00:00:00","2014-04-29 00:00:00","2014-04-27 00:00:00","2014-04-29 00:00:00","4.0000","49.0000","49.0000","2014-04-28 22:00:00"
"67651","999","7","60","2014-04-18 00:00:00","2014-04-29 00:00:00","2014-04-27 00:00:00","2014-04-29 00:00:00","4.0000","49.0000","49.0000","2014-04-28 22:00:00"
"67652","514","6","50","2014-04-18 00:00:00","2014-04-29 00:00:00","2014-04-27 00:00:00","2014-04-29 00:00:00","3.0000","36.7500","36.7500","2014-04-28 22:00:00"
"67652","514","7","60","2014-04-18 00:00:00","2014-04-29 00:00:00","2014-04-27 00:00:00","2014-04-29 00:00:00","4.0000","49.0000","49.0000","2014-04-28 22:00:00"
"67653","516","6","50","2014-04-18 00:00:00","2014-04-29 00:00:00","2014-04-27 00:00:00","2014-04-29 00:00:00","3.0000","36.7500","36.7500","2014-04-28 22:00:00"
"67653","516","7","60","2014-04-18 00:00:00","2014-04-29 00:00:00","2014-04-27 00:00:00","2014-04-29 00:00:00","4.0000","49.0000","49.0000","2014-04-28 22:00:00"
"67654","517","6","50","2014-04-18 00:00:00","2014-04-29 00:00:00","2014-04-27 00:00:00","2014-04-29 00:00:00","3.0000","36.7500","36.7500","2014-04-28 22:00:00"
"67654","517","7","60","2014-04-18 00:00:00","2014-04-29 00:00:00","2014-04-27 00:00:00","2014-04-29 00:00:00","4.0000","49.0000","49.0000","2014-04-28 22:00:00"
"67655","518","6","50","2014-04-18 00:00:00","2014-04-29 00:00:00","2014-04-27 00:00:00","2014-04-29 00:00:00","3.0000","36.7500","36.7500","2014-04-28 22:00:00"
"67655","518","7","60","2014-04-18 00:00:00","2014-04-29 00:00:00","2014-04-27 00:00:00","2014-04-29 00:00:00","4.0000","49.0000","49.0000","2014-04-28 22:00:00"
"67656","520","6","50","2014-04-18 00:00:00","2014-04-29 00:00:00","2014-04-27 00:00:00","2014-04-29 00:00:00","3.0000","36.7500","36.7500","2014-04-28 22:00:00"
"67656","520","7","60","2014-04-18 00:00:00","2014-04-29 00:00:00","2014-04-27 00:00:00","2014-04-29 00:00:00","4.0000","49.0000","49.0000","2014-04-28 22:00:00"
"67657","522","6","50","2014-04-18 00:00:00","2014-04-29 00:00:00","2014-04-27 00:00:00","2014-04-29 00:00:00","3.0000","36.7500","36.7500","2014-04-28 22:00:00"
"67657","522","7","60","2014-04-18 00:00:00","2014-04-29 00:00:00","2014-04-27 00:00:00","2014-04-29 00:00:00","4.0000","49.0000","49.0000","2014-04-28 22:00:00"
"67666","747","1","10","2014-04-18 00:00:00","2014-04-29 00:00:00","2014-04-27 00:00:00","2014-04-29 00:00:00","4.1000","92.2500","92.2500","2014-04-28 22:00:00"
"67666","747","2","20","2014-04-18 00:00:00","2014-04-29 00:00:00","2014-04-27 00:00:00","2014-04-29 00:00:00","3.5000","87.5000","87.5000","2014-04-28 22:00:00"
"67666","747","3","30","2014-04-18 00:00:00","2014-04-29 00:00:00","2014-04-27 00:00:00","2014-04-29 00:00:00","1.0000","14.5000","14.5000","2014-04-28 22:00:00"
"67666","747","4","40","2014-04-18 00:00:00","2014-04-29 00:00:00","2014-04-27 00:00:00","2014-04-29 00:00:00","2.0000","31.5000","31.5000","2014-04-28 22:00:00"
"67666","747","6","50","2014-04-18 00:00:00","2014-04-29 00:00:00","2014-04-27 00:00:00","2014-04-29 00:00:00","3.0000","36.7500","36.7500","2014-04-28 22:00:00"
"67666","747","7","60","2014-04-18 00:00:00","2014-04-29 00:00:00","2014-04-27 00:00:00","2014-04-29 00:00:00","4.0000","49.0000","49.0000","2014-04-28 22:00:00"
"67667","748","1","10","2014-04-18 00:00:00","2014-04-29 00:00:00","2014-04-27 00:00:00","2014-04-29 00:00:00","4.1000","92.2500","92.2500","2014-04-28 22:00:00"
"67667","748","2","20","2014-04-18 00:00:00","2014-04-29 00:00:00","2014-04-27 00:00:00","2014-04-29 00:00:00","3.5000","87.5000","87.5000","2014-04-28 22:00:00"
"67667","748","3","30","2014-04-18 00:00:00","2014-04-29 00:00:00","2014-04-27 00:00:00","2014-04-29 00:00:00","1.0000","14.5000","14.5000","2014-04-28 22:00:00"
"67667","748","5","45","2014-04-18 00:00:00","2014-04-29 00:00:00","2014-04-27 00:00:00","2014-04-29 00:00:00","2.0000","36.0000","36.0000","2014-04-28 22:00:00"
"67667","748","6","50","2014-04-18 00:00:00","2014-04-29 00:00:00","2014-04-27 00:00:00","2014-04-29 00:00:00","3.0000","36.7500","36.7500","2014-04-28 22:00:00"
"67667","748","7","60","2014-04-18 00:00:00","2014-04-29 00:00:00","2014-04-27 00:00:00","2014-04-29 00:00:00","4.0000","49.0000","49.0000","2014-04-28 22:00:00"
"67668","805","6","50","2014-04-18 00:00:00","2014-04-29 00:00:00","2014-04-27 00:00:00","2014-04-29 00:00:00","3.0000","36.7500","36.7500","2014-04-28 22:00:00"
"67669","806","6","50","2014-04-18 00:00:00","2014-04-29 00:00:00","2014-04-27 00:00:00","2014-04-29 00:00:00","3.0000","36.7500","36.7500","2014-04-28 22:00:00"
"67670","807","6","50","2014-04-18 00:00:00","2014-04-29 00:00:00","2014-04-27 00:00:00","2014-04-29 00:00:00","3.0000","36.7500","36.7500","2014-04-28 22:00:00"
"67671","808","1","10","2014-04-18 00:00:00","2014-04-29 00:00:00","2014-04-27 00:00:00","2014-04-29 00:00:00","4.1000","92.2500","92.2500","2014-04-28 22:00:00"
"67671","808","2","20","2014-04-18 00:00:00","2014-04-29 00:00:00","2014-04-27 00:00:00","2014-04-29 00:00:00","3.5000","87.5000","87.5000","2014-04-28 22:00:00"
"67671","808","6","50","2014-04-18 00:00:00","2014-04-29 00:00:00","2014-04-27 00:00:00","2014-04-29 00:00:00","3.0000","36.7500","36.7500","2014-04-28 22:00:00"
"67672","810","1","10","2014-04-18 00:00:00","2014-04-29 00:00:00","2014-04-27 00:00:00","2014-04-29 00:00:00","4.1000","92.2500","92.2500","2014-04-28 22:00:00"
"67672","810","2","20","2014-04-18 00:00:00","2014-04-29 00:00:00","2014-04-27 00:00:00","2014-04-29 00:00:00","3.5000","87.5000","87.5000","2014-04-28 22:00:00"
"67672","810","6","50","2014-04-18 00:00:00","2014-04-29 00:00:00","2014-04-27 00:00:00","2014-04-29 00:00:00","3.0000","36.7500","36.7500","2014-04-28 22:00:00"
"67673","811","1","10","2014-04-18 00:00:00","2014-04-29 00:00:00","2014-04-27 00:00:00","2014-04-29 00:00:00","4.1000","92.2500","92.2500","2014-04-28 22:00:00"
"67673","811","2","20","2014-04-18 00:00:00","2014-04-29 00:00:00","2014-04-27 00:00:00","2014-04-29 00:00:00","3.5000","87.5000","87.5000","2014-04-28 22:00:00"
"67673","811","6","50","2014-04-18 00:00:00","2014-04-29 00:00:00","2014-04-27 00:00:00","2014-04-29 00:00:00","3.0000","36.7500","36.7500","2014-04-28 22:00:00"
"67674","812","1","10","2014-04-18 00:00:00","2014-04-29 00:00:00","2014-04-27 00:00:00","2014-04-29 00:00:00","4.1000","92.2500","92.2500","2014-04-28 22:00:00"
"67674","812","2","20","2014-04-18 00:00:00","2014-04-29 00:00:00","2014-04-27 00:00:00","2014-04-29 00:00:00","3.5000","87.5000","87.5000","2014-04-28 22:00:00"
"67674","812","6","50","2014-04-18 00:00:00","2014-04-29 00:00:00","2014-04-27 00:00:00","2014-04-29 00:00:00","3.0000","36.7500","36.7500","2014-04-28 22:00:00"
"67675","815","6","50","2014-04-18 00:00:00","2014-04-29 00:00:00","2014-04-27 00:00:00","2014-04-29 00:00:00","3.0000","36.7500","36.7500","2014-04-28 22:00:00"
"67676","816","6","50","2014-04-18 00:00:00","2014-04-29 00:00:00","2014-04-27 00:00:00","2014-04-29 00:00:00","3.0000","36.7500","36.7500","2014-04-28 22:00:00"
"67677","818","6","50","2014-04-18 00:00:00","2014-04-29 00:00:00","2014-04-27 00:00:00","2014-04-29 00:00:00","3.0000","36.7500","36.7500","2014-04-28 22:00:00"
"67678","819","6","50","2014-04-18 00:00:00","2014-04-29 00:00:00","2014-04-27 00:00:00","2014-04-29 00:00:00","3.0000","36.7500","36.7500","2014-04-28 22:00:00"
"67679","821","6","50","2014-04-18 00:00:00","2014-04-29 00:00:00","2014-04-27 00:00:00","2014-04-29 00:00:00","3.0000","36.7500","36.7500","2014-04-28 22:00:00"
"67680","822","1","10","2014-04-18 00:00:00","2014-04-29 00:00:00","2014-04-27 00:00:00","2014-04-29 00:00:00","4.1000","92.2500","92.2500","2014-04-28 22:00:00"
"67680","822","2","20","2014-04-18 00:00:00","2014-04-29 00:00:00","2014-04-27 00:00:00","2014-04-29 00:00:00","3.5000","87.5000","87.5000","2014-04-28 22:00:00"
"67680","822","3","30","2014-04-18 00:00:00","2014-04-29 00:00:00","2014-04-27 00:00:00","2014-04-29 00:00:00","1.0000","14.5000","14.5000","2014-04-28 22:00:00"
"67680","822","4","40","2014-04-18 00:00:00","2014-04-29 00:00:00","2014-04-27 00:00:00","2014-04-29 00:00:00","2.0000","31.5000","31.5000","2014-04-28 22:00:00"
"67680","822","6","50","2014-04-18 00:00:00","2014-04-29 00:00:00","2014-04-27 00:00:00","2014-04-29 00:00:00","3.0000","36.7500","36.7500","2014-04-28 22:00:00"
"67680","822","7","60","2014-04-18 00:00:00","2014-04-29 00:00:00","2014-04-27 00:00:00","2014-04-29 00:00:00","4.0000","49.0000","49.0000","2014-04-28 22:00:00"
"67681","823","6","50","2014-04-18 00:00:00","2014-04-29 00:00:00","2014-04-27 00:00:00","2014-04-29 00:00:00","3.0000","36.7500","36.7500","2014-04-28 22:00:00"
"67682","824","6","50","2014-04-18 00:00:00","2014-04-29 00:00:00","2014-04-27 00:00:00","2014-04-29 00:00:00","3.0000","36.7500","36.7500","2014-04-28 22:00:00"
"67683","826","6","50","2014-04-18 00:00:00","2014-04-29 00:00:00","2014-04-27 00:00:00","2014-04-29 00:00:00","3.0000","36.7500","36.7500","2014-04-28 22:00:00"
"67684","827","6","50","2014-04-18 00:00:00","2014-04-29 00:00:00","2014-04-27 00:00:00","2014-04-29 00:00:00","3.0000","36.7500","36.7500","2014-04-28 22:00:00"
"67685","829","6","50","2014-04-18 00:00:00","2014-04-29 00:00:00","2014-04-27 00:00:00","2014-04-29 00:00:00","3.0000","36.7500","36.7500","2014-04-28 22:00:00"
"67693","894","6","50","2014-04-18 00:00:00","2014-04-29 00:00:00","2014-04-27 00:00:00","2014-04-29 00:00:00","3.0000","36.7500","36.7500","2014-04-28 22:00:00"
"67700","942","1","10","2014-04-18 00:00:00","2014-04-29 00:00:00","2014-04-27 00:00:00","2014-04-29 00:00:00","4.1000","92.2500","92.2500","2014-04-28 22:00:00"
"67700","942","2","20","2014-04-18 00:00:00","2014-04-29 00:00:00","2014-04-27 00:00:00","2014-04-29 00:00:00","3.5000","87.5000","87.5000","2014-04-28 22:00:00"
"67700","942","3","30","2014-04-18 00:00:00","2014-04-29 00:00:00","2014-04-27 00:00:00","2014-04-29 00:00:00","1.0000","14.5000","14.5000","2014-04-28 22:00:00"
"67700","942","5","45","2014-04-18 00:00:00","2014-04-29 00:00:00","2014-04-27 00:00:00","2014-04-29 00:00:00","2.0000","36.0000","36.0000","2014-04-28 22:00:00"
"67700","942","6","50","2014-04-18 00:00:00","2014-04-29 00:00:00","2014-04-27 00:00:00","2014-04-29 00:00:00","3.0000","36.7500","36.7500","2014-04-28 22:00:00"
"67700","942","7","60","2014-04-18 00:00:00","2014-04-29 00:00:00","2014-04-27 00:00:00","2014-04-29 00:00:00","4.0000","49.0000","49.0000","2014-04-28 22:00:00"
"67701","945","1","10","2014-04-18 00:00:00","2014-04-29 00:00:00","2014-04-27 00:00:00","2014-04-29 00:00:00","4.1000","92.2500","92.2500","2014-04-28 22:00:00"
"67701","945","6","50","2014-04-18 00:00:00","2014-04-29 00:00:00","2014-04-27 00:00:00","2014-04-29 00:00:00","3.0000","36.7500","36.7500","2014-04-28 22:00:00"
"67702","946","1","10","2014-04-18 00:00:00","2014-04-29 00:00:00","2014-04-27 00:00:00","2014-04-29 00:00:00","4.1000","92.2500","92.2500","2014-04-28 22:00:00"
"67702","946","2","20","2014-04-18 00:00:00","2014-04-29 00:00:00","2014-04-27 00:00:00","2014-04-29 00:00:00","3.5000","87.5000","87.5000","2014-04-28 22:00:00"
"67702","946","6","50","2014-04-18 00:00:00","2014-04-29 00:00:00","2014-04-27 00:00:00","2014-04-29 00:00:00","3.0000","36.7500","36.7500","2014-04-28 22:00:00"
"67703","947","1","10","2014-04-18 00:00:00","2014-04-29 00:00:00","2014-04-27 00:00:00","2014-04-29 00:00:00","4.1000","92.2500","92.2500","2014-04-28 22:00:00"
"67703","947","2","20","2014-04-18 00:00:00","2014-04-29 00:00:00","2014-04-27 00:00:00","2014-04-29 00:00:00","3.5000","87.5000","87.5000","2014-04-28 22:00:00"
"67703","947","6","50","2014-04-18 00:00:00","2014-04-29 00:00:00","2014-04-27 00:00:00","2014-04-29 00:00:00","3.0000","36.7500","36.7500","2014-04-28 22:00:00"
"67704","949","6","50","2014-04-18 00:00:00","2014-04-29 00:00:00","2014-04-27 00:00:00","2014-04-29 00:00:00","3.0000","36.7500","36.7500","2014-04-28 22:00:00"
"67705","950","6","50","2014-04-18 00:00:00","2014-04-29 00:00:00","2014-04-27 00:00:00","2014-04-29 00:00:00","3.0000","36.7500","36.7500","2014-04-28 22:00:00"
"67706","951","6","50","2014-04-18 00:00:00","2014-04-29 00:00:00","2014-04-27 00:00:00","2014-04-29 00:00:00","3.0000","36.7500","36.7500","2014-04-28 22:00:00"
"67707","994","6","50","2014-04-18 00:00:00","2014-04-29 00:00:00","2014-04-27 00:00:00","2014-04-29 00:00:00","3.0000","36.7500","36.7500","2014-04-28 22:00:00"
"67708","995","6","50","2014-04-18 00:00:00","2014-04-29 00:00:00","2014-04-27 00:00:00","2014-04-29 00:00:00","3.0000","36.7500","36.7500","2014-04-28 22:00:00"
"67709","996","6","50","2014-04-18 00:00:00","2014-04-29 00:00:00","2014-04-27 00:00:00","2014-04-29 00:00:00","3.0000","36.7500","36.7500","2014-04-28 22:00:00"
"67724","802","1","10","2014-04-18 00:00:00","2014-04-29 00:00:00","2014-04-27 00:00:00","2014-04-29 00:00:00","4.1000","92.2500","92.2500","2014-04-28 22:00:00"
"67724","802","6","50","2014-04-18 00:00:00","2014-04-29 00:00:00","2014-04-27 00:00:00","2014-04-29 00:00:00","3.0000","36.7500","36.7500","2014-04-28 22:00:00"
"67725","803","1","10","2014-04-18 00:00:00","2014-04-29 00:00:00","2014-04-27 00:00:00","2014-04-29 00:00:00","4.1000","92.2500","92.2500","2014-04-28 22:00:00"
"67725","803","6","50","2014-04-18 00:00:00","2014-04-29 00:00:00","2014-04-27 00:00:00","2014-04-29 00:00:00","3.0000","36.7500","36.7500","2014-04-28 22:00:00"
"67726","804","1","10","2014-04-18 00:00:00","2014-04-29 00:00:00","2014-04-27 00:00:00","2014-04-29 00:00:00","4.1000","92.2500","92.2500","2014-04-28 22:00:00"
"67726","804","6","50","2014-04-18 00:00:00","2014-04-29 00:00:00","2014-04-27 00:00:00","2014-04-29 00:00:00","3.0000","36.7500","36.7500","2014-04-28 22:00:00"
"67731","779","7","60","2014-04-19 00:00:00","2014-04-30 00:00:00","2014-04-19 00:00:00","2014-05-21 00:00:00","4.0000","49.0000","49.0000","2014-05-20 22:00:00"
"67732","780","7","60","2014-04-19 00:00:00","2014-04-30 00:00:00","2014-04-19 00:00:00","2014-05-21 00:00:00","4.0000","49.0000","49.0000","2014-05-20 22:00:00"
"67733","781","7","60","2014-04-19 00:00:00","2014-04-30 00:00:00","2014-04-19 00:00:00","2014-05-21 00:00:00","4.0000","49.0000","49.0000","2014-05-20 22:00:00"
"67734","782","7","60","2014-04-19 00:00:00","2014-04-30 00:00:00","2014-04-19 00:00:00","2014-05-21 00:00:00","4.0000","49.0000","49.0000","2014-05-20 22:00:00"
"67735","783","7","60","2014-04-19 00:00:00","2014-04-30 00:00:00","2014-04-19 00:00:00","2014-05-21 00:00:00","4.0000","49.0000","49.0000","2014-05-20 22:00:00"
"67736","784","7","60","2014-04-19 00:00:00","2014-04-30 00:00:00","2014-04-19 00:00:00","2014-05-21 00:00:00","4.0000","49.0000","49.0000","2014-05-20 22:00:00"
"67737","793","7","60","2014-04-19 00:00:00","2014-04-30 00:00:00","2014-04-19 00:00:00","2014-05-21 00:00:00","4.0000","49.0000","49.0000","2014-05-20 22:00:00"
"67738","797","7","60","2014-04-19 00:00:00","2014-04-30 00:00:00","2014-04-19 00:00:00","2014-05-21 00:00:00","4.0000","49.0000","49.0000","2014-05-20 22:00:00"
"67739","798","7","60","2014-04-19 00:00:00","2014-04-30 00:00:00","2014-04-19 00:00:00","2014-05-21 00:00:00","4.0000","49.0000","49.0000","2014-05-20 22:00:00"
"67740","799","7","60","2014-04-19 00:00:00","2014-04-30 00:00:00","2014-04-19 00:00:00","2014-05-21 00:00:00","4.0000","49.0000","49.0000","2014-05-20 22:00:00"
"67741","800","7","60","2014-04-19 00:00:00","2014-04-30 00:00:00","2014-04-19 00:00:00","2014-05-21 00:00:00","4.0000","49.0000","49.0000","2014-05-20 22:00:00"
"67742","801","7","60","2014-04-19 00:00:00","2014-04-30 00:00:00","2014-04-19 00:00:00","2014-05-21 00:00:00","4.0000","49.0000","49.0000","2014-05-20 22:00:00"
"67743","957","7","60","2014-04-19 00:00:00","2014-04-30 00:00:00","2014-04-19 00:00:00","2014-05-21 00:00:00","4.0000","49.0000","49.0000","2014-05-20 22:00:00"
"67744","961","7","60","2014-04-19 00:00:00","2014-04-30 00:00:00","2014-04-19 00:00:00","2014-05-21 00:00:00","4.0000","49.0000","49.0000","2014-05-20 22:00:00"
"67745","966","7","60","2014-04-19 00:00:00","2014-04-30 00:00:00","2014-04-19 00:00:00","2014-05-21 00:00:00","4.0000","49.0000","49.0000","2014-05-20 22:00:00"
"67746","967","7","60","2014-04-19 00:00:00","2014-04-30 00:00:00","2014-04-19 00:00:00","2014-05-21 00:00:00","4.0000","49.0000","49.0000","2014-05-20 22:00:00"
"67747","969","7","60","2014-04-19 00:00:00","2014-04-30 00:00:00","2014-04-19 00:00:00","2014-05-21 00:00:00","4.0000","49.0000","49.0000","2014-05-20 22:00:00"
"67748","975","7","60","2014-04-19 00:00:00","2014-04-30 00:00:00","2014-04-19 00:00:00","2014-05-21 00:00:00","4.0000","49.0000","49.0000","2014-05-20 22:00:00"
"67749","976","7","60","2014-04-19 00:00:00","2014-04-30 00:00:00","2014-04-19 00:00:00","2014-05-21 00:00:00","4.0000","49.0000","49.0000","2014-05-20 22:00:00"
"67750","977","7","60","2014-04-19 00:00:00","2014-04-30 00:00:00","2014-04-19 00:00:00","2014-05-21 00:00:00","4.0000","49.0000","49.0000","2014-05-20 22:00:00"
"67751","978","7","60","2014-04-19 00:00:00","2014-04-30 00:00:00","2014-04-19 00:00:00","2014-05-21 00:00:00","4.0000","49.0000","49.0000","2014-05-20 22:00:00"
"67752","982","7","60","2014-04-19 00:00:00","2014-04-30 00:00:00","2014-04-19 00:00:00","2014-05-21 00:00:00","4.0000","49.0000","49.0000","2014-05-20 22:00:00"
"67753","991","7","60","2014-04-19 00:00:00","2014-04-30 00:00:00","2014-04-19 00:00:00","2014-05-21 00:00:00","4.0000","49.0000","49.0000","2014-05-20 22:00:00"
"67754","992","7","60","2014-04-19 00:00:00","2014-04-30 00:00:00","2014-04-19 00:00:00","2014-05-21 00:00:00","4.0000","49.0000","49.0000","2014-05-20 22:00:00"
"67755","997","7","60","2014-04-19 00:00:00","2014-04-30 00:00:00","2014-04-19 00:00:00","2014-05-21 00:00:00","4.0000","49.0000","49.0000","2014-05-20 22:00:00"
"67756","999","7","60","2014-04-19 00:00:00","2014-04-30 00:00:00","2014-04-19 00:00:00","2014-05-21 00:00:00","4.0000","49.0000","49.0000","2014-05-20 22:00:00"
"67757","514","6","50","2014-04-19 00:00:00","2014-04-30 00:00:00","2014-04-19 00:00:00","2014-05-21 00:00:00","3.0000","36.7500","36.7500","2014-05-20 22:00:00"
"67757","514","7","60","2014-04-19 00:00:00","2014-04-30 00:00:00","2014-04-19 00:00:00","2014-05-21 00:00:00","4.0000","49.0000","49.0000","2014-05-20 22:00:00"
"67758","516","6","50","2014-04-19 00:00:00","2014-04-30 00:00:00","2014-04-19 00:00:00","2014-05-21 00:00:00","3.0000","36.7500","36.7500","2014-05-20 22:00:00"
"67758","516","7","60","2014-04-19 00:00:00","2014-04-30 00:00:00","2014-04-19 00:00:00","2014-05-21 00:00:00","4.0000","49.0000","49.0000","2014-05-20 22:00:00"
"67759","517","6","50","2014-04-19 00:00:00","2014-04-30 00:00:00","2014-04-19 00:00:00","2014-05-21 00:00:00","3.0000","36.7500","36.7500","2014-05-20 22:00:00"
"67759","517","7","60","2014-04-19 00:00:00","2014-04-30 00:00:00","2014-04-19 00:00:00","2014-05-21 00:00:00","4.0000","49.0000","49.0000","2014-05-20 22:00:00"
"67760","518","6","50","2014-04-19 00:00:00","2014-04-30 00:00:00","2014-04-19 00:00:00","2014-05-21 00:00:00","3.0000","36.7500","36.7500","2014-05-20 22:00:00"
"67760","518","7","60","2014-04-19 00:00:00","2014-04-30 00:00:00","2014-04-19 00:00:00","2014-05-21 00:00:00","4.0000","49.0000","49.0000","2014-05-20 22:00:00"
"67761","519","6","50","2014-04-19 00:00:00","2014-04-30 00:00:00","2014-04-19 00:00:00","2014-05-21 00:00:00","3.0000","36.7500","36.7500","2014-05-20 22:00:00"
"67761","519","7","60","2014-04-19 00:00:00","2014-04-30 00:00:00","2014-04-19 00:00:00","2014-05-21 00:00:00","4.0000","49.0000","49.0000","2014-05-20 22:00:00"
"67762","520","6","50","2014-04-19 00:00:00","2014-04-30 00:00:00","2014-04-19 00:00:00","2014-05-21 00:00:00","3.0000","36.7500","36.7500","2014-05-20 22:00:00"
"67762","520","7","60","2014-04-19 00:00:00","2014-04-30 00:00:00","2014-04-19 00:00:00","2014-05-21 00:00:00","4.0000","49.0000","49.0000","2014-05-20 22:00:00"
"67763","522","6","50","2014-04-19 00:00:00","2014-04-30 00:00:00","2014-04-19 00:00:00","2014-05-21 00:00:00","3.0000","36.7500","36.7500","2014-05-20 22:00:00"
"67763","522","7","60","2014-04-19 00:00:00","2014-04-30 00:00:00","2014-04-19 00:00:00","2014-05-21 00:00:00","4.0000","49.0000","49.0000","2014-05-20 22:00:00"
"67771","747","1","10","2014-04-19 00:00:00","2014-04-30 00:00:00","2014-04-19 00:00:00","2014-05-21 00:00:00","4.1000","92.2500","92.2500","2014-05-20 22:00:00"
"67771","747","2","20","2014-04-19 00:00:00","2014-04-30 00:00:00","2014-04-19 00:00:00","2014-05-21 00:00:00","3.5000","87.5000","87.5000","2014-05-20 22:00:00"
"67771","747","3","30","2014-04-19 00:00:00","2014-04-30 00:00:00","2014-04-19 00:00:00","2014-05-21 00:00:00","1.0000","14.5000","14.5000","2014-05-20 22:00:00"
"67771","747","4","40","2014-04-19 00:00:00","2014-04-30 00:00:00","2014-04-19 00:00:00","2014-05-21 00:00:00","2.0000","31.5000","31.5000","2014-05-20 22:00:00"
"67771","747","6","50","2014-04-19 00:00:00","2014-04-30 00:00:00","2014-04-19 00:00:00","2014-05-21 00:00:00","3.0000","36.7500","36.7500","2014-05-20 22:00:00"
"67771","747","7","60","2014-04-19 00:00:00","2014-04-30 00:00:00","2014-04-19 00:00:00","2014-05-21 00:00:00","4.0000","49.0000","49.0000","2014-05-20 22:00:00"
"67772","748","1","10","2014-04-19 00:00:00","2014-04-30 00:00:00","2014-04-19 00:00:00","2014-05-21 00:00:00","4.1000","92.2500","92.2500","2014-05-20 22:00:00"
"67772","748","2","20","2014-04-19 00:00:00","2014-04-30 00:00:00","2014-04-19 00:00:00","2014-05-21 00:00:00","3.5000","87.5000","87.5000","2014-05-20 22:00:00"
"67772","748","3","30","2014-04-19 00:00:00","2014-04-30 00:00:00","2014-04-19 00:00:00","2014-05-21 00:00:00","1.0000","14.5000","14.5000","2014-05-20 22:00:00"
"67772","748","5","45","2014-04-19 00:00:00","2014-04-30 00:00:00","2014-04-19 00:00:00","2014-05-21 00:00:00","2.0000","36.0000","36.0000","2014-05-20 22:00:00"
"67772","748","6","50","2014-04-19 00:00:00","2014-04-30 00:00:00","2014-04-19 00:00:00","2014-05-21 00:00:00","3.0000","36.7500","36.7500","2014-05-20 22:00:00"
"67772","748","7","60","2014-04-19 00:00:00","2014-04-30 00:00:00","2014-04-19 00:00:00","2014-05-21 00:00:00","4.0000","49.0000","49.0000","2014-05-20 22:00:00"
"67773","805","6","50","2014-04-19 00:00:00","2014-04-30 00:00:00","2014-04-19 00:00:00","2014-05-21 00:00:00","3.0000","36.7500","36.7500","2014-05-20 22:00:00"
"67774","806","6","50","2014-04-19 00:00:00","2014-04-30 00:00:00","2014-04-19 00:00:00","2014-05-21 00:00:00","3.0000","36.7500","36.7500","2014-05-20 22:00:00"
"67775","807","6","50","2014-04-19 00:00:00","2014-04-30 00:00:00","2014-04-19 00:00:00","2014-05-21 00:00:00","3.0000","36.7500","36.7500","2014-05-20 22:00:00"
"67776","808","1","10","2014-04-19 00:00:00","2014-04-30 00:00:00","2014-04-19 00:00:00","2014-05-21 00:00:00","4.1000","92.2500","92.2500","2014-05-20 22:00:00"
"67776","808","2","20","2014-04-19 00:00:00","2014-04-30 00:00:00","2014-04-19 00:00:00","2014-05-21 00:00:00","3.5000","87.5000","87.5000","2014-05-20 22:00:00"
"67776","808","6","50","2014-04-19 00:00:00","2014-04-30 00:00:00","2014-04-19 00:00:00","2014-05-21 00:00:00","3.0000","36.7500","36.7500","2014-05-20 22:00:00"
"67777","810","1","10","2014-04-19 00:00:00","2014-04-30 00:00:00","2014-04-19 00:00:00","2014-05-21 00:00:00","4.1000","92.2500","92.2500","2014-05-20 22:00:00"
"67777","810","2","20","2014-04-19 00:00:00","2014-04-30 00:00:00","2014-04-19 00:00:00","2014-05-21 00:00:00","3.5000","87.5000","87.5000","2014-05-20 22:00:00"
"67777","810","6","50","2014-04-19 00:00:00","2014-04-30 00:00:00","2014-04-19 00:00:00","2014-05-21 00:00:00","3.0000","36.7500","36.7500","2014-05-20 22:00:00"
"67778","811","1","10","2014-04-19 00:00:00","2014-04-30 00:00:00","2014-04-19 00:00:00","2014-05-21 00:00:00","4.1000","92.2500","92.2500","2014-05-20 22:00:00"
"67778","811","2","20","2014-04-19 00:00:00","2014-04-30 00:00:00","2014-04-19 00:00:00","2014-05-21 00:00:00","3.5000","87.5000","87.5000","2014-05-20 22:00:00"
"67778","811","6","50","2014-04-19 00:00:00","2014-04-30 00:00:00","2014-04-19 00:00:00","2014-05-21 00:00:00","3.0000","36.7500","36.7500","2014-05-20 22:00:00"
"67779","812","1","10","2014-04-19 00:00:00","2014-04-30 00:00:00","2014-04-19 00:00:00","2014-05-21 00:00:00","4.1000","92.2500","92.2500","2014-05-20 22:00:00"
"67779","812","2","20","2014-04-19 00:00:00","2014-04-30 00:00:00","2014-04-19 00:00:00","2014-05-21 00:00:00","3.5000","87.5000","87.5000","2014-05-20 22:00:00"
"67779","812","6","50","2014-04-19 00:00:00","2014-04-30 00:00:00","2014-04-19 00:00:00","2014-05-21 00:00:00","3.0000","36.7500","36.7500","2014-05-20 22:00:00"
"67780","813","1","10","2014-04-19 00:00:00","2014-04-30 00:00:00","2014-04-19 00:00:00","2014-05-21 00:00:00","4.1000","92.2500","92.2500","2014-05-20 22:00:00"
"67780","813","2","20","2014-04-19 00:00:00","2014-04-30 00:00:00","2014-04-19 00:00:00","2014-05-21 00:00:00","3.5000","87.5000","87.5000","2014-05-20 22:00:00"
"67780","813","6","50","2014-04-19 00:00:00","2014-04-30 00:00:00","2014-04-19 00:00:00","2014-05-21 00:00:00","3.0000","36.7500","36.7500","2014-05-20 22:00:00"
"67781","815","6","50","2014-04-19 00:00:00","2014-04-30 00:00:00","2014-04-19 00:00:00","2014-05-21 00:00:00","3.0000","36.7500","36.7500","2014-05-20 22:00:00"
"67782","816","6","50","2014-04-19 00:00:00","2014-04-30 00:00:00","2014-04-19 00:00:00","2014-05-21 00:00:00","3.0000","36.7500","36.7500","2014-05-20 22:00:00"
"67783","818","6","50","2014-04-19 00:00:00","2014-04-30 00:00:00","2014-04-19 00:00:00","2014-05-21 00:00:00","3.0000","36.7500","36.7500","2014-05-20 22:00:00"
"67784","819","6","50","2014-04-19 00:00:00","2014-04-30 00:00:00","2014-04-19 00:00:00","2014-05-21 00:00:00","3.0000","36.7500","36.7500","2014-05-20 22:00:00"
"67785","820","6","50","2014-04-19 00:00:00","2014-04-30 00:00:00","2014-04-19 00:00:00","2014-05-21 00:00:00","3.0000","36.7500","36.7500","2014-05-20 22:00:00"
"67786","821","6","50","2014-04-19 00:00:00","2014-04-30 00:00:00","2014-04-19 00:00:00","2014-05-21 00:00:00","3.0000","36.7500","36.7500","2014-05-20 22:00:00"
"67787","822","1","10","2014-04-19 00:00:00","2014-04-30 00:00:00","2014-04-19 00:00:00","2014-05-21 00:00:00","4.1000","92.2500","92.2500","2014-05-20 22:00:00"
"67787","822","2","20","2014-04-19 00:00:00","2014-04-30 00:00:00","2014-04-19 00:00:00","2014-05-21 00:00:00","3.5000","87.5000","87.5000","2014-05-20 22:00:00"
"67787","822","3","30","2014-04-19 00:00:00","2014-04-30 00:00:00","2014-04-19 00:00:00","2014-05-21 00:00:00","1.0000","14.5000","14.5000","2014-05-20 22:00:00"
"67787","822","4","40","2014-04-19 00:00:00","2014-04-30 00:00:00","2014-04-19 00:00:00","2014-05-21 00:00:00","2.0000","31.5000","31.5000","2014-05-20 22:00:00"
"67787","822","6","50","2014-04-19 00:00:00","2014-04-30 00:00:00","2014-04-19 00:00:00","2014-05-21 00:00:00","3.0000","36.7500","36.7500","2014-05-20 22:00:00"
"67787","822","7","60","2014-04-19 00:00:00","2014-04-30 00:00:00","2014-04-19 00:00:00","2014-05-21 00:00:00","4.0000","49.0000","49.0000","2014-05-20 22:00:00"
"67788","823","6","50","2014-04-19 00:00:00","2014-04-30 00:00:00","2014-04-19 00:00:00","2014-05-21 00:00:00","3.0000","36.7500","36.7500","2014-05-20 22:00:00"
"67789","824","6","50","2014-04-19 00:00:00","2014-04-30 00:00:00","2014-04-19 00:00:00","2014-05-21 00:00:00","3.0000","36.7500","36.7500","2014-05-20 22:00:00"
"67790","826","6","50","2014-04-19 00:00:00","2014-04-30 00:00:00","2014-04-19 00:00:00","2014-05-21 00:00:00","3.0000","36.7500","36.7500","2014-05-20 22:00:00"
"67791","827","6","50","2014-04-19 00:00:00","2014-04-30 00:00:00","2014-04-19 00:00:00","2014-05-21 00:00:00","3.0000","36.7500","36.7500","2014-05-20 22:00:00"
"67792","828","6","50","2014-04-19 00:00:00","2014-04-30 00:00:00","2014-04-19 00:00:00","2014-05-21 00:00:00","3.0000","36.7500","36.7500","2014-05-20 22:00:00"
"67793","829","6","50","2014-04-19 00:00:00","2014-04-30 00:00:00","2014-04-19 00:00:00","2014-05-21 00:00:00","3.0000","36.7500","36.7500","2014-05-20 22:00:00"
"67803","894","6","50","2014-04-19 00:00:00","2014-04-30 00:00:00","2014-04-19 00:00:00","2014-05-21 00:00:00","3.0000","36.7500","36.7500","2014-05-20 22:00:00"
"67809","945","1","10","2014-04-19 00:00:00","2014-04-30 00:00:00","2014-04-19 00:00:00","2014-05-21 00:00:00","4.1000","92.2500","92.2500","2014-05-20 22:00:00"
"67809","945","6","50","2014-04-19 00:00:00","2014-04-30 00:00:00","2014-04-19 00:00:00","2014-05-21 00:00:00","3.0000","36.7500","36.7500","2014-05-20 22:00:00"
"67810","946","1","10","2014-04-19 00:00:00","2014-04-30 00:00:00","2014-04-19 00:00:00","2014-05-21 00:00:00","4.1000","92.2500","92.2500","2014-05-20 22:00:00"
"67810","946","2","20","2014-04-19 00:00:00","2014-04-30 00:00:00","2014-04-19 00:00:00","2014-05-21 00:00:00","3.5000","87.5000","87.5000","2014-05-20 22:00:00"
"67810","946","6","50","2014-04-19 00:00:00","2014-04-30 00:00:00","2014-04-19 00:00:00","2014-05-21 00:00:00","3.0000","36.7500","36.7500","2014-05-20 22:00:00"
"67811","947","1","10","2014-04-19 00:00:00","2014-04-30 00:00:00","2014-04-19 00:00:00","2014-05-21 00:00:00","4.1000","92.2500","92.2500","2014-05-20 22:00:00"
"67811","947","2","20","2014-04-19 00:00:00","2014-04-30 00:00:00","2014-04-19 00:00:00","2014-05-21 00:00:00","3.5000","87.5000","87.5000","2014-05-20 22:00:00"
"67811","947","6","50","2014-04-19 00:00:00","2014-04-30 00:00:00","2014-04-19 00:00:00","2014-05-21 00:00:00","3.0000","36.7500","36.7500","2014-05-20 22:00:00"
"67812","949","6","50","2014-04-19 00:00:00","2014-04-30 00:00:00","2014-04-19 00:00:00","2014-05-21 00:00:00","3.0000","36.7500","36.7500","2014-05-20 22:00:00"
"67813","950","6","50","2014-04-19 00:00:00","2014-04-30 00:00:00","2014-04-19 00:00:00","2014-05-21 00:00:00","3.0000","36.7500","36.7500","2014-05-20 22:00:00"
"67814","951","6","50","2014-04-19 00:00:00","2014-04-30 00:00:00","2014-04-19 00:00:00","2014-05-21 00:00:00","3.0000","36.7500","36.7500","2014-05-20 22:00:00"
"67815","994","6","50","2014-04-19 00:00:00","2014-04-30 00:00:00","2014-04-19 00:00:00","2014-05-21 00:00:00","3.0000","36.7500","36.7500","2014-05-20 22:00:00"
"67816","995","6","50","2014-04-19 00:00:00","2014-04-30 00:00:00","2014-04-19 00:00:00","2014-05-21 00:00:00","3.0000","36.7500","36.7500","2014-05-20 22:00:00"
"67817","996","6","50","2014-04-19 00:00:00","2014-04-30 00:00:00","2014-04-19 00:00:00","2014-05-21 00:00:00","3.0000","36.7500","36.7500","2014-05-20 22:00:00"
"67832","802","1","10","2014-04-19 00:00:00","2014-04-30 00:00:00","2014-04-19 00:00:00","2014-05-21 00:00:00","4.1000","92.2500","92.2500","2014-05-20 22:00:00"
"67832","802","6","50","2014-04-19 00:00:00","2014-04-30 00:00:00","2014-04-19 00:00:00","2014-05-21 00:00:00","3.0000","36.7500","36.7500","2014-05-20 22:00:00"
"67833","803","1","10","2014-04-19 00:00:00","2014-04-30 00:00:00","2014-04-19 00:00:00","2014-05-21 00:00:00","4.1000","92.2500","92.2500","2014-05-20 22:00:00"
"67833","803","6","50","2014-04-19 00:00:00","2014-04-30 00:00:00","2014-04-19 00:00:00","2014-05-21 00:00:00","3.0000","36.7500","36.7500","2014-05-20 22:00:00"
"67834","804","1","10","2014-04-19 00:00:00","2014-04-30 00:00:00","2014-04-19 00:00:00","2014-05-21 00:00:00","4.1000","92.2500","92.2500","2014-05-20 22:00:00"
"67834","804","6","50","2014-04-19 00:00:00","2014-04-30 00:00:00","2014-04-19 00:00:00","2014-05-21 00:00:00","3.0000","36.7500","36.7500","2014-05-20 22:00:00"
"67839","780","7","60","2014-04-20 00:00:00","2014-05-01 00:00:00","2014-05-01 00:00:00","2014-05-02 00:00:00","4.0000","49.0000","49.0000","2014-05-01 22:00:00"
"67840","781","7","60","2014-04-20 00:00:00","2014-05-01 00:00:00","2014-05-01 00:00:00","2014-05-02 00:00:00","4.0000","49.0000","49.0000","2014-05-01 22:00:00"
"67841","782","7","60","2014-04-20 00:00:00","2014-05-01 00:00:00","2014-05-01 00:00:00","2014-05-02 00:00:00","4.0000","49.0000","49.0000","2014-05-01 22:00:00"
"67842","783","7","60","2014-04-20 00:00:00","2014-05-01 00:00:00","2014-05-01 00:00:00","2014-05-02 00:00:00","4.0000","49.0000","49.0000","2014-05-01 22:00:00"
"67843","784","7","60","2014-04-20 00:00:00","2014-05-01 00:00:00","2014-05-01 00:00:00","2014-05-02 00:00:00","4.0000","49.0000","49.0000","2014-05-01 22:00:00"
"67844","792","7","60","2014-04-20 00:00:00","2014-05-01 00:00:00","2014-05-01 00:00:00","2014-05-02 00:00:00","4.0000","49.0000","49.0000","2014-05-01 22:00:00"
"67845","797","7","60","2014-04-20 00:00:00","2014-05-01 00:00:00","2014-05-01 00:00:00","2014-05-02 00:00:00","4.0000","49.0000","49.0000","2014-05-01 22:00:00"
"67846","956","7","60","2014-04-20 00:00:00","2014-05-01 00:00:00","2014-05-01 00:00:00","2014-05-02 00:00:00","4.0000","49.0000","49.0000","2014-05-01 22:00:00"
"67847","960","7","60","2014-04-20 00:00:00","2014-05-01 00:00:00","2014-05-01 00:00:00","2014-05-02 00:00:00","4.0000","49.0000","49.0000","2014-05-01 22:00:00"
"67848","966","7","60","2014-04-20 00:00:00","2014-05-01 00:00:00","2014-05-01 00:00:00","2014-05-02 00:00:00","4.0000","49.0000","49.0000","2014-05-01 22:00:00"
"67849","971","7","60","2014-04-20 00:00:00","2014-05-01 00:00:00","2014-05-01 00:00:00","2014-05-02 00:00:00","4.0000","49.0000","49.0000","2014-05-01 22:00:00"
"67850","973","7","60","2014-04-20 00:00:00","2014-05-01 00:00:00","2014-05-01 00:00:00","2014-05-02 00:00:00","4.0000","49.0000","49.0000","2014-05-01 22:00:00"
"67851","974","7","60","2014-04-20 00:00:00","2014-05-01 00:00:00","2014-05-01 00:00:00","2014-05-02 00:00:00","4.0000","49.0000","49.0000","2014-05-01 22:00:00"
"67852","975","7","60","2014-04-20 00:00:00","2014-05-01 00:00:00","2014-05-01 00:00:00","2014-05-02 00:00:00","4.0000","49.0000","49.0000","2014-05-01 22:00:00"
"67853","976","7","60","2014-04-20 00:00:00","2014-05-01 00:00:00","2014-05-01 00:00:00","2014-05-02 00:00:00","4.0000","49.0000","49.0000","2014-05-01 22:00:00"
"67854","977","7","60","2014-04-20 00:00:00","2014-05-01 00:00:00","2014-05-01 00:00:00","2014-05-02 00:00:00","4.0000","49.0000","49.0000","2014-05-01 22:00:00"
"67855","978","7","60","2014-04-20 00:00:00","2014-05-01 00:00:00","2014-05-01 00:00:00","2014-05-02 00:00:00","4.0000","49.0000","49.0000","2014-05-01 22:00:00"
"67856","980","7","60","2014-04-20 00:00:00","2014-05-01 00:00:00","2014-05-01 00:00:00","2014-05-02 00:00:00","4.0000","49.0000","49.0000","2014-05-01 22:00:00"
"67857","982","7","60","2014-04-20 00:00:00","2014-05-01 00:00:00","2014-05-01 00:00:00","2014-05-02 00:00:00","4.0000","49.0000","49.0000","2014-05-01 22:00:00"
"67858","992","7","60","2014-04-20 00:00:00","2014-05-01 00:00:00","2014-05-01 00:00:00","2014-05-02 00:00:00","4.0000","49.0000","49.0000","2014-05-01 22:00:00"
"67859","998","7","60","2014-04-20 00:00:00","2014-05-01 00:00:00","2014-05-01 00:00:00","2014-05-02 00:00:00","4.0000","49.0000","49.0000","2014-05-01 22:00:00"
"67860","999","7","60","2014-04-20 00:00:00","2014-05-01 00:00:00","2014-05-01 00:00:00","2014-05-02 00:00:00","4.0000","49.0000","49.0000","2014-05-01 22:00:00"
"67861","514","6","50","2014-04-20 00:00:00","2014-05-01 00:00:00","2014-05-01 00:00:00","2014-05-02 00:00:00","3.0000","36.7500","36.7500","2014-05-01 22:00:00"
"67861","514","7","60","2014-04-20 00:00:00","2014-05-01 00:00:00","2014-05-01 00:00:00","2014-05-02 00:00:00","4.0000","49.0000","49.0000","2014-05-01 22:00:00"
"67862","516","6","50","2014-04-20 00:00:00","2014-05-01 00:00:00","2014-05-01 00:00:00","2014-05-02 00:00:00","3.0000","36.7500","36.7500","2014-05-01 22:00:00"
"67862","516","7","60","2014-04-20 00:00:00","2014-05-01 00:00:00","2014-05-01 00:00:00","2014-05-02 00:00:00","4.0000","49.0000","49.0000","2014-05-01 22:00:00"
"67863","517","6","50","2014-04-20 00:00:00","2014-05-01 00:00:00","2014-05-01 00:00:00","2014-05-02 00:00:00","3.0000","36.7500","36.7500","2014-05-01 22:00:00"
"67863","517","7","60","2014-04-20 00:00:00","2014-05-01 00:00:00","2014-05-01 00:00:00","2014-05-02 00:00:00","4.0000","49.0000","49.0000","2014-05-01 22:00:00"
"67864","518","6","50","2014-04-20 00:00:00","2014-05-01 00:00:00","2014-05-01 00:00:00","2014-05-02 00:00:00","3.0000","36.7500","36.7500","2014-05-01 22:00:00"
"67864","518","7","60","2014-04-20 00:00:00","2014-05-01 00:00:00","2014-05-01 00:00:00","2014-05-02 00:00:00","4.0000","49.0000","49.0000","2014-05-01 22:00:00"
"67865","519","6","50","2014-04-20 00:00:00","2014-05-01 00:00:00","2014-05-01 00:00:00","2014-05-02 00:00:00","3.0000","36.7500","36.7500","2014-05-01 22:00:00"
"67865","519","7","60","2014-04-20 00:00:00","2014-05-01 00:00:00","2014-05-01 00:00:00","2014-05-02 00:00:00","4.0000","49.0000","49.0000","2014-05-01 22:00:00"
"67866","520","6","50","2014-04-20 00:00:00","2014-05-01 00:00:00","2014-05-01 00:00:00","2014-05-02 00:00:00","3.0000","36.7500","36.7500","2014-05-01 22:00:00"
"67866","520","7","60","2014-04-20 00:00:00","2014-05-01 00:00:00","2014-05-01 00:00:00","2014-05-02 00:00:00","4.0000","49.0000","49.0000","2014-05-01 22:00:00"
"67867","521","6","50","2014-04-20 00:00:00","2014-05-01 00:00:00","2014-05-01 00:00:00","2014-05-02 00:00:00","3.0000","36.7500","36.7500","2014-05-01 22:00:00"
"67867","521","7","60","2014-04-20 00:00:00","2014-05-01 00:00:00","2014-05-01 00:00:00","2014-05-02 00:00:00","4.0000","49.0000","49.0000","2014-05-01 22:00:00"
"67868","522","6","50","2014-04-20 00:00:00","2014-05-01 00:00:00","2014-05-01 00:00:00","2014-05-02 00:00:00","3.0000","36.7500","36.7500","2014-05-01 22:00:00"
"67868","522","7","60","2014-04-20 00:00:00","2014-05-01 00:00:00","2014-05-01 00:00:00","2014-05-02 00:00:00","4.0000","49.0000","49.0000","2014-05-01 22:00:00"
"67877","747","1","10","2014-04-20 00:00:00","2014-05-01 00:00:00","2014-05-01 00:00:00","2014-05-02 00:00:00","4.1000","92.2500","92.2500","2014-05-01 22:00:00"
"67877","747","2","20","2014-04-20 00:00:00","2014-05-01 00:00:00","2014-05-01 00:00:00","2014-05-02 00:00:00","3.5000","87.5000","87.5000","2014-05-01 22:00:00"
"67877","747","3","30","2014-04-20 00:00:00","2014-05-01 00:00:00","2014-05-01 00:00:00","2014-05-02 00:00:00","1.0000","14.5000","14.5000","2014-05-01 22:00:00"
"67877","747","4","40","2014-04-20 00:00:00","2014-05-01 00:00:00","2014-05-01 00:00:00","2014-05-02 00:00:00","2.0000","31.5000","31.5000","2014-05-01 22:00:00"
"67877","747","6","50","2014-04-20 00:00:00","2014-05-01 00:00:00","2014-05-01 00:00:00","2014-05-02 00:00:00","3.0000","36.7500","36.7500","2014-05-01 22:00:00"
"67877","747","7","60","2014-04-20 00:00:00","2014-05-01 00:00:00","2014-05-01 00:00:00","2014-05-02 00:00:00","4.0000","49.0000","49.0000","2014-05-01 22:00:00"
"67878","805","6","50","2014-04-20 00:00:00","2014-05-01 00:00:00","2014-05-01 00:00:00","2014-05-02 00:00:00","3.0000","36.7500","36.7500","2014-05-01 22:00:00"
"67879","806","6","50","2014-04-20 00:00:00","2014-05-01 00:00:00","2014-05-01 00:00:00","2014-05-02 00:00:00","3.0000","36.7500","36.7500","2014-05-01 22:00:00"
"67880","807","6","50","2014-04-20 00:00:00","2014-05-01 00:00:00","2014-05-01 00:00:00","2014-05-02 00:00:00","3.0000","36.7500","36.7500","2014-05-01 22:00:00"
"67881","808","1","10","2014-04-20 00:00:00","2014-05-01 00:00:00","2014-05-01 00:00:00","2014-05-02 00:00:00","4.1000","92.2500","92.2500","2014-05-01 22:00:00"
"67881","808","2","20","2014-04-20 00:00:00","2014-05-01 00:00:00","2014-05-01 00:00:00","2014-05-02 00:00:00","3.5000","87.5000","87.5000","2014-05-01 22:00:00"
"67881","808","6","50","2014-04-20 00:00:00","2014-05-01 00:00:00","2014-05-01 00:00:00","2014-05-02 00:00:00","3.0000","36.7500","36.7500","2014-05-01 22:00:00"
"67882","810","1","10","2014-04-20 00:00:00","2014-05-01 00:00:00","2014-05-01 00:00:00","2014-05-02 00:00:00","4.1000","92.2500","92.2500","2014-05-01 22:00:00"
"67882","810","2","20","2014-04-20 00:00:00","2014-05-01 00:00:00","2014-05-01 00:00:00","2014-05-02 00:00:00","3.5000","87.5000","87.5000","2014-05-01 22:00:00"
"67882","810","6","50","2014-04-20 00:00:00","2014-05-01 00:00:00","2014-05-01 00:00:00","2014-05-02 00:00:00","3.0000","36.7500","36.7500","2014-05-01 22:00:00"
"67883","811","1","10","2014-04-20 00:00:00","2014-05-01 00:00:00","2014-05-01 00:00:00","2014-05-02 00:00:00","4.1000","92.2500","92.2500","2014-05-01 22:00:00"
"67883","811","2","20","2014-04-20 00:00:00","2014-05-01 00:00:00","2014-05-01 00:00:00","2014-05-02 00:00:00","3.5000","87.5000","87.5000","2014-05-01 22:00:00"
"67883","811","6","50","2014-04-20 00:00:00","2014-05-01 00:00:00","2014-05-01 00:00:00","2014-05-02 00:00:00","3.0000","36.7500","36.7500","2014-05-01 22:00:00"
"67884","812","1","10","2014-04-20 00:00:00","2014-05-01 00:00:00","2014-05-01 00:00:00","2014-05-02 00:00:00","4.1000","92.2500","92.2500","2014-05-01 22:00:00"
"67884","812","2","20","2014-04-20 00:00:00","2014-05-01 00:00:00","2014-05-01 00:00:00","2014-05-02 00:00:00","3.5000","87.5000","87.5000","2014-05-01 22:00:00"
"67884","812","6","50","2014-04-20 00:00:00","2014-05-01 00:00:00","2014-05-01 00:00:00","2014-05-02 00:00:00","3.0000","36.7500","36.7500","2014-05-01 22:00:00"
"67885","813","1","10","2014-04-20 00:00:00","2014-05-01 00:00:00","2014-05-01 00:00:00","2014-05-02 00:00:00","4.1000","92.2500","92.2500","2014-05-01 22:00:00"
"67885","813","2","20","2014-04-20 00:00:00","2014-05-01 00:00:00","2014-05-01 00:00:00","2014-05-02 00:00:00","3.5000","87.5000","87.5000","2014-05-01 22:00:00"
"67885","813","6","50","2014-04-20 00:00:00","2014-05-01 00:00:00","2014-05-01 00:00:00","2014-05-02 00:00:00","3.0000","36.7500","36.7500","2014-05-01 22:00:00"
"67886","815","6","50","2014-04-20 00:00:00","2014-05-01 00:00:00","2014-05-01 00:00:00","2014-05-02 00:00:00","3.0000","36.7500","36.7500","2014-05-01 22:00:00"
"67887","816","6","50","2014-04-20 00:00:00","2014-05-01 00:00:00","2014-05-01 00:00:00","2014-05-02 00:00:00","3.0000","36.7500","36.7500","2014-05-01 22:00:00"
"67888","818","6","50","2014-04-20 00:00:00","2014-05-01 00:00:00","2014-05-01 00:00:00","2014-05-02 00:00:00","3.0000","36.7500","36.7500","2014-05-01 22:00:00"
"67889","819","6","50","2014-04-20 00:00:00","2014-05-01 00:00:00","2014-05-01 00:00:00","2014-05-02 00:00:00","3.0000","36.7500","36.7500","2014-05-01 22:00:00"
"67890","820","6","50","2014-04-20 00:00:00","2014-05-01 00:00:00","2014-05-01 00:00:00","2014-05-02 00:00:00","3.0000","36.7500","36.7500","2014-05-01 22:00:00"
"67891","821","6","50","2014-04-20 00:00:00","2014-05-01 00:00:00","2014-05-01 00:00:00","2014-05-02 00:00:00","3.0000","36.7500","36.7500","2014-05-01 22:00:00"
"67892","822","1","10","2014-04-20 00:00:00","2014-05-01 00:00:00","2014-05-01 00:00:00","2014-05-02 00:00:00","4.1000","92.2500","92.2500","2014-05-01 22:00:00"
"67892","822","2","20","2014-04-20 00:00:00","2014-05-01 00:00:00","2014-05-01 00:00:00","2014-05-02 00:00:00","3.5000","87.5000","87.5000","2014-05-01 22:00:00"
"67892","822","3","30","2014-04-20 00:00:00","2014-05-01 00:00:00","2014-05-01 00:00:00","2014-05-02 00:00:00","1.0000","14.5000","14.5000","2014-05-01 22:00:00"
"67892","822","4","40","2014-04-20 00:00:00","2014-05-01 00:00:00","2014-05-01 00:00:00","2014-05-02 00:00:00","2.0000","31.5000","31.5000","2014-05-01 22:00:00"
"67892","822","6","50","2014-04-20 00:00:00","2014-05-01 00:00:00","2014-05-01 00:00:00","2014-05-02 00:00:00","3.0000","36.7500","36.7500","2014-05-01 22:00:00"
"67892","822","7","60","2014-04-20 00:00:00","2014-05-01 00:00:00","2014-05-01 00:00:00","2014-05-02 00:00:00","4.0000","49.0000","49.0000","2014-05-01 22:00:00"
"67893","823","6","50","2014-04-20 00:00:00","2014-05-01 00:00:00","2014-05-01 00:00:00","2014-05-02 00:00:00","3.0000","36.7500","36.7500","2014-05-01 22:00:00"
"67894","824","6","50","2014-04-20 00:00:00","2014-05-01 00:00:00","2014-05-01 00:00:00","2014-05-02 00:00:00","3.0000","36.7500","36.7500","2014-05-01 22:00:00"
"67895","826","6","50","2014-04-20 00:00:00","2014-05-01 00:00:00","2014-05-01 00:00:00","2014-05-02 00:00:00","3.0000","36.7500","36.7500","2014-05-01 22:00:00"
"67896","827","6","50","2014-04-20 00:00:00","2014-05-01 00:00:00","2014-05-01 00:00:00","2014-05-02 00:00:00","3.0000","36.7500","36.7500","2014-05-01 22:00:00"
"67897","828","6","50","2014-04-20 00:00:00","2014-05-01 00:00:00","2014-05-01 00:00:00","2014-05-02 00:00:00","3.0000","36.7500","36.7500","2014-05-01 22:00:00"
"67898","829","6","50","2014-04-20 00:00:00","2014-05-01 00:00:00","2014-05-01 00:00:00","2014-05-02 00:00:00","3.0000","36.7500","36.7500","2014-05-01 22:00:00"
"67906","894","6","50","2014-04-20 00:00:00","2014-05-01 00:00:00","2014-05-01 00:00:00","2014-05-02 00:00:00","3.0000","36.7500","36.7500","2014-05-01 22:00:00"
"67911","942","1","10","2014-04-20 00:00:00","2014-05-01 00:00:00","2014-05-01 00:00:00","2014-05-02 00:00:00","4.1000","92.2500","92.2500","2014-05-01 22:00:00"
"67911","942","2","20","2014-04-20 00:00:00","2014-05-01 00:00:00","2014-05-01 00:00:00","2014-05-02 00:00:00","3.5000","87.5000","87.5000","2014-05-01 22:00:00"
"67911","942","3","30","2014-04-20 00:00:00","2014-05-01 00:00:00","2014-05-01 00:00:00","2014-05-02 00:00:00","1.0000","14.5000","14.5000","2014-05-01 22:00:00"
"67911","942","5","45","2014-04-20 00:00:00","2014-05-01 00:00:00","2014-05-01 00:00:00","2014-05-02 00:00:00","2.0000","36.0000","36.0000","2014-05-01 22:00:00"
"67911","942","6","50","2014-04-20 00:00:00","2014-05-01 00:00:00","2014-05-01 00:00:00","2014-05-02 00:00:00","3.0000","36.7500","36.7500","2014-05-01 22:00:00"
"67911","942","7","60","2014-04-20 00:00:00","2014-05-01 00:00:00","2014-05-01 00:00:00","2014-05-02 00:00:00","4.0000","49.0000","49.0000","2014-05-01 22:00:00"
"67912","945","1","10","2014-04-20 00:00:00","2014-05-01 00:00:00","2014-05-01 00:00:00","2014-05-02 00:00:00","4.1000","92.2500","92.2500","2014-05-01 22:00:00"
"67912","945","6","50","2014-04-20 00:00:00","2014-05-01 00:00:00","2014-05-01 00:00:00","2014-05-02 00:00:00","3.0000","36.7500","36.7500","2014-05-01 22:00:00"
"67913","946","1","10","2014-04-20 00:00:00","2014-05-01 00:00:00","2014-05-01 00:00:00","2014-05-02 00:00:00","4.1000","92.2500","92.2500","2014-05-01 22:00:00"
"67913","946","2","20","2014-04-20 00:00:00","2014-05-01 00:00:00","2014-05-01 00:00:00","2014-05-02 00:00:00","3.5000","87.5000","87.5000","2014-05-01 22:00:00"
"67913","946","6","50","2014-04-20 00:00:00","2014-05-01 00:00:00","2014-05-01 00:00:00","2014-05-02 00:00:00","3.0000","36.7500","36.7500","2014-05-01 22:00:00"
"67914","947","1","10","2014-04-20 00:00:00","2014-05-01 00:00:00","2014-05-01 00:00:00","2014-05-02 00:00:00","4.1000","92.2500","92.2500","2014-05-01 22:00:00"
"67914","947","2","20","2014-04-20 00:00:00","2014-05-01 00:00:00","2014-05-01 00:00:00","2014-05-02 00:00:00","3.5000","87.5000","87.5000","2014-05-01 22:00:00"
"67914","947","6","50","2014-04-20 00:00:00","2014-05-01 00:00:00","2014-05-01 00:00:00","2014-05-02 00:00:00","3.0000","36.7500","36.7500","2014-05-01 22:00:00"
"67915","949","6","50","2014-04-20 00:00:00","2014-05-01 00:00:00","2014-05-01 00:00:00","2014-05-02 00:00:00","3.0000","36.7500","36.7500","2014-05-01 22:00:00"
"67916","950","6","50","2014-04-20 00:00:00","2014-05-01 00:00:00","2014-05-01 00:00:00","2014-05-02 00:00:00","3.0000","36.7500","36.7500","2014-05-01 22:00:00"
"67917","951","6","50","2014-04-20 00:00:00","2014-05-01 00:00:00","2014-05-01 00:00:00","2014-05-02 00:00:00","3.0000","36.7500","36.7500","2014-05-01 22:00:00"
"67918","994","6","50","2014-04-20 00:00:00","2014-05-01 00:00:00","2014-05-01 00:00:00","2014-05-02 00:00:00","3.0000","36.7500","36.7500","2014-05-01 22:00:00"
"67919","995","6","50","2014-04-20 00:00:00","2014-05-01 00:00:00","2014-05-01 00:00:00","2014-05-02 00:00:00","3.0000","36.7500","36.7500","2014-05-01 22:00:00"
"67920","996","6","50","2014-04-20 00:00:00","2014-05-01 00:00:00","2014-05-01 00:00:00","2014-05-02 00:00:00","3.0000","36.7500","36.7500","2014-05-01 22:00:00"
"67935","802","1","10","2014-04-20 00:00:00","2014-05-01 00:00:00","2014-05-01 00:00:00","2014-05-02 00:00:00","4.1000","92.2500","92.2500","2014-05-01 22:00:00"
"67935","802","6","50","2014-04-20 00:00:00","2014-05-01 00:00:00","2014-05-01 00:00:00","2014-05-02 00:00:00","3.0000","36.7500","36.7500","2014-05-01 22:00:00"
"67936","803","1","10","2014-04-20 00:00:00","2014-05-01 00:00:00","2014-05-01 00:00:00","2014-05-02 00:00:00","4.1000","92.2500","92.2500","2014-05-01 22:00:00"
"67936","803","6","50","2014-04-20 00:00:00","2014-05-01 00:00:00","2014-05-01 00:00:00","2014-05-02 00:00:00","3.0000","36.7500","36.7500","2014-05-01 22:00:00"
"67937","804","1","10","2014-04-20 00:00:00","2014-05-01 00:00:00","2014-05-01 00:00:00","2014-05-02 00:00:00","4.1000","92.2500","92.2500","2014-05-01 22:00:00"
"67937","804","6","50","2014-04-20 00:00:00","2014-05-01 00:00:00","2014-05-01 00:00:00","2014-05-02 00:00:00","3.0000","36.7500","36.7500","2014-05-01 22:00:00"
"67942","779","7","60","2014-04-21 00:00:00","2014-05-02 00:00:00","2014-04-21 00:00:00","2014-05-02 00:00:00","4.0000","49.0000","49.0000","2014-05-01 22:00:00"
"67943","780","7","60","2014-04-21 00:00:00","2014-05-02 00:00:00","2014-04-21 00:00:00","2014-05-02 00:00:00","4.0000","49.0000","49.0000","2014-05-01 22:00:00"
"67944","782","7","60","2014-04-21 00:00:00","2014-05-02 00:00:00","2014-04-21 00:00:00","2014-05-02 00:00:00","4.0000","49.0000","49.0000","2014-05-01 22:00:00"
"67945","784","7","60","2014-04-21 00:00:00","2014-05-02 00:00:00","2014-04-21 00:00:00","2014-05-02 00:00:00","4.0000","49.0000","49.0000","2014-05-01 22:00:00"
"67946","793","7","60","2014-04-21 00:00:00","2014-05-02 00:00:00","2014-04-21 00:00:00","2014-05-02 00:00:00","4.0000","49.0000","49.0000","2014-05-01 22:00:00"
"67947","794","7","60","2014-04-21 00:00:00","2014-05-02 00:00:00","2014-04-21 00:00:00","2014-05-02 00:00:00","4.0000","49.0000","49.0000","2014-05-01 22:00:00"
"67948","796","7","60","2014-04-21 00:00:00","2014-05-02 00:00:00","2014-04-21 00:00:00","2014-05-02 00:00:00","4.0000","49.0000","49.0000","2014-05-01 22:00:00"
"67949","797","7","60","2014-04-21 00:00:00","2014-05-02 00:00:00","2014-04-21 00:00:00","2014-05-02 00:00:00","4.0000","49.0000","49.0000","2014-05-01 22:00:00"
"67950","800","7","60","2014-04-21 00:00:00","2014-05-02 00:00:00","2014-04-21 00:00:00","2014-05-02 00:00:00","4.0000","49.0000","49.0000","2014-05-01 22:00:00"
"67951","801","7","60","2014-04-21 00:00:00","2014-05-02 00:00:00","2014-04-21 00:00:00","2014-05-02 00:00:00","4.0000","49.0000","49.0000","2014-05-01 22:00:00"
"67952","956","7","60","2014-04-21 00:00:00","2014-05-02 00:00:00","2014-04-21 00:00:00","2014-05-02 00:00:00","4.0000","49.0000","49.0000","2014-05-01 22:00:00"
"67953","962","7","60","2014-04-21 00:00:00","2014-05-02 00:00:00","2014-04-21 00:00:00","2014-05-02 00:00:00","4.0000","49.0000","49.0000","2014-05-01 22:00:00"
"67954","966","7","60","2014-04-21 00:00:00","2014-05-02 00:00:00","2014-04-21 00:00:00","2014-05-02 00:00:00","4.0000","49.0000","49.0000","2014-05-01 22:00:00"
"67955","971","7","60","2014-04-21 00:00:00","2014-05-02 00:00:00","2014-04-21 00:00:00","2014-05-02 00:00:00","4.0000","49.0000","49.0000","2014-05-01 22:00:00"
"67956","972","7","60","2014-04-21 00:00:00","2014-05-02 00:00:00","2014-04-21 00:00:00","2014-05-02 00:00:00","4.0000","49.0000","49.0000","2014-05-01 22:00:00"
"67957","973","7","60","2014-04-21 00:00:00","2014-05-02 00:00:00","2014-04-21 00:00:00","2014-05-02 00:00:00","4.0000","49.0000","49.0000","2014-05-01 22:00:00"
"67958","974","7","60","2014-04-21 00:00:00","2014-05-02 00:00:00","2014-04-21 00:00:00","2014-05-02 00:00:00","4.0000","49.0000","49.0000","2014-05-01 22:00:00"
"67959","975","7","60","2014-04-21 00:00:00","2014-05-02 00:00:00","2014-04-21 00:00:00","2014-05-02 00:00:00","4.0000","49.0000","49.0000","2014-05-01 22:00:00"
"67960","976","7","60","2014-04-21 00:00:00","2014-05-02 00:00:00","2014-04-21 00:00:00","2014-05-02 00:00:00","4.0000","49.0000","49.0000","2014-05-01 22:00:00"
"67961","977","7","60","2014-04-21 00:00:00","2014-05-02 00:00:00","2014-04-21 00:00:00","2014-05-02 00:00:00","4.0000","49.0000","49.0000","2014-05-01 22:00:00"
"67962","983","7","60","2014-04-21 00:00:00","2014-05-02 00:00:00","2014-04-21 00:00:00","2014-05-02 00:00:00","4.0000","49.0000","49.0000","2014-05-01 22:00:00"
"67963","984","7","60","2014-04-21 00:00:00","2014-05-02 00:00:00","2014-04-21 00:00:00","2014-05-02 00:00:00","4.0000","49.0000","49.0000","2014-05-01 22:00:00"
"67964","987","7","60","2014-04-21 00:00:00","2014-05-02 00:00:00","2014-04-21 00:00:00","2014-05-02 00:00:00","4.0000","49.0000","49.0000","2014-05-01 22:00:00"
"67965","990","7","60","2014-04-21 00:00:00","2014-05-02 00:00:00","2014-04-21 00:00:00","2014-05-02 00:00:00","4.0000","49.0000","49.0000","2014-05-01 22:00:00"
"67966","992","7","60","2014-04-21 00:00:00","2014-05-02 00:00:00","2014-04-21 00:00:00","2014-05-02 00:00:00","4.0000","49.0000","49.0000","2014-05-01 22:00:00"
"67967","997","7","60","2014-04-21 00:00:00","2014-05-02 00:00:00","2014-04-21 00:00:00","2014-05-02 00:00:00","4.0000","49.0000","49.0000","2014-05-01 22:00:00"
"67968","999","7","60","2014-04-21 00:00:00","2014-05-02 00:00:00","2014-04-21 00:00:00","2014-05-02 00:00:00","4.0000","49.0000","49.0000","2014-05-01 22:00:00"
"67969","514","6","50","2014-04-21 00:00:00","2014-05-02 00:00:00","2014-04-21 00:00:00","2014-05-02 00:00:00","3.0000","36.7500","36.7500","2014-05-01 22:00:00"
"67969","514","7","60","2014-04-21 00:00:00","2014-05-02 00:00:00","2014-04-21 00:00:00","2014-05-02 00:00:00","4.0000","49.0000","49.0000","2014-05-01 22:00:00"
"67970","516","6","50","2014-04-21 00:00:00","2014-05-02 00:00:00","2014-04-21 00:00:00","2014-05-02 00:00:00","3.0000","36.7500","36.7500","2014-05-01 22:00:00"
"67970","516","7","60","2014-04-21 00:00:00","2014-05-02 00:00:00","2014-04-21 00:00:00","2014-05-02 00:00:00","4.0000","49.0000","49.0000","2014-05-01 22:00:00"
"67971","517","6","50","2014-04-21 00:00:00","2014-05-02 00:00:00","2014-04-21 00:00:00","2014-05-02 00:00:00","3.0000","36.7500","36.7500","2014-05-01 22:00:00"
"67971","517","7","60","2014-04-21 00:00:00","2014-05-02 00:00:00","2014-04-21 00:00:00","2014-05-02 00:00:00","4.0000","49.0000","49.0000","2014-05-01 22:00:00"
"67972","518","6","50","2014-04-21 00:00:00","2014-05-02 00:00:00","2014-04-21 00:00:00","2014-05-02 00:00:00","3.0000","36.7500","36.7500","2014-05-01 22:00:00"
"67972","518","7","60","2014-04-21 00:00:00","2014-05-02 00:00:00","2014-04-21 00:00:00","2014-05-02 00:00:00","4.0000","49.0000","49.0000","2014-05-01 22:00:00"
"67973","519","6","50","2014-04-21 00:00:00","2014-05-02 00:00:00","2014-04-21 00:00:00","2014-05-02 00:00:00","3.0000","36.7500","36.7500","2014-05-01 22:00:00"
"67973","519","7","60","2014-04-21 00:00:00","2014-05-02 00:00:00","2014-04-21 00:00:00","2014-05-02 00:00:00","4.0000","49.0000","49.0000","2014-05-01 22:00:00"
"67974","520","6","50","2014-04-21 00:00:00","2014-05-02 00:00:00","2014-04-21 00:00:00","2014-05-02 00:00:00","3.0000","36.7500","36.7500","2014-05-01 22:00:00"
"67974","520","7","60","2014-04-21 00:00:00","2014-05-02 00:00:00","2014-04-21 00:00:00","2014-05-02 00:00:00","4.0000","49.0000","49.0000","2014-05-01 22:00:00"
"67975","521","6","50","2014-04-21 00:00:00","2014-05-02 00:00:00","2014-04-21 00:00:00","2014-05-02 00:00:00","3.0000","36.7500","36.7500","2014-05-01 22:00:00"
"67975","521","7","60","2014-04-21 00:00:00","2014-05-02 00:00:00","2014-04-21 00:00:00","2014-05-02 00:00:00","4.0000","49.0000","49.0000","2014-05-01 22:00:00"
"67976","522","6","50","2014-04-21 00:00:00","2014-05-02 00:00:00","2014-04-21 00:00:00","2014-05-02 00:00:00","3.0000","36.7500","36.7500","2014-05-01 22:00:00"
"67976","522","7","60","2014-04-21 00:00:00","2014-05-02 00:00:00","2014-04-21 00:00:00","2014-05-02 00:00:00","4.0000","49.0000","49.0000","2014-05-01 22:00:00"
"67983","747","1","10","2014-04-21 00:00:00","2014-05-02 00:00:00","2014-04-21 00:00:00","2014-05-02 00:00:00","4.1000","92.2500","92.2500","2014-05-01 22:00:00"
"67983","747","2","20","2014-04-21 00:00:00","2014-05-02 00:00:00","2014-04-21 00:00:00","2014-05-02 00:00:00","3.5000","87.5000","87.5000","2014-05-01 22:00:00"
"67983","747","3","30","2014-04-21 00:00:00","2014-05-02 00:00:00","2014-04-21 00:00:00","2014-05-02 00:00:00","1.0000","14.5000","14.5000","2014-05-01 22:00:00"
"67983","747","4","40","2014-04-21 00:00:00","2014-05-02 00:00:00","2014-04-21 00:00:00","2014-05-02 00:00:00","2.0000","31.5000","31.5000","2014-05-01 22:00:00"
"67983","747","6","50","2014-04-21 00:00:00","2014-05-02 00:00:00","2014-04-21 00:00:00","2014-05-02 00:00:00","3.0000","36.7500","36.7500","2014-05-01 22:00:00"
"67983","747","7","60","2014-04-21 00:00:00","2014-05-02 00:00:00","2014-04-21 00:00:00","2014-05-02 00:00:00","4.0000","49.0000","49.0000","2014-05-01 22:00:00"
"67984","748","1","10","2014-04-21 00:00:00","2014-05-02 00:00:00","2014-04-21 00:00:00","2014-05-02 00:00:00","4.1000","92.2500","92.2500","2014-05-01 22:00:00"
"67984","748","2","20","2014-04-21 00:00:00","2014-05-02 00:00:00","2014-04-21 00:00:00","2014-05-02 00:00:00","3.5000","87.5000","87.5000","2014-05-01 22:00:00"
"67984","748","3","30","2014-04-21 00:00:00","2014-05-02 00:00:00","2014-04-21 00:00:00","2014-05-02 00:00:00","1.0000","14.5000","14.5000","2014-05-01 22:00:00"
"67984","748","5","45","2014-04-21 00:00:00","2014-05-02 00:00:00","2014-04-21 00:00:00","2014-05-02 00:00:00","2.0000","36.0000","36.0000","2014-05-01 22:00:00"
"67984","748","6","50","2014-04-21 00:00:00","2014-05-02 00:00:00","2014-04-21 00:00:00","2014-05-02 00:00:00","3.0000","36.7500","36.7500","2014-05-01 22:00:00"
"67984","748","7","60","2014-04-21 00:00:00","2014-05-02 00:00:00","2014-04-21 00:00:00","2014-05-02 00:00:00","4.0000","49.0000","49.0000","2014-05-01 22:00:00"
"67985","805","6","50","2014-04-21 00:00:00","2014-05-02 00:00:00","2014-04-21 00:00:00","2014-05-02 00:00:00","3.0000","36.7500","36.7500","2014-05-01 22:00:00"
"67986","806","6","50","2014-04-21 00:00:00","2014-05-02 00:00:00","2014-04-21 00:00:00","2014-05-02 00:00:00","3.0000","36.7500","36.7500","2014-05-01 22:00:00"
"67987","807","6","50","2014-04-21 00:00:00","2014-05-02 00:00:00","2014-04-21 00:00:00","2014-05-02 00:00:00","3.0000","36.7500","36.7500","2014-05-01 22:00:00"
"67988","808","1","10","2014-04-21 00:00:00","2014-05-02 00:00:00","2014-04-21 00:00:00","2014-05-02 00:00:00","4.1000","92.2500","92.2500","2014-05-01 22:00:00"
"67988","808","2","20","2014-04-21 00:00:00","2014-05-02 00:00:00","2014-04-21 00:00:00","2014-05-02 00:00:00","3.5000","87.5000","87.5000","2014-05-01 22:00:00"
"67988","808","6","50","2014-04-21 00:00:00","2014-05-02 00:00:00","2014-04-21 00:00:00","2014-05-02 00:00:00","3.0000","36.7500","36.7500","2014-05-01 22:00:00"
"67989","810","1","10","2014-04-21 00:00:00","2014-05-02 00:00:00","2014-04-21 00:00:00","2014-05-02 00:00:00","4.1000","92.2500","92.2500","2014-05-01 22:00:00"
"67989","810","2","20","2014-04-21 00:00:00","2014-05-02 00:00:00","2014-04-21 00:00:00","2014-05-02 00:00:00","3.5000","87.5000","87.5000","2014-05-01 22:00:00"
"67989","810","6","50","2014-04-21 00:00:00","2014-05-02 00:00:00","2014-04-21 00:00:00","2014-05-02 00:00:00","3.0000","36.7500","36.7500","2014-05-01 22:00:00"
"67990","811","1","10","2014-04-21 00:00:00","2014-05-02 00:00:00","2014-04-21 00:00:00","2014-05-02 00:00:00","4.1000","92.2500","92.2500","2014-05-01 22:00:00"
"67990","811","2","20","2014-04-21 00:00:00","2014-05-02 00:00:00","2014-04-21 00:00:00","2014-05-02 00:00:00","3.5000","87.5000","87.5000","2014-05-01 22:00:00"
"67990","811","6","50","2014-04-21 00:00:00","2014-05-02 00:00:00","2014-04-21 00:00:00","2014-05-02 00:00:00","3.0000","36.7500","36.7500","2014-05-01 22:00:00"
"67991","812","1","10","2014-04-21 00:00:00","2014-05-02 00:00:00","2014-04-21 00:00:00","2014-05-02 00:00:00","4.1000","92.2500","92.2500","2014-05-01 22:00:00"
"67991","812","2","20","2014-04-21 00:00:00","2014-05-02 00:00:00","2014-04-21 00:00:00","2014-05-02 00:00:00","3.5000","87.5000","87.5000","2014-05-01 22:00:00"
"67991","812","6","50","2014-04-21 00:00:00","2014-05-02 00:00:00","2014-04-21 00:00:00","2014-05-02 00:00:00","3.0000","36.7500","36.7500","2014-05-01 22:00:00"
"67992","813","1","10","2014-04-21 00:00:00","2014-05-02 00:00:00","2014-04-21 00:00:00","2014-05-02 00:00:00","4.1000","92.2500","92.2500","2014-05-01 22:00:00"
"67992","813","2","20","2014-04-21 00:00:00","2014-05-02 00:00:00","2014-04-21 00:00:00","2014-05-02 00:00:00","3.5000","87.5000","87.5000","2014-05-01 22:00:00"
"67992","813","6","50","2014-04-21 00:00:00","2014-05-02 00:00:00","2014-04-21 00:00:00","2014-05-02 00:00:00","3.0000","36.7500","36.7500","2014-05-01 22:00:00"
"67993","815","6","50","2014-04-21 00:00:00","2014-05-02 00:00:00","2014-04-21 00:00:00","2014-05-02 00:00:00","3.0000","36.7500","36.7500","2014-05-01 22:00:00"
"67994","816","6","50","2014-04-21 00:00:00","2014-05-02 00:00:00","2014-04-21 00:00:00","2014-05-02 00:00:00","3.0000","36.7500","36.7500","2014-05-01 22:00:00"
"67995","818","6","50","2014-04-21 00:00:00","2014-05-02 00:00:00","2014-04-21 00:00:00","2014-05-02 00:00:00","3.0000","36.7500","36.7500","2014-05-01 22:00:00"
"67996","819","6","50","2014-04-21 00:00:00","2014-05-02 00:00:00","2014-04-21 00:00:00","2014-05-02 00:00:00","3.0000","36.7500","36.7500","2014-05-01 22:00:00"
"67997","820","6","50","2014-04-21 00:00:00","2014-05-02 00:00:00","2014-04-21 00:00:00","2014-05-02 00:00:00","3.0000","36.7500","36.7500","2014-05-01 22:00:00"
"67998","821","6","50","2014-04-21 00:00:00","2014-05-02 00:00:00","2014-04-21 00:00:00","2014-05-02 00:00:00","3.0000","36.7500","36.7500","2014-05-01 22:00:00"
"67999","822","1","10","2014-04-21 00:00:00","2014-05-02 00:00:00","2014-04-21 00:00:00","2014-05-02 00:00:00","4.1000","92.2500","92.2500","2014-05-01 22:00:00"
"67999","822","2","20","2014-04-21 00:00:00","2014-05-02 00:00:00","2014-04-21 00:00:00","2014-05-02 00:00:00","3.5000","87.5000","87.5000","2014-05-01 22:00:00"
"67999","822","3","30","2014-04-21 00:00:00","2014-05-02 00:00:00","2014-04-21 00:00:00","2014-05-02 00:00:00","1.0000","14.5000","14.5000","2014-05-01 22:00:00"
"67999","822","4","40","2014-04-21 00:00:00","2014-05-02 00:00:00","2014-04-21 00:00:00","2014-05-02 00:00:00","2.0000","31.5000","31.5000","2014-05-01 22:00:00"
"67999","822","6","50","2014-04-21 00:00:00","2014-05-02 00:00:00","2014-04-21 00:00:00","2014-05-02 00:00:00","3.0000","36.7500","36.7500","2014-05-01 22:00:00"
"67999","822","7","60","2014-04-21 00:00:00","2014-05-02 00:00:00","2014-04-21 00:00:00","2014-05-02 00:00:00","4.0000","49.0000","49.0000","2014-05-01 22:00:00"
"68000","823","6","50","2014-04-21 00:00:00","2014-05-02 00:00:00","2014-04-21 00:00:00","2014-05-02 00:00:00","3.0000","36.7500","36.7500","2014-05-01 22:00:00"
"68001","824","6","50","2014-04-21 00:00:00","2014-05-02 00:00:00","2014-04-21 00:00:00","2014-05-02 00:00:00","3.0000","36.7500","36.7500","2014-05-01 22:00:00"
"68002","826","6","50","2014-04-21 00:00:00","2014-05-02 00:00:00","2014-04-21 00:00:00","2014-05-02 00:00:00","3.0000","36.7500","36.7500","2014-05-01 22:00:00"
"68003","827","6","50","2014-04-21 00:00:00","2014-05-02 00:00:00","2014-04-21 00:00:00","2014-05-02 00:00:00","3.0000","36.7500","36.7500","2014-05-01 22:00:00"
"68004","828","6","50","2014-04-21 00:00:00","2014-05-02 00:00:00","2014-04-21 00:00:00","2014-05-02 00:00:00","3.0000","36.7500","36.7500","2014-05-01 22:00:00"
"68005","829","6","50","2014-04-21 00:00:00","2014-05-02 00:00:00","2014-04-21 00:00:00","2014-05-02 00:00:00","3.0000","36.7500","36.7500","2014-05-01 22:00:00"
"68016","894","6","50","2014-04-21 00:00:00","2014-05-02 00:00:00","2014-04-21 00:00:00","2014-05-02 00:00:00","3.0000","36.7500","36.7500","2014-05-01 22:00:00"
"68022","944","1","10","2014-04-21 00:00:00","2014-05-02 00:00:00","2014-04-21 00:00:00","2014-05-02 00:00:00","4.1000","92.2500","92.2500","2014-05-01 22:00:00"
"68022","944","2","20","2014-04-21 00:00:00","2014-05-02 00:00:00","2014-04-21 00:00:00","2014-05-02 00:00:00","3.5000","87.5000","87.5000","2014-05-01 22:00:00"
"68022","944","3","30","2014-04-21 00:00:00","2014-05-02 00:00:00","2014-04-21 00:00:00","2014-05-02 00:00:00","1.0000","14.5000","14.5000","2014-05-01 22:00:00"
"68022","944","5","45","2014-04-21 00:00:00","2014-05-02 00:00:00","2014-04-21 00:00:00","2014-05-02 00:00:00","2.0000","36.0000","36.0000","2014-05-01 22:00:00"
"68022","944","6","50","2014-04-21 00:00:00","2014-05-02 00:00:00","2014-04-21 00:00:00","2014-05-02 00:00:00","3.0000","36.7500","36.7500","2014-05-01 22:00:00"
"68022","944","7","60","2014-04-21 00:00:00","2014-05-02 00:00:00","2014-04-21 00:00:00","2014-05-02 00:00:00","4.0000","49.0000","49.0000","2014-05-01 22:00:00"
"68023","945","1","10","2014-04-21 00:00:00","2014-05-02 00:00:00","2014-04-21 00:00:00","2014-05-02 00:00:00","4.1000","92.2500","92.2500","2014-05-01 22:00:00"
"68023","945","6","50","2014-04-21 00:00:00","2014-05-02 00:00:00","2014-04-21 00:00:00","2014-05-02 00:00:00","3.0000","36.7500","36.7500","2014-05-01 22:00:00"
"68024","946","1","10","2014-04-21 00:00:00","2014-05-02 00:00:00","2014-04-21 00:00:00","2014-05-02 00:00:00","4.1000","92.2500","92.2500","2014-05-01 22:00:00"
"68024","946","2","20","2014-04-21 00:00:00","2014-05-02 00:00:00","2014-04-21 00:00:00","2014-05-02 00:00:00","3.5000","87.5000","87.5000","2014-05-01 22:00:00"
"68024","946","6","50","2014-04-21 00:00:00","2014-05-02 00:00:00","2014-04-21 00:00:00","2014-05-02 00:00:00","3.0000","36.7500","36.7500","2014-05-01 22:00:00"
"68025","947","1","10","2014-04-21 00:00:00","2014-05-02 00:00:00","2014-04-21 00:00:00","2014-05-02 00:00:00","4.1000","92.2500","92.2500","2014-05-01 22:00:00"
"68025","947","2","20","2014-04-21 00:00:00","2014-05-02 00:00:00","2014-04-21 00:00:00","2014-05-02 00:00:00","3.5000","87.5000","87.5000","2014-05-01 22:00:00"
"68025","947","6","50","2014-04-21 00:00:00","2014-05-02 00:00:00","2014-04-21 00:00:00","2014-05-02 00:00:00","3.0000","36.7500","36.7500","2014-05-01 22:00:00"
"68026","949","6","50","2014-04-21 00:00:00","2014-05-02 00:00:00","2014-04-21 00:00:00","2014-05-02 00:00:00","3.0000","36.7500","36.7500","2014-05-01 22:00:00"
"68027","950","6","50","2014-04-21 00:00:00","2014-05-02 00:00:00","2014-04-21 00:00:00","2014-05-02 00:00:00","3.0000","36.7500","36.7500","2014-05-01 22:00:00"
"68028","951","6","50","2014-04-21 00:00:00","2014-05-02 00:00:00","2014-04-21 00:00:00","2014-05-02 00:00:00","3.0000","36.7500","36.7500","2014-05-01 22:00:00"
"68029","994","6","50","2014-04-21 00:00:00","2014-05-02 00:00:00","2014-04-21 00:00:00","2014-05-02 00:00:00","3.0000","36.7500","36.7500","2014-05-01 22:00:00"
"68030","995","6","50","2014-04-21 00:00:00","2014-05-02 00:00:00","2014-04-21 00:00:00","2014-05-02 00:00:00","3.0000","36.7500","36.7500","2014-05-01 22:00:00"
"68031","996","6","50","2014-04-21 00:00:00","2014-05-02 00:00:00","2014-04-21 00:00:00","2014-05-02 00:00:00","3.0000","36.7500","36.7500","2014-05-01 22:00:00"
"68046","802","1","10","2014-04-21 00:00:00","2014-05-02 00:00:00","2014-04-21 00:00:00","2014-05-02 00:00:00","4.1000","92.2500","92.2500","2014-05-01 22:00:00"
"68046","802","6","50","2014-04-21 00:00:00","2014-05-02 00:00:00","2014-04-21 00:00:00","2014-05-02 00:00:00","3.0000","36.7500","36.7500","2014-05-01 22:00:00"
"68047","803","1","10","2014-04-21 00:00:00","2014-05-02 00:00:00","2014-04-21 00:00:00","2014-05-02 00:00:00","4.1000","92.2500","92.2500","2014-05-01 22:00:00"
"68047","803","6","50","2014-04-21 00:00:00","2014-05-02 00:00:00","2014-04-21 00:00:00","2014-05-02 00:00:00","3.0000","36.7500","36.7500","2014-05-01 22:00:00"
"68048","804","1","10","2014-04-21 00:00:00","2014-05-02 00:00:00","2014-04-21 00:00:00","2014-05-02 00:00:00","4.1000","92.2500","92.2500","2014-05-01 22:00:00"
"68048","804","6","50","2014-04-21 00:00:00","2014-05-02 00:00:00","2014-04-21 00:00:00","2014-05-02 00:00:00","3.0000","36.7500","36.7500","2014-05-01 22:00:00"
"68053","779","7","60","2014-04-22 00:00:00","2014-05-03 00:00:00","2014-05-05 00:00:00","2014-05-06 00:00:00","4.0000","49.0000","49.0000","2014-05-05 22:00:00"
"68054","780","7","60","2014-04-22 00:00:00","2014-05-03 00:00:00","2014-05-05 00:00:00","2014-05-06 00:00:00","4.0000","49.0000","49.0000","2014-05-05 22:00:00"
"68055","781","7","60","2014-04-22 00:00:00","2014-05-03 00:00:00","2014-05-05 00:00:00","2014-05-06 00:00:00","4.0000","49.0000","49.0000","2014-05-05 22:00:00"
"68056","782","7","60","2014-04-22 00:00:00","2014-05-03 00:00:00","2014-05-05 00:00:00","2014-05-06 00:00:00","4.0000","49.0000","49.0000","2014-05-05 22:00:00"
"68057","783","7","60","2014-04-22 00:00:00","2014-05-03 00:00:00","2014-05-05 00:00:00","2014-05-06 00:00:00","4.0000","49.0000","49.0000","2014-05-05 22:00:00"
"68058","784","7","60","2014-04-22 00:00:00","2014-05-03 00:00:00","2014-05-05 00:00:00","2014-05-06 00:00:00","4.0000","49.0000","49.0000","2014-05-05 22:00:00"
"68059","794","7","60","2014-04-22 00:00:00","2014-05-03 00:00:00","2014-05-05 00:00:00","2014-05-06 00:00:00","4.0000","49.0000","49.0000","2014-05-05 22:00:00"
"68060","798","7","60","2014-04-22 00:00:00","2014-05-03 00:00:00","2014-05-05 00:00:00","2014-05-06 00:00:00","4.0000","49.0000","49.0000","2014-05-05 22:00:00"
"68061","800","7","60","2014-04-22 00:00:00","2014-05-03 00:00:00","2014-05-05 00:00:00","2014-05-06 00:00:00","4.0000","49.0000","49.0000","2014-05-05 22:00:00"
"68062","954","7","60","2014-04-22 00:00:00","2014-05-03 00:00:00","2014-05-05 00:00:00","2014-05-06 00:00:00","4.0000","49.0000","49.0000","2014-05-05 22:00:00"
"68063","956","7","60","2014-04-22 00:00:00","2014-05-03 00:00:00","2014-05-05 00:00:00","2014-05-06 00:00:00","4.0000","49.0000","49.0000","2014-05-05 22:00:00"
"68064","957","7","60","2014-04-22 00:00:00","2014-05-03 00:00:00","2014-05-05 00:00:00","2014-05-06 00:00:00","4.0000","49.0000","49.0000","2014-05-05 22:00:00"
"68065","959","7","60","2014-04-22 00:00:00","2014-05-03 00:00:00","2014-05-05 00:00:00","2014-05-06 00:00:00","4.0000","49.0000","49.0000","2014-05-05 22:00:00"
"68066","966","7","60","2014-04-22 00:00:00","2014-05-03 00:00:00","2014-05-05 00:00:00","2014-05-06 00:00:00","4.0000","49.0000","49.0000","2014-05-05 22:00:00"
"68067","967","7","60","2014-04-22 00:00:00","2014-05-03 00:00:00","2014-05-05 00:00:00","2014-05-06 00:00:00","4.0000","49.0000","49.0000","2014-05-05 22:00:00"
"68068","968","7","60","2014-04-22 00:00:00","2014-05-03 00:00:00","2014-05-05 00:00:00","2014-05-06 00:00:00","4.0000","49.0000","49.0000","2014-05-05 22:00:00"
"68069","969","7","60","2014-04-22 00:00:00","2014-05-03 00:00:00","2014-05-05 00:00:00","2014-05-06 00:00:00","4.0000","49.0000","49.0000","2014-05-05 22:00:00"
"68070","970","7","60","2014-04-22 00:00:00","2014-05-03 00:00:00","2014-05-05 00:00:00","2014-05-06 00:00:00","4.0000","49.0000","49.0000","2014-05-05 22:00:00"
"68071","973","7","60","2014-04-22 00:00:00","2014-05-03 00:00:00","2014-05-05 00:00:00","2014-05-06 00:00:00","4.0000","49.0000","49.0000","2014-05-05 22:00:00"
"68072","975","7","60","2014-04-22 00:00:00","2014-05-03 00:00:00","2014-05-05 00:00:00","2014-05-06 00:00:00","4.0000","49.0000","49.0000","2014-05-05 22:00:00"
"68073","976","7","60","2014-04-22 00:00:00","2014-05-03 00:00:00","2014-05-05 00:00:00","2014-05-06 00:00:00","4.0000","49.0000","49.0000","2014-05-05 22:00:00"
"68074","977","7","60","2014-04-22 00:00:00","2014-05-03 00:00:00","2014-05-05 00:00:00","2014-05-06 00:00:00","4.0000","49.0000","49.0000","2014-05-05 22:00:00"
"68075","980","7","60","2014-04-22 00:00:00","2014-05-03 00:00:00","2014-05-05 00:00:00","2014-05-06 00:00:00","4.0000","49.0000","49.0000","2014-05-05 22:00:00"
"68076","992","7","60","2014-04-22 00:00:00","2014-05-03 00:00:00","2014-05-05 00:00:00","2014-05-06 00:00:00","4.0000","49.0000","49.0000","2014-05-05 22:00:00"
"68077","997","7","60","2014-04-22 00:00:00","2014-05-03 00:00:00","2014-05-05 00:00:00","2014-05-06 00:00:00","4.0000","49.0000","49.0000","2014-05-05 22:00:00"
"68078","998","7","60","2014-04-22 00:00:00","2014-05-03 00:00:00","2014-05-05 00:00:00","2014-05-06 00:00:00","4.0000","49.0000","49.0000","2014-05-05 22:00:00"
"68079","999","7","60","2014-04-22 00:00:00","2014-05-03 00:00:00","2014-05-05 00:00:00","2014-05-06 00:00:00","4.0000","49.0000","49.0000","2014-05-05 22:00:00"
"68080","514","6","50","2014-04-22 00:00:00","2014-05-03 00:00:00","2014-05-05 00:00:00","2014-05-06 00:00:00","3.0000","36.7500","36.7500","2014-05-05 22:00:00"
"68080","514","7","60","2014-04-22 00:00:00","2014-05-03 00:00:00","2014-05-05 00:00:00","2014-05-06 00:00:00","4.0000","49.0000","49.0000","2014-05-05 22:00:00"
"68081","516","6","50","2014-04-22 00:00:00","2014-05-03 00:00:00","2014-05-05 00:00:00","2014-05-06 00:00:00","3.0000","36.7500","36.7500","2014-05-05 22:00:00"
"68081","516","7","60","2014-04-22 00:00:00","2014-05-03 00:00:00","2014-05-05 00:00:00","2014-05-06 00:00:00","4.0000","49.0000","49.0000","2014-05-05 22:00:00"
"68082","517","6","50","2014-04-22 00:00:00","2014-05-03 00:00:00","2014-05-05 00:00:00","2014-05-06 00:00:00","3.0000","36.7500","36.7500","2014-05-05 22:00:00"
"68082","517","7","60","2014-04-22 00:00:00","2014-05-03 00:00:00","2014-05-05 00:00:00","2014-05-06 00:00:00","4.0000","49.0000","49.0000","2014-05-05 22:00:00"
"68083","518","6","50","2014-04-22 00:00:00","2014-05-03 00:00:00","2014-05-05 00:00:00","2014-05-06 00:00:00","3.0000","36.7500","36.7500","2014-05-05 22:00:00"
"68083","518","7","60","2014-04-22 00:00:00","2014-05-03 00:00:00","2014-05-05 00:00:00","2014-05-06 00:00:00","4.0000","49.0000","49.0000","2014-05-05 22:00:00"
"68084","519","6","50","2014-04-22 00:00:00","2014-05-03 00:00:00","2014-05-05 00:00:00","2014-05-06 00:00:00","3.0000","36.7500","36.7500","2014-05-05 22:00:00"
"68084","519","7","60","2014-04-22 00:00:00","2014-05-03 00:00:00","2014-05-05 00:00:00","2014-05-06 00:00:00","4.0000","49.0000","49.0000","2014-05-05 22:00:00"
"68085","520","6","50","2014-04-22 00:00:00","2014-05-03 00:00:00","2014-05-05 00:00:00","2014-05-06 00:00:00","3.0000","36.7500","36.7500","2014-05-05 22:00:00"
"68085","520","7","60","2014-04-22 00:00:00","2014-05-03 00:00:00","2014-05-05 00:00:00","2014-05-06 00:00:00","4.0000","49.0000","49.0000","2014-05-05 22:00:00"
"68086","521","6","50","2014-04-22 00:00:00","2014-05-03 00:00:00","2014-05-05 00:00:00","2014-05-06 00:00:00","3.0000","36.7500","36.7500","2014-05-05 22:00:00"
"68086","521","7","60","2014-04-22 00:00:00","2014-05-03 00:00:00","2014-05-05 00:00:00","2014-05-06 00:00:00","4.0000","49.0000","49.0000","2014-05-05 22:00:00"
"68087","522","6","50","2014-04-22 00:00:00","2014-05-03 00:00:00","2014-05-05 00:00:00","2014-05-06 00:00:00","3.0000","36.7500","36.7500","2014-05-05 22:00:00"
"68087","522","7","60","2014-04-22 00:00:00","2014-05-03 00:00:00","2014-05-05 00:00:00","2014-05-06 00:00:00","4.0000","49.0000","49.0000","2014-05-05 22:00:00"
"68096","747","1","10","2014-04-22 00:00:00","2014-05-03 00:00:00","2014-05-05 00:00:00","2014-05-06 00:00:00","4.1000","92.2500","92.2500","2014-05-05 22:00:00"
"68096","747","2","20","2014-04-22 00:00:00","2014-05-03 00:00:00","2014-05-05 00:00:00","2014-05-06 00:00:00","3.5000","87.5000","87.5000","2014-05-05 22:00:00"
"68096","747","3","30","2014-04-22 00:00:00","2014-05-03 00:00:00","2014-05-05 00:00:00","2014-05-06 00:00:00","1.0000","14.5000","14.5000","2014-05-05 22:00:00"
"68096","747","4","40","2014-04-22 00:00:00","2014-05-03 00:00:00","2014-05-05 00:00:00","2014-05-06 00:00:00","2.0000","31.5000","31.5000","2014-05-05 22:00:00"
"68096","747","6","50","2014-04-22 00:00:00","2014-05-03 00:00:00","2014-05-05 00:00:00","2014-05-06 00:00:00","3.0000","36.7500","36.7500","2014-05-05 22:00:00"
"68096","747","7","60","2014-04-22 00:00:00","2014-05-03 00:00:00","2014-05-05 00:00:00","2014-05-06 00:00:00","4.0000","49.0000","49.0000","2014-05-05 22:00:00"
"68097","748","1","10","2014-04-22 00:00:00","2014-05-03 00:00:00","2014-05-05 00:00:00","2014-05-06 00:00:00","4.1000","92.2500","92.2500","2014-05-05 22:00:00"
"68097","748","2","20","2014-04-22 00:00:00","2014-05-03 00:00:00","2014-05-05 00:00:00","2014-05-06 00:00:00","3.5000","87.5000","87.5000","2014-05-05 22:00:00"
"68097","748","3","30","2014-04-22 00:00:00","2014-05-03 00:00:00","2014-05-05 00:00:00","2014-05-06 00:00:00","1.0000","14.5000","14.5000","2014-05-05 22:00:00"
"68097","748","5","45","2014-04-22 00:00:00","2014-05-03 00:00:00","2014-05-05 00:00:00","2014-05-06 00:00:00","2.0000","36.0000","36.0000","2014-05-05 22:00:00"
"68097","748","6","50","2014-04-22 00:00:00","2014-05-03 00:00:00","2014-05-05 00:00:00","2014-05-06 00:00:00","3.0000","36.7500","36.7500","2014-05-05 22:00:00"
"68097","748","7","60","2014-04-22 00:00:00","2014-05-03 00:00:00","2014-05-05 00:00:00","2014-05-06 00:00:00","4.0000","49.0000","49.0000","2014-05-05 22:00:00"
"68098","805","6","50","2014-04-22 00:00:00","2014-05-03 00:00:00","2014-05-05 00:00:00","2014-05-06 00:00:00","3.0000","36.7500","36.7500","2014-05-05 22:00:00"
"68099","806","6","50","2014-04-22 00:00:00","2014-05-03 00:00:00","2014-05-05 00:00:00","2014-05-06 00:00:00","3.0000","36.7500","36.7500","2014-05-05 22:00:00"
"68100","807","6","50","2014-04-22 00:00:00","2014-05-03 00:00:00","2014-05-05 00:00:00","2014-05-06 00:00:00","3.0000","36.7500","36.7500","2014-05-05 22:00:00"
"68101","808","1","10","2014-04-22 00:00:00","2014-05-03 00:00:00","2014-05-05 00:00:00","2014-05-06 00:00:00","4.1000","92.2500","92.2500","2014-05-05 22:00:00"
"68101","808","2","20","2014-04-22 00:00:00","2014-05-03 00:00:00","2014-05-05 00:00:00","2014-05-06 00:00:00","3.5000","87.5000","87.5000","2014-05-05 22:00:00"
"68101","808","6","50","2014-04-22 00:00:00","2014-05-03 00:00:00","2014-05-05 00:00:00","2014-05-06 00:00:00","3.0000","36.7500","36.7500","2014-05-05 22:00:00"
"68102","810","1","10","2014-04-22 00:00:00","2014-05-03 00:00:00","2014-05-05 00:00:00","2014-05-06 00:00:00","4.1000","92.2500","92.2500","2014-05-05 22:00:00"
"68102","810","2","20","2014-04-22 00:00:00","2014-05-03 00:00:00","2014-05-05 00:00:00","2014-05-06 00:00:00","3.5000","87.5000","87.5000","2014-05-05 22:00:00"
"68102","810","6","50","2014-04-22 00:00:00","2014-05-03 00:00:00","2014-05-05 00:00:00","2014-05-06 00:00:00","3.0000","36.7500","36.7500","2014-05-05 22:00:00"
"68103","811","1","10","2014-04-22 00:00:00","2014-05-03 00:00:00","2014-05-05 00:00:00","2014-05-06 00:00:00","4.1000","92.2500","92.2500","2014-05-05 22:00:00"
"68103","811","2","20","2014-04-22 00:00:00","2014-05-03 00:00:00","2014-05-05 00:00:00","2014-05-06 00:00:00","3.5000","87.5000","87.5000","2014-05-05 22:00:00"
"68103","811","6","50","2014-04-22 00:00:00","2014-05-03 00:00:00","2014-05-05 00:00:00","2014-05-06 00:00:00","3.0000","36.7500","36.7500","2014-05-05 22:00:00"
"68104","812","1","10","2014-04-22 00:00:00","2014-05-03 00:00:00","2014-05-05 00:00:00","2014-05-06 00:00:00","4.1000","92.2500","92.2500","2014-05-05 22:00:00"
"68104","812","2","20","2014-04-22 00:00:00","2014-05-03 00:00:00","2014-05-05 00:00:00","2014-05-06 00:00:00","3.5000","87.5000","87.5000","2014-05-05 22:00:00"
"68104","812","6","50","2014-04-22 00:00:00","2014-05-03 00:00:00","2014-05-05 00:00:00","2014-05-06 00:00:00","3.0000","36.7500","36.7500","2014-05-05 22:00:00"
"68105","813","1","10","2014-04-22 00:00:00","2014-05-03 00:00:00","2014-05-05 00:00:00","2014-05-06 00:00:00","4.1000","92.2500","92.2500","2014-05-05 22:00:00"
"68105","813","2","20","2014-04-22 00:00:00","2014-05-03 00:00:00","2014-05-05 00:00:00","2014-05-06 00:00:00","3.5000","87.5000","87.5000","2014-05-05 22:00:00"
"68105","813","6","50","2014-04-22 00:00:00","2014-05-03 00:00:00","2014-05-05 00:00:00","2014-05-06 00:00:00","3.0000","36.7500","36.7500","2014-05-05 22:00:00"
"68106","815","6","50","2014-04-22 00:00:00","2014-05-03 00:00:00","2014-05-05 00:00:00","2014-05-06 00:00:00","3.0000","36.7500","36.7500","2014-05-05 22:00:00"
"68107","816","6","50","2014-04-22 00:00:00","2014-05-03 00:00:00","2014-05-05 00:00:00","2014-05-06 00:00:00","3.0000","36.7500","36.7500","2014-05-05 22:00:00"
"68108","818","6","50","2014-04-22 00:00:00","2014-05-03 00:00:00","2014-05-05 00:00:00","2014-05-06 00:00:00","3.0000","36.7500","36.7500","2014-05-05 22:00:00"
"68109","819","6","50","2014-04-22 00:00:00","2014-05-03 00:00:00","2014-05-05 00:00:00","2014-05-06 00:00:00","3.0000","36.7500","36.7500","2014-05-05 22:00:00"
"68110","820","6","50","2014-04-22 00:00:00","2014-05-03 00:00:00","2014-05-05 00:00:00","2014-05-06 00:00:00","3.0000","36.7500","36.7500","2014-05-05 22:00:00"
"68111","821","6","50","2014-04-22 00:00:00","2014-05-03 00:00:00","2014-05-05 00:00:00","2014-05-06 00:00:00","3.0000","36.7500","36.7500","2014-05-05 22:00:00"
"68112","823","6","50","2014-04-22 00:00:00","2014-05-03 00:00:00","2014-05-05 00:00:00","2014-05-06 00:00:00","3.0000","36.7500","36.7500","2014-05-05 22:00:00"
"68113","824","6","50","2014-04-22 00:00:00","2014-05-03 00:00:00","2014-05-05 00:00:00","2014-05-06 00:00:00","3.0000","36.7500","36.7500","2014-05-05 22:00:00"
"68114","826","6","50","2014-04-22 00:00:00","2014-05-03 00:00:00","2014-05-05 00:00:00","2014-05-06 00:00:00","3.0000","36.7500","36.7500","2014-05-05 22:00:00"
"68115","827","6","50","2014-04-22 00:00:00","2014-05-03 00:00:00","2014-05-05 00:00:00","2014-05-06 00:00:00","3.0000","36.7500","36.7500","2014-05-05 22:00:00"
"68116","828","6","50","2014-04-22 00:00:00","2014-05-03 00:00:00","2014-05-05 00:00:00","2014-05-06 00:00:00","3.0000","36.7500","36.7500","2014-05-05 22:00:00"
"68117","829","6","50","2014-04-22 00:00:00","2014-05-03 00:00:00","2014-05-05 00:00:00","2014-05-06 00:00:00","3.0000","36.7500","36.7500","2014-05-05 22:00:00"
"68129","894","6","50","2014-04-22 00:00:00","2014-05-03 00:00:00","2014-05-05 00:00:00","2014-05-06 00:00:00","3.0000","36.7500","36.7500","2014-05-05 22:00:00"
"68132","942","1","10","2014-04-22 00:00:00","2014-05-03 00:00:00","2014-05-05 00:00:00","2014-05-06 00:00:00","4.1000","92.2500","92.2500","2014-05-05 22:00:00"
"68132","942","2","20","2014-04-22 00:00:00","2014-05-03 00:00:00","2014-05-05 00:00:00","2014-05-06 00:00:00","3.5000","87.5000","87.5000","2014-05-05 22:00:00"
"68132","942","3","30","2014-04-22 00:00:00","2014-05-03 00:00:00","2014-05-05 00:00:00","2014-05-06 00:00:00","1.0000","14.5000","14.5000","2014-05-05 22:00:00"
"68132","942","5","45","2014-04-22 00:00:00","2014-05-03 00:00:00","2014-05-05 00:00:00","2014-05-06 00:00:00","2.0000","36.0000","36.0000","2014-05-05 22:00:00"
"68132","942","6","50","2014-04-22 00:00:00","2014-05-03 00:00:00","2014-05-05 00:00:00","2014-05-06 00:00:00","3.0000","36.7500","36.7500","2014-05-05 22:00:00"
"68132","942","7","60","2014-04-22 00:00:00","2014-05-03 00:00:00","2014-05-05 00:00:00","2014-05-06 00:00:00","4.0000","49.0000","49.0000","2014-05-05 22:00:00"
"68133","945","1","10","2014-04-22 00:00:00","2014-05-03 00:00:00","2014-05-05 00:00:00","2014-05-06 00:00:00","4.1000","92.2500","92.2500","2014-05-05 22:00:00"
"68133","945","6","50","2014-04-22 00:00:00","2014-05-03 00:00:00","2014-05-05 00:00:00","2014-05-06 00:00:00","3.0000","36.7500","36.7500","2014-05-05 22:00:00"
"68134","946","1","10","2014-04-22 00:00:00","2014-05-03 00:00:00","2014-05-05 00:00:00","2014-05-06 00:00:00","4.1000","92.2500","92.2500","2014-05-05 22:00:00"
"68134","946","2","20","2014-04-22 00:00:00","2014-05-03 00:00:00","2014-05-05 00:00:00","2014-05-06 00:00:00","3.5000","87.5000","87.5000","2014-05-05 22:00:00"
"68134","946","6","50","2014-04-22 00:00:00","2014-05-03 00:00:00","2014-05-05 00:00:00","2014-05-06 00:00:00","3.0000","36.7500","36.7500","2014-05-05 22:00:00"
"68135","947","1","10","2014-04-22 00:00:00","2014-05-03 00:00:00","2014-05-05 00:00:00","2014-05-06 00:00:00","4.1000","92.2500","92.2500","2014-05-05 22:00:00"
"68135","947","2","20","2014-04-22 00:00:00","2014-05-03 00:00:00","2014-05-05 00:00:00","2014-05-06 00:00:00","3.5000","87.5000","87.5000","2014-05-05 22:00:00"
"68135","947","6","50","2014-04-22 00:00:00","2014-05-03 00:00:00","2014-05-05 00:00:00","2014-05-06 00:00:00","3.0000","36.7500","36.7500","2014-05-05 22:00:00"
"68136","949","6","50","2014-04-22 00:00:00","2014-05-03 00:00:00","2014-05-05 00:00:00","2014-05-06 00:00:00","3.0000","36.7500","36.7500","2014-05-05 22:00:00"
"68137","950","6","50","2014-04-22 00:00:00","2014-05-03 00:00:00","2014-05-05 00:00:00","2014-05-06 00:00:00","3.0000","36.7500","36.7500","2014-05-05 22:00:00"
"68138","951","6","50","2014-04-22 00:00:00","2014-05-03 00:00:00","2014-05-05 00:00:00","2014-05-06 00:00:00","3.0000","36.7500","36.7500","2014-05-05 22:00:00"
"68139","994","6","50","2014-04-22 00:00:00","2014-05-03 00:00:00","2014-05-05 00:00:00","2014-05-06 00:00:00","3.0000","36.7500","36.7500","2014-05-05 22:00:00"
"68140","995","6","50","2014-04-22 00:00:00","2014-05-03 00:00:00","2014-05-05 00:00:00","2014-05-06 00:00:00","3.0000","36.7500","36.7500","2014-05-05 22:00:00"
"68141","996","6","50","2014-04-22 00:00:00","2014-05-03 00:00:00","2014-05-05 00:00:00","2014-05-06 00:00:00","3.0000","36.7500","36.7500","2014-05-05 22:00:00"
"68156","802","1","10","2014-04-22 00:00:00","2014-05-03 00:00:00","2014-05-05 00:00:00","2014-05-06 00:00:00","4.1000","92.2500","92.2500","2014-05-05 22:00:00"
"68156","802","6","50","2014-04-22 00:00:00","2014-05-03 00:00:00","2014-05-05 00:00:00","2014-05-06 00:00:00","3.0000","36.7500","36.7500","2014-05-05 22:00:00"
"68157","803","1","10","2014-04-22 00:00:00","2014-05-03 00:00:00","2014-05-05 00:00:00","2014-05-06 00:00:00","4.1000","92.2500","92.2500","2014-05-05 22:00:00"
"68157","803","6","50","2014-04-22 00:00:00","2014-05-03 00:00:00","2014-05-05 00:00:00","2014-05-06 00:00:00","3.0000","36.7500","36.7500","2014-05-05 22:00:00"
"68158","804","1","10","2014-04-22 00:00:00","2014-05-03 00:00:00","2014-05-05 00:00:00","2014-05-06 00:00:00","4.1000","92.2500","92.2500","2014-05-05 22:00:00"
"68158","804","6","50","2014-04-22 00:00:00","2014-05-03 00:00:00","2014-05-05 00:00:00","2014-05-06 00:00:00","3.0000","36.7500","36.7500","2014-05-05 22:00:00"
"68163","779","7","60","2014-04-23 00:00:00","2014-05-04 00:00:00","2014-04-23 00:00:00","2014-05-04 00:00:00","4.0000","49.0000","49.0000","2014-05-03 22:00:00"
"68164","780","7","60","2014-04-23 00:00:00","2014-05-04 00:00:00","2014-04-23 00:00:00","2014-05-04 00:00:00","4.0000","49.0000","49.0000","2014-05-03 22:00:00"
"68165","781","7","60","2014-04-23 00:00:00","2014-05-04 00:00:00","2014-04-23 00:00:00","2014-05-04 00:00:00","4.0000","49.0000","49.0000","2014-05-03 22:00:00"
"68166","782","7","60","2014-04-23 00:00:00","2014-05-04 00:00:00","2014-04-23 00:00:00","2014-05-04 00:00:00","4.0000","49.0000","49.0000","2014-05-03 22:00:00"
"68167","797","7","60","2014-04-23 00:00:00","2014-05-04 00:00:00","2014-04-23 00:00:00","2014-05-04 00:00:00","4.0000","49.0000","49.0000","2014-05-03 22:00:00"
"68168","800","7","60","2014-04-23 00:00:00","2014-05-04 00:00:00","2014-04-23 00:00:00","2014-05-04 00:00:00","4.0000","49.0000","49.0000","2014-05-03 22:00:00"
"68169","801","7","60","2014-04-23 00:00:00","2014-05-04 00:00:00","2014-04-23 00:00:00","2014-05-04 00:00:00","4.0000","49.0000","49.0000","2014-05-03 22:00:00"
"68170","956","7","60","2014-04-23 00:00:00","2014-05-04 00:00:00","2014-04-23 00:00:00","2014-05-04 00:00:00","4.0000","49.0000","49.0000","2014-05-03 22:00:00"
"68171","957","7","60","2014-04-23 00:00:00","2014-05-04 00:00:00","2014-04-23 00:00:00","2014-05-04 00:00:00","4.0000","49.0000","49.0000","2014-05-03 22:00:00"
"68172","959","7","60","2014-04-23 00:00:00","2014-05-04 00:00:00","2014-04-23 00:00:00","2014-05-04 00:00:00","4.0000","49.0000","49.0000","2014-05-03 22:00:00"
"68173","960","7","60","2014-04-23 00:00:00","2014-05-04 00:00:00","2014-04-23 00:00:00","2014-05-04 00:00:00","4.0000","49.0000","49.0000","2014-05-03 22:00:00"
"68174","964","7","60","2014-04-23 00:00:00","2014-05-04 00:00:00","2014-04-23 00:00:00","2014-05-04 00:00:00","4.0000","49.0000","49.0000","2014-05-03 22:00:00"
"68175","965","7","60","2014-04-23 00:00:00","2014-05-04 00:00:00","2014-04-23 00:00:00","2014-05-04 00:00:00","4.0000","49.0000","49.0000","2014-05-03 22:00:00"
"68176","969","7","60","2014-04-23 00:00:00","2014-05-04 00:00:00","2014-04-23 00:00:00","2014-05-04 00:00:00","4.0000","49.0000","49.0000","2014-05-03 22:00:00"
"68177","971","7","60","2014-04-23 00:00:00","2014-05-04 00:00:00","2014-04-23 00:00:00","2014-05-04 00:00:00","4.0000","49.0000","49.0000","2014-05-03 22:00:00"
"68178","972","7","60","2014-04-23 00:00:00","2014-05-04 00:00:00","2014-04-23 00:00:00","2014-05-04 00:00:00","4.0000","49.0000","49.0000","2014-05-03 22:00:00"
"68179","973","7","60","2014-04-23 00:00:00","2014-05-04 00:00:00","2014-04-23 00:00:00","2014-05-04 00:00:00","4.0000","49.0000","49.0000","2014-05-03 22:00:00"
"68180","976","7","60","2014-04-23 00:00:00","2014-05-04 00:00:00","2014-04-23 00:00:00","2014-05-04 00:00:00","4.0000","49.0000","49.0000","2014-05-03 22:00:00"
"68181","984","7","60","2014-04-23 00:00:00","2014-05-04 00:00:00","2014-04-23 00:00:00","2014-05-04 00:00:00","4.0000","49.0000","49.0000","2014-05-03 22:00:00"
"68182","989","7","60","2014-04-23 00:00:00","2014-05-04 00:00:00","2014-04-23 00:00:00","2014-05-04 00:00:00","4.0000","49.0000","49.0000","2014-05-03 22:00:00"
"68183","991","7","60","2014-04-23 00:00:00","2014-05-04 00:00:00","2014-04-23 00:00:00","2014-05-04 00:00:00","4.0000","49.0000","49.0000","2014-05-03 22:00:00"
"68184","997","7","60","2014-04-23 00:00:00","2014-05-04 00:00:00","2014-04-23 00:00:00","2014-05-04 00:00:00","4.0000","49.0000","49.0000","2014-05-03 22:00:00"
"68185","998","7","60","2014-04-23 00:00:00","2014-05-04 00:00:00","2014-04-23 00:00:00","2014-05-04 00:00:00","4.0000","49.0000","49.0000","2014-05-03 22:00:00"
"68186","999","7","60","2014-04-23 00:00:00","2014-05-04 00:00:00","2014-04-23 00:00:00","2014-05-04 00:00:00","4.0000","49.0000","49.0000","2014-05-03 22:00:00"
"68187","514","6","50","2014-04-23 00:00:00","2014-05-04 00:00:00","2014-04-23 00:00:00","2014-05-04 00:00:00","3.0000","36.7500","36.7500","2014-05-03 22:00:00"
"68187","514","7","60","2014-04-23 00:00:00","2014-05-04 00:00:00","2014-04-23 00:00:00","2014-05-04 00:00:00","4.0000","49.0000","49.0000","2014-05-03 22:00:00"
"68188","516","6","50","2014-04-23 00:00:00","2014-05-04 00:00:00","2014-04-23 00:00:00","2014-05-04 00:00:00","3.0000","36.7500","36.7500","2014-05-03 22:00:00"
"68188","516","7","60","2014-04-23 00:00:00","2014-05-04 00:00:00","2014-04-23 00:00:00","2014-05-04 00:00:00","4.0000","49.0000","49.0000","2014-05-03 22:00:00"
"68189","517","6","50","2014-04-23 00:00:00","2014-05-04 00:00:00","2014-04-23 00:00:00","2014-05-04 00:00:00","3.0000","36.7500","36.7500","2014-05-03 22:00:00"
"68189","517","7","60","2014-04-23 00:00:00","2014-05-04 00:00:00","2014-04-23 00:00:00","2014-05-04 00:00:00","4.0000","49.0000","49.0000","2014-05-03 22:00:00"
"68190","518","6","50","2014-04-23 00:00:00","2014-05-04 00:00:00","2014-04-23 00:00:00","2014-05-04 00:00:00","3.0000","36.7500","36.7500","2014-05-03 22:00:00"
"68190","518","7","60","2014-04-23 00:00:00","2014-05-04 00:00:00","2014-04-23 00:00:00","2014-05-04 00:00:00","4.0000","49.0000","49.0000","2014-05-03 22:00:00"
"68191","520","6","50","2014-04-23 00:00:00","2014-05-04 00:00:00","2014-04-23 00:00:00","2014-05-04 00:00:00","3.0000","36.7500","36.7500","2014-05-03 22:00:00"
"68191","520","7","60","2014-04-23 00:00:00","2014-05-04 00:00:00","2014-04-23 00:00:00","2014-05-04 00:00:00","4.0000","49.0000","49.0000","2014-05-03 22:00:00"
"68192","521","6","50","2014-04-23 00:00:00","2014-05-04 00:00:00","2014-04-23 00:00:00","2014-05-04 00:00:00","3.0000","36.7500","36.7500","2014-05-03 22:00:00"
"68192","521","7","60","2014-04-23 00:00:00","2014-05-04 00:00:00","2014-04-23 00:00:00","2014-05-04 00:00:00","4.0000","49.0000","49.0000","2014-05-03 22:00:00"
"68193","522","6","50","2014-04-23 00:00:00","2014-05-04 00:00:00","2014-04-23 00:00:00","2014-05-04 00:00:00","3.0000","36.7500","36.7500","2014-05-03 22:00:00"
"68193","522","7","60","2014-04-23 00:00:00","2014-05-04 00:00:00","2014-04-23 00:00:00","2014-05-04 00:00:00","4.0000","49.0000","49.0000","2014-05-03 22:00:00"
"68199","747","1","10","2014-04-23 00:00:00","2014-05-04 00:00:00","2014-04-23 00:00:00","2014-05-04 00:00:00","4.1000","92.2500","92.2500","2014-05-03 22:00:00"
"68199","747","2","20","2014-04-23 00:00:00","2014-05-04 00:00:00","2014-04-23 00:00:00","2014-05-04 00:00:00","3.5000","87.5000","87.5000","2014-05-03 22:00:00"
"68199","747","3","30","2014-04-23 00:00:00","2014-05-04 00:00:00","2014-04-23 00:00:00","2014-05-04 00:00:00","1.0000","14.5000","14.5000","2014-05-03 22:00:00"
"68199","747","4","40","2014-04-23 00:00:00","2014-05-04 00:00:00","2014-04-23 00:00:00","2014-05-04 00:00:00","2.0000","31.5000","31.5000","2014-05-03 22:00:00"
"68199","747","6","50","2014-04-23 00:00:00","2014-05-04 00:00:00","2014-04-23 00:00:00","2014-05-04 00:00:00","3.0000","36.7500","36.7500","2014-05-03 22:00:00"
"68199","747","7","60","2014-04-23 00:00:00","2014-05-04 00:00:00","2014-04-23 00:00:00","2014-05-04 00:00:00","4.0000","49.0000","49.0000","2014-05-03 22:00:00"
"68200","748","1","10","2014-04-23 00:00:00","2014-05-04 00:00:00","2014-04-23 00:00:00","2014-05-04 00:00:00","4.1000","92.2500","92.2500","2014-05-03 22:00:00"
"68200","748","2","20","2014-04-23 00:00:00","2014-05-04 00:00:00","2014-04-23 00:00:00","2014-05-04 00:00:00","3.5000","87.5000","87.5000","2014-05-03 22:00:00"
"68200","748","3","30","2014-04-23 00:00:00","2014-05-04 00:00:00","2014-04-23 00:00:00","2014-05-04 00:00:00","1.0000","14.5000","14.5000","2014-05-03 22:00:00"
"68200","748","5","45","2014-04-23 00:00:00","2014-05-04 00:00:00","2014-04-23 00:00:00","2014-05-04 00:00:00","2.0000","36.0000","36.0000","2014-05-03 22:00:00"
"68200","748","6","50","2014-04-23 00:00:00","2014-05-04 00:00:00","2014-04-23 00:00:00","2014-05-04 00:00:00","3.0000","36.7500","36.7500","2014-05-03 22:00:00"
"68200","748","7","60","2014-04-23 00:00:00","2014-05-04 00:00:00","2014-04-23 00:00:00","2014-05-04 00:00:00","4.0000","49.0000","49.0000","2014-05-03 22:00:00"
"68201","805","6","50","2014-04-23 00:00:00","2014-05-04 00:00:00","2014-04-23 00:00:00","2014-05-04 00:00:00","3.0000","36.7500","36.7500","2014-05-03 22:00:00"
"68202","806","6","50","2014-04-23 00:00:00","2014-05-04 00:00:00","2014-04-23 00:00:00","2014-05-04 00:00:00","3.0000","36.7500","36.7500","2014-05-03 22:00:00"
"68203","807","6","50","2014-04-23 00:00:00","2014-05-04 00:00:00","2014-04-23 00:00:00","2014-05-04 00:00:00","3.0000","36.7500","36.7500","2014-05-03 22:00:00"
"68204","808","1","10","2014-04-23 00:00:00","2014-05-04 00:00:00","2014-04-23 00:00:00","2014-05-04 00:00:00","4.1000","92.2500","92.2500","2014-05-03 22:00:00"
"68204","808","2","20","2014-04-23 00:00:00","2014-05-04 00:00:00","2014-04-23 00:00:00","2014-05-04 00:00:00","3.5000","87.5000","87.5000","2014-05-03 22:00:00"
"68204","808","6","50","2014-04-23 00:00:00","2014-05-04 00:00:00","2014-04-23 00:00:00","2014-05-04 00:00:00","3.0000","36.7500","36.7500","2014-05-03 22:00:00"
"68205","810","1","10","2014-04-23 00:00:00","2014-05-04 00:00:00","2014-04-23 00:00:00","2014-05-04 00:00:00","4.1000","92.2500","92.2500","2014-05-03 22:00:00"
"68205","810","2","20","2014-04-23 00:00:00","2014-05-04 00:00:00","2014-04-23 00:00:00","2014-05-04 00:00:00","3.5000","87.5000","87.5000","2014-05-03 22:00:00"
"68205","810","6","50","2014-04-23 00:00:00","2014-05-04 00:00:00","2014-04-23 00:00:00","2014-05-04 00:00:00","3.0000","36.7500","36.7500","2014-05-03 22:00:00"
"68206","811","1","10","2014-04-23 00:00:00","2014-05-04 00:00:00","2014-04-23 00:00:00","2014-05-04 00:00:00","4.1000","92.2500","92.2500","2014-05-03 22:00:00"
"68206","811","2","20","2014-04-23 00:00:00","2014-05-04 00:00:00","2014-04-23 00:00:00","2014-05-04 00:00:00","3.5000","87.5000","87.5000","2014-05-03 22:00:00"
"68206","811","6","50","2014-04-23 00:00:00","2014-05-04 00:00:00","2014-04-23 00:00:00","2014-05-04 00:00:00","3.0000","36.7500","36.7500","2014-05-03 22:00:00"
"68207","812","1","10","2014-04-23 00:00:00","2014-05-04 00:00:00","2014-04-23 00:00:00","2014-05-04 00:00:00","4.1000","92.2500","92.2500","2014-05-03 22:00:00"
"68207","812","2","20","2014-04-23 00:00:00","2014-05-04 00:00:00","2014-04-23 00:00:00","2014-05-04 00:00:00","3.5000","87.5000","87.5000","2014-05-03 22:00:00"
"68207","812","6","50","2014-04-23 00:00:00","2014-05-04 00:00:00","2014-04-23 00:00:00","2014-05-04 00:00:00","3.0000","36.7500","36.7500","2014-05-03 22:00:00"
"68208","815","6","50","2014-04-23 00:00:00","2014-05-04 00:00:00","2014-04-23 00:00:00","2014-05-04 00:00:00","3.0000","36.7500","36.7500","2014-05-03 22:00:00"
"68209","816","6","50","2014-04-23 00:00:00","2014-05-04 00:00:00","2014-04-23 00:00:00","2014-05-04 00:00:00","3.0000","36.7500","36.7500","2014-05-03 22:00:00"
"68210","818","6","50","2014-04-23 00:00:00","2014-05-04 00:00:00","2014-04-23 00:00:00","2014-05-04 00:00:00","3.0000","36.7500","36.7500","2014-05-03 22:00:00"
"68211","819","6","50","2014-04-23 00:00:00","2014-05-04 00:00:00","2014-04-23 00:00:00","2014-05-04 00:00:00","3.0000","36.7500","36.7500","2014-05-03 22:00:00"
"68212","821","6","50","2014-04-23 00:00:00","2014-05-04 00:00:00","2014-04-23 00:00:00","2014-05-04 00:00:00","3.0000","36.7500","36.7500","2014-05-03 22:00:00"
"68213","822","1","10","2014-04-23 00:00:00","2014-05-04 00:00:00","2014-04-23 00:00:00","2014-05-04 00:00:00","4.1000","92.2500","92.2500","2014-05-03 22:00:00"
"68213","822","2","20","2014-04-23 00:00:00","2014-05-04 00:00:00","2014-04-23 00:00:00","2014-05-04 00:00:00","3.5000","87.5000","87.5000","2014-05-03 22:00:00"
"68213","822","3","30","2014-04-23 00:00:00","2014-05-04 00:00:00","2014-04-23 00:00:00","2014-05-04 00:00:00","1.0000","14.5000","14.5000","2014-05-03 22:00:00"
"68213","822","4","40","2014-04-23 00:00:00","2014-05-04 00:00:00","2014-04-23 00:00:00","2014-05-04 00:00:00","2.0000","31.5000","31.5000","2014-05-03 22:00:00"
"68213","822","6","50","2014-04-23 00:00:00","2014-05-04 00:00:00","2014-04-23 00:00:00","2014-05-04 00:00:00","3.0000","36.7500","36.7500","2014-05-03 22:00:00"
"68213","822","7","60","2014-04-23 00:00:00","2014-05-04 00:00:00","2014-04-23 00:00:00","2014-05-04 00:00:00","4.0000","49.0000","49.0000","2014-05-03 22:00:00"
"68214","823","6","50","2014-04-23 00:00:00","2014-05-04 00:00:00","2014-04-23 00:00:00","2014-05-04 00:00:00","3.0000","36.7500","36.7500","2014-05-03 22:00:00"
"68215","824","6","50","2014-04-23 00:00:00","2014-05-04 00:00:00","2014-04-23 00:00:00","2014-05-04 00:00:00","3.0000","36.7500","36.7500","2014-05-03 22:00:00"
"68216","826","6","50","2014-04-23 00:00:00","2014-05-04 00:00:00","2014-04-23 00:00:00","2014-05-04 00:00:00","3.0000","36.7500","36.7500","2014-05-03 22:00:00"
"68217","827","6","50","2014-04-23 00:00:00","2014-05-04 00:00:00","2014-04-23 00:00:00","2014-05-04 00:00:00","3.0000","36.7500","36.7500","2014-05-03 22:00:00"
"68218","829","6","50","2014-04-23 00:00:00","2014-05-04 00:00:00","2014-04-23 00:00:00","2014-05-04 00:00:00","3.0000","36.7500","36.7500","2014-05-03 22:00:00"
"68228","894","6","50","2014-04-23 00:00:00","2014-05-04 00:00:00","2014-04-23 00:00:00","2014-05-04 00:00:00","3.0000","36.7500","36.7500","2014-05-03 22:00:00"
"68233","943","1","10","2014-04-23 00:00:00","2014-05-04 00:00:00","2014-04-23 00:00:00","2014-05-04 00:00:00","4.1000","92.2500","92.2500","2014-05-03 22:00:00"
"68233","943","2","20","2014-04-23 00:00:00","2014-05-04 00:00:00","2014-04-23 00:00:00","2014-05-04 00:00:00","3.5000","87.5000","87.5000","2014-05-03 22:00:00"
"68233","943","3","30","2014-04-23 00:00:00","2014-05-04 00:00:00","2014-04-23 00:00:00","2014-05-04 00:00:00","1.0000","14.5000","14.5000","2014-05-03 22:00:00"
"68233","943","4","40","2014-04-23 00:00:00","2014-05-04 00:00:00","2014-04-23 00:00:00","2014-05-04 00:00:00","2.0000","31.5000","31.5000","2014-05-03 22:00:00"
"68233","943","6","50","2014-04-23 00:00:00","2014-05-04 00:00:00","2014-04-23 00:00:00","2014-05-04 00:00:00","3.0000","36.7500","36.7500","2014-05-03 22:00:00"
"68233","943","7","60","2014-04-23 00:00:00","2014-05-04 00:00:00","2014-04-23 00:00:00","2014-05-04 00:00:00","4.0000","49.0000","49.0000","2014-05-03 22:00:00"
"68234","944","1","10","2014-04-23 00:00:00","2014-05-04 00:00:00","2014-04-23 00:00:00","2014-05-04 00:00:00","4.1000","92.2500","92.2500","2014-05-03 22:00:00"
"68234","944","2","20","2014-04-23 00:00:00","2014-05-04 00:00:00","2014-04-23 00:00:00","2014-05-04 00:00:00","3.5000","87.5000","87.5000","2014-05-03 22:00:00"
"68234","944","3","30","2014-04-23 00:00:00","2014-05-04 00:00:00","2014-04-23 00:00:00","2014-05-04 00:00:00","1.0000","14.5000","14.5000","2014-05-03 22:00:00"
"68234","944","5","45","2014-04-23 00:00:00","2014-05-04 00:00:00","2014-04-23 00:00:00","2014-05-04 00:00:00","2.0000","36.0000","36.0000","2014-05-03 22:00:00"
"68234","944","6","50","2014-04-23 00:00:00","2014-05-04 00:00:00","2014-04-23 00:00:00","2014-05-04 00:00:00","3.0000","36.7500","36.7500","2014-05-03 22:00:00"
"68234","944","7","60","2014-04-23 00:00:00","2014-05-04 00:00:00","2014-04-23 00:00:00","2014-05-04 00:00:00","4.0000","49.0000","49.0000","2014-05-03 22:00:00"
"68235","945","1","10","2014-04-23 00:00:00","2014-05-04 00:00:00","2014-04-23 00:00:00","2014-05-04 00:00:00","4.1000","92.2500","92.2500","2014-05-03 22:00:00"
"68235","945","6","50","2014-04-23 00:00:00","2014-05-04 00:00:00","2014-04-23 00:00:00","2014-05-04 00:00:00","3.0000","36.7500","36.7500","2014-05-03 22:00:00"
"68236","946","1","10","2014-04-23 00:00:00","2014-05-04 00:00:00","2014-04-23 00:00:00","2014-05-04 00:00:00","4.1000","92.2500","92.2500","2014-05-03 22:00:00"
"68236","946","2","20","2014-04-23 00:00:00","2014-05-04 00:00:00","2014-04-23 00:00:00","2014-05-04 00:00:00","3.5000","87.5000","87.5000","2014-05-03 22:00:00"
"68236","946","6","50","2014-04-23 00:00:00","2014-05-04 00:00:00","2014-04-23 00:00:00","2014-05-04 00:00:00","3.0000","36.7500","36.7500","2014-05-03 22:00:00"
"68237","947","1","10","2014-04-23 00:00:00","2014-05-04 00:00:00","2014-04-23 00:00:00","2014-05-04 00:00:00","4.1000","92.2500","92.2500","2014-05-03 22:00:00"
"68237","947","2","20","2014-04-23 00:00:00","2014-05-04 00:00:00","2014-04-23 00:00:00","2014-05-04 00:00:00","3.5000","87.5000","87.5000","2014-05-03 22:00:00"
"68237","947","6","50","2014-04-23 00:00:00","2014-05-04 00:00:00","2014-04-23 00:00:00","2014-05-04 00:00:00","3.0000","36.7500","36.7500","2014-05-03 22:00:00"
"68238","949","6","50","2014-04-23 00:00:00","2014-05-04 00:00:00","2014-04-23 00:00:00","2014-05-04 00:00:00","3.0000","36.7500","36.7500","2014-05-03 22:00:00"
"68239","950","6","50","2014-04-23 00:00:00","2014-05-04 00:00:00","2014-04-23 00:00:00","2014-05-04 00:00:00","3.0000","36.7500","36.7500","2014-05-03 22:00:00"
"68240","951","6","50","2014-04-23 00:00:00","2014-05-04 00:00:00","2014-04-23 00:00:00","2014-05-04 00:00:00","3.0000","36.7500","36.7500","2014-05-03 22:00:00"
"68241","994","6","50","2014-04-23 00:00:00","2014-05-04 00:00:00","2014-04-23 00:00:00","2014-05-04 00:00:00","3.0000","36.7500","36.7500","2014-05-03 22:00:00"
"68242","995","6","50","2014-04-23 00:00:00","2014-05-04 00:00:00","2014-04-23 00:00:00","2014-05-04 00:00:00","3.0000","36.7500","36.7500","2014-05-03 22:00:00"
"68243","996","6","50","2014-04-23 00:00:00","2014-05-04 00:00:00","2014-04-23 00:00:00","2014-05-04 00:00:00","3.0000","36.7500","36.7500","2014-05-03 22:00:00"
"68258","802","1","10","2014-04-23 00:00:00","2014-05-04 00:00:00","2014-04-23 00:00:00","2014-05-04 00:00:00","4.1000","92.2500","92.2500","2014-05-03 22:00:00"
"68258","802","6","50","2014-04-23 00:00:00","2014-05-04 00:00:00","2014-04-23 00:00:00","2014-05-04 00:00:00","3.0000","36.7500","36.7500","2014-05-03 22:00:00"
"68259","803","1","10","2014-04-23 00:00:00","2014-05-04 00:00:00","2014-04-23 00:00:00","2014-05-04 00:00:00","4.1000","92.2500","92.2500","2014-05-03 22:00:00"
"68259","803","6","50","2014-04-23 00:00:00","2014-05-04 00:00:00","2014-04-23 00:00:00","2014-05-04 00:00:00","3.0000","36.7500","36.7500","2014-05-03 22:00:00"
"68260","804","1","10","2014-04-23 00:00:00","2014-05-04 00:00:00","2014-04-23 00:00:00","2014-05-04 00:00:00","4.1000","92.2500","92.2500","2014-05-03 22:00:00"
"68260","804","6","50","2014-04-23 00:00:00","2014-05-04 00:00:00","2014-04-23 00:00:00","2014-05-04 00:00:00","3.0000","36.7500","36.7500","2014-05-03 22:00:00"
"68265","779","7","60","2014-04-24 00:00:00","2014-05-05 00:00:00","2014-05-09 00:00:00","2014-05-10 00:00:00","4.0000","49.0000","49.0000","2014-05-09 22:00:00"
"68266","780","7","60","2014-04-24 00:00:00","2014-05-05 00:00:00","2014-05-09 00:00:00","2014-05-10 00:00:00","4.0000","49.0000","49.0000","2014-05-09 22:00:00"
"68267","781","7","60","2014-04-24 00:00:00","2014-05-05 00:00:00","2014-05-09 00:00:00","2014-05-10 00:00:00","4.0000","49.0000","49.0000","2014-05-09 22:00:00"
"68268","783","7","60","2014-04-24 00:00:00","2014-05-05 00:00:00","2014-05-09 00:00:00","2014-05-10 00:00:00","4.0000","49.0000","49.0000","2014-05-09 22:00:00"
"68269","784","7","60","2014-04-24 00:00:00","2014-05-05 00:00:00","2014-05-09 00:00:00","2014-05-10 00:00:00","4.0000","49.0000","49.0000","2014-05-09 22:00:00"
"68270","798","7","60","2014-04-24 00:00:00","2014-05-05 00:00:00","2014-05-09 00:00:00","2014-05-10 00:00:00","4.0000","49.0000","49.0000","2014-05-09 22:00:00"
"68271","799","7","60","2014-04-24 00:00:00","2014-05-05 00:00:00","2014-05-09 00:00:00","2014-05-10 00:00:00","4.0000","49.0000","49.0000","2014-05-09 22:00:00"
"68272","800","7","60","2014-04-24 00:00:00","2014-05-05 00:00:00","2014-05-09 00:00:00","2014-05-10 00:00:00","4.0000","49.0000","49.0000","2014-05-09 22:00:00"
"68273","801","7","60","2014-04-24 00:00:00","2014-05-05 00:00:00","2014-05-09 00:00:00","2014-05-10 00:00:00","4.0000","49.0000","49.0000","2014-05-09 22:00:00"
"68274","955","7","60","2014-04-24 00:00:00","2014-05-05 00:00:00","2014-05-09 00:00:00","2014-05-10 00:00:00","4.0000","49.0000","49.0000","2014-05-09 22:00:00"
"68275","956","7","60","2014-04-24 00:00:00","2014-05-05 00:00:00","2014-05-09 00:00:00","2014-05-10 00:00:00","4.0000","49.0000","49.0000","2014-05-09 22:00:00"
"68276","957","7","60","2014-04-24 00:00:00","2014-05-05 00:00:00","2014-05-09 00:00:00","2014-05-10 00:00:00","4.0000","49.0000","49.0000","2014-05-09 22:00:00"
"68277","959","7","60","2014-04-24 00:00:00","2014-05-05 00:00:00","2014-05-09 00:00:00","2014-05-10 00:00:00","4.0000","49.0000","49.0000","2014-05-09 22:00:00"
"68278","967","7","60","2014-04-24 00:00:00","2014-05-05 00:00:00","2014-05-09 00:00:00","2014-05-10 00:00:00","4.0000","49.0000","49.0000","2014-05-09 22:00:00"
"68279","968","7","60","2014-04-24 00:00:00","2014-05-05 00:00:00","2014-05-09 00:00:00","2014-05-10 00:00:00","4.0000","49.0000","49.0000","2014-05-09 22:00:00"
"68280","975","7","60","2014-04-24 00:00:00","2014-05-05 00:00:00","2014-05-09 00:00:00","2014-05-10 00:00:00","4.0000","49.0000","49.0000","2014-05-09 22:00:00"
"68281","976","7","60","2014-04-24 00:00:00","2014-05-05 00:00:00","2014-05-09 00:00:00","2014-05-10 00:00:00","4.0000","49.0000","49.0000","2014-05-09 22:00:00"
"68282","982","7","60","2014-04-24 00:00:00","2014-05-05 00:00:00","2014-05-09 00:00:00","2014-05-10 00:00:00","4.0000","49.0000","49.0000","2014-05-09 22:00:00"
"68283","992","7","60","2014-04-24 00:00:00","2014-05-05 00:00:00","2014-05-09 00:00:00","2014-05-10 00:00:00","4.0000","49.0000","49.0000","2014-05-09 22:00:00"
"68284","997","7","60","2014-04-24 00:00:00","2014-05-05 00:00:00","2014-05-09 00:00:00","2014-05-10 00:00:00","4.0000","49.0000","49.0000","2014-05-09 22:00:00"
"68285","998","7","60","2014-04-24 00:00:00","2014-05-05 00:00:00","2014-05-09 00:00:00","2014-05-10 00:00:00","4.0000","49.0000","49.0000","2014-05-09 22:00:00"
"68286","514","6","50","2014-04-24 00:00:00","2014-05-05 00:00:00","2014-05-09 00:00:00","2014-05-10 00:00:00","3.0000","36.7500","36.7500","2014-05-09 22:00:00"
"68286","514","7","60","2014-04-24 00:00:00","2014-05-05 00:00:00","2014-05-09 00:00:00","2014-05-10 00:00:00","4.0000","49.0000","49.0000","2014-05-09 22:00:00"
"68287","516","6","50","2014-04-24 00:00:00","2014-05-05 00:00:00","2014-05-09 00:00:00","2014-05-10 00:00:00","3.0000","36.7500","36.7500","2014-05-09 22:00:00"
"68287","516","7","60","2014-04-24 00:00:00","2014-05-05 00:00:00","2014-05-09 00:00:00","2014-05-10 00:00:00","4.0000","49.0000","49.0000","2014-05-09 22:00:00"
"68288","517","6","50","2014-04-24 00:00:00","2014-05-05 00:00:00","2014-05-09 00:00:00","2014-05-10 00:00:00","3.0000","36.7500","36.7500","2014-05-09 22:00:00"
"68288","517","7","60","2014-04-24 00:00:00","2014-05-05 00:00:00","2014-05-09 00:00:00","2014-05-10 00:00:00","4.0000","49.0000","49.0000","2014-05-09 22:00:00"
"68289","518","6","50","2014-04-24 00:00:00","2014-05-05 00:00:00","2014-05-09 00:00:00","2014-05-10 00:00:00","3.0000","36.7500","36.7500","2014-05-09 22:00:00"
"68289","518","7","60","2014-04-24 00:00:00","2014-05-05 00:00:00","2014-05-09 00:00:00","2014-05-10 00:00:00","4.0000","49.0000","49.0000","2014-05-09 22:00:00"
"68290","520","6","50","2014-04-24 00:00:00","2014-05-05 00:00:00","2014-05-09 00:00:00","2014-05-10 00:00:00","3.0000","36.7500","36.7500","2014-05-09 22:00:00"
"68290","520","7","60","2014-04-24 00:00:00","2014-05-05 00:00:00","2014-05-09 00:00:00","2014-05-10 00:00:00","4.0000","49.0000","49.0000","2014-05-09 22:00:00"
"68291","522","6","50","2014-04-24 00:00:00","2014-05-05 00:00:00","2014-05-09 00:00:00","2014-05-10 00:00:00","3.0000","36.7500","36.7500","2014-05-09 22:00:00"
"68291","522","7","60","2014-04-24 00:00:00","2014-05-05 00:00:00","2014-05-09 00:00:00","2014-05-10 00:00:00","4.0000","49.0000","49.0000","2014-05-09 22:00:00"
"68298","748","1","10","2014-04-24 00:00:00","2014-05-05 00:00:00","2014-05-09 00:00:00","2014-05-10 00:00:00","4.1000","92.2500","92.2500","2014-05-09 22:00:00"
"68298","748","2","20","2014-04-24 00:00:00","2014-05-05 00:00:00","2014-05-09 00:00:00","2014-05-10 00:00:00","3.5000","87.5000","87.5000","2014-05-09 22:00:00"
"68298","748","3","30","2014-04-24 00:00:00","2014-05-05 00:00:00","2014-05-09 00:00:00","2014-05-10 00:00:00","1.0000","14.5000","14.5000","2014-05-09 22:00:00"
"68298","748","5","45","2014-04-24 00:00:00","2014-05-05 00:00:00","2014-05-09 00:00:00","2014-05-10 00:00:00","2.0000","36.0000","36.0000","2014-05-09 22:00:00"
"68298","748","6","50","2014-04-24 00:00:00","2014-05-05 00:00:00","2014-05-09 00:00:00","2014-05-10 00:00:00","3.0000","36.7500","36.7500","2014-05-09 22:00:00"
"68298","748","7","60","2014-04-24 00:00:00","2014-05-05 00:00:00","2014-05-09 00:00:00","2014-05-10 00:00:00","4.0000","49.0000","49.0000","2014-05-09 22:00:00"
"68299","805","6","50","2014-04-24 00:00:00","2014-05-05 00:00:00","2014-05-09 00:00:00","2014-05-10 00:00:00","3.0000","36.7500","36.7500","2014-05-09 22:00:00"
"68300","806","6","50","2014-04-24 00:00:00","2014-05-05 00:00:00","2014-05-09 00:00:00","2014-05-10 00:00:00","3.0000","36.7500","36.7500","2014-05-09 22:00:00"
"68301","807","6","50","2014-04-24 00:00:00","2014-05-05 00:00:00","2014-05-09 00:00:00","2014-05-10 00:00:00","3.0000","36.7500","36.7500","2014-05-09 22:00:00"
"68302","808","1","10","2014-04-24 00:00:00","2014-05-05 00:00:00","2014-05-09 00:00:00","2014-05-10 00:00:00","4.1000","92.2500","92.2500","2014-05-09 22:00:00"
"68302","808","2","20","2014-04-24 00:00:00","2014-05-05 00:00:00","2014-05-09 00:00:00","2014-05-10 00:00:00","3.5000","87.5000","87.5000","2014-05-09 22:00:00"
"68302","808","6","50","2014-04-24 00:00:00","2014-05-05 00:00:00","2014-05-09 00:00:00","2014-05-10 00:00:00","3.0000","36.7500","36.7500","2014-05-09 22:00:00"
"68303","810","1","10","2014-04-24 00:00:00","2014-05-05 00:00:00","2014-05-09 00:00:00","2014-05-10 00:00:00","4.1000","92.2500","92.2500","2014-05-09 22:00:00"
"68303","810","2","20","2014-04-24 00:00:00","2014-05-05 00:00:00","2014-05-09 00:00:00","2014-05-10 00:00:00","3.5000","87.5000","87.5000","2014-05-09 22:00:00"
"68303","810","6","50","2014-04-24 00:00:00","2014-05-05 00:00:00","2014-05-09 00:00:00","2014-05-10 00:00:00","3.0000","36.7500","36.7500","2014-05-09 22:00:00"
"68304","811","1","10","2014-04-24 00:00:00","2014-05-05 00:00:00","2014-05-09 00:00:00","2014-05-10 00:00:00","4.1000","92.2500","92.2500","2014-05-09 22:00:00"
"68304","811","2","20","2014-04-24 00:00:00","2014-05-05 00:00:00","2014-05-09 00:00:00","2014-05-10 00:00:00","3.5000","87.5000","87.5000","2014-05-09 22:00:00"
"68304","811","6","50","2014-04-24 00:00:00","2014-05-05 00:00:00","2014-05-09 00:00:00","2014-05-10 00:00:00","3.0000","36.7500","36.7500","2014-05-09 22:00:00"
"68305","812","1","10","2014-04-24 00:00:00","2014-05-05 00:00:00","2014-05-09 00:00:00","2014-05-10 00:00:00","4.1000","92.2500","92.2500","2014-05-09 22:00:00"
"68305","812","2","20","2014-04-24 00:00:00","2014-05-05 00:00:00","2014-05-09 00:00:00","2014-05-10 00:00:00","3.5000","87.5000","87.5000","2014-05-09 22:00:00"
"68305","812","6","50","2014-04-24 00:00:00","2014-05-05 00:00:00","2014-05-09 00:00:00","2014-05-10 00:00:00","3.0000","36.7500","36.7500","2014-05-09 22:00:00"
"68306","815","6","50","2014-04-24 00:00:00","2014-05-05 00:00:00","2014-05-09 00:00:00","2014-05-10 00:00:00","3.0000","36.7500","36.7500","2014-05-09 22:00:00"
"68307","816","6","50","2014-04-24 00:00:00","2014-05-05 00:00:00","2014-05-09 00:00:00","2014-05-10 00:00:00","3.0000","36.7500","36.7500","2014-05-09 22:00:00"
"68308","818","6","50","2014-04-24 00:00:00","2014-05-05 00:00:00","2014-05-09 00:00:00","2014-05-10 00:00:00","3.0000","36.7500","36.7500","2014-05-09 22:00:00"
"68309","819","6","50","2014-04-24 00:00:00","2014-05-05 00:00:00","2014-05-09 00:00:00","2014-05-10 00:00:00","3.0000","36.7500","36.7500","2014-05-09 22:00:00"
"68310","821","6","50","2014-04-24 00:00:00","2014-05-05 00:00:00","2014-05-09 00:00:00","2014-05-10 00:00:00","3.0000","36.7500","36.7500","2014-05-09 22:00:00"
"68311","823","6","50","2014-04-24 00:00:00","2014-05-05 00:00:00","2014-05-09 00:00:00","2014-05-10 00:00:00","3.0000","36.7500","36.7500","2014-05-09 22:00:00"
"68312","824","6","50","2014-04-24 00:00:00","2014-05-05 00:00:00","2014-05-09 00:00:00","2014-05-10 00:00:00","3.0000","36.7500","36.7500","2014-05-09 22:00:00"
"68313","826","6","50","2014-04-24 00:00:00","2014-05-05 00:00:00","2014-05-09 00:00:00","2014-05-10 00:00:00","3.0000","36.7500","36.7500","2014-05-09 22:00:00"
"68314","827","6","50","2014-04-24 00:00:00","2014-05-05 00:00:00","2014-05-09 00:00:00","2014-05-10 00:00:00","3.0000","36.7500","36.7500","2014-05-09 22:00:00"
"68315","829","6","50","2014-04-24 00:00:00","2014-05-05 00:00:00","2014-05-09 00:00:00","2014-05-10 00:00:00","3.0000","36.7500","36.7500","2014-05-09 22:00:00"
"68325","894","6","50","2014-04-24 00:00:00","2014-05-05 00:00:00","2014-05-09 00:00:00","2014-05-10 00:00:00","3.0000","36.7500","36.7500","2014-05-09 22:00:00"
"68329","945","1","10","2014-04-24 00:00:00","2014-05-05 00:00:00","2014-05-09 00:00:00","2014-05-10 00:00:00","4.1000","92.2500","92.2500","2014-05-09 22:00:00"
"68329","945","6","50","2014-04-24 00:00:00","2014-05-05 00:00:00","2014-05-09 00:00:00","2014-05-10 00:00:00","3.0000","36.7500","36.7500","2014-05-09 22:00:00"
"68330","946","1","10","2014-04-24 00:00:00","2014-05-05 00:00:00","2014-05-09 00:00:00","2014-05-10 00:00:00","4.1000","92.2500","92.2500","2014-05-09 22:00:00"
"68330","946","2","20","2014-04-24 00:00:00","2014-05-05 00:00:00","2014-05-09 00:00:00","2014-05-10 00:00:00","3.5000","87.5000","87.5000","2014-05-09 22:00:00"
"68330","946","6","50","2014-04-24 00:00:00","2014-05-05 00:00:00","2014-05-09 00:00:00","2014-05-10 00:00:00","3.0000","36.7500","36.7500","2014-05-09 22:00:00"
"68331","947","1","10","2014-04-24 00:00:00","2014-05-05 00:00:00","2014-05-09 00:00:00","2014-05-10 00:00:00","4.1000","92.2500","92.2500","2014-05-09 22:00:00"
"68331","947","2","20","2014-04-24 00:00:00","2014-05-05 00:00:00","2014-05-09 00:00:00","2014-05-10 00:00:00","3.5000","87.5000","87.5000","2014-05-09 22:00:00"
"68331","947","6","50","2014-04-24 00:00:00","2014-05-05 00:00:00","2014-05-09 00:00:00","2014-05-10 00:00:00","3.0000","36.7500","36.7500","2014-05-09 22:00:00"
"68332","949","6","50","2014-04-24 00:00:00","2014-05-05 00:00:00","2014-05-09 00:00:00","2014-05-10 00:00:00","3.0000","36.7500","36.7500","2014-05-09 22:00:00"
"68333","950","6","50","2014-04-24 00:00:00","2014-05-05 00:00:00","2014-05-09 00:00:00","2014-05-10 00:00:00","3.0000","36.7500","36.7500","2014-05-09 22:00:00"
"68334","951","6","50","2014-04-24 00:00:00","2014-05-05 00:00:00","2014-05-09 00:00:00","2014-05-10 00:00:00","3.0000","36.7500","36.7500","2014-05-09 22:00:00"
"68335","994","6","50","2014-04-24 00:00:00","2014-05-05 00:00:00","2014-05-09 00:00:00","2014-05-10 00:00:00","3.0000","36.7500","36.7500","2014-05-09 22:00:00"
"68336","995","6","50","2014-04-24 00:00:00","2014-05-05 00:00:00","2014-05-09 00:00:00","2014-05-10 00:00:00","3.0000","36.7500","36.7500","2014-05-09 22:00:00"
"68337","996","6","50","2014-04-24 00:00:00","2014-05-05 00:00:00","2014-05-09 00:00:00","2014-05-10 00:00:00","3.0000","36.7500","36.7500","2014-05-09 22:00:00"
"68352","802","1","10","2014-04-24 00:00:00","2014-05-05 00:00:00","2014-05-09 00:00:00","2014-05-10 00:00:00","4.1000","92.2500","92.2500","2014-05-09 22:00:00"
"68352","802","6","50","2014-04-24 00:00:00","2014-05-05 00:00:00","2014-05-09 00:00:00","2014-05-10 00:00:00","3.0000","36.7500","36.7500","2014-05-09 22:00:00"
"68353","803","1","10","2014-04-24 00:00:00","2014-05-05 00:00:00","2014-05-09 00:00:00","2014-05-10 00:00:00","4.1000","92.2500","92.2500","2014-05-09 22:00:00"
"68353","803","6","50","2014-04-24 00:00:00","2014-05-05 00:00:00","2014-05-09 00:00:00","2014-05-10 00:00:00","3.0000","36.7500","36.7500","2014-05-09 22:00:00"
"68354","804","1","10","2014-04-24 00:00:00","2014-05-05 00:00:00","2014-05-09 00:00:00","2014-05-10 00:00:00","4.1000","92.2500","92.2500","2014-05-09 22:00:00"
"68354","804","6","50","2014-04-24 00:00:00","2014-05-05 00:00:00","2014-05-09 00:00:00","2014-05-10 00:00:00","3.0000","36.7500","36.7500","2014-05-09 22:00:00"
"68359","779","7","60","2014-04-25 00:00:00","2014-05-06 00:00:00","2014-04-25 00:00:00","2014-05-06 00:00:00","4.0000","49.0000","49.0000","2014-05-05 22:00:00"
"68360","780","7","60","2014-04-25 00:00:00","2014-05-06 00:00:00","2014-04-25 00:00:00","2014-05-06 00:00:00","4.0000","49.0000","49.0000","2014-05-05 22:00:00"
"68361","781","7","60","2014-04-25 00:00:00","2014-05-06 00:00:00","2014-04-25 00:00:00","2014-05-06 00:00:00","4.0000","49.0000","49.0000","2014-05-05 22:00:00"
"68362","794","7","60","2014-04-25 00:00:00","2014-05-06 00:00:00","2014-04-25 00:00:00","2014-05-06 00:00:00","4.0000","49.0000","49.0000","2014-05-05 22:00:00"
"68363","795","7","60","2014-04-25 00:00:00","2014-05-06 00:00:00","2014-04-25 00:00:00","2014-05-06 00:00:00","4.0000","49.0000","49.0000","2014-05-05 22:00:00"
"68364","796","7","60","2014-04-25 00:00:00","2014-05-06 00:00:00","2014-04-25 00:00:00","2014-05-06 00:00:00","4.0000","49.0000","49.0000","2014-05-05 22:00:00"
"68365","797","7","60","2014-04-25 00:00:00","2014-05-06 00:00:00","2014-04-25 00:00:00","2014-05-06 00:00:00","4.0000","49.0000","49.0000","2014-05-05 22:00:00"
"68366","799","7","60","2014-04-25 00:00:00","2014-05-06 00:00:00","2014-04-25 00:00:00","2014-05-06 00:00:00","4.0000","49.0000","49.0000","2014-05-05 22:00:00"
"68367","801","7","60","2014-04-25 00:00:00","2014-05-06 00:00:00","2014-04-25 00:00:00","2014-05-06 00:00:00","4.0000","49.0000","49.0000","2014-05-05 22:00:00"
"68368","954","7","60","2014-04-25 00:00:00","2014-05-06 00:00:00","2014-04-25 00:00:00","2014-05-06 00:00:00","4.0000","49.0000","49.0000","2014-05-05 22:00:00"
"68369","963","7","60","2014-04-25 00:00:00","2014-05-06 00:00:00","2014-04-25 00:00:00","2014-05-06 00:00:00","4.0000","49.0000","49.0000","2014-05-05 22:00:00"
"68370","965","7","60","2014-04-25 00:00:00","2014-05-06 00:00:00","2014-04-25 00:00:00","2014-05-06 00:00:00","4.0000","49.0000","49.0000","2014-05-05 22:00:00"
"68371","966","7","60","2014-04-25 00:00:00","2014-05-06 00:00:00","2014-04-25 00:00:00","2014-05-06 00:00:00","4.0000","49.0000","49.0000","2014-05-05 22:00:00"
"68372","967","7","60","2014-04-25 00:00:00","2014-05-06 00:00:00","2014-04-25 00:00:00","2014-05-06 00:00:00","4.0000","49.0000","49.0000","2014-05-05 22:00:00"
"68373","968","7","60","2014-04-25 00:00:00","2014-05-06 00:00:00","2014-04-25 00:00:00","2014-05-06 00:00:00","4.0000","49.0000","49.0000","2014-05-05 22:00:00"
"68374","969","7","60","2014-04-25 00:00:00","2014-05-06 00:00:00","2014-04-25 00:00:00","2014-05-06 00:00:00","4.0000","49.0000","49.0000","2014-05-05 22:00:00"
"68375","970","7","60","2014-04-25 00:00:00","2014-05-06 00:00:00","2014-04-25 00:00:00","2014-05-06 00:00:00","4.0000","49.0000","49.0000","2014-05-05 22:00:00"
"68376","975","7","60","2014-04-25 00:00:00","2014-05-06 00:00:00","2014-04-25 00:00:00","2014-05-06 00:00:00","4.0000","49.0000","49.0000","2014-05-05 22:00:00"
"68377","976","7","60","2014-04-25 00:00:00","2014-05-06 00:00:00","2014-04-25 00:00:00","2014-05-06 00:00:00","4.0000","49.0000","49.0000","2014-05-05 22:00:00"
"68378","977","7","60","2014-04-25 00:00:00","2014-05-06 00:00:00","2014-04-25 00:00:00","2014-05-06 00:00:00","4.0000","49.0000","49.0000","2014-05-05 22:00:00"
"68379","981","7","60","2014-04-25 00:00:00","2014-05-06 00:00:00","2014-04-25 00:00:00","2014-05-06 00:00:00","4.0000","49.0000","49.0000","2014-05-05 22:00:00"
"68380","983","7","60","2014-04-25 00:00:00","2014-05-06 00:00:00","2014-04-25 00:00:00","2014-05-06 00:00:00","4.0000","49.0000","49.0000","2014-05-05 22:00:00"
"68381","997","7","60","2014-04-25 00:00:00","2014-05-06 00:00:00","2014-04-25 00:00:00","2014-05-06 00:00:00","4.0000","49.0000","49.0000","2014-05-05 22:00:00"
"68382","998","7","60","2014-04-25 00:00:00","2014-05-06 00:00:00","2014-04-25 00:00:00","2014-05-06 00:00:00","4.0000","49.0000","49.0000","2014-05-05 22:00:00"
"68383","999","7","60","2014-04-25 00:00:00","2014-05-06 00:00:00","2014-04-25 00:00:00","2014-05-06 00:00:00","4.0000","49.0000","49.0000","2014-05-05 22:00:00"
"68384","514","6","50","2014-04-25 00:00:00","2014-05-06 00:00:00","2014-04-25 00:00:00","2014-05-06 00:00:00","3.0000","36.7500","36.7500","2014-05-05 22:00:00"
"68384","514","7","60","2014-04-25 00:00:00","2014-05-06 00:00:00","2014-04-25 00:00:00","2014-05-06 00:00:00","4.0000","49.0000","49.0000","2014-05-05 22:00:00"
"68385","516","6","50","2014-04-25 00:00:00","2014-05-06 00:00:00","2014-04-25 00:00:00","2014-05-06 00:00:00","3.0000","36.7500","36.7500","2014-05-05 22:00:00"
"68385","516","7","60","2014-04-25 00:00:00","2014-05-06 00:00:00","2014-04-25 00:00:00","2014-05-06 00:00:00","4.0000","49.0000","49.0000","2014-05-05 22:00:00"
"68386","517","6","50","2014-04-25 00:00:00","2014-05-06 00:00:00","2014-04-25 00:00:00","2014-05-06 00:00:00","3.0000","36.7500","36.7500","2014-05-05 22:00:00"
"68386","517","7","60","2014-04-25 00:00:00","2014-05-06 00:00:00","2014-04-25 00:00:00","2014-05-06 00:00:00","4.0000","49.0000","49.0000","2014-05-05 22:00:00"
"68387","518","6","50","2014-04-25 00:00:00","2014-05-06 00:00:00","2014-04-25 00:00:00","2014-05-06 00:00:00","3.0000","36.7500","36.7500","2014-05-05 22:00:00"
"68387","518","7","60","2014-04-25 00:00:00","2014-05-06 00:00:00","2014-04-25 00:00:00","2014-05-06 00:00:00","4.0000","49.0000","49.0000","2014-05-05 22:00:00"
"68388","519","6","50","2014-04-25 00:00:00","2014-05-06 00:00:00","2014-04-25 00:00:00","2014-05-06 00:00:00","3.0000","36.7500","36.7500","2014-05-05 22:00:00"
"68388","519","7","60","2014-04-25 00:00:00","2014-05-06 00:00:00","2014-04-25 00:00:00","2014-05-06 00:00:00","4.0000","49.0000","49.0000","2014-05-05 22:00:00"
"68389","520","6","50","2014-04-25 00:00:00","2014-05-06 00:00:00","2014-04-25 00:00:00","2014-05-06 00:00:00","3.0000","36.7500","36.7500","2014-05-05 22:00:00"
"68389","520","7","60","2014-04-25 00:00:00","2014-05-06 00:00:00","2014-04-25 00:00:00","2014-05-06 00:00:00","4.0000","49.0000","49.0000","2014-05-05 22:00:00"
"68390","521","6","50","2014-04-25 00:00:00","2014-05-06 00:00:00","2014-04-25 00:00:00","2014-05-06 00:00:00","3.0000","36.7500","36.7500","2014-05-05 22:00:00"
"68390","521","7","60","2014-04-25 00:00:00","2014-05-06 00:00:00","2014-04-25 00:00:00","2014-05-06 00:00:00","4.0000","49.0000","49.0000","2014-05-05 22:00:00"
"68391","522","6","50","2014-04-25 00:00:00","2014-05-06 00:00:00","2014-04-25 00:00:00","2014-05-06 00:00:00","3.0000","36.7500","36.7500","2014-05-05 22:00:00"
"68391","522","7","60","2014-04-25 00:00:00","2014-05-06 00:00:00","2014-04-25 00:00:00","2014-05-06 00:00:00","4.0000","49.0000","49.0000","2014-05-05 22:00:00"
"68399","748","1","10","2014-04-25 00:00:00","2014-05-06 00:00:00","2014-04-25 00:00:00","2014-05-06 00:00:00","4.1000","92.2500","92.2500","2014-05-05 22:00:00"
"68399","748","2","20","2014-04-25 00:00:00","2014-05-06 00:00:00","2014-04-25 00:00:00","2014-05-06 00:00:00","3.5000","87.5000","87.5000","2014-05-05 22:00:00"
"68399","748","3","30","2014-04-25 00:00:00","2014-05-06 00:00:00","2014-04-25 00:00:00","2014-05-06 00:00:00","1.0000","14.5000","14.5000","2014-05-05 22:00:00"
"68399","748","5","45","2014-04-25 00:00:00","2014-05-06 00:00:00","2014-04-25 00:00:00","2014-05-06 00:00:00","2.0000","36.0000","36.0000","2014-05-05 22:00:00"
"68399","748","6","50","2014-04-25 00:00:00","2014-05-06 00:00:00","2014-04-25 00:00:00","2014-05-06 00:00:00","3.0000","36.7500","36.7500","2014-05-05 22:00:00"
"68399","748","7","60","2014-04-25 00:00:00","2014-05-06 00:00:00","2014-04-25 00:00:00","2014-05-06 00:00:00","4.0000","49.0000","49.0000","2014-05-05 22:00:00"
"68400","805","6","50","2014-04-25 00:00:00","2014-05-06 00:00:00","2014-04-25 00:00:00","2014-05-06 00:00:00","3.0000","36.7500","36.7500","2014-05-05 22:00:00"
"68401","806","6","50","2014-04-25 00:00:00","2014-05-06 00:00:00","2014-04-25 00:00:00","2014-05-06 00:00:00","3.0000","36.7500","36.7500","2014-05-05 22:00:00"
"68402","807","6","50","2014-04-25 00:00:00","2014-05-06 00:00:00","2014-04-25 00:00:00","2014-05-06 00:00:00","3.0000","36.7500","36.7500","2014-05-05 22:00:00"
"68403","808","1","10","2014-04-25 00:00:00","2014-05-06 00:00:00","2014-04-25 00:00:00","2014-05-06 00:00:00","4.1000","92.2500","92.2500","2014-05-05 22:00:00"
"68403","808","2","20","2014-04-25 00:00:00","2014-05-06 00:00:00","2014-04-25 00:00:00","2014-05-06 00:00:00","3.5000","87.5000","87.5000","2014-05-05 22:00:00"
"68403","808","6","50","2014-04-25 00:00:00","2014-05-06 00:00:00","2014-04-25 00:00:00","2014-05-06 00:00:00","3.0000","36.7500","36.7500","2014-05-05 22:00:00"
"68404","810","1","10","2014-04-25 00:00:00","2014-05-06 00:00:00","2014-04-25 00:00:00","2014-05-06 00:00:00","4.1000","92.2500","92.2500","2014-05-05 22:00:00"
"68404","810","2","20","2014-04-25 00:00:00","2014-05-06 00:00:00","2014-04-25 00:00:00","2014-05-06 00:00:00","3.5000","87.5000","87.5000","2014-05-05 22:00:00"
"68404","810","6","50","2014-04-25 00:00:00","2014-05-06 00:00:00","2014-04-25 00:00:00","2014-05-06 00:00:00","3.0000","36.7500","36.7500","2014-05-05 22:00:00"
"68405","811","1","10","2014-04-25 00:00:00","2014-05-06 00:00:00","2014-04-25 00:00:00","2014-05-06 00:00:00","4.1000","92.2500","92.2500","2014-05-05 22:00:00"
"68405","811","2","20","2014-04-25 00:00:00","2014-05-06 00:00:00","2014-04-25 00:00:00","2014-05-06 00:00:00","3.5000","87.5000","87.5000","2014-05-05 22:00:00"
"68405","811","6","50","2014-04-25 00:00:00","2014-05-06 00:00:00","2014-04-25 00:00:00","2014-05-06 00:00:00","3.0000","36.7500","36.7500","2014-05-05 22:00:00"
"68406","812","1","10","2014-04-25 00:00:00","2014-05-06 00:00:00","2014-04-25 00:00:00","2014-05-06 00:00:00","4.1000","92.2500","92.2500","2014-05-05 22:00:00"
"68406","812","2","20","2014-04-25 00:00:00","2014-05-06 00:00:00","2014-04-25 00:00:00","2014-05-06 00:00:00","3.5000","87.5000","87.5000","2014-05-05 22:00:00"
"68406","812","6","50","2014-04-25 00:00:00","2014-05-06 00:00:00","2014-04-25 00:00:00","2014-05-06 00:00:00","3.0000","36.7500","36.7500","2014-05-05 22:00:00"
"68407","813","1","10","2014-04-25 00:00:00","2014-05-06 00:00:00","2014-04-25 00:00:00","2014-05-06 00:00:00","4.1000","92.2500","92.2500","2014-05-05 22:00:00"
"68407","813","2","20","2014-04-25 00:00:00","2014-05-06 00:00:00","2014-04-25 00:00:00","2014-05-06 00:00:00","3.5000","87.5000","87.5000","2014-05-05 22:00:00"
"68407","813","6","50","2014-04-25 00:00:00","2014-05-06 00:00:00","2014-04-25 00:00:00","2014-05-06 00:00:00","3.0000","36.7500","36.7500","2014-05-05 22:00:00"
"68408","815","6","50","2014-04-25 00:00:00","2014-05-06 00:00:00","2014-04-25 00:00:00","2014-05-06 00:00:00","3.0000","36.7500","36.7500","2014-05-05 22:00:00"
"68409","816","6","50","2014-04-25 00:00:00","2014-05-06 00:00:00","2014-04-25 00:00:00","2014-05-06 00:00:00","3.0000","36.7500","36.7500","2014-05-05 22:00:00"
"68410","818","6","50","2014-04-25 00:00:00","2014-05-06 00:00:00","2014-04-25 00:00:00","2014-05-06 00:00:00","3.0000","36.7500","36.7500","2014-05-05 22:00:00"
"68411","819","6","50","2014-04-25 00:00:00","2014-05-06 00:00:00","2014-04-25 00:00:00","2014-05-06 00:00:00","3.0000","36.7500","36.7500","2014-05-05 22:00:00"
"68412","820","6","50","2014-04-25 00:00:00","2014-05-06 00:00:00","2014-04-25 00:00:00","2014-05-06 00:00:00","3.0000","36.7500","36.7500","2014-05-05 22:00:00"
"68413","821","6","50","2014-04-25 00:00:00","2014-05-06 00:00:00","2014-04-25 00:00:00","2014-05-06 00:00:00","3.0000","36.7500","36.7500","2014-05-05 22:00:00"
"68414","822","1","10","2014-04-25 00:00:00","2014-05-06 00:00:00","2014-04-25 00:00:00","2014-05-06 00:00:00","4.1000","92.2500","92.2500","2014-05-05 22:00:00"
"68414","822","2","20","2014-04-25 00:00:00","2014-05-06 00:00:00","2014-04-25 00:00:00","2014-05-06 00:00:00","3.5000","87.5000","87.5000","2014-05-05 22:00:00"
"68414","822","3","30","2014-04-25 00:00:00","2014-05-06 00:00:00","2014-04-25 00:00:00","2014-05-06 00:00:00","1.0000","14.5000","14.5000","2014-05-05 22:00:00"
"68414","822","4","40","2014-04-25 00:00:00","2014-05-06 00:00:00","2014-04-25 00:00:00","2014-05-06 00:00:00","2.0000","31.5000","31.5000","2014-05-05 22:00:00"
"68414","822","6","50","2014-04-25 00:00:00","2014-05-06 00:00:00","2014-04-25 00:00:00","2014-05-06 00:00:00","3.0000","36.7500","36.7500","2014-05-05 22:00:00"
"68414","822","7","60","2014-04-25 00:00:00","2014-05-06 00:00:00","2014-04-25 00:00:00","2014-05-06 00:00:00","4.0000","49.0000","49.0000","2014-05-05 22:00:00"
"68415","823","6","50","2014-04-25 00:00:00","2014-05-06 00:00:00","2014-04-25 00:00:00","2014-05-06 00:00:00","3.0000","36.7500","36.7500","2014-05-05 22:00:00"
"68416","824","6","50","2014-04-25 00:00:00","2014-05-06 00:00:00","2014-04-25 00:00:00","2014-05-06 00:00:00","3.0000","36.7500","36.7500","2014-05-05 22:00:00"
"68417","826","6","50","2014-04-25 00:00:00","2014-05-06 00:00:00","2014-04-25 00:00:00","2014-05-06 00:00:00","3.0000","36.7500","36.7500","2014-05-05 22:00:00"
"68418","827","6","50","2014-04-25 00:00:00","2014-05-06 00:00:00","2014-04-25 00:00:00","2014-05-06 00:00:00","3.0000","36.7500","36.7500","2014-05-05 22:00:00"
"68419","828","6","50","2014-04-25 00:00:00","2014-05-06 00:00:00","2014-04-25 00:00:00","2014-05-06 00:00:00","3.0000","36.7500","36.7500","2014-05-05 22:00:00"
"68420","829","6","50","2014-04-25 00:00:00","2014-05-06 00:00:00","2014-04-25 00:00:00","2014-05-06 00:00:00","3.0000","36.7500","36.7500","2014-05-05 22:00:00"
"68432","894","6","50","2014-04-25 00:00:00","2014-05-06 00:00:00","2014-04-25 00:00:00","2014-05-06 00:00:00","3.0000","36.7500","36.7500","2014-05-05 22:00:00"
"68436","945","1","10","2014-04-25 00:00:00","2014-05-06 00:00:00","2014-04-25 00:00:00","2014-05-06 00:00:00","4.1000","92.2500","92.2500","2014-05-05 22:00:00"
"68436","945","6","50","2014-04-25 00:00:00","2014-05-06 00:00:00","2014-04-25 00:00:00","2014-05-06 00:00:00","3.0000","36.7500","36.7500","2014-05-05 22:00:00"
"68437","946","1","10","2014-04-25 00:00:00","2014-05-06 00:00:00","2014-04-25 00:00:00","2014-05-06 00:00:00","4.1000","92.2500","92.2500","2014-05-05 22:00:00"
"68437","946","2","20","2014-04-25 00:00:00","2014-05-06 00:00:00","2014-04-25 00:00:00","2014-05-06 00:00:00","3.5000","87.5000","87.5000","2014-05-05 22:00:00"
"68437","946","6","50","2014-04-25 00:00:00","2014-05-06 00:00:00","2014-04-25 00:00:00","2014-05-06 00:00:00","3.0000","36.7500","36.7500","2014-05-05 22:00:00"
"68438","947","1","10","2014-04-25 00:00:00","2014-05-06 00:00:00","2014-04-25 00:00:00","2014-05-06 00:00:00","4.1000","92.2500","92.2500","2014-05-05 22:00:00"
"68438","947","2","20","2014-04-25 00:00:00","2014-05-06 00:00:00","2014-04-25 00:00:00","2014-05-06 00:00:00","3.5000","87.5000","87.5000","2014-05-05 22:00:00"
"68438","947","6","50","2014-04-25 00:00:00","2014-05-06 00:00:00","2014-04-25 00:00:00","2014-05-06 00:00:00","3.0000","36.7500","36.7500","2014-05-05 22:00:00"
"68439","949","6","50","2014-04-25 00:00:00","2014-05-06 00:00:00","2014-04-25 00:00:00","2014-05-06 00:00:00","3.0000","36.7500","36.7500","2014-05-05 22:00:00"
"68440","950","6","50","2014-04-25 00:00:00","2014-05-06 00:00:00","2014-04-25 00:00:00","2014-05-06 00:00:00","3.0000","36.7500","36.7500","2014-05-05 22:00:00"
"68441","951","6","50","2014-04-25 00:00:00","2014-05-06 00:00:00","2014-04-25 00:00:00","2014-05-06 00:00:00","3.0000","36.7500","36.7500","2014-05-05 22:00:00"
"68442","994","6","50","2014-04-25 00:00:00","2014-05-06 00:00:00","2014-04-25 00:00:00","2014-05-06 00:00:00","3.0000","36.7500","36.7500","2014-05-05 22:00:00"
"68443","995","6","50","2014-04-25 00:00:00","2014-05-06 00:00:00","2014-04-25 00:00:00","2014-05-06 00:00:00","3.0000","36.7500","36.7500","2014-05-05 22:00:00"
"68444","996","6","50","2014-04-25 00:00:00","2014-05-06 00:00:00","2014-04-25 00:00:00","2014-05-06 00:00:00","3.0000","36.7500","36.7500","2014-05-05 22:00:00"
"68459","802","1","10","2014-04-25 00:00:00","2014-05-06 00:00:00","2014-04-25 00:00:00","2014-05-06 00:00:00","4.1000","92.2500","92.2500","2014-05-05 22:00:00"
"68459","802","6","50","2014-04-25 00:00:00","2014-05-06 00:00:00","2014-04-25 00:00:00","2014-05-06 00:00:00","3.0000","36.7500","36.7500","2014-05-05 22:00:00"
"68460","803","1","10","2014-04-25 00:00:00","2014-05-06 00:00:00","2014-04-25 00:00:00","2014-05-06 00:00:00","4.1000","92.2500","92.2500","2014-05-05 22:00:00"
"68460","803","6","50","2014-04-25 00:00:00","2014-05-06 00:00:00","2014-04-25 00:00:00","2014-05-06 00:00:00","3.0000","36.7500","36.7500","2014-05-05 22:00:00"
"68461","804","1","10","2014-04-25 00:00:00","2014-05-06 00:00:00","2014-04-25 00:00:00","2014-05-06 00:00:00","4.1000","92.2500","92.2500","2014-05-05 22:00:00"
"68461","804","6","50","2014-04-25 00:00:00","2014-05-06 00:00:00","2014-04-25 00:00:00","2014-05-06 00:00:00","3.0000","36.7500","36.7500","2014-05-05 22:00:00"
"68466","779","7","60","2014-04-26 00:00:00","2014-05-07 00:00:00","2014-05-13 00:00:00","2014-05-14 00:00:00","4.0000","49.0000","49.0000","2014-05-13 22:00:00"
"68467","780","7","60","2014-04-26 00:00:00","2014-05-07 00:00:00","2014-05-13 00:00:00","2014-05-14 00:00:00","4.0000","49.0000","49.0000","2014-05-13 22:00:00"
"68468","781","7","60","2014-04-26 00:00:00","2014-05-07 00:00:00","2014-05-13 00:00:00","2014-05-14 00:00:00","4.0000","49.0000","49.0000","2014-05-13 22:00:00"
"68469","782","7","60","2014-04-26 00:00:00","2014-05-07 00:00:00","2014-05-13 00:00:00","2014-05-14 00:00:00","4.0000","49.0000","49.0000","2014-05-13 22:00:00"
"68470","784","7","60","2014-04-26 00:00:00","2014-05-07 00:00:00","2014-05-13 00:00:00","2014-05-14 00:00:00","4.0000","49.0000","49.0000","2014-05-13 22:00:00"
"68471","795","7","60","2014-04-26 00:00:00","2014-05-07 00:00:00","2014-05-13 00:00:00","2014-05-14 00:00:00","4.0000","49.0000","49.0000","2014-05-13 22:00:00"
"68472","797","7","60","2014-04-26 00:00:00","2014-05-07 00:00:00","2014-05-13 00:00:00","2014-05-14 00:00:00","4.0000","49.0000","49.0000","2014-05-13 22:00:00"
"68473","799","7","60","2014-04-26 00:00:00","2014-05-07 00:00:00","2014-05-13 00:00:00","2014-05-14 00:00:00","4.0000","49.0000","49.0000","2014-05-13 22:00:00"
"68474","801","7","60","2014-04-26 00:00:00","2014-05-07 00:00:00","2014-05-13 00:00:00","2014-05-14 00:00:00","4.0000","49.0000","49.0000","2014-05-13 22:00:00"
"68475","954","7","60","2014-04-26 00:00:00","2014-05-07 00:00:00","2014-05-13 00:00:00","2014-05-14 00:00:00","4.0000","49.0000","49.0000","2014-05-13 22:00:00"
"68476","955","7","60","2014-04-26 00:00:00","2014-05-07 00:00:00","2014-05-13 00:00:00","2014-05-14 00:00:00","4.0000","49.0000","49.0000","2014-05-13 22:00:00"
"68477","957","7","60","2014-04-26 00:00:00","2014-05-07 00:00:00","2014-05-13 00:00:00","2014-05-14 00:00:00","4.0000","49.0000","49.0000","2014-05-13 22:00:00"
"68478","962","7","60","2014-04-26 00:00:00","2014-05-07 00:00:00","2014-05-13 00:00:00","2014-05-14 00:00:00","4.0000","49.0000","49.0000","2014-05-13 22:00:00"
"68479","963","7","60","2014-04-26 00:00:00","2014-05-07 00:00:00","2014-05-13 00:00:00","2014-05-14 00:00:00","4.0000","49.0000","49.0000","2014-05-13 22:00:00"
"68480","966","7","60","2014-04-26 00:00:00","2014-05-07 00:00:00","2014-05-13 00:00:00","2014-05-14 00:00:00","4.0000","49.0000","49.0000","2014-05-13 22:00:00"
"68481","968","7","60","2014-04-26 00:00:00","2014-05-07 00:00:00","2014-05-13 00:00:00","2014-05-14 00:00:00","4.0000","49.0000","49.0000","2014-05-13 22:00:00"
"68482","969","7","60","2014-04-26 00:00:00","2014-05-07 00:00:00","2014-05-13 00:00:00","2014-05-14 00:00:00","4.0000","49.0000","49.0000","2014-05-13 22:00:00"
"68483","972","7","60","2014-04-26 00:00:00","2014-05-07 00:00:00","2014-05-13 00:00:00","2014-05-14 00:00:00","4.0000","49.0000","49.0000","2014-05-13 22:00:00"
"68484","975","7","60","2014-04-26 00:00:00","2014-05-07 00:00:00","2014-05-13 00:00:00","2014-05-14 00:00:00","4.0000","49.0000","49.0000","2014-05-13 22:00:00"
"68485","976","7","60","2014-04-26 00:00:00","2014-05-07 00:00:00","2014-05-13 00:00:00","2014-05-14 00:00:00","4.0000","49.0000","49.0000","2014-05-13 22:00:00"
"68486","977","7","60","2014-04-26 00:00:00","2014-05-07 00:00:00","2014-05-13 00:00:00","2014-05-14 00:00:00","4.0000","49.0000","49.0000","2014-05-13 22:00:00"
"68487","981","7","60","2014-04-26 00:00:00","2014-05-07 00:00:00","2014-05-13 00:00:00","2014-05-14 00:00:00","4.0000","49.0000","49.0000","2014-05-13 22:00:00"
"68488","982","7","60","2014-04-26 00:00:00","2014-05-07 00:00:00","2014-05-13 00:00:00","2014-05-14 00:00:00","4.0000","49.0000","49.0000","2014-05-13 22:00:00"
"68489","983","7","60","2014-04-26 00:00:00","2014-05-07 00:00:00","2014-05-13 00:00:00","2014-05-14 00:00:00","4.0000","49.0000","49.0000","2014-05-13 22:00:00"
"68490","984","7","60","2014-04-26 00:00:00","2014-05-07 00:00:00","2014-05-13 00:00:00","2014-05-14 00:00:00","4.0000","49.0000","49.0000","2014-05-13 22:00:00"
"68491","992","7","60","2014-04-26 00:00:00","2014-05-07 00:00:00","2014-05-13 00:00:00","2014-05-14 00:00:00","4.0000","49.0000","49.0000","2014-05-13 22:00:00"
"68492","998","7","60","2014-04-26 00:00:00","2014-05-07 00:00:00","2014-05-13 00:00:00","2014-05-14 00:00:00","4.0000","49.0000","49.0000","2014-05-13 22:00:00"
"68493","514","6","50","2014-04-26 00:00:00","2014-05-07 00:00:00","2014-05-13 00:00:00","2014-05-14 00:00:00","3.0000","36.7500","36.7500","2014-05-13 22:00:00"
"68493","514","7","60","2014-04-26 00:00:00","2014-05-07 00:00:00","2014-05-13 00:00:00","2014-05-14 00:00:00","4.0000","49.0000","49.0000","2014-05-13 22:00:00"
"68494","516","6","50","2014-04-26 00:00:00","2014-05-07 00:00:00","2014-05-13 00:00:00","2014-05-14 00:00:00","3.0000","36.7500","36.7500","2014-05-13 22:00:00"
"68494","516","7","60","2014-04-26 00:00:00","2014-05-07 00:00:00","2014-05-13 00:00:00","2014-05-14 00:00:00","4.0000","49.0000","49.0000","2014-05-13 22:00:00"
"68495","517","6","50","2014-04-26 00:00:00","2014-05-07 00:00:00","2014-05-13 00:00:00","2014-05-14 00:00:00","3.0000","36.7500","36.7500","2014-05-13 22:00:00"
"68495","517","7","60","2014-04-26 00:00:00","2014-05-07 00:00:00","2014-05-13 00:00:00","2014-05-14 00:00:00","4.0000","49.0000","49.0000","2014-05-13 22:00:00"
"68496","518","6","50","2014-04-26 00:00:00","2014-05-07 00:00:00","2014-05-13 00:00:00","2014-05-14 00:00:00","3.0000","36.7500","36.7500","2014-05-13 22:00:00"
"68496","518","7","60","2014-04-26 00:00:00","2014-05-07 00:00:00","2014-05-13 00:00:00","2014-05-14 00:00:00","4.0000","49.0000","49.0000","2014-05-13 22:00:00"
"68497","519","6","50","2014-04-26 00:00:00","2014-05-07 00:00:00","2014-05-13 00:00:00","2014-05-14 00:00:00","3.0000","36.7500","36.7500","2014-05-13 22:00:00"
"68497","519","7","60","2014-04-26 00:00:00","2014-05-07 00:00:00","2014-05-13 00:00:00","2014-05-14 00:00:00","4.0000","49.0000","49.0000","2014-05-13 22:00:00"
"68498","520","6","50","2014-04-26 00:00:00","2014-05-07 00:00:00","2014-05-13 00:00:00","2014-05-14 00:00:00","3.0000","36.7500","36.7500","2014-05-13 22:00:00"
"68498","520","7","60","2014-04-26 00:00:00","2014-05-07 00:00:00","2014-05-13 00:00:00","2014-05-14 00:00:00","4.0000","49.0000","49.0000","2014-05-13 22:00:00"
"68499","521","6","50","2014-04-26 00:00:00","2014-05-07 00:00:00","2014-05-13 00:00:00","2014-05-14 00:00:00","3.0000","36.7500","36.7500","2014-05-13 22:00:00"
"68499","521","7","60","2014-04-26 00:00:00","2014-05-07 00:00:00","2014-05-13 00:00:00","2014-05-14 00:00:00","4.0000","49.0000","49.0000","2014-05-13 22:00:00"
"68500","522","6","50","2014-04-26 00:00:00","2014-05-07 00:00:00","2014-05-13 00:00:00","2014-05-14 00:00:00","3.0000","36.7500","36.7500","2014-05-13 22:00:00"
"68500","522","7","60","2014-04-26 00:00:00","2014-05-07 00:00:00","2014-05-13 00:00:00","2014-05-14 00:00:00","4.0000","49.0000","49.0000","2014-05-13 22:00:00"
"68506","747","1","10","2014-04-26 00:00:00","2014-05-07 00:00:00","2014-05-13 00:00:00","2014-05-14 00:00:00","4.1000","92.2500","92.2500","2014-05-13 22:00:00"
"68506","747","2","20","2014-04-26 00:00:00","2014-05-07 00:00:00","2014-05-13 00:00:00","2014-05-14 00:00:00","3.5000","87.5000","87.5000","2014-05-13 22:00:00"
"68506","747","3","30","2014-04-26 00:00:00","2014-05-07 00:00:00","2014-05-13 00:00:00","2014-05-14 00:00:00","1.0000","14.5000","14.5000","2014-05-13 22:00:00"
"68506","747","4","40","2014-04-26 00:00:00","2014-05-07 00:00:00","2014-05-13 00:00:00","2014-05-14 00:00:00","2.0000","31.5000","31.5000","2014-05-13 22:00:00"
"68506","747","6","50","2014-04-26 00:00:00","2014-05-07 00:00:00","2014-05-13 00:00:00","2014-05-14 00:00:00","3.0000","36.7500","36.7500","2014-05-13 22:00:00"
"68506","747","7","60","2014-04-26 00:00:00","2014-05-07 00:00:00","2014-05-13 00:00:00","2014-05-14 00:00:00","4.0000","49.0000","49.0000","2014-05-13 22:00:00"
"68507","748","1","10","2014-04-26 00:00:00","2014-05-07 00:00:00","2014-05-13 00:00:00","2014-05-14 00:00:00","4.1000","92.2500","92.2500","2014-05-13 22:00:00"
"68507","748","2","20","2014-04-26 00:00:00","2014-05-07 00:00:00","2014-05-13 00:00:00","2014-05-14 00:00:00","3.5000","87.5000","87.5000","2014-05-13 22:00:00"
"68507","748","3","30","2014-04-26 00:00:00","2014-05-07 00:00:00","2014-05-13 00:00:00","2014-05-14 00:00:00","1.0000","14.5000","14.5000","2014-05-13 22:00:00"
"68507","748","5","45","2014-04-26 00:00:00","2014-05-07 00:00:00","2014-05-13 00:00:00","2014-05-14 00:00:00","2.0000","36.0000","36.0000","2014-05-13 22:00:00"
"68507","748","6","50","2014-04-26 00:00:00","2014-05-07 00:00:00","2014-05-13 00:00:00","2014-05-14 00:00:00","3.0000","36.7500","36.7500","2014-05-13 22:00:00"
"68507","748","7","60","2014-04-26 00:00:00","2014-05-07 00:00:00","2014-05-13 00:00:00","2014-05-14 00:00:00","4.0000","49.0000","49.0000","2014-05-13 22:00:00"
"68508","805","6","50","2014-04-26 00:00:00","2014-05-07 00:00:00","2014-05-13 00:00:00","2014-05-14 00:00:00","3.0000","36.7500","36.7500","2014-05-13 22:00:00"
"68509","806","6","50","2014-04-26 00:00:00","2014-05-07 00:00:00","2014-05-13 00:00:00","2014-05-14 00:00:00","3.0000","36.7500","36.7500","2014-05-13 22:00:00"
"68510","807","6","50","2014-04-26 00:00:00","2014-05-07 00:00:00","2014-05-13 00:00:00","2014-05-14 00:00:00","3.0000","36.7500","36.7500","2014-05-13 22:00:00"
"68511","808","1","10","2014-04-26 00:00:00","2014-05-07 00:00:00","2014-05-13 00:00:00","2014-05-14 00:00:00","4.1000","92.2500","92.2500","2014-05-13 22:00:00"
"68511","808","2","20","2014-04-26 00:00:00","2014-05-07 00:00:00","2014-05-13 00:00:00","2014-05-14 00:00:00","3.5000","87.5000","87.5000","2014-05-13 22:00:00"
"68511","808","6","50","2014-04-26 00:00:00","2014-05-07 00:00:00","2014-05-13 00:00:00","2014-05-14 00:00:00","3.0000","36.7500","36.7500","2014-05-13 22:00:00"
"68512","810","1","10","2014-04-26 00:00:00","2014-05-07 00:00:00","2014-05-13 00:00:00","2014-05-14 00:00:00","4.1000","92.2500","92.2500","2014-05-13 22:00:00"
"68512","810","2","20","2014-04-26 00:00:00","2014-05-07 00:00:00","2014-05-13 00:00:00","2014-05-14 00:00:00","3.5000","87.5000","87.5000","2014-05-13 22:00:00"
"68512","810","6","50","2014-04-26 00:00:00","2014-05-07 00:00:00","2014-05-13 00:00:00","2014-05-14 00:00:00","3.0000","36.7500","36.7500","2014-05-13 22:00:00"
"68513","811","1","10","2014-04-26 00:00:00","2014-05-07 00:00:00","2014-05-13 00:00:00","2014-05-14 00:00:00","4.1000","92.2500","92.2500","2014-05-13 22:00:00"
"68513","811","2","20","2014-04-26 00:00:00","2014-05-07 00:00:00","2014-05-13 00:00:00","2014-05-14 00:00:00","3.5000","87.5000","87.5000","2014-05-13 22:00:00"
"68513","811","6","50","2014-04-26 00:00:00","2014-05-07 00:00:00","2014-05-13 00:00:00","2014-05-14 00:00:00","3.0000","36.7500","36.7500","2014-05-13 22:00:00"
"68514","812","1","10","2014-04-26 00:00:00","2014-05-07 00:00:00","2014-05-13 00:00:00","2014-05-14 00:00:00","4.1000","92.2500","92.2500","2014-05-13 22:00:00"
"68514","812","2","20","2014-04-26 00:00:00","2014-05-07 00:00:00","2014-05-13 00:00:00","2014-05-14 00:00:00","3.5000","87.5000","87.5000","2014-05-13 22:00:00"
"68514","812","6","50","2014-04-26 00:00:00","2014-05-07 00:00:00","2014-05-13 00:00:00","2014-05-14 00:00:00","3.0000","36.7500","36.7500","2014-05-13 22:00:00"
"68515","813","1","10","2014-04-26 00:00:00","2014-05-07 00:00:00","2014-05-13 00:00:00","2014-05-14 00:00:00","4.1000","92.2500","92.2500","2014-05-13 22:00:00"
"68515","813","2","20","2014-04-26 00:00:00","2014-05-07 00:00:00","2014-05-13 00:00:00","2014-05-14 00:00:00","3.5000","87.5000","87.5000","2014-05-13 22:00:00"
"68515","813","6","50","2014-04-26 00:00:00","2014-05-07 00:00:00","2014-05-13 00:00:00","2014-05-14 00:00:00","3.0000","36.7500","36.7500","2014-05-13 22:00:00"
"68516","815","6","50","2014-04-26 00:00:00","2014-05-07 00:00:00","2014-05-13 00:00:00","2014-05-14 00:00:00","3.0000","36.7500","36.7500","2014-05-13 22:00:00"
"68517","816","6","50","2014-04-26 00:00:00","2014-05-07 00:00:00","2014-05-13 00:00:00","2014-05-14 00:00:00","3.0000","36.7500","36.7500","2014-05-13 22:00:00"
"68518","818","6","50","2014-04-26 00:00:00","2014-05-07 00:00:00","2014-05-13 00:00:00","2014-05-14 00:00:00","3.0000","36.7500","36.7500","2014-05-13 22:00:00"
"68519","819","6","50","2014-04-26 00:00:00","2014-05-07 00:00:00","2014-05-13 00:00:00","2014-05-14 00:00:00","3.0000","36.7500","36.7500","2014-05-13 22:00:00"
"68520","820","6","50","2014-04-26 00:00:00","2014-05-07 00:00:00","2014-05-13 00:00:00","2014-05-14 00:00:00","3.0000","36.7500","36.7500","2014-05-13 22:00:00"
"68521","821","6","50","2014-04-26 00:00:00","2014-05-07 00:00:00","2014-05-13 00:00:00","2014-05-14 00:00:00","3.0000","36.7500","36.7500","2014-05-13 22:00:00"
"68522","822","1","10","2014-04-26 00:00:00","2014-05-07 00:00:00","2014-05-13 00:00:00","2014-05-14 00:00:00","4.1000","92.2500","92.2500","2014-05-13 22:00:00"
"68522","822","2","20","2014-04-26 00:00:00","2014-05-07 00:00:00","2014-05-13 00:00:00","2014-05-14 00:00:00","3.5000","87.5000","87.5000","2014-05-13 22:00:00"
"68522","822","3","30","2014-04-26 00:00:00","2014-05-07 00:00:00","2014-05-13 00:00:00","2014-05-14 00:00:00","1.0000","14.5000","14.5000","2014-05-13 22:00:00"
"68522","822","4","40","2014-04-26 00:00:00","2014-05-07 00:00:00","2014-05-13 00:00:00","2014-05-14 00:00:00","2.0000","31.5000","31.5000","2014-05-13 22:00:00"
"68522","822","6","50","2014-04-26 00:00:00","2014-05-07 00:00:00","2014-05-13 00:00:00","2014-05-14 00:00:00","3.0000","36.7500","36.7500","2014-05-13 22:00:00"
"68522","822","7","60","2014-04-26 00:00:00","2014-05-07 00:00:00","2014-05-13 00:00:00","2014-05-14 00:00:00","4.0000","49.0000","49.0000","2014-05-13 22:00:00"
"68523","823","6","50","2014-04-26 00:00:00","2014-05-07 00:00:00","2014-05-13 00:00:00","2014-05-14 00:00:00","3.0000","36.7500","36.7500","2014-05-13 22:00:00"
"68524","824","6","50","2014-04-26 00:00:00","2014-05-07 00:00:00","2014-05-13 00:00:00","2014-05-14 00:00:00","3.0000","36.7500","36.7500","2014-05-13 22:00:00"
"68525","826","6","50","2014-04-26 00:00:00","2014-05-07 00:00:00","2014-05-13 00:00:00","2014-05-14 00:00:00","3.0000","36.7500","36.7500","2014-05-13 22:00:00"
"68526","827","6","50","2014-04-26 00:00:00","2014-05-07 00:00:00","2014-05-13 00:00:00","2014-05-14 00:00:00","3.0000","36.7500","36.7500","2014-05-13 22:00:00"
"68527","828","6","50","2014-04-26 00:00:00","2014-05-07 00:00:00","2014-05-13 00:00:00","2014-05-14 00:00:00","3.0000","36.7500","36.7500","2014-05-13 22:00:00"
"68528","829","6","50","2014-04-26 00:00:00","2014-05-07 00:00:00","2014-05-13 00:00:00","2014-05-14 00:00:00","3.0000","36.7500","36.7500","2014-05-13 22:00:00"
"68539","894","6","50","2014-04-26 00:00:00","2014-05-07 00:00:00","2014-05-13 00:00:00","2014-05-14 00:00:00","3.0000","36.7500","36.7500","2014-05-13 22:00:00"
"68546","944","1","10","2014-04-26 00:00:00","2014-05-07 00:00:00","2014-05-13 00:00:00","2014-05-14 00:00:00","4.1000","92.2500","92.2500","2014-05-13 22:00:00"
"68546","944","2","20","2014-04-26 00:00:00","2014-05-07 00:00:00","2014-05-13 00:00:00","2014-05-14 00:00:00","3.5000","87.5000","87.5000","2014-05-13 22:00:00"
"68546","944","3","30","2014-04-26 00:00:00","2014-05-07 00:00:00","2014-05-13 00:00:00","2014-05-14 00:00:00","1.0000","14.5000","14.5000","2014-05-13 22:00:00"
"68546","944","5","45","2014-04-26 00:00:00","2014-05-07 00:00:00","2014-05-13 00:00:00","2014-05-14 00:00:00","2.0000","36.0000","36.0000","2014-05-13 22:00:00"
"68546","944","6","50","2014-04-26 00:00:00","2014-05-07 00:00:00","2014-05-13 00:00:00","2014-05-14 00:00:00","3.0000","36.7500","36.7500","2014-05-13 22:00:00"
"68546","944","7","60","2014-04-26 00:00:00","2014-05-07 00:00:00","2014-05-13 00:00:00","2014-05-14 00:00:00","4.0000","49.0000","49.0000","2014-05-13 22:00:00"
"68547","945","1","10","2014-04-26 00:00:00","2014-05-07 00:00:00","2014-05-13 00:00:00","2014-05-14 00:00:00","4.1000","92.2500","92.2500","2014-05-13 22:00:00"
"68547","945","6","50","2014-04-26 00:00:00","2014-05-07 00:00:00","2014-05-13 00:00:00","2014-05-14 00:00:00","3.0000","36.7500","36.7500","2014-05-13 22:00:00"
"68548","946","1","10","2014-04-26 00:00:00","2014-05-07 00:00:00","2014-05-13 00:00:00","2014-05-14 00:00:00","4.1000","92.2500","92.2500","2014-05-13 22:00:00"
"68548","946","2","20","2014-04-26 00:00:00","2014-05-07 00:00:00","2014-05-13 00:00:00","2014-05-14 00:00:00","3.5000","87.5000","87.5000","2014-05-13 22:00:00"
"68548","946","6","50","2014-04-26 00:00:00","2014-05-07 00:00:00","2014-05-13 00:00:00","2014-05-14 00:00:00","3.0000","36.7500","36.7500","2014-05-13 22:00:00"
"68549","947","1","10","2014-04-26 00:00:00","2014-05-07 00:00:00","2014-05-13 00:00:00","2014-05-14 00:00:00","4.1000","92.2500","92.2500","2014-05-13 22:00:00"
"68549","947","2","20","2014-04-26 00:00:00","2014-05-07 00:00:00","2014-05-13 00:00:00","2014-05-14 00:00:00","3.5000","87.5000","87.5000","2014-05-13 22:00:00"
"68549","947","6","50","2014-04-26 00:00:00","2014-05-07 00:00:00","2014-05-13 00:00:00","2014-05-14 00:00:00","3.0000","36.7500","36.7500","2014-05-13 22:00:00"
"68550","949","6","50","2014-04-26 00:00:00","2014-05-07 00:00:00","2014-05-13 00:00:00","2014-05-14 00:00:00","3.0000","36.7500","36.7500","2014-05-13 22:00:00"
"68551","950","6","50","2014-04-26 00:00:00","2014-05-07 00:00:00","2014-05-13 00:00:00","2014-05-14 00:00:00","3.0000","36.7500","36.7500","2014-05-13 22:00:00"
"68552","951","6","50","2014-04-26 00:00:00","2014-05-07 00:00:00","2014-05-13 00:00:00","2014-05-14 00:00:00","3.0000","36.7500","36.7500","2014-05-13 22:00:00"
"68553","994","6","50","2014-04-26 00:00:00","2014-05-07 00:00:00","2014-05-13 00:00:00","2014-05-14 00:00:00","3.0000","36.7500","36.7500","2014-05-13 22:00:00"
"68554","995","6","50","2014-04-26 00:00:00","2014-05-07 00:00:00","2014-05-13 00:00:00","2014-05-14 00:00:00","3.0000","36.7500","36.7500","2014-05-13 22:00:00"
"68555","996","6","50","2014-04-26 00:00:00","2014-05-07 00:00:00","2014-05-13 00:00:00","2014-05-14 00:00:00","3.0000","36.7500","36.7500","2014-05-13 22:00:00"
"68570","802","1","10","2014-04-26 00:00:00","2014-05-07 00:00:00","2014-05-13 00:00:00","2014-05-14 00:00:00","4.1000","92.2500","92.2500","2014-05-13 22:00:00"
"68570","802","6","50","2014-04-26 00:00:00","2014-05-07 00:00:00","2014-05-13 00:00:00","2014-05-14 00:00:00","3.0000","36.7500","36.7500","2014-05-13 22:00:00"
"68571","803","1","10","2014-04-26 00:00:00","2014-05-07 00:00:00","2014-05-13 00:00:00","2014-05-14 00:00:00","4.1000","92.2500","92.2500","2014-05-13 22:00:00"
"68571","803","6","50","2014-04-26 00:00:00","2014-05-07 00:00:00","2014-05-13 00:00:00","2014-05-14 00:00:00","3.0000","36.7500","36.7500","2014-05-13 22:00:00"
"68572","804","1","10","2014-04-26 00:00:00","2014-05-07 00:00:00","2014-05-13 00:00:00","2014-05-14 00:00:00","4.1000","92.2500","92.2500","2014-05-13 22:00:00"
"68572","804","6","50","2014-04-26 00:00:00","2014-05-07 00:00:00","2014-05-13 00:00:00","2014-05-14 00:00:00","3.0000","36.7500","36.7500","2014-05-13 22:00:00"
"68577","780","7","60","2014-04-27 00:00:00","2014-05-08 00:00:00","2014-04-27 00:00:00","2014-05-08 00:00:00","4.0000","49.0000","49.0000","2014-05-07 22:00:00"
"68578","782","7","60","2014-04-27 00:00:00","2014-05-08 00:00:00","2014-04-27 00:00:00","2014-05-08 00:00:00","4.0000","49.0000","49.0000","2014-05-07 22:00:00"
"68579","783","7","60","2014-04-27 00:00:00","2014-05-08 00:00:00","2014-04-27 00:00:00","2014-05-08 00:00:00","4.0000","49.0000","49.0000","2014-05-07 22:00:00"
"68580","784","7","60","2014-04-27 00:00:00","2014-05-08 00:00:00","2014-04-27 00:00:00","2014-05-08 00:00:00","4.0000","49.0000","49.0000","2014-05-07 22:00:00"
"68581","792","7","60","2014-04-27 00:00:00","2014-05-08 00:00:00","2014-04-27 00:00:00","2014-05-08 00:00:00","4.0000","49.0000","49.0000","2014-05-07 22:00:00"
"68582","793","7","60","2014-04-27 00:00:00","2014-05-08 00:00:00","2014-04-27 00:00:00","2014-05-08 00:00:00","4.0000","49.0000","49.0000","2014-05-07 22:00:00"
"68583","795","7","60","2014-04-27 00:00:00","2014-05-08 00:00:00","2014-04-27 00:00:00","2014-05-08 00:00:00","4.0000","49.0000","49.0000","2014-05-07 22:00:00"
"68584","796","7","60","2014-04-27 00:00:00","2014-05-08 00:00:00","2014-04-27 00:00:00","2014-05-08 00:00:00","4.0000","49.0000","49.0000","2014-05-07 22:00:00"
"68585","798","7","60","2014-04-27 00:00:00","2014-05-08 00:00:00","2014-04-27 00:00:00","2014-05-08 00:00:00","4.0000","49.0000","49.0000","2014-05-07 22:00:00"
"68586","800","7","60","2014-04-27 00:00:00","2014-05-08 00:00:00","2014-04-27 00:00:00","2014-05-08 00:00:00","4.0000","49.0000","49.0000","2014-05-07 22:00:00"
"68587","801","7","60","2014-04-27 00:00:00","2014-05-08 00:00:00","2014-04-27 00:00:00","2014-05-08 00:00:00","4.0000","49.0000","49.0000","2014-05-07 22:00:00"
"68588","953","7","60","2014-04-27 00:00:00","2014-05-08 00:00:00","2014-04-27 00:00:00","2014-05-08 00:00:00","4.0000","49.0000","49.0000","2014-05-07 22:00:00"
"68589","954","7","60","2014-04-27 00:00:00","2014-05-08 00:00:00","2014-04-27 00:00:00","2014-05-08 00:00:00","4.0000","49.0000","49.0000","2014-05-07 22:00:00"
"68590","957","7","60","2014-04-27 00:00:00","2014-05-08 00:00:00","2014-04-27 00:00:00","2014-05-08 00:00:00","4.0000","49.0000","49.0000","2014-05-07 22:00:00"
"68591","967","7","60","2014-04-27 00:00:00","2014-05-08 00:00:00","2014-04-27 00:00:00","2014-05-08 00:00:00","4.0000","49.0000","49.0000","2014-05-07 22:00:00"
"68592","969","7","60","2014-04-27 00:00:00","2014-05-08 00:00:00","2014-04-27 00:00:00","2014-05-08 00:00:00","4.0000","49.0000","49.0000","2014-05-07 22:00:00"
"68593","973","7","60","2014-04-27 00:00:00","2014-05-08 00:00:00","2014-04-27 00:00:00","2014-05-08 00:00:00","4.0000","49.0000","49.0000","2014-05-07 22:00:00"
"68594","974","7","60","2014-04-27 00:00:00","2014-05-08 00:00:00","2014-04-27 00:00:00","2014-05-08 00:00:00","4.0000","49.0000","49.0000","2014-05-07 22:00:00"
"68595","976","7","60","2014-04-27 00:00:00","2014-05-08 00:00:00","2014-04-27 00:00:00","2014-05-08 00:00:00","4.0000","49.0000","49.0000","2014-05-07 22:00:00"
"68596","977","7","60","2014-04-27 00:00:00","2014-05-08 00:00:00","2014-04-27 00:00:00","2014-05-08 00:00:00","4.0000","49.0000","49.0000","2014-05-07 22:00:00"
"68597","984","7","60","2014-04-27 00:00:00","2014-05-08 00:00:00","2014-04-27 00:00:00","2014-05-08 00:00:00","4.0000","49.0000","49.0000","2014-05-07 22:00:00"
"68598","988","7","60","2014-04-27 00:00:00","2014-05-08 00:00:00","2014-04-27 00:00:00","2014-05-08 00:00:00","4.0000","49.0000","49.0000","2014-05-07 22:00:00"
"68599","993","7","60","2014-04-27 00:00:00","2014-05-08 00:00:00","2014-04-27 00:00:00","2014-05-08 00:00:00","4.0000","49.0000","49.0000","2014-05-07 22:00:00"
"68600","997","7","60","2014-04-27 00:00:00","2014-05-08 00:00:00","2014-04-27 00:00:00","2014-05-08 00:00:00","4.0000","49.0000","49.0000","2014-05-07 22:00:00"
"68601","998","7","60","2014-04-27 00:00:00","2014-05-08 00:00:00","2014-04-27 00:00:00","2014-05-08 00:00:00","4.0000","49.0000","49.0000","2014-05-07 22:00:00"
"68602","999","7","60","2014-04-27 00:00:00","2014-05-08 00:00:00","2014-04-27 00:00:00","2014-05-08 00:00:00","4.0000","49.0000","49.0000","2014-05-07 22:00:00"
"68603","514","6","50","2014-04-27 00:00:00","2014-05-08 00:00:00","2014-04-27 00:00:00","2014-05-08 00:00:00","3.0000","36.7500","36.7500","2014-05-07 22:00:00"
"68603","514","7","60","2014-04-27 00:00:00","2014-05-08 00:00:00","2014-04-27 00:00:00","2014-05-08 00:00:00","4.0000","49.0000","49.0000","2014-05-07 22:00:00"
"68604","516","6","50","2014-04-27 00:00:00","2014-05-08 00:00:00","2014-04-27 00:00:00","2014-05-08 00:00:00","3.0000","36.7500","36.7500","2014-05-07 22:00:00"
"68604","516","7","60","2014-04-27 00:00:00","2014-05-08 00:00:00","2014-04-27 00:00:00","2014-05-08 00:00:00","4.0000","49.0000","49.0000","2014-05-07 22:00:00"
"68605","517","6","50","2014-04-27 00:00:00","2014-05-08 00:00:00","2014-04-27 00:00:00","2014-05-08 00:00:00","3.0000","36.7500","36.7500","2014-05-07 22:00:00"
"68605","517","7","60","2014-04-27 00:00:00","2014-05-08 00:00:00","2014-04-27 00:00:00","2014-05-08 00:00:00","4.0000","49.0000","49.0000","2014-05-07 22:00:00"
"68606","518","6","50","2014-04-27 00:00:00","2014-05-08 00:00:00","2014-04-27 00:00:00","2014-05-08 00:00:00","3.0000","36.7500","36.7500","2014-05-07 22:00:00"
"68606","518","7","60","2014-04-27 00:00:00","2014-05-08 00:00:00","2014-04-27 00:00:00","2014-05-08 00:00:00","4.0000","49.0000","49.0000","2014-05-07 22:00:00"
"68607","519","6","50","2014-04-27 00:00:00","2014-05-08 00:00:00","2014-04-27 00:00:00","2014-05-08 00:00:00","3.0000","36.7500","36.7500","2014-05-07 22:00:00"
"68607","519","7","60","2014-04-27 00:00:00","2014-05-08 00:00:00","2014-04-27 00:00:00","2014-05-08 00:00:00","4.0000","49.0000","49.0000","2014-05-07 22:00:00"
"68608","521","6","50","2014-04-27 00:00:00","2014-05-08 00:00:00","2014-04-27 00:00:00","2014-05-08 00:00:00","3.0000","36.7500","36.7500","2014-05-07 22:00:00"
"68608","521","7","60","2014-04-27 00:00:00","2014-05-08 00:00:00","2014-04-27 00:00:00","2014-05-08 00:00:00","4.0000","49.0000","49.0000","2014-05-07 22:00:00"
"68609","522","6","50","2014-04-27 00:00:00","2014-05-08 00:00:00","2014-04-27 00:00:00","2014-05-08 00:00:00","3.0000","36.7500","36.7500","2014-05-07 22:00:00"
"68609","522","7","60","2014-04-27 00:00:00","2014-05-08 00:00:00","2014-04-27 00:00:00","2014-05-08 00:00:00","4.0000","49.0000","49.0000","2014-05-07 22:00:00"
"68619","747","1","10","2014-04-27 00:00:00","2014-05-08 00:00:00","2014-04-27 00:00:00","2014-05-08 00:00:00","4.1000","92.2500","92.2500","2014-05-07 22:00:00"
"68619","747","2","20","2014-04-27 00:00:00","2014-05-08 00:00:00","2014-04-27 00:00:00","2014-05-08 00:00:00","3.5000","87.5000","87.5000","2014-05-07 22:00:00"
"68619","747","3","30","2014-04-27 00:00:00","2014-05-08 00:00:00","2014-04-27 00:00:00","2014-05-08 00:00:00","1.0000","14.5000","14.5000","2014-05-07 22:00:00"
"68619","747","4","40","2014-04-27 00:00:00","2014-05-08 00:00:00","2014-04-27 00:00:00","2014-05-08 00:00:00","2.0000","31.5000","31.5000","2014-05-07 22:00:00"
"68619","747","6","50","2014-04-27 00:00:00","2014-05-08 00:00:00","2014-04-27 00:00:00","2014-05-08 00:00:00","3.0000","36.7500","36.7500","2014-05-07 22:00:00"
"68619","747","7","60","2014-04-27 00:00:00","2014-05-08 00:00:00","2014-04-27 00:00:00","2014-05-08 00:00:00","4.0000","49.0000","49.0000","2014-05-07 22:00:00"
"68620","805","6","50","2014-04-27 00:00:00","2014-05-08 00:00:00","2014-04-27 00:00:00","2014-05-08 00:00:00","3.0000","36.7500","36.7500","2014-05-07 22:00:00"
"68621","806","6","50","2014-04-27 00:00:00","2014-05-08 00:00:00","2014-04-27 00:00:00","2014-05-08 00:00:00","3.0000","36.7500","36.7500","2014-05-07 22:00:00"
"68622","807","6","50","2014-04-27 00:00:00","2014-05-08 00:00:00","2014-04-27 00:00:00","2014-05-08 00:00:00","3.0000","36.7500","36.7500","2014-05-07 22:00:00"
"68623","808","1","10","2014-04-27 00:00:00","2014-05-08 00:00:00","2014-04-27 00:00:00","2014-05-08 00:00:00","4.1000","92.2500","92.2500","2014-05-07 22:00:00"
"68623","808","2","20","2014-04-27 00:00:00","2014-05-08 00:00:00","2014-04-27 00:00:00","2014-05-08 00:00:00","3.5000","87.5000","87.5000","2014-05-07 22:00:00"
"68623","808","6","50","2014-04-27 00:00:00","2014-05-08 00:00:00","2014-04-27 00:00:00","2014-05-08 00:00:00","3.0000","36.7500","36.7500","2014-05-07 22:00:00"
"68624","810","1","10","2014-04-27 00:00:00","2014-05-08 00:00:00","2014-04-27 00:00:00","2014-05-08 00:00:00","4.1000","92.2500","92.2500","2014-05-07 22:00:00"
"68624","810","2","20","2014-04-27 00:00:00","2014-05-08 00:00:00","2014-04-27 00:00:00","2014-05-08 00:00:00","3.5000","87.5000","87.5000","2014-05-07 22:00:00"
"68624","810","6","50","2014-04-27 00:00:00","2014-05-08 00:00:00","2014-04-27 00:00:00","2014-05-08 00:00:00","3.0000","36.7500","36.7500","2014-05-07 22:00:00"
"68625","811","1","10","2014-04-27 00:00:00","2014-05-08 00:00:00","2014-04-27 00:00:00","2014-05-08 00:00:00","4.1000","92.2500","92.2500","2014-05-07 22:00:00"
"68625","811","2","20","2014-04-27 00:00:00","2014-05-08 00:00:00","2014-04-27 00:00:00","2014-05-08 00:00:00","3.5000","87.5000","87.5000","2014-05-07 22:00:00"
"68625","811","6","50","2014-04-27 00:00:00","2014-05-08 00:00:00","2014-04-27 00:00:00","2014-05-08 00:00:00","3.0000","36.7500","36.7500","2014-05-07 22:00:00"
"68626","812","1","10","2014-04-27 00:00:00","2014-05-08 00:00:00","2014-04-27 00:00:00","2014-05-08 00:00:00","4.1000","92.2500","92.2500","2014-05-07 22:00:00"
"68626","812","2","20","2014-04-27 00:00:00","2014-05-08 00:00:00","2014-04-27 00:00:00","2014-05-08 00:00:00","3.5000","87.5000","87.5000","2014-05-07 22:00:00"
"68626","812","6","50","2014-04-27 00:00:00","2014-05-08 00:00:00","2014-04-27 00:00:00","2014-05-08 00:00:00","3.0000","36.7500","36.7500","2014-05-07 22:00:00"
"68627","813","1","10","2014-04-27 00:00:00","2014-05-08 00:00:00","2014-04-27 00:00:00","2014-05-08 00:00:00","4.1000","92.2500","92.2500","2014-05-07 22:00:00"
"68627","813","2","20","2014-04-27 00:00:00","2014-05-08 00:00:00","2014-04-27 00:00:00","2014-05-08 00:00:00","3.5000","87.5000","87.5000","2014-05-07 22:00:00"
"68627","813","6","50","2014-04-27 00:00:00","2014-05-08 00:00:00","2014-04-27 00:00:00","2014-05-08 00:00:00","3.0000","36.7500","36.7500","2014-05-07 22:00:00"
"68628","815","6","50","2014-04-27 00:00:00","2014-05-08 00:00:00","2014-04-27 00:00:00","2014-05-08 00:00:00","3.0000","36.7500","36.7500","2014-05-07 22:00:00"
"68629","816","6","50","2014-04-27 00:00:00","2014-05-08 00:00:00","2014-04-27 00:00:00","2014-05-08 00:00:00","3.0000","36.7500","36.7500","2014-05-07 22:00:00"
"68630","818","6","50","2014-04-27 00:00:00","2014-05-08 00:00:00","2014-04-27 00:00:00","2014-05-08 00:00:00","3.0000","36.7500","36.7500","2014-05-07 22:00:00"
"68631","819","6","50","2014-04-27 00:00:00","2014-05-08 00:00:00","2014-04-27 00:00:00","2014-05-08 00:00:00","3.0000","36.7500","36.7500","2014-05-07 22:00:00"
"68632","820","6","50","2014-04-27 00:00:00","2014-05-08 00:00:00","2014-04-27 00:00:00","2014-05-08 00:00:00","3.0000","36.7500","36.7500","2014-05-07 22:00:00"
"68633","821","6","50","2014-04-27 00:00:00","2014-05-08 00:00:00","2014-04-27 00:00:00","2014-05-08 00:00:00","3.0000","36.7500","36.7500","2014-05-07 22:00:00"
"68634","823","6","50","2014-04-27 00:00:00","2014-05-08 00:00:00","2014-04-27 00:00:00","2014-05-08 00:00:00","3.0000","36.7500","36.7500","2014-05-07 22:00:00"
"68635","824","6","50","2014-04-27 00:00:00","2014-05-08 00:00:00","2014-04-27 00:00:00","2014-05-08 00:00:00","3.0000","36.7500","36.7500","2014-05-07 22:00:00"
"68636","826","6","50","2014-04-27 00:00:00","2014-05-08 00:00:00","2014-04-27 00:00:00","2014-05-08 00:00:00","3.0000","36.7500","36.7500","2014-05-07 22:00:00"
"68637","827","6","50","2014-04-27 00:00:00","2014-05-08 00:00:00","2014-04-27 00:00:00","2014-05-08 00:00:00","3.0000","36.7500","36.7500","2014-05-07 22:00:00"
"68638","828","6","50","2014-04-27 00:00:00","2014-05-08 00:00:00","2014-04-27 00:00:00","2014-05-08 00:00:00","3.0000","36.7500","36.7500","2014-05-07 22:00:00"
"68639","829","6","50","2014-04-27 00:00:00","2014-05-08 00:00:00","2014-04-27 00:00:00","2014-05-08 00:00:00","3.0000","36.7500","36.7500","2014-05-07 22:00:00"
"68650","894","6","50","2014-04-27 00:00:00","2014-05-08 00:00:00","2014-04-27 00:00:00","2014-05-08 00:00:00","3.0000","36.7500","36.7500","2014-05-07 22:00:00"
"68653","944","1","10","2014-04-27 00:00:00","2014-05-08 00:00:00","2014-04-27 00:00:00","2014-05-08 00:00:00","4.1000","92.2500","92.2500","2014-05-07 22:00:00"
"68653","944","2","20","2014-04-27 00:00:00","2014-05-08 00:00:00","2014-04-27 00:00:00","2014-05-08 00:00:00","3.5000","87.5000","87.5000","2014-05-07 22:00:00"
"68653","944","3","30","2014-04-27 00:00:00","2014-05-08 00:00:00","2014-04-27 00:00:00","2014-05-08 00:00:00","1.0000","14.5000","14.5000","2014-05-07 22:00:00"
"68653","944","5","45","2014-04-27 00:00:00","2014-05-08 00:00:00","2014-04-27 00:00:00","2014-05-08 00:00:00","2.0000","36.0000","36.0000","2014-05-07 22:00:00"
"68653","944","6","50","2014-04-27 00:00:00","2014-05-08 00:00:00","2014-04-27 00:00:00","2014-05-08 00:00:00","3.0000","36.7500","36.7500","2014-05-07 22:00:00"
"68653","944","7","60","2014-04-27 00:00:00","2014-05-08 00:00:00","2014-04-27 00:00:00","2014-05-08 00:00:00","4.0000","49.0000","49.0000","2014-05-07 22:00:00"
"68654","945","1","10","2014-04-27 00:00:00","2014-05-08 00:00:00","2014-04-27 00:00:00","2014-05-08 00:00:00","4.1000","92.2500","92.2500","2014-05-07 22:00:00"
"68654","945","6","50","2014-04-27 00:00:00","2014-05-08 00:00:00","2014-04-27 00:00:00","2014-05-08 00:00:00","3.0000","36.7500","36.7500","2014-05-07 22:00:00"
"68655","947","1","10","2014-04-27 00:00:00","2014-05-08 00:00:00","2014-04-27 00:00:00","2014-05-08 00:00:00","4.1000","92.2500","92.2500","2014-05-07 22:00:00"
"68655","947","2","20","2014-04-27 00:00:00","2014-05-08 00:00:00","2014-04-27 00:00:00","2014-05-08 00:00:00","3.5000","87.5000","87.5000","2014-05-07 22:00:00"
"68655","947","6","50","2014-04-27 00:00:00","2014-05-08 00:00:00","2014-04-27 00:00:00","2014-05-08 00:00:00","3.0000","36.7500","36.7500","2014-05-07 22:00:00"
"68656","949","6","50","2014-04-27 00:00:00","2014-05-08 00:00:00","2014-04-27 00:00:00","2014-05-08 00:00:00","3.0000","36.7500","36.7500","2014-05-07 22:00:00"
"68657","950","6","50","2014-04-27 00:00:00","2014-05-08 00:00:00","2014-04-27 00:00:00","2014-05-08 00:00:00","3.0000","36.7500","36.7500","2014-05-07 22:00:00"
"68658","951","6","50","2014-04-27 00:00:00","2014-05-08 00:00:00","2014-04-27 00:00:00","2014-05-08 00:00:00","3.0000","36.7500","36.7500","2014-05-07 22:00:00"
"68659","994","6","50","2014-04-27 00:00:00","2014-05-08 00:00:00","2014-04-27 00:00:00","2014-05-08 00:00:00","3.0000","36.7500","36.7500","2014-05-07 22:00:00"
"68660","995","6","50","2014-04-27 00:00:00","2014-05-08 00:00:00","2014-04-27 00:00:00","2014-05-08 00:00:00","3.0000","36.7500","36.7500","2014-05-07 22:00:00"
"68661","996","6","50","2014-04-27 00:00:00","2014-05-08 00:00:00","2014-04-27 00:00:00","2014-05-08 00:00:00","3.0000","36.7500","36.7500","2014-05-07 22:00:00"
"68676","802","1","10","2014-04-27 00:00:00","2014-05-08 00:00:00","2014-04-27 00:00:00","2014-05-08 00:00:00","4.1000","92.2500","92.2500","2014-05-07 22:00:00"
"68676","802","6","50","2014-04-27 00:00:00","2014-05-08 00:00:00","2014-04-27 00:00:00","2014-05-08 00:00:00","3.0000","36.7500","36.7500","2014-05-07 22:00:00"
"68677","803","1","10","2014-04-27 00:00:00","2014-05-08 00:00:00","2014-04-27 00:00:00","2014-05-08 00:00:00","4.1000","92.2500","92.2500","2014-05-07 22:00:00"
"68677","803","6","50","2014-04-27 00:00:00","2014-05-08 00:00:00","2014-04-27 00:00:00","2014-05-08 00:00:00","3.0000","36.7500","36.7500","2014-05-07 22:00:00"
"68678","804","1","10","2014-04-27 00:00:00","2014-05-08 00:00:00","2014-04-27 00:00:00","2014-05-08 00:00:00","4.1000","92.2500","92.2500","2014-05-07 22:00:00"
"68678","804","6","50","2014-04-27 00:00:00","2014-05-08 00:00:00","2014-04-27 00:00:00","2014-05-08 00:00:00","3.0000","36.7500","36.7500","2014-05-07 22:00:00"
"68683","779","7","60","2014-04-28 00:00:00","2014-05-09 00:00:00","2014-05-17 00:00:00","2014-05-18 00:00:00","4.0000","49.0000","49.0000","2014-05-17 22:00:00"
"68684","780","7","60","2014-04-28 00:00:00","2014-05-09 00:00:00","2014-05-17 00:00:00","2014-05-18 00:00:00","4.0000","49.0000","49.0000","2014-05-17 22:00:00"
"68685","781","7","60","2014-04-28 00:00:00","2014-05-09 00:00:00","2014-05-17 00:00:00","2014-05-18 00:00:00","4.0000","49.0000","49.0000","2014-05-17 22:00:00"
"68686","782","7","60","2014-04-28 00:00:00","2014-05-09 00:00:00","2014-05-17 00:00:00","2014-05-18 00:00:00","4.0000","49.0000","49.0000","2014-05-17 22:00:00"
"68687","783","7","60","2014-04-28 00:00:00","2014-05-09 00:00:00","2014-05-17 00:00:00","2014-05-18 00:00:00","4.0000","49.0000","49.0000","2014-05-17 22:00:00"
"68688","798","7","60","2014-04-28 00:00:00","2014-05-09 00:00:00","2014-05-17 00:00:00","2014-05-18 00:00:00","4.0000","49.0000","49.0000","2014-05-17 22:00:00"
"68689","799","7","60","2014-04-28 00:00:00","2014-05-09 00:00:00","2014-05-17 00:00:00","2014-05-18 00:00:00","4.0000","49.0000","49.0000","2014-05-17 22:00:00"
"68690","954","7","60","2014-04-28 00:00:00","2014-05-09 00:00:00","2014-05-17 00:00:00","2014-05-18 00:00:00","4.0000","49.0000","49.0000","2014-05-17 22:00:00"
"68691","955","7","60","2014-04-28 00:00:00","2014-05-09 00:00:00","2014-05-17 00:00:00","2014-05-18 00:00:00","4.0000","49.0000","49.0000","2014-05-17 22:00:00"
"68692","956","7","60","2014-04-28 00:00:00","2014-05-09 00:00:00","2014-05-17 00:00:00","2014-05-18 00:00:00","4.0000","49.0000","49.0000","2014-05-17 22:00:00"
"68693","966","7","60","2014-04-28 00:00:00","2014-05-09 00:00:00","2014-05-17 00:00:00","2014-05-18 00:00:00","4.0000","49.0000","49.0000","2014-05-17 22:00:00"
"68694","973","7","60","2014-04-28 00:00:00","2014-05-09 00:00:00","2014-05-17 00:00:00","2014-05-18 00:00:00","4.0000","49.0000","49.0000","2014-05-17 22:00:00"
"68695","975","7","60","2014-04-28 00:00:00","2014-05-09 00:00:00","2014-05-17 00:00:00","2014-05-18 00:00:00","4.0000","49.0000","49.0000","2014-05-17 22:00:00"
"68696","977","7","60","2014-04-28 00:00:00","2014-05-09 00:00:00","2014-05-17 00:00:00","2014-05-18 00:00:00","4.0000","49.0000","49.0000","2014-05-17 22:00:00"
"68697","982","7","60","2014-04-28 00:00:00","2014-05-09 00:00:00","2014-05-17 00:00:00","2014-05-18 00:00:00","4.0000","49.0000","49.0000","2014-05-17 22:00:00"
"68698","983","7","60","2014-04-28 00:00:00","2014-05-09 00:00:00","2014-05-17 00:00:00","2014-05-18 00:00:00","4.0000","49.0000","49.0000","2014-05-17 22:00:00"
"68699","987","7","60","2014-04-28 00:00:00","2014-05-09 00:00:00","2014-05-17 00:00:00","2014-05-18 00:00:00","4.0000","49.0000","49.0000","2014-05-17 22:00:00"
"68700","988","7","60","2014-04-28 00:00:00","2014-05-09 00:00:00","2014-05-17 00:00:00","2014-05-18 00:00:00","4.0000","49.0000","49.0000","2014-05-17 22:00:00"
"68701","514","6","50","2014-04-28 00:00:00","2014-05-09 00:00:00","2014-05-17 00:00:00","2014-05-18 00:00:00","3.0000","36.7500","36.7500","2014-05-17 22:00:00"
"68701","514","7","60","2014-04-28 00:00:00","2014-05-09 00:00:00","2014-05-17 00:00:00","2014-05-18 00:00:00","4.0000","49.0000","49.0000","2014-05-17 22:00:00"
"68702","516","6","50","2014-04-28 00:00:00","2014-05-09 00:00:00","2014-05-17 00:00:00","2014-05-18 00:00:00","3.0000","36.7500","36.7500","2014-05-17 22:00:00"
"68702","516","7","60","2014-04-28 00:00:00","2014-05-09 00:00:00","2014-05-17 00:00:00","2014-05-18 00:00:00","4.0000","49.0000","49.0000","2014-05-17 22:00:00"
"68703","517","6","50","2014-04-28 00:00:00","2014-05-09 00:00:00","2014-05-17 00:00:00","2014-05-18 00:00:00","3.0000","36.7500","36.7500","2014-05-17 22:00:00"
"68703","517","7","60","2014-04-28 00:00:00","2014-05-09 00:00:00","2014-05-17 00:00:00","2014-05-18 00:00:00","4.0000","49.0000","49.0000","2014-05-17 22:00:00"
"68704","518","6","50","2014-04-28 00:00:00","2014-05-09 00:00:00","2014-05-17 00:00:00","2014-05-18 00:00:00","3.0000","36.7500","36.7500","2014-05-17 22:00:00"
"68704","518","7","60","2014-04-28 00:00:00","2014-05-09 00:00:00","2014-05-17 00:00:00","2014-05-18 00:00:00","4.0000","49.0000","49.0000","2014-05-17 22:00:00"
"68705","522","6","50","2014-04-28 00:00:00","2014-05-09 00:00:00","2014-05-17 00:00:00","2014-05-18 00:00:00","3.0000","36.7500","36.7500","2014-05-17 22:00:00"
"68705","522","7","60","2014-04-28 00:00:00","2014-05-09 00:00:00","2014-05-17 00:00:00","2014-05-18 00:00:00","4.0000","49.0000","49.0000","2014-05-17 22:00:00"
"68710","747","1","10","2014-04-28 00:00:00","2014-05-09 00:00:00","2014-05-17 00:00:00","2014-05-18 00:00:00","4.1000","92.2500","92.2500","2014-05-17 22:00:00"
"68710","747","2","20","2014-04-28 00:00:00","2014-05-09 00:00:00","2014-05-17 00:00:00","2014-05-18 00:00:00","3.5000","87.5000","87.5000","2014-05-17 22:00:00"
"68710","747","3","30","2014-04-28 00:00:00","2014-05-09 00:00:00","2014-05-17 00:00:00","2014-05-18 00:00:00","1.0000","14.5000","14.5000","2014-05-17 22:00:00"
"68710","747","4","40","2014-04-28 00:00:00","2014-05-09 00:00:00","2014-05-17 00:00:00","2014-05-18 00:00:00","2.0000","31.5000","31.5000","2014-05-17 22:00:00"
"68710","747","6","50","2014-04-28 00:00:00","2014-05-09 00:00:00","2014-05-17 00:00:00","2014-05-18 00:00:00","3.0000","36.7500","36.7500","2014-05-17 22:00:00"
"68710","747","7","60","2014-04-28 00:00:00","2014-05-09 00:00:00","2014-05-17 00:00:00","2014-05-18 00:00:00","4.0000","49.0000","49.0000","2014-05-17 22:00:00"
"68711","748","1","10","2014-04-28 00:00:00","2014-05-09 00:00:00","2014-05-17 00:00:00","2014-05-18 00:00:00","4.1000","92.2500","92.2500","2014-05-17 22:00:00"
"68711","748","2","20","2014-04-28 00:00:00","2014-05-09 00:00:00","2014-05-17 00:00:00","2014-05-18 00:00:00","3.5000","87.5000","87.5000","2014-05-17 22:00:00"
"68711","748","3","30","2014-04-28 00:00:00","2014-05-09 00:00:00","2014-05-17 00:00:00","2014-05-18 00:00:00","1.0000","14.5000","14.5000","2014-05-17 22:00:00"
"68711","748","5","45","2014-04-28 00:00:00","2014-05-09 00:00:00","2014-05-17 00:00:00","2014-05-18 00:00:00","2.0000","36.0000","36.0000","2014-05-17 22:00:00"
"68711","748","6","50","2014-04-28 00:00:00","2014-05-09 00:00:00","2014-05-17 00:00:00","2014-05-18 00:00:00","3.0000","36.7500","36.7500","2014-05-17 22:00:00"
"68711","748","7","60","2014-04-28 00:00:00","2014-05-09 00:00:00","2014-05-17 00:00:00","2014-05-18 00:00:00","4.0000","49.0000","49.0000","2014-05-17 22:00:00"
"68712","805","6","50","2014-04-28 00:00:00","2014-05-09 00:00:00","2014-05-17 00:00:00","2014-05-18 00:00:00","3.0000","36.7500","36.7500","2014-05-17 22:00:00"
"68713","806","6","50","2014-04-28 00:00:00","2014-05-09 00:00:00","2014-05-17 00:00:00","2014-05-18 00:00:00","3.0000","36.7500","36.7500","2014-05-17 22:00:00"
"68714","807","6","50","2014-04-28 00:00:00","2014-05-09 00:00:00","2014-05-17 00:00:00","2014-05-18 00:00:00","3.0000","36.7500","36.7500","2014-05-17 22:00:00"
"68715","808","1","10","2014-04-28 00:00:00","2014-05-09 00:00:00","2014-05-17 00:00:00","2014-05-18 00:00:00","4.1000","92.2500","92.2500","2014-05-17 22:00:00"
"68715","808","2","20","2014-04-28 00:00:00","2014-05-09 00:00:00","2014-05-17 00:00:00","2014-05-18 00:00:00","3.5000","87.5000","87.5000","2014-05-17 22:00:00"
"68715","808","6","50","2014-04-28 00:00:00","2014-05-09 00:00:00","2014-05-17 00:00:00","2014-05-18 00:00:00","3.0000","36.7500","36.7500","2014-05-17 22:00:00"
"68716","810","1","10","2014-04-28 00:00:00","2014-05-09 00:00:00","2014-05-17 00:00:00","2014-05-18 00:00:00","4.1000","92.2500","92.2500","2014-05-17 22:00:00"
"68716","810","2","20","2014-04-28 00:00:00","2014-05-09 00:00:00","2014-05-17 00:00:00","2014-05-18 00:00:00","3.5000","87.5000","87.5000","2014-05-17 22:00:00"
"68716","810","6","50","2014-04-28 00:00:00","2014-05-09 00:00:00","2014-05-17 00:00:00","2014-05-18 00:00:00","3.0000","36.7500","36.7500","2014-05-17 22:00:00"
"68717","811","1","10","2014-04-28 00:00:00","2014-05-09 00:00:00","2014-05-17 00:00:00","2014-05-18 00:00:00","4.1000","92.2500","92.2500","2014-05-17 22:00:00"
"68717","811","2","20","2014-04-28 00:00:00","2014-05-09 00:00:00","2014-05-17 00:00:00","2014-05-18 00:00:00","3.5000","87.5000","87.5000","2014-05-17 22:00:00"
"68717","811","6","50","2014-04-28 00:00:00","2014-05-09 00:00:00","2014-05-17 00:00:00","2014-05-18 00:00:00","3.0000","36.7500","36.7500","2014-05-17 22:00:00"
"68718","812","1","10","2014-04-28 00:00:00","2014-05-09 00:00:00","2014-05-17 00:00:00","2014-05-18 00:00:00","4.1000","92.2500","92.2500","2014-05-17 22:00:00"
"68718","812","2","20","2014-04-28 00:00:00","2014-05-09 00:00:00","2014-05-17 00:00:00","2014-05-18 00:00:00","3.5000","87.5000","87.5000","2014-05-17 22:00:00"
"68718","812","6","50","2014-04-28 00:00:00","2014-05-09 00:00:00","2014-05-17 00:00:00","2014-05-18 00:00:00","3.0000","36.7500","36.7500","2014-05-17 22:00:00"
"68719","815","6","50","2014-04-28 00:00:00","2014-05-09 00:00:00","2014-05-17 00:00:00","2014-05-18 00:00:00","3.0000","36.7500","36.7500","2014-05-17 22:00:00"
"68720","816","6","50","2014-04-28 00:00:00","2014-05-09 00:00:00","2014-05-17 00:00:00","2014-05-18 00:00:00","3.0000","36.7500","36.7500","2014-05-17 22:00:00"
"68721","818","6","50","2014-04-28 00:00:00","2014-05-09 00:00:00","2014-05-17 00:00:00","2014-05-18 00:00:00","3.0000","36.7500","36.7500","2014-05-17 22:00:00"
"68722","819","6","50","2014-04-28 00:00:00","2014-05-09 00:00:00","2014-05-17 00:00:00","2014-05-18 00:00:00","3.0000","36.7500","36.7500","2014-05-17 22:00:00"
"68723","821","6","50","2014-04-28 00:00:00","2014-05-09 00:00:00","2014-05-17 00:00:00","2014-05-18 00:00:00","3.0000","36.7500","36.7500","2014-05-17 22:00:00"
"68724","823","6","50","2014-04-28 00:00:00","2014-05-09 00:00:00","2014-05-17 00:00:00","2014-05-18 00:00:00","3.0000","36.7500","36.7500","2014-05-17 22:00:00"
"68725","824","6","50","2014-04-28 00:00:00","2014-05-09 00:00:00","2014-05-17 00:00:00","2014-05-18 00:00:00","3.0000","36.7500","36.7500","2014-05-17 22:00:00"
"68726","826","6","50","2014-04-28 00:00:00","2014-05-09 00:00:00","2014-05-17 00:00:00","2014-05-18 00:00:00","3.0000","36.7500","36.7500","2014-05-17 22:00:00"
"68727","827","6","50","2014-04-28 00:00:00","2014-05-09 00:00:00","2014-05-17 00:00:00","2014-05-18 00:00:00","3.0000","36.7500","36.7500","2014-05-17 22:00:00"
"68728","829","6","50","2014-04-28 00:00:00","2014-05-09 00:00:00","2014-05-17 00:00:00","2014-05-18 00:00:00","3.0000","36.7500","36.7500","2014-05-17 22:00:00"
"68736","894","6","50","2014-04-28 00:00:00","2014-05-09 00:00:00","2014-05-17 00:00:00","2014-05-18 00:00:00","3.0000","36.7500","36.7500","2014-05-17 22:00:00"
"68741","945","1","10","2014-04-28 00:00:00","2014-05-09 00:00:00","2014-05-17 00:00:00","2014-05-18 00:00:00","4.1000","92.2500","92.2500","2014-05-17 22:00:00"
"68741","945","6","50","2014-04-28 00:00:00","2014-05-09 00:00:00","2014-05-17 00:00:00","2014-05-18 00:00:00","3.0000","36.7500","36.7500","2014-05-17 22:00:00"
"68742","947","1","10","2014-04-28 00:00:00","2014-05-09 00:00:00","2014-05-17 00:00:00","2014-05-18 00:00:00","4.1000","92.2500","92.2500","2014-05-17 22:00:00"
"68742","947","2","20","2014-04-28 00:00:00","2014-05-09 00:00:00","2014-05-17 00:00:00","2014-05-18 00:00:00","3.5000","87.5000","87.5000","2014-05-17 22:00:00"
"68742","947","6","50","2014-04-28 00:00:00","2014-05-09 00:00:00","2014-05-17 00:00:00","2014-05-18 00:00:00","3.0000","36.7500","36.7500","2014-05-17 22:00:00"
"68743","949","6","50","2014-04-28 00:00:00","2014-05-09 00:00:00","2014-05-17 00:00:00","2014-05-18 00:00:00","3.0000","36.7500","36.7500","2014-05-17 22:00:00"
"68744","950","6","50","2014-04-28 00:00:00","2014-05-09 00:00:00","2014-05-17 00:00:00","2014-05-18 00:00:00","3.0000","36.7500","36.7500","2014-05-17 22:00:00"
"68745","951","6","50","2014-04-28 00:00:00","2014-05-09 00:00:00","2014-05-17 00:00:00","2014-05-18 00:00:00","3.0000","36.7500","36.7500","2014-05-17 22:00:00"
"68746","994","6","50","2014-04-28 00:00:00","2014-05-09 00:00:00","2014-05-17 00:00:00","2014-05-18 00:00:00","3.0000","36.7500","36.7500","2014-05-17 22:00:00"
"68747","995","6","50","2014-04-28 00:00:00","2014-05-09 00:00:00","2014-05-17 00:00:00","2014-05-18 00:00:00","3.0000","36.7500","36.7500","2014-05-17 22:00:00"
"68748","996","6","50","2014-04-28 00:00:00","2014-05-09 00:00:00","2014-05-17 00:00:00","2014-05-18 00:00:00","3.0000","36.7500","36.7500","2014-05-17 22:00:00"
"68763","802","1","10","2014-04-28 00:00:00","2014-05-09 00:00:00","2014-05-17 00:00:00","2014-05-18 00:00:00","4.1000","92.2500","92.2500","2014-05-17 22:00:00"
"68763","802","6","50","2014-04-28 00:00:00","2014-05-09 00:00:00","2014-05-17 00:00:00","2014-05-18 00:00:00","3.0000","36.7500","36.7500","2014-05-17 22:00:00"
"68764","803","1","10","2014-04-28 00:00:00","2014-05-09 00:00:00","2014-05-17 00:00:00","2014-05-18 00:00:00","4.1000","92.2500","92.2500","2014-05-17 22:00:00"
"68764","803","6","50","2014-04-28 00:00:00","2014-05-09 00:00:00","2014-05-17 00:00:00","2014-05-18 00:00:00","3.0000","36.7500","36.7500","2014-05-17 22:00:00"
"68765","804","1","10","2014-04-28 00:00:00","2014-05-09 00:00:00","2014-05-17 00:00:00","2014-05-18 00:00:00","4.1000","92.2500","92.2500","2014-05-17 22:00:00"
"68765","804","6","50","2014-04-28 00:00:00","2014-05-09 00:00:00","2014-05-17 00:00:00","2014-05-18 00:00:00","3.0000","36.7500","36.7500","2014-05-17 22:00:00"
"68770","779","7","60","2014-04-29 00:00:00","2014-05-10 00:00:00","2014-04-29 00:00:00","2014-05-10 00:00:00","4.0000","49.0000","49.0000","2014-05-09 22:00:00"
"68771","781","7","60","2014-04-29 00:00:00","2014-05-10 00:00:00","2014-04-29 00:00:00","2014-05-10 00:00:00","4.0000","49.0000","49.0000","2014-05-09 22:00:00"
"68772","782","7","60","2014-04-29 00:00:00","2014-05-10 00:00:00","2014-04-29 00:00:00","2014-05-10 00:00:00","4.0000","49.0000","49.0000","2014-05-09 22:00:00"
"68773","784","7","60","2014-04-29 00:00:00","2014-05-10 00:00:00","2014-04-29 00:00:00","2014-05-10 00:00:00","4.0000","49.0000","49.0000","2014-05-09 22:00:00"
"68774","797","7","60","2014-04-29 00:00:00","2014-05-10 00:00:00","2014-04-29 00:00:00","2014-05-10 00:00:00","4.0000","49.0000","49.0000","2014-05-09 22:00:00"
"68775","798","7","60","2014-04-29 00:00:00","2014-05-10 00:00:00","2014-04-29 00:00:00","2014-05-10 00:00:00","4.0000","49.0000","49.0000","2014-05-09 22:00:00"
"68776","799","7","60","2014-04-29 00:00:00","2014-05-10 00:00:00","2014-04-29 00:00:00","2014-05-10 00:00:00","4.0000","49.0000","49.0000","2014-05-09 22:00:00"
"68777","800","7","60","2014-04-29 00:00:00","2014-05-10 00:00:00","2014-04-29 00:00:00","2014-05-10 00:00:00","4.0000","49.0000","49.0000","2014-05-09 22:00:00"
"68778","801","7","60","2014-04-29 00:00:00","2014-05-10 00:00:00","2014-04-29 00:00:00","2014-05-10 00:00:00","4.0000","49.0000","49.0000","2014-05-09 22:00:00"
"68779","954","7","60","2014-04-29 00:00:00","2014-05-10 00:00:00","2014-04-29 00:00:00","2014-05-10 00:00:00","4.0000","49.0000","49.0000","2014-05-09 22:00:00"
"68780","958","7","60","2014-04-29 00:00:00","2014-05-10 00:00:00","2014-04-29 00:00:00","2014-05-10 00:00:00","4.0000","49.0000","49.0000","2014-05-09 22:00:00"
"68781","962","7","60","2014-04-29 00:00:00","2014-05-10 00:00:00","2014-04-29 00:00:00","2014-05-10 00:00:00","4.0000","49.0000","49.0000","2014-05-09 22:00:00"
"68782","968","7","60","2014-04-29 00:00:00","2014-05-10 00:00:00","2014-04-29 00:00:00","2014-05-10 00:00:00","4.0000","49.0000","49.0000","2014-05-09 22:00:00"
"68783","972","7","60","2014-04-29 00:00:00","2014-05-10 00:00:00","2014-04-29 00:00:00","2014-05-10 00:00:00","4.0000","49.0000","49.0000","2014-05-09 22:00:00"
"68784","973","7","60","2014-04-29 00:00:00","2014-05-10 00:00:00","2014-04-29 00:00:00","2014-05-10 00:00:00","4.0000","49.0000","49.0000","2014-05-09 22:00:00"
"68785","974","7","60","2014-04-29 00:00:00","2014-05-10 00:00:00","2014-04-29 00:00:00","2014-05-10 00:00:00","4.0000","49.0000","49.0000","2014-05-09 22:00:00"
"68786","975","7","60","2014-04-29 00:00:00","2014-05-10 00:00:00","2014-04-29 00:00:00","2014-05-10 00:00:00","4.0000","49.0000","49.0000","2014-05-09 22:00:00"
"68787","976","7","60","2014-04-29 00:00:00","2014-05-10 00:00:00","2014-04-29 00:00:00","2014-05-10 00:00:00","4.0000","49.0000","49.0000","2014-05-09 22:00:00"
"68788","977","7","60","2014-04-29 00:00:00","2014-05-10 00:00:00","2014-04-29 00:00:00","2014-05-10 00:00:00","4.0000","49.0000","49.0000","2014-05-09 22:00:00"
"68789","980","7","60","2014-04-29 00:00:00","2014-05-10 00:00:00","2014-04-29 00:00:00","2014-05-10 00:00:00","4.0000","49.0000","49.0000","2014-05-09 22:00:00"
"68790","997","7","60","2014-04-29 00:00:00","2014-05-10 00:00:00","2014-04-29 00:00:00","2014-05-10 00:00:00","4.0000","49.0000","49.0000","2014-05-09 22:00:00"
"68791","514","6","50","2014-04-29 00:00:00","2014-05-10 00:00:00","2014-04-29 00:00:00","2014-05-10 00:00:00","3.0000","36.7500","36.7500","2014-05-09 22:00:00"
"68791","514","7","60","2014-04-29 00:00:00","2014-05-10 00:00:00","2014-04-29 00:00:00","2014-05-10 00:00:00","4.0000","49.0000","49.0000","2014-05-09 22:00:00"
"68792","516","6","50","2014-04-29 00:00:00","2014-05-10 00:00:00","2014-04-29 00:00:00","2014-05-10 00:00:00","3.0000","36.7500","36.7500","2014-05-09 22:00:00"
"68792","516","7","60","2014-04-29 00:00:00","2014-05-10 00:00:00","2014-04-29 00:00:00","2014-05-10 00:00:00","4.0000","49.0000","49.0000","2014-05-09 22:00:00"
"68793","517","6","50","2014-04-29 00:00:00","2014-05-10 00:00:00","2014-04-29 00:00:00","2014-05-10 00:00:00","3.0000","36.7500","36.7500","2014-05-09 22:00:00"
"68793","517","7","60","2014-04-29 00:00:00","2014-05-10 00:00:00","2014-04-29 00:00:00","2014-05-10 00:00:00","4.0000","49.0000","49.0000","2014-05-09 22:00:00"
"68794","518","6","50","2014-04-29 00:00:00","2014-05-10 00:00:00","2014-04-29 00:00:00","2014-05-10 00:00:00","3.0000","36.7500","36.7500","2014-05-09 22:00:00"
"68794","518","7","60","2014-04-29 00:00:00","2014-05-10 00:00:00","2014-04-29 00:00:00","2014-05-10 00:00:00","4.0000","49.0000","49.0000","2014-05-09 22:00:00"
"68795","520","6","50","2014-04-29 00:00:00","2014-05-10 00:00:00","2014-04-29 00:00:00","2014-05-10 00:00:00","3.0000","36.7500","36.7500","2014-05-09 22:00:00"
"68795","520","7","60","2014-04-29 00:00:00","2014-05-10 00:00:00","2014-04-29 00:00:00","2014-05-10 00:00:00","4.0000","49.0000","49.0000","2014-05-09 22:00:00"
"68796","521","6","50","2014-04-29 00:00:00","2014-05-10 00:00:00","2014-04-29 00:00:00","2014-05-10 00:00:00","3.0000","36.7500","36.7500","2014-05-09 22:00:00"
"68796","521","7","60","2014-04-29 00:00:00","2014-05-10 00:00:00","2014-04-29 00:00:00","2014-05-10 00:00:00","4.0000","49.0000","49.0000","2014-05-09 22:00:00"
"68797","522","6","50","2014-04-29 00:00:00","2014-05-10 00:00:00","2014-04-29 00:00:00","2014-05-10 00:00:00","3.0000","36.7500","36.7500","2014-05-09 22:00:00"
"68797","522","7","60","2014-04-29 00:00:00","2014-05-10 00:00:00","2014-04-29 00:00:00","2014-05-10 00:00:00","4.0000","49.0000","49.0000","2014-05-09 22:00:00"
"68802","747","1","10","2014-04-29 00:00:00","2014-05-10 00:00:00","2014-04-29 00:00:00","2014-05-10 00:00:00","4.1000","92.2500","92.2500","2014-05-09 22:00:00"
"68802","747","2","20","2014-04-29 00:00:00","2014-05-10 00:00:00","2014-04-29 00:00:00","2014-05-10 00:00:00","3.5000","87.5000","87.5000","2014-05-09 22:00:00"
"68802","747","3","30","2014-04-29 00:00:00","2014-05-10 00:00:00","2014-04-29 00:00:00","2014-05-10 00:00:00","1.0000","14.5000","14.5000","2014-05-09 22:00:00"
"68802","747","4","40","2014-04-29 00:00:00","2014-05-10 00:00:00","2014-04-29 00:00:00","2014-05-10 00:00:00","2.0000","31.5000","31.5000","2014-05-09 22:00:00"
"68802","747","6","50","2014-04-29 00:00:00","2014-05-10 00:00:00","2014-04-29 00:00:00","2014-05-10 00:00:00","3.0000","36.7500","36.7500","2014-05-09 22:00:00"
"68802","747","7","60","2014-04-29 00:00:00","2014-05-10 00:00:00","2014-04-29 00:00:00","2014-05-10 00:00:00","4.0000","49.0000","49.0000","2014-05-09 22:00:00"
"68803","748","1","10","2014-04-29 00:00:00","2014-05-10 00:00:00","2014-04-29 00:00:00","2014-05-10 00:00:00","4.1000","92.2500","92.2500","2014-05-09 22:00:00"
"68803","748","2","20","2014-04-29 00:00:00","2014-05-10 00:00:00","2014-04-29 00:00:00","2014-05-10 00:00:00","3.5000","87.5000","87.5000","2014-05-09 22:00:00"
"68803","748","3","30","2014-04-29 00:00:00","2014-05-10 00:00:00","2014-04-29 00:00:00","2014-05-10 00:00:00","1.0000","14.5000","14.5000","2014-05-09 22:00:00"
"68803","748","5","45","2014-04-29 00:00:00","2014-05-10 00:00:00","2014-04-29 00:00:00","2014-05-10 00:00:00","2.0000","36.0000","36.0000","2014-05-09 22:00:00"
"68803","748","6","50","2014-04-29 00:00:00","2014-05-10 00:00:00","2014-04-29 00:00:00","2014-05-10 00:00:00","3.0000","36.7500","36.7500","2014-05-09 22:00:00"
"68803","748","7","60","2014-04-29 00:00:00","2014-05-10 00:00:00","2014-04-29 00:00:00","2014-05-10 00:00:00","4.0000","49.0000","49.0000","2014-05-09 22:00:00"
"68804","805","6","50","2014-04-29 00:00:00","2014-05-10 00:00:00","2014-04-29 00:00:00","2014-05-10 00:00:00","3.0000","36.7500","36.7500","2014-05-09 22:00:00"
"68805","806","6","50","2014-04-29 00:00:00","2014-05-10 00:00:00","2014-04-29 00:00:00","2014-05-10 00:00:00","3.0000","36.7500","36.7500","2014-05-09 22:00:00"
"68806","807","6","50","2014-04-29 00:00:00","2014-05-10 00:00:00","2014-04-29 00:00:00","2014-05-10 00:00:00","3.0000","36.7500","36.7500","2014-05-09 22:00:00"
"68807","808","1","10","2014-04-29 00:00:00","2014-05-10 00:00:00","2014-04-29 00:00:00","2014-05-10 00:00:00","4.1000","92.2500","92.2500","2014-05-09 22:00:00"
"68807","808","2","20","2014-04-29 00:00:00","2014-05-10 00:00:00","2014-04-29 00:00:00","2014-05-10 00:00:00","3.5000","87.5000","87.5000","2014-05-09 22:00:00"
"68807","808","6","50","2014-04-29 00:00:00","2014-05-10 00:00:00","2014-04-29 00:00:00","2014-05-10 00:00:00","3.0000","36.7500","36.7500","2014-05-09 22:00:00"
"68808","810","1","10","2014-04-29 00:00:00","2014-05-10 00:00:00","2014-04-29 00:00:00","2014-05-10 00:00:00","4.1000","92.2500","92.2500","2014-05-09 22:00:00"
"68808","810","2","20","2014-04-29 00:00:00","2014-05-10 00:00:00","2014-04-29 00:00:00","2014-05-10 00:00:00","3.5000","87.5000","87.5000","2014-05-09 22:00:00"
"68808","810","6","50","2014-04-29 00:00:00","2014-05-10 00:00:00","2014-04-29 00:00:00","2014-05-10 00:00:00","3.0000","36.7500","36.7500","2014-05-09 22:00:00"
"68809","811","1","10","2014-04-29 00:00:00","2014-05-10 00:00:00","2014-04-29 00:00:00","2014-05-10 00:00:00","4.1000","92.2500","92.2500","2014-05-09 22:00:00"
"68809","811","2","20","2014-04-29 00:00:00","2014-05-10 00:00:00","2014-04-29 00:00:00","2014-05-10 00:00:00","3.5000","87.5000","87.5000","2014-05-09 22:00:00"
"68809","811","6","50","2014-04-29 00:00:00","2014-05-10 00:00:00","2014-04-29 00:00:00","2014-05-10 00:00:00","3.0000","36.7500","36.7500","2014-05-09 22:00:00"
"68810","812","1","10","2014-04-29 00:00:00","2014-05-10 00:00:00","2014-04-29 00:00:00","2014-05-10 00:00:00","4.1000","92.2500","92.2500","2014-05-09 22:00:00"
"68810","812","2","20","2014-04-29 00:00:00","2014-05-10 00:00:00","2014-04-29 00:00:00","2014-05-10 00:00:00","3.5000","87.5000","87.5000","2014-05-09 22:00:00"
"68810","812","6","50","2014-04-29 00:00:00","2014-05-10 00:00:00","2014-04-29 00:00:00","2014-05-10 00:00:00","3.0000","36.7500","36.7500","2014-05-09 22:00:00"
"68811","815","6","50","2014-04-29 00:00:00","2014-05-10 00:00:00","2014-04-29 00:00:00","2014-05-10 00:00:00","3.0000","36.7500","36.7500","2014-05-09 22:00:00"
"68812","816","6","50","2014-04-29 00:00:00","2014-05-10 00:00:00","2014-04-29 00:00:00","2014-05-10 00:00:00","3.0000","36.7500","36.7500","2014-05-09 22:00:00"
"68813","818","6","50","2014-04-29 00:00:00","2014-05-10 00:00:00","2014-04-29 00:00:00","2014-05-10 00:00:00","3.0000","36.7500","36.7500","2014-05-09 22:00:00"
"68814","819","6","50","2014-04-29 00:00:00","2014-05-10 00:00:00","2014-04-29 00:00:00","2014-05-10 00:00:00","3.0000","36.7500","36.7500","2014-05-09 22:00:00"
"68815","821","6","50","2014-04-29 00:00:00","2014-05-10 00:00:00","2014-04-29 00:00:00","2014-05-10 00:00:00","3.0000","36.7500","36.7500","2014-05-09 22:00:00"
"68816","822","1","10","2014-04-29 00:00:00","2014-05-10 00:00:00","2014-04-29 00:00:00","2014-05-10 00:00:00","4.1000","92.2500","92.2500","2014-05-09 22:00:00"
"68816","822","2","20","2014-04-29 00:00:00","2014-05-10 00:00:00","2014-04-29 00:00:00","2014-05-10 00:00:00","3.5000","87.5000","87.5000","2014-05-09 22:00:00"
"68816","822","3","30","2014-04-29 00:00:00","2014-05-10 00:00:00","2014-04-29 00:00:00","2014-05-10 00:00:00","1.0000","14.5000","14.5000","2014-05-09 22:00:00"
"68816","822","4","40","2014-04-29 00:00:00","2014-05-10 00:00:00","2014-04-29 00:00:00","2014-05-10 00:00:00","2.0000","31.5000","31.5000","2014-05-09 22:00:00"
"68816","822","6","50","2014-04-29 00:00:00","2014-05-10 00:00:00","2014-04-29 00:00:00","2014-05-10 00:00:00","3.0000","36.7500","36.7500","2014-05-09 22:00:00"
"68816","822","7","60","2014-04-29 00:00:00","2014-05-10 00:00:00","2014-04-29 00:00:00","2014-05-10 00:00:00","4.0000","49.0000","49.0000","2014-05-09 22:00:00"
"68817","823","6","50","2014-04-29 00:00:00","2014-05-10 00:00:00","2014-04-29 00:00:00","2014-05-10 00:00:00","3.0000","36.7500","36.7500","2014-05-09 22:00:00"
"68818","824","6","50","2014-04-29 00:00:00","2014-05-10 00:00:00","2014-04-29 00:00:00","2014-05-10 00:00:00","3.0000","36.7500","36.7500","2014-05-09 22:00:00"
"68819","826","6","50","2014-04-29 00:00:00","2014-05-10 00:00:00","2014-04-29 00:00:00","2014-05-10 00:00:00","3.0000","36.7500","36.7500","2014-05-09 22:00:00"
"68820","827","6","50","2014-04-29 00:00:00","2014-05-10 00:00:00","2014-04-29 00:00:00","2014-05-10 00:00:00","3.0000","36.7500","36.7500","2014-05-09 22:00:00"
"68821","829","6","50","2014-04-29 00:00:00","2014-05-10 00:00:00","2014-04-29 00:00:00","2014-05-10 00:00:00","3.0000","36.7500","36.7500","2014-05-09 22:00:00"
"68828","894","6","50","2014-04-29 00:00:00","2014-05-10 00:00:00","2014-04-29 00:00:00","2014-05-10 00:00:00","3.0000","36.7500","36.7500","2014-05-09 22:00:00"
"68831","942","1","10","2014-04-29 00:00:00","2014-05-10 00:00:00","2014-04-29 00:00:00","2014-05-10 00:00:00","4.1000","92.2500","92.2500","2014-05-09 22:00:00"
"68831","942","2","20","2014-04-29 00:00:00","2014-05-10 00:00:00","2014-04-29 00:00:00","2014-05-10 00:00:00","3.5000","87.5000","87.5000","2014-05-09 22:00:00"
"68831","942","3","30","2014-04-29 00:00:00","2014-05-10 00:00:00","2014-04-29 00:00:00","2014-05-10 00:00:00","1.0000","14.5000","14.5000","2014-05-09 22:00:00"
"68831","942","5","45","2014-04-29 00:00:00","2014-05-10 00:00:00","2014-04-29 00:00:00","2014-05-10 00:00:00","2.0000","36.0000","36.0000","2014-05-09 22:00:00"
"68831","942","6","50","2014-04-29 00:00:00","2014-05-10 00:00:00","2014-04-29 00:00:00","2014-05-10 00:00:00","3.0000","36.7500","36.7500","2014-05-09 22:00:00"
"68831","942","7","60","2014-04-29 00:00:00","2014-05-10 00:00:00","2014-04-29 00:00:00","2014-05-10 00:00:00","4.0000","49.0000","49.0000","2014-05-09 22:00:00"
"68832","945","1","10","2014-04-29 00:00:00","2014-05-10 00:00:00","2014-04-29 00:00:00","2014-05-10 00:00:00","4.1000","92.2500","92.2500","2014-05-09 22:00:00"
"68832","945","6","50","2014-04-29 00:00:00","2014-05-10 00:00:00","2014-04-29 00:00:00","2014-05-10 00:00:00","3.0000","36.7500","36.7500","2014-05-09 22:00:00"
"68833","946","1","10","2014-04-29 00:00:00","2014-05-10 00:00:00","2014-04-29 00:00:00","2014-05-10 00:00:00","4.1000","92.2500","92.2500","2014-05-09 22:00:00"
"68833","946","2","20","2014-04-29 00:00:00","2014-05-10 00:00:00","2014-04-29 00:00:00","2014-05-10 00:00:00","3.5000","87.5000","87.5000","2014-05-09 22:00:00"
"68833","946","6","50","2014-04-29 00:00:00","2014-05-10 00:00:00","2014-04-29 00:00:00","2014-05-10 00:00:00","3.0000","36.7500","36.7500","2014-05-09 22:00:00"
"68834","947","1","10","2014-04-29 00:00:00","2014-05-10 00:00:00","2014-04-29 00:00:00","2014-05-10 00:00:00","4.1000","92.2500","92.2500","2014-05-09 22:00:00"
"68834","947","2","20","2014-04-29 00:00:00","2014-05-10 00:00:00","2014-04-29 00:00:00","2014-05-10 00:00:00","3.5000","87.5000","87.5000","2014-05-09 22:00:00"
"68834","947","6","50","2014-04-29 00:00:00","2014-05-10 00:00:00","2014-04-29 00:00:00","2014-05-10 00:00:00","3.0000","36.7500","36.7500","2014-05-09 22:00:00"
"68835","949","6","50","2014-04-29 00:00:00","2014-05-10 00:00:00","2014-04-29 00:00:00","2014-05-10 00:00:00","3.0000","36.7500","36.7500","2014-05-09 22:00:00"
"68836","950","6","50","2014-04-29 00:00:00","2014-05-10 00:00:00","2014-04-29 00:00:00","2014-05-10 00:00:00","3.0000","36.7500","36.7500","2014-05-09 22:00:00"
"68837","951","6","50","2014-04-29 00:00:00","2014-05-10 00:00:00","2014-04-29 00:00:00","2014-05-10 00:00:00","3.0000","36.7500","36.7500","2014-05-09 22:00:00"
"68838","994","6","50","2014-04-29 00:00:00","2014-05-10 00:00:00","2014-04-29 00:00:00","2014-05-10 00:00:00","3.0000","36.7500","36.7500","2014-05-09 22:00:00"
"68839","995","6","50","2014-04-29 00:00:00","2014-05-10 00:00:00","2014-04-29 00:00:00","2014-05-10 00:00:00","3.0000","36.7500","36.7500","2014-05-09 22:00:00"
"68840","996","6","50","2014-04-29 00:00:00","2014-05-10 00:00:00","2014-04-29 00:00:00","2014-05-10 00:00:00","3.0000","36.7500","36.7500","2014-05-09 22:00:00"
"68855","802","1","10","2014-04-29 00:00:00","2014-05-10 00:00:00","2014-04-29 00:00:00","2014-05-10 00:00:00","4.1000","92.2500","92.2500","2014-05-09 22:00:00"
"68855","802","6","50","2014-04-29 00:00:00","2014-05-10 00:00:00","2014-04-29 00:00:00","2014-05-10 00:00:00","3.0000","36.7500","36.7500","2014-05-09 22:00:00"
"68856","803","1","10","2014-04-29 00:00:00","2014-05-10 00:00:00","2014-04-29 00:00:00","2014-05-10 00:00:00","4.1000","92.2500","92.2500","2014-05-09 22:00:00"
"68856","803","6","50","2014-04-29 00:00:00","2014-05-10 00:00:00","2014-04-29 00:00:00","2014-05-10 00:00:00","3.0000","36.7500","36.7500","2014-05-09 22:00:00"
"68857","804","1","10","2014-04-29 00:00:00","2014-05-10 00:00:00","2014-04-29 00:00:00","2014-05-10 00:00:00","4.1000","92.2500","92.2500","2014-05-09 22:00:00"
"68857","804","6","50","2014-04-29 00:00:00","2014-05-10 00:00:00","2014-04-29 00:00:00","2014-05-10 00:00:00","3.0000","36.7500","36.7500","2014-05-09 22:00:00"
"68862","779","7","60","2014-04-30 00:00:00","2014-05-11 00:00:00","2014-05-21 00:00:00","2014-06-02 00:00:00","4.0000","49.0000","49.0000","2014-06-01 22:00:00"
"68863","780","7","60","2014-04-30 00:00:00","2014-05-11 00:00:00","2014-05-21 00:00:00","2014-06-02 00:00:00","4.0000","49.0000","49.0000","2014-06-01 22:00:00"
"68864","781","7","60","2014-04-30 00:00:00","2014-05-11 00:00:00","2014-05-21 00:00:00","2014-06-02 00:00:00","4.0000","49.0000","49.0000","2014-06-01 22:00:00"
"68865","783","7","60","2014-04-30 00:00:00","2014-05-11 00:00:00","2014-05-21 00:00:00","2014-06-02 00:00:00","4.0000","49.0000","49.0000","2014-06-01 22:00:00"
"68866","792","7","60","2014-04-30 00:00:00","2014-05-11 00:00:00","2014-05-21 00:00:00","2014-06-02 00:00:00","4.0000","49.0000","49.0000","2014-06-01 22:00:00"
"68867","793","7","60","2014-04-30 00:00:00","2014-05-11 00:00:00","2014-05-21 00:00:00","2014-06-02 00:00:00","4.0000","49.0000","49.0000","2014-06-01 22:00:00"
"68868","794","7","60","2014-04-30 00:00:00","2014-05-11 00:00:00","2014-05-21 00:00:00","2014-06-02 00:00:00","4.0000","49.0000","49.0000","2014-06-01 22:00:00"
"68869","795","7","60","2014-04-30 00:00:00","2014-05-11 00:00:00","2014-05-21 00:00:00","2014-06-02 00:00:00","4.0000","49.0000","49.0000","2014-06-01 22:00:00"
"68870","796","7","60","2014-04-30 00:00:00","2014-05-11 00:00:00","2014-05-21 00:00:00","2014-06-02 00:00:00","4.0000","49.0000","49.0000","2014-06-01 22:00:00"
"68871","798","7","60","2014-04-30 00:00:00","2014-05-11 00:00:00","2014-05-21 00:00:00","2014-06-02 00:00:00","4.0000","49.0000","49.0000","2014-06-01 22:00:00"
"68872","800","7","60","2014-04-30 00:00:00","2014-05-11 00:00:00","2014-05-21 00:00:00","2014-06-02 00:00:00","4.0000","49.0000","49.0000","2014-06-01 22:00:00"
"68873","954","7","60","2014-04-30 00:00:00","2014-05-11 00:00:00","2014-05-21 00:00:00","2014-06-02 00:00:00","4.0000","49.0000","49.0000","2014-06-01 22:00:00"
"68874","956","7","60","2014-04-30 00:00:00","2014-05-11 00:00:00","2014-05-21 00:00:00","2014-06-02 00:00:00","4.0000","49.0000","49.0000","2014-06-01 22:00:00"
"68875","972","7","60","2014-04-30 00:00:00","2014-05-11 00:00:00","2014-05-21 00:00:00","2014-06-02 00:00:00","4.0000","49.0000","49.0000","2014-06-01 22:00:00"
"68876","974","7","60","2014-04-30 00:00:00","2014-05-11 00:00:00","2014-05-21 00:00:00","2014-06-02 00:00:00","4.0000","49.0000","49.0000","2014-06-01 22:00:00"
"68877","975","7","60","2014-04-30 00:00:00","2014-05-11 00:00:00","2014-05-21 00:00:00","2014-06-02 00:00:00","4.0000","49.0000","49.0000","2014-06-01 22:00:00"
"68878","980","7","60","2014-04-30 00:00:00","2014-05-11 00:00:00","2014-05-21 00:00:00","2014-06-02 00:00:00","4.0000","49.0000","49.0000","2014-06-01 22:00:00"
"68879","981","7","60","2014-04-30 00:00:00","2014-05-11 00:00:00","2014-05-21 00:00:00","2014-06-02 00:00:00","4.0000","49.0000","49.0000","2014-06-01 22:00:00"
"68880","983","7","60","2014-04-30 00:00:00","2014-05-11 00:00:00","2014-05-21 00:00:00","2014-06-02 00:00:00","4.0000","49.0000","49.0000","2014-06-01 22:00:00"
"68881","985","7","60","2014-04-30 00:00:00","2014-05-11 00:00:00","2014-05-21 00:00:00","2014-06-02 00:00:00","4.0000","49.0000","49.0000","2014-06-01 22:00:00"
"68882","986","7","60","2014-04-30 00:00:00","2014-05-11 00:00:00","2014-05-21 00:00:00","2014-06-02 00:00:00","4.0000","49.0000","49.0000","2014-06-01 22:00:00"
"68883","997","7","60","2014-04-30 00:00:00","2014-05-11 00:00:00","2014-05-21 00:00:00","2014-06-02 00:00:00","4.0000","49.0000","49.0000","2014-06-01 22:00:00"
"68884","998","7","60","2014-04-30 00:00:00","2014-05-11 00:00:00","2014-05-21 00:00:00","2014-06-02 00:00:00","4.0000","49.0000","49.0000","2014-06-01 22:00:00"
"68885","999","7","60","2014-04-30 00:00:00","2014-05-11 00:00:00","2014-05-21 00:00:00","2014-06-02 00:00:00","4.0000","49.0000","49.0000","2014-06-01 22:00:00"
"68886","514","6","50","2014-04-30 00:00:00","2014-05-11 00:00:00","2014-05-21 00:00:00","2014-06-02 00:00:00","3.0000","36.7500","36.7500","2014-06-01 22:00:00"
"68886","514","7","60","2014-04-30 00:00:00","2014-05-11 00:00:00","2014-05-21 00:00:00","2014-06-02 00:00:00","4.0000","49.0000","49.0000","2014-06-01 22:00:00"
"68887","516","6","50","2014-04-30 00:00:00","2014-05-11 00:00:00","2014-05-21 00:00:00","2014-06-02 00:00:00","3.0000","36.7500","36.7500","2014-06-01 22:00:00"
"68887","516","7","60","2014-04-30 00:00:00","2014-05-11 00:00:00","2014-05-21 00:00:00","2014-06-02 00:00:00","4.0000","49.0000","49.0000","2014-06-01 22:00:00"
"68888","517","6","50","2014-04-30 00:00:00","2014-05-11 00:00:00","2014-05-21 00:00:00","2014-06-02 00:00:00","3.0000","36.7500","36.7500","2014-06-01 22:00:00"
"68888","517","7","60","2014-04-30 00:00:00","2014-05-11 00:00:00","2014-05-21 00:00:00","2014-06-02 00:00:00","4.0000","49.0000","49.0000","2014-06-01 22:00:00"
"68889","518","6","50","2014-04-30 00:00:00","2014-05-11 00:00:00","2014-05-21 00:00:00","2014-06-02 00:00:00","3.0000","36.7500","36.7500","2014-06-01 22:00:00"
"68889","518","7","60","2014-04-30 00:00:00","2014-05-11 00:00:00","2014-05-21 00:00:00","2014-06-02 00:00:00","4.0000","49.0000","49.0000","2014-06-01 22:00:00"
"68890","519","6","50","2014-04-30 00:00:00","2014-05-11 00:00:00","2014-05-21 00:00:00","2014-06-02 00:00:00","3.0000","36.7500","36.7500","2014-06-01 22:00:00"
"68890","519","7","60","2014-04-30 00:00:00","2014-05-11 00:00:00","2014-05-21 00:00:00","2014-06-02 00:00:00","4.0000","49.0000","49.0000","2014-06-01 22:00:00"
"68891","521","6","50","2014-04-30 00:00:00","2014-05-11 00:00:00","2014-05-21 00:00:00","2014-06-02 00:00:00","3.0000","36.7500","36.7500","2014-06-01 22:00:00"
"68891","521","7","60","2014-04-30 00:00:00","2014-05-11 00:00:00","2014-05-21 00:00:00","2014-06-02 00:00:00","4.0000","49.0000","49.0000","2014-06-01 22:00:00"
"68892","522","6","50","2014-04-30 00:00:00","2014-05-11 00:00:00","2014-05-21 00:00:00","2014-06-02 00:00:00","3.0000","36.7500","36.7500","2014-06-01 22:00:00"
"68892","522","7","60","2014-04-30 00:00:00","2014-05-11 00:00:00","2014-05-21 00:00:00","2014-06-02 00:00:00","4.0000","49.0000","49.0000","2014-06-01 22:00:00"
"68901","748","1","10","2014-04-30 00:00:00","2014-05-11 00:00:00","2014-05-21 00:00:00","2014-06-02 00:00:00","4.1000","92.2500","92.2500","2014-06-01 22:00:00"
"68901","748","2","20","2014-04-30 00:00:00","2014-05-11 00:00:00","2014-05-21 00:00:00","2014-06-02 00:00:00","3.5000","87.5000","87.5000","2014-06-01 22:00:00"
"68901","748","3","30","2014-04-30 00:00:00","2014-05-11 00:00:00","2014-05-21 00:00:00","2014-06-02 00:00:00","1.0000","14.5000","14.5000","2014-06-01 22:00:00"
"68901","748","5","45","2014-04-30 00:00:00","2014-05-11 00:00:00","2014-05-21 00:00:00","2014-06-02 00:00:00","2.0000","36.0000","36.0000","2014-06-01 22:00:00"
"68901","748","6","50","2014-04-30 00:00:00","2014-05-11 00:00:00","2014-05-21 00:00:00","2014-06-02 00:00:00","3.0000","36.7500","36.7500","2014-06-01 22:00:00"
"68901","748","7","60","2014-04-30 00:00:00","2014-05-11 00:00:00","2014-05-21 00:00:00","2014-06-02 00:00:00","4.0000","49.0000","49.0000","2014-06-01 22:00:00"
"68902","805","6","50","2014-04-30 00:00:00","2014-05-11 00:00:00","2014-05-21 00:00:00","2014-06-02 00:00:00","3.0000","36.7500","36.7500","2014-06-01 22:00:00"
"68903","806","6","50","2014-04-30 00:00:00","2014-05-11 00:00:00","2014-05-21 00:00:00","2014-06-02 00:00:00","3.0000","36.7500","36.7500","2014-06-01 22:00:00"
"68904","807","6","50","2014-04-30 00:00:00","2014-05-11 00:00:00","2014-05-21 00:00:00","2014-06-02 00:00:00","3.0000","36.7500","36.7500","2014-06-01 22:00:00"
"68905","808","1","10","2014-04-30 00:00:00","2014-05-11 00:00:00","2014-05-21 00:00:00","2014-06-02 00:00:00","4.1000","92.2500","92.2500","2014-06-01 22:00:00"
"68905","808","2","20","2014-04-30 00:00:00","2014-05-11 00:00:00","2014-05-21 00:00:00","2014-06-02 00:00:00","3.5000","87.5000","87.5000","2014-06-01 22:00:00"
"68905","808","6","50","2014-04-30 00:00:00","2014-05-11 00:00:00","2014-05-21 00:00:00","2014-06-02 00:00:00","3.0000","36.7500","36.7500","2014-06-01 22:00:00"
"68906","810","1","10","2014-04-30 00:00:00","2014-05-11 00:00:00","2014-05-21 00:00:00","2014-06-02 00:00:00","4.1000","92.2500","92.2500","2014-06-01 22:00:00"
"68906","810","2","20","2014-04-30 00:00:00","2014-05-11 00:00:00","2014-05-21 00:00:00","2014-06-02 00:00:00","3.5000","87.5000","87.5000","2014-06-01 22:00:00"
"68906","810","6","50","2014-04-30 00:00:00","2014-05-11 00:00:00","2014-05-21 00:00:00","2014-06-02 00:00:00","3.0000","36.7500","36.7500","2014-06-01 22:00:00"
"68907","811","1","10","2014-04-30 00:00:00","2014-05-11 00:00:00","2014-05-21 00:00:00","2014-06-02 00:00:00","4.1000","92.2500","92.2500","2014-06-01 22:00:00"
"68907","811","2","20","2014-04-30 00:00:00","2014-05-11 00:00:00","2014-05-21 00:00:00","2014-06-02 00:00:00","3.5000","87.5000","87.5000","2014-06-01 22:00:00"
"68907","811","6","50","2014-04-30 00:00:00","2014-05-11 00:00:00","2014-05-21 00:00:00","2014-06-02 00:00:00","3.0000","36.7500","36.7500","2014-06-01 22:00:00"
"68908","812","1","10","2014-04-30 00:00:00","2014-05-11 00:00:00","2014-05-21 00:00:00","2014-06-02 00:00:00","4.1000","92.2500","92.2500","2014-06-01 22:00:00"
"68908","812","2","20","2014-04-30 00:00:00","2014-05-11 00:00:00","2014-05-21 00:00:00","2014-06-02 00:00:00","3.5000","87.5000","87.5000","2014-06-01 22:00:00"
"68908","812","6","50","2014-04-30 00:00:00","2014-05-11 00:00:00","2014-05-21 00:00:00","2014-06-02 00:00:00","3.0000","36.7500","36.7500","2014-06-01 22:00:00"
"68909","813","1","10","2014-04-30 00:00:00","2014-05-11 00:00:00","2014-05-21 00:00:00","2014-06-02 00:00:00","4.1000","92.2500","92.2500","2014-06-01 22:00:00"
"68909","813","2","20","2014-04-30 00:00:00","2014-05-11 00:00:00","2014-05-21 00:00:00","2014-06-02 00:00:00","3.5000","87.5000","87.5000","2014-06-01 22:00:00"
"68909","813","6","50","2014-04-30 00:00:00","2014-05-11 00:00:00","2014-05-21 00:00:00","2014-06-02 00:00:00","3.0000","36.7500","36.7500","2014-06-01 22:00:00"
"68910","815","6","50","2014-04-30 00:00:00","2014-05-11 00:00:00","2014-05-21 00:00:00","2014-06-02 00:00:00","3.0000","36.7500","36.7500","2014-06-01 22:00:00"
"68911","816","6","50","2014-04-30 00:00:00","2014-05-11 00:00:00","2014-05-21 00:00:00","2014-06-02 00:00:00","3.0000","36.7500","36.7500","2014-06-01 22:00:00"
"68912","818","6","50","2014-04-30 00:00:00","2014-05-11 00:00:00","2014-05-21 00:00:00","2014-06-02 00:00:00","3.0000","36.7500","36.7500","2014-06-01 22:00:00"
"68913","819","6","50","2014-04-30 00:00:00","2014-05-11 00:00:00","2014-05-21 00:00:00","2014-06-02 00:00:00","3.0000","36.7500","36.7500","2014-06-01 22:00:00"
"68914","820","6","50","2014-04-30 00:00:00","2014-05-11 00:00:00","2014-05-21 00:00:00","2014-06-02 00:00:00","3.0000","36.7500","36.7500","2014-06-01 22:00:00"
"68915","821","6","50","2014-04-30 00:00:00","2014-05-11 00:00:00","2014-05-21 00:00:00","2014-06-02 00:00:00","3.0000","36.7500","36.7500","2014-06-01 22:00:00"
"68916","823","6","50","2014-04-30 00:00:00","2014-05-11 00:00:00","2014-05-21 00:00:00","2014-06-02 00:00:00","3.0000","36.7500","36.7500","2014-06-01 22:00:00"
"68917","824","6","50","2014-04-30 00:00:00","2014-05-11 00:00:00","2014-05-21 00:00:00","2014-06-02 00:00:00","3.0000","36.7500","36.7500","2014-06-01 22:00:00"
"68918","826","6","50","2014-04-30 00:00:00","2014-05-11 00:00:00","2014-05-21 00:00:00","2014-06-02 00:00:00","3.0000","36.7500","36.7500","2014-06-01 22:00:00"
"68919","827","6","50","2014-04-30 00:00:00","2014-05-11 00:00:00","2014-05-21 00:00:00","2014-06-02 00:00:00","3.0000","36.7500","36.7500","2014-06-01 22:00:00"
"68920","828","6","50","2014-04-30 00:00:00","2014-05-11 00:00:00","2014-05-21 00:00:00","2014-06-02 00:00:00","3.0000","36.7500","36.7500","2014-06-01 22:00:00"
"68921","829","6","50","2014-04-30 00:00:00","2014-05-11 00:00:00","2014-05-21 00:00:00","2014-06-02 00:00:00","3.0000","36.7500","36.7500","2014-06-01 22:00:00"
"68931","894","6","50","2014-04-30 00:00:00","2014-05-11 00:00:00","2014-05-21 00:00:00","2014-06-02 00:00:00","3.0000","36.7500","36.7500","2014-06-01 22:00:00"
"68936","942","1","10","2014-04-30 00:00:00","2014-05-11 00:00:00","2014-05-21 00:00:00","2014-06-02 00:00:00","4.1000","92.2500","92.2500","2014-06-01 22:00:00"
"68936","942","2","20","2014-04-30 00:00:00","2014-05-11 00:00:00","2014-05-21 00:00:00","2014-06-02 00:00:00","3.5000","87.5000","87.5000","2014-06-01 22:00:00"
"68936","942","3","30","2014-04-30 00:00:00","2014-05-11 00:00:00","2014-05-21 00:00:00","2014-06-02 00:00:00","1.0000","14.5000","14.5000","2014-06-01 22:00:00"
"68936","942","5","45","2014-04-30 00:00:00","2014-05-11 00:00:00","2014-05-21 00:00:00","2014-06-02 00:00:00","2.0000","36.0000","36.0000","2014-06-01 22:00:00"
"68936","942","6","50","2014-04-30 00:00:00","2014-05-11 00:00:00","2014-05-21 00:00:00","2014-06-02 00:00:00","3.0000","36.7500","36.7500","2014-06-01 22:00:00"
"68936","942","7","60","2014-04-30 00:00:00","2014-05-11 00:00:00","2014-05-21 00:00:00","2014-06-02 00:00:00","4.0000","49.0000","49.0000","2014-06-01 22:00:00"
"68937","945","1","10","2014-04-30 00:00:00","2014-05-11 00:00:00","2014-05-21 00:00:00","2014-06-02 00:00:00","4.1000","92.2500","92.2500","2014-06-01 22:00:00"
"68937","945","6","50","2014-04-30 00:00:00","2014-05-11 00:00:00","2014-05-21 00:00:00","2014-06-02 00:00:00","3.0000","36.7500","36.7500","2014-06-01 22:00:00"
"68938","947","1","10","2014-04-30 00:00:00","2014-05-11 00:00:00","2014-05-21 00:00:00","2014-06-02 00:00:00","4.1000","92.2500","92.2500","2014-06-01 22:00:00"
"68938","947","2","20","2014-04-30 00:00:00","2014-05-11 00:00:00","2014-05-21 00:00:00","2014-06-02 00:00:00","3.5000","87.5000","87.5000","2014-06-01 22:00:00"
"68938","947","6","50","2014-04-30 00:00:00","2014-05-11 00:00:00","2014-05-21 00:00:00","2014-06-02 00:00:00","3.0000","36.7500","36.7500","2014-06-01 22:00:00"
"68939","949","6","50","2014-04-30 00:00:00","2014-05-11 00:00:00","2014-05-21 00:00:00","2014-06-02 00:00:00","3.0000","36.7500","36.7500","2014-06-01 22:00:00"
"68940","950","6","50","2014-04-30 00:00:00","2014-05-11 00:00:00","2014-05-21 00:00:00","2014-06-02 00:00:00","3.0000","36.7500","36.7500","2014-06-01 22:00:00"
"68941","951","6","50","2014-04-30 00:00:00","2014-05-11 00:00:00","2014-05-21 00:00:00","2014-06-02 00:00:00","3.0000","36.7500","36.7500","2014-06-01 22:00:00"
"68942","994","6","50","2014-04-30 00:00:00","2014-05-11 00:00:00","2014-05-21 00:00:00","2014-06-02 00:00:00","3.0000","36.7500","36.7500","2014-06-01 22:00:00"
"68943","995","6","50","2014-04-30 00:00:00","2014-05-11 00:00:00","2014-05-21 00:00:00","2014-06-02 00:00:00","3.0000","36.7500","36.7500","2014-06-01 22:00:00"
"68944","996","6","50","2014-04-30 00:00:00","2014-05-11 00:00:00","2014-05-21 00:00:00","2014-06-02 00:00:00","3.0000","36.7500","36.7500","2014-06-01 22:00:00"
"68959","802","1","10","2014-04-30 00:00:00","2014-05-11 00:00:00","2014-05-21 00:00:00","2014-06-02 00:00:00","4.1000","92.2500","92.2500","2014-06-01 22:00:00"
"68959","802","6","50","2014-04-30 00:00:00","2014-05-11 00:00:00","2014-05-21 00:00:00","2014-06-02 00:00:00","3.0000","36.7500","36.7500","2014-06-01 22:00:00"
"68960","803","1","10","2014-04-30 00:00:00","2014-05-11 00:00:00","2014-05-21 00:00:00","2014-06-02 00:00:00","4.1000","92.2500","92.2500","2014-06-01 22:00:00"
"68960","803","6","50","2014-04-30 00:00:00","2014-05-11 00:00:00","2014-05-21 00:00:00","2014-06-02 00:00:00","3.0000","36.7500","36.7500","2014-06-01 22:00:00"
"68961","804","1","10","2014-04-30 00:00:00","2014-05-11 00:00:00","2014-05-21 00:00:00","2014-06-02 00:00:00","4.1000","92.2500","92.2500","2014-06-01 22:00:00"
"68961","804","6","50","2014-04-30 00:00:00","2014-05-11 00:00:00","2014-05-21 00:00:00","2014-06-02 00:00:00","3.0000","36.7500","36.7500","2014-06-01 22:00:00"
"68966","779","7","60","2014-05-01 00:00:00","2014-05-12 00:00:00","2014-05-02 00:00:00","2014-05-12 00:00:00","4.0000","49.0000","49.0000","2014-05-11 22:00:00"
"68967","780","7","60","2014-05-01 00:00:00","2014-05-12 00:00:00","2014-05-02 00:00:00","2014-05-12 00:00:00","4.0000","49.0000","49.0000","2014-05-11 22:00:00"
"68968","781","7","60","2014-05-01 00:00:00","2014-05-12 00:00:00","2014-05-02 00:00:00","2014-05-12 00:00:00","4.0000","49.0000","49.0000","2014-05-11 22:00:00"
"68969","782","7","60","2014-05-01 00:00:00","2014-05-12 00:00:00","2014-05-02 00:00:00","2014-05-12 00:00:00","4.0000","49.0000","49.0000","2014-05-11 22:00:00"
"68970","783","7","60","2014-05-01 00:00:00","2014-05-12 00:00:00","2014-05-02 00:00:00","2014-05-12 00:00:00","4.0000","49.0000","49.0000","2014-05-11 22:00:00"
"68971","784","7","60","2014-05-01 00:00:00","2014-05-12 00:00:00","2014-05-02 00:00:00","2014-05-12 00:00:00","4.0000","49.0000","49.0000","2014-05-11 22:00:00"
"68972","793","7","60","2014-05-01 00:00:00","2014-05-12 00:00:00","2014-05-02 00:00:00","2014-05-12 00:00:00","4.0000","49.0000","49.0000","2014-05-11 22:00:00"
"68973","795","7","60","2014-05-01 00:00:00","2014-05-12 00:00:00","2014-05-02 00:00:00","2014-05-12 00:00:00","4.0000","49.0000","49.0000","2014-05-11 22:00:00"
"68974","796","7","60","2014-05-01 00:00:00","2014-05-12 00:00:00","2014-05-02 00:00:00","2014-05-12 00:00:00","4.0000","49.0000","49.0000","2014-05-11 22:00:00"
"68975","797","7","60","2014-05-01 00:00:00","2014-05-12 00:00:00","2014-05-02 00:00:00","2014-05-12 00:00:00","4.0000","49.0000","49.0000","2014-05-11 22:00:00"
"68976","799","7","60","2014-05-01 00:00:00","2014-05-12 00:00:00","2014-05-02 00:00:00","2014-05-12 00:00:00","4.0000","49.0000","49.0000","2014-05-11 22:00:00"
"68977","801","7","60","2014-05-01 00:00:00","2014-05-12 00:00:00","2014-05-02 00:00:00","2014-05-12 00:00:00","4.0000","49.0000","49.0000","2014-05-11 22:00:00"
"68978","966","7","60","2014-05-01 00:00:00","2014-05-12 00:00:00","2014-05-02 00:00:00","2014-05-12 00:00:00","4.0000","49.0000","49.0000","2014-05-11 22:00:00"
"68979","968","7","60","2014-05-01 00:00:00","2014-05-12 00:00:00","2014-05-02 00:00:00","2014-05-12 00:00:00","4.0000","49.0000","49.0000","2014-05-11 22:00:00"
"68980","969","7","60","2014-05-01 00:00:00","2014-05-12 00:00:00","2014-05-02 00:00:00","2014-05-12 00:00:00","4.0000","49.0000","49.0000","2014-05-11 22:00:00"
"68981","971","7","60","2014-05-01 00:00:00","2014-05-12 00:00:00","2014-05-02 00:00:00","2014-05-12 00:00:00","4.0000","49.0000","49.0000","2014-05-11 22:00:00"
"68982","973","7","60","2014-05-01 00:00:00","2014-05-12 00:00:00","2014-05-02 00:00:00","2014-05-12 00:00:00","4.0000","49.0000","49.0000","2014-05-11 22:00:00"
"68983","974","7","60","2014-05-01 00:00:00","2014-05-12 00:00:00","2014-05-02 00:00:00","2014-05-12 00:00:00","4.0000","49.0000","49.0000","2014-05-11 22:00:00"
"68984","976","7","60","2014-05-01 00:00:00","2014-05-12 00:00:00","2014-05-02 00:00:00","2014-05-12 00:00:00","4.0000","49.0000","49.0000","2014-05-11 22:00:00"
"68985","977","7","60","2014-05-01 00:00:00","2014-05-12 00:00:00","2014-05-02 00:00:00","2014-05-12 00:00:00","4.0000","49.0000","49.0000","2014-05-11 22:00:00"
"68986","982","7","60","2014-05-01 00:00:00","2014-05-12 00:00:00","2014-05-02 00:00:00","2014-05-12 00:00:00","4.0000","49.0000","49.0000","2014-05-11 22:00:00"
"68987","983","7","60","2014-05-01 00:00:00","2014-05-12 00:00:00","2014-05-02 00:00:00","2014-05-12 00:00:00","4.0000","49.0000","49.0000","2014-05-11 22:00:00"
"68988","997","7","60","2014-05-01 00:00:00","2014-05-12 00:00:00","2014-05-02 00:00:00","2014-05-12 00:00:00","4.0000","49.0000","49.0000","2014-05-11 22:00:00"
"68989","998","7","60","2014-05-01 00:00:00","2014-05-12 00:00:00","2014-05-02 00:00:00","2014-05-12 00:00:00","4.0000","49.0000","49.0000","2014-05-11 22:00:00"
"68990","999","7","60","2014-05-01 00:00:00","2014-05-12 00:00:00","2014-05-02 00:00:00","2014-05-12 00:00:00","4.0000","49.0000","49.0000","2014-05-11 22:00:00"
"68991","514","6","50","2014-05-01 00:00:00","2014-05-12 00:00:00","2014-05-02 00:00:00","2014-05-12 00:00:00","3.0000","36.7500","36.7500","2014-05-11 22:00:00"
"68991","514","7","60","2014-05-01 00:00:00","2014-05-12 00:00:00","2014-05-02 00:00:00","2014-05-12 00:00:00","4.0000","49.0000","49.0000","2014-05-11 22:00:00"
"68992","516","6","50","2014-05-01 00:00:00","2014-05-12 00:00:00","2014-05-02 00:00:00","2014-05-12 00:00:00","3.0000","36.7500","36.7500","2014-05-11 22:00:00"
"68992","516","7","60","2014-05-01 00:00:00","2014-05-12 00:00:00","2014-05-02 00:00:00","2014-05-12 00:00:00","4.0000","49.0000","49.0000","2014-05-11 22:00:00"
"68993","517","6","50","2014-05-01 00:00:00","2014-05-12 00:00:00","2014-05-02 00:00:00","2014-05-12 00:00:00","3.0000","36.7500","36.7500","2014-05-11 22:00:00"
"68993","517","7","60","2014-05-01 00:00:00","2014-05-12 00:00:00","2014-05-02 00:00:00","2014-05-12 00:00:00","4.0000","49.0000","49.0000","2014-05-11 22:00:00"
"68994","518","6","50","2014-05-01 00:00:00","2014-05-12 00:00:00","2014-05-02 00:00:00","2014-05-12 00:00:00","3.0000","36.7500","36.7500","2014-05-11 22:00:00"
"68994","518","7","60","2014-05-01 00:00:00","2014-05-12 00:00:00","2014-05-02 00:00:00","2014-05-12 00:00:00","4.0000","49.0000","49.0000","2014-05-11 22:00:00"
"68995","519","6","50","2014-05-01 00:00:00","2014-05-12 00:00:00","2014-05-02 00:00:00","2014-05-12 00:00:00","3.0000","36.7500","36.7500","2014-05-11 22:00:00"
"68995","519","7","60","2014-05-01 00:00:00","2014-05-12 00:00:00","2014-05-02 00:00:00","2014-05-12 00:00:00","4.0000","49.0000","49.0000","2014-05-11 22:00:00"
"68996","521","6","50","2014-05-01 00:00:00","2014-05-12 00:00:00","2014-05-02 00:00:00","2014-05-12 00:00:00","3.0000","36.7500","36.7500","2014-05-11 22:00:00"
"68996","521","7","60","2014-05-01 00:00:00","2014-05-12 00:00:00","2014-05-02 00:00:00","2014-05-12 00:00:00","4.0000","49.0000","49.0000","2014-05-11 22:00:00"
"68997","522","6","50","2014-05-01 00:00:00","2014-05-12 00:00:00","2014-05-02 00:00:00","2014-05-12 00:00:00","3.0000","36.7500","36.7500","2014-05-11 22:00:00"
"68997","522","7","60","2014-05-01 00:00:00","2014-05-12 00:00:00","2014-05-02 00:00:00","2014-05-12 00:00:00","4.0000","49.0000","49.0000","2014-05-11 22:00:00"
"69007","747","1","10","2014-05-01 00:00:00","2014-05-12 00:00:00","2014-05-02 00:00:00","2014-05-12 00:00:00","4.1000","92.2500","92.2500","2014-05-11 22:00:00"
"69007","747","2","20","2014-05-01 00:00:00","2014-05-12 00:00:00","2014-05-02 00:00:00","2014-05-12 00:00:00","3.5000","87.5000","87.5000","2014-05-11 22:00:00"
"69007","747","3","30","2014-05-01 00:00:00","2014-05-12 00:00:00","2014-05-02 00:00:00","2014-05-12 00:00:00","1.0000","14.5000","14.5000","2014-05-11 22:00:00"
"69007","747","4","40","2014-05-01 00:00:00","2014-05-12 00:00:00","2014-05-02 00:00:00","2014-05-12 00:00:00","2.0000","31.5000","31.5000","2014-05-11 22:00:00"
"69007","747","6","50","2014-05-01 00:00:00","2014-05-12 00:00:00","2014-05-02 00:00:00","2014-05-12 00:00:00","3.0000","36.7500","36.7500","2014-05-11 22:00:00"
"69007","747","7","60","2014-05-01 00:00:00","2014-05-12 00:00:00","2014-05-02 00:00:00","2014-05-12 00:00:00","4.0000","49.0000","49.0000","2014-05-11 22:00:00"
"69008","748","1","10","2014-05-01 00:00:00","2014-05-12 00:00:00","2014-05-02 00:00:00","2014-05-12 00:00:00","4.1000","92.2500","92.2500","2014-05-11 22:00:00"
"69008","748","2","20","2014-05-01 00:00:00","2014-05-12 00:00:00","2014-05-02 00:00:00","2014-05-12 00:00:00","3.5000","87.5000","87.5000","2014-05-11 22:00:00"
"69008","748","3","30","2014-05-01 00:00:00","2014-05-12 00:00:00","2014-05-02 00:00:00","2014-05-12 00:00:00","1.0000","14.5000","14.5000","2014-05-11 22:00:00"
"69008","748","5","45","2014-05-01 00:00:00","2014-05-12 00:00:00","2014-05-02 00:00:00","2014-05-12 00:00:00","2.0000","36.0000","36.0000","2014-05-11 22:00:00"
"69008","748","6","50","2014-05-01 00:00:00","2014-05-12 00:00:00","2014-05-02 00:00:00","2014-05-12 00:00:00","3.0000","36.7500","36.7500","2014-05-11 22:00:00"
"69008","748","7","60","2014-05-01 00:00:00","2014-05-12 00:00:00","2014-05-02 00:00:00","2014-05-12 00:00:00","4.0000","49.0000","49.0000","2014-05-11 22:00:00"
"69009","805","6","50","2014-05-01 00:00:00","2014-05-12 00:00:00","2014-05-02 00:00:00","2014-05-12 00:00:00","3.0000","36.7500","36.7500","2014-05-11 22:00:00"
"69010","806","6","50","2014-05-01 00:00:00","2014-05-12 00:00:00","2014-05-02 00:00:00","2014-05-12 00:00:00","3.0000","36.7500","36.7500","2014-05-11 22:00:00"
"69011","807","6","50","2014-05-01 00:00:00","2014-05-12 00:00:00","2014-05-02 00:00:00","2014-05-12 00:00:00","3.0000","36.7500","36.7500","2014-05-11 22:00:00"
"69012","808","1","10","2014-05-01 00:00:00","2014-05-12 00:00:00","2014-05-02 00:00:00","2014-05-12 00:00:00","4.1000","92.2500","92.2500","2014-05-11 22:00:00"
"69012","808","2","20","2014-05-01 00:00:00","2014-05-12 00:00:00","2014-05-02 00:00:00","2014-05-12 00:00:00","3.5000","87.5000","87.5000","2014-05-11 22:00:00"
"69012","808","6","50","2014-05-01 00:00:00","2014-05-12 00:00:00","2014-05-02 00:00:00","2014-05-12 00:00:00","3.0000","36.7500","36.7500","2014-05-11 22:00:00"
"69013","810","1","10","2014-05-01 00:00:00","2014-05-12 00:00:00","2014-05-02 00:00:00","2014-05-12 00:00:00","4.1000","92.2500","92.2500","2014-05-11 22:00:00"
"69013","810","2","20","2014-05-01 00:00:00","2014-05-12 00:00:00","2014-05-02 00:00:00","2014-05-12 00:00:00","3.5000","87.5000","87.5000","2014-05-11 22:00:00"
"69013","810","6","50","2014-05-01 00:00:00","2014-05-12 00:00:00","2014-05-02 00:00:00","2014-05-12 00:00:00","3.0000","36.7500","36.7500","2014-05-11 22:00:00"
"69014","811","1","10","2014-05-01 00:00:00","2014-05-12 00:00:00","2014-05-02 00:00:00","2014-05-12 00:00:00","4.1000","92.2500","92.2500","2014-05-11 22:00:00"
"69014","811","2","20","2014-05-01 00:00:00","2014-05-12 00:00:00","2014-05-02 00:00:00","2014-05-12 00:00:00","3.5000","87.5000","87.5000","2014-05-11 22:00:00"
"69014","811","6","50","2014-05-01 00:00:00","2014-05-12 00:00:00","2014-05-02 00:00:00","2014-05-12 00:00:00","3.0000","36.7500","36.7500","2014-05-11 22:00:00"
"69015","812","1","10","2014-05-01 00:00:00","2014-05-12 00:00:00","2014-05-02 00:00:00","2014-05-12 00:00:00","4.1000","92.2500","92.2500","2014-05-11 22:00:00"
"69015","812","2","20","2014-05-01 00:00:00","2014-05-12 00:00:00","2014-05-02 00:00:00","2014-05-12 00:00:00","3.5000","87.5000","87.5000","2014-05-11 22:00:00"
"69015","812","6","50","2014-05-01 00:00:00","2014-05-12 00:00:00","2014-05-02 00:00:00","2014-05-12 00:00:00","3.0000","36.7500","36.7500","2014-05-11 22:00:00"
"69016","813","1","10","2014-05-01 00:00:00","2014-05-12 00:00:00","2014-05-02 00:00:00","2014-05-12 00:00:00","4.1000","92.2500","92.2500","2014-05-11 22:00:00"
"69016","813","2","20","2014-05-01 00:00:00","2014-05-12 00:00:00","2014-05-02 00:00:00","2014-05-12 00:00:00","3.5000","87.5000","87.5000","2014-05-11 22:00:00"
"69016","813","6","50","2014-05-01 00:00:00","2014-05-12 00:00:00","2014-05-02 00:00:00","2014-05-12 00:00:00","3.0000","36.7500","36.7500","2014-05-11 22:00:00"
"69017","815","6","50","2014-05-01 00:00:00","2014-05-12 00:00:00","2014-05-02 00:00:00","2014-05-12 00:00:00","3.0000","36.7500","36.7500","2014-05-11 22:00:00"
"69018","816","6","50","2014-05-01 00:00:00","2014-05-12 00:00:00","2014-05-02 00:00:00","2014-05-12 00:00:00","3.0000","36.7500","36.7500","2014-05-11 22:00:00"
"69019","818","6","50","2014-05-01 00:00:00","2014-05-12 00:00:00","2014-05-02 00:00:00","2014-05-12 00:00:00","3.0000","36.7500","36.7500","2014-05-11 22:00:00"
"69020","819","6","50","2014-05-01 00:00:00","2014-05-12 00:00:00","2014-05-02 00:00:00","2014-05-12 00:00:00","3.0000","36.7500","36.7500","2014-05-11 22:00:00"
"69021","820","6","50","2014-05-01 00:00:00","2014-05-12 00:00:00","2014-05-02 00:00:00","2014-05-12 00:00:00","3.0000","36.7500","36.7500","2014-05-11 22:00:00"
"69022","821","6","50","2014-05-01 00:00:00","2014-05-12 00:00:00","2014-05-02 00:00:00","2014-05-12 00:00:00","3.0000","36.7500","36.7500","2014-05-11 22:00:00"
"69023","822","1","10","2014-05-01 00:00:00","2014-05-12 00:00:00","2014-05-02 00:00:00","2014-05-12 00:00:00","4.1000","92.2500","92.2500","2014-05-11 22:00:00"
"69023","822","2","20","2014-05-01 00:00:00","2014-05-12 00:00:00","2014-05-02 00:00:00","2014-05-12 00:00:00","3.5000","87.5000","87.5000","2014-05-11 22:00:00"
"69023","822","3","30","2014-05-01 00:00:00","2014-05-12 00:00:00","2014-05-02 00:00:00","2014-05-12 00:00:00","1.0000","14.5000","14.5000","2014-05-11 22:00:00"
"69023","822","4","40","2014-05-01 00:00:00","2014-05-12 00:00:00","2014-05-02 00:00:00","2014-05-12 00:00:00","2.0000","31.5000","31.5000","2014-05-11 22:00:00"
"69023","822","6","50","2014-05-01 00:00:00","2014-05-12 00:00:00","2014-05-02 00:00:00","2014-05-12 00:00:00","3.0000","36.7500","36.7500","2014-05-11 22:00:00"
"69023","822","7","60","2014-05-01 00:00:00","2014-05-12 00:00:00","2014-05-02 00:00:00","2014-05-12 00:00:00","4.0000","49.0000","49.0000","2014-05-11 22:00:00"
"69024","823","6","50","2014-05-01 00:00:00","2014-05-12 00:00:00","2014-05-02 00:00:00","2014-05-12 00:00:00","3.0000","36.7500","36.7500","2014-05-11 22:00:00"
"69025","824","6","50","2014-05-01 00:00:00","2014-05-12 00:00:00","2014-05-02 00:00:00","2014-05-12 00:00:00","3.0000","36.7500","36.7500","2014-05-11 22:00:00"
"69026","826","6","50","2014-05-01 00:00:00","2014-05-12 00:00:00","2014-05-02 00:00:00","2014-05-12 00:00:00","3.0000","36.7500","36.7500","2014-05-11 22:00:00"
"69027","827","6","50","2014-05-01 00:00:00","2014-05-12 00:00:00","2014-05-02 00:00:00","2014-05-12 00:00:00","3.0000","36.7500","36.7500","2014-05-11 22:00:00"
"69028","828","6","50","2014-05-01 00:00:00","2014-05-12 00:00:00","2014-05-02 00:00:00","2014-05-12 00:00:00","3.0000","36.7500","36.7500","2014-05-11 22:00:00"
"69029","829","6","50","2014-05-01 00:00:00","2014-05-12 00:00:00","2014-05-02 00:00:00","2014-05-12 00:00:00","3.0000","36.7500","36.7500","2014-05-11 22:00:00"
"69039","894","6","50","2014-05-01 00:00:00","2014-05-12 00:00:00","2014-05-02 00:00:00","2014-05-12 00:00:00","3.0000","36.7500","36.7500","2014-05-11 22:00:00"
"69042","945","1","10","2014-05-01 00:00:00","2014-05-12 00:00:00","2014-05-02 00:00:00","2014-05-12 00:00:00","4.1000","92.2500","92.2500","2014-05-11 22:00:00"
"69042","945","6","50","2014-05-01 00:00:00","2014-05-12 00:00:00","2014-05-02 00:00:00","2014-05-12 00:00:00","3.0000","36.7500","36.7500","2014-05-11 22:00:00"
"69043","947","1","10","2014-05-01 00:00:00","2014-05-12 00:00:00","2014-05-02 00:00:00","2014-05-12 00:00:00","4.1000","92.2500","92.2500","2014-05-11 22:00:00"
"69043","947","2","20","2014-05-01 00:00:00","2014-05-12 00:00:00","2014-05-02 00:00:00","2014-05-12 00:00:00","3.5000","87.5000","87.5000","2014-05-11 22:00:00"
"69043","947","6","50","2014-05-01 00:00:00","2014-05-12 00:00:00","2014-05-02 00:00:00","2014-05-12 00:00:00","3.0000","36.7500","36.7500","2014-05-11 22:00:00"
"69044","949","6","50","2014-05-01 00:00:00","2014-05-12 00:00:00","2014-05-02 00:00:00","2014-05-12 00:00:00","3.0000","36.7500","36.7500","2014-05-11 22:00:00"
"69045","950","6","50","2014-05-01 00:00:00","2014-05-12 00:00:00","2014-05-02 00:00:00","2014-05-12 00:00:00","3.0000","36.7500","36.7500","2014-05-11 22:00:00"
"69046","951","6","50","2014-05-01 00:00:00","2014-05-12 00:00:00","2014-05-02 00:00:00","2014-05-12 00:00:00","3.0000","36.7500","36.7500","2014-05-11 22:00:00"
"69047","994","6","50","2014-05-01 00:00:00","2014-05-12 00:00:00","2014-05-02 00:00:00","2014-05-12 00:00:00","3.0000","36.7500","36.7500","2014-05-11 22:00:00"
"69048","995","6","50","2014-05-01 00:00:00","2014-05-12 00:00:00","2014-05-02 00:00:00","2014-05-12 00:00:00","3.0000","36.7500","36.7500","2014-05-11 22:00:00"
"69049","996","6","50","2014-05-01 00:00:00","2014-05-12 00:00:00","2014-05-02 00:00:00","2014-05-12 00:00:00","3.0000","36.7500","36.7500","2014-05-11 22:00:00"
"69064","802","1","10","2014-05-01 00:00:00","2014-05-12 00:00:00","2014-05-02 00:00:00","2014-05-12 00:00:00","4.1000","92.2500","92.2500","2014-05-11 22:00:00"
"69064","802","6","50","2014-05-01 00:00:00","2014-05-12 00:00:00","2014-05-02 00:00:00","2014-05-12 00:00:00","3.0000","36.7500","36.7500","2014-05-11 22:00:00"
"69065","803","1","10","2014-05-01 00:00:00","2014-05-12 00:00:00","2014-05-02 00:00:00","2014-05-12 00:00:00","4.1000","92.2500","92.2500","2014-05-11 22:00:00"
"69065","803","6","50","2014-05-01 00:00:00","2014-05-12 00:00:00","2014-05-02 00:00:00","2014-05-12 00:00:00","3.0000","36.7500","36.7500","2014-05-11 22:00:00"
"69066","804","1","10","2014-05-01 00:00:00","2014-05-12 00:00:00","2014-05-02 00:00:00","2014-05-12 00:00:00","4.1000","92.2500","92.2500","2014-05-11 22:00:00"
"69066","804","6","50","2014-05-01 00:00:00","2014-05-12 00:00:00","2014-05-02 00:00:00","2014-05-12 00:00:00","3.0000","36.7500","36.7500","2014-05-11 22:00:00"
"69071","779","7","60","2014-05-02 00:00:00","2014-05-13 00:00:00","2014-05-02 00:00:00","2014-05-16 00:00:00","4.0000","49.0000","49.0000","2014-05-15 22:00:00"
"69072","780","7","60","2014-05-02 00:00:00","2014-05-13 00:00:00","2014-05-02 00:00:00","2014-05-16 00:00:00","4.0000","49.0000","49.0000","2014-05-15 22:00:00"
"69073","782","7","60","2014-05-02 00:00:00","2014-05-13 00:00:00","2014-05-02 00:00:00","2014-05-16 00:00:00","4.0000","49.0000","49.0000","2014-05-15 22:00:00"
"69074","783","7","60","2014-05-02 00:00:00","2014-05-13 00:00:00","2014-05-02 00:00:00","2014-05-16 00:00:00","4.0000","49.0000","49.0000","2014-05-15 22:00:00"
"69075","784","7","60","2014-05-02 00:00:00","2014-05-13 00:00:00","2014-05-02 00:00:00","2014-05-16 00:00:00","4.0000","49.0000","49.0000","2014-05-15 22:00:00"
"69076","796","7","60","2014-05-02 00:00:00","2014-05-13 00:00:00","2014-05-02 00:00:00","2014-05-16 00:00:00","4.0000","49.0000","49.0000","2014-05-15 22:00:00"
"69077","797","7","60","2014-05-02 00:00:00","2014-05-13 00:00:00","2014-05-02 00:00:00","2014-05-16 00:00:00","4.0000","49.0000","49.0000","2014-05-15 22:00:00"
"69078","798","7","60","2014-05-02 00:00:00","2014-05-13 00:00:00","2014-05-02 00:00:00","2014-05-16 00:00:00","4.0000","49.0000","49.0000","2014-05-15 22:00:00"
"69079","957","7","60","2014-05-02 00:00:00","2014-05-13 00:00:00","2014-05-02 00:00:00","2014-05-16 00:00:00","4.0000","49.0000","49.0000","2014-05-15 22:00:00"
"69080","966","7","60","2014-05-02 00:00:00","2014-05-13 00:00:00","2014-05-02 00:00:00","2014-05-16 00:00:00","4.0000","49.0000","49.0000","2014-05-15 22:00:00"
"69081","967","7","60","2014-05-02 00:00:00","2014-05-13 00:00:00","2014-05-02 00:00:00","2014-05-16 00:00:00","4.0000","49.0000","49.0000","2014-05-15 22:00:00"
"69082","975","7","60","2014-05-02 00:00:00","2014-05-13 00:00:00","2014-05-02 00:00:00","2014-05-16 00:00:00","4.0000","49.0000","49.0000","2014-05-15 22:00:00"
"69083","977","7","60","2014-05-02 00:00:00","2014-05-13 00:00:00","2014-05-02 00:00:00","2014-05-16 00:00:00","4.0000","49.0000","49.0000","2014-05-15 22:00:00"
"69084","978","7","60","2014-05-02 00:00:00","2014-05-13 00:00:00","2014-05-02 00:00:00","2014-05-16 00:00:00","4.0000","49.0000","49.0000","2014-05-15 22:00:00"
"69085","980","7","60","2014-05-02 00:00:00","2014-05-13 00:00:00","2014-05-02 00:00:00","2014-05-16 00:00:00","4.0000","49.0000","49.0000","2014-05-15 22:00:00"
"69086","982","7","60","2014-05-02 00:00:00","2014-05-13 00:00:00","2014-05-02 00:00:00","2014-05-16 00:00:00","4.0000","49.0000","49.0000","2014-05-15 22:00:00"
"69087","983","7","60","2014-05-02 00:00:00","2014-05-13 00:00:00","2014-05-02 00:00:00","2014-05-16 00:00:00","4.0000","49.0000","49.0000","2014-05-15 22:00:00"
"69088","986","7","60","2014-05-02 00:00:00","2014-05-13 00:00:00","2014-05-02 00:00:00","2014-05-16 00:00:00","4.0000","49.0000","49.0000","2014-05-15 22:00:00"
"69089","989","7","60","2014-05-02 00:00:00","2014-05-13 00:00:00","2014-05-02 00:00:00","2014-05-16 00:00:00","4.0000","49.0000","49.0000","2014-05-15 22:00:00"
"69090","990","7","60","2014-05-02 00:00:00","2014-05-13 00:00:00","2014-05-02 00:00:00","2014-05-16 00:00:00","4.0000","49.0000","49.0000","2014-05-15 22:00:00"
"69091","991","7","60","2014-05-02 00:00:00","2014-05-13 00:00:00","2014-05-02 00:00:00","2014-05-16 00:00:00","4.0000","49.0000","49.0000","2014-05-15 22:00:00"
"69092","997","7","60","2014-05-02 00:00:00","2014-05-13 00:00:00","2014-05-02 00:00:00","2014-05-16 00:00:00","4.0000","49.0000","49.0000","2014-05-15 22:00:00"
"69093","998","7","60","2014-05-02 00:00:00","2014-05-13 00:00:00","2014-05-02 00:00:00","2014-05-16 00:00:00","4.0000","49.0000","49.0000","2014-05-15 22:00:00"
"69094","999","7","60","2014-05-02 00:00:00","2014-05-13 00:00:00","2014-05-02 00:00:00","2014-05-16 00:00:00","4.0000","49.0000","49.0000","2014-05-15 22:00:00"
"69095","514","6","50","2014-05-02 00:00:00","2014-05-13 00:00:00","2014-05-02 00:00:00","2014-05-16 00:00:00","3.0000","36.7500","36.7500","2014-05-15 22:00:00"
"69095","514","7","60","2014-05-02 00:00:00","2014-05-13 00:00:00","2014-05-02 00:00:00","2014-05-16 00:00:00","4.0000","49.0000","49.0000","2014-05-15 22:00:00"
"69096","516","6","50","2014-05-02 00:00:00","2014-05-13 00:00:00","2014-05-02 00:00:00","2014-05-16 00:00:00","3.0000","36.7500","36.7500","2014-05-15 22:00:00"
"69096","516","7","60","2014-05-02 00:00:00","2014-05-13 00:00:00","2014-05-02 00:00:00","2014-05-16 00:00:00","4.0000","49.0000","49.0000","2014-05-15 22:00:00"
"69097","517","6","50","2014-05-02 00:00:00","2014-05-13 00:00:00","2014-05-02 00:00:00","2014-05-16 00:00:00","3.0000","36.7500","36.7500","2014-05-15 22:00:00"
"69097","517","7","60","2014-05-02 00:00:00","2014-05-13 00:00:00","2014-05-02 00:00:00","2014-05-16 00:00:00","4.0000","49.0000","49.0000","2014-05-15 22:00:00"
"69098","518","6","50","2014-05-02 00:00:00","2014-05-13 00:00:00","2014-05-02 00:00:00","2014-05-16 00:00:00","3.0000","36.7500","36.7500","2014-05-15 22:00:00"
"69098","518","7","60","2014-05-02 00:00:00","2014-05-13 00:00:00","2014-05-02 00:00:00","2014-05-16 00:00:00","4.0000","49.0000","49.0000","2014-05-15 22:00:00"
"69099","519","6","50","2014-05-02 00:00:00","2014-05-13 00:00:00","2014-05-02 00:00:00","2014-05-16 00:00:00","3.0000","36.7500","36.7500","2014-05-15 22:00:00"
"69099","519","7","60","2014-05-02 00:00:00","2014-05-13 00:00:00","2014-05-02 00:00:00","2014-05-16 00:00:00","4.0000","49.0000","49.0000","2014-05-15 22:00:00"
"69100","520","6","50","2014-05-02 00:00:00","2014-05-13 00:00:00","2014-05-02 00:00:00","2014-05-16 00:00:00","3.0000","36.7500","36.7500","2014-05-15 22:00:00"
"69100","520","7","60","2014-05-02 00:00:00","2014-05-13 00:00:00","2014-05-02 00:00:00","2014-05-16 00:00:00","4.0000","49.0000","49.0000","2014-05-15 22:00:00"
"69101","522","6","50","2014-05-02 00:00:00","2014-05-13 00:00:00","2014-05-02 00:00:00","2014-05-16 00:00:00","3.0000","36.7500","36.7500","2014-05-15 22:00:00"
"69101","522","7","60","2014-05-02 00:00:00","2014-05-13 00:00:00","2014-05-02 00:00:00","2014-05-16 00:00:00","4.0000","49.0000","49.0000","2014-05-15 22:00:00"
"69110","747","1","10","2014-05-02 00:00:00","2014-05-13 00:00:00","2014-05-02 00:00:00","2014-05-16 00:00:00","4.1000","92.2500","92.2500","2014-05-15 22:00:00"
"69110","747","2","20","2014-05-02 00:00:00","2014-05-13 00:00:00","2014-05-02 00:00:00","2014-05-16 00:00:00","3.5000","87.5000","87.5000","2014-05-15 22:00:00"
"69110","747","3","30","2014-05-02 00:00:00","2014-05-13 00:00:00","2014-05-02 00:00:00","2014-05-16 00:00:00","1.0000","14.5000","14.5000","2014-05-15 22:00:00"
"69110","747","4","40","2014-05-02 00:00:00","2014-05-13 00:00:00","2014-05-02 00:00:00","2014-05-16 00:00:00","2.0000","31.5000","31.5000","2014-05-15 22:00:00"
"69110","747","6","50","2014-05-02 00:00:00","2014-05-13 00:00:00","2014-05-02 00:00:00","2014-05-16 00:00:00","3.0000","36.7500","36.7500","2014-05-15 22:00:00"
"69110","747","7","60","2014-05-02 00:00:00","2014-05-13 00:00:00","2014-05-02 00:00:00","2014-05-16 00:00:00","4.0000","49.0000","49.0000","2014-05-15 22:00:00"
"69111","748","1","10","2014-05-02 00:00:00","2014-05-13 00:00:00","2014-05-02 00:00:00","2014-05-16 00:00:00","4.1000","92.2500","92.2500","2014-05-15 22:00:00"
"69111","748","2","20","2014-05-02 00:00:00","2014-05-13 00:00:00","2014-05-02 00:00:00","2014-05-16 00:00:00","3.5000","87.5000","87.5000","2014-05-15 22:00:00"
"69111","748","3","30","2014-05-02 00:00:00","2014-05-13 00:00:00","2014-05-02 00:00:00","2014-05-16 00:00:00","1.0000","14.5000","14.5000","2014-05-15 22:00:00"
"69111","748","5","45","2014-05-02 00:00:00","2014-05-13 00:00:00","2014-05-02 00:00:00","2014-05-16 00:00:00","2.0000","36.0000","36.0000","2014-05-15 22:00:00"
"69111","748","6","50","2014-05-02 00:00:00","2014-05-13 00:00:00","2014-05-02 00:00:00","2014-05-16 00:00:00","3.0000","36.7500","36.7500","2014-05-15 22:00:00"
"69111","748","7","60","2014-05-02 00:00:00","2014-05-13 00:00:00","2014-05-02 00:00:00","2014-05-16 00:00:00","4.0000","49.0000","49.0000","2014-05-15 22:00:00"
"69112","805","6","50","2014-05-02 00:00:00","2014-05-13 00:00:00","2014-05-02 00:00:00","2014-05-16 00:00:00","3.0000","36.7500","36.7500","2014-05-15 22:00:00"
"69113","806","6","50","2014-05-02 00:00:00","2014-05-13 00:00:00","2014-05-02 00:00:00","2014-05-16 00:00:00","3.0000","36.7500","36.7500","2014-05-15 22:00:00"
"69114","807","6","50","2014-05-02 00:00:00","2014-05-13 00:00:00","2014-05-02 00:00:00","2014-05-16 00:00:00","3.0000","36.7500","36.7500","2014-05-15 22:00:00"
"69115","808","1","10","2014-05-02 00:00:00","2014-05-13 00:00:00","2014-05-02 00:00:00","2014-05-16 00:00:00","4.1000","92.2500","92.2500","2014-05-15 22:00:00"
"69115","808","2","20","2014-05-02 00:00:00","2014-05-13 00:00:00","2014-05-02 00:00:00","2014-05-16 00:00:00","3.5000","87.5000","87.5000","2014-05-15 22:00:00"
"69115","808","6","50","2014-05-02 00:00:00","2014-05-13 00:00:00","2014-05-02 00:00:00","2014-05-16 00:00:00","3.0000","36.7500","36.7500","2014-05-15 22:00:00"
"69116","810","1","10","2014-05-02 00:00:00","2014-05-13 00:00:00","2014-05-02 00:00:00","2014-05-16 00:00:00","4.1000","92.2500","92.2500","2014-05-15 22:00:00"
"69116","810","2","20","2014-05-02 00:00:00","2014-05-13 00:00:00","2014-05-02 00:00:00","2014-05-16 00:00:00","3.5000","87.5000","87.5000","2014-05-15 22:00:00"
"69116","810","6","50","2014-05-02 00:00:00","2014-05-13 00:00:00","2014-05-02 00:00:00","2014-05-16 00:00:00","3.0000","36.7500","36.7500","2014-05-15 22:00:00"
"69117","811","1","10","2014-05-02 00:00:00","2014-05-13 00:00:00","2014-05-02 00:00:00","2014-05-16 00:00:00","4.1000","92.2500","92.2500","2014-05-15 22:00:00"
"69117","811","2","20","2014-05-02 00:00:00","2014-05-13 00:00:00","2014-05-02 00:00:00","2014-05-16 00:00:00","3.5000","87.5000","87.5000","2014-05-15 22:00:00"
"69117","811","6","50","2014-05-02 00:00:00","2014-05-13 00:00:00","2014-05-02 00:00:00","2014-05-16 00:00:00","3.0000","36.7500","36.7500","2014-05-15 22:00:00"
"69118","812","1","10","2014-05-02 00:00:00","2014-05-13 00:00:00","2014-05-02 00:00:00","2014-05-16 00:00:00","4.1000","92.2500","92.2500","2014-05-15 22:00:00"
"69118","812","2","20","2014-05-02 00:00:00","2014-05-13 00:00:00","2014-05-02 00:00:00","2014-05-16 00:00:00","3.5000","87.5000","87.5000","2014-05-15 22:00:00"
"69118","812","6","50","2014-05-02 00:00:00","2014-05-13 00:00:00","2014-05-02 00:00:00","2014-05-16 00:00:00","3.0000","36.7500","36.7500","2014-05-15 22:00:00"
"69119","813","1","10","2014-05-02 00:00:00","2014-05-13 00:00:00","2014-05-02 00:00:00","2014-05-16 00:00:00","4.1000","92.2500","92.2500","2014-05-15 22:00:00"
"69119","813","2","20","2014-05-02 00:00:00","2014-05-13 00:00:00","2014-05-02 00:00:00","2014-05-16 00:00:00","3.5000","87.5000","87.5000","2014-05-15 22:00:00"
"69119","813","6","50","2014-05-02 00:00:00","2014-05-13 00:00:00","2014-05-02 00:00:00","2014-05-16 00:00:00","3.0000","36.7500","36.7500","2014-05-15 22:00:00"
"69120","815","6","50","2014-05-02 00:00:00","2014-05-13 00:00:00","2014-05-02 00:00:00","2014-05-16 00:00:00","3.0000","36.7500","36.7500","2014-05-15 22:00:00"
"69121","816","6","50","2014-05-02 00:00:00","2014-05-13 00:00:00","2014-05-02 00:00:00","2014-05-16 00:00:00","3.0000","36.7500","36.7500","2014-05-15 22:00:00"
"69122","818","6","50","2014-05-02 00:00:00","2014-05-13 00:00:00","2014-05-02 00:00:00","2014-05-16 00:00:00","3.0000","36.7500","36.7500","2014-05-15 22:00:00"
"69123","819","6","50","2014-05-02 00:00:00","2014-05-13 00:00:00","2014-05-02 00:00:00","2014-05-16 00:00:00","3.0000","36.7500","36.7500","2014-05-15 22:00:00"
"69124","820","6","50","2014-05-02 00:00:00","2014-05-13 00:00:00","2014-05-02 00:00:00","2014-05-16 00:00:00","3.0000","36.7500","36.7500","2014-05-15 22:00:00"
"69125","821","6","50","2014-05-02 00:00:00","2014-05-13 00:00:00","2014-05-02 00:00:00","2014-05-16 00:00:00","3.0000","36.7500","36.7500","2014-05-15 22:00:00"
"69126","822","1","10","2014-05-02 00:00:00","2014-05-13 00:00:00","2014-05-02 00:00:00","2014-05-16 00:00:00","4.1000","92.2500","92.2500","2014-05-15 22:00:00"
"69126","822","2","20","2014-05-02 00:00:00","2014-05-13 00:00:00","2014-05-02 00:00:00","2014-05-16 00:00:00","3.5000","87.5000","87.5000","2014-05-15 22:00:00"
"69126","822","3","30","2014-05-02 00:00:00","2014-05-13 00:00:00","2014-05-02 00:00:00","2014-05-16 00:00:00","1.0000","14.5000","14.5000","2014-05-15 22:00:00"
"69126","822","4","40","2014-05-02 00:00:00","2014-05-13 00:00:00","2014-05-02 00:00:00","2014-05-16 00:00:00","2.0000","31.5000","31.5000","2014-05-15 22:00:00"
"69126","822","6","50","2014-05-02 00:00:00","2014-05-13 00:00:00","2014-05-02 00:00:00","2014-05-16 00:00:00","3.0000","36.7500","36.7500","2014-05-15 22:00:00"
"69126","822","7","60","2014-05-02 00:00:00","2014-05-13 00:00:00","2014-05-02 00:00:00","2014-05-16 00:00:00","4.0000","49.0000","49.0000","2014-05-15 22:00:00"
"69127","823","6","50","2014-05-02 00:00:00","2014-05-13 00:00:00","2014-05-02 00:00:00","2014-05-16 00:00:00","3.0000","36.7500","36.7500","2014-05-15 22:00:00"
"69128","824","6","50","2014-05-02 00:00:00","2014-05-13 00:00:00","2014-05-02 00:00:00","2014-05-16 00:00:00","3.0000","36.7500","36.7500","2014-05-15 22:00:00"
"69129","826","6","50","2014-05-02 00:00:00","2014-05-13 00:00:00","2014-05-02 00:00:00","2014-05-16 00:00:00","3.0000","36.7500","36.7500","2014-05-15 22:00:00"
"69130","827","6","50","2014-05-02 00:00:00","2014-05-13 00:00:00","2014-05-02 00:00:00","2014-05-16 00:00:00","3.0000","36.7500","36.7500","2014-05-15 22:00:00"
"69131","828","6","50","2014-05-02 00:00:00","2014-05-13 00:00:00","2014-05-02 00:00:00","2014-05-16 00:00:00","3.0000","36.7500","36.7500","2014-05-15 22:00:00"
"69132","829","6","50","2014-05-02 00:00:00","2014-05-13 00:00:00","2014-05-02 00:00:00","2014-05-16 00:00:00","3.0000","36.7500","36.7500","2014-05-15 22:00:00"
"69138","894","6","50","2014-05-02 00:00:00","2014-05-13 00:00:00","2014-05-02 00:00:00","2014-05-16 00:00:00","3.0000","36.7500","36.7500","2014-05-15 22:00:00"
"69145","942","1","10","2014-05-02 00:00:00","2014-05-13 00:00:00","2014-05-02 00:00:00","2014-05-16 00:00:00","4.1000","92.2500","92.2500","2014-05-15 22:00:00"
"69145","942","2","20","2014-05-02 00:00:00","2014-05-13 00:00:00","2014-05-02 00:00:00","2014-05-16 00:00:00","3.5000","87.5000","87.5000","2014-05-15 22:00:00"
"69145","942","3","30","2014-05-02 00:00:00","2014-05-13 00:00:00","2014-05-02 00:00:00","2014-05-16 00:00:00","1.0000","14.5000","14.5000","2014-05-15 22:00:00"
"69145","942","5","45","2014-05-02 00:00:00","2014-05-13 00:00:00","2014-05-02 00:00:00","2014-05-16 00:00:00","2.0000","36.0000","36.0000","2014-05-15 22:00:00"
"69145","942","6","50","2014-05-02 00:00:00","2014-05-13 00:00:00","2014-05-02 00:00:00","2014-05-16 00:00:00","3.0000","36.7500","36.7500","2014-05-15 22:00:00"
"69145","942","7","60","2014-05-02 00:00:00","2014-05-13 00:00:00","2014-05-02 00:00:00","2014-05-16 00:00:00","4.0000","49.0000","49.0000","2014-05-15 22:00:00"
"69146","943","1","10","2014-05-02 00:00:00","2014-05-13 00:00:00","2014-05-02 00:00:00","2014-05-16 00:00:00","4.1000","92.2500","92.2500","2014-05-15 22:00:00"
"69146","943","2","20","2014-05-02 00:00:00","2014-05-13 00:00:00","2014-05-02 00:00:00","2014-05-16 00:00:00","3.5000","87.5000","87.5000","2014-05-15 22:00:00"
"69146","943","3","30","2014-05-02 00:00:00","2014-05-13 00:00:00","2014-05-02 00:00:00","2014-05-16 00:00:00","1.0000","14.5000","14.5000","2014-05-15 22:00:00"
"69146","943","4","40","2014-05-02 00:00:00","2014-05-13 00:00:00","2014-05-02 00:00:00","2014-05-16 00:00:00","2.0000","31.5000","31.5000","2014-05-15 22:00:00"
"69146","943","6","50","2014-05-02 00:00:00","2014-05-13 00:00:00","2014-05-02 00:00:00","2014-05-16 00:00:00","3.0000","36.7500","36.7500","2014-05-15 22:00:00"
"69146","943","7","60","2014-05-02 00:00:00","2014-05-13 00:00:00","2014-05-02 00:00:00","2014-05-16 00:00:00","4.0000","49.0000","49.0000","2014-05-15 22:00:00"
"69147","945","1","10","2014-05-02 00:00:00","2014-05-13 00:00:00","2014-05-02 00:00:00","2014-05-16 00:00:00","4.1000","92.2500","92.2500","2014-05-15 22:00:00"
"69147","945","6","50","2014-05-02 00:00:00","2014-05-13 00:00:00","2014-05-02 00:00:00","2014-05-16 00:00:00","3.0000","36.7500","36.7500","2014-05-15 22:00:00"
"69148","946","1","10","2014-05-02 00:00:00","2014-05-13 00:00:00","2014-05-02 00:00:00","2014-05-16 00:00:00","4.1000","92.2500","92.2500","2014-05-15 22:00:00"
"69148","946","2","20","2014-05-02 00:00:00","2014-05-13 00:00:00","2014-05-02 00:00:00","2014-05-16 00:00:00","3.5000","87.5000","87.5000","2014-05-15 22:00:00"
"69148","946","6","50","2014-05-02 00:00:00","2014-05-13 00:00:00","2014-05-02 00:00:00","2014-05-16 00:00:00","3.0000","36.7500","36.7500","2014-05-15 22:00:00"
"69149","947","1","10","2014-05-02 00:00:00","2014-05-13 00:00:00","2014-05-02 00:00:00","2014-05-16 00:00:00","4.1000","92.2500","92.2500","2014-05-15 22:00:00"
"69149","947","2","20","2014-05-02 00:00:00","2014-05-13 00:00:00","2014-05-02 00:00:00","2014-05-16 00:00:00","3.5000","87.5000","87.5000","2014-05-15 22:00:00"
"69149","947","6","50","2014-05-02 00:00:00","2014-05-13 00:00:00","2014-05-02 00:00:00","2014-05-16 00:00:00","3.0000","36.7500","36.7500","2014-05-15 22:00:00"
"69150","949","6","50","2014-05-02 00:00:00","2014-05-13 00:00:00","2014-05-02 00:00:00","2014-05-16 00:00:00","3.0000","36.7500","36.7500","2014-05-15 22:00:00"
"69151","950","6","50","2014-05-02 00:00:00","2014-05-13 00:00:00","2014-05-02 00:00:00","2014-05-16 00:00:00","3.0000","36.7500","36.7500","2014-05-15 22:00:00"
"69152","951","6","50","2014-05-02 00:00:00","2014-05-13 00:00:00","2014-05-02 00:00:00","2014-05-16 00:00:00","3.0000","36.7500","36.7500","2014-05-15 22:00:00"
"69153","994","6","50","2014-05-02 00:00:00","2014-05-13 00:00:00","2014-05-02 00:00:00","2014-05-16 00:00:00","3.0000","36.7500","36.7500","2014-05-15 22:00:00"
"69154","995","6","50","2014-05-02 00:00:00","2014-05-13 00:00:00","2014-05-02 00:00:00","2014-05-16 00:00:00","3.0000","36.7500","36.7500","2014-05-15 22:00:00"
"69155","996","6","50","2014-05-02 00:00:00","2014-05-13 00:00:00","2014-05-02 00:00:00","2014-05-16 00:00:00","3.0000","36.7500","36.7500","2014-05-15 22:00:00"
"69170","802","1","10","2014-05-02 00:00:00","2014-05-13 00:00:00","2014-05-02 00:00:00","2014-05-16 00:00:00","4.1000","92.2500","92.2500","2014-05-15 22:00:00"
"69170","802","6","50","2014-05-02 00:00:00","2014-05-13 00:00:00","2014-05-02 00:00:00","2014-05-16 00:00:00","3.0000","36.7500","36.7500","2014-05-15 22:00:00"
"69171","803","1","10","2014-05-02 00:00:00","2014-05-13 00:00:00","2014-05-02 00:00:00","2014-05-16 00:00:00","4.1000","92.2500","92.2500","2014-05-15 22:00:00"
"69171","803","6","50","2014-05-02 00:00:00","2014-05-13 00:00:00","2014-05-02 00:00:00","2014-05-16 00:00:00","3.0000","36.7500","36.7500","2014-05-15 22:00:00"
"69172","804","1","10","2014-05-02 00:00:00","2014-05-13 00:00:00","2014-05-02 00:00:00","2014-05-16 00:00:00","4.1000","92.2500","92.2500","2014-05-15 22:00:00"
"69172","804","6","50","2014-05-02 00:00:00","2014-05-13 00:00:00","2014-05-02 00:00:00","2014-05-16 00:00:00","3.0000","36.7500","36.7500","2014-05-15 22:00:00"
"69177","779","7","60","2014-05-03 00:00:00","2014-05-14 00:00:00","2014-05-06 00:00:00","2014-05-14 00:00:00","4.0000","49.0000","49.0000","2014-05-13 22:00:00"
"69178","780","7","60","2014-05-03 00:00:00","2014-05-14 00:00:00","2014-05-06 00:00:00","2014-05-14 00:00:00","4.0000","49.0000","49.0000","2014-05-13 22:00:00"
"69179","781","7","60","2014-05-03 00:00:00","2014-05-14 00:00:00","2014-05-06 00:00:00","2014-05-14 00:00:00","4.0000","49.0000","49.0000","2014-05-13 22:00:00"
"69180","782","7","60","2014-05-03 00:00:00","2014-05-14 00:00:00","2014-05-06 00:00:00","2014-05-14 00:00:00","4.0000","49.0000","49.0000","2014-05-13 22:00:00"
"69181","783","7","60","2014-05-03 00:00:00","2014-05-14 00:00:00","2014-05-06 00:00:00","2014-05-14 00:00:00","4.0000","49.0000","49.0000","2014-05-13 22:00:00"
"69182","784","7","60","2014-05-03 00:00:00","2014-05-14 00:00:00","2014-05-06 00:00:00","2014-05-14 00:00:00","4.0000","49.0000","49.0000","2014-05-13 22:00:00"
"69183","794","7","60","2014-05-03 00:00:00","2014-05-14 00:00:00","2014-05-06 00:00:00","2014-05-14 00:00:00","4.0000","49.0000","49.0000","2014-05-13 22:00:00"
"69184","796","7","60","2014-05-03 00:00:00","2014-05-14 00:00:00","2014-05-06 00:00:00","2014-05-14 00:00:00","4.0000","49.0000","49.0000","2014-05-13 22:00:00"
"69185","797","7","60","2014-05-03 00:00:00","2014-05-14 00:00:00","2014-05-06 00:00:00","2014-05-14 00:00:00","4.0000","49.0000","49.0000","2014-05-13 22:00:00"
"69186","799","7","60","2014-05-03 00:00:00","2014-05-14 00:00:00","2014-05-06 00:00:00","2014-05-14 00:00:00","4.0000","49.0000","49.0000","2014-05-13 22:00:00"
"69187","800","7","60","2014-05-03 00:00:00","2014-05-14 00:00:00","2014-05-06 00:00:00","2014-05-14 00:00:00","4.0000","49.0000","49.0000","2014-05-13 22:00:00"
"69188","801","7","60","2014-05-03 00:00:00","2014-05-14 00:00:00","2014-05-06 00:00:00","2014-05-14 00:00:00","4.0000","49.0000","49.0000","2014-05-13 22:00:00"
"69190","954","7","60","2014-05-03 00:00:00","2014-05-14 00:00:00","2014-05-06 00:00:00","2014-05-14 00:00:00","4.0000","49.0000","49.0000","2014-05-13 22:00:00"
"69191","957","7","60","2014-05-03 00:00:00","2014-05-14 00:00:00","2014-05-06 00:00:00","2014-05-14 00:00:00","4.0000","49.0000","49.0000","2014-05-13 22:00:00"
"69192","960","7","60","2014-05-03 00:00:00","2014-05-14 00:00:00","2014-05-06 00:00:00","2014-05-14 00:00:00","4.0000","49.0000","49.0000","2014-05-13 22:00:00"
"69193","961","7","60","2014-05-03 00:00:00","2014-05-14 00:00:00","2014-05-06 00:00:00","2014-05-14 00:00:00","4.0000","49.0000","49.0000","2014-05-13 22:00:00"
"69194","964","7","60","2014-05-03 00:00:00","2014-05-14 00:00:00","2014-05-06 00:00:00","2014-05-14 00:00:00","4.0000","49.0000","49.0000","2014-05-13 22:00:00"
"69195","966","7","60","2014-05-03 00:00:00","2014-05-14 00:00:00","2014-05-06 00:00:00","2014-05-14 00:00:00","4.0000","49.0000","49.0000","2014-05-13 22:00:00"
"69196","967","7","60","2014-05-03 00:00:00","2014-05-14 00:00:00","2014-05-06 00:00:00","2014-05-14 00:00:00","4.0000","49.0000","49.0000","2014-05-13 22:00:00"
"69197","970","7","60","2014-05-03 00:00:00","2014-05-14 00:00:00","2014-05-06 00:00:00","2014-05-14 00:00:00","4.0000","49.0000","49.0000","2014-05-13 22:00:00"
"69198","971","7","60","2014-05-03 00:00:00","2014-05-14 00:00:00","2014-05-06 00:00:00","2014-05-14 00:00:00","4.0000","49.0000","49.0000","2014-05-13 22:00:00"
"69199","972","7","60","2014-05-03 00:00:00","2014-05-14 00:00:00","2014-05-06 00:00:00","2014-05-14 00:00:00","4.0000","49.0000","49.0000","2014-05-13 22:00:00"
"69200","973","7","60","2014-05-03 00:00:00","2014-05-14 00:00:00","2014-05-06 00:00:00","2014-05-14 00:00:00","4.0000","49.0000","49.0000","2014-05-13 22:00:00"
"69201","975","7","60","2014-05-03 00:00:00","2014-05-14 00:00:00","2014-05-06 00:00:00","2014-05-14 00:00:00","4.0000","49.0000","49.0000","2014-05-13 22:00:00"
"69202","976","7","60","2014-05-03 00:00:00","2014-05-14 00:00:00","2014-05-06 00:00:00","2014-05-14 00:00:00","4.0000","49.0000","49.0000","2014-05-13 22:00:00"
"69203","977","7","60","2014-05-03 00:00:00","2014-05-14 00:00:00","2014-05-06 00:00:00","2014-05-14 00:00:00","4.0000","49.0000","49.0000","2014-05-13 22:00:00"
"69204","997","7","60","2014-05-03 00:00:00","2014-05-14 00:00:00","2014-05-06 00:00:00","2014-05-14 00:00:00","4.0000","49.0000","49.0000","2014-05-13 22:00:00"
"69205","999","7","60","2014-05-03 00:00:00","2014-05-14 00:00:00","2014-05-06 00:00:00","2014-05-14 00:00:00","4.0000","49.0000","49.0000","2014-05-13 22:00:00"
"69206","516","6","50","2014-05-03 00:00:00","2014-05-14 00:00:00","2014-05-06 00:00:00","2014-05-14 00:00:00","3.0000","36.7500","36.7500","2014-05-13 22:00:00"
"69206","516","7","60","2014-05-03 00:00:00","2014-05-14 00:00:00","2014-05-06 00:00:00","2014-05-14 00:00:00","4.0000","49.0000","49.0000","2014-05-13 22:00:00"
"69207","517","6","50","2014-05-03 00:00:00","2014-05-14 00:00:00","2014-05-06 00:00:00","2014-05-14 00:00:00","3.0000","36.7500","36.7500","2014-05-13 22:00:00"
"69207","517","7","60","2014-05-03 00:00:00","2014-05-14 00:00:00","2014-05-06 00:00:00","2014-05-14 00:00:00","4.0000","49.0000","49.0000","2014-05-13 22:00:00"
"69208","518","6","50","2014-05-03 00:00:00","2014-05-14 00:00:00","2014-05-06 00:00:00","2014-05-14 00:00:00","3.0000","36.7500","36.7500","2014-05-13 22:00:00"
"69208","518","7","60","2014-05-03 00:00:00","2014-05-14 00:00:00","2014-05-06 00:00:00","2014-05-14 00:00:00","4.0000","49.0000","49.0000","2014-05-13 22:00:00"
"69209","519","6","50","2014-05-03 00:00:00","2014-05-14 00:00:00","2014-05-06 00:00:00","2014-05-14 00:00:00","3.0000","36.7500","36.7500","2014-05-13 22:00:00"
"69209","519","7","60","2014-05-03 00:00:00","2014-05-14 00:00:00","2014-05-06 00:00:00","2014-05-14 00:00:00","4.0000","49.0000","49.0000","2014-05-13 22:00:00"
"69210","520","6","50","2014-05-03 00:00:00","2014-05-14 00:00:00","2014-05-06 00:00:00","2014-05-14 00:00:00","3.0000","36.7500","36.7500","2014-05-13 22:00:00"
"69210","520","7","60","2014-05-03 00:00:00","2014-05-14 00:00:00","2014-05-06 00:00:00","2014-05-14 00:00:00","4.0000","49.0000","49.0000","2014-05-13 22:00:00"
"69211","521","6","50","2014-05-03 00:00:00","2014-05-14 00:00:00","2014-05-06 00:00:00","2014-05-14 00:00:00","3.0000","36.7500","36.7500","2014-05-13 22:00:00"
"69211","521","7","60","2014-05-03 00:00:00","2014-05-14 00:00:00","2014-05-06 00:00:00","2014-05-14 00:00:00","4.0000","49.0000","49.0000","2014-05-13 22:00:00"
"69212","522","6","50","2014-05-03 00:00:00","2014-05-14 00:00:00","2014-05-06 00:00:00","2014-05-14 00:00:00","3.0000","36.7500","36.7500","2014-05-13 22:00:00"
"69212","522","7","60","2014-05-03 00:00:00","2014-05-14 00:00:00","2014-05-06 00:00:00","2014-05-14 00:00:00","4.0000","49.0000","49.0000","2014-05-13 22:00:00"
"69221","747","1","10","2014-05-03 00:00:00","2014-05-14 00:00:00","2014-05-06 00:00:00","2014-05-14 00:00:00","4.1000","92.2500","92.2500","2014-05-13 22:00:00"
"69221","747","2","20","2014-05-03 00:00:00","2014-05-14 00:00:00","2014-05-06 00:00:00","2014-05-14 00:00:00","3.5000","87.5000","87.5000","2014-05-13 22:00:00"
"69221","747","3","30","2014-05-03 00:00:00","2014-05-14 00:00:00","2014-05-06 00:00:00","2014-05-14 00:00:00","1.0000","14.5000","14.5000","2014-05-13 22:00:00"
"69221","747","4","40","2014-05-03 00:00:00","2014-05-14 00:00:00","2014-05-06 00:00:00","2014-05-14 00:00:00","2.0000","31.5000","31.5000","2014-05-13 22:00:00"
"69221","747","6","50","2014-05-03 00:00:00","2014-05-14 00:00:00","2014-05-06 00:00:00","2014-05-14 00:00:00","3.0000","36.7500","36.7500","2014-05-13 22:00:00"
"69221","747","7","60","2014-05-03 00:00:00","2014-05-14 00:00:00","2014-05-06 00:00:00","2014-05-14 00:00:00","4.0000","49.0000","49.0000","2014-05-13 22:00:00"
"69222","748","1","10","2014-05-03 00:00:00","2014-05-14 00:00:00","2014-05-06 00:00:00","2014-05-14 00:00:00","4.1000","92.2500","92.2500","2014-05-13 22:00:00"
"69222","748","2","20","2014-05-03 00:00:00","2014-05-14 00:00:00","2014-05-06 00:00:00","2014-05-14 00:00:00","3.5000","87.5000","87.5000","2014-05-13 22:00:00"
"69222","748","3","30","2014-05-03 00:00:00","2014-05-14 00:00:00","2014-05-06 00:00:00","2014-05-14 00:00:00","1.0000","14.5000","14.5000","2014-05-13 22:00:00"
"69222","748","5","45","2014-05-03 00:00:00","2014-05-14 00:00:00","2014-05-06 00:00:00","2014-05-14 00:00:00","2.0000","36.0000","36.0000","2014-05-13 22:00:00"
"69222","748","6","50","2014-05-03 00:00:00","2014-05-14 00:00:00","2014-05-06 00:00:00","2014-05-14 00:00:00","3.0000","36.7500","36.7500","2014-05-13 22:00:00"
"69222","748","7","60","2014-05-03 00:00:00","2014-05-14 00:00:00","2014-05-06 00:00:00","2014-05-14 00:00:00","4.0000","49.0000","49.0000","2014-05-13 22:00:00"
"69223","805","6","50","2014-05-03 00:00:00","2014-05-14 00:00:00","2014-05-06 00:00:00","2014-05-14 00:00:00","3.0000","36.7500","36.7500","2014-05-13 22:00:00"
"69224","806","6","50","2014-05-03 00:00:00","2014-05-14 00:00:00","2014-05-06 00:00:00","2014-05-14 00:00:00","3.0000","36.7500","36.7500","2014-05-13 22:00:00"
"69225","807","6","50","2014-05-03 00:00:00","2014-05-14 00:00:00","2014-05-06 00:00:00","2014-05-14 00:00:00","3.0000","36.7500","36.7500","2014-05-13 22:00:00"
"69226","810","1","10","2014-05-03 00:00:00","2014-05-14 00:00:00","2014-05-06 00:00:00","2014-05-14 00:00:00","4.1000","92.2500","92.2500","2014-05-13 22:00:00"
"69226","810","2","20","2014-05-03 00:00:00","2014-05-14 00:00:00","2014-05-06 00:00:00","2014-05-14 00:00:00","3.5000","87.5000","87.5000","2014-05-13 22:00:00"
"69226","810","6","50","2014-05-03 00:00:00","2014-05-14 00:00:00","2014-05-06 00:00:00","2014-05-14 00:00:00","3.0000","36.7500","36.7500","2014-05-13 22:00:00"
"69227","811","1","10","2014-05-03 00:00:00","2014-05-14 00:00:00","2014-05-06 00:00:00","2014-05-14 00:00:00","4.1000","92.2500","92.2500","2014-05-13 22:00:00"
"69227","811","2","20","2014-05-03 00:00:00","2014-05-14 00:00:00","2014-05-06 00:00:00","2014-05-14 00:00:00","3.5000","87.5000","87.5000","2014-05-13 22:00:00"
"69227","811","6","50","2014-05-03 00:00:00","2014-05-14 00:00:00","2014-05-06 00:00:00","2014-05-14 00:00:00","3.0000","36.7500","36.7500","2014-05-13 22:00:00"
"69228","812","1","10","2014-05-03 00:00:00","2014-05-14 00:00:00","2014-05-06 00:00:00","2014-05-14 00:00:00","4.1000","92.2500","92.2500","2014-05-13 22:00:00"
"69228","812","2","20","2014-05-03 00:00:00","2014-05-14 00:00:00","2014-05-06 00:00:00","2014-05-14 00:00:00","3.5000","87.5000","87.5000","2014-05-13 22:00:00"
"69228","812","6","50","2014-05-03 00:00:00","2014-05-14 00:00:00","2014-05-06 00:00:00","2014-05-14 00:00:00","3.0000","36.7500","36.7500","2014-05-13 22:00:00"
"69229","813","1","10","2014-05-03 00:00:00","2014-05-14 00:00:00","2014-05-06 00:00:00","2014-05-14 00:00:00","4.1000","92.2500","92.2500","2014-05-13 22:00:00"
"69229","813","2","20","2014-05-03 00:00:00","2014-05-14 00:00:00","2014-05-06 00:00:00","2014-05-14 00:00:00","3.5000","87.5000","87.5000","2014-05-13 22:00:00"
"69229","813","6","50","2014-05-03 00:00:00","2014-05-14 00:00:00","2014-05-06 00:00:00","2014-05-14 00:00:00","3.0000","36.7500","36.7500","2014-05-13 22:00:00"
"69230","816","6","50","2014-05-03 00:00:00","2014-05-14 00:00:00","2014-05-06 00:00:00","2014-05-14 00:00:00","3.0000","36.7500","36.7500","2014-05-13 22:00:00"
"69231","818","6","50","2014-05-03 00:00:00","2014-05-14 00:00:00","2014-05-06 00:00:00","2014-05-14 00:00:00","3.0000","36.7500","36.7500","2014-05-13 22:00:00"
"69232","819","6","50","2014-05-03 00:00:00","2014-05-14 00:00:00","2014-05-06 00:00:00","2014-05-14 00:00:00","3.0000","36.7500","36.7500","2014-05-13 22:00:00"
"69233","820","6","50","2014-05-03 00:00:00","2014-05-14 00:00:00","2014-05-06 00:00:00","2014-05-14 00:00:00","3.0000","36.7500","36.7500","2014-05-13 22:00:00"
"69234","821","6","50","2014-05-03 00:00:00","2014-05-14 00:00:00","2014-05-06 00:00:00","2014-05-14 00:00:00","3.0000","36.7500","36.7500","2014-05-13 22:00:00"
"69235","822","1","10","2014-05-03 00:00:00","2014-05-14 00:00:00","2014-05-06 00:00:00","2014-05-14 00:00:00","4.1000","92.2500","92.2500","2014-05-13 22:00:00"
"69235","822","2","20","2014-05-03 00:00:00","2014-05-14 00:00:00","2014-05-06 00:00:00","2014-05-14 00:00:00","3.5000","87.5000","87.5000","2014-05-13 22:00:00"
"69235","822","3","30","2014-05-03 00:00:00","2014-05-14 00:00:00","2014-05-06 00:00:00","2014-05-14 00:00:00","1.0000","14.5000","14.5000","2014-05-13 22:00:00"
"69235","822","4","40","2014-05-03 00:00:00","2014-05-14 00:00:00","2014-05-06 00:00:00","2014-05-14 00:00:00","2.0000","31.5000","31.5000","2014-05-13 22:00:00"
"69235","822","6","50","2014-05-03 00:00:00","2014-05-14 00:00:00","2014-05-06 00:00:00","2014-05-14 00:00:00","3.0000","36.7500","36.7500","2014-05-13 22:00:00"
"69235","822","7","60","2014-05-03 00:00:00","2014-05-14 00:00:00","2014-05-06 00:00:00","2014-05-14 00:00:00","4.0000","49.0000","49.0000","2014-05-13 22:00:00"
"69236","824","6","50","2014-05-03 00:00:00","2014-05-14 00:00:00","2014-05-06 00:00:00","2014-05-14 00:00:00","3.0000","36.7500","36.7500","2014-05-13 22:00:00"
"69237","826","6","50","2014-05-03 00:00:00","2014-05-14 00:00:00","2014-05-06 00:00:00","2014-05-14 00:00:00","3.0000","36.7500","36.7500","2014-05-13 22:00:00"
"69238","827","6","50","2014-05-03 00:00:00","2014-05-14 00:00:00","2014-05-06 00:00:00","2014-05-14 00:00:00","3.0000","36.7500","36.7500","2014-05-13 22:00:00"
"69239","828","6","50","2014-05-03 00:00:00","2014-05-14 00:00:00","2014-05-06 00:00:00","2014-05-14 00:00:00","3.0000","36.7500","36.7500","2014-05-13 22:00:00"
"69240","829","6","50","2014-05-03 00:00:00","2014-05-14 00:00:00","2014-05-06 00:00:00","2014-05-14 00:00:00","3.0000","36.7500","36.7500","2014-05-13 22:00:00"
"69251","894","6","50","2014-05-03 00:00:00","2014-05-14 00:00:00","2014-05-06 00:00:00","2014-05-14 00:00:00","3.0000","36.7500","36.7500","2014-05-13 22:00:00"
"69255","945","1","10","2014-05-03 00:00:00","2014-05-14 00:00:00","2014-05-06 00:00:00","2014-05-14 00:00:00","4.1000","92.2500","92.2500","2014-05-13 22:00:00"
"69255","945","6","50","2014-05-03 00:00:00","2014-05-14 00:00:00","2014-05-06 00:00:00","2014-05-14 00:00:00","3.0000","36.7500","36.7500","2014-05-13 22:00:00"
"69256","946","1","10","2014-05-03 00:00:00","2014-05-14 00:00:00","2014-05-06 00:00:00","2014-05-14 00:00:00","4.1000","92.2500","92.2500","2014-05-13 22:00:00"
"69256","946","2","20","2014-05-03 00:00:00","2014-05-14 00:00:00","2014-05-06 00:00:00","2014-05-14 00:00:00","3.5000","87.5000","87.5000","2014-05-13 22:00:00"
"69256","946","6","50","2014-05-03 00:00:00","2014-05-14 00:00:00","2014-05-06 00:00:00","2014-05-14 00:00:00","3.0000","36.7500","36.7500","2014-05-13 22:00:00"
"69257","947","1","10","2014-05-03 00:00:00","2014-05-14 00:00:00","2014-05-06 00:00:00","2014-05-14 00:00:00","4.1000","92.2500","92.2500","2014-05-13 22:00:00"
"69257","947","2","20","2014-05-03 00:00:00","2014-05-14 00:00:00","2014-05-06 00:00:00","2014-05-14 00:00:00","3.5000","87.5000","87.5000","2014-05-13 22:00:00"
"69257","947","6","50","2014-05-03 00:00:00","2014-05-14 00:00:00","2014-05-06 00:00:00","2014-05-14 00:00:00","3.0000","36.7500","36.7500","2014-05-13 22:00:00"
"69258","949","6","50","2014-05-03 00:00:00","2014-05-14 00:00:00","2014-05-06 00:00:00","2014-05-14 00:00:00","3.0000","36.7500","36.7500","2014-05-13 22:00:00"
"69259","950","6","50","2014-05-03 00:00:00","2014-05-14 00:00:00","2014-05-06 00:00:00","2014-05-14 00:00:00","3.0000","36.7500","36.7500","2014-05-13 22:00:00"
"69260","951","6","50","2014-05-03 00:00:00","2014-05-14 00:00:00","2014-05-06 00:00:00","2014-05-14 00:00:00","3.0000","36.7500","36.7500","2014-05-13 22:00:00"
"69261","994","6","50","2014-05-03 00:00:00","2014-05-14 00:00:00","2014-05-06 00:00:00","2014-05-14 00:00:00","3.0000","36.7500","36.7500","2014-05-13 22:00:00"
"69262","995","6","50","2014-05-03 00:00:00","2014-05-14 00:00:00","2014-05-06 00:00:00","2014-05-14 00:00:00","3.0000","36.7500","36.7500","2014-05-13 22:00:00"
"69263","996","6","50","2014-05-03 00:00:00","2014-05-14 00:00:00","2014-05-06 00:00:00","2014-05-14 00:00:00","3.0000","36.7500","36.7500","2014-05-13 22:00:00"
"69278","802","1","10","2014-05-03 00:00:00","2014-05-14 00:00:00","2014-05-06 00:00:00","2014-05-14 00:00:00","4.1000","92.2500","92.2500","2014-05-13 22:00:00"
"69278","802","6","50","2014-05-03 00:00:00","2014-05-14 00:00:00","2014-05-06 00:00:00","2014-05-14 00:00:00","3.0000","36.7500","36.7500","2014-05-13 22:00:00"
"69279","803","1","10","2014-05-03 00:00:00","2014-05-14 00:00:00","2014-05-06 00:00:00","2014-05-14 00:00:00","4.1000","92.2500","92.2500","2014-05-13 22:00:00"
"69279","803","6","50","2014-05-03 00:00:00","2014-05-14 00:00:00","2014-05-06 00:00:00","2014-05-14 00:00:00","3.0000","36.7500","36.7500","2014-05-13 22:00:00"
"69280","804","1","10","2014-05-03 00:00:00","2014-05-14 00:00:00","2014-05-06 00:00:00","2014-05-14 00:00:00","4.1000","92.2500","92.2500","2014-05-13 22:00:00"
"69280","804","6","50","2014-05-03 00:00:00","2014-05-14 00:00:00","2014-05-06 00:00:00","2014-05-14 00:00:00","3.0000","36.7500","36.7500","2014-05-13 22:00:00"
"69293","747","1","10","2014-05-04 00:00:00","2014-05-15 00:00:00","2014-05-04 00:00:00","2014-05-20 00:00:00","4.1000","92.2500","92.2500","2014-05-19 22:00:00"
"69293","747","2","20","2014-05-04 00:00:00","2014-05-15 00:00:00","2014-05-04 00:00:00","2014-05-20 00:00:00","3.5000","87.5000","87.5000","2014-05-19 22:00:00"
"69293","747","3","30","2014-05-04 00:00:00","2014-05-15 00:00:00","2014-05-04 00:00:00","2014-05-20 00:00:00","1.0000","14.5000","14.5000","2014-05-19 22:00:00"
"69293","747","4","40","2014-05-04 00:00:00","2014-05-15 00:00:00","2014-05-04 00:00:00","2014-05-20 00:00:00","2.0000","31.5000","31.5000","2014-05-19 22:00:00"
"69293","747","6","50","2014-05-04 00:00:00","2014-05-15 00:00:00","2014-05-04 00:00:00","2014-05-20 00:00:00","3.0000","36.7500","36.7500","2014-05-19 22:00:00"
"69293","747","7","60","2014-05-04 00:00:00","2014-05-15 00:00:00","2014-05-04 00:00:00","2014-05-20 00:00:00","4.0000","49.0000","49.0000","2014-05-19 22:00:00"
"69294","748","1","10","2014-05-04 00:00:00","2014-05-15 00:00:00","2014-05-04 00:00:00","2014-05-20 00:00:00","4.1000","92.2500","92.2500","2014-05-19 22:00:00"
"69294","748","2","20","2014-05-04 00:00:00","2014-05-15 00:00:00","2014-05-04 00:00:00","2014-05-20 00:00:00","3.5000","87.5000","87.5000","2014-05-19 22:00:00"
"69294","748","3","30","2014-05-04 00:00:00","2014-05-15 00:00:00","2014-05-04 00:00:00","2014-05-20 00:00:00","1.0000","14.5000","14.5000","2014-05-19 22:00:00"
"69294","748","5","45","2014-05-04 00:00:00","2014-05-15 00:00:00","2014-05-04 00:00:00","2014-05-20 00:00:00","2.0000","36.0000","36.0000","2014-05-19 22:00:00"
"69294","748","6","50","2014-05-04 00:00:00","2014-05-15 00:00:00","2014-05-04 00:00:00","2014-05-20 00:00:00","3.0000","36.7500","36.7500","2014-05-19 22:00:00"
"69294","748","7","60","2014-05-04 00:00:00","2014-05-15 00:00:00","2014-05-04 00:00:00","2014-05-20 00:00:00","4.0000","49.0000","49.0000","2014-05-19 22:00:00"
"69295","779","7","60","2014-05-04 00:00:00","2014-05-15 00:00:00","2014-05-04 00:00:00","2014-05-20 00:00:00","4.0000","49.0000","49.0000","2014-05-19 22:00:00"
"69296","780","7","60","2014-05-04 00:00:00","2014-05-15 00:00:00","2014-05-04 00:00:00","2014-05-20 00:00:00","4.0000","49.0000","49.0000","2014-05-19 22:00:00"
"69297","781","7","60","2014-05-04 00:00:00","2014-05-15 00:00:00","2014-05-04 00:00:00","2014-05-20 00:00:00","4.0000","49.0000","49.0000","2014-05-19 22:00:00"
"69298","782","7","60","2014-05-04 00:00:00","2014-05-15 00:00:00","2014-05-04 00:00:00","2014-05-20 00:00:00","4.0000","49.0000","49.0000","2014-05-19 22:00:00"
"69299","783","7","60","2014-05-04 00:00:00","2014-05-15 00:00:00","2014-05-04 00:00:00","2014-05-20 00:00:00","4.0000","49.0000","49.0000","2014-05-19 22:00:00"
"69300","784","7","60","2014-05-04 00:00:00","2014-05-15 00:00:00","2014-05-04 00:00:00","2014-05-20 00:00:00","4.0000","49.0000","49.0000","2014-05-19 22:00:00"
"69301","792","7","60","2014-05-04 00:00:00","2014-05-15 00:00:00","2014-05-04 00:00:00","2014-05-20 00:00:00","4.0000","49.0000","49.0000","2014-05-19 22:00:00"
"69302","793","7","60","2014-05-04 00:00:00","2014-05-15 00:00:00","2014-05-04 00:00:00","2014-05-20 00:00:00","4.0000","49.0000","49.0000","2014-05-19 22:00:00"
"69303","794","7","60","2014-05-04 00:00:00","2014-05-15 00:00:00","2014-05-04 00:00:00","2014-05-20 00:00:00","4.0000","49.0000","49.0000","2014-05-19 22:00:00"
"69304","795","7","60","2014-05-04 00:00:00","2014-05-15 00:00:00","2014-05-04 00:00:00","2014-05-20 00:00:00","4.0000","49.0000","49.0000","2014-05-19 22:00:00"
"69305","796","7","60","2014-05-04 00:00:00","2014-05-15 00:00:00","2014-05-04 00:00:00","2014-05-20 00:00:00","4.0000","49.0000","49.0000","2014-05-19 22:00:00"
"69306","797","7","60","2014-05-04 00:00:00","2014-05-15 00:00:00","2014-05-04 00:00:00","2014-05-20 00:00:00","4.0000","49.0000","49.0000","2014-05-19 22:00:00"
"69307","798","7","60","2014-05-04 00:00:00","2014-05-15 00:00:00","2014-05-04 00:00:00","2014-05-20 00:00:00","4.0000","49.0000","49.0000","2014-05-19 22:00:00"
"69308","799","7","60","2014-05-04 00:00:00","2014-05-15 00:00:00","2014-05-04 00:00:00","2014-05-20 00:00:00","4.0000","49.0000","49.0000","2014-05-19 22:00:00"
"69309","800","7","60","2014-05-04 00:00:00","2014-05-15 00:00:00","2014-05-04 00:00:00","2014-05-20 00:00:00","4.0000","49.0000","49.0000","2014-05-19 22:00:00"
"69310","801","7","60","2014-05-04 00:00:00","2014-05-15 00:00:00","2014-05-04 00:00:00","2014-05-20 00:00:00","4.0000","49.0000","49.0000","2014-05-19 22:00:00"
"69311","808","1","10","2014-05-04 00:00:00","2014-05-15 00:00:00","2014-05-04 00:00:00","2014-05-20 00:00:00","4.1000","92.2500","92.2500","2014-05-19 22:00:00"
"69311","808","2","20","2014-05-04 00:00:00","2014-05-15 00:00:00","2014-05-04 00:00:00","2014-05-20 00:00:00","3.5000","87.5000","87.5000","2014-05-19 22:00:00"
"69311","808","6","50","2014-05-04 00:00:00","2014-05-15 00:00:00","2014-05-04 00:00:00","2014-05-20 00:00:00","3.0000","36.7500","36.7500","2014-05-19 22:00:00"
"69312","809","1","10","2014-05-04 00:00:00","2014-05-15 00:00:00","2014-05-04 00:00:00","2014-05-20 00:00:00","4.1000","92.2500","92.2500","2014-05-19 22:00:00"
"69312","809","2","20","2014-05-04 00:00:00","2014-05-15 00:00:00","2014-05-04 00:00:00","2014-05-20 00:00:00","3.5000","87.5000","87.5000","2014-05-19 22:00:00"
"69312","809","6","50","2014-05-04 00:00:00","2014-05-15 00:00:00","2014-05-04 00:00:00","2014-05-20 00:00:00","3.0000","36.7500","36.7500","2014-05-19 22:00:00"
"69313","810","1","10","2014-05-04 00:00:00","2014-05-15 00:00:00","2014-05-04 00:00:00","2014-05-20 00:00:00","4.1000","92.2500","92.2500","2014-05-19 22:00:00"
"69313","810","2","20","2014-05-04 00:00:00","2014-05-15 00:00:00","2014-05-04 00:00:00","2014-05-20 00:00:00","3.5000","87.5000","87.5000","2014-05-19 22:00:00"
"69313","810","6","50","2014-05-04 00:00:00","2014-05-15 00:00:00","2014-05-04 00:00:00","2014-05-20 00:00:00","3.0000","36.7500","36.7500","2014-05-19 22:00:00"
"69314","813","1","10","2014-05-04 00:00:00","2014-05-15 00:00:00","2014-05-04 00:00:00","2014-05-20 00:00:00","4.1000","92.2500","92.2500","2014-05-19 22:00:00"
"69314","813","2","20","2014-05-04 00:00:00","2014-05-15 00:00:00","2014-05-04 00:00:00","2014-05-20 00:00:00","3.5000","87.5000","87.5000","2014-05-19 22:00:00"
"69314","813","6","50","2014-05-04 00:00:00","2014-05-15 00:00:00","2014-05-04 00:00:00","2014-05-20 00:00:00","3.0000","36.7500","36.7500","2014-05-19 22:00:00"
"69315","822","1","10","2014-05-04 00:00:00","2014-05-15 00:00:00","2014-05-04 00:00:00","2014-05-20 00:00:00","4.1000","92.2500","92.2500","2014-05-19 22:00:00"
"69315","822","2","20","2014-05-04 00:00:00","2014-05-15 00:00:00","2014-05-04 00:00:00","2014-05-20 00:00:00","3.5000","87.5000","87.5000","2014-05-19 22:00:00"
"69315","822","3","30","2014-05-04 00:00:00","2014-05-15 00:00:00","2014-05-04 00:00:00","2014-05-20 00:00:00","1.0000","14.5000","14.5000","2014-05-19 22:00:00"
"69315","822","4","40","2014-05-04 00:00:00","2014-05-15 00:00:00","2014-05-04 00:00:00","2014-05-20 00:00:00","2.0000","31.5000","31.5000","2014-05-19 22:00:00"
"69315","822","6","50","2014-05-04 00:00:00","2014-05-15 00:00:00","2014-05-04 00:00:00","2014-05-20 00:00:00","3.0000","36.7500","36.7500","2014-05-19 22:00:00"
"69315","822","7","60","2014-05-04 00:00:00","2014-05-15 00:00:00","2014-05-04 00:00:00","2014-05-20 00:00:00","4.0000","49.0000","49.0000","2014-05-19 22:00:00"
"69328","894","6","50","2014-05-04 00:00:00","2014-05-15 00:00:00","2014-05-04 00:00:00","2014-05-20 00:00:00","3.0000","36.7500","36.7500","2014-05-19 22:00:00"
"69342","944","1","10","2014-05-04 00:00:00","2014-05-15 00:00:00","2014-05-04 00:00:00","2014-05-20 00:00:00","4.1000","92.2500","92.2500","2014-05-19 22:00:00"
"69342","944","2","20","2014-05-04 00:00:00","2014-05-15 00:00:00","2014-05-04 00:00:00","2014-05-20 00:00:00","3.5000","87.5000","87.5000","2014-05-19 22:00:00"
"69342","944","3","30","2014-05-04 00:00:00","2014-05-15 00:00:00","2014-05-04 00:00:00","2014-05-20 00:00:00","1.0000","14.5000","14.5000","2014-05-19 22:00:00"
"69342","944","5","45","2014-05-04 00:00:00","2014-05-15 00:00:00","2014-05-04 00:00:00","2014-05-20 00:00:00","2.0000","36.0000","36.0000","2014-05-19 22:00:00"
"69342","944","6","50","2014-05-04 00:00:00","2014-05-15 00:00:00","2014-05-04 00:00:00","2014-05-20 00:00:00","3.0000","36.7500","36.7500","2014-05-19 22:00:00"
"69342","944","7","60","2014-05-04 00:00:00","2014-05-15 00:00:00","2014-05-04 00:00:00","2014-05-20 00:00:00","4.0000","49.0000","49.0000","2014-05-19 22:00:00"
"69343","945","1","10","2014-05-04 00:00:00","2014-05-15 00:00:00","2014-05-04 00:00:00","2014-05-20 00:00:00","4.1000","92.2500","92.2500","2014-05-19 22:00:00"
"69343","945","6","50","2014-05-04 00:00:00","2014-05-15 00:00:00","2014-05-04 00:00:00","2014-05-20 00:00:00","3.0000","36.7500","36.7500","2014-05-19 22:00:00"
"69344","947","1","10","2014-05-04 00:00:00","2014-05-15 00:00:00","2014-05-04 00:00:00","2014-05-20 00:00:00","4.1000","92.2500","92.2500","2014-05-19 22:00:00"
"69344","947","2","20","2014-05-04 00:00:00","2014-05-15 00:00:00","2014-05-04 00:00:00","2014-05-20 00:00:00","3.5000","87.5000","87.5000","2014-05-19 22:00:00"
"69344","947","6","50","2014-05-04 00:00:00","2014-05-15 00:00:00","2014-05-04 00:00:00","2014-05-20 00:00:00","3.0000","36.7500","36.7500","2014-05-19 22:00:00"
"69345","949","6","50","2014-05-04 00:00:00","2014-05-15 00:00:00","2014-05-04 00:00:00","2014-05-20 00:00:00","3.0000","36.7500","36.7500","2014-05-19 22:00:00"
"69346","951","6","50","2014-05-04 00:00:00","2014-05-15 00:00:00","2014-05-04 00:00:00","2014-05-20 00:00:00","3.0000","36.7500","36.7500","2014-05-19 22:00:00"
"69347","953","7","60","2014-05-04 00:00:00","2014-05-15 00:00:00","2014-05-04 00:00:00","2014-05-20 00:00:00","4.0000","49.0000","49.0000","2014-05-19 22:00:00"
"69348","954","7","60","2014-05-04 00:00:00","2014-05-15 00:00:00","2014-05-04 00:00:00","2014-05-20 00:00:00","4.0000","49.0000","49.0000","2014-05-19 22:00:00"
"69349","955","7","60","2014-05-04 00:00:00","2014-05-15 00:00:00","2014-05-04 00:00:00","2014-05-20 00:00:00","4.0000","49.0000","49.0000","2014-05-19 22:00:00"
"69350","956","7","60","2014-05-04 00:00:00","2014-05-15 00:00:00","2014-05-04 00:00:00","2014-05-20 00:00:00","4.0000","49.0000","49.0000","2014-05-19 22:00:00"
"69351","957","7","60","2014-05-04 00:00:00","2014-05-15 00:00:00","2014-05-04 00:00:00","2014-05-20 00:00:00","4.0000","49.0000","49.0000","2014-05-19 22:00:00"
"69352","958","7","60","2014-05-04 00:00:00","2014-05-15 00:00:00","2014-05-04 00:00:00","2014-05-20 00:00:00","4.0000","49.0000","49.0000","2014-05-19 22:00:00"
"69353","959","7","60","2014-05-04 00:00:00","2014-05-15 00:00:00","2014-05-04 00:00:00","2014-05-20 00:00:00","4.0000","49.0000","49.0000","2014-05-19 22:00:00"
"69354","960","7","60","2014-05-04 00:00:00","2014-05-15 00:00:00","2014-05-04 00:00:00","2014-05-20 00:00:00","4.0000","49.0000","49.0000","2014-05-19 22:00:00"
"69355","961","7","60","2014-05-04 00:00:00","2014-05-15 00:00:00","2014-05-04 00:00:00","2014-05-20 00:00:00","4.0000","49.0000","49.0000","2014-05-19 22:00:00"
"69356","962","7","60","2014-05-04 00:00:00","2014-05-15 00:00:00","2014-05-04 00:00:00","2014-05-20 00:00:00","4.0000","49.0000","49.0000","2014-05-19 22:00:00"
"69357","963","7","60","2014-05-04 00:00:00","2014-05-15 00:00:00","2014-05-04 00:00:00","2014-05-20 00:00:00","4.0000","49.0000","49.0000","2014-05-19 22:00:00"
"69358","964","7","60","2014-05-04 00:00:00","2014-05-15 00:00:00","2014-05-04 00:00:00","2014-05-20 00:00:00","4.0000","49.0000","49.0000","2014-05-19 22:00:00"
"69359","965","7","60","2014-05-04 00:00:00","2014-05-15 00:00:00","2014-05-04 00:00:00","2014-05-20 00:00:00","4.0000","49.0000","49.0000","2014-05-19 22:00:00"
"69360","966","7","60","2014-05-04 00:00:00","2014-05-15 00:00:00","2014-05-04 00:00:00","2014-05-20 00:00:00","4.0000","49.0000","49.0000","2014-05-19 22:00:00"
"69361","967","7","60","2014-05-04 00:00:00","2014-05-15 00:00:00","2014-05-04 00:00:00","2014-05-20 00:00:00","4.0000","49.0000","49.0000","2014-05-19 22:00:00"
"69362","968","7","60","2014-05-04 00:00:00","2014-05-15 00:00:00","2014-05-04 00:00:00","2014-05-20 00:00:00","4.0000","49.0000","49.0000","2014-05-19 22:00:00"
"69363","969","7","60","2014-05-04 00:00:00","2014-05-15 00:00:00","2014-05-04 00:00:00","2014-05-20 00:00:00","4.0000","49.0000","49.0000","2014-05-19 22:00:00"
"69364","970","7","60","2014-05-04 00:00:00","2014-05-15 00:00:00","2014-05-04 00:00:00","2014-05-20 00:00:00","4.0000","49.0000","49.0000","2014-05-19 22:00:00"
"69365","971","7","60","2014-05-04 00:00:00","2014-05-15 00:00:00","2014-05-04 00:00:00","2014-05-20 00:00:00","4.0000","49.0000","49.0000","2014-05-19 22:00:00"
"69366","972","7","60","2014-05-04 00:00:00","2014-05-15 00:00:00","2014-05-04 00:00:00","2014-05-20 00:00:00","4.0000","49.0000","49.0000","2014-05-19 22:00:00"
"69367","973","7","60","2014-05-04 00:00:00","2014-05-15 00:00:00","2014-05-04 00:00:00","2014-05-20 00:00:00","4.0000","49.0000","49.0000","2014-05-19 22:00:00"
"69368","974","7","60","2014-05-04 00:00:00","2014-05-15 00:00:00","2014-05-04 00:00:00","2014-05-20 00:00:00","4.0000","49.0000","49.0000","2014-05-19 22:00:00"
"69369","975","7","60","2014-05-04 00:00:00","2014-05-15 00:00:00","2014-05-04 00:00:00","2014-05-20 00:00:00","4.0000","49.0000","49.0000","2014-05-19 22:00:00"
"69370","976","7","60","2014-05-04 00:00:00","2014-05-15 00:00:00","2014-05-04 00:00:00","2014-05-20 00:00:00","4.0000","49.0000","49.0000","2014-05-19 22:00:00"
"69371","977","7","60","2014-05-04 00:00:00","2014-05-15 00:00:00","2014-05-04 00:00:00","2014-05-20 00:00:00","4.0000","49.0000","49.0000","2014-05-19 22:00:00"
"69372","978","7","60","2014-05-04 00:00:00","2014-05-15 00:00:00","2014-05-04 00:00:00","2014-05-20 00:00:00","4.0000","49.0000","49.0000","2014-05-19 22:00:00"
"69373","979","7","60","2014-05-04 00:00:00","2014-05-15 00:00:00","2014-05-04 00:00:00","2014-05-20 00:00:00","4.0000","49.0000","49.0000","2014-05-19 22:00:00"
"69374","980","7","60","2014-05-04 00:00:00","2014-05-15 00:00:00","2014-05-04 00:00:00","2014-05-20 00:00:00","4.0000","49.0000","49.0000","2014-05-19 22:00:00"
"69375","981","7","60","2014-05-04 00:00:00","2014-05-15 00:00:00","2014-05-04 00:00:00","2014-05-20 00:00:00","4.0000","49.0000","49.0000","2014-05-19 22:00:00"
"69376","982","7","60","2014-05-04 00:00:00","2014-05-15 00:00:00","2014-05-04 00:00:00","2014-05-20 00:00:00","4.0000","49.0000","49.0000","2014-05-19 22:00:00"
"69377","983","7","60","2014-05-04 00:00:00","2014-05-15 00:00:00","2014-05-04 00:00:00","2014-05-20 00:00:00","4.0000","49.0000","49.0000","2014-05-19 22:00:00"
"69378","984","7","60","2014-05-04 00:00:00","2014-05-15 00:00:00","2014-05-04 00:00:00","2014-05-20 00:00:00","4.0000","49.0000","49.0000","2014-05-19 22:00:00"
"69379","985","7","60","2014-05-04 00:00:00","2014-05-15 00:00:00","2014-05-04 00:00:00","2014-05-20 00:00:00","4.0000","49.0000","49.0000","2014-05-19 22:00:00"
"69380","986","7","60","2014-05-04 00:00:00","2014-05-15 00:00:00","2014-05-04 00:00:00","2014-05-20 00:00:00","4.0000","49.0000","49.0000","2014-05-19 22:00:00"
"69381","987","7","60","2014-05-04 00:00:00","2014-05-15 00:00:00","2014-05-04 00:00:00","2014-05-20 00:00:00","4.0000","49.0000","49.0000","2014-05-19 22:00:00"
"69382","988","7","60","2014-05-04 00:00:00","2014-05-15 00:00:00","2014-05-04 00:00:00","2014-05-20 00:00:00","4.0000","49.0000","49.0000","2014-05-19 22:00:00"
"69383","989","7","60","2014-05-04 00:00:00","2014-05-15 00:00:00","2014-05-04 00:00:00","2014-05-20 00:00:00","4.0000","49.0000","49.0000","2014-05-19 22:00:00"
"69384","990","7","60","2014-05-04 00:00:00","2014-05-15 00:00:00","2014-05-04 00:00:00","2014-05-20 00:00:00","4.0000","49.0000","49.0000","2014-05-19 22:00:00"
"69385","991","7","60","2014-05-04 00:00:00","2014-05-15 00:00:00","2014-05-04 00:00:00","2014-05-20 00:00:00","4.0000","49.0000","49.0000","2014-05-19 22:00:00"
"69386","992","7","60","2014-05-04 00:00:00","2014-05-15 00:00:00","2014-05-04 00:00:00","2014-05-20 00:00:00","4.0000","49.0000","49.0000","2014-05-19 22:00:00"
"69387","993","7","60","2014-05-04 00:00:00","2014-05-15 00:00:00","2014-05-04 00:00:00","2014-05-20 00:00:00","4.0000","49.0000","49.0000","2014-05-19 22:00:00"
"69388","994","6","50","2014-05-04 00:00:00","2014-05-15 00:00:00","2014-05-04 00:00:00","2014-05-20 00:00:00","3.0000","36.7500","36.7500","2014-05-19 22:00:00"
"69389","996","6","50","2014-05-04 00:00:00","2014-05-15 00:00:00","2014-05-04 00:00:00","2014-05-20 00:00:00","3.0000","36.7500","36.7500","2014-05-19 22:00:00"
"69390","997","7","60","2014-05-04 00:00:00","2014-05-15 00:00:00","2014-05-04 00:00:00","2014-05-20 00:00:00","4.0000","49.0000","49.0000","2014-05-19 22:00:00"
"69391","998","7","60","2014-05-04 00:00:00","2014-05-15 00:00:00","2014-05-04 00:00:00","2014-05-20 00:00:00","4.0000","49.0000","49.0000","2014-05-19 22:00:00"
"69392","999","7","60","2014-05-04 00:00:00","2014-05-15 00:00:00","2014-05-04 00:00:00","2014-05-20 00:00:00","4.0000","49.0000","49.0000","2014-05-19 22:00:00"
"69393","514","6","50","2014-05-04 00:00:00","2014-05-15 00:00:00","2014-05-04 00:00:00","2014-05-20 00:00:00","3.0000","36.7500","36.7500","2014-05-19 22:00:00"
"69393","514","7","60","2014-05-04 00:00:00","2014-05-15 00:00:00","2014-05-04 00:00:00","2014-05-20 00:00:00","4.0000","49.0000","49.0000","2014-05-19 22:00:00"
"69394","516","6","50","2014-05-04 00:00:00","2014-05-15 00:00:00","2014-05-04 00:00:00","2014-05-20 00:00:00","3.0000","36.7500","36.7500","2014-05-19 22:00:00"
"69394","516","7","60","2014-05-04 00:00:00","2014-05-15 00:00:00","2014-05-04 00:00:00","2014-05-20 00:00:00","4.0000","49.0000","49.0000","2014-05-19 22:00:00"
"69395","517","6","50","2014-05-04 00:00:00","2014-05-15 00:00:00","2014-05-04 00:00:00","2014-05-20 00:00:00","3.0000","36.7500","36.7500","2014-05-19 22:00:00"
"69395","517","7","60","2014-05-04 00:00:00","2014-05-15 00:00:00","2014-05-04 00:00:00","2014-05-20 00:00:00","4.0000","49.0000","49.0000","2014-05-19 22:00:00"
"69396","518","6","50","2014-05-04 00:00:00","2014-05-15 00:00:00","2014-05-04 00:00:00","2014-05-20 00:00:00","3.0000","36.7500","36.7500","2014-05-19 22:00:00"
"69396","518","7","60","2014-05-04 00:00:00","2014-05-15 00:00:00","2014-05-04 00:00:00","2014-05-20 00:00:00","4.0000","49.0000","49.0000","2014-05-19 22:00:00"
"69397","519","6","50","2014-05-04 00:00:00","2014-05-15 00:00:00","2014-05-04 00:00:00","2014-05-20 00:00:00","3.0000","36.7500","36.7500","2014-05-19 22:00:00"
"69397","519","7","60","2014-05-04 00:00:00","2014-05-15 00:00:00","2014-05-04 00:00:00","2014-05-20 00:00:00","4.0000","49.0000","49.0000","2014-05-19 22:00:00"
"69398","520","6","50","2014-05-04 00:00:00","2014-05-15 00:00:00","2014-05-04 00:00:00","2014-05-20 00:00:00","3.0000","36.7500","36.7500","2014-05-19 22:00:00"
"69398","520","7","60","2014-05-04 00:00:00","2014-05-15 00:00:00","2014-05-04 00:00:00","2014-05-20 00:00:00","4.0000","49.0000","49.0000","2014-05-19 22:00:00"
"69399","521","6","50","2014-05-04 00:00:00","2014-05-15 00:00:00","2014-05-04 00:00:00","2014-05-20 00:00:00","3.0000","36.7500","36.7500","2014-05-19 22:00:00"
"69399","521","7","60","2014-05-04 00:00:00","2014-05-15 00:00:00","2014-05-04 00:00:00","2014-05-20 00:00:00","4.0000","49.0000","49.0000","2014-05-19 22:00:00"
"69400","522","6","50","2014-05-04 00:00:00","2014-05-15 00:00:00","2014-05-04 00:00:00","2014-05-20 00:00:00","3.0000","36.7500","36.7500","2014-05-19 22:00:00"
"69400","522","7","60","2014-05-04 00:00:00","2014-05-15 00:00:00","2014-05-04 00:00:00","2014-05-20 00:00:00","4.0000","49.0000","49.0000","2014-05-19 22:00:00"
"69411","747","1","10","2014-05-04 00:00:00","2014-05-15 00:00:00","2014-05-04 00:00:00","2014-05-20 00:00:00","4.1000","92.2500","92.2500","2014-05-19 22:00:00"
"69411","747","2","20","2014-05-04 00:00:00","2014-05-15 00:00:00","2014-05-04 00:00:00","2014-05-20 00:00:00","3.5000","87.5000","87.5000","2014-05-19 22:00:00"
"69411","747","3","30","2014-05-04 00:00:00","2014-05-15 00:00:00","2014-05-04 00:00:00","2014-05-20 00:00:00","1.0000","14.5000","14.5000","2014-05-19 22:00:00"
"69411","747","4","40","2014-05-04 00:00:00","2014-05-15 00:00:00","2014-05-04 00:00:00","2014-05-20 00:00:00","2.0000","31.5000","31.5000","2014-05-19 22:00:00"
"69411","747","6","50","2014-05-04 00:00:00","2014-05-15 00:00:00","2014-05-04 00:00:00","2014-05-20 00:00:00","3.0000","36.7500","36.7500","2014-05-19 22:00:00"
"69411","747","7","60","2014-05-04 00:00:00","2014-05-15 00:00:00","2014-05-04 00:00:00","2014-05-20 00:00:00","4.0000","49.0000","49.0000","2014-05-19 22:00:00"
"69412","748","1","10","2014-05-04 00:00:00","2014-05-15 00:00:00","2014-05-04 00:00:00","2014-05-20 00:00:00","4.1000","92.2500","92.2500","2014-05-19 22:00:00"
"69412","748","2","20","2014-05-04 00:00:00","2014-05-15 00:00:00","2014-05-04 00:00:00","2014-05-20 00:00:00","3.5000","87.5000","87.5000","2014-05-19 22:00:00"
"69412","748","3","30","2014-05-04 00:00:00","2014-05-15 00:00:00","2014-05-04 00:00:00","2014-05-20 00:00:00","1.0000","14.5000","14.5000","2014-05-19 22:00:00"
"69412","748","5","45","2014-05-04 00:00:00","2014-05-15 00:00:00","2014-05-04 00:00:00","2014-05-20 00:00:00","2.0000","36.0000","36.0000","2014-05-19 22:00:00"
"69412","748","6","50","2014-05-04 00:00:00","2014-05-15 00:00:00","2014-05-04 00:00:00","2014-05-20 00:00:00","3.0000","36.7500","36.7500","2014-05-19 22:00:00"
"69412","748","7","60","2014-05-04 00:00:00","2014-05-15 00:00:00","2014-05-04 00:00:00","2014-05-20 00:00:00","4.0000","49.0000","49.0000","2014-05-19 22:00:00"
"69413","805","6","50","2014-05-04 00:00:00","2014-05-15 00:00:00","2014-05-04 00:00:00","2014-05-20 00:00:00","3.0000","36.7500","36.7500","2014-05-19 22:00:00"
"69414","806","6","50","2014-05-04 00:00:00","2014-05-15 00:00:00","2014-05-04 00:00:00","2014-05-20 00:00:00","3.0000","36.7500","36.7500","2014-05-19 22:00:00"
"69415","807","6","50","2014-05-04 00:00:00","2014-05-15 00:00:00","2014-05-04 00:00:00","2014-05-20 00:00:00","3.0000","36.7500","36.7500","2014-05-19 22:00:00"
"69416","808","1","10","2014-05-04 00:00:00","2014-05-15 00:00:00","2014-05-04 00:00:00","2014-05-20 00:00:00","4.1000","92.2500","92.2500","2014-05-19 22:00:00"
"69416","808","2","20","2014-05-04 00:00:00","2014-05-15 00:00:00","2014-05-04 00:00:00","2014-05-20 00:00:00","3.5000","87.5000","87.5000","2014-05-19 22:00:00"
"69416","808","6","50","2014-05-04 00:00:00","2014-05-15 00:00:00","2014-05-04 00:00:00","2014-05-20 00:00:00","3.0000","36.7500","36.7500","2014-05-19 22:00:00"
"69417","810","1","10","2014-05-04 00:00:00","2014-05-15 00:00:00","2014-05-04 00:00:00","2014-05-20 00:00:00","4.1000","92.2500","92.2500","2014-05-19 22:00:00"
"69417","810","2","20","2014-05-04 00:00:00","2014-05-15 00:00:00","2014-05-04 00:00:00","2014-05-20 00:00:00","3.5000","87.5000","87.5000","2014-05-19 22:00:00"
"69417","810","6","50","2014-05-04 00:00:00","2014-05-15 00:00:00","2014-05-04 00:00:00","2014-05-20 00:00:00","3.0000","36.7500","36.7500","2014-05-19 22:00:00"
"69418","811","1","10","2014-05-04 00:00:00","2014-05-15 00:00:00","2014-05-04 00:00:00","2014-05-20 00:00:00","4.1000","92.2500","92.2500","2014-05-19 22:00:00"
"69418","811","2","20","2014-05-04 00:00:00","2014-05-15 00:00:00","2014-05-04 00:00:00","2014-05-20 00:00:00","3.5000","87.5000","87.5000","2014-05-19 22:00:00"
"69418","811","6","50","2014-05-04 00:00:00","2014-05-15 00:00:00","2014-05-04 00:00:00","2014-05-20 00:00:00","3.0000","36.7500","36.7500","2014-05-19 22:00:00"
"69419","812","1","10","2014-05-04 00:00:00","2014-05-15 00:00:00","2014-05-04 00:00:00","2014-05-20 00:00:00","4.1000","92.2500","92.2500","2014-05-19 22:00:00"
"69419","812","2","20","2014-05-04 00:00:00","2014-05-15 00:00:00","2014-05-04 00:00:00","2014-05-20 00:00:00","3.5000","87.5000","87.5000","2014-05-19 22:00:00"
"69419","812","6","50","2014-05-04 00:00:00","2014-05-15 00:00:00","2014-05-04 00:00:00","2014-05-20 00:00:00","3.0000","36.7500","36.7500","2014-05-19 22:00:00"
"69420","813","1","10","2014-05-04 00:00:00","2014-05-15 00:00:00","2014-05-04 00:00:00","2014-05-20 00:00:00","4.1000","92.2500","92.2500","2014-05-19 22:00:00"
"69420","813","2","20","2014-05-04 00:00:00","2014-05-15 00:00:00","2014-05-04 00:00:00","2014-05-20 00:00:00","3.5000","87.5000","87.5000","2014-05-19 22:00:00"
"69420","813","6","50","2014-05-04 00:00:00","2014-05-15 00:00:00","2014-05-04 00:00:00","2014-05-20 00:00:00","3.0000","36.7500","36.7500","2014-05-19 22:00:00"
"69421","815","6","50","2014-05-04 00:00:00","2014-05-15 00:00:00","2014-05-04 00:00:00","2014-05-20 00:00:00","3.0000","36.7500","36.7500","2014-05-19 22:00:00"
"69422","816","6","50","2014-05-04 00:00:00","2014-05-15 00:00:00","2014-05-04 00:00:00","2014-05-20 00:00:00","3.0000","36.7500","36.7500","2014-05-19 22:00:00"
"69423","818","6","50","2014-05-04 00:00:00","2014-05-15 00:00:00","2014-05-04 00:00:00","2014-05-20 00:00:00","3.0000","36.7500","36.7500","2014-05-19 22:00:00"
"69424","819","6","50","2014-05-04 00:00:00","2014-05-15 00:00:00","2014-05-04 00:00:00","2014-05-20 00:00:00","3.0000","36.7500","36.7500","2014-05-19 22:00:00"
"69425","820","6","50","2014-05-04 00:00:00","2014-05-15 00:00:00","2014-05-04 00:00:00","2014-05-20 00:00:00","3.0000","36.7500","36.7500","2014-05-19 22:00:00"
"69426","821","6","50","2014-05-04 00:00:00","2014-05-15 00:00:00","2014-05-04 00:00:00","2014-05-20 00:00:00","3.0000","36.7500","36.7500","2014-05-19 22:00:00"
"69427","822","1","10","2014-05-04 00:00:00","2014-05-15 00:00:00","2014-05-04 00:00:00","2014-05-20 00:00:00","4.1000","92.2500","92.2500","2014-05-19 22:00:00"
"69427","822","2","20","2014-05-04 00:00:00","2014-05-15 00:00:00","2014-05-04 00:00:00","2014-05-20 00:00:00","3.5000","87.5000","87.5000","2014-05-19 22:00:00"
"69427","822","3","30","2014-05-04 00:00:00","2014-05-15 00:00:00","2014-05-04 00:00:00","2014-05-20 00:00:00","1.0000","14.5000","14.5000","2014-05-19 22:00:00"
"69427","822","4","40","2014-05-04 00:00:00","2014-05-15 00:00:00","2014-05-04 00:00:00","2014-05-20 00:00:00","2.0000","31.5000","31.5000","2014-05-19 22:00:00"
"69427","822","6","50","2014-05-04 00:00:00","2014-05-15 00:00:00","2014-05-04 00:00:00","2014-05-20 00:00:00","3.0000","36.7500","36.7500","2014-05-19 22:00:00"
"69427","822","7","60","2014-05-04 00:00:00","2014-05-15 00:00:00","2014-05-04 00:00:00","2014-05-20 00:00:00","4.0000","49.0000","49.0000","2014-05-19 22:00:00"
"69428","823","6","50","2014-05-04 00:00:00","2014-05-15 00:00:00","2014-05-04 00:00:00","2014-05-20 00:00:00","3.0000","36.7500","36.7500","2014-05-19 22:00:00"
"69429","824","6","50","2014-05-04 00:00:00","2014-05-15 00:00:00","2014-05-04 00:00:00","2014-05-20 00:00:00","3.0000","36.7500","36.7500","2014-05-19 22:00:00"
"69430","826","6","50","2014-05-04 00:00:00","2014-05-15 00:00:00","2014-05-04 00:00:00","2014-05-20 00:00:00","3.0000","36.7500","36.7500","2014-05-19 22:00:00"
"69431","827","6","50","2014-05-04 00:00:00","2014-05-15 00:00:00","2014-05-04 00:00:00","2014-05-20 00:00:00","3.0000","36.7500","36.7500","2014-05-19 22:00:00"
"69432","828","6","50","2014-05-04 00:00:00","2014-05-15 00:00:00","2014-05-04 00:00:00","2014-05-20 00:00:00","3.0000","36.7500","36.7500","2014-05-19 22:00:00"
"69433","829","6","50","2014-05-04 00:00:00","2014-05-15 00:00:00","2014-05-04 00:00:00","2014-05-20 00:00:00","3.0000","36.7500","36.7500","2014-05-19 22:00:00"
"69450","894","6","50","2014-05-04 00:00:00","2014-05-15 00:00:00","2014-05-04 00:00:00","2014-05-20 00:00:00","3.0000","36.7500","36.7500","2014-05-19 22:00:00"
"69471","942","1","10","2014-05-04 00:00:00","2014-05-15 00:00:00","2014-05-04 00:00:00","2014-05-20 00:00:00","4.1000","92.2500","92.2500","2014-05-19 22:00:00"
"69471","942","2","20","2014-05-04 00:00:00","2014-05-15 00:00:00","2014-05-04 00:00:00","2014-05-20 00:00:00","3.5000","87.5000","87.5000","2014-05-19 22:00:00"
"69471","942","3","30","2014-05-04 00:00:00","2014-05-15 00:00:00","2014-05-04 00:00:00","2014-05-20 00:00:00","1.0000","14.5000","14.5000","2014-05-19 22:00:00"
"69471","942","5","45","2014-05-04 00:00:00","2014-05-15 00:00:00","2014-05-04 00:00:00","2014-05-20 00:00:00","2.0000","36.0000","36.0000","2014-05-19 22:00:00"
"69471","942","6","50","2014-05-04 00:00:00","2014-05-15 00:00:00","2014-05-04 00:00:00","2014-05-20 00:00:00","3.0000","36.7500","36.7500","2014-05-19 22:00:00"
"69471","942","7","60","2014-05-04 00:00:00","2014-05-15 00:00:00","2014-05-04 00:00:00","2014-05-20 00:00:00","4.0000","49.0000","49.0000","2014-05-19 22:00:00"
"69472","943","1","10","2014-05-04 00:00:00","2014-05-15 00:00:00","2014-05-04 00:00:00","2014-05-20 00:00:00","4.1000","92.2500","92.2500","2014-05-19 22:00:00"
"69472","943","2","20","2014-05-04 00:00:00","2014-05-15 00:00:00","2014-05-04 00:00:00","2014-05-20 00:00:00","3.5000","87.5000","87.5000","2014-05-19 22:00:00"
"69472","943","3","30","2014-05-04 00:00:00","2014-05-15 00:00:00","2014-05-04 00:00:00","2014-05-20 00:00:00","1.0000","14.5000","14.5000","2014-05-19 22:00:00"
"69472","943","4","40","2014-05-04 00:00:00","2014-05-15 00:00:00","2014-05-04 00:00:00","2014-05-20 00:00:00","2.0000","31.5000","31.5000","2014-05-19 22:00:00"
"69472","943","6","50","2014-05-04 00:00:00","2014-05-15 00:00:00","2014-05-04 00:00:00","2014-05-20 00:00:00","3.0000","36.7500","36.7500","2014-05-19 22:00:00"
"69472","943","7","60","2014-05-04 00:00:00","2014-05-15 00:00:00","2014-05-04 00:00:00","2014-05-20 00:00:00","4.0000","49.0000","49.0000","2014-05-19 22:00:00"
"69473","944","1","10","2014-05-04 00:00:00","2014-05-15 00:00:00","2014-05-04 00:00:00","2014-05-20 00:00:00","4.1000","92.2500","92.2500","2014-05-19 22:00:00"
"69473","944","2","20","2014-05-04 00:00:00","2014-05-15 00:00:00","2014-05-04 00:00:00","2014-05-20 00:00:00","3.5000","87.5000","87.5000","2014-05-19 22:00:00"
"69473","944","3","30","2014-05-04 00:00:00","2014-05-15 00:00:00","2014-05-04 00:00:00","2014-05-20 00:00:00","1.0000","14.5000","14.5000","2014-05-19 22:00:00"
"69473","944","5","45","2014-05-04 00:00:00","2014-05-15 00:00:00","2014-05-04 00:00:00","2014-05-20 00:00:00","2.0000","36.0000","36.0000","2014-05-19 22:00:00"
"69473","944","6","50","2014-05-04 00:00:00","2014-05-15 00:00:00","2014-05-04 00:00:00","2014-05-20 00:00:00","3.0000","36.7500","36.7500","2014-05-19 22:00:00"
"69473","944","7","60","2014-05-04 00:00:00","2014-05-15 00:00:00","2014-05-04 00:00:00","2014-05-20 00:00:00","4.0000","49.0000","49.0000","2014-05-19 22:00:00"
"69474","945","1","10","2014-05-04 00:00:00","2014-05-15 00:00:00","2014-05-04 00:00:00","2014-05-20 00:00:00","4.1000","92.2500","92.2500","2014-05-19 22:00:00"
"69474","945","6","50","2014-05-04 00:00:00","2014-05-15 00:00:00","2014-05-04 00:00:00","2014-05-20 00:00:00","3.0000","36.7500","36.7500","2014-05-19 22:00:00"
"69475","946","1","10","2014-05-04 00:00:00","2014-05-15 00:00:00","2014-05-04 00:00:00","2014-05-20 00:00:00","4.1000","92.2500","92.2500","2014-05-19 22:00:00"
"69475","946","2","20","2014-05-04 00:00:00","2014-05-15 00:00:00","2014-05-04 00:00:00","2014-05-20 00:00:00","3.5000","87.5000","87.5000","2014-05-19 22:00:00"
"69475","946","6","50","2014-05-04 00:00:00","2014-05-15 00:00:00","2014-05-04 00:00:00","2014-05-20 00:00:00","3.0000","36.7500","36.7500","2014-05-19 22:00:00"
"69476","947","1","10","2014-05-04 00:00:00","2014-05-15 00:00:00","2014-05-04 00:00:00","2014-05-20 00:00:00","4.1000","92.2500","92.2500","2014-05-19 22:00:00"
"69476","947","2","20","2014-05-04 00:00:00","2014-05-15 00:00:00","2014-05-04 00:00:00","2014-05-20 00:00:00","3.5000","87.5000","87.5000","2014-05-19 22:00:00"
"69476","947","6","50","2014-05-04 00:00:00","2014-05-15 00:00:00","2014-05-04 00:00:00","2014-05-20 00:00:00","3.0000","36.7500","36.7500","2014-05-19 22:00:00"
"69477","949","6","50","2014-05-04 00:00:00","2014-05-15 00:00:00","2014-05-04 00:00:00","2014-05-20 00:00:00","3.0000","36.7500","36.7500","2014-05-19 22:00:00"
"69478","950","6","50","2014-05-04 00:00:00","2014-05-15 00:00:00","2014-05-04 00:00:00","2014-05-20 00:00:00","3.0000","36.7500","36.7500","2014-05-19 22:00:00"
"69479","951","6","50","2014-05-04 00:00:00","2014-05-15 00:00:00","2014-05-04 00:00:00","2014-05-20 00:00:00","3.0000","36.7500","36.7500","2014-05-19 22:00:00"
"69480","994","6","50","2014-05-04 00:00:00","2014-05-15 00:00:00","2014-05-04 00:00:00","2014-05-20 00:00:00","3.0000","36.7500","36.7500","2014-05-19 22:00:00"
"69481","995","6","50","2014-05-04 00:00:00","2014-05-15 00:00:00","2014-05-04 00:00:00","2014-05-20 00:00:00","3.0000","36.7500","36.7500","2014-05-19 22:00:00"
"69482","996","6","50","2014-05-04 00:00:00","2014-05-15 00:00:00","2014-05-04 00:00:00","2014-05-20 00:00:00","3.0000","36.7500","36.7500","2014-05-19 22:00:00"
"69497","802","1","10","2014-05-04 00:00:00","2014-05-15 00:00:00","2014-05-04 00:00:00","2014-05-20 00:00:00","4.1000","92.2500","92.2500","2014-05-19 22:00:00"
"69497","802","6","50","2014-05-04 00:00:00","2014-05-15 00:00:00","2014-05-04 00:00:00","2014-05-20 00:00:00","3.0000","36.7500","36.7500","2014-05-19 22:00:00"
"69498","803","1","10","2014-05-04 00:00:00","2014-05-15 00:00:00","2014-05-04 00:00:00","2014-05-20 00:00:00","4.1000","92.2500","92.2500","2014-05-19 22:00:00"
"69498","803","6","50","2014-05-04 00:00:00","2014-05-15 00:00:00","2014-05-04 00:00:00","2014-05-20 00:00:00","3.0000","36.7500","36.7500","2014-05-19 22:00:00"
"69499","804","1","10","2014-05-04 00:00:00","2014-05-15 00:00:00","2014-05-04 00:00:00","2014-05-20 00:00:00","4.1000","92.2500","92.2500","2014-05-19 22:00:00"
"69499","804","6","50","2014-05-04 00:00:00","2014-05-15 00:00:00","2014-05-04 00:00:00","2014-05-20 00:00:00","3.0000","36.7500","36.7500","2014-05-19 22:00:00"
"69504","779","7","60","2014-05-05 00:00:00","2014-05-16 00:00:00","2014-05-10 00:00:00","2014-05-16 00:00:00","4.0000","49.0000","49.0000","2014-05-15 22:00:00"
"69505","780","7","60","2014-05-05 00:00:00","2014-05-16 00:00:00","2014-05-10 00:00:00","2014-05-16 00:00:00","4.0000","49.0000","49.0000","2014-05-15 22:00:00"
"69506","781","7","60","2014-05-05 00:00:00","2014-05-16 00:00:00","2014-05-10 00:00:00","2014-05-16 00:00:00","4.0000","49.0000","49.0000","2014-05-15 22:00:00"
"69507","783","7","60","2014-05-05 00:00:00","2014-05-16 00:00:00","2014-05-10 00:00:00","2014-05-16 00:00:00","4.0000","49.0000","49.0000","2014-05-15 22:00:00"
"69508","792","7","60","2014-05-05 00:00:00","2014-05-16 00:00:00","2014-05-10 00:00:00","2014-05-16 00:00:00","4.0000","49.0000","49.0000","2014-05-15 22:00:00"
"69509","794","7","60","2014-05-05 00:00:00","2014-05-16 00:00:00","2014-05-10 00:00:00","2014-05-16 00:00:00","4.0000","49.0000","49.0000","2014-05-15 22:00:00"
"69510","799","7","60","2014-05-05 00:00:00","2014-05-16 00:00:00","2014-05-10 00:00:00","2014-05-16 00:00:00","4.0000","49.0000","49.0000","2014-05-15 22:00:00"
"69511","960","7","60","2014-05-05 00:00:00","2014-05-16 00:00:00","2014-05-10 00:00:00","2014-05-16 00:00:00","4.0000","49.0000","49.0000","2014-05-15 22:00:00"
"69512","964","7","60","2014-05-05 00:00:00","2014-05-16 00:00:00","2014-05-10 00:00:00","2014-05-16 00:00:00","4.0000","49.0000","49.0000","2014-05-15 22:00:00"
"69513","971","7","60","2014-05-05 00:00:00","2014-05-16 00:00:00","2014-05-10 00:00:00","2014-05-16 00:00:00","4.0000","49.0000","49.0000","2014-05-15 22:00:00"
"69514","973","7","60","2014-05-05 00:00:00","2014-05-16 00:00:00","2014-05-10 00:00:00","2014-05-16 00:00:00","4.0000","49.0000","49.0000","2014-05-15 22:00:00"
"69515","975","7","60","2014-05-05 00:00:00","2014-05-16 00:00:00","2014-05-10 00:00:00","2014-05-16 00:00:00","4.0000","49.0000","49.0000","2014-05-15 22:00:00"
"69516","976","7","60","2014-05-05 00:00:00","2014-05-16 00:00:00","2014-05-10 00:00:00","2014-05-16 00:00:00","4.0000","49.0000","49.0000","2014-05-15 22:00:00"
"69517","977","7","60","2014-05-05 00:00:00","2014-05-16 00:00:00","2014-05-10 00:00:00","2014-05-16 00:00:00","4.0000","49.0000","49.0000","2014-05-15 22:00:00"
"69518","980","7","60","2014-05-05 00:00:00","2014-05-16 00:00:00","2014-05-10 00:00:00","2014-05-16 00:00:00","4.0000","49.0000","49.0000","2014-05-15 22:00:00"
"69519","981","7","60","2014-05-05 00:00:00","2014-05-16 00:00:00","2014-05-10 00:00:00","2014-05-16 00:00:00","4.0000","49.0000","49.0000","2014-05-15 22:00:00"
"69520","982","7","60","2014-05-05 00:00:00","2014-05-16 00:00:00","2014-05-10 00:00:00","2014-05-16 00:00:00","4.0000","49.0000","49.0000","2014-05-15 22:00:00"
"69521","984","7","60","2014-05-05 00:00:00","2014-05-16 00:00:00","2014-05-10 00:00:00","2014-05-16 00:00:00","4.0000","49.0000","49.0000","2014-05-15 22:00:00"
"69522","992","7","60","2014-05-05 00:00:00","2014-05-16 00:00:00","2014-05-10 00:00:00","2014-05-16 00:00:00","4.0000","49.0000","49.0000","2014-05-15 22:00:00"
"69523","997","7","60","2014-05-05 00:00:00","2014-05-16 00:00:00","2014-05-10 00:00:00","2014-05-16 00:00:00","4.0000","49.0000","49.0000","2014-05-15 22:00:00"
"69524","998","7","60","2014-05-05 00:00:00","2014-05-16 00:00:00","2014-05-10 00:00:00","2014-05-16 00:00:00","4.0000","49.0000","49.0000","2014-05-15 22:00:00"
"69525","514","6","50","2014-05-05 00:00:00","2014-05-16 00:00:00","2014-05-10 00:00:00","2014-05-16 00:00:00","3.0000","36.7500","36.7500","2014-05-15 22:00:00"
"69525","514","7","60","2014-05-05 00:00:00","2014-05-16 00:00:00","2014-05-10 00:00:00","2014-05-16 00:00:00","4.0000","49.0000","49.0000","2014-05-15 22:00:00"
"69526","516","6","50","2014-05-05 00:00:00","2014-05-16 00:00:00","2014-05-10 00:00:00","2014-05-16 00:00:00","3.0000","36.7500","36.7500","2014-05-15 22:00:00"
"69526","516","7","60","2014-05-05 00:00:00","2014-05-16 00:00:00","2014-05-10 00:00:00","2014-05-16 00:00:00","4.0000","49.0000","49.0000","2014-05-15 22:00:00"
"69527","517","6","50","2014-05-05 00:00:00","2014-05-16 00:00:00","2014-05-10 00:00:00","2014-05-16 00:00:00","3.0000","36.7500","36.7500","2014-05-15 22:00:00"
"69527","517","7","60","2014-05-05 00:00:00","2014-05-16 00:00:00","2014-05-10 00:00:00","2014-05-16 00:00:00","4.0000","49.0000","49.0000","2014-05-15 22:00:00"
"69528","518","6","50","2014-05-05 00:00:00","2014-05-16 00:00:00","2014-05-10 00:00:00","2014-05-16 00:00:00","3.0000","36.7500","36.7500","2014-05-15 22:00:00"
"69528","518","7","60","2014-05-05 00:00:00","2014-05-16 00:00:00","2014-05-10 00:00:00","2014-05-16 00:00:00","4.0000","49.0000","49.0000","2014-05-15 22:00:00"
"69529","519","6","50","2014-05-05 00:00:00","2014-05-16 00:00:00","2014-05-10 00:00:00","2014-05-16 00:00:00","3.0000","36.7500","36.7500","2014-05-15 22:00:00"
"69529","519","7","60","2014-05-05 00:00:00","2014-05-16 00:00:00","2014-05-10 00:00:00","2014-05-16 00:00:00","4.0000","49.0000","49.0000","2014-05-15 22:00:00"
"69530","520","6","50","2014-05-05 00:00:00","2014-05-16 00:00:00","2014-05-10 00:00:00","2014-05-16 00:00:00","3.0000","36.7500","36.7500","2014-05-15 22:00:00"
"69530","520","7","60","2014-05-05 00:00:00","2014-05-16 00:00:00","2014-05-10 00:00:00","2014-05-16 00:00:00","4.0000","49.0000","49.0000","2014-05-15 22:00:00"
"69531","521","6","50","2014-05-05 00:00:00","2014-05-16 00:00:00","2014-05-10 00:00:00","2014-05-16 00:00:00","3.0000","36.7500","36.7500","2014-05-15 22:00:00"
"69531","521","7","60","2014-05-05 00:00:00","2014-05-16 00:00:00","2014-05-10 00:00:00","2014-05-16 00:00:00","4.0000","49.0000","49.0000","2014-05-15 22:00:00"
"69539","748","1","10","2014-05-05 00:00:00","2014-05-16 00:00:00","2014-05-10 00:00:00","2014-05-16 00:00:00","4.1000","92.2500","92.2500","2014-05-15 22:00:00"
"69539","748","2","20","2014-05-05 00:00:00","2014-05-16 00:00:00","2014-05-10 00:00:00","2014-05-16 00:00:00","3.5000","87.5000","87.5000","2014-05-15 22:00:00"
"69539","748","3","30","2014-05-05 00:00:00","2014-05-16 00:00:00","2014-05-10 00:00:00","2014-05-16 00:00:00","1.0000","14.5000","14.5000","2014-05-15 22:00:00"
"69539","748","5","45","2014-05-05 00:00:00","2014-05-16 00:00:00","2014-05-10 00:00:00","2014-05-16 00:00:00","2.0000","36.0000","36.0000","2014-05-15 22:00:00"
"69539","748","6","50","2014-05-05 00:00:00","2014-05-16 00:00:00","2014-05-10 00:00:00","2014-05-16 00:00:00","3.0000","36.7500","36.7500","2014-05-15 22:00:00"
"69539","748","7","60","2014-05-05 00:00:00","2014-05-16 00:00:00","2014-05-10 00:00:00","2014-05-16 00:00:00","4.0000","49.0000","49.0000","2014-05-15 22:00:00"
"69540","805","6","50","2014-05-05 00:00:00","2014-05-16 00:00:00","2014-05-10 00:00:00","2014-05-16 00:00:00","3.0000","36.7500","36.7500","2014-05-15 22:00:00"
"69541","806","6","50","2014-05-05 00:00:00","2014-05-16 00:00:00","2014-05-10 00:00:00","2014-05-16 00:00:00","3.0000","36.7500","36.7500","2014-05-15 22:00:00"
"69542","808","1","10","2014-05-05 00:00:00","2014-05-16 00:00:00","2014-05-10 00:00:00","2014-05-16 00:00:00","4.1000","92.2500","92.2500","2014-05-15 22:00:00"
"69542","808","2","20","2014-05-05 00:00:00","2014-05-16 00:00:00","2014-05-10 00:00:00","2014-05-16 00:00:00","3.5000","87.5000","87.5000","2014-05-15 22:00:00"
"69542","808","6","50","2014-05-05 00:00:00","2014-05-16 00:00:00","2014-05-10 00:00:00","2014-05-16 00:00:00","3.0000","36.7500","36.7500","2014-05-15 22:00:00"
"69543","810","1","10","2014-05-05 00:00:00","2014-05-16 00:00:00","2014-05-10 00:00:00","2014-05-16 00:00:00","4.1000","92.2500","92.2500","2014-05-15 22:00:00"
"69543","810","2","20","2014-05-05 00:00:00","2014-05-16 00:00:00","2014-05-10 00:00:00","2014-05-16 00:00:00","3.5000","87.5000","87.5000","2014-05-15 22:00:00"
"69543","810","6","50","2014-05-05 00:00:00","2014-05-16 00:00:00","2014-05-10 00:00:00","2014-05-16 00:00:00","3.0000","36.7500","36.7500","2014-05-15 22:00:00"
"69544","811","1","10","2014-05-05 00:00:00","2014-05-16 00:00:00","2014-05-10 00:00:00","2014-05-16 00:00:00","4.1000","92.2500","92.2500","2014-05-15 22:00:00"
"69544","811","2","20","2014-05-05 00:00:00","2014-05-16 00:00:00","2014-05-10 00:00:00","2014-05-16 00:00:00","3.5000","87.5000","87.5000","2014-05-15 22:00:00"
"69544","811","6","50","2014-05-05 00:00:00","2014-05-16 00:00:00","2014-05-10 00:00:00","2014-05-16 00:00:00","3.0000","36.7500","36.7500","2014-05-15 22:00:00"
"69545","812","1","10","2014-05-05 00:00:00","2014-05-16 00:00:00","2014-05-10 00:00:00","2014-05-16 00:00:00","4.1000","92.2500","92.2500","2014-05-15 22:00:00"
"69545","812","2","20","2014-05-05 00:00:00","2014-05-16 00:00:00","2014-05-10 00:00:00","2014-05-16 00:00:00","3.5000","87.5000","87.5000","2014-05-15 22:00:00"
"69545","812","6","50","2014-05-05 00:00:00","2014-05-16 00:00:00","2014-05-10 00:00:00","2014-05-16 00:00:00","3.0000","36.7500","36.7500","2014-05-15 22:00:00"
"69546","813","1","10","2014-05-05 00:00:00","2014-05-16 00:00:00","2014-05-10 00:00:00","2014-05-16 00:00:00","4.1000","92.2500","92.2500","2014-05-15 22:00:00"
"69546","813","2","20","2014-05-05 00:00:00","2014-05-16 00:00:00","2014-05-10 00:00:00","2014-05-16 00:00:00","3.5000","87.5000","87.5000","2014-05-15 22:00:00"
"69546","813","6","50","2014-05-05 00:00:00","2014-05-16 00:00:00","2014-05-10 00:00:00","2014-05-16 00:00:00","3.0000","36.7500","36.7500","2014-05-15 22:00:00"
"69547","815","6","50","2014-05-05 00:00:00","2014-05-16 00:00:00","2014-05-10 00:00:00","2014-05-16 00:00:00","3.0000","36.7500","36.7500","2014-05-15 22:00:00"
"69548","816","6","50","2014-05-05 00:00:00","2014-05-16 00:00:00","2014-05-10 00:00:00","2014-05-16 00:00:00","3.0000","36.7500","36.7500","2014-05-15 22:00:00"
"69549","818","6","50","2014-05-05 00:00:00","2014-05-16 00:00:00","2014-05-10 00:00:00","2014-05-16 00:00:00","3.0000","36.7500","36.7500","2014-05-15 22:00:00"
"69550","819","6","50","2014-05-05 00:00:00","2014-05-16 00:00:00","2014-05-10 00:00:00","2014-05-16 00:00:00","3.0000","36.7500","36.7500","2014-05-15 22:00:00"
"69551","820","6","50","2014-05-05 00:00:00","2014-05-16 00:00:00","2014-05-10 00:00:00","2014-05-16 00:00:00","3.0000","36.7500","36.7500","2014-05-15 22:00:00"
"69552","821","6","50","2014-05-05 00:00:00","2014-05-16 00:00:00","2014-05-10 00:00:00","2014-05-16 00:00:00","3.0000","36.7500","36.7500","2014-05-15 22:00:00"
"69553","823","6","50","2014-05-05 00:00:00","2014-05-16 00:00:00","2014-05-10 00:00:00","2014-05-16 00:00:00","3.0000","36.7500","36.7500","2014-05-15 22:00:00"
"69554","824","6","50","2014-05-05 00:00:00","2014-05-16 00:00:00","2014-05-10 00:00:00","2014-05-16 00:00:00","3.0000","36.7500","36.7500","2014-05-15 22:00:00"
"69555","826","6","50","2014-05-05 00:00:00","2014-05-16 00:00:00","2014-05-10 00:00:00","2014-05-16 00:00:00","3.0000","36.7500","36.7500","2014-05-15 22:00:00"
"69556","827","6","50","2014-05-05 00:00:00","2014-05-16 00:00:00","2014-05-10 00:00:00","2014-05-16 00:00:00","3.0000","36.7500","36.7500","2014-05-15 22:00:00"
"69557","828","6","50","2014-05-05 00:00:00","2014-05-16 00:00:00","2014-05-10 00:00:00","2014-05-16 00:00:00","3.0000","36.7500","36.7500","2014-05-15 22:00:00"
"69558","829","6","50","2014-05-05 00:00:00","2014-05-16 00:00:00","2014-05-10 00:00:00","2014-05-16 00:00:00","3.0000","36.7500","36.7500","2014-05-15 22:00:00"
"69565","894","6","50","2014-05-05 00:00:00","2014-05-16 00:00:00","2014-05-10 00:00:00","2014-05-16 00:00:00","3.0000","36.7500","36.7500","2014-05-15 22:00:00"
"69571","942","1","10","2014-05-05 00:00:00","2014-05-16 00:00:00","2014-05-10 00:00:00","2014-05-16 00:00:00","4.1000","92.2500","92.2500","2014-05-15 22:00:00"
"69571","942","2","20","2014-05-05 00:00:00","2014-05-16 00:00:00","2014-05-10 00:00:00","2014-05-16 00:00:00","3.5000","87.5000","87.5000","2014-05-15 22:00:00"
"69571","942","3","30","2014-05-05 00:00:00","2014-05-16 00:00:00","2014-05-10 00:00:00","2014-05-16 00:00:00","1.0000","14.5000","14.5000","2014-05-15 22:00:00"
"69571","942","5","45","2014-05-05 00:00:00","2014-05-16 00:00:00","2014-05-10 00:00:00","2014-05-16 00:00:00","2.0000","36.0000","36.0000","2014-05-15 22:00:00"
"69571","942","6","50","2014-05-05 00:00:00","2014-05-16 00:00:00","2014-05-10 00:00:00","2014-05-16 00:00:00","3.0000","36.7500","36.7500","2014-05-15 22:00:00"
"69571","942","7","60","2014-05-05 00:00:00","2014-05-16 00:00:00","2014-05-10 00:00:00","2014-05-16 00:00:00","4.0000","49.0000","49.0000","2014-05-15 22:00:00"
"69572","944","1","10","2014-05-05 00:00:00","2014-05-16 00:00:00","2014-05-10 00:00:00","2014-05-16 00:00:00","4.1000","92.2500","92.2500","2014-05-15 22:00:00"
"69572","944","2","20","2014-05-05 00:00:00","2014-05-16 00:00:00","2014-05-10 00:00:00","2014-05-16 00:00:00","3.5000","87.5000","87.5000","2014-05-15 22:00:00"
"69572","944","3","30","2014-05-05 00:00:00","2014-05-16 00:00:00","2014-05-10 00:00:00","2014-05-16 00:00:00","1.0000","14.5000","14.5000","2014-05-15 22:00:00"
"69572","944","5","45","2014-05-05 00:00:00","2014-05-16 00:00:00","2014-05-10 00:00:00","2014-05-16 00:00:00","2.0000","36.0000","36.0000","2014-05-15 22:00:00"
"69572","944","6","50","2014-05-05 00:00:00","2014-05-16 00:00:00","2014-05-10 00:00:00","2014-05-16 00:00:00","3.0000","36.7500","36.7500","2014-05-15 22:00:00"
"69572","944","7","60","2014-05-05 00:00:00","2014-05-16 00:00:00","2014-05-10 00:00:00","2014-05-16 00:00:00","4.0000","49.0000","49.0000","2014-05-15 22:00:00"
"69573","945","1","10","2014-05-05 00:00:00","2014-05-16 00:00:00","2014-05-10 00:00:00","2014-05-16 00:00:00","4.1000","92.2500","92.2500","2014-05-15 22:00:00"
"69573","945","6","50","2014-05-05 00:00:00","2014-05-16 00:00:00","2014-05-10 00:00:00","2014-05-16 00:00:00","3.0000","36.7500","36.7500","2014-05-15 22:00:00"
"69574","946","1","10","2014-05-05 00:00:00","2014-05-16 00:00:00","2014-05-10 00:00:00","2014-05-16 00:00:00","4.1000","92.2500","92.2500","2014-05-15 22:00:00"
"69574","946","2","20","2014-05-05 00:00:00","2014-05-16 00:00:00","2014-05-10 00:00:00","2014-05-16 00:00:00","3.5000","87.5000","87.5000","2014-05-15 22:00:00"
"69574","946","6","50","2014-05-05 00:00:00","2014-05-16 00:00:00","2014-05-10 00:00:00","2014-05-16 00:00:00","3.0000","36.7500","36.7500","2014-05-15 22:00:00"
"69575","947","1","10","2014-05-05 00:00:00","2014-05-16 00:00:00","2014-05-10 00:00:00","2014-05-16 00:00:00","4.1000","92.2500","92.2500","2014-05-15 22:00:00"
"69575","947","2","20","2014-05-05 00:00:00","2014-05-16 00:00:00","2014-05-10 00:00:00","2014-05-16 00:00:00","3.5000","87.5000","87.5000","2014-05-15 22:00:00"
"69575","947","6","50","2014-05-05 00:00:00","2014-05-16 00:00:00","2014-05-10 00:00:00","2014-05-16 00:00:00","3.0000","36.7500","36.7500","2014-05-15 22:00:00"
"69576","949","6","50","2014-05-05 00:00:00","2014-05-16 00:00:00","2014-05-10 00:00:00","2014-05-16 00:00:00","3.0000","36.7500","36.7500","2014-05-15 22:00:00"
"69577","950","6","50","2014-05-05 00:00:00","2014-05-16 00:00:00","2014-05-10 00:00:00","2014-05-16 00:00:00","3.0000","36.7500","36.7500","2014-05-15 22:00:00"
"69578","994","6","50","2014-05-05 00:00:00","2014-05-16 00:00:00","2014-05-10 00:00:00","2014-05-16 00:00:00","3.0000","36.7500","36.7500","2014-05-15 22:00:00"
"69579","995","6","50","2014-05-05 00:00:00","2014-05-16 00:00:00","2014-05-10 00:00:00","2014-05-16 00:00:00","3.0000","36.7500","36.7500","2014-05-15 22:00:00"
"69580","996","6","50","2014-05-05 00:00:00","2014-05-16 00:00:00","2014-05-10 00:00:00","2014-05-16 00:00:00","3.0000","36.7500","36.7500","2014-05-15 22:00:00"
"69595","802","1","10","2014-05-05 00:00:00","2014-05-16 00:00:00","2014-05-10 00:00:00","2014-05-16 00:00:00","4.1000","92.2500","92.2500","2014-05-15 22:00:00"
"69595","802","6","50","2014-05-05 00:00:00","2014-05-16 00:00:00","2014-05-10 00:00:00","2014-05-16 00:00:00","3.0000","36.7500","36.7500","2014-05-15 22:00:00"
"69596","803","1","10","2014-05-05 00:00:00","2014-05-16 00:00:00","2014-05-10 00:00:00","2014-05-16 00:00:00","4.1000","92.2500","92.2500","2014-05-15 22:00:00"
"69596","803","6","50","2014-05-05 00:00:00","2014-05-16 00:00:00","2014-05-10 00:00:00","2014-05-16 00:00:00","3.0000","36.7500","36.7500","2014-05-15 22:00:00"
"69597","804","1","10","2014-05-05 00:00:00","2014-05-16 00:00:00","2014-05-10 00:00:00","2014-05-16 00:00:00","4.1000","92.2500","92.2500","2014-05-15 22:00:00"
"69597","804","6","50","2014-05-05 00:00:00","2014-05-16 00:00:00","2014-05-10 00:00:00","2014-05-16 00:00:00","3.0000","36.7500","36.7500","2014-05-15 22:00:00"
"69602","779","7","60","2014-05-06 00:00:00","2014-05-17 00:00:00","2014-05-06 00:00:00","2014-05-24 00:00:00","4.0000","49.0000","49.0000","2014-05-23 22:00:00"
"69603","780","7","60","2014-05-06 00:00:00","2014-05-17 00:00:00","2014-05-06 00:00:00","2014-05-24 00:00:00","4.0000","49.0000","49.0000","2014-05-23 22:00:00"
"69604","781","7","60","2014-05-06 00:00:00","2014-05-17 00:00:00","2014-05-06 00:00:00","2014-05-24 00:00:00","4.0000","49.0000","49.0000","2014-05-23 22:00:00"
"69605","783","7","60","2014-05-06 00:00:00","2014-05-17 00:00:00","2014-05-06 00:00:00","2014-05-24 00:00:00","4.0000","49.0000","49.0000","2014-05-23 22:00:00"
"69606","797","7","60","2014-05-06 00:00:00","2014-05-17 00:00:00","2014-05-06 00:00:00","2014-05-24 00:00:00","4.0000","49.0000","49.0000","2014-05-23 22:00:00"
"69607","798","7","60","2014-05-06 00:00:00","2014-05-17 00:00:00","2014-05-06 00:00:00","2014-05-24 00:00:00","4.0000","49.0000","49.0000","2014-05-23 22:00:00"
"69608","799","7","60","2014-05-06 00:00:00","2014-05-17 00:00:00","2014-05-06 00:00:00","2014-05-24 00:00:00","4.0000","49.0000","49.0000","2014-05-23 22:00:00"
"69609","800","7","60","2014-05-06 00:00:00","2014-05-17 00:00:00","2014-05-06 00:00:00","2014-05-24 00:00:00","4.0000","49.0000","49.0000","2014-05-23 22:00:00"
"69610","953","7","60","2014-05-06 00:00:00","2014-05-17 00:00:00","2014-05-06 00:00:00","2014-05-24 00:00:00","4.0000","49.0000","49.0000","2014-05-23 22:00:00"
"69611","954","7","60","2014-05-06 00:00:00","2014-05-17 00:00:00","2014-05-06 00:00:00","2014-05-24 00:00:00","4.0000","49.0000","49.0000","2014-05-23 22:00:00"
"69612","960","7","60","2014-05-06 00:00:00","2014-05-17 00:00:00","2014-05-06 00:00:00","2014-05-24 00:00:00","4.0000","49.0000","49.0000","2014-05-23 22:00:00"
"69613","963","7","60","2014-05-06 00:00:00","2014-05-17 00:00:00","2014-05-06 00:00:00","2014-05-24 00:00:00","4.0000","49.0000","49.0000","2014-05-23 22:00:00"
"69614","966","7","60","2014-05-06 00:00:00","2014-05-17 00:00:00","2014-05-06 00:00:00","2014-05-24 00:00:00","4.0000","49.0000","49.0000","2014-05-23 22:00:00"
"69615","973","7","60","2014-05-06 00:00:00","2014-05-17 00:00:00","2014-05-06 00:00:00","2014-05-24 00:00:00","4.0000","49.0000","49.0000","2014-05-23 22:00:00"
"69616","974","7","60","2014-05-06 00:00:00","2014-05-17 00:00:00","2014-05-06 00:00:00","2014-05-24 00:00:00","4.0000","49.0000","49.0000","2014-05-23 22:00:00"
"69617","977","7","60","2014-05-06 00:00:00","2014-05-17 00:00:00","2014-05-06 00:00:00","2014-05-24 00:00:00","4.0000","49.0000","49.0000","2014-05-23 22:00:00"
"69618","978","7","60","2014-05-06 00:00:00","2014-05-17 00:00:00","2014-05-06 00:00:00","2014-05-24 00:00:00","4.0000","49.0000","49.0000","2014-05-23 22:00:00"
"69619","980","7","60","2014-05-06 00:00:00","2014-05-17 00:00:00","2014-05-06 00:00:00","2014-05-24 00:00:00","4.0000","49.0000","49.0000","2014-05-23 22:00:00"
"69620","982","7","60","2014-05-06 00:00:00","2014-05-17 00:00:00","2014-05-06 00:00:00","2014-05-24 00:00:00","4.0000","49.0000","49.0000","2014-05-23 22:00:00"
"69621","985","7","60","2014-05-06 00:00:00","2014-05-17 00:00:00","2014-05-06 00:00:00","2014-05-24 00:00:00","4.0000","49.0000","49.0000","2014-05-23 22:00:00"
"69622","992","7","60","2014-05-06 00:00:00","2014-05-17 00:00:00","2014-05-06 00:00:00","2014-05-24 00:00:00","4.0000","49.0000","49.0000","2014-05-23 22:00:00"
"69623","997","7","60","2014-05-06 00:00:00","2014-05-17 00:00:00","2014-05-06 00:00:00","2014-05-24 00:00:00","4.0000","49.0000","49.0000","2014-05-23 22:00:00"
"69624","998","7","60","2014-05-06 00:00:00","2014-05-17 00:00:00","2014-05-06 00:00:00","2014-05-24 00:00:00","4.0000","49.0000","49.0000","2014-05-23 22:00:00"
"69625","999","7","60","2014-05-06 00:00:00","2014-05-17 00:00:00","2014-05-06 00:00:00","2014-05-24 00:00:00","4.0000","49.0000","49.0000","2014-05-23 22:00:00"
"69626","514","6","50","2014-05-06 00:00:00","2014-05-17 00:00:00","2014-05-06 00:00:00","2014-05-24 00:00:00","3.0000","36.7500","36.7500","2014-05-23 22:00:00"
"69626","514","7","60","2014-05-06 00:00:00","2014-05-17 00:00:00","2014-05-06 00:00:00","2014-05-24 00:00:00","4.0000","49.0000","49.0000","2014-05-23 22:00:00"
"69627","516","6","50","2014-05-06 00:00:00","2014-05-17 00:00:00","2014-05-06 00:00:00","2014-05-24 00:00:00","3.0000","36.7500","36.7500","2014-05-23 22:00:00"
"69627","516","7","60","2014-05-06 00:00:00","2014-05-17 00:00:00","2014-05-06 00:00:00","2014-05-24 00:00:00","4.0000","49.0000","49.0000","2014-05-23 22:00:00"
"69628","517","6","50","2014-05-06 00:00:00","2014-05-17 00:00:00","2014-05-06 00:00:00","2014-05-24 00:00:00","3.0000","36.7500","36.7500","2014-05-23 22:00:00"
"69628","517","7","60","2014-05-06 00:00:00","2014-05-17 00:00:00","2014-05-06 00:00:00","2014-05-24 00:00:00","4.0000","49.0000","49.0000","2014-05-23 22:00:00"
"69629","518","6","50","2014-05-06 00:00:00","2014-05-17 00:00:00","2014-05-06 00:00:00","2014-05-24 00:00:00","3.0000","36.7500","36.7500","2014-05-23 22:00:00"
"69629","518","7","60","2014-05-06 00:00:00","2014-05-17 00:00:00","2014-05-06 00:00:00","2014-05-24 00:00:00","4.0000","49.0000","49.0000","2014-05-23 22:00:00"
"69630","520","6","50","2014-05-06 00:00:00","2014-05-17 00:00:00","2014-05-06 00:00:00","2014-05-24 00:00:00","3.0000","36.7500","36.7500","2014-05-23 22:00:00"
"69630","520","7","60","2014-05-06 00:00:00","2014-05-17 00:00:00","2014-05-06 00:00:00","2014-05-24 00:00:00","4.0000","49.0000","49.0000","2014-05-23 22:00:00"
"69631","521","6","50","2014-05-06 00:00:00","2014-05-17 00:00:00","2014-05-06 00:00:00","2014-05-24 00:00:00","3.0000","36.7500","36.7500","2014-05-23 22:00:00"
"69631","521","7","60","2014-05-06 00:00:00","2014-05-17 00:00:00","2014-05-06 00:00:00","2014-05-24 00:00:00","4.0000","49.0000","49.0000","2014-05-23 22:00:00"
"69632","522","6","50","2014-05-06 00:00:00","2014-05-17 00:00:00","2014-05-06 00:00:00","2014-05-24 00:00:00","3.0000","36.7500","36.7500","2014-05-23 22:00:00"
"69632","522","7","60","2014-05-06 00:00:00","2014-05-17 00:00:00","2014-05-06 00:00:00","2014-05-24 00:00:00","4.0000","49.0000","49.0000","2014-05-23 22:00:00"
"69640","748","1","10","2014-05-06 00:00:00","2014-05-17 00:00:00","2014-05-06 00:00:00","2014-05-24 00:00:00","4.1000","92.2500","92.2500","2014-05-23 22:00:00"
"69640","748","2","20","2014-05-06 00:00:00","2014-05-17 00:00:00","2014-05-06 00:00:00","2014-05-24 00:00:00","3.5000","87.5000","87.5000","2014-05-23 22:00:00"
"69640","748","3","30","2014-05-06 00:00:00","2014-05-17 00:00:00","2014-05-06 00:00:00","2014-05-24 00:00:00","1.0000","14.5000","14.5000","2014-05-23 22:00:00"
"69640","748","5","45","2014-05-06 00:00:00","2014-05-17 00:00:00","2014-05-06 00:00:00","2014-05-24 00:00:00","2.0000","36.0000","36.0000","2014-05-23 22:00:00"
"69640","748","6","50","2014-05-06 00:00:00","2014-05-17 00:00:00","2014-05-06 00:00:00","2014-05-24 00:00:00","3.0000","36.7500","36.7500","2014-05-23 22:00:00"
"69640","748","7","60","2014-05-06 00:00:00","2014-05-17 00:00:00","2014-05-06 00:00:00","2014-05-24 00:00:00","4.0000","49.0000","49.0000","2014-05-23 22:00:00"
"69641","805","6","50","2014-05-06 00:00:00","2014-05-17 00:00:00","2014-05-06 00:00:00","2014-05-24 00:00:00","3.0000","36.7500","36.7500","2014-05-23 22:00:00"
"69642","806","6","50","2014-05-06 00:00:00","2014-05-17 00:00:00","2014-05-06 00:00:00","2014-05-24 00:00:00","3.0000","36.7500","36.7500","2014-05-23 22:00:00"
"69643","807","6","50","2014-05-06 00:00:00","2014-05-17 00:00:00","2014-05-06 00:00:00","2014-05-24 00:00:00","3.0000","36.7500","36.7500","2014-05-23 22:00:00"
"69644","808","1","10","2014-05-06 00:00:00","2014-05-17 00:00:00","2014-05-06 00:00:00","2014-05-24 00:00:00","4.1000","92.2500","92.2500","2014-05-23 22:00:00"
"69644","808","2","20","2014-05-06 00:00:00","2014-05-17 00:00:00","2014-05-06 00:00:00","2014-05-24 00:00:00","3.5000","87.5000","87.5000","2014-05-23 22:00:00"
"69644","808","6","50","2014-05-06 00:00:00","2014-05-17 00:00:00","2014-05-06 00:00:00","2014-05-24 00:00:00","3.0000","36.7500","36.7500","2014-05-23 22:00:00"
"69645","810","1","10","2014-05-06 00:00:00","2014-05-17 00:00:00","2014-05-06 00:00:00","2014-05-24 00:00:00","4.1000","92.2500","92.2500","2014-05-23 22:00:00"
"69645","810","2","20","2014-05-06 00:00:00","2014-05-17 00:00:00","2014-05-06 00:00:00","2014-05-24 00:00:00","3.5000","87.5000","87.5000","2014-05-23 22:00:00"
"69645","810","6","50","2014-05-06 00:00:00","2014-05-17 00:00:00","2014-05-06 00:00:00","2014-05-24 00:00:00","3.0000","36.7500","36.7500","2014-05-23 22:00:00"
"69646","811","1","10","2014-05-06 00:00:00","2014-05-17 00:00:00","2014-05-06 00:00:00","2014-05-24 00:00:00","4.1000","92.2500","92.2500","2014-05-23 22:00:00"
"69646","811","2","20","2014-05-06 00:00:00","2014-05-17 00:00:00","2014-05-06 00:00:00","2014-05-24 00:00:00","3.5000","87.5000","87.5000","2014-05-23 22:00:00"
"69646","811","6","50","2014-05-06 00:00:00","2014-05-17 00:00:00","2014-05-06 00:00:00","2014-05-24 00:00:00","3.0000","36.7500","36.7500","2014-05-23 22:00:00"
"69647","812","1","10","2014-05-06 00:00:00","2014-05-17 00:00:00","2014-05-06 00:00:00","2014-05-24 00:00:00","4.1000","92.2500","92.2500","2014-05-23 22:00:00"
"69647","812","2","20","2014-05-06 00:00:00","2014-05-17 00:00:00","2014-05-06 00:00:00","2014-05-24 00:00:00","3.5000","87.5000","87.5000","2014-05-23 22:00:00"
"69647","812","6","50","2014-05-06 00:00:00","2014-05-17 00:00:00","2014-05-06 00:00:00","2014-05-24 00:00:00","3.0000","36.7500","36.7500","2014-05-23 22:00:00"
"69648","815","6","50","2014-05-06 00:00:00","2014-05-17 00:00:00","2014-05-06 00:00:00","2014-05-24 00:00:00","3.0000","36.7500","36.7500","2014-05-23 22:00:00"
"69649","816","6","50","2014-05-06 00:00:00","2014-05-17 00:00:00","2014-05-06 00:00:00","2014-05-24 00:00:00","3.0000","36.7500","36.7500","2014-05-23 22:00:00"
"69650","818","6","50","2014-05-06 00:00:00","2014-05-17 00:00:00","2014-05-06 00:00:00","2014-05-24 00:00:00","3.0000","36.7500","36.7500","2014-05-23 22:00:00"
"69651","819","6","50","2014-05-06 00:00:00","2014-05-17 00:00:00","2014-05-06 00:00:00","2014-05-24 00:00:00","3.0000","36.7500","36.7500","2014-05-23 22:00:00"
"69652","821","6","50","2014-05-06 00:00:00","2014-05-17 00:00:00","2014-05-06 00:00:00","2014-05-24 00:00:00","3.0000","36.7500","36.7500","2014-05-23 22:00:00"
"69653","822","1","10","2014-05-06 00:00:00","2014-05-17 00:00:00","2014-05-06 00:00:00","2014-05-24 00:00:00","4.1000","92.2500","92.2500","2014-05-23 22:00:00"
"69653","822","2","20","2014-05-06 00:00:00","2014-05-17 00:00:00","2014-05-06 00:00:00","2014-05-24 00:00:00","3.5000","87.5000","87.5000","2014-05-23 22:00:00"
"69653","822","3","30","2014-05-06 00:00:00","2014-05-17 00:00:00","2014-05-06 00:00:00","2014-05-24 00:00:00","1.0000","14.5000","14.5000","2014-05-23 22:00:00"
"69653","822","4","40","2014-05-06 00:00:00","2014-05-17 00:00:00","2014-05-06 00:00:00","2014-05-24 00:00:00","2.0000","31.5000","31.5000","2014-05-23 22:00:00"
"69653","822","6","50","2014-05-06 00:00:00","2014-05-17 00:00:00","2014-05-06 00:00:00","2014-05-24 00:00:00","3.0000","36.7500","36.7500","2014-05-23 22:00:00"
"69653","822","7","60","2014-05-06 00:00:00","2014-05-17 00:00:00","2014-05-06 00:00:00","2014-05-24 00:00:00","4.0000","49.0000","49.0000","2014-05-23 22:00:00"
"69654","823","6","50","2014-05-06 00:00:00","2014-05-17 00:00:00","2014-05-06 00:00:00","2014-05-24 00:00:00","3.0000","36.7500","36.7500","2014-05-23 22:00:00"
"69655","824","6","50","2014-05-06 00:00:00","2014-05-17 00:00:00","2014-05-06 00:00:00","2014-05-24 00:00:00","3.0000","36.7500","36.7500","2014-05-23 22:00:00"
"69656","826","6","50","2014-05-06 00:00:00","2014-05-17 00:00:00","2014-05-06 00:00:00","2014-05-24 00:00:00","3.0000","36.7500","36.7500","2014-05-23 22:00:00"
"69657","827","6","50","2014-05-06 00:00:00","2014-05-17 00:00:00","2014-05-06 00:00:00","2014-05-24 00:00:00","3.0000","36.7500","36.7500","2014-05-23 22:00:00"
"69658","829","6","50","2014-05-06 00:00:00","2014-05-17 00:00:00","2014-05-06 00:00:00","2014-05-24 00:00:00","3.0000","36.7500","36.7500","2014-05-23 22:00:00"
"69665","894","6","50","2014-05-06 00:00:00","2014-05-17 00:00:00","2014-05-06 00:00:00","2014-05-24 00:00:00","3.0000","36.7500","36.7500","2014-05-23 22:00:00"
"69672","942","1","10","2014-05-06 00:00:00","2014-05-17 00:00:00","2014-05-06 00:00:00","2014-05-24 00:00:00","4.1000","92.2500","92.2500","2014-05-23 22:00:00"
"69672","942","2","20","2014-05-06 00:00:00","2014-05-17 00:00:00","2014-05-06 00:00:00","2014-05-24 00:00:00","3.5000","87.5000","87.5000","2014-05-23 22:00:00"
"69672","942","3","30","2014-05-06 00:00:00","2014-05-17 00:00:00","2014-05-06 00:00:00","2014-05-24 00:00:00","1.0000","14.5000","14.5000","2014-05-23 22:00:00"
"69672","942","5","45","2014-05-06 00:00:00","2014-05-17 00:00:00","2014-05-06 00:00:00","2014-05-24 00:00:00","2.0000","36.0000","36.0000","2014-05-23 22:00:00"
"69672","942","6","50","2014-05-06 00:00:00","2014-05-17 00:00:00","2014-05-06 00:00:00","2014-05-24 00:00:00","3.0000","36.7500","36.7500","2014-05-23 22:00:00"
"69672","942","7","60","2014-05-06 00:00:00","2014-05-17 00:00:00","2014-05-06 00:00:00","2014-05-24 00:00:00","4.0000","49.0000","49.0000","2014-05-23 22:00:00"
"69673","945","1","10","2014-05-06 00:00:00","2014-05-17 00:00:00","2014-05-06 00:00:00","2014-05-24 00:00:00","4.1000","92.2500","92.2500","2014-05-23 22:00:00"
"69673","945","6","50","2014-05-06 00:00:00","2014-05-17 00:00:00","2014-05-06 00:00:00","2014-05-24 00:00:00","3.0000","36.7500","36.7500","2014-05-23 22:00:00"
"69674","946","1","10","2014-05-06 00:00:00","2014-05-17 00:00:00","2014-05-06 00:00:00","2014-05-24 00:00:00","4.1000","92.2500","92.2500","2014-05-23 22:00:00"
"69674","946","2","20","2014-05-06 00:00:00","2014-05-17 00:00:00","2014-05-06 00:00:00","2014-05-24 00:00:00","3.5000","87.5000","87.5000","2014-05-23 22:00:00"
"69674","946","6","50","2014-05-06 00:00:00","2014-05-17 00:00:00","2014-05-06 00:00:00","2014-05-24 00:00:00","3.0000","36.7500","36.7500","2014-05-23 22:00:00"
"69675","947","1","10","2014-05-06 00:00:00","2014-05-17 00:00:00","2014-05-06 00:00:00","2014-05-24 00:00:00","4.1000","92.2500","92.2500","2014-05-23 22:00:00"
"69675","947","2","20","2014-05-06 00:00:00","2014-05-17 00:00:00","2014-05-06 00:00:00","2014-05-24 00:00:00","3.5000","87.5000","87.5000","2014-05-23 22:00:00"
"69675","947","6","50","2014-05-06 00:00:00","2014-05-17 00:00:00","2014-05-06 00:00:00","2014-05-24 00:00:00","3.0000","36.7500","36.7500","2014-05-23 22:00:00"
"69676","949","6","50","2014-05-06 00:00:00","2014-05-17 00:00:00","2014-05-06 00:00:00","2014-05-24 00:00:00","3.0000","36.7500","36.7500","2014-05-23 22:00:00"
"69677","950","6","50","2014-05-06 00:00:00","2014-05-17 00:00:00","2014-05-06 00:00:00","2014-05-24 00:00:00","3.0000","36.7500","36.7500","2014-05-23 22:00:00"
"69678","951","6","50","2014-05-06 00:00:00","2014-05-17 00:00:00","2014-05-06 00:00:00","2014-05-24 00:00:00","3.0000","36.7500","36.7500","2014-05-23 22:00:00"
"69679","994","6","50","2014-05-06 00:00:00","2014-05-17 00:00:00","2014-05-06 00:00:00","2014-05-24 00:00:00","3.0000","36.7500","36.7500","2014-05-23 22:00:00"
"69680","995","6","50","2014-05-06 00:00:00","2014-05-17 00:00:00","2014-05-06 00:00:00","2014-05-24 00:00:00","3.0000","36.7500","36.7500","2014-05-23 22:00:00"
"69681","996","6","50","2014-05-06 00:00:00","2014-05-17 00:00:00","2014-05-06 00:00:00","2014-05-24 00:00:00","3.0000","36.7500","36.7500","2014-05-23 22:00:00"
"69696","802","1","10","2014-05-06 00:00:00","2014-05-17 00:00:00","2014-05-06 00:00:00","2014-05-24 00:00:00","4.1000","92.2500","92.2500","2014-05-23 22:00:00"
"69696","802","6","50","2014-05-06 00:00:00","2014-05-17 00:00:00","2014-05-06 00:00:00","2014-05-24 00:00:00","3.0000","36.7500","36.7500","2014-05-23 22:00:00"
"69697","803","1","10","2014-05-06 00:00:00","2014-05-17 00:00:00","2014-05-06 00:00:00","2014-05-24 00:00:00","4.1000","92.2500","92.2500","2014-05-23 22:00:00"
"69697","803","6","50","2014-05-06 00:00:00","2014-05-17 00:00:00","2014-05-06 00:00:00","2014-05-24 00:00:00","3.0000","36.7500","36.7500","2014-05-23 22:00:00"
"69698","804","1","10","2014-05-06 00:00:00","2014-05-17 00:00:00","2014-05-06 00:00:00","2014-05-24 00:00:00","4.1000","92.2500","92.2500","2014-05-23 22:00:00"
"69698","804","6","50","2014-05-06 00:00:00","2014-05-17 00:00:00","2014-05-06 00:00:00","2014-05-24 00:00:00","3.0000","36.7500","36.7500","2014-05-23 22:00:00"
"69703","779","7","60","2014-05-07 00:00:00","2014-05-18 00:00:00","2014-05-14 00:00:00","2014-05-18 00:00:00","4.0000","49.0000","49.0000","2014-05-17 22:00:00"
"69704","780","7","60","2014-05-07 00:00:00","2014-05-18 00:00:00","2014-05-14 00:00:00","2014-05-18 00:00:00","4.0000","49.0000","49.0000","2014-05-17 22:00:00"
"69705","782","7","60","2014-05-07 00:00:00","2014-05-18 00:00:00","2014-05-14 00:00:00","2014-05-18 00:00:00","4.0000","49.0000","49.0000","2014-05-17 22:00:00"
"69706","795","7","60","2014-05-07 00:00:00","2014-05-18 00:00:00","2014-05-14 00:00:00","2014-05-18 00:00:00","4.0000","49.0000","49.0000","2014-05-17 22:00:00"
"69707","798","7","60","2014-05-07 00:00:00","2014-05-18 00:00:00","2014-05-14 00:00:00","2014-05-18 00:00:00","4.0000","49.0000","49.0000","2014-05-17 22:00:00"
"69708","800","7","60","2014-05-07 00:00:00","2014-05-18 00:00:00","2014-05-14 00:00:00","2014-05-18 00:00:00","4.0000","49.0000","49.0000","2014-05-17 22:00:00"
"69709","954","7","60","2014-05-07 00:00:00","2014-05-18 00:00:00","2014-05-14 00:00:00","2014-05-18 00:00:00","4.0000","49.0000","49.0000","2014-05-17 22:00:00"
"69710","955","7","60","2014-05-07 00:00:00","2014-05-18 00:00:00","2014-05-14 00:00:00","2014-05-18 00:00:00","4.0000","49.0000","49.0000","2014-05-17 22:00:00"
"69711","956","7","60","2014-05-07 00:00:00","2014-05-18 00:00:00","2014-05-14 00:00:00","2014-05-18 00:00:00","4.0000","49.0000","49.0000","2014-05-17 22:00:00"
"69712","960","7","60","2014-05-07 00:00:00","2014-05-18 00:00:00","2014-05-14 00:00:00","2014-05-18 00:00:00","4.0000","49.0000","49.0000","2014-05-17 22:00:00"
"69713","961","7","60","2014-05-07 00:00:00","2014-05-18 00:00:00","2014-05-14 00:00:00","2014-05-18 00:00:00","4.0000","49.0000","49.0000","2014-05-17 22:00:00"
"69714","965","7","60","2014-05-07 00:00:00","2014-05-18 00:00:00","2014-05-14 00:00:00","2014-05-18 00:00:00","4.0000","49.0000","49.0000","2014-05-17 22:00:00"
"69715","967","7","60","2014-05-07 00:00:00","2014-05-18 00:00:00","2014-05-14 00:00:00","2014-05-18 00:00:00","4.0000","49.0000","49.0000","2014-05-17 22:00:00"
"69716","969","7","60","2014-05-07 00:00:00","2014-05-18 00:00:00","2014-05-14 00:00:00","2014-05-18 00:00:00","4.0000","49.0000","49.0000","2014-05-17 22:00:00"
"69717","973","7","60","2014-05-07 00:00:00","2014-05-18 00:00:00","2014-05-14 00:00:00","2014-05-18 00:00:00","4.0000","49.0000","49.0000","2014-05-17 22:00:00"
"69718","974","7","60","2014-05-07 00:00:00","2014-05-18 00:00:00","2014-05-14 00:00:00","2014-05-18 00:00:00","4.0000","49.0000","49.0000","2014-05-17 22:00:00"
"69719","975","7","60","2014-05-07 00:00:00","2014-05-18 00:00:00","2014-05-14 00:00:00","2014-05-18 00:00:00","4.0000","49.0000","49.0000","2014-05-17 22:00:00"
"69720","976","7","60","2014-05-07 00:00:00","2014-05-18 00:00:00","2014-05-14 00:00:00","2014-05-18 00:00:00","4.0000","49.0000","49.0000","2014-05-17 22:00:00"
"69721","977","7","60","2014-05-07 00:00:00","2014-05-18 00:00:00","2014-05-14 00:00:00","2014-05-18 00:00:00","4.0000","49.0000","49.0000","2014-05-17 22:00:00"
"69722","980","7","60","2014-05-07 00:00:00","2014-05-18 00:00:00","2014-05-14 00:00:00","2014-05-18 00:00:00","4.0000","49.0000","49.0000","2014-05-17 22:00:00"
"69723","982","7","60","2014-05-07 00:00:00","2014-05-18 00:00:00","2014-05-14 00:00:00","2014-05-18 00:00:00","4.0000","49.0000","49.0000","2014-05-17 22:00:00"
"69724","983","7","60","2014-05-07 00:00:00","2014-05-18 00:00:00","2014-05-14 00:00:00","2014-05-18 00:00:00","4.0000","49.0000","49.0000","2014-05-17 22:00:00"
"69725","985","7","60","2014-05-07 00:00:00","2014-05-18 00:00:00","2014-05-14 00:00:00","2014-05-18 00:00:00","4.0000","49.0000","49.0000","2014-05-17 22:00:00"
"69726","990","7","60","2014-05-07 00:00:00","2014-05-18 00:00:00","2014-05-14 00:00:00","2014-05-18 00:00:00","4.0000","49.0000","49.0000","2014-05-17 22:00:00"
"69727","997","7","60","2014-05-07 00:00:00","2014-05-18 00:00:00","2014-05-14 00:00:00","2014-05-18 00:00:00","4.0000","49.0000","49.0000","2014-05-17 22:00:00"
"69728","514","6","50","2014-05-07 00:00:00","2014-05-18 00:00:00","2014-05-14 00:00:00","2014-05-18 00:00:00","3.0000","36.7500","36.7500","2014-05-17 22:00:00"
"69728","514","7","60","2014-05-07 00:00:00","2014-05-18 00:00:00","2014-05-14 00:00:00","2014-05-18 00:00:00","4.0000","49.0000","49.0000","2014-05-17 22:00:00"
"69729","516","6","50","2014-05-07 00:00:00","2014-05-18 00:00:00","2014-05-14 00:00:00","2014-05-18 00:00:00","3.0000","36.7500","36.7500","2014-05-17 22:00:00"
"69729","516","7","60","2014-05-07 00:00:00","2014-05-18 00:00:00","2014-05-14 00:00:00","2014-05-18 00:00:00","4.0000","49.0000","49.0000","2014-05-17 22:00:00"
"69730","517","6","50","2014-05-07 00:00:00","2014-05-18 00:00:00","2014-05-14 00:00:00","2014-05-18 00:00:00","3.0000","36.7500","36.7500","2014-05-17 22:00:00"
"69730","517","7","60","2014-05-07 00:00:00","2014-05-18 00:00:00","2014-05-14 00:00:00","2014-05-18 00:00:00","4.0000","49.0000","49.0000","2014-05-17 22:00:00"
"69731","518","6","50","2014-05-07 00:00:00","2014-05-18 00:00:00","2014-05-14 00:00:00","2014-05-18 00:00:00","3.0000","36.7500","36.7500","2014-05-17 22:00:00"
"69731","518","7","60","2014-05-07 00:00:00","2014-05-18 00:00:00","2014-05-14 00:00:00","2014-05-18 00:00:00","4.0000","49.0000","49.0000","2014-05-17 22:00:00"
"69732","519","6","50","2014-05-07 00:00:00","2014-05-18 00:00:00","2014-05-14 00:00:00","2014-05-18 00:00:00","3.0000","36.7500","36.7500","2014-05-17 22:00:00"
"69732","519","7","60","2014-05-07 00:00:00","2014-05-18 00:00:00","2014-05-14 00:00:00","2014-05-18 00:00:00","4.0000","49.0000","49.0000","2014-05-17 22:00:00"
"69733","520","6","50","2014-05-07 00:00:00","2014-05-18 00:00:00","2014-05-14 00:00:00","2014-05-18 00:00:00","3.0000","36.7500","36.7500","2014-05-17 22:00:00"
"69733","520","7","60","2014-05-07 00:00:00","2014-05-18 00:00:00","2014-05-14 00:00:00","2014-05-18 00:00:00","4.0000","49.0000","49.0000","2014-05-17 22:00:00"
"69734","522","6","50","2014-05-07 00:00:00","2014-05-18 00:00:00","2014-05-14 00:00:00","2014-05-18 00:00:00","3.0000","36.7500","36.7500","2014-05-17 22:00:00"
"69734","522","7","60","2014-05-07 00:00:00","2014-05-18 00:00:00","2014-05-14 00:00:00","2014-05-18 00:00:00","4.0000","49.0000","49.0000","2014-05-17 22:00:00"
"69738","747","1","10","2014-05-07 00:00:00","2014-05-18 00:00:00","2014-05-14 00:00:00","2014-05-18 00:00:00","4.1000","92.2500","92.2500","2014-05-17 22:00:00"
"69738","747","2","20","2014-05-07 00:00:00","2014-05-18 00:00:00","2014-05-14 00:00:00","2014-05-18 00:00:00","3.5000","87.5000","87.5000","2014-05-17 22:00:00"
"69738","747","3","30","2014-05-07 00:00:00","2014-05-18 00:00:00","2014-05-14 00:00:00","2014-05-18 00:00:00","1.0000","14.5000","14.5000","2014-05-17 22:00:00"
"69738","747","4","40","2014-05-07 00:00:00","2014-05-18 00:00:00","2014-05-14 00:00:00","2014-05-18 00:00:00","2.0000","31.5000","31.5000","2014-05-17 22:00:00"
"69738","747","6","50","2014-05-07 00:00:00","2014-05-18 00:00:00","2014-05-14 00:00:00","2014-05-18 00:00:00","3.0000","36.7500","36.7500","2014-05-17 22:00:00"
"69738","747","7","60","2014-05-07 00:00:00","2014-05-18 00:00:00","2014-05-14 00:00:00","2014-05-18 00:00:00","4.0000","49.0000","49.0000","2014-05-17 22:00:00"
"69739","748","1","10","2014-05-07 00:00:00","2014-05-18 00:00:00","2014-05-14 00:00:00","2014-05-18 00:00:00","4.1000","92.2500","92.2500","2014-05-17 22:00:00"
"69739","748","2","20","2014-05-07 00:00:00","2014-05-18 00:00:00","2014-05-14 00:00:00","2014-05-18 00:00:00","3.5000","87.5000","87.5000","2014-05-17 22:00:00"
"69739","748","3","30","2014-05-07 00:00:00","2014-05-18 00:00:00","2014-05-14 00:00:00","2014-05-18 00:00:00","1.0000","14.5000","14.5000","2014-05-17 22:00:00"
"69739","748","5","45","2014-05-07 00:00:00","2014-05-18 00:00:00","2014-05-14 00:00:00","2014-05-18 00:00:00","2.0000","36.0000","36.0000","2014-05-17 22:00:00"
"69739","748","6","50","2014-05-07 00:00:00","2014-05-18 00:00:00","2014-05-14 00:00:00","2014-05-18 00:00:00","3.0000","36.7500","36.7500","2014-05-17 22:00:00"
"69739","748","7","60","2014-05-07 00:00:00","2014-05-18 00:00:00","2014-05-14 00:00:00","2014-05-18 00:00:00","4.0000","49.0000","49.0000","2014-05-17 22:00:00"
"69740","805","6","50","2014-05-07 00:00:00","2014-05-18 00:00:00","2014-05-14 00:00:00","2014-05-18 00:00:00","3.0000","36.7500","36.7500","2014-05-17 22:00:00"
"69741","806","6","50","2014-05-07 00:00:00","2014-05-18 00:00:00","2014-05-14 00:00:00","2014-05-18 00:00:00","3.0000","36.7500","36.7500","2014-05-17 22:00:00"
"69742","807","6","50","2014-05-07 00:00:00","2014-05-18 00:00:00","2014-05-14 00:00:00","2014-05-18 00:00:00","3.0000","36.7500","36.7500","2014-05-17 22:00:00"
"69743","808","1","10","2014-05-07 00:00:00","2014-05-18 00:00:00","2014-05-14 00:00:00","2014-05-18 00:00:00","4.1000","92.2500","92.2500","2014-05-17 22:00:00"
"69743","808","2","20","2014-05-07 00:00:00","2014-05-18 00:00:00","2014-05-14 00:00:00","2014-05-18 00:00:00","3.5000","87.5000","87.5000","2014-05-17 22:00:00"
"69743","808","6","50","2014-05-07 00:00:00","2014-05-18 00:00:00","2014-05-14 00:00:00","2014-05-18 00:00:00","3.0000","36.7500","36.7500","2014-05-17 22:00:00"
"69744","810","1","10","2014-05-07 00:00:00","2014-05-18 00:00:00","2014-05-14 00:00:00","2014-05-18 00:00:00","4.1000","92.2500","92.2500","2014-05-17 22:00:00"
"69744","810","2","20","2014-05-07 00:00:00","2014-05-18 00:00:00","2014-05-14 00:00:00","2014-05-18 00:00:00","3.5000","87.5000","87.5000","2014-05-17 22:00:00"
"69744","810","6","50","2014-05-07 00:00:00","2014-05-18 00:00:00","2014-05-14 00:00:00","2014-05-18 00:00:00","3.0000","36.7500","36.7500","2014-05-17 22:00:00"
"69745","811","1","10","2014-05-07 00:00:00","2014-05-18 00:00:00","2014-05-14 00:00:00","2014-05-18 00:00:00","4.1000","92.2500","92.2500","2014-05-17 22:00:00"
"69745","811","2","20","2014-05-07 00:00:00","2014-05-18 00:00:00","2014-05-14 00:00:00","2014-05-18 00:00:00","3.5000","87.5000","87.5000","2014-05-17 22:00:00"
"69745","811","6","50","2014-05-07 00:00:00","2014-05-18 00:00:00","2014-05-14 00:00:00","2014-05-18 00:00:00","3.0000","36.7500","36.7500","2014-05-17 22:00:00"
"69746","812","1","10","2014-05-07 00:00:00","2014-05-18 00:00:00","2014-05-14 00:00:00","2014-05-18 00:00:00","4.1000","92.2500","92.2500","2014-05-17 22:00:00"
"69746","812","2","20","2014-05-07 00:00:00","2014-05-18 00:00:00","2014-05-14 00:00:00","2014-05-18 00:00:00","3.5000","87.5000","87.5000","2014-05-17 22:00:00"
"69746","812","6","50","2014-05-07 00:00:00","2014-05-18 00:00:00","2014-05-14 00:00:00","2014-05-18 00:00:00","3.0000","36.7500","36.7500","2014-05-17 22:00:00"
"69747","813","1","10","2014-05-07 00:00:00","2014-05-18 00:00:00","2014-05-14 00:00:00","2014-05-18 00:00:00","4.1000","92.2500","92.2500","2014-05-17 22:00:00"
"69747","813","2","20","2014-05-07 00:00:00","2014-05-18 00:00:00","2014-05-14 00:00:00","2014-05-18 00:00:00","3.5000","87.5000","87.5000","2014-05-17 22:00:00"
"69747","813","6","50","2014-05-07 00:00:00","2014-05-18 00:00:00","2014-05-14 00:00:00","2014-05-18 00:00:00","3.0000","36.7500","36.7500","2014-05-17 22:00:00"
"69748","815","6","50","2014-05-07 00:00:00","2014-05-18 00:00:00","2014-05-14 00:00:00","2014-05-18 00:00:00","3.0000","36.7500","36.7500","2014-05-17 22:00:00"
"69749","816","6","50","2014-05-07 00:00:00","2014-05-18 00:00:00","2014-05-14 00:00:00","2014-05-18 00:00:00","3.0000","36.7500","36.7500","2014-05-17 22:00:00"
"69750","818","6","50","2014-05-07 00:00:00","2014-05-18 00:00:00","2014-05-14 00:00:00","2014-05-18 00:00:00","3.0000","36.7500","36.7500","2014-05-17 22:00:00"
"69751","819","6","50","2014-05-07 00:00:00","2014-05-18 00:00:00","2014-05-14 00:00:00","2014-05-18 00:00:00","3.0000","36.7500","36.7500","2014-05-17 22:00:00"
"69752","820","6","50","2014-05-07 00:00:00","2014-05-18 00:00:00","2014-05-14 00:00:00","2014-05-18 00:00:00","3.0000","36.7500","36.7500","2014-05-17 22:00:00"
"69753","821","6","50","2014-05-07 00:00:00","2014-05-18 00:00:00","2014-05-14 00:00:00","2014-05-18 00:00:00","3.0000","36.7500","36.7500","2014-05-17 22:00:00"
"69754","823","6","50","2014-05-07 00:00:00","2014-05-18 00:00:00","2014-05-14 00:00:00","2014-05-18 00:00:00","3.0000","36.7500","36.7500","2014-05-17 22:00:00"
"69755","824","6","50","2014-05-07 00:00:00","2014-05-18 00:00:00","2014-05-14 00:00:00","2014-05-18 00:00:00","3.0000","36.7500","36.7500","2014-05-17 22:00:00"
"69756","826","6","50","2014-05-07 00:00:00","2014-05-18 00:00:00","2014-05-14 00:00:00","2014-05-18 00:00:00","3.0000","36.7500","36.7500","2014-05-17 22:00:00"
"69757","827","6","50","2014-05-07 00:00:00","2014-05-18 00:00:00","2014-05-14 00:00:00","2014-05-18 00:00:00","3.0000","36.7500","36.7500","2014-05-17 22:00:00"
"69758","828","6","50","2014-05-07 00:00:00","2014-05-18 00:00:00","2014-05-14 00:00:00","2014-05-18 00:00:00","3.0000","36.7500","36.7500","2014-05-17 22:00:00"
"69759","829","6","50","2014-05-07 00:00:00","2014-05-18 00:00:00","2014-05-14 00:00:00","2014-05-18 00:00:00","3.0000","36.7500","36.7500","2014-05-17 22:00:00"
"69771","894","6","50","2014-05-07 00:00:00","2014-05-18 00:00:00","2014-05-14 00:00:00","2014-05-18 00:00:00","3.0000","36.7500","36.7500","2014-05-17 22:00:00"
"69778","942","1","10","2014-05-07 00:00:00","2014-05-18 00:00:00","2014-05-14 00:00:00","2014-05-18 00:00:00","4.1000","92.2500","92.2500","2014-05-17 22:00:00"
"69778","942","2","20","2014-05-07 00:00:00","2014-05-18 00:00:00","2014-05-14 00:00:00","2014-05-18 00:00:00","3.5000","87.5000","87.5000","2014-05-17 22:00:00"
"69778","942","3","30","2014-05-07 00:00:00","2014-05-18 00:00:00","2014-05-14 00:00:00","2014-05-18 00:00:00","1.0000","14.5000","14.5000","2014-05-17 22:00:00"
"69778","942","5","45","2014-05-07 00:00:00","2014-05-18 00:00:00","2014-05-14 00:00:00","2014-05-18 00:00:00","2.0000","36.0000","36.0000","2014-05-17 22:00:00"
"69778","942","6","50","2014-05-07 00:00:00","2014-05-18 00:00:00","2014-05-14 00:00:00","2014-05-18 00:00:00","3.0000","36.7500","36.7500","2014-05-17 22:00:00"
"69778","942","7","60","2014-05-07 00:00:00","2014-05-18 00:00:00","2014-05-14 00:00:00","2014-05-18 00:00:00","4.0000","49.0000","49.0000","2014-05-17 22:00:00"
"69779","945","1","10","2014-05-07 00:00:00","2014-05-18 00:00:00","2014-05-14 00:00:00","2014-05-18 00:00:00","4.1000","92.2500","92.2500","2014-05-17 22:00:00"
"69779","945","6","50","2014-05-07 00:00:00","2014-05-18 00:00:00","2014-05-14 00:00:00","2014-05-18 00:00:00","3.0000","36.7500","36.7500","2014-05-17 22:00:00"
"69780","946","1","10","2014-05-07 00:00:00","2014-05-18 00:00:00","2014-05-14 00:00:00","2014-05-18 00:00:00","4.1000","92.2500","92.2500","2014-05-17 22:00:00"
"69780","946","2","20","2014-05-07 00:00:00","2014-05-18 00:00:00","2014-05-14 00:00:00","2014-05-18 00:00:00","3.5000","87.5000","87.5000","2014-05-17 22:00:00"
"69780","946","6","50","2014-05-07 00:00:00","2014-05-18 00:00:00","2014-05-14 00:00:00","2014-05-18 00:00:00","3.0000","36.7500","36.7500","2014-05-17 22:00:00"
"69781","947","1","10","2014-05-07 00:00:00","2014-05-18 00:00:00","2014-05-14 00:00:00","2014-05-18 00:00:00","4.1000","92.2500","92.2500","2014-05-17 22:00:00"
"69781","947","2","20","2014-05-07 00:00:00","2014-05-18 00:00:00","2014-05-14 00:00:00","2014-05-18 00:00:00","3.5000","87.5000","87.5000","2014-05-17 22:00:00"
"69781","947","6","50","2014-05-07 00:00:00","2014-05-18 00:00:00","2014-05-14 00:00:00","2014-05-18 00:00:00","3.0000","36.7500","36.7500","2014-05-17 22:00:00"
"69782","949","6","50","2014-05-07 00:00:00","2014-05-18 00:00:00","2014-05-14 00:00:00","2014-05-18 00:00:00","3.0000","36.7500","36.7500","2014-05-17 22:00:00"
"69783","950","6","50","2014-05-07 00:00:00","2014-05-18 00:00:00","2014-05-14 00:00:00","2014-05-18 00:00:00","3.0000","36.7500","36.7500","2014-05-17 22:00:00"
"69784","951","6","50","2014-05-07 00:00:00","2014-05-18 00:00:00","2014-05-14 00:00:00","2014-05-18 00:00:00","3.0000","36.7500","36.7500","2014-05-17 22:00:00"
"69785","994","6","50","2014-05-07 00:00:00","2014-05-18 00:00:00","2014-05-14 00:00:00","2014-05-18 00:00:00","3.0000","36.7500","36.7500","2014-05-17 22:00:00"
"69786","995","6","50","2014-05-07 00:00:00","2014-05-18 00:00:00","2014-05-14 00:00:00","2014-05-18 00:00:00","3.0000","36.7500","36.7500","2014-05-17 22:00:00"
"69787","996","6","50","2014-05-07 00:00:00","2014-05-18 00:00:00","2014-05-14 00:00:00","2014-05-18 00:00:00","3.0000","36.7500","36.7500","2014-05-17 22:00:00"
"69802","802","1","10","2014-05-07 00:00:00","2014-05-18 00:00:00","2014-05-14 00:00:00","2014-05-18 00:00:00","4.1000","92.2500","92.2500","2014-05-17 22:00:00"
"69802","802","6","50","2014-05-07 00:00:00","2014-05-18 00:00:00","2014-05-14 00:00:00","2014-05-18 00:00:00","3.0000","36.7500","36.7500","2014-05-17 22:00:00"
"69803","803","1","10","2014-05-07 00:00:00","2014-05-18 00:00:00","2014-05-14 00:00:00","2014-05-18 00:00:00","4.1000","92.2500","92.2500","2014-05-17 22:00:00"
"69803","803","6","50","2014-05-07 00:00:00","2014-05-18 00:00:00","2014-05-14 00:00:00","2014-05-18 00:00:00","3.0000","36.7500","36.7500","2014-05-17 22:00:00"
"69804","804","1","10","2014-05-07 00:00:00","2014-05-18 00:00:00","2014-05-14 00:00:00","2014-05-18 00:00:00","4.1000","92.2500","92.2500","2014-05-17 22:00:00"
"69804","804","6","50","2014-05-07 00:00:00","2014-05-18 00:00:00","2014-05-14 00:00:00","2014-05-18 00:00:00","3.0000","36.7500","36.7500","2014-05-17 22:00:00"
"69809","779","7","60","2014-05-08 00:00:00","2014-05-19 00:00:00","2014-05-08 00:00:00","2014-05-28 00:00:00","4.0000","49.0000","49.0000","2014-05-27 22:00:00"
"69810","780","7","60","2014-05-08 00:00:00","2014-05-19 00:00:00","2014-05-08 00:00:00","2014-05-28 00:00:00","4.0000","49.0000","49.0000","2014-05-27 22:00:00"
"69811","781","7","60","2014-05-08 00:00:00","2014-05-19 00:00:00","2014-05-08 00:00:00","2014-05-28 00:00:00","4.0000","49.0000","49.0000","2014-05-27 22:00:00"
"69812","782","7","60","2014-05-08 00:00:00","2014-05-19 00:00:00","2014-05-08 00:00:00","2014-05-28 00:00:00","4.0000","49.0000","49.0000","2014-05-27 22:00:00"
"69813","783","7","60","2014-05-08 00:00:00","2014-05-19 00:00:00","2014-05-08 00:00:00","2014-05-28 00:00:00","4.0000","49.0000","49.0000","2014-05-27 22:00:00"
"69814","784","7","60","2014-05-08 00:00:00","2014-05-19 00:00:00","2014-05-08 00:00:00","2014-05-28 00:00:00","4.0000","49.0000","49.0000","2014-05-27 22:00:00"
"69815","793","7","60","2014-05-08 00:00:00","2014-05-19 00:00:00","2014-05-08 00:00:00","2014-05-28 00:00:00","4.0000","49.0000","49.0000","2014-05-27 22:00:00"
"69816","794","7","60","2014-05-08 00:00:00","2014-05-19 00:00:00","2014-05-08 00:00:00","2014-05-28 00:00:00","4.0000","49.0000","49.0000","2014-05-27 22:00:00"
"69817","798","7","60","2014-05-08 00:00:00","2014-05-19 00:00:00","2014-05-08 00:00:00","2014-05-28 00:00:00","4.0000","49.0000","49.0000","2014-05-27 22:00:00"
"69818","799","7","60","2014-05-08 00:00:00","2014-05-19 00:00:00","2014-05-08 00:00:00","2014-05-28 00:00:00","4.0000","49.0000","49.0000","2014-05-27 22:00:00"
"69819","955","7","60","2014-05-08 00:00:00","2014-05-19 00:00:00","2014-05-08 00:00:00","2014-05-28 00:00:00","4.0000","49.0000","49.0000","2014-05-27 22:00:00"
"69820","957","7","60","2014-05-08 00:00:00","2014-05-19 00:00:00","2014-05-08 00:00:00","2014-05-28 00:00:00","4.0000","49.0000","49.0000","2014-05-27 22:00:00"
"69821","961","7","60","2014-05-08 00:00:00","2014-05-19 00:00:00","2014-05-08 00:00:00","2014-05-28 00:00:00","4.0000","49.0000","49.0000","2014-05-27 22:00:00"
"69822","965","7","60","2014-05-08 00:00:00","2014-05-19 00:00:00","2014-05-08 00:00:00","2014-05-28 00:00:00","4.0000","49.0000","49.0000","2014-05-27 22:00:00"
"69823","967","7","60","2014-05-08 00:00:00","2014-05-19 00:00:00","2014-05-08 00:00:00","2014-05-28 00:00:00","4.0000","49.0000","49.0000","2014-05-27 22:00:00"
"69824","969","7","60","2014-05-08 00:00:00","2014-05-19 00:00:00","2014-05-08 00:00:00","2014-05-28 00:00:00","4.0000","49.0000","49.0000","2014-05-27 22:00:00"
"69825","970","7","60","2014-05-08 00:00:00","2014-05-19 00:00:00","2014-05-08 00:00:00","2014-05-28 00:00:00","4.0000","49.0000","49.0000","2014-05-27 22:00:00"
"69826","975","7","60","2014-05-08 00:00:00","2014-05-19 00:00:00","2014-05-08 00:00:00","2014-05-28 00:00:00","4.0000","49.0000","49.0000","2014-05-27 22:00:00"
"69827","976","7","60","2014-05-08 00:00:00","2014-05-19 00:00:00","2014-05-08 00:00:00","2014-05-28 00:00:00","4.0000","49.0000","49.0000","2014-05-27 22:00:00"
"69828","979","7","60","2014-05-08 00:00:00","2014-05-19 00:00:00","2014-05-08 00:00:00","2014-05-28 00:00:00","4.0000","49.0000","49.0000","2014-05-27 22:00:00"
"69829","983","7","60","2014-05-08 00:00:00","2014-05-19 00:00:00","2014-05-08 00:00:00","2014-05-28 00:00:00","4.0000","49.0000","49.0000","2014-05-27 22:00:00"
"69830","984","7","60","2014-05-08 00:00:00","2014-05-19 00:00:00","2014-05-08 00:00:00","2014-05-28 00:00:00","4.0000","49.0000","49.0000","2014-05-27 22:00:00"
"69831","985","7","60","2014-05-08 00:00:00","2014-05-19 00:00:00","2014-05-08 00:00:00","2014-05-28 00:00:00","4.0000","49.0000","49.0000","2014-05-27 22:00:00"
"69832","997","7","60","2014-05-08 00:00:00","2014-05-19 00:00:00","2014-05-08 00:00:00","2014-05-28 00:00:00","4.0000","49.0000","49.0000","2014-05-27 22:00:00"
"69833","998","7","60","2014-05-08 00:00:00","2014-05-19 00:00:00","2014-05-08 00:00:00","2014-05-28 00:00:00","4.0000","49.0000","49.0000","2014-05-27 22:00:00"
"69834","999","7","60","2014-05-08 00:00:00","2014-05-19 00:00:00","2014-05-08 00:00:00","2014-05-28 00:00:00","4.0000","49.0000","49.0000","2014-05-27 22:00:00"
"69835","514","6","50","2014-05-08 00:00:00","2014-05-19 00:00:00","2014-05-08 00:00:00","2014-05-28 00:00:00","3.0000","36.7500","36.7500","2014-05-27 22:00:00"
"69835","514","7","60","2014-05-08 00:00:00","2014-05-19 00:00:00","2014-05-08 00:00:00","2014-05-28 00:00:00","4.0000","49.0000","49.0000","2014-05-27 22:00:00"
"69836","516","6","50","2014-05-08 00:00:00","2014-05-19 00:00:00","2014-05-08 00:00:00","2014-05-28 00:00:00","3.0000","36.7500","36.7500","2014-05-27 22:00:00"
"69836","516","7","60","2014-05-08 00:00:00","2014-05-19 00:00:00","2014-05-08 00:00:00","2014-05-28 00:00:00","4.0000","49.0000","49.0000","2014-05-27 22:00:00"
"69837","517","6","50","2014-05-08 00:00:00","2014-05-19 00:00:00","2014-05-08 00:00:00","2014-05-28 00:00:00","3.0000","36.7500","36.7500","2014-05-27 22:00:00"
"69837","517","7","60","2014-05-08 00:00:00","2014-05-19 00:00:00","2014-05-08 00:00:00","2014-05-28 00:00:00","4.0000","49.0000","49.0000","2014-05-27 22:00:00"
"69838","518","6","50","2014-05-08 00:00:00","2014-05-19 00:00:00","2014-05-08 00:00:00","2014-05-28 00:00:00","3.0000","36.7500","36.7500","2014-05-27 22:00:00"
"69838","518","7","60","2014-05-08 00:00:00","2014-05-19 00:00:00","2014-05-08 00:00:00","2014-05-28 00:00:00","4.0000","49.0000","49.0000","2014-05-27 22:00:00"
"69839","519","6","50","2014-05-08 00:00:00","2014-05-19 00:00:00","2014-05-08 00:00:00","2014-05-28 00:00:00","3.0000","36.7500","36.7500","2014-05-27 22:00:00"
"69839","519","7","60","2014-05-08 00:00:00","2014-05-19 00:00:00","2014-05-08 00:00:00","2014-05-28 00:00:00","4.0000","49.0000","49.0000","2014-05-27 22:00:00"
"69840","520","6","50","2014-05-08 00:00:00","2014-05-19 00:00:00","2014-05-08 00:00:00","2014-05-28 00:00:00","3.0000","36.7500","36.7500","2014-05-27 22:00:00"
"69840","520","7","60","2014-05-08 00:00:00","2014-05-19 00:00:00","2014-05-08 00:00:00","2014-05-28 00:00:00","4.0000","49.0000","49.0000","2014-05-27 22:00:00"
"69841","521","6","50","2014-05-08 00:00:00","2014-05-19 00:00:00","2014-05-08 00:00:00","2014-05-28 00:00:00","3.0000","36.7500","36.7500","2014-05-27 22:00:00"
"69841","521","7","60","2014-05-08 00:00:00","2014-05-19 00:00:00","2014-05-08 00:00:00","2014-05-28 00:00:00","4.0000","49.0000","49.0000","2014-05-27 22:00:00"
"69842","522","6","50","2014-05-08 00:00:00","2014-05-19 00:00:00","2014-05-08 00:00:00","2014-05-28 00:00:00","3.0000","36.7500","36.7500","2014-05-27 22:00:00"
"69842","522","7","60","2014-05-08 00:00:00","2014-05-19 00:00:00","2014-05-08 00:00:00","2014-05-28 00:00:00","4.0000","49.0000","49.0000","2014-05-27 22:00:00"
"69850","747","1","10","2014-05-08 00:00:00","2014-05-19 00:00:00","2014-05-08 00:00:00","2014-05-28 00:00:00","4.1000","92.2500","92.2500","2014-05-27 22:00:00"
"69850","747","2","20","2014-05-08 00:00:00","2014-05-19 00:00:00","2014-05-08 00:00:00","2014-05-28 00:00:00","3.5000","87.5000","87.5000","2014-05-27 22:00:00"
"69850","747","3","30","2014-05-08 00:00:00","2014-05-19 00:00:00","2014-05-08 00:00:00","2014-05-28 00:00:00","1.0000","14.5000","14.5000","2014-05-27 22:00:00"
"69850","747","4","40","2014-05-08 00:00:00","2014-05-19 00:00:00","2014-05-08 00:00:00","2014-05-28 00:00:00","2.0000","31.5000","31.5000","2014-05-27 22:00:00"
"69850","747","6","50","2014-05-08 00:00:00","2014-05-19 00:00:00","2014-05-08 00:00:00","2014-05-28 00:00:00","3.0000","36.7500","36.7500","2014-05-27 22:00:00"
"69850","747","7","60","2014-05-08 00:00:00","2014-05-19 00:00:00","2014-05-08 00:00:00","2014-05-28 00:00:00","4.0000","49.0000","49.0000","2014-05-27 22:00:00"
"69851","748","1","10","2014-05-08 00:00:00","2014-05-19 00:00:00","2014-05-08 00:00:00","2014-05-28 00:00:00","4.1000","92.2500","92.2500","2014-05-27 22:00:00"
"69851","748","2","20","2014-05-08 00:00:00","2014-05-19 00:00:00","2014-05-08 00:00:00","2014-05-28 00:00:00","3.5000","87.5000","87.5000","2014-05-27 22:00:00"
"69851","748","3","30","2014-05-08 00:00:00","2014-05-19 00:00:00","2014-05-08 00:00:00","2014-05-28 00:00:00","1.0000","14.5000","14.5000","2014-05-27 22:00:00"
"69851","748","5","45","2014-05-08 00:00:00","2014-05-19 00:00:00","2014-05-08 00:00:00","2014-05-28 00:00:00","2.0000","36.0000","36.0000","2014-05-27 22:00:00"
"69851","748","6","50","2014-05-08 00:00:00","2014-05-19 00:00:00","2014-05-08 00:00:00","2014-05-28 00:00:00","3.0000","36.7500","36.7500","2014-05-27 22:00:00"
"69851","748","7","60","2014-05-08 00:00:00","2014-05-19 00:00:00","2014-05-08 00:00:00","2014-05-28 00:00:00","4.0000","49.0000","49.0000","2014-05-27 22:00:00"
"69852","805","6","50","2014-05-08 00:00:00","2014-05-19 00:00:00","2014-05-08 00:00:00","2014-05-28 00:00:00","3.0000","36.7500","36.7500","2014-05-27 22:00:00"
"69853","806","6","50","2014-05-08 00:00:00","2014-05-19 00:00:00","2014-05-08 00:00:00","2014-05-28 00:00:00","3.0000","36.7500","36.7500","2014-05-27 22:00:00"
"69854","807","6","50","2014-05-08 00:00:00","2014-05-19 00:00:00","2014-05-08 00:00:00","2014-05-28 00:00:00","3.0000","36.7500","36.7500","2014-05-27 22:00:00"
"69855","808","1","10","2014-05-08 00:00:00","2014-05-19 00:00:00","2014-05-08 00:00:00","2014-05-28 00:00:00","4.1000","92.2500","92.2500","2014-05-27 22:00:00"
"69855","808","2","20","2014-05-08 00:00:00","2014-05-19 00:00:00","2014-05-08 00:00:00","2014-05-28 00:00:00","3.5000","87.5000","87.5000","2014-05-27 22:00:00"
"69855","808","6","50","2014-05-08 00:00:00","2014-05-19 00:00:00","2014-05-08 00:00:00","2014-05-28 00:00:00","3.0000","36.7500","36.7500","2014-05-27 22:00:00"
"69856","810","1","10","2014-05-08 00:00:00","2014-05-19 00:00:00","2014-05-08 00:00:00","2014-05-28 00:00:00","4.1000","92.2500","92.2500","2014-05-27 22:00:00"
"69856","810","2","20","2014-05-08 00:00:00","2014-05-19 00:00:00","2014-05-08 00:00:00","2014-05-28 00:00:00","3.5000","87.5000","87.5000","2014-05-27 22:00:00"
"69856","810","6","50","2014-05-08 00:00:00","2014-05-19 00:00:00","2014-05-08 00:00:00","2014-05-28 00:00:00","3.0000","36.7500","36.7500","2014-05-27 22:00:00"
"69857","811","1","10","2014-05-08 00:00:00","2014-05-19 00:00:00","2014-05-08 00:00:00","2014-05-28 00:00:00","4.1000","92.2500","92.2500","2014-05-27 22:00:00"
"69857","811","2","20","2014-05-08 00:00:00","2014-05-19 00:00:00","2014-05-08 00:00:00","2014-05-28 00:00:00","3.5000","87.5000","87.5000","2014-05-27 22:00:00"
"69857","811","6","50","2014-05-08 00:00:00","2014-05-19 00:00:00","2014-05-08 00:00:00","2014-05-28 00:00:00","3.0000","36.7500","36.7500","2014-05-27 22:00:00"
"69858","812","1","10","2014-05-08 00:00:00","2014-05-19 00:00:00","2014-05-08 00:00:00","2014-05-28 00:00:00","4.1000","92.2500","92.2500","2014-05-27 22:00:00"
"69858","812","2","20","2014-05-08 00:00:00","2014-05-19 00:00:00","2014-05-08 00:00:00","2014-05-28 00:00:00","3.5000","87.5000","87.5000","2014-05-27 22:00:00"
"69858","812","6","50","2014-05-08 00:00:00","2014-05-19 00:00:00","2014-05-08 00:00:00","2014-05-28 00:00:00","3.0000","36.7500","36.7500","2014-05-27 22:00:00"
"69859","813","1","10","2014-05-08 00:00:00","2014-05-19 00:00:00","2014-05-08 00:00:00","2014-05-28 00:00:00","4.1000","92.2500","92.2500","2014-05-27 22:00:00"
"69859","813","2","20","2014-05-08 00:00:00","2014-05-19 00:00:00","2014-05-08 00:00:00","2014-05-28 00:00:00","3.5000","87.5000","87.5000","2014-05-27 22:00:00"
"69859","813","6","50","2014-05-08 00:00:00","2014-05-19 00:00:00","2014-05-08 00:00:00","2014-05-28 00:00:00","3.0000","36.7500","36.7500","2014-05-27 22:00:00"
"69860","815","6","50","2014-05-08 00:00:00","2014-05-19 00:00:00","2014-05-08 00:00:00","2014-05-28 00:00:00","3.0000","36.7500","36.7500","2014-05-27 22:00:00"
"69861","816","6","50","2014-05-08 00:00:00","2014-05-19 00:00:00","2014-05-08 00:00:00","2014-05-28 00:00:00","3.0000","36.7500","36.7500","2014-05-27 22:00:00"
"69862","818","6","50","2014-05-08 00:00:00","2014-05-19 00:00:00","2014-05-08 00:00:00","2014-05-28 00:00:00","3.0000","36.7500","36.7500","2014-05-27 22:00:00"
"69863","819","6","50","2014-05-08 00:00:00","2014-05-19 00:00:00","2014-05-08 00:00:00","2014-05-28 00:00:00","3.0000","36.7500","36.7500","2014-05-27 22:00:00"
"69864","820","6","50","2014-05-08 00:00:00","2014-05-19 00:00:00","2014-05-08 00:00:00","2014-05-28 00:00:00","3.0000","36.7500","36.7500","2014-05-27 22:00:00"
"69865","821","6","50","2014-05-08 00:00:00","2014-05-19 00:00:00","2014-05-08 00:00:00","2014-05-28 00:00:00","3.0000","36.7500","36.7500","2014-05-27 22:00:00"
"69866","823","6","50","2014-05-08 00:00:00","2014-05-19 00:00:00","2014-05-08 00:00:00","2014-05-28 00:00:00","3.0000","36.7500","36.7500","2014-05-27 22:00:00"
"69867","824","6","50","2014-05-08 00:00:00","2014-05-19 00:00:00","2014-05-08 00:00:00","2014-05-28 00:00:00","3.0000","36.7500","36.7500","2014-05-27 22:00:00"
"69868","826","6","50","2014-05-08 00:00:00","2014-05-19 00:00:00","2014-05-08 00:00:00","2014-05-28 00:00:00","3.0000","36.7500","36.7500","2014-05-27 22:00:00"
"69869","827","6","50","2014-05-08 00:00:00","2014-05-19 00:00:00","2014-05-08 00:00:00","2014-05-28 00:00:00","3.0000","36.7500","36.7500","2014-05-27 22:00:00"
"69870","828","6","50","2014-05-08 00:00:00","2014-05-19 00:00:00","2014-05-08 00:00:00","2014-05-28 00:00:00","3.0000","36.7500","36.7500","2014-05-27 22:00:00"
"69871","829","6","50","2014-05-08 00:00:00","2014-05-19 00:00:00","2014-05-08 00:00:00","2014-05-28 00:00:00","3.0000","36.7500","36.7500","2014-05-27 22:00:00"
"69884","894","6","50","2014-05-08 00:00:00","2014-05-19 00:00:00","2014-05-08 00:00:00","2014-05-28 00:00:00","3.0000","36.7500","36.7500","2014-05-27 22:00:00"
"69889","944","1","10","2014-05-08 00:00:00","2014-05-19 00:00:00","2014-05-08 00:00:00","2014-05-28 00:00:00","4.1000","92.2500","92.2500","2014-05-27 22:00:00"
"69889","944","2","20","2014-05-08 00:00:00","2014-05-19 00:00:00","2014-05-08 00:00:00","2014-05-28 00:00:00","3.5000","87.5000","87.5000","2014-05-27 22:00:00"
"69889","944","3","30","2014-05-08 00:00:00","2014-05-19 00:00:00","2014-05-08 00:00:00","2014-05-28 00:00:00","1.0000","14.5000","14.5000","2014-05-27 22:00:00"
"69889","944","5","45","2014-05-08 00:00:00","2014-05-19 00:00:00","2014-05-08 00:00:00","2014-05-28 00:00:00","2.0000","36.0000","36.0000","2014-05-27 22:00:00"
"69889","944","6","50","2014-05-08 00:00:00","2014-05-19 00:00:00","2014-05-08 00:00:00","2014-05-28 00:00:00","3.0000","36.7500","36.7500","2014-05-27 22:00:00"
"69889","944","7","60","2014-05-08 00:00:00","2014-05-19 00:00:00","2014-05-08 00:00:00","2014-05-28 00:00:00","4.0000","49.0000","49.0000","2014-05-27 22:00:00"
"69890","945","1","10","2014-05-08 00:00:00","2014-05-19 00:00:00","2014-05-08 00:00:00","2014-05-28 00:00:00","4.1000","92.2500","92.2500","2014-05-27 22:00:00"
"69890","945","6","50","2014-05-08 00:00:00","2014-05-19 00:00:00","2014-05-08 00:00:00","2014-05-28 00:00:00","3.0000","36.7500","36.7500","2014-05-27 22:00:00"
"69891","946","1","10","2014-05-08 00:00:00","2014-05-19 00:00:00","2014-05-08 00:00:00","2014-05-28 00:00:00","4.1000","92.2500","92.2500","2014-05-27 22:00:00"
"69891","946","2","20","2014-05-08 00:00:00","2014-05-19 00:00:00","2014-05-08 00:00:00","2014-05-28 00:00:00","3.5000","87.5000","87.5000","2014-05-27 22:00:00"
"69891","946","6","50","2014-05-08 00:00:00","2014-05-19 00:00:00","2014-05-08 00:00:00","2014-05-28 00:00:00","3.0000","36.7500","36.7500","2014-05-27 22:00:00"
"69892","947","1","10","2014-05-08 00:00:00","2014-05-19 00:00:00","2014-05-08 00:00:00","2014-05-28 00:00:00","4.1000","92.2500","92.2500","2014-05-27 22:00:00"
"69892","947","2","20","2014-05-08 00:00:00","2014-05-19 00:00:00","2014-05-08 00:00:00","2014-05-28 00:00:00","3.5000","87.5000","87.5000","2014-05-27 22:00:00"
"69892","947","6","50","2014-05-08 00:00:00","2014-05-19 00:00:00","2014-05-08 00:00:00","2014-05-28 00:00:00","3.0000","36.7500","36.7500","2014-05-27 22:00:00"
"69893","949","6","50","2014-05-08 00:00:00","2014-05-19 00:00:00","2014-05-08 00:00:00","2014-05-28 00:00:00","3.0000","36.7500","36.7500","2014-05-27 22:00:00"
"69894","950","6","50","2014-05-08 00:00:00","2014-05-19 00:00:00","2014-05-08 00:00:00","2014-05-28 00:00:00","3.0000","36.7500","36.7500","2014-05-27 22:00:00"
"69895","951","6","50","2014-05-08 00:00:00","2014-05-19 00:00:00","2014-05-08 00:00:00","2014-05-28 00:00:00","3.0000","36.7500","36.7500","2014-05-27 22:00:00"
"69896","994","6","50","2014-05-08 00:00:00","2014-05-19 00:00:00","2014-05-08 00:00:00","2014-05-28 00:00:00","3.0000","36.7500","36.7500","2014-05-27 22:00:00"
"69897","995","6","50","2014-05-08 00:00:00","2014-05-19 00:00:00","2014-05-08 00:00:00","2014-05-28 00:00:00","3.0000","36.7500","36.7500","2014-05-27 22:00:00"
"69898","996","6","50","2014-05-08 00:00:00","2014-05-19 00:00:00","2014-05-08 00:00:00","2014-05-28 00:00:00","3.0000","36.7500","36.7500","2014-05-27 22:00:00"
"69913","802","1","10","2014-05-08 00:00:00","2014-05-19 00:00:00","2014-05-08 00:00:00","2014-05-28 00:00:00","4.1000","92.2500","92.2500","2014-05-27 22:00:00"
"69913","802","6","50","2014-05-08 00:00:00","2014-05-19 00:00:00","2014-05-08 00:00:00","2014-05-28 00:00:00","3.0000","36.7500","36.7500","2014-05-27 22:00:00"
"69914","803","1","10","2014-05-08 00:00:00","2014-05-19 00:00:00","2014-05-08 00:00:00","2014-05-28 00:00:00","4.1000","92.2500","92.2500","2014-05-27 22:00:00"
"69914","803","6","50","2014-05-08 00:00:00","2014-05-19 00:00:00","2014-05-08 00:00:00","2014-05-28 00:00:00","3.0000","36.7500","36.7500","2014-05-27 22:00:00"
"69915","804","1","10","2014-05-08 00:00:00","2014-05-19 00:00:00","2014-05-08 00:00:00","2014-05-28 00:00:00","4.1000","92.2500","92.2500","2014-05-27 22:00:00"
"69915","804","6","50","2014-05-08 00:00:00","2014-05-19 00:00:00","2014-05-08 00:00:00","2014-05-28 00:00:00","3.0000","36.7500","36.7500","2014-05-27 22:00:00"
"69920","779","7","60","2014-05-09 00:00:00","2014-05-20 00:00:00","2014-05-18 00:00:00","2014-05-20 00:00:00","4.0000","49.0000","49.0000","2014-05-19 22:00:00"
"69921","780","7","60","2014-05-09 00:00:00","2014-05-20 00:00:00","2014-05-18 00:00:00","2014-05-20 00:00:00","4.0000","49.0000","49.0000","2014-05-19 22:00:00"
"69922","781","7","60","2014-05-09 00:00:00","2014-05-20 00:00:00","2014-05-18 00:00:00","2014-05-20 00:00:00","4.0000","49.0000","49.0000","2014-05-19 22:00:00"
"69923","782","7","60","2014-05-09 00:00:00","2014-05-20 00:00:00","2014-05-18 00:00:00","2014-05-20 00:00:00","4.0000","49.0000","49.0000","2014-05-19 22:00:00"
"69924","783","7","60","2014-05-09 00:00:00","2014-05-20 00:00:00","2014-05-18 00:00:00","2014-05-20 00:00:00","4.0000","49.0000","49.0000","2014-05-19 22:00:00"
"69925","784","7","60","2014-05-09 00:00:00","2014-05-20 00:00:00","2014-05-18 00:00:00","2014-05-20 00:00:00","4.0000","49.0000","49.0000","2014-05-19 22:00:00"
"69926","794","7","60","2014-05-09 00:00:00","2014-05-20 00:00:00","2014-05-18 00:00:00","2014-05-20 00:00:00","4.0000","49.0000","49.0000","2014-05-19 22:00:00"
"69927","795","7","60","2014-05-09 00:00:00","2014-05-20 00:00:00","2014-05-18 00:00:00","2014-05-20 00:00:00","4.0000","49.0000","49.0000","2014-05-19 22:00:00"
"69928","796","7","60","2014-05-09 00:00:00","2014-05-20 00:00:00","2014-05-18 00:00:00","2014-05-20 00:00:00","4.0000","49.0000","49.0000","2014-05-19 22:00:00"
"69929","798","7","60","2014-05-09 00:00:00","2014-05-20 00:00:00","2014-05-18 00:00:00","2014-05-20 00:00:00","4.0000","49.0000","49.0000","2014-05-19 22:00:00"
"69930","801","7","60","2014-05-09 00:00:00","2014-05-20 00:00:00","2014-05-18 00:00:00","2014-05-20 00:00:00","4.0000","49.0000","49.0000","2014-05-19 22:00:00"
"69931","954","7","60","2014-05-09 00:00:00","2014-05-20 00:00:00","2014-05-18 00:00:00","2014-05-20 00:00:00","4.0000","49.0000","49.0000","2014-05-19 22:00:00"
"69932","956","7","60","2014-05-09 00:00:00","2014-05-20 00:00:00","2014-05-18 00:00:00","2014-05-20 00:00:00","4.0000","49.0000","49.0000","2014-05-19 22:00:00"
"69933","961","7","60","2014-05-09 00:00:00","2014-05-20 00:00:00","2014-05-18 00:00:00","2014-05-20 00:00:00","4.0000","49.0000","49.0000","2014-05-19 22:00:00"
"69934","963","7","60","2014-05-09 00:00:00","2014-05-20 00:00:00","2014-05-18 00:00:00","2014-05-20 00:00:00","4.0000","49.0000","49.0000","2014-05-19 22:00:00"
"69935","965","7","60","2014-05-09 00:00:00","2014-05-20 00:00:00","2014-05-18 00:00:00","2014-05-20 00:00:00","4.0000","49.0000","49.0000","2014-05-19 22:00:00"
"69936","966","7","60","2014-05-09 00:00:00","2014-05-20 00:00:00","2014-05-18 00:00:00","2014-05-20 00:00:00","4.0000","49.0000","49.0000","2014-05-19 22:00:00"
"69937","971","7","60","2014-05-09 00:00:00","2014-05-20 00:00:00","2014-05-18 00:00:00","2014-05-20 00:00:00","4.0000","49.0000","49.0000","2014-05-19 22:00:00"
"69938","974","7","60","2014-05-09 00:00:00","2014-05-20 00:00:00","2014-05-18 00:00:00","2014-05-20 00:00:00","4.0000","49.0000","49.0000","2014-05-19 22:00:00"
"69939","975","7","60","2014-05-09 00:00:00","2014-05-20 00:00:00","2014-05-18 00:00:00","2014-05-20 00:00:00","4.0000","49.0000","49.0000","2014-05-19 22:00:00"
"69940","976","7","60","2014-05-09 00:00:00","2014-05-20 00:00:00","2014-05-18 00:00:00","2014-05-20 00:00:00","4.0000","49.0000","49.0000","2014-05-19 22:00:00"
"69941","977","7","60","2014-05-09 00:00:00","2014-05-20 00:00:00","2014-05-18 00:00:00","2014-05-20 00:00:00","4.0000","49.0000","49.0000","2014-05-19 22:00:00"
"69942","978","7","60","2014-05-09 00:00:00","2014-05-20 00:00:00","2014-05-18 00:00:00","2014-05-20 00:00:00","4.0000","49.0000","49.0000","2014-05-19 22:00:00"
"69943","980","7","60","2014-05-09 00:00:00","2014-05-20 00:00:00","2014-05-18 00:00:00","2014-05-20 00:00:00","4.0000","49.0000","49.0000","2014-05-19 22:00:00"
"69944","983","7","60","2014-05-09 00:00:00","2014-05-20 00:00:00","2014-05-18 00:00:00","2014-05-20 00:00:00","4.0000","49.0000","49.0000","2014-05-19 22:00:00"
"69945","988","7","60","2014-05-09 00:00:00","2014-05-20 00:00:00","2014-05-18 00:00:00","2014-05-20 00:00:00","4.0000","49.0000","49.0000","2014-05-19 22:00:00"
"69946","997","7","60","2014-05-09 00:00:00","2014-05-20 00:00:00","2014-05-18 00:00:00","2014-05-20 00:00:00","4.0000","49.0000","49.0000","2014-05-19 22:00:00"
"69947","998","7","60","2014-05-09 00:00:00","2014-05-20 00:00:00","2014-05-18 00:00:00","2014-05-20 00:00:00","4.0000","49.0000","49.0000","2014-05-19 22:00:00"
"69948","999","7","60","2014-05-09 00:00:00","2014-05-20 00:00:00","2014-05-18 00:00:00","2014-05-20 00:00:00","4.0000","49.0000","49.0000","2014-05-19 22:00:00"
"69949","514","6","50","2014-05-09 00:00:00","2014-05-20 00:00:00","2014-05-18 00:00:00","2014-05-20 00:00:00","3.0000","36.7500","36.7500","2014-05-19 22:00:00"
"69949","514","7","60","2014-05-09 00:00:00","2014-05-20 00:00:00","2014-05-18 00:00:00","2014-05-20 00:00:00","4.0000","49.0000","49.0000","2014-05-19 22:00:00"
"69950","516","6","50","2014-05-09 00:00:00","2014-05-20 00:00:00","2014-05-18 00:00:00","2014-05-20 00:00:00","3.0000","36.7500","36.7500","2014-05-19 22:00:00"
"69950","516","7","60","2014-05-09 00:00:00","2014-05-20 00:00:00","2014-05-18 00:00:00","2014-05-20 00:00:00","4.0000","49.0000","49.0000","2014-05-19 22:00:00"
"69951","517","6","50","2014-05-09 00:00:00","2014-05-20 00:00:00","2014-05-18 00:00:00","2014-05-20 00:00:00","3.0000","36.7500","36.7500","2014-05-19 22:00:00"
"69951","517","7","60","2014-05-09 00:00:00","2014-05-20 00:00:00","2014-05-18 00:00:00","2014-05-20 00:00:00","4.0000","49.0000","49.0000","2014-05-19 22:00:00"
"69952","518","6","50","2014-05-09 00:00:00","2014-05-20 00:00:00","2014-05-18 00:00:00","2014-05-20 00:00:00","3.0000","36.7500","36.7500","2014-05-19 22:00:00"
"69952","518","7","60","2014-05-09 00:00:00","2014-05-20 00:00:00","2014-05-18 00:00:00","2014-05-20 00:00:00","4.0000","49.0000","49.0000","2014-05-19 22:00:00"
"69953","519","6","50","2014-05-09 00:00:00","2014-05-20 00:00:00","2014-05-18 00:00:00","2014-05-20 00:00:00","3.0000","36.7500","36.7500","2014-05-19 22:00:00"
"69953","519","7","60","2014-05-09 00:00:00","2014-05-20 00:00:00","2014-05-18 00:00:00","2014-05-20 00:00:00","4.0000","49.0000","49.0000","2014-05-19 22:00:00"
"69954","520","6","50","2014-05-09 00:00:00","2014-05-20 00:00:00","2014-05-18 00:00:00","2014-05-20 00:00:00","3.0000","36.7500","36.7500","2014-05-19 22:00:00"
"69954","520","7","60","2014-05-09 00:00:00","2014-05-20 00:00:00","2014-05-18 00:00:00","2014-05-20 00:00:00","4.0000","49.0000","49.0000","2014-05-19 22:00:00"
"69955","521","6","50","2014-05-09 00:00:00","2014-05-20 00:00:00","2014-05-18 00:00:00","2014-05-20 00:00:00","3.0000","36.7500","36.7500","2014-05-19 22:00:00"
"69955","521","7","60","2014-05-09 00:00:00","2014-05-20 00:00:00","2014-05-18 00:00:00","2014-05-20 00:00:00","4.0000","49.0000","49.0000","2014-05-19 22:00:00"
"69956","522","6","50","2014-05-09 00:00:00","2014-05-20 00:00:00","2014-05-18 00:00:00","2014-05-20 00:00:00","3.0000","36.7500","36.7500","2014-05-19 22:00:00"
"69956","522","7","60","2014-05-09 00:00:00","2014-05-20 00:00:00","2014-05-18 00:00:00","2014-05-20 00:00:00","4.0000","49.0000","49.0000","2014-05-19 22:00:00"
"69966","747","1","10","2014-05-09 00:00:00","2014-05-20 00:00:00","2014-05-18 00:00:00","2014-05-20 00:00:00","4.1000","92.2500","92.2500","2014-05-19 22:00:00"
"69966","747","2","20","2014-05-09 00:00:00","2014-05-20 00:00:00","2014-05-18 00:00:00","2014-05-20 00:00:00","3.5000","87.5000","87.5000","2014-05-19 22:00:00"
"69966","747","3","30","2014-05-09 00:00:00","2014-05-20 00:00:00","2014-05-18 00:00:00","2014-05-20 00:00:00","1.0000","14.5000","14.5000","2014-05-19 22:00:00"
"69966","747","4","40","2014-05-09 00:00:00","2014-05-20 00:00:00","2014-05-18 00:00:00","2014-05-20 00:00:00","2.0000","31.5000","31.5000","2014-05-19 22:00:00"
"69966","747","6","50","2014-05-09 00:00:00","2014-05-20 00:00:00","2014-05-18 00:00:00","2014-05-20 00:00:00","3.0000","36.7500","36.7500","2014-05-19 22:00:00"
"69966","747","7","60","2014-05-09 00:00:00","2014-05-20 00:00:00","2014-05-18 00:00:00","2014-05-20 00:00:00","4.0000","49.0000","49.0000","2014-05-19 22:00:00"
"69967","748","1","10","2014-05-09 00:00:00","2014-05-20 00:00:00","2014-05-18 00:00:00","2014-05-20 00:00:00","4.1000","92.2500","92.2500","2014-05-19 22:00:00"
"69967","748","2","20","2014-05-09 00:00:00","2014-05-20 00:00:00","2014-05-18 00:00:00","2014-05-20 00:00:00","3.5000","87.5000","87.5000","2014-05-19 22:00:00"
"69967","748","3","30","2014-05-09 00:00:00","2014-05-20 00:00:00","2014-05-18 00:00:00","2014-05-20 00:00:00","1.0000","14.5000","14.5000","2014-05-19 22:00:00"
"69967","748","5","45","2014-05-09 00:00:00","2014-05-20 00:00:00","2014-05-18 00:00:00","2014-05-20 00:00:00","2.0000","36.0000","36.0000","2014-05-19 22:00:00"
"69967","748","6","50","2014-05-09 00:00:00","2014-05-20 00:00:00","2014-05-18 00:00:00","2014-05-20 00:00:00","3.0000","36.7500","36.7500","2014-05-19 22:00:00"
"69967","748","7","60","2014-05-09 00:00:00","2014-05-20 00:00:00","2014-05-18 00:00:00","2014-05-20 00:00:00","4.0000","49.0000","49.0000","2014-05-19 22:00:00"
"69968","805","6","50","2014-05-09 00:00:00","2014-05-20 00:00:00","2014-05-18 00:00:00","2014-05-20 00:00:00","3.0000","36.7500","36.7500","2014-05-19 22:00:00"
"69969","806","6","50","2014-05-09 00:00:00","2014-05-20 00:00:00","2014-05-18 00:00:00","2014-05-20 00:00:00","3.0000","36.7500","36.7500","2014-05-19 22:00:00"
"69970","807","6","50","2014-05-09 00:00:00","2014-05-20 00:00:00","2014-05-18 00:00:00","2014-05-20 00:00:00","3.0000","36.7500","36.7500","2014-05-19 22:00:00"
"69971","808","1","10","2014-05-09 00:00:00","2014-05-20 00:00:00","2014-05-18 00:00:00","2014-05-20 00:00:00","4.1000","92.2500","92.2500","2014-05-19 22:00:00"
"69971","808","2","20","2014-05-09 00:00:00","2014-05-20 00:00:00","2014-05-18 00:00:00","2014-05-20 00:00:00","3.5000","87.5000","87.5000","2014-05-19 22:00:00"
"69971","808","6","50","2014-05-09 00:00:00","2014-05-20 00:00:00","2014-05-18 00:00:00","2014-05-20 00:00:00","3.0000","36.7500","36.7500","2014-05-19 22:00:00"
"69972","810","1","10","2014-05-09 00:00:00","2014-05-20 00:00:00","2014-05-18 00:00:00","2014-05-20 00:00:00","4.1000","92.2500","92.2500","2014-05-19 22:00:00"
"69972","810","2","20","2014-05-09 00:00:00","2014-05-20 00:00:00","2014-05-18 00:00:00","2014-05-20 00:00:00","3.5000","87.5000","87.5000","2014-05-19 22:00:00"
"69972","810","6","50","2014-05-09 00:00:00","2014-05-20 00:00:00","2014-05-18 00:00:00","2014-05-20 00:00:00","3.0000","36.7500","36.7500","2014-05-19 22:00:00"
"69973","811","1","10","2014-05-09 00:00:00","2014-05-20 00:00:00","2014-05-18 00:00:00","2014-05-20 00:00:00","4.1000","92.2500","92.2500","2014-05-19 22:00:00"
"69973","811","2","20","2014-05-09 00:00:00","2014-05-20 00:00:00","2014-05-18 00:00:00","2014-05-20 00:00:00","3.5000","87.5000","87.5000","2014-05-19 22:00:00"
"69973","811","6","50","2014-05-09 00:00:00","2014-05-20 00:00:00","2014-05-18 00:00:00","2014-05-20 00:00:00","3.0000","36.7500","36.7500","2014-05-19 22:00:00"
"69974","812","1","10","2014-05-09 00:00:00","2014-05-20 00:00:00","2014-05-18 00:00:00","2014-05-20 00:00:00","4.1000","92.2500","92.2500","2014-05-19 22:00:00"
"69974","812","2","20","2014-05-09 00:00:00","2014-05-20 00:00:00","2014-05-18 00:00:00","2014-05-20 00:00:00","3.5000","87.5000","87.5000","2014-05-19 22:00:00"
"69974","812","6","50","2014-05-09 00:00:00","2014-05-20 00:00:00","2014-05-18 00:00:00","2014-05-20 00:00:00","3.0000","36.7500","36.7500","2014-05-19 22:00:00"
"69975","813","1","10","2014-05-09 00:00:00","2014-05-20 00:00:00","2014-05-18 00:00:00","2014-05-20 00:00:00","4.1000","92.2500","92.2500","2014-05-19 22:00:00"
"69975","813","2","20","2014-05-09 00:00:00","2014-05-20 00:00:00","2014-05-18 00:00:00","2014-05-20 00:00:00","3.5000","87.5000","87.5000","2014-05-19 22:00:00"
"69975","813","6","50","2014-05-09 00:00:00","2014-05-20 00:00:00","2014-05-18 00:00:00","2014-05-20 00:00:00","3.0000","36.7500","36.7500","2014-05-19 22:00:00"
"69976","815","6","50","2014-05-09 00:00:00","2014-05-20 00:00:00","2014-05-18 00:00:00","2014-05-20 00:00:00","3.0000","36.7500","36.7500","2014-05-19 22:00:00"
"69977","816","6","50","2014-05-09 00:00:00","2014-05-20 00:00:00","2014-05-18 00:00:00","2014-05-20 00:00:00","3.0000","36.7500","36.7500","2014-05-19 22:00:00"
"69978","818","6","50","2014-05-09 00:00:00","2014-05-20 00:00:00","2014-05-18 00:00:00","2014-05-20 00:00:00","3.0000","36.7500","36.7500","2014-05-19 22:00:00"
"69979","819","6","50","2014-05-09 00:00:00","2014-05-20 00:00:00","2014-05-18 00:00:00","2014-05-20 00:00:00","3.0000","36.7500","36.7500","2014-05-19 22:00:00"
"69980","820","6","50","2014-05-09 00:00:00","2014-05-20 00:00:00","2014-05-18 00:00:00","2014-05-20 00:00:00","3.0000","36.7500","36.7500","2014-05-19 22:00:00"
"69981","821","6","50","2014-05-09 00:00:00","2014-05-20 00:00:00","2014-05-18 00:00:00","2014-05-20 00:00:00","3.0000","36.7500","36.7500","2014-05-19 22:00:00"
"69982","823","6","50","2014-05-09 00:00:00","2014-05-20 00:00:00","2014-05-18 00:00:00","2014-05-20 00:00:00","3.0000","36.7500","36.7500","2014-05-19 22:00:00"
"69983","824","6","50","2014-05-09 00:00:00","2014-05-20 00:00:00","2014-05-18 00:00:00","2014-05-20 00:00:00","3.0000","36.7500","36.7500","2014-05-19 22:00:00"
"69984","826","6","50","2014-05-09 00:00:00","2014-05-20 00:00:00","2014-05-18 00:00:00","2014-05-20 00:00:00","3.0000","36.7500","36.7500","2014-05-19 22:00:00"
"69985","827","6","50","2014-05-09 00:00:00","2014-05-20 00:00:00","2014-05-18 00:00:00","2014-05-20 00:00:00","3.0000","36.7500","36.7500","2014-05-19 22:00:00"
"69986","828","6","50","2014-05-09 00:00:00","2014-05-20 00:00:00","2014-05-18 00:00:00","2014-05-20 00:00:00","3.0000","36.7500","36.7500","2014-05-19 22:00:00"
"69987","829","6","50","2014-05-09 00:00:00","2014-05-20 00:00:00","2014-05-18 00:00:00","2014-05-20 00:00:00","3.0000","36.7500","36.7500","2014-05-19 22:00:00"
"69999","894","6","50","2014-05-09 00:00:00","2014-05-20 00:00:00","2014-05-18 00:00:00","2014-05-20 00:00:00","3.0000","36.7500","36.7500","2014-05-19 22:00:00"
"70005","942","1","10","2014-05-09 00:00:00","2014-05-20 00:00:00","2014-05-18 00:00:00","2014-05-20 00:00:00","4.1000","92.2500","92.2500","2014-05-19 22:00:00"
"70005","942","2","20","2014-05-09 00:00:00","2014-05-20 00:00:00","2014-05-18 00:00:00","2014-05-20 00:00:00","3.5000","87.5000","87.5000","2014-05-19 22:00:00"
"70005","942","3","30","2014-05-09 00:00:00","2014-05-20 00:00:00","2014-05-18 00:00:00","2014-05-20 00:00:00","1.0000","14.5000","14.5000","2014-05-19 22:00:00"
"70005","942","5","45","2014-05-09 00:00:00","2014-05-20 00:00:00","2014-05-18 00:00:00","2014-05-20 00:00:00","2.0000","36.0000","36.0000","2014-05-19 22:00:00"
"70005","942","6","50","2014-05-09 00:00:00","2014-05-20 00:00:00","2014-05-18 00:00:00","2014-05-20 00:00:00","3.0000","36.7500","36.7500","2014-05-19 22:00:00"
"70005","942","7","60","2014-05-09 00:00:00","2014-05-20 00:00:00","2014-05-18 00:00:00","2014-05-20 00:00:00","4.0000","49.0000","49.0000","2014-05-19 22:00:00"
"70006","945","1","10","2014-05-09 00:00:00","2014-05-20 00:00:00","2014-05-18 00:00:00","2014-05-20 00:00:00","4.1000","92.2500","92.2500","2014-05-19 22:00:00"
"70006","945","6","50","2014-05-09 00:00:00","2014-05-20 00:00:00","2014-05-18 00:00:00","2014-05-20 00:00:00","3.0000","36.7500","36.7500","2014-05-19 22:00:00"
"70007","946","1","10","2014-05-09 00:00:00","2014-05-20 00:00:00","2014-05-18 00:00:00","2014-05-20 00:00:00","4.1000","92.2500","92.2500","2014-05-19 22:00:00"
"70007","946","2","20","2014-05-09 00:00:00","2014-05-20 00:00:00","2014-05-18 00:00:00","2014-05-20 00:00:00","3.5000","87.5000","87.5000","2014-05-19 22:00:00"
"70007","946","6","50","2014-05-09 00:00:00","2014-05-20 00:00:00","2014-05-18 00:00:00","2014-05-20 00:00:00","3.0000","36.7500","36.7500","2014-05-19 22:00:00"
"70008","947","1","10","2014-05-09 00:00:00","2014-05-20 00:00:00","2014-05-18 00:00:00","2014-05-20 00:00:00","4.1000","92.2500","92.2500","2014-05-19 22:00:00"
"70008","947","2","20","2014-05-09 00:00:00","2014-05-20 00:00:00","2014-05-18 00:00:00","2014-05-20 00:00:00","3.5000","87.5000","87.5000","2014-05-19 22:00:00"
"70008","947","6","50","2014-05-09 00:00:00","2014-05-20 00:00:00","2014-05-18 00:00:00","2014-05-20 00:00:00","3.0000","36.7500","36.7500","2014-05-19 22:00:00"
"70009","949","6","50","2014-05-09 00:00:00","2014-05-20 00:00:00","2014-05-18 00:00:00","2014-05-20 00:00:00","3.0000","36.7500","36.7500","2014-05-19 22:00:00"
"70010","950","6","50","2014-05-09 00:00:00","2014-05-20 00:00:00","2014-05-18 00:00:00","2014-05-20 00:00:00","3.0000","36.7500","36.7500","2014-05-19 22:00:00"
"70011","951","6","50","2014-05-09 00:00:00","2014-05-20 00:00:00","2014-05-18 00:00:00","2014-05-20 00:00:00","3.0000","36.7500","36.7500","2014-05-19 22:00:00"
"70012","994","6","50","2014-05-09 00:00:00","2014-05-20 00:00:00","2014-05-18 00:00:00","2014-05-20 00:00:00","3.0000","36.7500","36.7500","2014-05-19 22:00:00"
"70013","995","6","50","2014-05-09 00:00:00","2014-05-20 00:00:00","2014-05-18 00:00:00","2014-05-20 00:00:00","3.0000","36.7500","36.7500","2014-05-19 22:00:00"
"70014","996","6","50","2014-05-09 00:00:00","2014-05-20 00:00:00","2014-05-18 00:00:00","2014-05-20 00:00:00","3.0000","36.7500","36.7500","2014-05-19 22:00:00"
"70029","802","1","10","2014-05-09 00:00:00","2014-05-20 00:00:00","2014-05-18 00:00:00","2014-05-20 00:00:00","4.1000","92.2500","92.2500","2014-05-19 22:00:00"
"70029","802","6","50","2014-05-09 00:00:00","2014-05-20 00:00:00","2014-05-18 00:00:00","2014-05-20 00:00:00","3.0000","36.7500","36.7500","2014-05-19 22:00:00"
"70030","803","1","10","2014-05-09 00:00:00","2014-05-20 00:00:00","2014-05-18 00:00:00","2014-05-20 00:00:00","4.1000","92.2500","92.2500","2014-05-19 22:00:00"
"70030","803","6","50","2014-05-09 00:00:00","2014-05-20 00:00:00","2014-05-18 00:00:00","2014-05-20 00:00:00","3.0000","36.7500","36.7500","2014-05-19 22:00:00"
"70031","804","1","10","2014-05-09 00:00:00","2014-05-20 00:00:00","2014-05-18 00:00:00","2014-05-20 00:00:00","4.1000","92.2500","92.2500","2014-05-19 22:00:00"
"70031","804","6","50","2014-05-09 00:00:00","2014-05-20 00:00:00","2014-05-18 00:00:00","2014-05-20 00:00:00","3.0000","36.7500","36.7500","2014-05-19 22:00:00"
"70036","779","7","60","2014-05-10 00:00:00","2014-05-21 00:00:00","2014-05-10 00:00:00","2014-06-01 00:00:00","4.0000","49.0000","49.0000","2014-05-31 22:00:00"
"70037","780","7","60","2014-05-10 00:00:00","2014-05-21 00:00:00","2014-05-10 00:00:00","2014-06-01 00:00:00","4.0000","49.0000","49.0000","2014-05-31 22:00:00"
"70038","781","7","60","2014-05-10 00:00:00","2014-05-21 00:00:00","2014-05-10 00:00:00","2014-06-01 00:00:00","4.0000","49.0000","49.0000","2014-05-31 22:00:00"
"70039","782","7","60","2014-05-10 00:00:00","2014-05-21 00:00:00","2014-05-10 00:00:00","2014-06-01 00:00:00","4.0000","49.0000","49.0000","2014-05-31 22:00:00"
"70040","783","7","60","2014-05-10 00:00:00","2014-05-21 00:00:00","2014-05-10 00:00:00","2014-06-01 00:00:00","4.0000","49.0000","49.0000","2014-05-31 22:00:00"
"70041","784","7","60","2014-05-10 00:00:00","2014-05-21 00:00:00","2014-05-10 00:00:00","2014-06-01 00:00:00","4.0000","49.0000","49.0000","2014-05-31 22:00:00"
"70042","793","7","60","2014-05-10 00:00:00","2014-05-21 00:00:00","2014-05-10 00:00:00","2014-06-01 00:00:00","4.0000","49.0000","49.0000","2014-05-31 22:00:00"
"70043","794","7","60","2014-05-10 00:00:00","2014-05-21 00:00:00","2014-05-10 00:00:00","2014-06-01 00:00:00","4.0000","49.0000","49.0000","2014-05-31 22:00:00"
"70044","797","7","60","2014-05-10 00:00:00","2014-05-21 00:00:00","2014-05-10 00:00:00","2014-06-01 00:00:00","4.0000","49.0000","49.0000","2014-05-31 22:00:00"
"70045","801","7","60","2014-05-10 00:00:00","2014-05-21 00:00:00","2014-05-10 00:00:00","2014-06-01 00:00:00","4.0000","49.0000","49.0000","2014-05-31 22:00:00"
"70046","953","7","60","2014-05-10 00:00:00","2014-05-21 00:00:00","2014-05-10 00:00:00","2014-06-01 00:00:00","4.0000","49.0000","49.0000","2014-05-31 22:00:00"
"70047","954","7","60","2014-05-10 00:00:00","2014-05-21 00:00:00","2014-05-10 00:00:00","2014-06-01 00:00:00","4.0000","49.0000","49.0000","2014-05-31 22:00:00"
"70048","963","7","60","2014-05-10 00:00:00","2014-05-21 00:00:00","2014-05-10 00:00:00","2014-06-01 00:00:00","4.0000","49.0000","49.0000","2014-05-31 22:00:00"
"70049","966","7","60","2014-05-10 00:00:00","2014-05-21 00:00:00","2014-05-10 00:00:00","2014-06-01 00:00:00","4.0000","49.0000","49.0000","2014-05-31 22:00:00"
"70050","967","7","60","2014-05-10 00:00:00","2014-05-21 00:00:00","2014-05-10 00:00:00","2014-06-01 00:00:00","4.0000","49.0000","49.0000","2014-05-31 22:00:00"
"70051","968","7","60","2014-05-10 00:00:00","2014-05-21 00:00:00","2014-05-10 00:00:00","2014-06-01 00:00:00","4.0000","49.0000","49.0000","2014-05-31 22:00:00"
"70052","969","7","60","2014-05-10 00:00:00","2014-05-21 00:00:00","2014-05-10 00:00:00","2014-06-01 00:00:00","4.0000","49.0000","49.0000","2014-05-31 22:00:00"
"70053","970","7","60","2014-05-10 00:00:00","2014-05-21 00:00:00","2014-05-10 00:00:00","2014-06-01 00:00:00","4.0000","49.0000","49.0000","2014-05-31 22:00:00"
"70054","971","7","60","2014-05-10 00:00:00","2014-05-21 00:00:00","2014-05-10 00:00:00","2014-06-01 00:00:00","4.0000","49.0000","49.0000","2014-05-31 22:00:00"
"70055","972","7","60","2014-05-10 00:00:00","2014-05-21 00:00:00","2014-05-10 00:00:00","2014-06-01 00:00:00","4.0000","49.0000","49.0000","2014-05-31 22:00:00"
"70056","973","7","60","2014-05-10 00:00:00","2014-05-21 00:00:00","2014-05-10 00:00:00","2014-06-01 00:00:00","4.0000","49.0000","49.0000","2014-05-31 22:00:00"
"70057","974","7","60","2014-05-10 00:00:00","2014-05-21 00:00:00","2014-05-10 00:00:00","2014-06-01 00:00:00","4.0000","49.0000","49.0000","2014-05-31 22:00:00"
"70058","975","7","60","2014-05-10 00:00:00","2014-05-21 00:00:00","2014-05-10 00:00:00","2014-06-01 00:00:00","4.0000","49.0000","49.0000","2014-05-31 22:00:00"
"70059","977","7","60","2014-05-10 00:00:00","2014-05-21 00:00:00","2014-05-10 00:00:00","2014-06-01 00:00:00","4.0000","49.0000","49.0000","2014-05-31 22:00:00"
"70060","980","7","60","2014-05-10 00:00:00","2014-05-21 00:00:00","2014-05-10 00:00:00","2014-06-01 00:00:00","4.0000","49.0000","49.0000","2014-05-31 22:00:00"
"70061","982","7","60","2014-05-10 00:00:00","2014-05-21 00:00:00","2014-05-10 00:00:00","2014-06-01 00:00:00","4.0000","49.0000","49.0000","2014-05-31 22:00:00"
"70062","986","7","60","2014-05-10 00:00:00","2014-05-21 00:00:00","2014-05-10 00:00:00","2014-06-01 00:00:00","4.0000","49.0000","49.0000","2014-05-31 22:00:00"
"70063","990","7","60","2014-05-10 00:00:00","2014-05-21 00:00:00","2014-05-10 00:00:00","2014-06-01 00:00:00","4.0000","49.0000","49.0000","2014-05-31 22:00:00"
"70064","998","7","60","2014-05-10 00:00:00","2014-05-21 00:00:00","2014-05-10 00:00:00","2014-06-01 00:00:00","4.0000","49.0000","49.0000","2014-05-31 22:00:00"
"70065","999","7","60","2014-05-10 00:00:00","2014-05-21 00:00:00","2014-05-10 00:00:00","2014-06-01 00:00:00","4.0000","49.0000","49.0000","2014-05-31 22:00:00"
"70066","514","6","50","2014-05-10 00:00:00","2014-05-21 00:00:00","2014-05-10 00:00:00","2014-06-01 00:00:00","3.0000","36.7500","36.7500","2014-05-31 22:00:00"
"70066","514","7","60","2014-05-10 00:00:00","2014-05-21 00:00:00","2014-05-10 00:00:00","2014-06-01 00:00:00","4.0000","49.0000","49.0000","2014-05-31 22:00:00"
"70067","516","6","50","2014-05-10 00:00:00","2014-05-21 00:00:00","2014-05-10 00:00:00","2014-06-01 00:00:00","3.0000","36.7500","36.7500","2014-05-31 22:00:00"
"70067","516","7","60","2014-05-10 00:00:00","2014-05-21 00:00:00","2014-05-10 00:00:00","2014-06-01 00:00:00","4.0000","49.0000","49.0000","2014-05-31 22:00:00"
"70068","517","6","50","2014-05-10 00:00:00","2014-05-21 00:00:00","2014-05-10 00:00:00","2014-06-01 00:00:00","3.0000","36.7500","36.7500","2014-05-31 22:00:00"
"70068","517","7","60","2014-05-10 00:00:00","2014-05-21 00:00:00","2014-05-10 00:00:00","2014-06-01 00:00:00","4.0000","49.0000","49.0000","2014-05-31 22:00:00"
"70069","518","6","50","2014-05-10 00:00:00","2014-05-21 00:00:00","2014-05-10 00:00:00","2014-06-01 00:00:00","3.0000","36.7500","36.7500","2014-05-31 22:00:00"
"70069","518","7","60","2014-05-10 00:00:00","2014-05-21 00:00:00","2014-05-10 00:00:00","2014-06-01 00:00:00","4.0000","49.0000","49.0000","2014-05-31 22:00:00"
"70070","519","6","50","2014-05-10 00:00:00","2014-05-21 00:00:00","2014-05-10 00:00:00","2014-06-01 00:00:00","3.0000","36.7500","36.7500","2014-05-31 22:00:00"
"70070","519","7","60","2014-05-10 00:00:00","2014-05-21 00:00:00","2014-05-10 00:00:00","2014-06-01 00:00:00","4.0000","49.0000","49.0000","2014-05-31 22:00:00"
"70071","520","6","50","2014-05-10 00:00:00","2014-05-21 00:00:00","2014-05-10 00:00:00","2014-06-01 00:00:00","3.0000","36.7500","36.7500","2014-05-31 22:00:00"
"70071","520","7","60","2014-05-10 00:00:00","2014-05-21 00:00:00","2014-05-10 00:00:00","2014-06-01 00:00:00","4.0000","49.0000","49.0000","2014-05-31 22:00:00"
"70072","521","6","50","2014-05-10 00:00:00","2014-05-21 00:00:00","2014-05-10 00:00:00","2014-06-01 00:00:00","3.0000","36.7500","36.7500","2014-05-31 22:00:00"
"70072","521","7","60","2014-05-10 00:00:00","2014-05-21 00:00:00","2014-05-10 00:00:00","2014-06-01 00:00:00","4.0000","49.0000","49.0000","2014-05-31 22:00:00"
"70073","522","6","50","2014-05-10 00:00:00","2014-05-21 00:00:00","2014-05-10 00:00:00","2014-06-01 00:00:00","3.0000","36.7500","36.7500","2014-05-31 22:00:00"
"70073","522","7","60","2014-05-10 00:00:00","2014-05-21 00:00:00","2014-05-10 00:00:00","2014-06-01 00:00:00","4.0000","49.0000","49.0000","2014-05-31 22:00:00"
"70081","747","1","10","2014-05-10 00:00:00","2014-05-21 00:00:00","2014-05-10 00:00:00","2014-06-01 00:00:00","4.1000","92.2500","92.2500","2014-05-31 22:00:00"
"70081","747","2","20","2014-05-10 00:00:00","2014-05-21 00:00:00","2014-05-10 00:00:00","2014-06-01 00:00:00","3.5000","87.5000","87.5000","2014-05-31 22:00:00"
"70081","747","3","30","2014-05-10 00:00:00","2014-05-21 00:00:00","2014-05-10 00:00:00","2014-06-01 00:00:00","1.0000","14.5000","14.5000","2014-05-31 22:00:00"
"70081","747","4","40","2014-05-10 00:00:00","2014-05-21 00:00:00","2014-05-10 00:00:00","2014-06-01 00:00:00","2.0000","31.5000","31.5000","2014-05-31 22:00:00"
"70081","747","6","50","2014-05-10 00:00:00","2014-05-21 00:00:00","2014-05-10 00:00:00","2014-06-01 00:00:00","3.0000","36.7500","36.7500","2014-05-31 22:00:00"
"70081","747","7","60","2014-05-10 00:00:00","2014-05-21 00:00:00","2014-05-10 00:00:00","2014-06-01 00:00:00","4.0000","49.0000","49.0000","2014-05-31 22:00:00"
"70082","748","1","10","2014-05-10 00:00:00","2014-05-21 00:00:00","2014-05-10 00:00:00","2014-06-01 00:00:00","4.1000","92.2500","92.2500","2014-05-31 22:00:00"
"70082","748","2","20","2014-05-10 00:00:00","2014-05-21 00:00:00","2014-05-10 00:00:00","2014-06-01 00:00:00","3.5000","87.5000","87.5000","2014-05-31 22:00:00"
"70082","748","3","30","2014-05-10 00:00:00","2014-05-21 00:00:00","2014-05-10 00:00:00","2014-06-01 00:00:00","1.0000","14.5000","14.5000","2014-05-31 22:00:00"
"70082","748","5","45","2014-05-10 00:00:00","2014-05-21 00:00:00","2014-05-10 00:00:00","2014-06-01 00:00:00","2.0000","36.0000","36.0000","2014-05-31 22:00:00"
"70082","748","6","50","2014-05-10 00:00:00","2014-05-21 00:00:00","2014-05-10 00:00:00","2014-06-01 00:00:00","3.0000","36.7500","36.7500","2014-05-31 22:00:00"
"70082","748","7","60","2014-05-10 00:00:00","2014-05-21 00:00:00","2014-05-10 00:00:00","2014-06-01 00:00:00","4.0000","49.0000","49.0000","2014-05-31 22:00:00"
"70083","805","6","50","2014-05-10 00:00:00","2014-05-21 00:00:00","2014-05-10 00:00:00","2014-06-01 00:00:00","3.0000","36.7500","36.7500","2014-05-31 22:00:00"
"70084","806","6","50","2014-05-10 00:00:00","2014-05-21 00:00:00","2014-05-10 00:00:00","2014-06-01 00:00:00","3.0000","36.7500","36.7500","2014-05-31 22:00:00"
"70085","807","6","50","2014-05-10 00:00:00","2014-05-21 00:00:00","2014-05-10 00:00:00","2014-06-01 00:00:00","3.0000","36.7500","36.7500","2014-05-31 22:00:00"
"70086","808","1","10","2014-05-10 00:00:00","2014-05-21 00:00:00","2014-05-10 00:00:00","2014-06-01 00:00:00","4.1000","92.2500","92.2500","2014-05-31 22:00:00"
"70086","808","2","20","2014-05-10 00:00:00","2014-05-21 00:00:00","2014-05-10 00:00:00","2014-06-01 00:00:00","3.5000","87.5000","87.5000","2014-05-31 22:00:00"
"70086","808","6","50","2014-05-10 00:00:00","2014-05-21 00:00:00","2014-05-10 00:00:00","2014-06-01 00:00:00","3.0000","36.7500","36.7500","2014-05-31 22:00:00"
"70087","810","1","10","2014-05-10 00:00:00","2014-05-21 00:00:00","2014-05-10 00:00:00","2014-06-01 00:00:00","4.1000","92.2500","92.2500","2014-05-31 22:00:00"
"70087","810","2","20","2014-05-10 00:00:00","2014-05-21 00:00:00","2014-05-10 00:00:00","2014-06-01 00:00:00","3.5000","87.5000","87.5000","2014-05-31 22:00:00"
"70087","810","6","50","2014-05-10 00:00:00","2014-05-21 00:00:00","2014-05-10 00:00:00","2014-06-01 00:00:00","3.0000","36.7500","36.7500","2014-05-31 22:00:00"
"70088","811","1","10","2014-05-10 00:00:00","2014-05-21 00:00:00","2014-05-10 00:00:00","2014-06-01 00:00:00","4.1000","92.2500","92.2500","2014-05-31 22:00:00"
"70088","811","2","20","2014-05-10 00:00:00","2014-05-21 00:00:00","2014-05-10 00:00:00","2014-06-01 00:00:00","3.5000","87.5000","87.5000","2014-05-31 22:00:00"
"70088","811","6","50","2014-05-10 00:00:00","2014-05-21 00:00:00","2014-05-10 00:00:00","2014-06-01 00:00:00","3.0000","36.7500","36.7500","2014-05-31 22:00:00"
"70089","812","1","10","2014-05-10 00:00:00","2014-05-21 00:00:00","2014-05-10 00:00:00","2014-06-01 00:00:00","4.1000","92.2500","92.2500","2014-05-31 22:00:00"
"70089","812","2","20","2014-05-10 00:00:00","2014-05-21 00:00:00","2014-05-10 00:00:00","2014-06-01 00:00:00","3.5000","87.5000","87.5000","2014-05-31 22:00:00"
"70089","812","6","50","2014-05-10 00:00:00","2014-05-21 00:00:00","2014-05-10 00:00:00","2014-06-01 00:00:00","3.0000","36.7500","36.7500","2014-05-31 22:00:00"
"70090","813","1","10","2014-05-10 00:00:00","2014-05-21 00:00:00","2014-05-10 00:00:00","2014-06-01 00:00:00","4.1000","92.2500","92.2500","2014-05-31 22:00:00"
"70090","813","2","20","2014-05-10 00:00:00","2014-05-21 00:00:00","2014-05-10 00:00:00","2014-06-01 00:00:00","3.5000","87.5000","87.5000","2014-05-31 22:00:00"
"70090","813","6","50","2014-05-10 00:00:00","2014-05-21 00:00:00","2014-05-10 00:00:00","2014-06-01 00:00:00","3.0000","36.7500","36.7500","2014-05-31 22:00:00"
"70091","815","6","50","2014-05-10 00:00:00","2014-05-21 00:00:00","2014-05-10 00:00:00","2014-06-01 00:00:00","3.0000","36.7500","36.7500","2014-05-31 22:00:00"
"70092","816","6","50","2014-05-10 00:00:00","2014-05-21 00:00:00","2014-05-10 00:00:00","2014-06-01 00:00:00","3.0000","36.7500","36.7500","2014-05-31 22:00:00"
"70093","818","6","50","2014-05-10 00:00:00","2014-05-21 00:00:00","2014-05-10 00:00:00","2014-06-01 00:00:00","3.0000","36.7500","36.7500","2014-05-31 22:00:00"
"70094","819","6","50","2014-05-10 00:00:00","2014-05-21 00:00:00","2014-05-10 00:00:00","2014-06-01 00:00:00","3.0000","36.7500","36.7500","2014-05-31 22:00:00"
"70095","820","6","50","2014-05-10 00:00:00","2014-05-21 00:00:00","2014-05-10 00:00:00","2014-06-01 00:00:00","3.0000","36.7500","36.7500","2014-05-31 22:00:00"
"70096","821","6","50","2014-05-10 00:00:00","2014-05-21 00:00:00","2014-05-10 00:00:00","2014-06-01 00:00:00","3.0000","36.7500","36.7500","2014-05-31 22:00:00"
"70097","822","1","10","2014-05-10 00:00:00","2014-05-21 00:00:00","2014-05-10 00:00:00","2014-06-01 00:00:00","4.1000","92.2500","92.2500","2014-05-31 22:00:00"
"70097","822","2","20","2014-05-10 00:00:00","2014-05-21 00:00:00","2014-05-10 00:00:00","2014-06-01 00:00:00","3.5000","87.5000","87.5000","2014-05-31 22:00:00"
"70097","822","3","30","2014-05-10 00:00:00","2014-05-21 00:00:00","2014-05-10 00:00:00","2014-06-01 00:00:00","1.0000","14.5000","14.5000","2014-05-31 22:00:00"
"70097","822","4","40","2014-05-10 00:00:00","2014-05-21 00:00:00","2014-05-10 00:00:00","2014-06-01 00:00:00","2.0000","31.5000","31.5000","2014-05-31 22:00:00"
"70097","822","6","50","2014-05-10 00:00:00","2014-05-21 00:00:00","2014-05-10 00:00:00","2014-06-01 00:00:00","3.0000","36.7500","36.7500","2014-05-31 22:00:00"
"70097","822","7","60","2014-05-10 00:00:00","2014-05-21 00:00:00","2014-05-10 00:00:00","2014-06-01 00:00:00","4.0000","49.0000","49.0000","2014-05-31 22:00:00"
"70098","823","6","50","2014-05-10 00:00:00","2014-05-21 00:00:00","2014-05-10 00:00:00","2014-06-01 00:00:00","3.0000","36.7500","36.7500","2014-05-31 22:00:00"
"70099","824","6","50","2014-05-10 00:00:00","2014-05-21 00:00:00","2014-05-10 00:00:00","2014-06-01 00:00:00","3.0000","36.7500","36.7500","2014-05-31 22:00:00"
"70100","826","6","50","2014-05-10 00:00:00","2014-05-21 00:00:00","2014-05-10 00:00:00","2014-06-01 00:00:00","3.0000","36.7500","36.7500","2014-05-31 22:00:00"
"70101","827","6","50","2014-05-10 00:00:00","2014-05-21 00:00:00","2014-05-10 00:00:00","2014-06-01 00:00:00","3.0000","36.7500","36.7500","2014-05-31 22:00:00"
"70102","828","6","50","2014-05-10 00:00:00","2014-05-21 00:00:00","2014-05-10 00:00:00","2014-06-01 00:00:00","3.0000","36.7500","36.7500","2014-05-31 22:00:00"
"70103","829","6","50","2014-05-10 00:00:00","2014-05-21 00:00:00","2014-05-10 00:00:00","2014-06-01 00:00:00","3.0000","36.7500","36.7500","2014-05-31 22:00:00"
"70115","894","6","50","2014-05-10 00:00:00","2014-05-21 00:00:00","2014-05-10 00:00:00","2014-06-01 00:00:00","3.0000","36.7500","36.7500","2014-05-31 22:00:00"
"70120","942","1","10","2014-05-10 00:00:00","2014-05-21 00:00:00","2014-05-10 00:00:00","2014-06-01 00:00:00","4.1000","92.2500","92.2500","2014-05-31 22:00:00"
"70120","942","2","20","2014-05-10 00:00:00","2014-05-21 00:00:00","2014-05-10 00:00:00","2014-06-01 00:00:00","3.5000","87.5000","87.5000","2014-05-31 22:00:00"
"70120","942","3","30","2014-05-10 00:00:00","2014-05-21 00:00:00","2014-05-10 00:00:00","2014-06-01 00:00:00","1.0000","14.5000","14.5000","2014-05-31 22:00:00"
"70120","942","5","45","2014-05-10 00:00:00","2014-05-21 00:00:00","2014-05-10 00:00:00","2014-06-01 00:00:00","2.0000","36.0000","36.0000","2014-05-31 22:00:00"
"70120","942","6","50","2014-05-10 00:00:00","2014-05-21 00:00:00","2014-05-10 00:00:00","2014-06-01 00:00:00","3.0000","36.7500","36.7500","2014-05-31 22:00:00"
"70120","942","7","60","2014-05-10 00:00:00","2014-05-21 00:00:00","2014-05-10 00:00:00","2014-06-01 00:00:00","4.0000","49.0000","49.0000","2014-05-31 22:00:00"
"70121","945","1","10","2014-05-10 00:00:00","2014-05-21 00:00:00","2014-05-10 00:00:00","2014-06-01 00:00:00","4.1000","92.2500","92.2500","2014-05-31 22:00:00"
"70121","945","6","50","2014-05-10 00:00:00","2014-05-21 00:00:00","2014-05-10 00:00:00","2014-06-01 00:00:00","3.0000","36.7500","36.7500","2014-05-31 22:00:00"
"70122","946","1","10","2014-05-10 00:00:00","2014-05-21 00:00:00","2014-05-10 00:00:00","2014-06-01 00:00:00","4.1000","92.2500","92.2500","2014-05-31 22:00:00"
"70122","946","2","20","2014-05-10 00:00:00","2014-05-21 00:00:00","2014-05-10 00:00:00","2014-06-01 00:00:00","3.5000","87.5000","87.5000","2014-05-31 22:00:00"
"70122","946","6","50","2014-05-10 00:00:00","2014-05-21 00:00:00","2014-05-10 00:00:00","2014-06-01 00:00:00","3.0000","36.7500","36.7500","2014-05-31 22:00:00"
"70123","947","1","10","2014-05-10 00:00:00","2014-05-21 00:00:00","2014-05-10 00:00:00","2014-06-01 00:00:00","4.1000","92.2500","92.2500","2014-05-31 22:00:00"
"70123","947","2","20","2014-05-10 00:00:00","2014-05-21 00:00:00","2014-05-10 00:00:00","2014-06-01 00:00:00","3.5000","87.5000","87.5000","2014-05-31 22:00:00"
"70123","947","6","50","2014-05-10 00:00:00","2014-05-21 00:00:00","2014-05-10 00:00:00","2014-06-01 00:00:00","3.0000","36.7500","36.7500","2014-05-31 22:00:00"
"70124","949","6","50","2014-05-10 00:00:00","2014-05-21 00:00:00","2014-05-10 00:00:00","2014-06-01 00:00:00","3.0000","36.7500","36.7500","2014-05-31 22:00:00"
"70125","950","6","50","2014-05-10 00:00:00","2014-05-21 00:00:00","2014-05-10 00:00:00","2014-06-01 00:00:00","3.0000","36.7500","36.7500","2014-05-31 22:00:00"
"70126","951","6","50","2014-05-10 00:00:00","2014-05-21 00:00:00","2014-05-10 00:00:00","2014-06-01 00:00:00","3.0000","36.7500","36.7500","2014-05-31 22:00:00"
"70127","994","6","50","2014-05-10 00:00:00","2014-05-21 00:00:00","2014-05-10 00:00:00","2014-06-01 00:00:00","3.0000","36.7500","36.7500","2014-05-31 22:00:00"
"70128","995","6","50","2014-05-10 00:00:00","2014-05-21 00:00:00","2014-05-10 00:00:00","2014-06-01 00:00:00","3.0000","36.7500","36.7500","2014-05-31 22:00:00"
"70129","996","6","50","2014-05-10 00:00:00","2014-05-21 00:00:00","2014-05-10 00:00:00","2014-06-01 00:00:00","3.0000","36.7500","36.7500","2014-05-31 22:00:00"
"70144","802","1","10","2014-05-10 00:00:00","2014-05-21 00:00:00","2014-05-10 00:00:00","2014-06-01 00:00:00","4.1000","92.2500","92.2500","2014-05-31 22:00:00"
"70144","802","6","50","2014-05-10 00:00:00","2014-05-21 00:00:00","2014-05-10 00:00:00","2014-06-01 00:00:00","3.0000","36.7500","36.7500","2014-05-31 22:00:00"
"70145","803","1","10","2014-05-10 00:00:00","2014-05-21 00:00:00","2014-05-10 00:00:00","2014-06-01 00:00:00","4.1000","92.2500","92.2500","2014-05-31 22:00:00"
"70145","803","6","50","2014-05-10 00:00:00","2014-05-21 00:00:00","2014-05-10 00:00:00","2014-06-01 00:00:00","3.0000","36.7500","36.7500","2014-05-31 22:00:00"
"70146","804","1","10","2014-05-10 00:00:00","2014-05-21 00:00:00","2014-05-10 00:00:00","2014-06-01 00:00:00","4.1000","92.2500","92.2500","2014-05-31 22:00:00"
"70146","804","6","50","2014-05-10 00:00:00","2014-05-21 00:00:00","2014-05-10 00:00:00","2014-06-01 00:00:00","3.0000","36.7500","36.7500","2014-05-31 22:00:00"
"70151","779","7","60","2014-05-11 00:00:00","2014-05-22 00:00:00","2014-05-12 00:00:00","2014-05-22 00:00:00","4.0000","49.0000","49.0000","2014-05-21 22:00:00"
"70152","780","7","60","2014-05-11 00:00:00","2014-05-22 00:00:00","2014-05-12 00:00:00","2014-05-22 00:00:00","4.0000","49.0000","49.0000","2014-05-21 22:00:00"
"70153","781","7","60","2014-05-11 00:00:00","2014-05-22 00:00:00","2014-05-12 00:00:00","2014-05-22 00:00:00","4.0000","49.0000","49.0000","2014-05-21 22:00:00"
"70154","782","7","60","2014-05-11 00:00:00","2014-05-22 00:00:00","2014-05-12 00:00:00","2014-05-22 00:00:00","4.0000","49.0000","49.0000","2014-05-21 22:00:00"
"70155","783","7","60","2014-05-11 00:00:00","2014-05-22 00:00:00","2014-05-12 00:00:00","2014-05-22 00:00:00","4.0000","49.0000","49.0000","2014-05-21 22:00:00"
"70156","795","7","60","2014-05-11 00:00:00","2014-05-22 00:00:00","2014-05-12 00:00:00","2014-05-22 00:00:00","4.0000","49.0000","49.0000","2014-05-21 22:00:00"
"70157","796","7","60","2014-05-11 00:00:00","2014-05-22 00:00:00","2014-05-12 00:00:00","2014-05-22 00:00:00","4.0000","49.0000","49.0000","2014-05-21 22:00:00"
"70158","797","7","60","2014-05-11 00:00:00","2014-05-22 00:00:00","2014-05-12 00:00:00","2014-05-22 00:00:00","4.0000","49.0000","49.0000","2014-05-21 22:00:00"
"70159","798","7","60","2014-05-11 00:00:00","2014-05-22 00:00:00","2014-05-12 00:00:00","2014-05-22 00:00:00","4.0000","49.0000","49.0000","2014-05-21 22:00:00"
"70160","799","7","60","2014-05-11 00:00:00","2014-05-22 00:00:00","2014-05-12 00:00:00","2014-05-22 00:00:00","4.0000","49.0000","49.0000","2014-05-21 22:00:00"
"70161","800","7","60","2014-05-11 00:00:00","2014-05-22 00:00:00","2014-05-12 00:00:00","2014-05-22 00:00:00","4.0000","49.0000","49.0000","2014-05-21 22:00:00"
"70162","956","7","60","2014-05-11 00:00:00","2014-05-22 00:00:00","2014-05-12 00:00:00","2014-05-22 00:00:00","4.0000","49.0000","49.0000","2014-05-21 22:00:00"
"70163","957","7","60","2014-05-11 00:00:00","2014-05-22 00:00:00","2014-05-12 00:00:00","2014-05-22 00:00:00","4.0000","49.0000","49.0000","2014-05-21 22:00:00"
"70164","959","7","60","2014-05-11 00:00:00","2014-05-22 00:00:00","2014-05-12 00:00:00","2014-05-22 00:00:00","4.0000","49.0000","49.0000","2014-05-21 22:00:00"
"70165","968","7","60","2014-05-11 00:00:00","2014-05-22 00:00:00","2014-05-12 00:00:00","2014-05-22 00:00:00","4.0000","49.0000","49.0000","2014-05-21 22:00:00"
"70166","973","7","60","2014-05-11 00:00:00","2014-05-22 00:00:00","2014-05-12 00:00:00","2014-05-22 00:00:00","4.0000","49.0000","49.0000","2014-05-21 22:00:00"
"70167","974","7","60","2014-05-11 00:00:00","2014-05-22 00:00:00","2014-05-12 00:00:00","2014-05-22 00:00:00","4.0000","49.0000","49.0000","2014-05-21 22:00:00"
"70168","975","7","60","2014-05-11 00:00:00","2014-05-22 00:00:00","2014-05-12 00:00:00","2014-05-22 00:00:00","4.0000","49.0000","49.0000","2014-05-21 22:00:00"
"70169","976","7","60","2014-05-11 00:00:00","2014-05-22 00:00:00","2014-05-12 00:00:00","2014-05-22 00:00:00","4.0000","49.0000","49.0000","2014-05-21 22:00:00"
"70170","977","7","60","2014-05-11 00:00:00","2014-05-22 00:00:00","2014-05-12 00:00:00","2014-05-22 00:00:00","4.0000","49.0000","49.0000","2014-05-21 22:00:00"
"70171","979","7","60","2014-05-11 00:00:00","2014-05-22 00:00:00","2014-05-12 00:00:00","2014-05-22 00:00:00","4.0000","49.0000","49.0000","2014-05-21 22:00:00"
"70172","980","7","60","2014-05-11 00:00:00","2014-05-22 00:00:00","2014-05-12 00:00:00","2014-05-22 00:00:00","4.0000","49.0000","49.0000","2014-05-21 22:00:00"
"70173","981","7","60","2014-05-11 00:00:00","2014-05-22 00:00:00","2014-05-12 00:00:00","2014-05-22 00:00:00","4.0000","49.0000","49.0000","2014-05-21 22:00:00"
"70174","991","7","60","2014-05-11 00:00:00","2014-05-22 00:00:00","2014-05-12 00:00:00","2014-05-22 00:00:00","4.0000","49.0000","49.0000","2014-05-21 22:00:00"
"70175","992","7","60","2014-05-11 00:00:00","2014-05-22 00:00:00","2014-05-12 00:00:00","2014-05-22 00:00:00","4.0000","49.0000","49.0000","2014-05-21 22:00:00"
"70176","997","7","60","2014-05-11 00:00:00","2014-05-22 00:00:00","2014-05-12 00:00:00","2014-05-22 00:00:00","4.0000","49.0000","49.0000","2014-05-21 22:00:00"
"70177","998","7","60","2014-05-11 00:00:00","2014-05-22 00:00:00","2014-05-12 00:00:00","2014-05-22 00:00:00","4.0000","49.0000","49.0000","2014-05-21 22:00:00"
"70178","999","7","60","2014-05-11 00:00:00","2014-05-22 00:00:00","2014-05-12 00:00:00","2014-05-22 00:00:00","4.0000","49.0000","49.0000","2014-05-21 22:00:00"
"70179","514","6","50","2014-05-11 00:00:00","2014-05-22 00:00:00","2014-05-12 00:00:00","2014-05-22 00:00:00","3.0000","36.7500","36.7500","2014-05-21 22:00:00"
"70179","514","7","60","2014-05-11 00:00:00","2014-05-22 00:00:00","2014-05-12 00:00:00","2014-05-22 00:00:00","4.0000","49.0000","49.0000","2014-05-21 22:00:00"
"70180","516","6","50","2014-05-11 00:00:00","2014-05-22 00:00:00","2014-05-12 00:00:00","2014-05-22 00:00:00","3.0000","36.7500","36.7500","2014-05-21 22:00:00"
"70180","516","7","60","2014-05-11 00:00:00","2014-05-22 00:00:00","2014-05-12 00:00:00","2014-05-22 00:00:00","4.0000","49.0000","49.0000","2014-05-21 22:00:00"
"70181","517","6","50","2014-05-11 00:00:00","2014-05-22 00:00:00","2014-05-12 00:00:00","2014-05-22 00:00:00","3.0000","36.7500","36.7500","2014-05-21 22:00:00"
"70181","517","7","60","2014-05-11 00:00:00","2014-05-22 00:00:00","2014-05-12 00:00:00","2014-05-22 00:00:00","4.0000","49.0000","49.0000","2014-05-21 22:00:00"
"70182","518","6","50","2014-05-11 00:00:00","2014-05-22 00:00:00","2014-05-12 00:00:00","2014-05-22 00:00:00","3.0000","36.7500","36.7500","2014-05-21 22:00:00"
"70182","518","7","60","2014-05-11 00:00:00","2014-05-22 00:00:00","2014-05-12 00:00:00","2014-05-22 00:00:00","4.0000","49.0000","49.0000","2014-05-21 22:00:00"
"70183","519","6","50","2014-05-11 00:00:00","2014-05-22 00:00:00","2014-05-12 00:00:00","2014-05-22 00:00:00","3.0000","36.7500","36.7500","2014-05-21 22:00:00"
"70183","519","7","60","2014-05-11 00:00:00","2014-05-22 00:00:00","2014-05-12 00:00:00","2014-05-22 00:00:00","4.0000","49.0000","49.0000","2014-05-21 22:00:00"
"70184","520","6","50","2014-05-11 00:00:00","2014-05-22 00:00:00","2014-05-12 00:00:00","2014-05-22 00:00:00","3.0000","36.7500","36.7500","2014-05-21 22:00:00"
"70184","520","7","60","2014-05-11 00:00:00","2014-05-22 00:00:00","2014-05-12 00:00:00","2014-05-22 00:00:00","4.0000","49.0000","49.0000","2014-05-21 22:00:00"
"70185","522","6","50","2014-05-11 00:00:00","2014-05-22 00:00:00","2014-05-12 00:00:00","2014-05-22 00:00:00","3.0000","36.7500","36.7500","2014-05-21 22:00:00"
"70185","522","7","60","2014-05-11 00:00:00","2014-05-22 00:00:00","2014-05-12 00:00:00","2014-05-22 00:00:00","4.0000","49.0000","49.0000","2014-05-21 22:00:00"
"70194","747","1","10","2014-05-11 00:00:00","2014-05-22 00:00:00","2014-05-12 00:00:00","2014-05-22 00:00:00","4.1000","92.2500","92.2500","2014-05-21 22:00:00"
"70194","747","2","20","2014-05-11 00:00:00","2014-05-22 00:00:00","2014-05-12 00:00:00","2014-05-22 00:00:00","3.5000","87.5000","87.5000","2014-05-21 22:00:00"
"70194","747","3","30","2014-05-11 00:00:00","2014-05-22 00:00:00","2014-05-12 00:00:00","2014-05-22 00:00:00","1.0000","14.5000","14.5000","2014-05-21 22:00:00"
"70194","747","4","40","2014-05-11 00:00:00","2014-05-22 00:00:00","2014-05-12 00:00:00","2014-05-22 00:00:00","2.0000","31.5000","31.5000","2014-05-21 22:00:00"
"70194","747","6","50","2014-05-11 00:00:00","2014-05-22 00:00:00","2014-05-12 00:00:00","2014-05-22 00:00:00","3.0000","36.7500","36.7500","2014-05-21 22:00:00"
"70194","747","7","60","2014-05-11 00:00:00","2014-05-22 00:00:00","2014-05-12 00:00:00","2014-05-22 00:00:00","4.0000","49.0000","49.0000","2014-05-21 22:00:00"
"70195","748","1","10","2014-05-11 00:00:00","2014-05-22 00:00:00","2014-05-12 00:00:00","2014-05-22 00:00:00","4.1000","92.2500","92.2500","2014-05-21 22:00:00"
"70195","748","2","20","2014-05-11 00:00:00","2014-05-22 00:00:00","2014-05-12 00:00:00","2014-05-22 00:00:00","3.5000","87.5000","87.5000","2014-05-21 22:00:00"
"70195","748","3","30","2014-05-11 00:00:00","2014-05-22 00:00:00","2014-05-12 00:00:00","2014-05-22 00:00:00","1.0000","14.5000","14.5000","2014-05-21 22:00:00"
"70195","748","5","45","2014-05-11 00:00:00","2014-05-22 00:00:00","2014-05-12 00:00:00","2014-05-22 00:00:00","2.0000","36.0000","36.0000","2014-05-21 22:00:00"
"70195","748","6","50","2014-05-11 00:00:00","2014-05-22 00:00:00","2014-05-12 00:00:00","2014-05-22 00:00:00","3.0000","36.7500","36.7500","2014-05-21 22:00:00"
"70195","748","7","60","2014-05-11 00:00:00","2014-05-22 00:00:00","2014-05-12 00:00:00","2014-05-22 00:00:00","4.0000","49.0000","49.0000","2014-05-21 22:00:00"
"70196","805","6","50","2014-05-11 00:00:00","2014-05-22 00:00:00","2014-05-12 00:00:00","2014-05-22 00:00:00","3.0000","36.7500","36.7500","2014-05-21 22:00:00"
"70197","806","6","50","2014-05-11 00:00:00","2014-05-22 00:00:00","2014-05-12 00:00:00","2014-05-22 00:00:00","3.0000","36.7500","36.7500","2014-05-21 22:00:00"
"70198","807","6","50","2014-05-11 00:00:00","2014-05-22 00:00:00","2014-05-12 00:00:00","2014-05-22 00:00:00","3.0000","36.7500","36.7500","2014-05-21 22:00:00"
"70199","808","1","10","2014-05-11 00:00:00","2014-05-22 00:00:00","2014-05-12 00:00:00","2014-05-22 00:00:00","4.1000","92.2500","92.2500","2014-05-21 22:00:00"
"70199","808","2","20","2014-05-11 00:00:00","2014-05-22 00:00:00","2014-05-12 00:00:00","2014-05-22 00:00:00","3.5000","87.5000","87.5000","2014-05-21 22:00:00"
"70199","808","6","50","2014-05-11 00:00:00","2014-05-22 00:00:00","2014-05-12 00:00:00","2014-05-22 00:00:00","3.0000","36.7500","36.7500","2014-05-21 22:00:00"
"70200","810","1","10","2014-05-11 00:00:00","2014-05-22 00:00:00","2014-05-12 00:00:00","2014-05-22 00:00:00","4.1000","92.2500","92.2500","2014-05-21 22:00:00"
"70200","810","2","20","2014-05-11 00:00:00","2014-05-22 00:00:00","2014-05-12 00:00:00","2014-05-22 00:00:00","3.5000","87.5000","87.5000","2014-05-21 22:00:00"
"70200","810","6","50","2014-05-11 00:00:00","2014-05-22 00:00:00","2014-05-12 00:00:00","2014-05-22 00:00:00","3.0000","36.7500","36.7500","2014-05-21 22:00:00"
"70201","811","1","10","2014-05-11 00:00:00","2014-05-22 00:00:00","2014-05-12 00:00:00","2014-05-22 00:00:00","4.1000","92.2500","92.2500","2014-05-21 22:00:00"
"70201","811","2","20","2014-05-11 00:00:00","2014-05-22 00:00:00","2014-05-12 00:00:00","2014-05-22 00:00:00","3.5000","87.5000","87.5000","2014-05-21 22:00:00"
"70201","811","6","50","2014-05-11 00:00:00","2014-05-22 00:00:00","2014-05-12 00:00:00","2014-05-22 00:00:00","3.0000","36.7500","36.7500","2014-05-21 22:00:00"
"70202","812","1","10","2014-05-11 00:00:00","2014-05-22 00:00:00","2014-05-12 00:00:00","2014-05-22 00:00:00","4.1000","92.2500","92.2500","2014-05-21 22:00:00"
"70202","812","2","20","2014-05-11 00:00:00","2014-05-22 00:00:00","2014-05-12 00:00:00","2014-05-22 00:00:00","3.5000","87.5000","87.5000","2014-05-21 22:00:00"
"70202","812","6","50","2014-05-11 00:00:00","2014-05-22 00:00:00","2014-05-12 00:00:00","2014-05-22 00:00:00","3.0000","36.7500","36.7500","2014-05-21 22:00:00"
"70203","813","1","10","2014-05-11 00:00:00","2014-05-22 00:00:00","2014-05-12 00:00:00","2014-05-22 00:00:00","4.1000","92.2500","92.2500","2014-05-21 22:00:00"
"70203","813","2","20","2014-05-11 00:00:00","2014-05-22 00:00:00","2014-05-12 00:00:00","2014-05-22 00:00:00","3.5000","87.5000","87.5000","2014-05-21 22:00:00"
"70203","813","6","50","2014-05-11 00:00:00","2014-05-22 00:00:00","2014-05-12 00:00:00","2014-05-22 00:00:00","3.0000","36.7500","36.7500","2014-05-21 22:00:00"
"70204","815","6","50","2014-05-11 00:00:00","2014-05-22 00:00:00","2014-05-12 00:00:00","2014-05-22 00:00:00","3.0000","36.7500","36.7500","2014-05-21 22:00:00"
"70205","816","6","50","2014-05-11 00:00:00","2014-05-22 00:00:00","2014-05-12 00:00:00","2014-05-22 00:00:00","3.0000","36.7500","36.7500","2014-05-21 22:00:00"
"70206","818","6","50","2014-05-11 00:00:00","2014-05-22 00:00:00","2014-05-12 00:00:00","2014-05-22 00:00:00","3.0000","36.7500","36.7500","2014-05-21 22:00:00"
"70207","819","6","50","2014-05-11 00:00:00","2014-05-22 00:00:00","2014-05-12 00:00:00","2014-05-22 00:00:00","3.0000","36.7500","36.7500","2014-05-21 22:00:00"
"70208","820","6","50","2014-05-11 00:00:00","2014-05-22 00:00:00","2014-05-12 00:00:00","2014-05-22 00:00:00","3.0000","36.7500","36.7500","2014-05-21 22:00:00"
"70209","821","6","50","2014-05-11 00:00:00","2014-05-22 00:00:00","2014-05-12 00:00:00","2014-05-22 00:00:00","3.0000","36.7500","36.7500","2014-05-21 22:00:00"
"70210","822","1","10","2014-05-11 00:00:00","2014-05-22 00:00:00","2014-05-12 00:00:00","2014-05-22 00:00:00","4.1000","92.2500","92.2500","2014-05-21 22:00:00"
"70210","822","2","20","2014-05-11 00:00:00","2014-05-22 00:00:00","2014-05-12 00:00:00","2014-05-22 00:00:00","3.5000","87.5000","87.5000","2014-05-21 22:00:00"
"70210","822","3","30","2014-05-11 00:00:00","2014-05-22 00:00:00","2014-05-12 00:00:00","2014-05-22 00:00:00","1.0000","14.5000","14.5000","2014-05-21 22:00:00"
"70210","822","4","40","2014-05-11 00:00:00","2014-05-22 00:00:00","2014-05-12 00:00:00","2014-05-22 00:00:00","2.0000","31.5000","31.5000","2014-05-21 22:00:00"
"70210","822","6","50","2014-05-11 00:00:00","2014-05-22 00:00:00","2014-05-12 00:00:00","2014-05-22 00:00:00","3.0000","36.7500","36.7500","2014-05-21 22:00:00"
"70210","822","7","60","2014-05-11 00:00:00","2014-05-22 00:00:00","2014-05-12 00:00:00","2014-05-22 00:00:00","4.0000","49.0000","49.0000","2014-05-21 22:00:00"
"70211","823","6","50","2014-05-11 00:00:00","2014-05-22 00:00:00","2014-05-12 00:00:00","2014-05-22 00:00:00","3.0000","36.7500","36.7500","2014-05-21 22:00:00"
"70212","824","6","50","2014-05-11 00:00:00","2014-05-22 00:00:00","2014-05-12 00:00:00","2014-05-22 00:00:00","3.0000","36.7500","36.7500","2014-05-21 22:00:00"
"70213","826","6","50","2014-05-11 00:00:00","2014-05-22 00:00:00","2014-05-12 00:00:00","2014-05-22 00:00:00","3.0000","36.7500","36.7500","2014-05-21 22:00:00"
"70214","827","6","50","2014-05-11 00:00:00","2014-05-22 00:00:00","2014-05-12 00:00:00","2014-05-22 00:00:00","3.0000","36.7500","36.7500","2014-05-21 22:00:00"
"70215","828","6","50","2014-05-11 00:00:00","2014-05-22 00:00:00","2014-05-12 00:00:00","2014-05-22 00:00:00","3.0000","36.7500","36.7500","2014-05-21 22:00:00"
"70216","829","6","50","2014-05-11 00:00:00","2014-05-22 00:00:00","2014-05-12 00:00:00","2014-05-22 00:00:00","3.0000","36.7500","36.7500","2014-05-21 22:00:00"
"70225","894","6","50","2014-05-11 00:00:00","2014-05-22 00:00:00","2014-05-12 00:00:00","2014-05-22 00:00:00","3.0000","36.7500","36.7500","2014-05-21 22:00:00"
"70231","942","1","10","2014-05-11 00:00:00","2014-05-22 00:00:00","2014-05-12 00:00:00","2014-05-22 00:00:00","4.1000","92.2500","92.2500","2014-05-21 22:00:00"
"70231","942","2","20","2014-05-11 00:00:00","2014-05-22 00:00:00","2014-05-12 00:00:00","2014-05-22 00:00:00","3.5000","87.5000","87.5000","2014-05-21 22:00:00"
"70231","942","3","30","2014-05-11 00:00:00","2014-05-22 00:00:00","2014-05-12 00:00:00","2014-05-22 00:00:00","1.0000","14.5000","14.5000","2014-05-21 22:00:00"
"70231","942","5","45","2014-05-11 00:00:00","2014-05-22 00:00:00","2014-05-12 00:00:00","2014-05-22 00:00:00","2.0000","36.0000","36.0000","2014-05-21 22:00:00"
"70231","942","6","50","2014-05-11 00:00:00","2014-05-22 00:00:00","2014-05-12 00:00:00","2014-05-22 00:00:00","3.0000","36.7500","36.7500","2014-05-21 22:00:00"
"70231","942","7","60","2014-05-11 00:00:00","2014-05-22 00:00:00","2014-05-12 00:00:00","2014-05-22 00:00:00","4.0000","49.0000","49.0000","2014-05-21 22:00:00"
"70232","945","1","10","2014-05-11 00:00:00","2014-05-22 00:00:00","2014-05-12 00:00:00","2014-05-22 00:00:00","4.1000","92.2500","92.2500","2014-05-21 22:00:00"
"70232","945","6","50","2014-05-11 00:00:00","2014-05-22 00:00:00","2014-05-12 00:00:00","2014-05-22 00:00:00","3.0000","36.7500","36.7500","2014-05-21 22:00:00"
"70233","946","1","10","2014-05-11 00:00:00","2014-05-22 00:00:00","2014-05-12 00:00:00","2014-05-22 00:00:00","4.1000","92.2500","92.2500","2014-05-21 22:00:00"
"70233","946","2","20","2014-05-11 00:00:00","2014-05-22 00:00:00","2014-05-12 00:00:00","2014-05-22 00:00:00","3.5000","87.5000","87.5000","2014-05-21 22:00:00"
"70233","946","6","50","2014-05-11 00:00:00","2014-05-22 00:00:00","2014-05-12 00:00:00","2014-05-22 00:00:00","3.0000","36.7500","36.7500","2014-05-21 22:00:00"
"70234","947","1","10","2014-05-11 00:00:00","2014-05-22 00:00:00","2014-05-12 00:00:00","2014-05-22 00:00:00","4.1000","92.2500","92.2500","2014-05-21 22:00:00"
"70234","947","2","20","2014-05-11 00:00:00","2014-05-22 00:00:00","2014-05-12 00:00:00","2014-05-22 00:00:00","3.5000","87.5000","87.5000","2014-05-21 22:00:00"
"70234","947","6","50","2014-05-11 00:00:00","2014-05-22 00:00:00","2014-05-12 00:00:00","2014-05-22 00:00:00","3.0000","36.7500","36.7500","2014-05-21 22:00:00"
"70235","949","6","50","2014-05-11 00:00:00","2014-05-22 00:00:00","2014-05-12 00:00:00","2014-05-22 00:00:00","3.0000","36.7500","36.7500","2014-05-21 22:00:00"
"70236","950","6","50","2014-05-11 00:00:00","2014-05-22 00:00:00","2014-05-12 00:00:00","2014-05-22 00:00:00","3.0000","36.7500","36.7500","2014-05-21 22:00:00"
"70237","951","6","50","2014-05-11 00:00:00","2014-05-22 00:00:00","2014-05-12 00:00:00","2014-05-22 00:00:00","3.0000","36.7500","36.7500","2014-05-21 22:00:00"
"70238","994","6","50","2014-05-11 00:00:00","2014-05-22 00:00:00","2014-05-12 00:00:00","2014-05-22 00:00:00","3.0000","36.7500","36.7500","2014-05-21 22:00:00"
"70239","995","6","50","2014-05-11 00:00:00","2014-05-22 00:00:00","2014-05-12 00:00:00","2014-05-22 00:00:00","3.0000","36.7500","36.7500","2014-05-21 22:00:00"
"70240","996","6","50","2014-05-11 00:00:00","2014-05-22 00:00:00","2014-05-12 00:00:00","2014-05-22 00:00:00","3.0000","36.7500","36.7500","2014-05-21 22:00:00"
"70255","802","1","10","2014-05-11 00:00:00","2014-05-22 00:00:00","2014-05-12 00:00:00","2014-05-22 00:00:00","4.1000","92.2500","92.2500","2014-05-21 22:00:00"
"70255","802","6","50","2014-05-11 00:00:00","2014-05-22 00:00:00","2014-05-12 00:00:00","2014-05-22 00:00:00","3.0000","36.7500","36.7500","2014-05-21 22:00:00"
"70256","803","1","10","2014-05-11 00:00:00","2014-05-22 00:00:00","2014-05-12 00:00:00","2014-05-22 00:00:00","4.1000","92.2500","92.2500","2014-05-21 22:00:00"
"70256","803","6","50","2014-05-11 00:00:00","2014-05-22 00:00:00","2014-05-12 00:00:00","2014-05-22 00:00:00","3.0000","36.7500","36.7500","2014-05-21 22:00:00"
"70257","804","1","10","2014-05-11 00:00:00","2014-05-22 00:00:00","2014-05-12 00:00:00","2014-05-22 00:00:00","4.1000","92.2500","92.2500","2014-05-21 22:00:00"
"70257","804","6","50","2014-05-11 00:00:00","2014-05-22 00:00:00","2014-05-12 00:00:00","2014-05-22 00:00:00","3.0000","36.7500","36.7500","2014-05-21 22:00:00"
"70262","780","7","60","2014-05-12 00:00:00","2014-05-23 00:00:00","2014-05-12 00:00:00","2014-06-05 00:00:00","4.0000","49.0000","49.0000","2014-06-04 22:00:00"
"70263","781","7","60","2014-05-12 00:00:00","2014-05-23 00:00:00","2014-05-12 00:00:00","2014-06-05 00:00:00","4.0000","49.0000","49.0000","2014-06-04 22:00:00"
"70264","783","7","60","2014-05-12 00:00:00","2014-05-23 00:00:00","2014-05-12 00:00:00","2014-06-05 00:00:00","4.0000","49.0000","49.0000","2014-06-04 22:00:00"
"70265","784","7","60","2014-05-12 00:00:00","2014-05-23 00:00:00","2014-05-12 00:00:00","2014-06-05 00:00:00","4.0000","49.0000","49.0000","2014-06-04 22:00:00"
"70266","797","7","60","2014-05-12 00:00:00","2014-05-23 00:00:00","2014-05-12 00:00:00","2014-06-05 00:00:00","4.0000","49.0000","49.0000","2014-06-04 22:00:00"
"70267","799","7","60","2014-05-12 00:00:00","2014-05-23 00:00:00","2014-05-12 00:00:00","2014-06-05 00:00:00","4.0000","49.0000","49.0000","2014-06-04 22:00:00"
"70268","800","7","60","2014-05-12 00:00:00","2014-05-23 00:00:00","2014-05-12 00:00:00","2014-06-05 00:00:00","4.0000","49.0000","49.0000","2014-06-04 22:00:00"
"70269","954","7","60","2014-05-12 00:00:00","2014-05-23 00:00:00","2014-05-12 00:00:00","2014-06-05 00:00:00","4.0000","49.0000","49.0000","2014-06-04 22:00:00"
"70270","955","7","60","2014-05-12 00:00:00","2014-05-23 00:00:00","2014-05-12 00:00:00","2014-06-05 00:00:00","4.0000","49.0000","49.0000","2014-06-04 22:00:00"
"70271","956","7","60","2014-05-12 00:00:00","2014-05-23 00:00:00","2014-05-12 00:00:00","2014-06-05 00:00:00","4.0000","49.0000","49.0000","2014-06-04 22:00:00"
"70272","967","7","60","2014-05-12 00:00:00","2014-05-23 00:00:00","2014-05-12 00:00:00","2014-06-05 00:00:00","4.0000","49.0000","49.0000","2014-06-04 22:00:00"
"70273","971","7","60","2014-05-12 00:00:00","2014-05-23 00:00:00","2014-05-12 00:00:00","2014-06-05 00:00:00","4.0000","49.0000","49.0000","2014-06-04 22:00:00"
"70274","972","7","60","2014-05-12 00:00:00","2014-05-23 00:00:00","2014-05-12 00:00:00","2014-06-05 00:00:00","4.0000","49.0000","49.0000","2014-06-04 22:00:00"
"70275","973","7","60","2014-05-12 00:00:00","2014-05-23 00:00:00","2014-05-12 00:00:00","2014-06-05 00:00:00","4.0000","49.0000","49.0000","2014-06-04 22:00:00"
"70276","974","7","60","2014-05-12 00:00:00","2014-05-23 00:00:00","2014-05-12 00:00:00","2014-06-05 00:00:00","4.0000","49.0000","49.0000","2014-06-04 22:00:00"
"70277","975","7","60","2014-05-12 00:00:00","2014-05-23 00:00:00","2014-05-12 00:00:00","2014-06-05 00:00:00","4.0000","49.0000","49.0000","2014-06-04 22:00:00"
"70278","976","7","60","2014-05-12 00:00:00","2014-05-23 00:00:00","2014-05-12 00:00:00","2014-06-05 00:00:00","4.0000","49.0000","49.0000","2014-06-04 22:00:00"
"70279","977","7","60","2014-05-12 00:00:00","2014-05-23 00:00:00","2014-05-12 00:00:00","2014-06-05 00:00:00","4.0000","49.0000","49.0000","2014-06-04 22:00:00"
"70280","980","7","60","2014-05-12 00:00:00","2014-05-23 00:00:00","2014-05-12 00:00:00","2014-06-05 00:00:00","4.0000","49.0000","49.0000","2014-06-04 22:00:00"
"70281","981","7","60","2014-05-12 00:00:00","2014-05-23 00:00:00","2014-05-12 00:00:00","2014-06-05 00:00:00","4.0000","49.0000","49.0000","2014-06-04 22:00:00"
"70282","982","7","60","2014-05-12 00:00:00","2014-05-23 00:00:00","2014-05-12 00:00:00","2014-06-05 00:00:00","4.0000","49.0000","49.0000","2014-06-04 22:00:00"
"70283","990","7","60","2014-05-12 00:00:00","2014-05-23 00:00:00","2014-05-12 00:00:00","2014-06-05 00:00:00","4.0000","49.0000","49.0000","2014-06-04 22:00:00"
"70284","997","7","60","2014-05-12 00:00:00","2014-05-23 00:00:00","2014-05-12 00:00:00","2014-06-05 00:00:00","4.0000","49.0000","49.0000","2014-06-04 22:00:00"
"70285","998","7","60","2014-05-12 00:00:00","2014-05-23 00:00:00","2014-05-12 00:00:00","2014-06-05 00:00:00","4.0000","49.0000","49.0000","2014-06-04 22:00:00"
"70286","999","7","60","2014-05-12 00:00:00","2014-05-23 00:00:00","2014-05-12 00:00:00","2014-06-05 00:00:00","4.0000","49.0000","49.0000","2014-06-04 22:00:00"
"70287","514","6","50","2014-05-12 00:00:00","2014-05-23 00:00:00","2014-05-12 00:00:00","2014-06-05 00:00:00","3.0000","36.7500","36.7500","2014-06-04 22:00:00"
"70287","514","7","60","2014-05-12 00:00:00","2014-05-23 00:00:00","2014-05-12 00:00:00","2014-06-05 00:00:00","4.0000","49.0000","49.0000","2014-06-04 22:00:00"
"70288","516","6","50","2014-05-12 00:00:00","2014-05-23 00:00:00","2014-05-12 00:00:00","2014-06-05 00:00:00","3.0000","36.7500","36.7500","2014-06-04 22:00:00"
"70288","516","7","60","2014-05-12 00:00:00","2014-05-23 00:00:00","2014-05-12 00:00:00","2014-06-05 00:00:00","4.0000","49.0000","49.0000","2014-06-04 22:00:00"
"70289","517","6","50","2014-05-12 00:00:00","2014-05-23 00:00:00","2014-05-12 00:00:00","2014-06-05 00:00:00","3.0000","36.7500","36.7500","2014-06-04 22:00:00"
"70289","517","7","60","2014-05-12 00:00:00","2014-05-23 00:00:00","2014-05-12 00:00:00","2014-06-05 00:00:00","4.0000","49.0000","49.0000","2014-06-04 22:00:00"
"70290","518","6","50","2014-05-12 00:00:00","2014-05-23 00:00:00","2014-05-12 00:00:00","2014-06-05 00:00:00","3.0000","36.7500","36.7500","2014-06-04 22:00:00"
"70290","518","7","60","2014-05-12 00:00:00","2014-05-23 00:00:00","2014-05-12 00:00:00","2014-06-05 00:00:00","4.0000","49.0000","49.0000","2014-06-04 22:00:00"
"70291","521","6","50","2014-05-12 00:00:00","2014-05-23 00:00:00","2014-05-12 00:00:00","2014-06-05 00:00:00","3.0000","36.7500","36.7500","2014-06-04 22:00:00"
"70291","521","7","60","2014-05-12 00:00:00","2014-05-23 00:00:00","2014-05-12 00:00:00","2014-06-05 00:00:00","4.0000","49.0000","49.0000","2014-06-04 22:00:00"
"70292","522","6","50","2014-05-12 00:00:00","2014-05-23 00:00:00","2014-05-12 00:00:00","2014-06-05 00:00:00","3.0000","36.7500","36.7500","2014-06-04 22:00:00"
"70292","522","7","60","2014-05-12 00:00:00","2014-05-23 00:00:00","2014-05-12 00:00:00","2014-06-05 00:00:00","4.0000","49.0000","49.0000","2014-06-04 22:00:00"
"70301","805","6","50","2014-05-12 00:00:00","2014-05-23 00:00:00","2014-05-12 00:00:00","2014-06-05 00:00:00","3.0000","36.7500","36.7500","2014-06-04 22:00:00"
"70302","806","6","50","2014-05-12 00:00:00","2014-05-23 00:00:00","2014-05-12 00:00:00","2014-06-05 00:00:00","3.0000","36.7500","36.7500","2014-06-04 22:00:00"
"70303","807","6","50","2014-05-12 00:00:00","2014-05-23 00:00:00","2014-05-12 00:00:00","2014-06-05 00:00:00","3.0000","36.7500","36.7500","2014-06-04 22:00:00"
"70304","808","1","10","2014-05-12 00:00:00","2014-05-23 00:00:00","2014-05-12 00:00:00","2014-06-05 00:00:00","4.1000","92.2500","92.2500","2014-06-04 22:00:00"
"70304","808","2","20","2014-05-12 00:00:00","2014-05-23 00:00:00","2014-05-12 00:00:00","2014-06-05 00:00:00","3.5000","87.5000","87.5000","2014-06-04 22:00:00"
"70304","808","6","50","2014-05-12 00:00:00","2014-05-23 00:00:00","2014-05-12 00:00:00","2014-06-05 00:00:00","3.0000","36.7500","36.7500","2014-06-04 22:00:00"
"70305","810","1","10","2014-05-12 00:00:00","2014-05-23 00:00:00","2014-05-12 00:00:00","2014-06-05 00:00:00","4.1000","92.2500","92.2500","2014-06-04 22:00:00"
"70305","810","2","20","2014-05-12 00:00:00","2014-05-23 00:00:00","2014-05-12 00:00:00","2014-06-05 00:00:00","3.5000","87.5000","87.5000","2014-06-04 22:00:00"
"70305","810","6","50","2014-05-12 00:00:00","2014-05-23 00:00:00","2014-05-12 00:00:00","2014-06-05 00:00:00","3.0000","36.7500","36.7500","2014-06-04 22:00:00"
"70306","811","1","10","2014-05-12 00:00:00","2014-05-23 00:00:00","2014-05-12 00:00:00","2014-06-05 00:00:00","4.1000","92.2500","92.2500","2014-06-04 22:00:00"
"70306","811","2","20","2014-05-12 00:00:00","2014-05-23 00:00:00","2014-05-12 00:00:00","2014-06-05 00:00:00","3.5000","87.5000","87.5000","2014-06-04 22:00:00"
"70306","811","6","50","2014-05-12 00:00:00","2014-05-23 00:00:00","2014-05-12 00:00:00","2014-06-05 00:00:00","3.0000","36.7500","36.7500","2014-06-04 22:00:00"
"70307","812","1","10","2014-05-12 00:00:00","2014-05-23 00:00:00","2014-05-12 00:00:00","2014-06-05 00:00:00","4.1000","92.2500","92.2500","2014-06-04 22:00:00"
"70307","812","2","20","2014-05-12 00:00:00","2014-05-23 00:00:00","2014-05-12 00:00:00","2014-06-05 00:00:00","3.5000","87.5000","87.5000","2014-06-04 22:00:00"
"70307","812","6","50","2014-05-12 00:00:00","2014-05-23 00:00:00","2014-05-12 00:00:00","2014-06-05 00:00:00","3.0000","36.7500","36.7500","2014-06-04 22:00:00"
"70308","815","6","50","2014-05-12 00:00:00","2014-05-23 00:00:00","2014-05-12 00:00:00","2014-06-05 00:00:00","3.0000","36.7500","36.7500","2014-06-04 22:00:00"
"70309","816","6","50","2014-05-12 00:00:00","2014-05-23 00:00:00","2014-05-12 00:00:00","2014-06-05 00:00:00","3.0000","36.7500","36.7500","2014-06-04 22:00:00"
"70310","818","6","50","2014-05-12 00:00:00","2014-05-23 00:00:00","2014-05-12 00:00:00","2014-06-05 00:00:00","3.0000","36.7500","36.7500","2014-06-04 22:00:00"
"70311","819","6","50","2014-05-12 00:00:00","2014-05-23 00:00:00","2014-05-12 00:00:00","2014-06-05 00:00:00","3.0000","36.7500","36.7500","2014-06-04 22:00:00"
"70312","821","6","50","2014-05-12 00:00:00","2014-05-23 00:00:00","2014-05-12 00:00:00","2014-06-05 00:00:00","3.0000","36.7500","36.7500","2014-06-04 22:00:00"
"70313","822","1","10","2014-05-12 00:00:00","2014-05-23 00:00:00","2014-05-12 00:00:00","2014-06-05 00:00:00","4.1000","92.2500","92.2500","2014-06-04 22:00:00"
"70313","822","2","20","2014-05-12 00:00:00","2014-05-23 00:00:00","2014-05-12 00:00:00","2014-06-05 00:00:00","3.5000","87.5000","87.5000","2014-06-04 22:00:00"
"70313","822","3","30","2014-05-12 00:00:00","2014-05-23 00:00:00","2014-05-12 00:00:00","2014-06-05 00:00:00","1.0000","14.5000","14.5000","2014-06-04 22:00:00"
"70313","822","4","40","2014-05-12 00:00:00","2014-05-23 00:00:00","2014-05-12 00:00:00","2014-06-05 00:00:00","2.0000","31.5000","31.5000","2014-06-04 22:00:00"
"70313","822","6","50","2014-05-12 00:00:00","2014-05-23 00:00:00","2014-05-12 00:00:00","2014-06-05 00:00:00","3.0000","36.7500","36.7500","2014-06-04 22:00:00"
"70313","822","7","60","2014-05-12 00:00:00","2014-05-23 00:00:00","2014-05-12 00:00:00","2014-06-05 00:00:00","4.0000","49.0000","49.0000","2014-06-04 22:00:00"
"70314","823","6","50","2014-05-12 00:00:00","2014-05-23 00:00:00","2014-05-12 00:00:00","2014-06-05 00:00:00","3.0000","36.7500","36.7500","2014-06-04 22:00:00"
"70315","824","6","50","2014-05-12 00:00:00","2014-05-23 00:00:00","2014-05-12 00:00:00","2014-06-05 00:00:00","3.0000","36.7500","36.7500","2014-06-04 22:00:00"
"70316","826","6","50","2014-05-12 00:00:00","2014-05-23 00:00:00","2014-05-12 00:00:00","2014-06-05 00:00:00","3.0000","36.7500","36.7500","2014-06-04 22:00:00"
"70317","827","6","50","2014-05-12 00:00:00","2014-05-23 00:00:00","2014-05-12 00:00:00","2014-06-05 00:00:00","3.0000","36.7500","36.7500","2014-06-04 22:00:00"
"70318","829","6","50","2014-05-12 00:00:00","2014-05-23 00:00:00","2014-05-12 00:00:00","2014-06-05 00:00:00","3.0000","36.7500","36.7500","2014-06-04 22:00:00"
"70328","894","6","50","2014-05-12 00:00:00","2014-05-23 00:00:00","2014-05-12 00:00:00","2014-06-05 00:00:00","3.0000","36.7500","36.7500","2014-06-04 22:00:00"
"70332","942","1","10","2014-05-12 00:00:00","2014-05-23 00:00:00","2014-05-12 00:00:00","2014-06-05 00:00:00","4.1000","92.2500","92.2500","2014-06-04 22:00:00"
"70332","942","2","20","2014-05-12 00:00:00","2014-05-23 00:00:00","2014-05-12 00:00:00","2014-06-05 00:00:00","3.5000","87.5000","87.5000","2014-06-04 22:00:00"
"70332","942","3","30","2014-05-12 00:00:00","2014-05-23 00:00:00","2014-05-12 00:00:00","2014-06-05 00:00:00","1.0000","14.5000","14.5000","2014-06-04 22:00:00"
"70332","942","5","45","2014-05-12 00:00:00","2014-05-23 00:00:00","2014-05-12 00:00:00","2014-06-05 00:00:00","2.0000","36.0000","36.0000","2014-06-04 22:00:00"
"70332","942","6","50","2014-05-12 00:00:00","2014-05-23 00:00:00","2014-05-12 00:00:00","2014-06-05 00:00:00","3.0000","36.7500","36.7500","2014-06-04 22:00:00"
"70332","942","7","60","2014-05-12 00:00:00","2014-05-23 00:00:00","2014-05-12 00:00:00","2014-06-05 00:00:00","4.0000","49.0000","49.0000","2014-06-04 22:00:00"
"70333","945","1","10","2014-05-12 00:00:00","2014-05-23 00:00:00","2014-05-12 00:00:00","2014-06-05 00:00:00","4.1000","92.2500","92.2500","2014-06-04 22:00:00"
"70333","945","6","50","2014-05-12 00:00:00","2014-05-23 00:00:00","2014-05-12 00:00:00","2014-06-05 00:00:00","3.0000","36.7500","36.7500","2014-06-04 22:00:00"
"70334","947","1","10","2014-05-12 00:00:00","2014-05-23 00:00:00","2014-05-12 00:00:00","2014-06-05 00:00:00","4.1000","92.2500","92.2500","2014-06-04 22:00:00"
"70334","947","2","20","2014-05-12 00:00:00","2014-05-23 00:00:00","2014-05-12 00:00:00","2014-06-05 00:00:00","3.5000","87.5000","87.5000","2014-06-04 22:00:00"
"70334","947","6","50","2014-05-12 00:00:00","2014-05-23 00:00:00","2014-05-12 00:00:00","2014-06-05 00:00:00","3.0000","36.7500","36.7500","2014-06-04 22:00:00"
"70335","949","6","50","2014-05-12 00:00:00","2014-05-23 00:00:00","2014-05-12 00:00:00","2014-06-05 00:00:00","3.0000","36.7500","36.7500","2014-06-04 22:00:00"
"70336","950","6","50","2014-05-12 00:00:00","2014-05-23 00:00:00","2014-05-12 00:00:00","2014-06-05 00:00:00","3.0000","36.7500","36.7500","2014-06-04 22:00:00"
"70337","951","6","50","2014-05-12 00:00:00","2014-05-23 00:00:00","2014-05-12 00:00:00","2014-06-05 00:00:00","3.0000","36.7500","36.7500","2014-06-04 22:00:00"
"70338","994","6","50","2014-05-12 00:00:00","2014-05-23 00:00:00","2014-05-12 00:00:00","2014-06-05 00:00:00","3.0000","36.7500","36.7500","2014-06-04 22:00:00"
"70339","995","6","50","2014-05-12 00:00:00","2014-05-23 00:00:00","2014-05-12 00:00:00","2014-06-05 00:00:00","3.0000","36.7500","36.7500","2014-06-04 22:00:00"
"70340","996","6","50","2014-05-12 00:00:00","2014-05-23 00:00:00","2014-05-12 00:00:00","2014-06-05 00:00:00","3.0000","36.7500","36.7500","2014-06-04 22:00:00"
"70355","802","1","10","2014-05-12 00:00:00","2014-05-23 00:00:00","2014-05-12 00:00:00","2014-06-05 00:00:00","4.1000","92.2500","92.2500","2014-06-04 22:00:00"
"70355","802","6","50","2014-05-12 00:00:00","2014-05-23 00:00:00","2014-05-12 00:00:00","2014-06-05 00:00:00","3.0000","36.7500","36.7500","2014-06-04 22:00:00"
"70356","803","1","10","2014-05-12 00:00:00","2014-05-23 00:00:00","2014-05-12 00:00:00","2014-06-05 00:00:00","4.1000","92.2500","92.2500","2014-06-04 22:00:00"
"70356","803","6","50","2014-05-12 00:00:00","2014-05-23 00:00:00","2014-05-12 00:00:00","2014-06-05 00:00:00","3.0000","36.7500","36.7500","2014-06-04 22:00:00"
"70357","804","1","10","2014-05-12 00:00:00","2014-05-23 00:00:00","2014-05-12 00:00:00","2014-06-05 00:00:00","4.1000","92.2500","92.2500","2014-06-04 22:00:00"
"70357","804","6","50","2014-05-12 00:00:00","2014-05-23 00:00:00","2014-05-12 00:00:00","2014-06-05 00:00:00","3.0000","36.7500","36.7500","2014-06-04 22:00:00"
"70362","779","7","60","2014-05-13 00:00:00","2014-05-24 00:00:00","2014-05-16 00:00:00","2014-05-24 00:00:00","4.0000","49.0000","49.0000","2014-05-23 22:00:00"
"70363","781","7","60","2014-05-13 00:00:00","2014-05-24 00:00:00","2014-05-16 00:00:00","2014-05-24 00:00:00","4.0000","49.0000","49.0000","2014-05-23 22:00:00"
"70364","782","7","60","2014-05-13 00:00:00","2014-05-24 00:00:00","2014-05-16 00:00:00","2014-05-24 00:00:00","4.0000","49.0000","49.0000","2014-05-23 22:00:00"
"70365","783","7","60","2014-05-13 00:00:00","2014-05-24 00:00:00","2014-05-16 00:00:00","2014-05-24 00:00:00","4.0000","49.0000","49.0000","2014-05-23 22:00:00"
"70366","784","7","60","2014-05-13 00:00:00","2014-05-24 00:00:00","2014-05-16 00:00:00","2014-05-24 00:00:00","4.0000","49.0000","49.0000","2014-05-23 22:00:00"
"70367","794","7","60","2014-05-13 00:00:00","2014-05-24 00:00:00","2014-05-16 00:00:00","2014-05-24 00:00:00","4.0000","49.0000","49.0000","2014-05-23 22:00:00"
"70368","798","7","60","2014-05-13 00:00:00","2014-05-24 00:00:00","2014-05-16 00:00:00","2014-05-24 00:00:00","4.0000","49.0000","49.0000","2014-05-23 22:00:00"
"70369","799","7","60","2014-05-13 00:00:00","2014-05-24 00:00:00","2014-05-16 00:00:00","2014-05-24 00:00:00","4.0000","49.0000","49.0000","2014-05-23 22:00:00"
"70370","800","7","60","2014-05-13 00:00:00","2014-05-24 00:00:00","2014-05-16 00:00:00","2014-05-24 00:00:00","4.0000","49.0000","49.0000","2014-05-23 22:00:00"
"70371","958","7","60","2014-05-13 00:00:00","2014-05-24 00:00:00","2014-05-16 00:00:00","2014-05-24 00:00:00","4.0000","49.0000","49.0000","2014-05-23 22:00:00"
"70372","959","7","60","2014-05-13 00:00:00","2014-05-24 00:00:00","2014-05-16 00:00:00","2014-05-24 00:00:00","4.0000","49.0000","49.0000","2014-05-23 22:00:00"
"70373","967","7","60","2014-05-13 00:00:00","2014-05-24 00:00:00","2014-05-16 00:00:00","2014-05-24 00:00:00","4.0000","49.0000","49.0000","2014-05-23 22:00:00"
"70374","968","7","60","2014-05-13 00:00:00","2014-05-24 00:00:00","2014-05-16 00:00:00","2014-05-24 00:00:00","4.0000","49.0000","49.0000","2014-05-23 22:00:00"
"70375","969","7","60","2014-05-13 00:00:00","2014-05-24 00:00:00","2014-05-16 00:00:00","2014-05-24 00:00:00","4.0000","49.0000","49.0000","2014-05-23 22:00:00"
"70376","970","7","60","2014-05-13 00:00:00","2014-05-24 00:00:00","2014-05-16 00:00:00","2014-05-24 00:00:00","4.0000","49.0000","49.0000","2014-05-23 22:00:00"
"70377","971","7","60","2014-05-13 00:00:00","2014-05-24 00:00:00","2014-05-16 00:00:00","2014-05-24 00:00:00","4.0000","49.0000","49.0000","2014-05-23 22:00:00"
"70378","974","7","60","2014-05-13 00:00:00","2014-05-24 00:00:00","2014-05-16 00:00:00","2014-05-24 00:00:00","4.0000","49.0000","49.0000","2014-05-23 22:00:00"
"70379","975","7","60","2014-05-13 00:00:00","2014-05-24 00:00:00","2014-05-16 00:00:00","2014-05-24 00:00:00","4.0000","49.0000","49.0000","2014-05-23 22:00:00"
"70380","980","7","60","2014-05-13 00:00:00","2014-05-24 00:00:00","2014-05-16 00:00:00","2014-05-24 00:00:00","4.0000","49.0000","49.0000","2014-05-23 22:00:00"
"70381","981","7","60","2014-05-13 00:00:00","2014-05-24 00:00:00","2014-05-16 00:00:00","2014-05-24 00:00:00","4.0000","49.0000","49.0000","2014-05-23 22:00:00"
"70382","991","7","60","2014-05-13 00:00:00","2014-05-24 00:00:00","2014-05-16 00:00:00","2014-05-24 00:00:00","4.0000","49.0000","49.0000","2014-05-23 22:00:00"
"70383","993","7","60","2014-05-13 00:00:00","2014-05-24 00:00:00","2014-05-16 00:00:00","2014-05-24 00:00:00","4.0000","49.0000","49.0000","2014-05-23 22:00:00"
"70384","998","7","60","2014-05-13 00:00:00","2014-05-24 00:00:00","2014-05-16 00:00:00","2014-05-24 00:00:00","4.0000","49.0000","49.0000","2014-05-23 22:00:00"
"70385","999","7","60","2014-05-13 00:00:00","2014-05-24 00:00:00","2014-05-16 00:00:00","2014-05-24 00:00:00","4.0000","49.0000","49.0000","2014-05-23 22:00:00"
"70386","514","6","50","2014-05-13 00:00:00","2014-05-24 00:00:00","2014-05-16 00:00:00","2014-05-24 00:00:00","3.0000","36.7500","36.7500","2014-05-23 22:00:00"
"70386","514","7","60","2014-05-13 00:00:00","2014-05-24 00:00:00","2014-05-16 00:00:00","2014-05-24 00:00:00","4.0000","49.0000","49.0000","2014-05-23 22:00:00"
"70387","516","6","50","2014-05-13 00:00:00","2014-05-24 00:00:00","2014-05-16 00:00:00","2014-05-24 00:00:00","3.0000","36.7500","36.7500","2014-05-23 22:00:00"
"70387","516","7","60","2014-05-13 00:00:00","2014-05-24 00:00:00","2014-05-16 00:00:00","2014-05-24 00:00:00","4.0000","49.0000","49.0000","2014-05-23 22:00:00"
"70388","517","6","50","2014-05-13 00:00:00","2014-05-24 00:00:00","2014-05-16 00:00:00","2014-05-24 00:00:00","3.0000","36.7500","36.7500","2014-05-23 22:00:00"
"70388","517","7","60","2014-05-13 00:00:00","2014-05-24 00:00:00","2014-05-16 00:00:00","2014-05-24 00:00:00","4.0000","49.0000","49.0000","2014-05-23 22:00:00"
"70389","518","6","50","2014-05-13 00:00:00","2014-05-24 00:00:00","2014-05-16 00:00:00","2014-05-24 00:00:00","3.0000","36.7500","36.7500","2014-05-23 22:00:00"
"70389","518","7","60","2014-05-13 00:00:00","2014-05-24 00:00:00","2014-05-16 00:00:00","2014-05-24 00:00:00","4.0000","49.0000","49.0000","2014-05-23 22:00:00"
"70390","519","6","50","2014-05-13 00:00:00","2014-05-24 00:00:00","2014-05-16 00:00:00","2014-05-24 00:00:00","3.0000","36.7500","36.7500","2014-05-23 22:00:00"
"70390","519","7","60","2014-05-13 00:00:00","2014-05-24 00:00:00","2014-05-16 00:00:00","2014-05-24 00:00:00","4.0000","49.0000","49.0000","2014-05-23 22:00:00"
"70391","520","6","50","2014-05-13 00:00:00","2014-05-24 00:00:00","2014-05-16 00:00:00","2014-05-24 00:00:00","3.0000","36.7500","36.7500","2014-05-23 22:00:00"
"70391","520","7","60","2014-05-13 00:00:00","2014-05-24 00:00:00","2014-05-16 00:00:00","2014-05-24 00:00:00","4.0000","49.0000","49.0000","2014-05-23 22:00:00"
"70392","521","6","50","2014-05-13 00:00:00","2014-05-24 00:00:00","2014-05-16 00:00:00","2014-05-24 00:00:00","3.0000","36.7500","36.7500","2014-05-23 22:00:00"
"70392","521","7","60","2014-05-13 00:00:00","2014-05-24 00:00:00","2014-05-16 00:00:00","2014-05-24 00:00:00","4.0000","49.0000","49.0000","2014-05-23 22:00:00"
"70393","522","6","50","2014-05-13 00:00:00","2014-05-24 00:00:00","2014-05-16 00:00:00","2014-05-24 00:00:00","3.0000","36.7500","36.7500","2014-05-23 22:00:00"
"70393","522","7","60","2014-05-13 00:00:00","2014-05-24 00:00:00","2014-05-16 00:00:00","2014-05-24 00:00:00","4.0000","49.0000","49.0000","2014-05-23 22:00:00"
"70399","747","1","10","2014-05-13 00:00:00","2014-05-24 00:00:00","2014-05-16 00:00:00","2014-05-24 00:00:00","4.1000","92.2500","92.2500","2014-05-23 22:00:00"
"70399","747","2","20","2014-05-13 00:00:00","2014-05-24 00:00:00","2014-05-16 00:00:00","2014-05-24 00:00:00","3.5000","87.5000","87.5000","2014-05-23 22:00:00"
"70399","747","3","30","2014-05-13 00:00:00","2014-05-24 00:00:00","2014-05-16 00:00:00","2014-05-24 00:00:00","1.0000","14.5000","14.5000","2014-05-23 22:00:00"
"70399","747","4","40","2014-05-13 00:00:00","2014-05-24 00:00:00","2014-05-16 00:00:00","2014-05-24 00:00:00","2.0000","31.5000","31.5000","2014-05-23 22:00:00"
"70399","747","6","50","2014-05-13 00:00:00","2014-05-24 00:00:00","2014-05-16 00:00:00","2014-05-24 00:00:00","3.0000","36.7500","36.7500","2014-05-23 22:00:00"
"70399","747","7","60","2014-05-13 00:00:00","2014-05-24 00:00:00","2014-05-16 00:00:00","2014-05-24 00:00:00","4.0000","49.0000","49.0000","2014-05-23 22:00:00"
"70400","748","1","10","2014-05-13 00:00:00","2014-05-24 00:00:00","2014-05-16 00:00:00","2014-05-24 00:00:00","4.1000","92.2500","92.2500","2014-05-23 22:00:00"
"70400","748","2","20","2014-05-13 00:00:00","2014-05-24 00:00:00","2014-05-16 00:00:00","2014-05-24 00:00:00","3.5000","87.5000","87.5000","2014-05-23 22:00:00"
"70400","748","3","30","2014-05-13 00:00:00","2014-05-24 00:00:00","2014-05-16 00:00:00","2014-05-24 00:00:00","1.0000","14.5000","14.5000","2014-05-23 22:00:00"
"70400","748","5","45","2014-05-13 00:00:00","2014-05-24 00:00:00","2014-05-16 00:00:00","2014-05-24 00:00:00","2.0000","36.0000","36.0000","2014-05-23 22:00:00"
"70400","748","6","50","2014-05-13 00:00:00","2014-05-24 00:00:00","2014-05-16 00:00:00","2014-05-24 00:00:00","3.0000","36.7500","36.7500","2014-05-23 22:00:00"
"70400","748","7","60","2014-05-13 00:00:00","2014-05-24 00:00:00","2014-05-16 00:00:00","2014-05-24 00:00:00","4.0000","49.0000","49.0000","2014-05-23 22:00:00"
"70401","805","6","50","2014-05-13 00:00:00","2014-05-24 00:00:00","2014-05-16 00:00:00","2014-05-24 00:00:00","3.0000","36.7500","36.7500","2014-05-23 22:00:00"
"70402","806","6","50","2014-05-13 00:00:00","2014-05-24 00:00:00","2014-05-16 00:00:00","2014-05-24 00:00:00","3.0000","36.7500","36.7500","2014-05-23 22:00:00"
"70403","807","6","50","2014-05-13 00:00:00","2014-05-24 00:00:00","2014-05-16 00:00:00","2014-05-24 00:00:00","3.0000","36.7500","36.7500","2014-05-23 22:00:00"
"70404","808","1","10","2014-05-13 00:00:00","2014-05-24 00:00:00","2014-05-16 00:00:00","2014-05-24 00:00:00","4.1000","92.2500","92.2500","2014-05-23 22:00:00"
"70404","808","2","20","2014-05-13 00:00:00","2014-05-24 00:00:00","2014-05-16 00:00:00","2014-05-24 00:00:00","3.5000","87.5000","87.5000","2014-05-23 22:00:00"
"70404","808","6","50","2014-05-13 00:00:00","2014-05-24 00:00:00","2014-05-16 00:00:00","2014-05-24 00:00:00","3.0000","36.7500","36.7500","2014-05-23 22:00:00"
"70405","810","1","10","2014-05-13 00:00:00","2014-05-24 00:00:00","2014-05-16 00:00:00","2014-05-24 00:00:00","4.1000","92.2500","92.2500","2014-05-23 22:00:00"
"70405","810","2","20","2014-05-13 00:00:00","2014-05-24 00:00:00","2014-05-16 00:00:00","2014-05-24 00:00:00","3.5000","87.5000","87.5000","2014-05-23 22:00:00"
"70405","810","6","50","2014-05-13 00:00:00","2014-05-24 00:00:00","2014-05-16 00:00:00","2014-05-24 00:00:00","3.0000","36.7500","36.7500","2014-05-23 22:00:00"
"70406","811","1","10","2014-05-13 00:00:00","2014-05-24 00:00:00","2014-05-16 00:00:00","2014-05-24 00:00:00","4.1000","92.2500","92.2500","2014-05-23 22:00:00"
"70406","811","2","20","2014-05-13 00:00:00","2014-05-24 00:00:00","2014-05-16 00:00:00","2014-05-24 00:00:00","3.5000","87.5000","87.5000","2014-05-23 22:00:00"
"70406","811","6","50","2014-05-13 00:00:00","2014-05-24 00:00:00","2014-05-16 00:00:00","2014-05-24 00:00:00","3.0000","36.7500","36.7500","2014-05-23 22:00:00"
"70407","812","1","10","2014-05-13 00:00:00","2014-05-24 00:00:00","2014-05-16 00:00:00","2014-05-24 00:00:00","4.1000","92.2500","92.2500","2014-05-23 22:00:00"
"70407","812","2","20","2014-05-13 00:00:00","2014-05-24 00:00:00","2014-05-16 00:00:00","2014-05-24 00:00:00","3.5000","87.5000","87.5000","2014-05-23 22:00:00"
"70407","812","6","50","2014-05-13 00:00:00","2014-05-24 00:00:00","2014-05-16 00:00:00","2014-05-24 00:00:00","3.0000","36.7500","36.7500","2014-05-23 22:00:00"
"70408","813","1","10","2014-05-13 00:00:00","2014-05-24 00:00:00","2014-05-16 00:00:00","2014-05-24 00:00:00","4.1000","92.2500","92.2500","2014-05-23 22:00:00"
"70408","813","2","20","2014-05-13 00:00:00","2014-05-24 00:00:00","2014-05-16 00:00:00","2014-05-24 00:00:00","3.5000","87.5000","87.5000","2014-05-23 22:00:00"
"70408","813","6","50","2014-05-13 00:00:00","2014-05-24 00:00:00","2014-05-16 00:00:00","2014-05-24 00:00:00","3.0000","36.7500","36.7500","2014-05-23 22:00:00"
"70409","815","6","50","2014-05-13 00:00:00","2014-05-24 00:00:00","2014-05-16 00:00:00","2014-05-24 00:00:00","3.0000","36.7500","36.7500","2014-05-23 22:00:00"
"70410","816","6","50","2014-05-13 00:00:00","2014-05-24 00:00:00","2014-05-16 00:00:00","2014-05-24 00:00:00","3.0000","36.7500","36.7500","2014-05-23 22:00:00"
"70411","818","6","50","2014-05-13 00:00:00","2014-05-24 00:00:00","2014-05-16 00:00:00","2014-05-24 00:00:00","3.0000","36.7500","36.7500","2014-05-23 22:00:00"
"70412","819","6","50","2014-05-13 00:00:00","2014-05-24 00:00:00","2014-05-16 00:00:00","2014-05-24 00:00:00","3.0000","36.7500","36.7500","2014-05-23 22:00:00"
"70413","820","6","50","2014-05-13 00:00:00","2014-05-24 00:00:00","2014-05-16 00:00:00","2014-05-24 00:00:00","3.0000","36.7500","36.7500","2014-05-23 22:00:00"
"70414","821","6","50","2014-05-13 00:00:00","2014-05-24 00:00:00","2014-05-16 00:00:00","2014-05-24 00:00:00","3.0000","36.7500","36.7500","2014-05-23 22:00:00"
"70415","823","6","50","2014-05-13 00:00:00","2014-05-24 00:00:00","2014-05-16 00:00:00","2014-05-24 00:00:00","3.0000","36.7500","36.7500","2014-05-23 22:00:00"
"70416","824","6","50","2014-05-13 00:00:00","2014-05-24 00:00:00","2014-05-16 00:00:00","2014-05-24 00:00:00","3.0000","36.7500","36.7500","2014-05-23 22:00:00"
"70417","826","6","50","2014-05-13 00:00:00","2014-05-24 00:00:00","2014-05-16 00:00:00","2014-05-24 00:00:00","3.0000","36.7500","36.7500","2014-05-23 22:00:00"
"70418","827","6","50","2014-05-13 00:00:00","2014-05-24 00:00:00","2014-05-16 00:00:00","2014-05-24 00:00:00","3.0000","36.7500","36.7500","2014-05-23 22:00:00"
"70419","828","6","50","2014-05-13 00:00:00","2014-05-24 00:00:00","2014-05-16 00:00:00","2014-05-24 00:00:00","3.0000","36.7500","36.7500","2014-05-23 22:00:00"
"70420","829","6","50","2014-05-13 00:00:00","2014-05-24 00:00:00","2014-05-16 00:00:00","2014-05-24 00:00:00","3.0000","36.7500","36.7500","2014-05-23 22:00:00"
"70429","894","6","50","2014-05-13 00:00:00","2014-05-24 00:00:00","2014-05-16 00:00:00","2014-05-24 00:00:00","3.0000","36.7500","36.7500","2014-05-23 22:00:00"
"70435","942","1","10","2014-05-13 00:00:00","2014-05-24 00:00:00","2014-05-16 00:00:00","2014-05-24 00:00:00","4.1000","92.2500","92.2500","2014-05-23 22:00:00"
"70435","942","2","20","2014-05-13 00:00:00","2014-05-24 00:00:00","2014-05-16 00:00:00","2014-05-24 00:00:00","3.5000","87.5000","87.5000","2014-05-23 22:00:00"
"70435","942","3","30","2014-05-13 00:00:00","2014-05-24 00:00:00","2014-05-16 00:00:00","2014-05-24 00:00:00","1.0000","14.5000","14.5000","2014-05-23 22:00:00"
"70435","942","5","45","2014-05-13 00:00:00","2014-05-24 00:00:00","2014-05-16 00:00:00","2014-05-24 00:00:00","2.0000","36.0000","36.0000","2014-05-23 22:00:00"
"70435","942","6","50","2014-05-13 00:00:00","2014-05-24 00:00:00","2014-05-16 00:00:00","2014-05-24 00:00:00","3.0000","36.7500","36.7500","2014-05-23 22:00:00"
"70435","942","7","60","2014-05-13 00:00:00","2014-05-24 00:00:00","2014-05-16 00:00:00","2014-05-24 00:00:00","4.0000","49.0000","49.0000","2014-05-23 22:00:00"
"70436","945","1","10","2014-05-13 00:00:00","2014-05-24 00:00:00","2014-05-16 00:00:00","2014-05-24 00:00:00","4.1000","92.2500","92.2500","2014-05-23 22:00:00"
"70436","945","6","50","2014-05-13 00:00:00","2014-05-24 00:00:00","2014-05-16 00:00:00","2014-05-24 00:00:00","3.0000","36.7500","36.7500","2014-05-23 22:00:00"
"70437","946","1","10","2014-05-13 00:00:00","2014-05-24 00:00:00","2014-05-16 00:00:00","2014-05-24 00:00:00","4.1000","92.2500","92.2500","2014-05-23 22:00:00"
"70437","946","2","20","2014-05-13 00:00:00","2014-05-24 00:00:00","2014-05-16 00:00:00","2014-05-24 00:00:00","3.5000","87.5000","87.5000","2014-05-23 22:00:00"
"70437","946","6","50","2014-05-13 00:00:00","2014-05-24 00:00:00","2014-05-16 00:00:00","2014-05-24 00:00:00","3.0000","36.7500","36.7500","2014-05-23 22:00:00"
"70438","947","1","10","2014-05-13 00:00:00","2014-05-24 00:00:00","2014-05-16 00:00:00","2014-05-24 00:00:00","4.1000","92.2500","92.2500","2014-05-23 22:00:00"
"70438","947","2","20","2014-05-13 00:00:00","2014-05-24 00:00:00","2014-05-16 00:00:00","2014-05-24 00:00:00","3.5000","87.5000","87.5000","2014-05-23 22:00:00"
