"WorkOrderID","ProductID","OperationSequence","LocationID","ScheduledStartDate","ScheduledEndDate","ActualStartDate","ActualEndDate","ActualResourceHrs","PlannedCost","ActualCost","ModifiedDate"
"19390","814","3","30","2012-08-03 00:00:00","2012-08-14 00:00:00","2012-08-03 00:00:00","2012-08-19 00:00:00","1.0000","14.5000","14.5000","2012-08-18 22:00:00"
"19390","814","4","40","2012-08-03 00:00:00","2012-08-14 00:00:00","2012-08-03 00:00:00","2012-08-19 00:00:00","2.0000","31.5000","31.5000","2012-08-18 22:00:00"
"19390","814","6","50","2012-08-03 00:00:00","2012-08-14 00:00:00","2012-08-03 00:00:00","2012-08-19 00:00:00","3.0000","36.7500","36.7500","2012-08-18 22:00:00"
"19390","814","7","60","2012-08-03 00:00:00","2012-08-14 00:00:00","2012-08-03 00:00:00","2012-08-19 00:00:00","4.0000","49.0000","49.0000","2012-08-18 22:00:00"
"19391","815","6","50","2012-08-03 00:00:00","2012-08-14 00:00:00","2012-08-03 00:00:00","2012-08-19 00:00:00","3.0000","36.7500","36.7500","2012-08-18 22:00:00"
"19392","816","6","50","2012-08-03 00:00:00","2012-08-14 00:00:00","2012-08-03 00:00:00","2012-08-19 00:00:00","3.0000","36.7500","36.7500","2012-08-18 22:00:00"
"19393","817","6","50","2012-08-03 00:00:00","2012-08-14 00:00:00","2012-08-03 00:00:00","2012-08-19 00:00:00","3.0000","36.7500","36.7500","2012-08-18 22:00:00"
"19394","819","6","50","2012-08-03 00:00:00","2012-08-14 00:00:00","2012-08-03 00:00:00","2012-08-19 00:00:00","3.0000","36.7500","36.7500","2012-08-18 22:00:00"
"19395","820","6","50","2012-08-03 00:00:00","2012-08-14 00:00:00","2012-08-03 00:00:00","2012-08-19 00:00:00","3.0000","36.7500","36.7500","2012-08-18 22:00:00"
"19396","822","1","10","2012-08-03 00:00:00","2012-08-14 00:00:00","2012-08-03 00:00:00","2012-08-19 00:00:00","4.1000","92.2500","92.2500","2012-08-18 22:00:00"
"19396","822","2","20","2012-08-03 00:00:00","2012-08-14 00:00:00","2012-08-03 00:00:00","2012-08-19 00:00:00","3.5000","87.5000","87.5000","2012-08-18 22:00:00"
"19396","822","3","30","2012-08-03 00:00:00","2012-08-14 00:00:00","2012-08-03 00:00:00","2012-08-19 00:00:00","1.0000","14.5000","14.5000","2012-08-18 22:00:00"
"19396","822","4","40","2012-08-03 00:00:00","2012-08-14 00:00:00","2012-08-03 00:00:00","2012-08-19 00:00:00","2.0000","31.5000","31.5000","2012-08-18 22:00:00"
"19396","822","6","50","2012-08-03 00:00:00","2012-08-14 00:00:00","2012-08-03 00:00:00","2012-08-19 00:00:00","3.0000","36.7500","36.7500","2012-08-18 22:00:00"
"19396","822","7","60","2012-08-03 00:00:00","2012-08-14 00:00:00","2012-08-03 00:00:00","2012-08-19 00:00:00","4.0000","49.0000","49.0000","2012-08-18 22:00:00"
"19397","823","6","50","2012-08-03 00:00:00","2012-08-14 00:00:00","2012-08-03 00:00:00","2012-08-19 00:00:00","3.0000","36.7500","36.7500","2012-08-18 22:00:00"
"19398","824","6","50","2012-08-03 00:00:00","2012-08-14 00:00:00","2012-08-03 00:00:00","2012-08-19 00:00:00","3.0000","36.7500","36.7500","2012-08-18 22:00:00"
"19399","825","6","50","2012-08-03 00:00:00","2012-08-14 00:00:00","2012-08-03 00:00:00","2012-08-19 00:00:00","3.0000","36.7500","36.7500","2012-08-18 22:00:00"
"19400","826","6","50","2012-08-03 00:00:00","2012-08-14 00:00:00","2012-08-03 00:00:00","2012-08-19 00:00:00","3.0000","36.7500","36.7500","2012-08-18 22:00:00"
"19401","827","6","50","2012-08-03 00:00:00","2012-08-14 00:00:00","2012-08-03 00:00:00","2012-08-19 00:00:00","3.0000","36.7500","36.7500","2012-08-18 22:00:00"
"19402","828","6","50","2012-08-03 00:00:00","2012-08-14 00:00:00","2012-08-03 00:00:00","2012-08-19 00:00:00","3.0000","36.7500","36.7500","2012-08-18 22:00:00"
"19411","515","6","50","2012-08-03 00:00:00","2012-08-14 00:00:00","2012-08-03 00:00:00","2012-08-19 00:00:00","3.0000","36.7500","36.7500","2012-08-18 22:00:00"
"19411","515","7","60","2012-08-03 00:00:00","2012-08-14 00:00:00","2012-08-03 00:00:00","2012-08-19 00:00:00","4.0000","49.0000","49.0000","2012-08-18 22:00:00"
"19412","516","6","50","2012-08-03 00:00:00","2012-08-14 00:00:00","2012-08-03 00:00:00","2012-08-19 00:00:00","3.0000","36.7500","36.7500","2012-08-18 22:00:00"
"19412","516","7","60","2012-08-03 00:00:00","2012-08-14 00:00:00","2012-08-03 00:00:00","2012-08-19 00:00:00","4.0000","49.0000","49.0000","2012-08-18 22:00:00"
"19413","517","6","50","2012-08-03 00:00:00","2012-08-14 00:00:00","2012-08-03 00:00:00","2012-08-19 00:00:00","3.0000","36.7500","36.7500","2012-08-18 22:00:00"
"19413","517","7","60","2012-08-03 00:00:00","2012-08-14 00:00:00","2012-08-03 00:00:00","2012-08-19 00:00:00","4.0000","49.0000","49.0000","2012-08-18 22:00:00"
"19414","518","6","50","2012-08-03 00:00:00","2012-08-14 00:00:00","2012-08-03 00:00:00","2012-08-19 00:00:00","3.0000","36.7500","36.7500","2012-08-18 22:00:00"
"19414","518","7","60","2012-08-03 00:00:00","2012-08-14 00:00:00","2012-08-03 00:00:00","2012-08-19 00:00:00","4.0000","49.0000","49.0000","2012-08-18 22:00:00"
"19415","519","6","50","2012-08-03 00:00:00","2012-08-14 00:00:00","2012-08-03 00:00:00","2012-08-19 00:00:00","3.0000","36.7500","36.7500","2012-08-18 22:00:00"
"19415","519","7","60","2012-08-03 00:00:00","2012-08-14 00:00:00","2012-08-03 00:00:00","2012-08-19 00:00:00","4.0000","49.0000","49.0000","2012-08-18 22:00:00"
"19437","747","1","10","2012-08-03 00:00:00","2012-08-14 00:00:00","2012-08-03 00:00:00","2012-08-19 00:00:00","4.1000","92.2500","92.2500","2012-08-18 22:00:00"
"19437","747","2","20","2012-08-03 00:00:00","2012-08-14 00:00:00","2012-08-03 00:00:00","2012-08-19 00:00:00","3.5000","87.5000","87.5000","2012-08-18 22:00:00"
"19437","747","3","30","2012-08-03 00:00:00","2012-08-14 00:00:00","2012-08-03 00:00:00","2012-08-19 00:00:00","1.0000","14.5000","14.5000","2012-08-18 22:00:00"
"19437","747","4","40","2012-08-03 00:00:00","2012-08-14 00:00:00","2012-08-03 00:00:00","2012-08-19 00:00:00","2.0000","31.5000","31.5000","2012-08-18 22:00:00"
"19437","747","6","50","2012-08-03 00:00:00","2012-08-14 00:00:00","2012-08-03 00:00:00","2012-08-19 00:00:00","3.0000","36.7500","36.7500","2012-08-18 22:00:00"
"19437","747","7","60","2012-08-03 00:00:00","2012-08-14 00:00:00","2012-08-03 00:00:00","2012-08-19 00:00:00","4.0000","49.0000","49.0000","2012-08-18 22:00:00"
"19438","748","1","10","2012-08-03 00:00:00","2012-08-14 00:00:00","2012-08-03 00:00:00","2012-08-19 00:00:00","4.1000","92.2500","92.2500","2012-08-18 22:00:00"
"19438","748","2","20","2012-08-03 00:00:00","2012-08-14 00:00:00","2012-08-03 00:00:00","2012-08-19 00:00:00","3.5000","87.5000","87.5000","2012-08-18 22:00:00"
"19438","748","3","30","2012-08-03 00:00:00","2012-08-14 00:00:00","2012-08-03 00:00:00","2012-08-19 00:00:00","1.0000","14.5000","14.5000","2012-08-18 22:00:00"
"19438","748","5","45","2012-08-03 00:00:00","2012-08-14 00:00:00","2012-08-03 00:00:00","2012-08-19 00:00:00","2.0000","36.0000","36.0000","2012-08-18 22:00:00"
"19438","748","6","50","2012-08-03 00:00:00","2012-08-14 00:00:00","2012-08-03 00:00:00","2012-08-19 00:00:00","3.0000","36.7500","36.7500","2012-08-18 22:00:00"
"19438","748","7","60","2012-08-03 00:00:00","2012-08-14 00:00:00","2012-08-03 00:00:00","2012-08-19 00:00:00","4.0000","49.0000","49.0000","2012-08-18 22:00:00"
"19439","806","6","50","2012-08-03 00:00:00","2012-08-14 00:00:00","2012-08-03 00:00:00","2012-08-19 00:00:00","3.0000","36.7500","36.7500","2012-08-18 22:00:00"
"19440","809","1","10","2012-08-03 00:00:00","2012-08-14 00:00:00","2012-08-03 00:00:00","2012-08-19 00:00:00","4.1000","92.2500","92.2500","2012-08-18 22:00:00"
"19440","809","2","20","2012-08-03 00:00:00","2012-08-14 00:00:00","2012-08-03 00:00:00","2012-08-19 00:00:00","3.5000","87.5000","87.5000","2012-08-18 22:00:00"
"19440","809","6","50","2012-08-03 00:00:00","2012-08-14 00:00:00","2012-08-03 00:00:00","2012-08-19 00:00:00","3.0000","36.7500","36.7500","2012-08-18 22:00:00"
"19441","810","1","10","2012-08-03 00:00:00","2012-08-14 00:00:00","2012-08-03 00:00:00","2012-08-19 00:00:00","4.1000","92.2500","92.2500","2012-08-18 22:00:00"
"19441","810","2","20","2012-08-03 00:00:00","2012-08-14 00:00:00","2012-08-03 00:00:00","2012-08-19 00:00:00","3.5000","87.5000","87.5000","2012-08-18 22:00:00"
"19441","810","6","50","2012-08-03 00:00:00","2012-08-14 00:00:00","2012-08-03 00:00:00","2012-08-19 00:00:00","3.0000","36.7500","36.7500","2012-08-18 22:00:00"
"19442","811","1","10","2012-08-03 00:00:00","2012-08-14 00:00:00","2012-08-03 00:00:00","2012-08-19 00:00:00","4.1000","92.2500","92.2500","2012-08-18 22:00:00"
"19442","811","2","20","2012-08-03 00:00:00","2012-08-14 00:00:00","2012-08-03 00:00:00","2012-08-19 00:00:00","3.5000","87.5000","87.5000","2012-08-18 22:00:00"
"19442","811","6","50","2012-08-03 00:00:00","2012-08-14 00:00:00","2012-08-03 00:00:00","2012-08-19 00:00:00","3.0000","36.7500","36.7500","2012-08-18 22:00:00"
"19443","812","1","10","2012-08-03 00:00:00","2012-08-14 00:00:00","2012-08-03 00:00:00","2012-08-19 00:00:00","4.1000","92.2500","92.2500","2012-08-18 22:00:00"
"19443","812","2","20","2012-08-03 00:00:00","2012-08-14 00:00:00","2012-08-03 00:00:00","2012-08-19 00:00:00","3.5000","87.5000","87.5000","2012-08-18 22:00:00"
"19443","812","6","50","2012-08-03 00:00:00","2012-08-14 00:00:00","2012-08-03 00:00:00","2012-08-19 00:00:00","3.0000","36.7500","36.7500","2012-08-18 22:00:00"
"19444","813","1","10","2012-08-03 00:00:00","2012-08-14 00:00:00","2012-08-03 00:00:00","2012-08-19 00:00:00","4.1000","92.2500","92.2500","2012-08-18 22:00:00"
"19444","813","2","20","2012-08-03 00:00:00","2012-08-14 00:00:00","2012-08-03 00:00:00","2012-08-19 00:00:00","3.5000","87.5000","87.5000","2012-08-18 22:00:00"
"19444","813","6","50","2012-08-03 00:00:00","2012-08-14 00:00:00","2012-08-03 00:00:00","2012-08-19 00:00:00","3.0000","36.7500","36.7500","2012-08-18 22:00:00"
"19445","814","1","10","2012-08-03 00:00:00","2012-08-14 00:00:00","2012-08-03 00:00:00","2012-08-19 00:00:00","4.1000","92.2500","92.2500","2012-08-18 22:00:00"
"19445","814","2","20","2012-08-03 00:00:00","2012-08-14 00:00:00","2012-08-03 00:00:00","2012-08-19 00:00:00","3.5000","87.5000","87.5000","2012-08-18 22:00:00"
"19445","814","3","30","2012-08-03 00:00:00","2012-08-14 00:00:00","2012-08-03 00:00:00","2012-08-19 00:00:00","1.0000","14.5000","14.5000","2012-08-18 22:00:00"
"19445","814","4","40","2012-08-03 00:00:00","2012-08-14 00:00:00","2012-08-03 00:00:00","2012-08-19 00:00:00","2.0000","31.5000","31.5000","2012-08-18 22:00:00"
"19445","814","6","50","2012-08-03 00:00:00","2012-08-14 00:00:00","2012-08-03 00:00:00","2012-08-19 00:00:00","3.0000","36.7500","36.7500","2012-08-18 22:00:00"
"19445","814","7","60","2012-08-03 00:00:00","2012-08-14 00:00:00","2012-08-03 00:00:00","2012-08-19 00:00:00","4.0000","49.0000","49.0000","2012-08-18 22:00:00"
"19446","816","6","50","2012-08-03 00:00:00","2012-08-14 00:00:00","2012-08-03 00:00:00","2012-08-19 00:00:00","3.0000","36.7500","36.7500","2012-08-18 22:00:00"
"19447","818","6","50","2012-08-03 00:00:00","2012-08-14 00:00:00","2012-08-03 00:00:00","2012-08-19 00:00:00","3.0000","36.7500","36.7500","2012-08-18 22:00:00"
"19448","819","6","50","2012-08-03 00:00:00","2012-08-14 00:00:00","2012-08-03 00:00:00","2012-08-19 00:00:00","3.0000","36.7500","36.7500","2012-08-18 22:00:00"
"19449","820","6","50","2012-08-03 00:00:00","2012-08-14 00:00:00","2012-08-03 00:00:00","2012-08-19 00:00:00","3.0000","36.7500","36.7500","2012-08-18 22:00:00"
"19450","822","1","10","2012-08-03 00:00:00","2012-08-14 00:00:00","2012-08-03 00:00:00","2012-08-19 00:00:00","4.1000","92.2500","92.2500","2012-08-18 22:00:00"
"19450","822","2","20","2012-08-03 00:00:00","2012-08-14 00:00:00","2012-08-03 00:00:00","2012-08-19 00:00:00","3.5000","87.5000","87.5000","2012-08-18 22:00:00"
"19450","822","3","30","2012-08-03 00:00:00","2012-08-14 00:00:00","2012-08-03 00:00:00","2012-08-19 00:00:00","1.0000","14.5000","14.5000","2012-08-18 22:00:00"
"19450","822","4","40","2012-08-03 00:00:00","2012-08-14 00:00:00","2012-08-03 00:00:00","2012-08-19 00:00:00","2.0000","31.5000","31.5000","2012-08-18 22:00:00"
"19450","822","6","50","2012-08-03 00:00:00","2012-08-14 00:00:00","2012-08-03 00:00:00","2012-08-19 00:00:00","3.0000","36.7500","36.7500","2012-08-18 22:00:00"
"19450","822","7","60","2012-08-03 00:00:00","2012-08-14 00:00:00","2012-08-03 00:00:00","2012-08-19 00:00:00","4.0000","49.0000","49.0000","2012-08-18 22:00:00"
"19451","824","6","50","2012-08-03 00:00:00","2012-08-14 00:00:00","2012-08-03 00:00:00","2012-08-19 00:00:00","3.0000","36.7500","36.7500","2012-08-18 22:00:00"
"19452","826","6","50","2012-08-03 00:00:00","2012-08-14 00:00:00","2012-08-03 00:00:00","2012-08-19 00:00:00","3.0000","36.7500","36.7500","2012-08-18 22:00:00"
"19453","827","6","50","2012-08-03 00:00:00","2012-08-14 00:00:00","2012-08-03 00:00:00","2012-08-19 00:00:00","3.0000","36.7500","36.7500","2012-08-18 22:00:00"
"19454","828","6","50","2012-08-03 00:00:00","2012-08-14 00:00:00","2012-08-03 00:00:00","2012-08-19 00:00:00","3.0000","36.7500","36.7500","2012-08-18 22:00:00"
"19465","894","6","50","2012-08-03 00:00:00","2012-08-14 00:00:00","2012-08-03 00:00:00","2012-08-19 00:00:00","3.0000","36.7500","36.7500","2012-08-18 22:00:00"
"19466","945","1","10","2012-08-03 00:00:00","2012-08-14 00:00:00","2012-08-03 00:00:00","2012-08-19 00:00:00","4.1000","92.2500","92.2500","2012-08-18 22:00:00"
"19466","945","6","50","2012-08-03 00:00:00","2012-08-14 00:00:00","2012-08-03 00:00:00","2012-08-19 00:00:00","3.0000","36.7500","36.7500","2012-08-18 22:00:00"
"19467","950","6","50","2012-08-03 00:00:00","2012-08-14 00:00:00","2012-08-03 00:00:00","2012-08-19 00:00:00","3.0000","36.7500","36.7500","2012-08-18 22:00:00"
"19468","994","6","50","2012-08-03 00:00:00","2012-08-14 00:00:00","2012-08-03 00:00:00","2012-08-19 00:00:00","3.0000","36.7500","36.7500","2012-08-18 22:00:00"
"19469","995","6","50","2012-08-03 00:00:00","2012-08-14 00:00:00","2012-08-03 00:00:00","2012-08-19 00:00:00","3.0000","36.7500","36.7500","2012-08-18 22:00:00"
"19470","996","6","50","2012-08-03 00:00:00","2012-08-14 00:00:00","2012-08-03 00:00:00","2012-08-19 00:00:00","3.0000","36.7500","36.7500","2012-08-18 22:00:00"
"19484","802","1","10","2012-08-03 00:00:00","2012-08-14 00:00:00","2012-08-03 00:00:00","2012-08-19 00:00:00","4.1000","92.2500","92.2500","2012-08-18 22:00:00"
"19484","802","6","50","2012-08-03 00:00:00","2012-08-14 00:00:00","2012-08-03 00:00:00","2012-08-19 00:00:00","3.0000","36.7500","36.7500","2012-08-18 22:00:00"
"19485","803","1","10","2012-08-03 00:00:00","2012-08-14 00:00:00","2012-08-03 00:00:00","2012-08-19 00:00:00","4.1000","92.2500","92.2500","2012-08-18 22:00:00"
"19485","803","6","50","2012-08-03 00:00:00","2012-08-14 00:00:00","2012-08-03 00:00:00","2012-08-19 00:00:00","3.0000","36.7500","36.7500","2012-08-18 22:00:00"
"19486","804","1","10","2012-08-03 00:00:00","2012-08-14 00:00:00","2012-08-03 00:00:00","2012-08-19 00:00:00","4.1000","92.2500","92.2500","2012-08-18 22:00:00"
"19486","804","6","50","2012-08-03 00:00:00","2012-08-14 00:00:00","2012-08-03 00:00:00","2012-08-19 00:00:00","3.0000","36.7500","36.7500","2012-08-18 22:00:00"
"19491","763","7","60","2012-08-04 00:00:00","2012-08-15 00:00:00","2012-08-09 00:00:00","2012-08-15 00:00:00","4.0000","49.0000","49.0000","2012-08-14 22:00:00"
"19492","769","7","60","2012-08-04 00:00:00","2012-08-15 00:00:00","2012-08-09 00:00:00","2012-08-15 00:00:00","4.0000","49.0000","49.0000","2012-08-14 22:00:00"
"19493","791","7","60","2012-08-04 00:00:00","2012-08-15 00:00:00","2012-08-09 00:00:00","2012-08-15 00:00:00","4.0000","49.0000","49.0000","2012-08-14 22:00:00"
"19494","792","7","60","2012-08-04 00:00:00","2012-08-15 00:00:00","2012-08-09 00:00:00","2012-08-15 00:00:00","4.0000","49.0000","49.0000","2012-08-14 22:00:00"
"19495","793","7","60","2012-08-04 00:00:00","2012-08-15 00:00:00","2012-08-09 00:00:00","2012-08-15 00:00:00","4.0000","49.0000","49.0000","2012-08-14 22:00:00"
"19496","794","7","60","2012-08-04 00:00:00","2012-08-15 00:00:00","2012-08-09 00:00:00","2012-08-15 00:00:00","4.0000","49.0000","49.0000","2012-08-14 22:00:00"
"19497","797","7","60","2012-08-04 00:00:00","2012-08-15 00:00:00","2012-08-09 00:00:00","2012-08-15 00:00:00","4.0000","49.0000","49.0000","2012-08-14 22:00:00"
"19498","517","6","50","2012-08-04 00:00:00","2012-08-15 00:00:00","2012-08-09 00:00:00","2012-08-15 00:00:00","3.0000","36.7500","36.7500","2012-08-14 22:00:00"
"19498","517","7","60","2012-08-04 00:00:00","2012-08-15 00:00:00","2012-08-09 00:00:00","2012-08-15 00:00:00","4.0000","49.0000","49.0000","2012-08-14 22:00:00"
"19499","518","6","50","2012-08-04 00:00:00","2012-08-15 00:00:00","2012-08-09 00:00:00","2012-08-15 00:00:00","3.0000","36.7500","36.7500","2012-08-14 22:00:00"
"19499","518","7","60","2012-08-04 00:00:00","2012-08-15 00:00:00","2012-08-09 00:00:00","2012-08-15 00:00:00","4.0000","49.0000","49.0000","2012-08-14 22:00:00"
"19500","519","6","50","2012-08-04 00:00:00","2012-08-15 00:00:00","2012-08-09 00:00:00","2012-08-15 00:00:00","3.0000","36.7500","36.7500","2012-08-14 22:00:00"
"19500","519","7","60","2012-08-04 00:00:00","2012-08-15 00:00:00","2012-08-09 00:00:00","2012-08-15 00:00:00","4.0000","49.0000","49.0000","2012-08-14 22:00:00"
"19505","806","6","50","2012-08-04 00:00:00","2012-08-15 00:00:00","2012-08-09 00:00:00","2012-08-15 00:00:00","3.0000","36.7500","36.7500","2012-08-14 22:00:00"
"19506","811","1","10","2012-08-04 00:00:00","2012-08-15 00:00:00","2012-08-09 00:00:00","2012-08-15 00:00:00","4.1000","92.2500","92.2500","2012-08-14 22:00:00"
"19506","811","2","20","2012-08-04 00:00:00","2012-08-15 00:00:00","2012-08-09 00:00:00","2012-08-15 00:00:00","3.5000","87.5000","87.5000","2012-08-14 22:00:00"
"19506","811","6","50","2012-08-04 00:00:00","2012-08-15 00:00:00","2012-08-09 00:00:00","2012-08-15 00:00:00","3.0000","36.7500","36.7500","2012-08-14 22:00:00"
"19507","812","1","10","2012-08-04 00:00:00","2012-08-15 00:00:00","2012-08-09 00:00:00","2012-08-15 00:00:00","4.1000","92.2500","92.2500","2012-08-14 22:00:00"
"19507","812","2","20","2012-08-04 00:00:00","2012-08-15 00:00:00","2012-08-09 00:00:00","2012-08-15 00:00:00","3.5000","87.5000","87.5000","2012-08-14 22:00:00"
"19507","812","6","50","2012-08-04 00:00:00","2012-08-15 00:00:00","2012-08-09 00:00:00","2012-08-15 00:00:00","3.0000","36.7500","36.7500","2012-08-14 22:00:00"
"19508","813","1","10","2012-08-04 00:00:00","2012-08-15 00:00:00","2012-08-09 00:00:00","2012-08-15 00:00:00","4.1000","92.2500","92.2500","2012-08-14 22:00:00"
"19508","813","2","20","2012-08-04 00:00:00","2012-08-15 00:00:00","2012-08-09 00:00:00","2012-08-15 00:00:00","3.5000","87.5000","87.5000","2012-08-14 22:00:00"
"19508","813","6","50","2012-08-04 00:00:00","2012-08-15 00:00:00","2012-08-09 00:00:00","2012-08-15 00:00:00","3.0000","36.7500","36.7500","2012-08-14 22:00:00"
"19509","818","6","50","2012-08-04 00:00:00","2012-08-15 00:00:00","2012-08-09 00:00:00","2012-08-15 00:00:00","3.0000","36.7500","36.7500","2012-08-14 22:00:00"
"19510","819","6","50","2012-08-04 00:00:00","2012-08-15 00:00:00","2012-08-09 00:00:00","2012-08-15 00:00:00","3.0000","36.7500","36.7500","2012-08-14 22:00:00"
"19511","820","6","50","2012-08-04 00:00:00","2012-08-15 00:00:00","2012-08-09 00:00:00","2012-08-15 00:00:00","3.0000","36.7500","36.7500","2012-08-14 22:00:00"
"19512","822","1","10","2012-08-04 00:00:00","2012-08-15 00:00:00","2012-08-09 00:00:00","2012-08-15 00:00:00","4.1000","92.2500","92.2500","2012-08-14 22:00:00"
"19512","822","2","20","2012-08-04 00:00:00","2012-08-15 00:00:00","2012-08-09 00:00:00","2012-08-15 00:00:00","3.5000","87.5000","87.5000","2012-08-14 22:00:00"
"19512","822","3","30","2012-08-04 00:00:00","2012-08-15 00:00:00","2012-08-09 00:00:00","2012-08-15 00:00:00","1.0000","14.5000","14.5000","2012-08-14 22:00:00"
"19512","822","4","40","2012-08-04 00:00:00","2012-08-15 00:00:00","2012-08-09 00:00:00","2012-08-15 00:00:00","2.0000","31.5000","31.5000","2012-08-14 22:00:00"
"19512","822","6","50","2012-08-04 00:00:00","2012-08-15 00:00:00","2012-08-09 00:00:00","2012-08-15 00:00:00","3.0000","36.7500","36.7500","2012-08-14 22:00:00"
"19512","822","7","60","2012-08-04 00:00:00","2012-08-15 00:00:00","2012-08-09 00:00:00","2012-08-15 00:00:00","4.0000","49.0000","49.0000","2012-08-14 22:00:00"
"19513","826","6","50","2012-08-04 00:00:00","2012-08-15 00:00:00","2012-08-09 00:00:00","2012-08-15 00:00:00","3.0000","36.7500","36.7500","2012-08-14 22:00:00"
"19514","827","6","50","2012-08-04 00:00:00","2012-08-15 00:00:00","2012-08-09 00:00:00","2012-08-15 00:00:00","3.0000","36.7500","36.7500","2012-08-14 22:00:00"
"19515","828","6","50","2012-08-04 00:00:00","2012-08-15 00:00:00","2012-08-09 00:00:00","2012-08-15 00:00:00","3.0000","36.7500","36.7500","2012-08-14 22:00:00"
"19518","894","6","50","2012-08-04 00:00:00","2012-08-15 00:00:00","2012-08-09 00:00:00","2012-08-15 00:00:00","3.0000","36.7500","36.7500","2012-08-14 22:00:00"
"19519","945","1","10","2012-08-04 00:00:00","2012-08-15 00:00:00","2012-08-09 00:00:00","2012-08-15 00:00:00","4.1000","92.2500","92.2500","2012-08-14 22:00:00"
"19519","945","6","50","2012-08-04 00:00:00","2012-08-15 00:00:00","2012-08-09 00:00:00","2012-08-15 00:00:00","3.0000","36.7500","36.7500","2012-08-14 22:00:00"
"19520","950","6","50","2012-08-04 00:00:00","2012-08-15 00:00:00","2012-08-09 00:00:00","2012-08-15 00:00:00","3.0000","36.7500","36.7500","2012-08-14 22:00:00"
"19521","994","6","50","2012-08-04 00:00:00","2012-08-15 00:00:00","2012-08-09 00:00:00","2012-08-15 00:00:00","3.0000","36.7500","36.7500","2012-08-14 22:00:00"
"19522","996","6","50","2012-08-04 00:00:00","2012-08-15 00:00:00","2012-08-09 00:00:00","2012-08-15 00:00:00","3.0000","36.7500","36.7500","2012-08-14 22:00:00"
"19535","802","1","10","2012-08-04 00:00:00","2012-08-15 00:00:00","2012-08-09 00:00:00","2012-08-15 00:00:00","4.1000","92.2500","92.2500","2012-08-14 22:00:00"
"19535","802","6","50","2012-08-04 00:00:00","2012-08-15 00:00:00","2012-08-09 00:00:00","2012-08-15 00:00:00","3.0000","36.7500","36.7500","2012-08-14 22:00:00"
"19536","803","1","10","2012-08-04 00:00:00","2012-08-15 00:00:00","2012-08-09 00:00:00","2012-08-15 00:00:00","4.1000","92.2500","92.2500","2012-08-14 22:00:00"
"19536","803","6","50","2012-08-04 00:00:00","2012-08-15 00:00:00","2012-08-09 00:00:00","2012-08-15 00:00:00","3.0000","36.7500","36.7500","2012-08-14 22:00:00"
"19537","804","1","10","2012-08-04 00:00:00","2012-08-15 00:00:00","2012-08-09 00:00:00","2012-08-15 00:00:00","4.1000","92.2500","92.2500","2012-08-14 22:00:00"
"19537","804","6","50","2012-08-04 00:00:00","2012-08-15 00:00:00","2012-08-09 00:00:00","2012-08-15 00:00:00","3.0000","36.7500","36.7500","2012-08-14 22:00:00"
"19542","779","7","60","2012-08-05 00:00:00","2012-08-16 00:00:00","2012-08-05 00:00:00","2012-08-23 00:00:00","4.0000","49.0000","49.0000","2012-08-22 22:00:00"
"19543","782","7","60","2012-08-05 00:00:00","2012-08-16 00:00:00","2012-08-05 00:00:00","2012-08-23 00:00:00","4.0000","49.0000","49.0000","2012-08-22 22:00:00"
"19544","790","7","60","2012-08-05 00:00:00","2012-08-16 00:00:00","2012-08-05 00:00:00","2012-08-23 00:00:00","4.0000","49.0000","49.0000","2012-08-22 22:00:00"
"19545","791","7","60","2012-08-05 00:00:00","2012-08-16 00:00:00","2012-08-05 00:00:00","2012-08-23 00:00:00","4.0000","49.0000","49.0000","2012-08-22 22:00:00"
"19546","796","7","60","2012-08-05 00:00:00","2012-08-16 00:00:00","2012-08-05 00:00:00","2012-08-23 00:00:00","4.0000","49.0000","49.0000","2012-08-22 22:00:00"
"19547","798","7","60","2012-08-05 00:00:00","2012-08-16 00:00:00","2012-08-05 00:00:00","2012-08-23 00:00:00","4.0000","49.0000","49.0000","2012-08-22 22:00:00"
"19548","516","6","50","2012-08-05 00:00:00","2012-08-16 00:00:00","2012-08-05 00:00:00","2012-08-23 00:00:00","3.0000","36.7500","36.7500","2012-08-22 22:00:00"
"19548","516","7","60","2012-08-05 00:00:00","2012-08-16 00:00:00","2012-08-05 00:00:00","2012-08-23 00:00:00","4.0000","49.0000","49.0000","2012-08-22 22:00:00"
"19549","518","6","50","2012-08-05 00:00:00","2012-08-16 00:00:00","2012-08-05 00:00:00","2012-08-23 00:00:00","3.0000","36.7500","36.7500","2012-08-22 22:00:00"
"19549","518","7","60","2012-08-05 00:00:00","2012-08-16 00:00:00","2012-08-05 00:00:00","2012-08-23 00:00:00","4.0000","49.0000","49.0000","2012-08-22 22:00:00"
"19550","519","6","50","2012-08-05 00:00:00","2012-08-16 00:00:00","2012-08-05 00:00:00","2012-08-23 00:00:00","3.0000","36.7500","36.7500","2012-08-22 22:00:00"
"19550","519","7","60","2012-08-05 00:00:00","2012-08-16 00:00:00","2012-08-05 00:00:00","2012-08-23 00:00:00","4.0000","49.0000","49.0000","2012-08-22 22:00:00"
"19554","747","1","10","2012-08-05 00:00:00","2012-08-16 00:00:00","2012-08-05 00:00:00","2012-08-23 00:00:00","4.1000","92.2500","92.2500","2012-08-22 22:00:00"
"19554","747","2","20","2012-08-05 00:00:00","2012-08-16 00:00:00","2012-08-05 00:00:00","2012-08-23 00:00:00","3.5000","87.5000","87.5000","2012-08-22 22:00:00"
"19554","747","3","30","2012-08-05 00:00:00","2012-08-16 00:00:00","2012-08-05 00:00:00","2012-08-23 00:00:00","1.0000","14.5000","14.5000","2012-08-22 22:00:00"
"19554","747","4","40","2012-08-05 00:00:00","2012-08-16 00:00:00","2012-08-05 00:00:00","2012-08-23 00:00:00","2.0000","31.5000","31.5000","2012-08-22 22:00:00"
"19554","747","6","50","2012-08-05 00:00:00","2012-08-16 00:00:00","2012-08-05 00:00:00","2012-08-23 00:00:00","3.0000","36.7500","36.7500","2012-08-22 22:00:00"
"19554","747","7","60","2012-08-05 00:00:00","2012-08-16 00:00:00","2012-08-05 00:00:00","2012-08-23 00:00:00","4.0000","49.0000","49.0000","2012-08-22 22:00:00"
"19555","748","1","10","2012-08-05 00:00:00","2012-08-16 00:00:00","2012-08-05 00:00:00","2012-08-23 00:00:00","4.1000","92.2500","92.2500","2012-08-22 22:00:00"
"19555","748","2","20","2012-08-05 00:00:00","2012-08-16 00:00:00","2012-08-05 00:00:00","2012-08-23 00:00:00","3.5000","87.5000","87.5000","2012-08-22 22:00:00"
"19555","748","3","30","2012-08-05 00:00:00","2012-08-16 00:00:00","2012-08-05 00:00:00","2012-08-23 00:00:00","1.0000","14.5000","14.5000","2012-08-22 22:00:00"
"19555","748","5","45","2012-08-05 00:00:00","2012-08-16 00:00:00","2012-08-05 00:00:00","2012-08-23 00:00:00","2.0000","36.0000","36.0000","2012-08-22 22:00:00"
"19555","748","6","50","2012-08-05 00:00:00","2012-08-16 00:00:00","2012-08-05 00:00:00","2012-08-23 00:00:00","3.0000","36.7500","36.7500","2012-08-22 22:00:00"
"19555","748","7","60","2012-08-05 00:00:00","2012-08-16 00:00:00","2012-08-05 00:00:00","2012-08-23 00:00:00","4.0000","49.0000","49.0000","2012-08-22 22:00:00"
"19556","806","6","50","2012-08-05 00:00:00","2012-08-16 00:00:00","2012-08-05 00:00:00","2012-08-23 00:00:00","3.0000","36.7500","36.7500","2012-08-22 22:00:00"
"19557","810","1","10","2012-08-05 00:00:00","2012-08-16 00:00:00","2012-08-05 00:00:00","2012-08-23 00:00:00","4.1000","92.2500","92.2500","2012-08-22 22:00:00"
"19557","810","2","20","2012-08-05 00:00:00","2012-08-16 00:00:00","2012-08-05 00:00:00","2012-08-23 00:00:00","3.5000","87.5000","87.5000","2012-08-22 22:00:00"
"19557","810","6","50","2012-08-05 00:00:00","2012-08-16 00:00:00","2012-08-05 00:00:00","2012-08-23 00:00:00","3.0000","36.7500","36.7500","2012-08-22 22:00:00"
"19558","812","1","10","2012-08-05 00:00:00","2012-08-16 00:00:00","2012-08-05 00:00:00","2012-08-23 00:00:00","4.1000","92.2500","92.2500","2012-08-22 22:00:00"
"19558","812","2","20","2012-08-05 00:00:00","2012-08-16 00:00:00","2012-08-05 00:00:00","2012-08-23 00:00:00","3.5000","87.5000","87.5000","2012-08-22 22:00:00"
"19558","812","6","50","2012-08-05 00:00:00","2012-08-16 00:00:00","2012-08-05 00:00:00","2012-08-23 00:00:00","3.0000","36.7500","36.7500","2012-08-22 22:00:00"
"19559","813","1","10","2012-08-05 00:00:00","2012-08-16 00:00:00","2012-08-05 00:00:00","2012-08-23 00:00:00","4.1000","92.2500","92.2500","2012-08-22 22:00:00"
"19559","813","2","20","2012-08-05 00:00:00","2012-08-16 00:00:00","2012-08-05 00:00:00","2012-08-23 00:00:00","3.5000","87.5000","87.5000","2012-08-22 22:00:00"
"19559","813","6","50","2012-08-05 00:00:00","2012-08-16 00:00:00","2012-08-05 00:00:00","2012-08-23 00:00:00","3.0000","36.7500","36.7500","2012-08-22 22:00:00"
"19560","816","6","50","2012-08-05 00:00:00","2012-08-16 00:00:00","2012-08-05 00:00:00","2012-08-23 00:00:00","3.0000","36.7500","36.7500","2012-08-22 22:00:00"
"19561","819","6","50","2012-08-05 00:00:00","2012-08-16 00:00:00","2012-08-05 00:00:00","2012-08-23 00:00:00","3.0000","36.7500","36.7500","2012-08-22 22:00:00"
"19562","820","6","50","2012-08-05 00:00:00","2012-08-16 00:00:00","2012-08-05 00:00:00","2012-08-23 00:00:00","3.0000","36.7500","36.7500","2012-08-22 22:00:00"
"19563","824","6","50","2012-08-05 00:00:00","2012-08-16 00:00:00","2012-08-05 00:00:00","2012-08-23 00:00:00","3.0000","36.7500","36.7500","2012-08-22 22:00:00"
"19564","827","6","50","2012-08-05 00:00:00","2012-08-16 00:00:00","2012-08-05 00:00:00","2012-08-23 00:00:00","3.0000","36.7500","36.7500","2012-08-22 22:00:00"
"19565","828","6","50","2012-08-05 00:00:00","2012-08-16 00:00:00","2012-08-05 00:00:00","2012-08-23 00:00:00","3.0000","36.7500","36.7500","2012-08-22 22:00:00"
"19567","894","6","50","2012-08-05 00:00:00","2012-08-16 00:00:00","2012-08-05 00:00:00","2012-08-23 00:00:00","3.0000","36.7500","36.7500","2012-08-22 22:00:00"
"19568","945","1","10","2012-08-05 00:00:00","2012-08-16 00:00:00","2012-08-05 00:00:00","2012-08-23 00:00:00","4.1000","92.2500","92.2500","2012-08-22 22:00:00"
"19568","945","6","50","2012-08-05 00:00:00","2012-08-16 00:00:00","2012-08-05 00:00:00","2012-08-23 00:00:00","3.0000","36.7500","36.7500","2012-08-22 22:00:00"
"19569","950","6","50","2012-08-05 00:00:00","2012-08-16 00:00:00","2012-08-05 00:00:00","2012-08-23 00:00:00","3.0000","36.7500","36.7500","2012-08-22 22:00:00"
"19570","994","6","50","2012-08-05 00:00:00","2012-08-16 00:00:00","2012-08-05 00:00:00","2012-08-23 00:00:00","3.0000","36.7500","36.7500","2012-08-22 22:00:00"
"19571","995","6","50","2012-08-05 00:00:00","2012-08-16 00:00:00","2012-08-05 00:00:00","2012-08-23 00:00:00","3.0000","36.7500","36.7500","2012-08-22 22:00:00"
"19572","996","6","50","2012-08-05 00:00:00","2012-08-16 00:00:00","2012-08-05 00:00:00","2012-08-23 00:00:00","3.0000","36.7500","36.7500","2012-08-22 22:00:00"
"19585","803","1","10","2012-08-05 00:00:00","2012-08-16 00:00:00","2012-08-05 00:00:00","2012-08-23 00:00:00","4.1000","92.2500","92.2500","2012-08-22 22:00:00"
"19585","803","6","50","2012-08-05 00:00:00","2012-08-16 00:00:00","2012-08-05 00:00:00","2012-08-23 00:00:00","3.0000","36.7500","36.7500","2012-08-22 22:00:00"
"19586","804","1","10","2012-08-05 00:00:00","2012-08-16 00:00:00","2012-08-05 00:00:00","2012-08-23 00:00:00","4.1000","92.2500","92.2500","2012-08-22 22:00:00"
"19586","804","6","50","2012-08-05 00:00:00","2012-08-16 00:00:00","2012-08-05 00:00:00","2012-08-23 00:00:00","3.0000","36.7500","36.7500","2012-08-22 22:00:00"
"19591","761","7","60","2012-08-06 00:00:00","2012-08-17 00:00:00","2012-08-13 00:00:00","2012-08-17 00:00:00","4.0000","49.0000","49.0000","2012-08-16 22:00:00"
"19592","764","7","60","2012-08-06 00:00:00","2012-08-17 00:00:00","2012-08-13 00:00:00","2012-08-17 00:00:00","4.0000","49.0000","49.0000","2012-08-16 22:00:00"
"19593","779","7","60","2012-08-06 00:00:00","2012-08-17 00:00:00","2012-08-13 00:00:00","2012-08-17 00:00:00","4.0000","49.0000","49.0000","2012-08-16 22:00:00"
"19594","791","7","60","2012-08-06 00:00:00","2012-08-17 00:00:00","2012-08-13 00:00:00","2012-08-17 00:00:00","4.0000","49.0000","49.0000","2012-08-16 22:00:00"
"19595","792","7","60","2012-08-06 00:00:00","2012-08-17 00:00:00","2012-08-13 00:00:00","2012-08-17 00:00:00","4.0000","49.0000","49.0000","2012-08-16 22:00:00"
"19596","793","7","60","2012-08-06 00:00:00","2012-08-17 00:00:00","2012-08-13 00:00:00","2012-08-17 00:00:00","4.0000","49.0000","49.0000","2012-08-16 22:00:00"
"19597","516","6","50","2012-08-06 00:00:00","2012-08-17 00:00:00","2012-08-13 00:00:00","2012-08-17 00:00:00","3.0000","36.7500","36.7500","2012-08-16 22:00:00"
"19597","516","7","60","2012-08-06 00:00:00","2012-08-17 00:00:00","2012-08-13 00:00:00","2012-08-17 00:00:00","4.0000","49.0000","49.0000","2012-08-16 22:00:00"
"19598","517","6","50","2012-08-06 00:00:00","2012-08-17 00:00:00","2012-08-13 00:00:00","2012-08-17 00:00:00","3.0000","36.7500","36.7500","2012-08-16 22:00:00"
"19598","517","7","60","2012-08-06 00:00:00","2012-08-17 00:00:00","2012-08-13 00:00:00","2012-08-17 00:00:00","4.0000","49.0000","49.0000","2012-08-16 22:00:00"
"19599","519","6","50","2012-08-06 00:00:00","2012-08-17 00:00:00","2012-08-13 00:00:00","2012-08-17 00:00:00","3.0000","36.7500","36.7500","2012-08-16 22:00:00"
"19599","519","7","60","2012-08-06 00:00:00","2012-08-17 00:00:00","2012-08-13 00:00:00","2012-08-17 00:00:00","4.0000","49.0000","49.0000","2012-08-16 22:00:00"
"19604","748","1","10","2012-08-06 00:00:00","2012-08-17 00:00:00","2012-08-13 00:00:00","2012-08-17 00:00:00","4.1000","92.2500","92.2500","2012-08-16 22:00:00"
"19604","748","2","20","2012-08-06 00:00:00","2012-08-17 00:00:00","2012-08-13 00:00:00","2012-08-17 00:00:00","3.5000","87.5000","87.5000","2012-08-16 22:00:00"
"19604","748","3","30","2012-08-06 00:00:00","2012-08-17 00:00:00","2012-08-13 00:00:00","2012-08-17 00:00:00","1.0000","14.5000","14.5000","2012-08-16 22:00:00"
"19604","748","5","45","2012-08-06 00:00:00","2012-08-17 00:00:00","2012-08-13 00:00:00","2012-08-17 00:00:00","2.0000","36.0000","36.0000","2012-08-16 22:00:00"
"19604","748","6","50","2012-08-06 00:00:00","2012-08-17 00:00:00","2012-08-13 00:00:00","2012-08-17 00:00:00","3.0000","36.7500","36.7500","2012-08-16 22:00:00"
"19604","748","7","60","2012-08-06 00:00:00","2012-08-17 00:00:00","2012-08-13 00:00:00","2012-08-17 00:00:00","4.0000","49.0000","49.0000","2012-08-16 22:00:00"
"19605","806","6","50","2012-08-06 00:00:00","2012-08-17 00:00:00","2012-08-13 00:00:00","2012-08-17 00:00:00","3.0000","36.7500","36.7500","2012-08-16 22:00:00"
"19606","810","1","10","2012-08-06 00:00:00","2012-08-17 00:00:00","2012-08-13 00:00:00","2012-08-17 00:00:00","4.1000","92.2500","92.2500","2012-08-16 22:00:00"
"19606","810","2","20","2012-08-06 00:00:00","2012-08-17 00:00:00","2012-08-13 00:00:00","2012-08-17 00:00:00","3.5000","87.5000","87.5000","2012-08-16 22:00:00"
"19606","810","6","50","2012-08-06 00:00:00","2012-08-17 00:00:00","2012-08-13 00:00:00","2012-08-17 00:00:00","3.0000","36.7500","36.7500","2012-08-16 22:00:00"
"19607","811","1","10","2012-08-06 00:00:00","2012-08-17 00:00:00","2012-08-13 00:00:00","2012-08-17 00:00:00","4.1000","92.2500","92.2500","2012-08-16 22:00:00"
"19607","811","2","20","2012-08-06 00:00:00","2012-08-17 00:00:00","2012-08-13 00:00:00","2012-08-17 00:00:00","3.5000","87.5000","87.5000","2012-08-16 22:00:00"
"19607","811","6","50","2012-08-06 00:00:00","2012-08-17 00:00:00","2012-08-13 00:00:00","2012-08-17 00:00:00","3.0000","36.7500","36.7500","2012-08-16 22:00:00"
"19608","813","1","10","2012-08-06 00:00:00","2012-08-17 00:00:00","2012-08-13 00:00:00","2012-08-17 00:00:00","4.1000","92.2500","92.2500","2012-08-16 22:00:00"
"19608","813","2","20","2012-08-06 00:00:00","2012-08-17 00:00:00","2012-08-13 00:00:00","2012-08-17 00:00:00","3.5000","87.5000","87.5000","2012-08-16 22:00:00"
"19608","813","6","50","2012-08-06 00:00:00","2012-08-17 00:00:00","2012-08-13 00:00:00","2012-08-17 00:00:00","3.0000","36.7500","36.7500","2012-08-16 22:00:00"
"19609","816","6","50","2012-08-06 00:00:00","2012-08-17 00:00:00","2012-08-13 00:00:00","2012-08-17 00:00:00","3.0000","36.7500","36.7500","2012-08-16 22:00:00"
"19610","818","6","50","2012-08-06 00:00:00","2012-08-17 00:00:00","2012-08-13 00:00:00","2012-08-17 00:00:00","3.0000","36.7500","36.7500","2012-08-16 22:00:00"
"19611","820","6","50","2012-08-06 00:00:00","2012-08-17 00:00:00","2012-08-13 00:00:00","2012-08-17 00:00:00","3.0000","36.7500","36.7500","2012-08-16 22:00:00"
"19612","824","6","50","2012-08-06 00:00:00","2012-08-17 00:00:00","2012-08-13 00:00:00","2012-08-17 00:00:00","3.0000","36.7500","36.7500","2012-08-16 22:00:00"
"19613","826","6","50","2012-08-06 00:00:00","2012-08-17 00:00:00","2012-08-13 00:00:00","2012-08-17 00:00:00","3.0000","36.7500","36.7500","2012-08-16 22:00:00"
"19614","828","6","50","2012-08-06 00:00:00","2012-08-17 00:00:00","2012-08-13 00:00:00","2012-08-17 00:00:00","3.0000","36.7500","36.7500","2012-08-16 22:00:00"
"19616","894","6","50","2012-08-06 00:00:00","2012-08-17 00:00:00","2012-08-13 00:00:00","2012-08-17 00:00:00","3.0000","36.7500","36.7500","2012-08-16 22:00:00"
"19617","945","1","10","2012-08-06 00:00:00","2012-08-17 00:00:00","2012-08-13 00:00:00","2012-08-17 00:00:00","4.1000","92.2500","92.2500","2012-08-16 22:00:00"
"19617","945","6","50","2012-08-06 00:00:00","2012-08-17 00:00:00","2012-08-13 00:00:00","2012-08-17 00:00:00","3.0000","36.7500","36.7500","2012-08-16 22:00:00"
"19618","950","6","50","2012-08-06 00:00:00","2012-08-17 00:00:00","2012-08-13 00:00:00","2012-08-17 00:00:00","3.0000","36.7500","36.7500","2012-08-16 22:00:00"
"19619","994","6","50","2012-08-06 00:00:00","2012-08-17 00:00:00","2012-08-13 00:00:00","2012-08-17 00:00:00","3.0000","36.7500","36.7500","2012-08-16 22:00:00"
"19620","995","6","50","2012-08-06 00:00:00","2012-08-17 00:00:00","2012-08-13 00:00:00","2012-08-17 00:00:00","3.0000","36.7500","36.7500","2012-08-16 22:00:00"
"19621","996","6","50","2012-08-06 00:00:00","2012-08-17 00:00:00","2012-08-13 00:00:00","2012-08-17 00:00:00","3.0000","36.7500","36.7500","2012-08-16 22:00:00"
"19635","802","1","10","2012-08-06 00:00:00","2012-08-17 00:00:00","2012-08-13 00:00:00","2012-08-17 00:00:00","4.1000","92.2500","92.2500","2012-08-16 22:00:00"
"19635","802","6","50","2012-08-06 00:00:00","2012-08-17 00:00:00","2012-08-13 00:00:00","2012-08-17 00:00:00","3.0000","36.7500","36.7500","2012-08-16 22:00:00"
"19636","804","1","10","2012-08-06 00:00:00","2012-08-17 00:00:00","2012-08-13 00:00:00","2012-08-17 00:00:00","4.1000","92.2500","92.2500","2012-08-16 22:00:00"
"19636","804","6","50","2012-08-06 00:00:00","2012-08-17 00:00:00","2012-08-13 00:00:00","2012-08-17 00:00:00","3.0000","36.7500","36.7500","2012-08-16 22:00:00"
"19641","792","7","60","2012-08-07 00:00:00","2012-08-18 00:00:00","2012-08-07 00:00:00","2012-08-27 00:00:00","4.0000","49.0000","49.0000","2012-08-26 22:00:00"
"19642","795","7","60","2012-08-07 00:00:00","2012-08-18 00:00:00","2012-08-07 00:00:00","2012-08-27 00:00:00","4.0000","49.0000","49.0000","2012-08-26 22:00:00"
"19643","796","7","60","2012-08-07 00:00:00","2012-08-18 00:00:00","2012-08-07 00:00:00","2012-08-27 00:00:00","4.0000","49.0000","49.0000","2012-08-26 22:00:00"
"19644","519","6","50","2012-08-07 00:00:00","2012-08-18 00:00:00","2012-08-07 00:00:00","2012-08-27 00:00:00","3.0000","36.7500","36.7500","2012-08-26 22:00:00"
"19644","519","7","60","2012-08-07 00:00:00","2012-08-18 00:00:00","2012-08-07 00:00:00","2012-08-27 00:00:00","4.0000","49.0000","49.0000","2012-08-26 22:00:00"
"19647","806","6","50","2012-08-07 00:00:00","2012-08-18 00:00:00","2012-08-07 00:00:00","2012-08-27 00:00:00","3.0000","36.7500","36.7500","2012-08-26 22:00:00"
"19648","813","1","10","2012-08-07 00:00:00","2012-08-18 00:00:00","2012-08-07 00:00:00","2012-08-27 00:00:00","4.1000","92.2500","92.2500","2012-08-26 22:00:00"
"19648","813","2","20","2012-08-07 00:00:00","2012-08-18 00:00:00","2012-08-07 00:00:00","2012-08-27 00:00:00","3.5000","87.5000","87.5000","2012-08-26 22:00:00"
"19648","813","6","50","2012-08-07 00:00:00","2012-08-18 00:00:00","2012-08-07 00:00:00","2012-08-27 00:00:00","3.0000","36.7500","36.7500","2012-08-26 22:00:00"
"19649","820","6","50","2012-08-07 00:00:00","2012-08-18 00:00:00","2012-08-07 00:00:00","2012-08-27 00:00:00","3.0000","36.7500","36.7500","2012-08-26 22:00:00"
"19650","828","6","50","2012-08-07 00:00:00","2012-08-18 00:00:00","2012-08-07 00:00:00","2012-08-27 00:00:00","3.0000","36.7500","36.7500","2012-08-26 22:00:00"
"19652","894","6","50","2012-08-07 00:00:00","2012-08-18 00:00:00","2012-08-07 00:00:00","2012-08-27 00:00:00","3.0000","36.7500","36.7500","2012-08-26 22:00:00"
"19653","945","1","10","2012-08-07 00:00:00","2012-08-18 00:00:00","2012-08-07 00:00:00","2012-08-27 00:00:00","4.1000","92.2500","92.2500","2012-08-26 22:00:00"
"19653","945","6","50","2012-08-07 00:00:00","2012-08-18 00:00:00","2012-08-07 00:00:00","2012-08-27 00:00:00","3.0000","36.7500","36.7500","2012-08-26 22:00:00"
"19654","950","6","50","2012-08-07 00:00:00","2012-08-18 00:00:00","2012-08-07 00:00:00","2012-08-27 00:00:00","3.0000","36.7500","36.7500","2012-08-26 22:00:00"
"19655","996","6","50","2012-08-07 00:00:00","2012-08-18 00:00:00","2012-08-07 00:00:00","2012-08-27 00:00:00","3.0000","36.7500","36.7500","2012-08-26 22:00:00"
"19667","804","1","10","2012-08-07 00:00:00","2012-08-18 00:00:00","2012-08-07 00:00:00","2012-08-27 00:00:00","4.1000","92.2500","92.2500","2012-08-26 22:00:00"
"19667","804","6","50","2012-08-07 00:00:00","2012-08-18 00:00:00","2012-08-07 00:00:00","2012-08-27 00:00:00","3.0000","36.7500","36.7500","2012-08-26 22:00:00"
"19672","789","7","60","2012-08-08 00:00:00","2012-08-19 00:00:00","2012-08-17 00:00:00","2012-08-19 00:00:00","4.0000","49.0000","49.0000","2012-08-18 22:00:00"
"19673","792","7","60","2012-08-08 00:00:00","2012-08-19 00:00:00","2012-08-17 00:00:00","2012-08-19 00:00:00","4.0000","49.0000","49.0000","2012-08-18 22:00:00"
"19674","795","7","60","2012-08-08 00:00:00","2012-08-19 00:00:00","2012-08-17 00:00:00","2012-08-19 00:00:00","4.0000","49.0000","49.0000","2012-08-18 22:00:00"
"19675","796","7","60","2012-08-08 00:00:00","2012-08-19 00:00:00","2012-08-17 00:00:00","2012-08-19 00:00:00","4.0000","49.0000","49.0000","2012-08-18 22:00:00"
"19676","519","6","50","2012-08-08 00:00:00","2012-08-19 00:00:00","2012-08-17 00:00:00","2012-08-19 00:00:00","3.0000","36.7500","36.7500","2012-08-18 22:00:00"
"19676","519","7","60","2012-08-08 00:00:00","2012-08-19 00:00:00","2012-08-17 00:00:00","2012-08-19 00:00:00","4.0000","49.0000","49.0000","2012-08-18 22:00:00"
"19680","806","6","50","2012-08-08 00:00:00","2012-08-19 00:00:00","2012-08-17 00:00:00","2012-08-19 00:00:00","3.0000","36.7500","36.7500","2012-08-18 22:00:00"
"19681","813","1","10","2012-08-08 00:00:00","2012-08-19 00:00:00","2012-08-17 00:00:00","2012-08-19 00:00:00","4.1000","92.2500","92.2500","2012-08-18 22:00:00"
"19681","813","2","20","2012-08-08 00:00:00","2012-08-19 00:00:00","2012-08-17 00:00:00","2012-08-19 00:00:00","3.5000","87.5000","87.5000","2012-08-18 22:00:00"
"19681","813","6","50","2012-08-08 00:00:00","2012-08-19 00:00:00","2012-08-17 00:00:00","2012-08-19 00:00:00","3.0000","36.7500","36.7500","2012-08-18 22:00:00"
"19682","820","6","50","2012-08-08 00:00:00","2012-08-19 00:00:00","2012-08-17 00:00:00","2012-08-19 00:00:00","3.0000","36.7500","36.7500","2012-08-18 22:00:00"
"19683","828","6","50","2012-08-08 00:00:00","2012-08-19 00:00:00","2012-08-17 00:00:00","2012-08-19 00:00:00","3.0000","36.7500","36.7500","2012-08-18 22:00:00"
"19685","894","6","50","2012-08-08 00:00:00","2012-08-19 00:00:00","2012-08-17 00:00:00","2012-08-19 00:00:00","3.0000","36.7500","36.7500","2012-08-18 22:00:00"
"19686","945","1","10","2012-08-08 00:00:00","2012-08-19 00:00:00","2012-08-17 00:00:00","2012-08-19 00:00:00","4.1000","92.2500","92.2500","2012-08-18 22:00:00"
"19686","945","6","50","2012-08-08 00:00:00","2012-08-19 00:00:00","2012-08-17 00:00:00","2012-08-19 00:00:00","3.0000","36.7500","36.7500","2012-08-18 22:00:00"
"19687","950","6","50","2012-08-08 00:00:00","2012-08-19 00:00:00","2012-08-17 00:00:00","2012-08-19 00:00:00","3.0000","36.7500","36.7500","2012-08-18 22:00:00"
"19688","996","6","50","2012-08-08 00:00:00","2012-08-19 00:00:00","2012-08-17 00:00:00","2012-08-19 00:00:00","3.0000","36.7500","36.7500","2012-08-18 22:00:00"
"19700","804","1","10","2012-08-08 00:00:00","2012-08-19 00:00:00","2012-08-17 00:00:00","2012-08-19 00:00:00","4.1000","92.2500","92.2500","2012-08-18 22:00:00"
"19700","804","6","50","2012-08-08 00:00:00","2012-08-19 00:00:00","2012-08-17 00:00:00","2012-08-19 00:00:00","3.0000","36.7500","36.7500","2012-08-18 22:00:00"
"19705","766","7","60","2012-08-09 00:00:00","2012-08-20 00:00:00","2012-08-09 00:00:00","2012-08-31 00:00:00","4.0000","49.0000","49.0000","2012-08-30 22:00:00"
"19706","790","7","60","2012-08-09 00:00:00","2012-08-20 00:00:00","2012-08-09 00:00:00","2012-08-31 00:00:00","4.0000","49.0000","49.0000","2012-08-30 22:00:00"
"19707","517","6","50","2012-08-09 00:00:00","2012-08-20 00:00:00","2012-08-09 00:00:00","2012-08-31 00:00:00","3.0000","36.7500","36.7500","2012-08-30 22:00:00"
"19707","517","7","60","2012-08-09 00:00:00","2012-08-20 00:00:00","2012-08-09 00:00:00","2012-08-31 00:00:00","4.0000","49.0000","49.0000","2012-08-30 22:00:00"
"19708","519","6","50","2012-08-09 00:00:00","2012-08-20 00:00:00","2012-08-09 00:00:00","2012-08-31 00:00:00","3.0000","36.7500","36.7500","2012-08-30 22:00:00"
"19708","519","7","60","2012-08-09 00:00:00","2012-08-20 00:00:00","2012-08-09 00:00:00","2012-08-31 00:00:00","4.0000","49.0000","49.0000","2012-08-30 22:00:00"
"19711","806","6","50","2012-08-09 00:00:00","2012-08-20 00:00:00","2012-08-09 00:00:00","2012-08-31 00:00:00","3.0000","36.7500","36.7500","2012-08-30 22:00:00"
"19712","811","1","10","2012-08-09 00:00:00","2012-08-20 00:00:00","2012-08-09 00:00:00","2012-08-31 00:00:00","4.1000","92.2500","92.2500","2012-08-30 22:00:00"
"19712","811","2","20","2012-08-09 00:00:00","2012-08-20 00:00:00","2012-08-09 00:00:00","2012-08-31 00:00:00","3.5000","87.5000","87.5000","2012-08-30 22:00:00"
"19712","811","6","50","2012-08-09 00:00:00","2012-08-20 00:00:00","2012-08-09 00:00:00","2012-08-31 00:00:00","3.0000","36.7500","36.7500","2012-08-30 22:00:00"
"19713","813","1","10","2012-08-09 00:00:00","2012-08-20 00:00:00","2012-08-09 00:00:00","2012-08-31 00:00:00","4.1000","92.2500","92.2500","2012-08-30 22:00:00"
"19713","813","2","20","2012-08-09 00:00:00","2012-08-20 00:00:00","2012-08-09 00:00:00","2012-08-31 00:00:00","3.5000","87.5000","87.5000","2012-08-30 22:00:00"
"19713","813","6","50","2012-08-09 00:00:00","2012-08-20 00:00:00","2012-08-09 00:00:00","2012-08-31 00:00:00","3.0000","36.7500","36.7500","2012-08-30 22:00:00"
"19714","818","6","50","2012-08-09 00:00:00","2012-08-20 00:00:00","2012-08-09 00:00:00","2012-08-31 00:00:00","3.0000","36.7500","36.7500","2012-08-30 22:00:00"
"19715","820","6","50","2012-08-09 00:00:00","2012-08-20 00:00:00","2012-08-09 00:00:00","2012-08-31 00:00:00","3.0000","36.7500","36.7500","2012-08-30 22:00:00"
"19716","826","6","50","2012-08-09 00:00:00","2012-08-20 00:00:00","2012-08-09 00:00:00","2012-08-31 00:00:00","3.0000","36.7500","36.7500","2012-08-30 22:00:00"
"19717","828","6","50","2012-08-09 00:00:00","2012-08-20 00:00:00","2012-08-09 00:00:00","2012-08-31 00:00:00","3.0000","36.7500","36.7500","2012-08-30 22:00:00"
"19718","894","6","50","2012-08-09 00:00:00","2012-08-20 00:00:00","2012-08-09 00:00:00","2012-08-31 00:00:00","3.0000","36.7500","36.7500","2012-08-30 22:00:00"
"19719","945","1","10","2012-08-09 00:00:00","2012-08-20 00:00:00","2012-08-09 00:00:00","2012-08-31 00:00:00","4.1000","92.2500","92.2500","2012-08-30 22:00:00"
"19719","945","6","50","2012-08-09 00:00:00","2012-08-20 00:00:00","2012-08-09 00:00:00","2012-08-31 00:00:00","3.0000","36.7500","36.7500","2012-08-30 22:00:00"
"19720","950","6","50","2012-08-09 00:00:00","2012-08-20 00:00:00","2012-08-09 00:00:00","2012-08-31 00:00:00","3.0000","36.7500","36.7500","2012-08-30 22:00:00"
"19721","994","6","50","2012-08-09 00:00:00","2012-08-20 00:00:00","2012-08-09 00:00:00","2012-08-31 00:00:00","3.0000","36.7500","36.7500","2012-08-30 22:00:00"
"19722","996","6","50","2012-08-09 00:00:00","2012-08-20 00:00:00","2012-08-09 00:00:00","2012-08-31 00:00:00","3.0000","36.7500","36.7500","2012-08-30 22:00:00"
"19735","802","1","10","2012-08-09 00:00:00","2012-08-20 00:00:00","2012-08-09 00:00:00","2012-08-31 00:00:00","4.1000","92.2500","92.2500","2012-08-30 22:00:00"
"19735","802","6","50","2012-08-09 00:00:00","2012-08-20 00:00:00","2012-08-09 00:00:00","2012-08-31 00:00:00","3.0000","36.7500","36.7500","2012-08-30 22:00:00"
"19736","804","1","10","2012-08-09 00:00:00","2012-08-20 00:00:00","2012-08-09 00:00:00","2012-08-31 00:00:00","4.1000","92.2500","92.2500","2012-08-30 22:00:00"
"19736","804","6","50","2012-08-09 00:00:00","2012-08-20 00:00:00","2012-08-09 00:00:00","2012-08-31 00:00:00","3.0000","36.7500","36.7500","2012-08-30 22:00:00"
"19741","761","7","60","2012-08-10 00:00:00","2012-08-21 00:00:00","2012-08-11 00:00:00","2012-08-21 00:00:00","4.0000","49.0000","49.0000","2012-08-20 22:00:00"
"19742","782","7","60","2012-08-10 00:00:00","2012-08-21 00:00:00","2012-08-11 00:00:00","2012-08-21 00:00:00","4.0000","49.0000","49.0000","2012-08-20 22:00:00"
"19743","783","7","60","2012-08-10 00:00:00","2012-08-21 00:00:00","2012-08-11 00:00:00","2012-08-21 00:00:00","4.0000","49.0000","49.0000","2012-08-20 22:00:00"
"19744","789","7","60","2012-08-10 00:00:00","2012-08-21 00:00:00","2012-08-11 00:00:00","2012-08-21 00:00:00","4.0000","49.0000","49.0000","2012-08-20 22:00:00"
"19745","790","7","60","2012-08-10 00:00:00","2012-08-21 00:00:00","2012-08-11 00:00:00","2012-08-21 00:00:00","4.0000","49.0000","49.0000","2012-08-20 22:00:00"
"19746","791","7","60","2012-08-10 00:00:00","2012-08-21 00:00:00","2012-08-11 00:00:00","2012-08-21 00:00:00","4.0000","49.0000","49.0000","2012-08-20 22:00:00"
"19747","792","7","60","2012-08-10 00:00:00","2012-08-21 00:00:00","2012-08-11 00:00:00","2012-08-21 00:00:00","4.0000","49.0000","49.0000","2012-08-20 22:00:00"
"19748","793","7","60","2012-08-10 00:00:00","2012-08-21 00:00:00","2012-08-11 00:00:00","2012-08-21 00:00:00","4.0000","49.0000","49.0000","2012-08-20 22:00:00"
"19749","795","7","60","2012-08-10 00:00:00","2012-08-21 00:00:00","2012-08-11 00:00:00","2012-08-21 00:00:00","4.0000","49.0000","49.0000","2012-08-20 22:00:00"
"19750","516","6","50","2012-08-10 00:00:00","2012-08-21 00:00:00","2012-08-11 00:00:00","2012-08-21 00:00:00","3.0000","36.7500","36.7500","2012-08-20 22:00:00"
"19750","516","7","60","2012-08-10 00:00:00","2012-08-21 00:00:00","2012-08-11 00:00:00","2012-08-21 00:00:00","4.0000","49.0000","49.0000","2012-08-20 22:00:00"
"19751","517","6","50","2012-08-10 00:00:00","2012-08-21 00:00:00","2012-08-11 00:00:00","2012-08-21 00:00:00","3.0000","36.7500","36.7500","2012-08-20 22:00:00"
"19751","517","7","60","2012-08-10 00:00:00","2012-08-21 00:00:00","2012-08-11 00:00:00","2012-08-21 00:00:00","4.0000","49.0000","49.0000","2012-08-20 22:00:00"
"19752","519","6","50","2012-08-10 00:00:00","2012-08-21 00:00:00","2012-08-11 00:00:00","2012-08-21 00:00:00","3.0000","36.7500","36.7500","2012-08-20 22:00:00"
"19752","519","7","60","2012-08-10 00:00:00","2012-08-21 00:00:00","2012-08-11 00:00:00","2012-08-21 00:00:00","4.0000","49.0000","49.0000","2012-08-20 22:00:00"
"19759","747","1","10","2012-08-10 00:00:00","2012-08-21 00:00:00","2012-08-11 00:00:00","2012-08-21 00:00:00","4.1000","92.2500","92.2500","2012-08-20 22:00:00"
"19759","747","2","20","2012-08-10 00:00:00","2012-08-21 00:00:00","2012-08-11 00:00:00","2012-08-21 00:00:00","3.5000","87.5000","87.5000","2012-08-20 22:00:00"
"19759","747","3","30","2012-08-10 00:00:00","2012-08-21 00:00:00","2012-08-11 00:00:00","2012-08-21 00:00:00","1.0000","14.5000","14.5000","2012-08-20 22:00:00"
"19759","747","4","40","2012-08-10 00:00:00","2012-08-21 00:00:00","2012-08-11 00:00:00","2012-08-21 00:00:00","2.0000","31.5000","31.5000","2012-08-20 22:00:00"
"19759","747","6","50","2012-08-10 00:00:00","2012-08-21 00:00:00","2012-08-11 00:00:00","2012-08-21 00:00:00","3.0000","36.7500","36.7500","2012-08-20 22:00:00"
"19759","747","7","60","2012-08-10 00:00:00","2012-08-21 00:00:00","2012-08-11 00:00:00","2012-08-21 00:00:00","4.0000","49.0000","49.0000","2012-08-20 22:00:00"
"19760","806","6","50","2012-08-10 00:00:00","2012-08-21 00:00:00","2012-08-11 00:00:00","2012-08-21 00:00:00","3.0000","36.7500","36.7500","2012-08-20 22:00:00"
"19761","810","1","10","2012-08-10 00:00:00","2012-08-21 00:00:00","2012-08-11 00:00:00","2012-08-21 00:00:00","4.1000","92.2500","92.2500","2012-08-20 22:00:00"
"19761","810","2","20","2012-08-10 00:00:00","2012-08-21 00:00:00","2012-08-11 00:00:00","2012-08-21 00:00:00","3.5000","87.5000","87.5000","2012-08-20 22:00:00"
"19761","810","6","50","2012-08-10 00:00:00","2012-08-21 00:00:00","2012-08-11 00:00:00","2012-08-21 00:00:00","3.0000","36.7500","36.7500","2012-08-20 22:00:00"
"19762","811","1","10","2012-08-10 00:00:00","2012-08-21 00:00:00","2012-08-11 00:00:00","2012-08-21 00:00:00","4.1000","92.2500","92.2500","2012-08-20 22:00:00"
"19762","811","2","20","2012-08-10 00:00:00","2012-08-21 00:00:00","2012-08-11 00:00:00","2012-08-21 00:00:00","3.5000","87.5000","87.5000","2012-08-20 22:00:00"
"19762","811","6","50","2012-08-10 00:00:00","2012-08-21 00:00:00","2012-08-11 00:00:00","2012-08-21 00:00:00","3.0000","36.7500","36.7500","2012-08-20 22:00:00"
"19763","813","1","10","2012-08-10 00:00:00","2012-08-21 00:00:00","2012-08-11 00:00:00","2012-08-21 00:00:00","4.1000","92.2500","92.2500","2012-08-20 22:00:00"
"19763","813","2","20","2012-08-10 00:00:00","2012-08-21 00:00:00","2012-08-11 00:00:00","2012-08-21 00:00:00","3.5000","87.5000","87.5000","2012-08-20 22:00:00"
"19763","813","6","50","2012-08-10 00:00:00","2012-08-21 00:00:00","2012-08-11 00:00:00","2012-08-21 00:00:00","3.0000","36.7500","36.7500","2012-08-20 22:00:00"
"19764","816","6","50","2012-08-10 00:00:00","2012-08-21 00:00:00","2012-08-11 00:00:00","2012-08-21 00:00:00","3.0000","36.7500","36.7500","2012-08-20 22:00:00"
"19765","818","6","50","2012-08-10 00:00:00","2012-08-21 00:00:00","2012-08-11 00:00:00","2012-08-21 00:00:00","3.0000","36.7500","36.7500","2012-08-20 22:00:00"
"19766","820","6","50","2012-08-10 00:00:00","2012-08-21 00:00:00","2012-08-11 00:00:00","2012-08-21 00:00:00","3.0000","36.7500","36.7500","2012-08-20 22:00:00"
"19767","824","6","50","2012-08-10 00:00:00","2012-08-21 00:00:00","2012-08-11 00:00:00","2012-08-21 00:00:00","3.0000","36.7500","36.7500","2012-08-20 22:00:00"
"19768","826","6","50","2012-08-10 00:00:00","2012-08-21 00:00:00","2012-08-11 00:00:00","2012-08-21 00:00:00","3.0000","36.7500","36.7500","2012-08-20 22:00:00"
"19769","828","6","50","2012-08-10 00:00:00","2012-08-21 00:00:00","2012-08-11 00:00:00","2012-08-21 00:00:00","3.0000","36.7500","36.7500","2012-08-20 22:00:00"
"19772","894","6","50","2012-08-10 00:00:00","2012-08-21 00:00:00","2012-08-11 00:00:00","2012-08-21 00:00:00","3.0000","36.7500","36.7500","2012-08-20 22:00:00"
"19773","945","1","10","2012-08-10 00:00:00","2012-08-21 00:00:00","2012-08-11 00:00:00","2012-08-21 00:00:00","4.1000","92.2500","92.2500","2012-08-20 22:00:00"
"19773","945","6","50","2012-08-10 00:00:00","2012-08-21 00:00:00","2012-08-11 00:00:00","2012-08-21 00:00:00","3.0000","36.7500","36.7500","2012-08-20 22:00:00"
"19774","950","6","50","2012-08-10 00:00:00","2012-08-21 00:00:00","2012-08-11 00:00:00","2012-08-21 00:00:00","3.0000","36.7500","36.7500","2012-08-20 22:00:00"
"19775","994","6","50","2012-08-10 00:00:00","2012-08-21 00:00:00","2012-08-11 00:00:00","2012-08-21 00:00:00","3.0000","36.7500","36.7500","2012-08-20 22:00:00"
"19776","995","6","50","2012-08-10 00:00:00","2012-08-21 00:00:00","2012-08-11 00:00:00","2012-08-21 00:00:00","3.0000","36.7500","36.7500","2012-08-20 22:00:00"
"19777","996","6","50","2012-08-10 00:00:00","2012-08-21 00:00:00","2012-08-11 00:00:00","2012-08-21 00:00:00","3.0000","36.7500","36.7500","2012-08-20 22:00:00"
"19791","802","1","10","2012-08-10 00:00:00","2012-08-21 00:00:00","2012-08-11 00:00:00","2012-08-21 00:00:00","4.1000","92.2500","92.2500","2012-08-20 22:00:00"
"19791","802","6","50","2012-08-10 00:00:00","2012-08-21 00:00:00","2012-08-11 00:00:00","2012-08-21 00:00:00","3.0000","36.7500","36.7500","2012-08-20 22:00:00"
"19792","804","1","10","2012-08-10 00:00:00","2012-08-21 00:00:00","2012-08-11 00:00:00","2012-08-21 00:00:00","4.1000","92.2500","92.2500","2012-08-20 22:00:00"
"19792","804","6","50","2012-08-10 00:00:00","2012-08-21 00:00:00","2012-08-11 00:00:00","2012-08-21 00:00:00","3.0000","36.7500","36.7500","2012-08-20 22:00:00"
"19797","765","7","60","2012-08-11 00:00:00","2012-08-22 00:00:00","2012-08-11 00:00:00","2012-09-04 00:00:00","4.0000","49.0000","49.0000","2012-09-03 22:00:00"
"19798","779","7","60","2012-08-11 00:00:00","2012-08-22 00:00:00","2012-08-11 00:00:00","2012-09-04 00:00:00","4.0000","49.0000","49.0000","2012-09-03 22:00:00"
"19799","780","7","60","2012-08-11 00:00:00","2012-08-22 00:00:00","2012-08-11 00:00:00","2012-09-04 00:00:00","4.0000","49.0000","49.0000","2012-09-03 22:00:00"
"19800","783","7","60","2012-08-11 00:00:00","2012-08-22 00:00:00","2012-08-11 00:00:00","2012-09-04 00:00:00","4.0000","49.0000","49.0000","2012-09-03 22:00:00"
"19801","789","7","60","2012-08-11 00:00:00","2012-08-22 00:00:00","2012-08-11 00:00:00","2012-09-04 00:00:00","4.0000","49.0000","49.0000","2012-09-03 22:00:00"
"19802","791","7","60","2012-08-11 00:00:00","2012-08-22 00:00:00","2012-08-11 00:00:00","2012-09-04 00:00:00","4.0000","49.0000","49.0000","2012-09-03 22:00:00"
"19803","798","7","60","2012-08-11 00:00:00","2012-08-22 00:00:00","2012-08-11 00:00:00","2012-09-04 00:00:00","4.0000","49.0000","49.0000","2012-09-03 22:00:00"
"19804","516","6","50","2012-08-11 00:00:00","2012-08-22 00:00:00","2012-08-11 00:00:00","2012-09-04 00:00:00","3.0000","36.7500","36.7500","2012-09-03 22:00:00"
"19804","516","7","60","2012-08-11 00:00:00","2012-08-22 00:00:00","2012-08-11 00:00:00","2012-09-04 00:00:00","4.0000","49.0000","49.0000","2012-09-03 22:00:00"
"19805","517","6","50","2012-08-11 00:00:00","2012-08-22 00:00:00","2012-08-11 00:00:00","2012-09-04 00:00:00","3.0000","36.7500","36.7500","2012-09-03 22:00:00"
"19805","517","7","60","2012-08-11 00:00:00","2012-08-22 00:00:00","2012-08-11 00:00:00","2012-09-04 00:00:00","4.0000","49.0000","49.0000","2012-09-03 22:00:00"
"19806","518","6","50","2012-08-11 00:00:00","2012-08-22 00:00:00","2012-08-11 00:00:00","2012-09-04 00:00:00","3.0000","36.7500","36.7500","2012-09-03 22:00:00"
"19806","518","7","60","2012-08-11 00:00:00","2012-08-22 00:00:00","2012-08-11 00:00:00","2012-09-04 00:00:00","4.0000","49.0000","49.0000","2012-09-03 22:00:00"
"19807","519","6","50","2012-08-11 00:00:00","2012-08-22 00:00:00","2012-08-11 00:00:00","2012-09-04 00:00:00","3.0000","36.7500","36.7500","2012-09-03 22:00:00"
"19807","519","7","60","2012-08-11 00:00:00","2012-08-22 00:00:00","2012-08-11 00:00:00","2012-09-04 00:00:00","4.0000","49.0000","49.0000","2012-09-03 22:00:00"
"19813","748","1","10","2012-08-11 00:00:00","2012-08-22 00:00:00","2012-08-11 00:00:00","2012-09-04 00:00:00","4.1000","92.2500","92.2500","2012-09-03 22:00:00"
"19813","748","2","20","2012-08-11 00:00:00","2012-08-22 00:00:00","2012-08-11 00:00:00","2012-09-04 00:00:00","3.5000","87.5000","87.5000","2012-09-03 22:00:00"
"19813","748","3","30","2012-08-11 00:00:00","2012-08-22 00:00:00","2012-08-11 00:00:00","2012-09-04 00:00:00","1.0000","14.5000","14.5000","2012-09-03 22:00:00"
"19813","748","5","45","2012-08-11 00:00:00","2012-08-22 00:00:00","2012-08-11 00:00:00","2012-09-04 00:00:00","2.0000","36.0000","36.0000","2012-09-03 22:00:00"
"19813","748","6","50","2012-08-11 00:00:00","2012-08-22 00:00:00","2012-08-11 00:00:00","2012-09-04 00:00:00","3.0000","36.7500","36.7500","2012-09-03 22:00:00"
"19813","748","7","60","2012-08-11 00:00:00","2012-08-22 00:00:00","2012-08-11 00:00:00","2012-09-04 00:00:00","4.0000","49.0000","49.0000","2012-09-03 22:00:00"
"19814","806","6","50","2012-08-11 00:00:00","2012-08-22 00:00:00","2012-08-11 00:00:00","2012-09-04 00:00:00","3.0000","36.7500","36.7500","2012-09-03 22:00:00"
"19815","810","1","10","2012-08-11 00:00:00","2012-08-22 00:00:00","2012-08-11 00:00:00","2012-09-04 00:00:00","4.1000","92.2500","92.2500","2012-09-03 22:00:00"
"19815","810","2","20","2012-08-11 00:00:00","2012-08-22 00:00:00","2012-08-11 00:00:00","2012-09-04 00:00:00","3.5000","87.5000","87.5000","2012-09-03 22:00:00"
"19815","810","6","50","2012-08-11 00:00:00","2012-08-22 00:00:00","2012-08-11 00:00:00","2012-09-04 00:00:00","3.0000","36.7500","36.7500","2012-09-03 22:00:00"
"19816","811","1","10","2012-08-11 00:00:00","2012-08-22 00:00:00","2012-08-11 00:00:00","2012-09-04 00:00:00","4.1000","92.2500","92.2500","2012-09-03 22:00:00"
"19816","811","2","20","2012-08-11 00:00:00","2012-08-22 00:00:00","2012-08-11 00:00:00","2012-09-04 00:00:00","3.5000","87.5000","87.5000","2012-09-03 22:00:00"
"19816","811","6","50","2012-08-11 00:00:00","2012-08-22 00:00:00","2012-08-11 00:00:00","2012-09-04 00:00:00","3.0000","36.7500","36.7500","2012-09-03 22:00:00"
"19817","812","1","10","2012-08-11 00:00:00","2012-08-22 00:00:00","2012-08-11 00:00:00","2012-09-04 00:00:00","4.1000","92.2500","92.2500","2012-09-03 22:00:00"
"19817","812","2","20","2012-08-11 00:00:00","2012-08-22 00:00:00","2012-08-11 00:00:00","2012-09-04 00:00:00","3.5000","87.5000","87.5000","2012-09-03 22:00:00"
"19817","812","6","50","2012-08-11 00:00:00","2012-08-22 00:00:00","2012-08-11 00:00:00","2012-09-04 00:00:00","3.0000","36.7500","36.7500","2012-09-03 22:00:00"
"19818","813","1","10","2012-08-11 00:00:00","2012-08-22 00:00:00","2012-08-11 00:00:00","2012-09-04 00:00:00","4.1000","92.2500","92.2500","2012-09-03 22:00:00"
"19818","813","2","20","2012-08-11 00:00:00","2012-08-22 00:00:00","2012-08-11 00:00:00","2012-09-04 00:00:00","3.5000","87.5000","87.5000","2012-09-03 22:00:00"
"19818","813","6","50","2012-08-11 00:00:00","2012-08-22 00:00:00","2012-08-11 00:00:00","2012-09-04 00:00:00","3.0000","36.7500","36.7500","2012-09-03 22:00:00"
"19819","816","6","50","2012-08-11 00:00:00","2012-08-22 00:00:00","2012-08-11 00:00:00","2012-09-04 00:00:00","3.0000","36.7500","36.7500","2012-09-03 22:00:00"
"19820","818","6","50","2012-08-11 00:00:00","2012-08-22 00:00:00","2012-08-11 00:00:00","2012-09-04 00:00:00","3.0000","36.7500","36.7500","2012-09-03 22:00:00"
"19821","819","6","50","2012-08-11 00:00:00","2012-08-22 00:00:00","2012-08-11 00:00:00","2012-09-04 00:00:00","3.0000","36.7500","36.7500","2012-09-03 22:00:00"
"19822","820","6","50","2012-08-11 00:00:00","2012-08-22 00:00:00","2012-08-11 00:00:00","2012-09-04 00:00:00","3.0000","36.7500","36.7500","2012-09-03 22:00:00"
"19823","824","6","50","2012-08-11 00:00:00","2012-08-22 00:00:00","2012-08-11 00:00:00","2012-09-04 00:00:00","3.0000","36.7500","36.7500","2012-09-03 22:00:00"
"19824","826","6","50","2012-08-11 00:00:00","2012-08-22 00:00:00","2012-08-11 00:00:00","2012-09-04 00:00:00","3.0000","36.7500","36.7500","2012-09-03 22:00:00"
"19825","827","6","50","2012-08-11 00:00:00","2012-08-22 00:00:00","2012-08-11 00:00:00","2012-09-04 00:00:00","3.0000","36.7500","36.7500","2012-09-03 22:00:00"
"19826","828","6","50","2012-08-11 00:00:00","2012-08-22 00:00:00","2012-08-11 00:00:00","2012-09-04 00:00:00","3.0000","36.7500","36.7500","2012-09-03 22:00:00"
"19828","894","6","50","2012-08-11 00:00:00","2012-08-22 00:00:00","2012-08-11 00:00:00","2012-09-04 00:00:00","3.0000","36.7500","36.7500","2012-09-03 22:00:00"
"19829","945","1","10","2012-08-11 00:00:00","2012-08-22 00:00:00","2012-08-11 00:00:00","2012-09-04 00:00:00","4.1000","92.2500","92.2500","2012-09-03 22:00:00"
"19829","945","6","50","2012-08-11 00:00:00","2012-08-22 00:00:00","2012-08-11 00:00:00","2012-09-04 00:00:00","3.0000","36.7500","36.7500","2012-09-03 22:00:00"
"19830","950","6","50","2012-08-11 00:00:00","2012-08-22 00:00:00","2012-08-11 00:00:00","2012-09-04 00:00:00","3.0000","36.7500","36.7500","2012-09-03 22:00:00"
"19831","994","6","50","2012-08-11 00:00:00","2012-08-22 00:00:00","2012-08-11 00:00:00","2012-09-04 00:00:00","3.0000","36.7500","36.7500","2012-09-03 22:00:00"
"19832","995","6","50","2012-08-11 00:00:00","2012-08-22 00:00:00","2012-08-11 00:00:00","2012-09-04 00:00:00","3.0000","36.7500","36.7500","2012-09-03 22:00:00"
"19833","996","6","50","2012-08-11 00:00:00","2012-08-22 00:00:00","2012-08-11 00:00:00","2012-09-04 00:00:00","3.0000","36.7500","36.7500","2012-09-03 22:00:00"
"19847","802","1","10","2012-08-11 00:00:00","2012-08-22 00:00:00","2012-08-11 00:00:00","2012-09-04 00:00:00","4.1000","92.2500","92.2500","2012-09-03 22:00:00"
"19847","802","6","50","2012-08-11 00:00:00","2012-08-22 00:00:00","2012-08-11 00:00:00","2012-09-04 00:00:00","3.0000","36.7500","36.7500","2012-09-03 22:00:00"
"19848","803","1","10","2012-08-11 00:00:00","2012-08-22 00:00:00","2012-08-11 00:00:00","2012-09-04 00:00:00","4.1000","92.2500","92.2500","2012-09-03 22:00:00"
"19848","803","6","50","2012-08-11 00:00:00","2012-08-22 00:00:00","2012-08-11 00:00:00","2012-09-04 00:00:00","3.0000","36.7500","36.7500","2012-09-03 22:00:00"
"19849","804","1","10","2012-08-11 00:00:00","2012-08-22 00:00:00","2012-08-11 00:00:00","2012-09-04 00:00:00","4.1000","92.2500","92.2500","2012-09-03 22:00:00"
"19849","804","6","50","2012-08-11 00:00:00","2012-08-22 00:00:00","2012-08-11 00:00:00","2012-09-04 00:00:00","3.0000","36.7500","36.7500","2012-09-03 22:00:00"
"19854","767","7","60","2012-08-12 00:00:00","2012-08-23 00:00:00","2012-08-15 00:00:00","2012-08-23 00:00:00","4.0000","49.0000","49.0000","2012-08-22 22:00:00"
"19855","770","7","60","2012-08-12 00:00:00","2012-08-23 00:00:00","2012-08-15 00:00:00","2012-08-23 00:00:00","4.0000","49.0000","49.0000","2012-08-22 22:00:00"
"19856","780","7","60","2012-08-12 00:00:00","2012-08-23 00:00:00","2012-08-15 00:00:00","2012-08-23 00:00:00","4.0000","49.0000","49.0000","2012-08-22 22:00:00"
"19857","784","7","60","2012-08-12 00:00:00","2012-08-23 00:00:00","2012-08-15 00:00:00","2012-08-23 00:00:00","4.0000","49.0000","49.0000","2012-08-22 22:00:00"
"19858","789","7","60","2012-08-12 00:00:00","2012-08-23 00:00:00","2012-08-15 00:00:00","2012-08-23 00:00:00","4.0000","49.0000","49.0000","2012-08-22 22:00:00"
"19859","793","7","60","2012-08-12 00:00:00","2012-08-23 00:00:00","2012-08-15 00:00:00","2012-08-23 00:00:00","4.0000","49.0000","49.0000","2012-08-22 22:00:00"
"19860","794","7","60","2012-08-12 00:00:00","2012-08-23 00:00:00","2012-08-15 00:00:00","2012-08-23 00:00:00","4.0000","49.0000","49.0000","2012-08-22 22:00:00"
"19861","795","7","60","2012-08-12 00:00:00","2012-08-23 00:00:00","2012-08-15 00:00:00","2012-08-23 00:00:00","4.0000","49.0000","49.0000","2012-08-22 22:00:00"
"19862","516","6","50","2012-08-12 00:00:00","2012-08-23 00:00:00","2012-08-15 00:00:00","2012-08-23 00:00:00","3.0000","36.7500","36.7500","2012-08-22 22:00:00"
"19862","516","7","60","2012-08-12 00:00:00","2012-08-23 00:00:00","2012-08-15 00:00:00","2012-08-23 00:00:00","4.0000","49.0000","49.0000","2012-08-22 22:00:00"
"19863","517","6","50","2012-08-12 00:00:00","2012-08-23 00:00:00","2012-08-15 00:00:00","2012-08-23 00:00:00","3.0000","36.7500","36.7500","2012-08-22 22:00:00"
"19863","517","7","60","2012-08-12 00:00:00","2012-08-23 00:00:00","2012-08-15 00:00:00","2012-08-23 00:00:00","4.0000","49.0000","49.0000","2012-08-22 22:00:00"
"19864","519","6","50","2012-08-12 00:00:00","2012-08-23 00:00:00","2012-08-15 00:00:00","2012-08-23 00:00:00","3.0000","36.7500","36.7500","2012-08-22 22:00:00"
"19864","519","7","60","2012-08-12 00:00:00","2012-08-23 00:00:00","2012-08-15 00:00:00","2012-08-23 00:00:00","4.0000","49.0000","49.0000","2012-08-22 22:00:00"
"19870","806","6","50","2012-08-12 00:00:00","2012-08-23 00:00:00","2012-08-15 00:00:00","2012-08-23 00:00:00","3.0000","36.7500","36.7500","2012-08-22 22:00:00"
"19871","810","1","10","2012-08-12 00:00:00","2012-08-23 00:00:00","2012-08-15 00:00:00","2012-08-23 00:00:00","4.1000","92.2500","92.2500","2012-08-22 22:00:00"
"19871","810","2","20","2012-08-12 00:00:00","2012-08-23 00:00:00","2012-08-15 00:00:00","2012-08-23 00:00:00","3.5000","87.5000","87.5000","2012-08-22 22:00:00"
"19871","810","6","50","2012-08-12 00:00:00","2012-08-23 00:00:00","2012-08-15 00:00:00","2012-08-23 00:00:00","3.0000","36.7500","36.7500","2012-08-22 22:00:00"
"19872","811","1","10","2012-08-12 00:00:00","2012-08-23 00:00:00","2012-08-15 00:00:00","2012-08-23 00:00:00","4.1000","92.2500","92.2500","2012-08-22 22:00:00"
"19872","811","2","20","2012-08-12 00:00:00","2012-08-23 00:00:00","2012-08-15 00:00:00","2012-08-23 00:00:00","3.5000","87.5000","87.5000","2012-08-22 22:00:00"
"19872","811","6","50","2012-08-12 00:00:00","2012-08-23 00:00:00","2012-08-15 00:00:00","2012-08-23 00:00:00","3.0000","36.7500","36.7500","2012-08-22 22:00:00"
"19873","813","1","10","2012-08-12 00:00:00","2012-08-23 00:00:00","2012-08-15 00:00:00","2012-08-23 00:00:00","4.1000","92.2500","92.2500","2012-08-22 22:00:00"
"19873","813","2","20","2012-08-12 00:00:00","2012-08-23 00:00:00","2012-08-15 00:00:00","2012-08-23 00:00:00","3.5000","87.5000","87.5000","2012-08-22 22:00:00"
"19873","813","6","50","2012-08-12 00:00:00","2012-08-23 00:00:00","2012-08-15 00:00:00","2012-08-23 00:00:00","3.0000","36.7500","36.7500","2012-08-22 22:00:00"
"19874","816","6","50","2012-08-12 00:00:00","2012-08-23 00:00:00","2012-08-15 00:00:00","2012-08-23 00:00:00","3.0000","36.7500","36.7500","2012-08-22 22:00:00"
"19875","818","6","50","2012-08-12 00:00:00","2012-08-23 00:00:00","2012-08-15 00:00:00","2012-08-23 00:00:00","3.0000","36.7500","36.7500","2012-08-22 22:00:00"
"19876","820","6","50","2012-08-12 00:00:00","2012-08-23 00:00:00","2012-08-15 00:00:00","2012-08-23 00:00:00","3.0000","36.7500","36.7500","2012-08-22 22:00:00"
"19877","824","6","50","2012-08-12 00:00:00","2012-08-23 00:00:00","2012-08-15 00:00:00","2012-08-23 00:00:00","3.0000","36.7500","36.7500","2012-08-22 22:00:00"
"19878","826","6","50","2012-08-12 00:00:00","2012-08-23 00:00:00","2012-08-15 00:00:00","2012-08-23 00:00:00","3.0000","36.7500","36.7500","2012-08-22 22:00:00"
"19879","828","6","50","2012-08-12 00:00:00","2012-08-23 00:00:00","2012-08-15 00:00:00","2012-08-23 00:00:00","3.0000","36.7500","36.7500","2012-08-22 22:00:00"
"19883","894","6","50","2012-08-12 00:00:00","2012-08-23 00:00:00","2012-08-15 00:00:00","2012-08-23 00:00:00","3.0000","36.7500","36.7500","2012-08-22 22:00:00"
"19884","945","1","10","2012-08-12 00:00:00","2012-08-23 00:00:00","2012-08-15 00:00:00","2012-08-23 00:00:00","4.1000","92.2500","92.2500","2012-08-22 22:00:00"
"19884","945","6","50","2012-08-12 00:00:00","2012-08-23 00:00:00","2012-08-15 00:00:00","2012-08-23 00:00:00","3.0000","36.7500","36.7500","2012-08-22 22:00:00"
"19885","950","6","50","2012-08-12 00:00:00","2012-08-23 00:00:00","2012-08-15 00:00:00","2012-08-23 00:00:00","3.0000","36.7500","36.7500","2012-08-22 22:00:00"
"19886","994","6","50","2012-08-12 00:00:00","2012-08-23 00:00:00","2012-08-15 00:00:00","2012-08-23 00:00:00","3.0000","36.7500","36.7500","2012-08-22 22:00:00"
"19887","995","6","50","2012-08-12 00:00:00","2012-08-23 00:00:00","2012-08-15 00:00:00","2012-08-23 00:00:00","3.0000","36.7500","36.7500","2012-08-22 22:00:00"
"19888","996","6","50","2012-08-12 00:00:00","2012-08-23 00:00:00","2012-08-15 00:00:00","2012-08-23 00:00:00","3.0000","36.7500","36.7500","2012-08-22 22:00:00"
"19902","802","1","10","2012-08-12 00:00:00","2012-08-23 00:00:00","2012-08-15 00:00:00","2012-08-23 00:00:00","4.1000","92.2500","92.2500","2012-08-22 22:00:00"
"19902","802","6","50","2012-08-12 00:00:00","2012-08-23 00:00:00","2012-08-15 00:00:00","2012-08-23 00:00:00","3.0000","36.7500","36.7500","2012-08-22 22:00:00"
"19903","804","1","10","2012-08-12 00:00:00","2012-08-23 00:00:00","2012-08-15 00:00:00","2012-08-23 00:00:00","4.1000","92.2500","92.2500","2012-08-22 22:00:00"
"19903","804","6","50","2012-08-12 00:00:00","2012-08-23 00:00:00","2012-08-15 00:00:00","2012-08-23 00:00:00","3.0000","36.7500","36.7500","2012-08-22 22:00:00"
"19908","780","7","60","2012-08-13 00:00:00","2012-08-24 00:00:00","2012-08-13 00:00:00","2012-09-08 00:00:00","4.0000","49.0000","49.0000","2012-09-07 22:00:00"
"19909","783","7","60","2012-08-13 00:00:00","2012-08-24 00:00:00","2012-08-13 00:00:00","2012-09-08 00:00:00","4.0000","49.0000","49.0000","2012-09-07 22:00:00"
"19910","790","7","60","2012-08-13 00:00:00","2012-08-24 00:00:00","2012-08-13 00:00:00","2012-09-08 00:00:00","4.0000","49.0000","49.0000","2012-09-07 22:00:00"
"19911","791","7","60","2012-08-13 00:00:00","2012-08-24 00:00:00","2012-08-13 00:00:00","2012-09-08 00:00:00","4.0000","49.0000","49.0000","2012-09-07 22:00:00"
"19912","792","7","60","2012-08-13 00:00:00","2012-08-24 00:00:00","2012-08-13 00:00:00","2012-09-08 00:00:00","4.0000","49.0000","49.0000","2012-09-07 22:00:00"
"19913","796","7","60","2012-08-13 00:00:00","2012-08-24 00:00:00","2012-08-13 00:00:00","2012-09-08 00:00:00","4.0000","49.0000","49.0000","2012-09-07 22:00:00"
"19914","800","7","60","2012-08-13 00:00:00","2012-08-24 00:00:00","2012-08-13 00:00:00","2012-09-08 00:00:00","4.0000","49.0000","49.0000","2012-09-07 22:00:00"
"19915","801","7","60","2012-08-13 00:00:00","2012-08-24 00:00:00","2012-08-13 00:00:00","2012-09-08 00:00:00","4.0000","49.0000","49.0000","2012-09-07 22:00:00"
"19916","516","6","50","2012-08-13 00:00:00","2012-08-24 00:00:00","2012-08-13 00:00:00","2012-09-08 00:00:00","3.0000","36.7500","36.7500","2012-09-07 22:00:00"
"19916","516","7","60","2012-08-13 00:00:00","2012-08-24 00:00:00","2012-08-13 00:00:00","2012-09-08 00:00:00","4.0000","49.0000","49.0000","2012-09-07 22:00:00"
"19917","518","6","50","2012-08-13 00:00:00","2012-08-24 00:00:00","2012-08-13 00:00:00","2012-09-08 00:00:00","3.0000","36.7500","36.7500","2012-09-07 22:00:00"
"19917","518","7","60","2012-08-13 00:00:00","2012-08-24 00:00:00","2012-08-13 00:00:00","2012-09-08 00:00:00","4.0000","49.0000","49.0000","2012-09-07 22:00:00"
"19918","519","6","50","2012-08-13 00:00:00","2012-08-24 00:00:00","2012-08-13 00:00:00","2012-09-08 00:00:00","3.0000","36.7500","36.7500","2012-09-07 22:00:00"
"19918","519","7","60","2012-08-13 00:00:00","2012-08-24 00:00:00","2012-08-13 00:00:00","2012-09-08 00:00:00","4.0000","49.0000","49.0000","2012-09-07 22:00:00"
"19925","806","6","50","2012-08-13 00:00:00","2012-08-24 00:00:00","2012-08-13 00:00:00","2012-09-08 00:00:00","3.0000","36.7500","36.7500","2012-09-07 22:00:00"
"19926","810","1","10","2012-08-13 00:00:00","2012-08-24 00:00:00","2012-08-13 00:00:00","2012-09-08 00:00:00","4.1000","92.2500","92.2500","2012-09-07 22:00:00"
"19926","810","2","20","2012-08-13 00:00:00","2012-08-24 00:00:00","2012-08-13 00:00:00","2012-09-08 00:00:00","3.5000","87.5000","87.5000","2012-09-07 22:00:00"
"19926","810","6","50","2012-08-13 00:00:00","2012-08-24 00:00:00","2012-08-13 00:00:00","2012-09-08 00:00:00","3.0000","36.7500","36.7500","2012-09-07 22:00:00"
"19927","812","1","10","2012-08-13 00:00:00","2012-08-24 00:00:00","2012-08-13 00:00:00","2012-09-08 00:00:00","4.1000","92.2500","92.2500","2012-09-07 22:00:00"
"19927","812","2","20","2012-08-13 00:00:00","2012-08-24 00:00:00","2012-08-13 00:00:00","2012-09-08 00:00:00","3.5000","87.5000","87.5000","2012-09-07 22:00:00"
"19927","812","6","50","2012-08-13 00:00:00","2012-08-24 00:00:00","2012-08-13 00:00:00","2012-09-08 00:00:00","3.0000","36.7500","36.7500","2012-09-07 22:00:00"
"19928","813","1","10","2012-08-13 00:00:00","2012-08-24 00:00:00","2012-08-13 00:00:00","2012-09-08 00:00:00","4.1000","92.2500","92.2500","2012-09-07 22:00:00"
"19928","813","2","20","2012-08-13 00:00:00","2012-08-24 00:00:00","2012-08-13 00:00:00","2012-09-08 00:00:00","3.5000","87.5000","87.5000","2012-09-07 22:00:00"
"19928","813","6","50","2012-08-13 00:00:00","2012-08-24 00:00:00","2012-08-13 00:00:00","2012-09-08 00:00:00","3.0000","36.7500","36.7500","2012-09-07 22:00:00"
"19929","816","6","50","2012-08-13 00:00:00","2012-08-24 00:00:00","2012-08-13 00:00:00","2012-09-08 00:00:00","3.0000","36.7500","36.7500","2012-09-07 22:00:00"
"19930","819","6","50","2012-08-13 00:00:00","2012-08-24 00:00:00","2012-08-13 00:00:00","2012-09-08 00:00:00","3.0000","36.7500","36.7500","2012-09-07 22:00:00"
"19931","820","6","50","2012-08-13 00:00:00","2012-08-24 00:00:00","2012-08-13 00:00:00","2012-09-08 00:00:00","3.0000","36.7500","36.7500","2012-09-07 22:00:00"
"19932","824","6","50","2012-08-13 00:00:00","2012-08-24 00:00:00","2012-08-13 00:00:00","2012-09-08 00:00:00","3.0000","36.7500","36.7500","2012-09-07 22:00:00"
"19933","827","6","50","2012-08-13 00:00:00","2012-08-24 00:00:00","2012-08-13 00:00:00","2012-09-08 00:00:00","3.0000","36.7500","36.7500","2012-09-07 22:00:00"
"19934","828","6","50","2012-08-13 00:00:00","2012-08-24 00:00:00","2012-08-13 00:00:00","2012-09-08 00:00:00","3.0000","36.7500","36.7500","2012-09-07 22:00:00"
"19937","894","6","50","2012-08-13 00:00:00","2012-08-24 00:00:00","2012-08-13 00:00:00","2012-09-08 00:00:00","3.0000","36.7500","36.7500","2012-09-07 22:00:00"
"19938","945","1","10","2012-08-13 00:00:00","2012-08-24 00:00:00","2012-08-13 00:00:00","2012-09-08 00:00:00","4.1000","92.2500","92.2500","2012-09-07 22:00:00"
"19938","945","6","50","2012-08-13 00:00:00","2012-08-24 00:00:00","2012-08-13 00:00:00","2012-09-08 00:00:00","3.0000","36.7500","36.7500","2012-09-07 22:00:00"
"19939","950","6","50","2012-08-13 00:00:00","2012-08-24 00:00:00","2012-08-13 00:00:00","2012-09-08 00:00:00","3.0000","36.7500","36.7500","2012-09-07 22:00:00"
"19940","994","6","50","2012-08-13 00:00:00","2012-08-24 00:00:00","2012-08-13 00:00:00","2012-09-08 00:00:00","3.0000","36.7500","36.7500","2012-09-07 22:00:00"
"19941","995","6","50","2012-08-13 00:00:00","2012-08-24 00:00:00","2012-08-13 00:00:00","2012-09-08 00:00:00","3.0000","36.7500","36.7500","2012-09-07 22:00:00"
"19942","996","6","50","2012-08-13 00:00:00","2012-08-24 00:00:00","2012-08-13 00:00:00","2012-09-08 00:00:00","3.0000","36.7500","36.7500","2012-09-07 22:00:00"
"19955","803","1","10","2012-08-13 00:00:00","2012-08-24 00:00:00","2012-08-13 00:00:00","2012-09-08 00:00:00","4.1000","92.2500","92.2500","2012-09-07 22:00:00"
"19955","803","6","50","2012-08-13 00:00:00","2012-08-24 00:00:00","2012-08-13 00:00:00","2012-09-08 00:00:00","3.0000","36.7500","36.7500","2012-09-07 22:00:00"
"19956","804","1","10","2012-08-13 00:00:00","2012-08-24 00:00:00","2012-08-13 00:00:00","2012-09-08 00:00:00","4.1000","92.2500","92.2500","2012-09-07 22:00:00"
"19956","804","6","50","2012-08-13 00:00:00","2012-08-24 00:00:00","2012-08-13 00:00:00","2012-09-08 00:00:00","3.0000","36.7500","36.7500","2012-09-07 22:00:00"
"19961","763","7","60","2012-08-14 00:00:00","2012-08-25 00:00:00","2012-08-19 00:00:00","2012-08-25 00:00:00","4.0000","49.0000","49.0000","2012-08-24 22:00:00"
"19962","768","7","60","2012-08-14 00:00:00","2012-08-25 00:00:00","2012-08-19 00:00:00","2012-08-25 00:00:00","4.0000","49.0000","49.0000","2012-08-24 22:00:00"
"19963","779","7","60","2012-08-14 00:00:00","2012-08-25 00:00:00","2012-08-19 00:00:00","2012-08-25 00:00:00","4.0000","49.0000","49.0000","2012-08-24 22:00:00"
"19964","792","7","60","2012-08-14 00:00:00","2012-08-25 00:00:00","2012-08-19 00:00:00","2012-08-25 00:00:00","4.0000","49.0000","49.0000","2012-08-24 22:00:00"
"19965","795","7","60","2012-08-14 00:00:00","2012-08-25 00:00:00","2012-08-19 00:00:00","2012-08-25 00:00:00","4.0000","49.0000","49.0000","2012-08-24 22:00:00"
"19966","798","7","60","2012-08-14 00:00:00","2012-08-25 00:00:00","2012-08-19 00:00:00","2012-08-25 00:00:00","4.0000","49.0000","49.0000","2012-08-24 22:00:00"
"19967","516","6","50","2012-08-14 00:00:00","2012-08-25 00:00:00","2012-08-19 00:00:00","2012-08-25 00:00:00","3.0000","36.7500","36.7500","2012-08-24 22:00:00"
"19967","516","7","60","2012-08-14 00:00:00","2012-08-25 00:00:00","2012-08-19 00:00:00","2012-08-25 00:00:00","4.0000","49.0000","49.0000","2012-08-24 22:00:00"
"19968","517","6","50","2012-08-14 00:00:00","2012-08-25 00:00:00","2012-08-19 00:00:00","2012-08-25 00:00:00","3.0000","36.7500","36.7500","2012-08-24 22:00:00"
"19968","517","7","60","2012-08-14 00:00:00","2012-08-25 00:00:00","2012-08-19 00:00:00","2012-08-25 00:00:00","4.0000","49.0000","49.0000","2012-08-24 22:00:00"
"19969","518","6","50","2012-08-14 00:00:00","2012-08-25 00:00:00","2012-08-19 00:00:00","2012-08-25 00:00:00","3.0000","36.7500","36.7500","2012-08-24 22:00:00"
"19969","518","7","60","2012-08-14 00:00:00","2012-08-25 00:00:00","2012-08-19 00:00:00","2012-08-25 00:00:00","4.0000","49.0000","49.0000","2012-08-24 22:00:00"
"19970","519","6","50","2012-08-14 00:00:00","2012-08-25 00:00:00","2012-08-19 00:00:00","2012-08-25 00:00:00","3.0000","36.7500","36.7500","2012-08-24 22:00:00"
"19970","519","7","60","2012-08-14 00:00:00","2012-08-25 00:00:00","2012-08-19 00:00:00","2012-08-25 00:00:00","4.0000","49.0000","49.0000","2012-08-24 22:00:00"
"19974","748","1","10","2012-08-14 00:00:00","2012-08-25 00:00:00","2012-08-19 00:00:00","2012-08-25 00:00:00","4.1000","92.2500","92.2500","2012-08-24 22:00:00"
"19974","748","2","20","2012-08-14 00:00:00","2012-08-25 00:00:00","2012-08-19 00:00:00","2012-08-25 00:00:00","3.5000","87.5000","87.5000","2012-08-24 22:00:00"
"19974","748","3","30","2012-08-14 00:00:00","2012-08-25 00:00:00","2012-08-19 00:00:00","2012-08-25 00:00:00","1.0000","14.5000","14.5000","2012-08-24 22:00:00"
"19974","748","5","45","2012-08-14 00:00:00","2012-08-25 00:00:00","2012-08-19 00:00:00","2012-08-25 00:00:00","2.0000","36.0000","36.0000","2012-08-24 22:00:00"
"19974","748","6","50","2012-08-14 00:00:00","2012-08-25 00:00:00","2012-08-19 00:00:00","2012-08-25 00:00:00","3.0000","36.7500","36.7500","2012-08-24 22:00:00"
"19974","748","7","60","2012-08-14 00:00:00","2012-08-25 00:00:00","2012-08-19 00:00:00","2012-08-25 00:00:00","4.0000","49.0000","49.0000","2012-08-24 22:00:00"
"19975","806","6","50","2012-08-14 00:00:00","2012-08-25 00:00:00","2012-08-19 00:00:00","2012-08-25 00:00:00","3.0000","36.7500","36.7500","2012-08-24 22:00:00"
"19976","810","1","10","2012-08-14 00:00:00","2012-08-25 00:00:00","2012-08-19 00:00:00","2012-08-25 00:00:00","4.1000","92.2500","92.2500","2012-08-24 22:00:00"
"19976","810","2","20","2012-08-14 00:00:00","2012-08-25 00:00:00","2012-08-19 00:00:00","2012-08-25 00:00:00","3.5000","87.5000","87.5000","2012-08-24 22:00:00"
"19976","810","6","50","2012-08-14 00:00:00","2012-08-25 00:00:00","2012-08-19 00:00:00","2012-08-25 00:00:00","3.0000","36.7500","36.7500","2012-08-24 22:00:00"
"19977","811","1","10","2012-08-14 00:00:00","2012-08-25 00:00:00","2012-08-19 00:00:00","2012-08-25 00:00:00","4.1000","92.2500","92.2500","2012-08-24 22:00:00"
"19977","811","2","20","2012-08-14 00:00:00","2012-08-25 00:00:00","2012-08-19 00:00:00","2012-08-25 00:00:00","3.5000","87.5000","87.5000","2012-08-24 22:00:00"
"19977","811","6","50","2012-08-14 00:00:00","2012-08-25 00:00:00","2012-08-19 00:00:00","2012-08-25 00:00:00","3.0000","36.7500","36.7500","2012-08-24 22:00:00"
"19978","812","1","10","2012-08-14 00:00:00","2012-08-25 00:00:00","2012-08-19 00:00:00","2012-08-25 00:00:00","4.1000","92.2500","92.2500","2012-08-24 22:00:00"
"19978","812","2","20","2012-08-14 00:00:00","2012-08-25 00:00:00","2012-08-19 00:00:00","2012-08-25 00:00:00","3.5000","87.5000","87.5000","2012-08-24 22:00:00"
"19978","812","6","50","2012-08-14 00:00:00","2012-08-25 00:00:00","2012-08-19 00:00:00","2012-08-25 00:00:00","3.0000","36.7500","36.7500","2012-08-24 22:00:00"
"19979","813","1","10","2012-08-14 00:00:00","2012-08-25 00:00:00","2012-08-19 00:00:00","2012-08-25 00:00:00","4.1000","92.2500","92.2500","2012-08-24 22:00:00"
"19979","813","2","20","2012-08-14 00:00:00","2012-08-25 00:00:00","2012-08-19 00:00:00","2012-08-25 00:00:00","3.5000","87.5000","87.5000","2012-08-24 22:00:00"
"19979","813","6","50","2012-08-14 00:00:00","2012-08-25 00:00:00","2012-08-19 00:00:00","2012-08-25 00:00:00","3.0000","36.7500","36.7500","2012-08-24 22:00:00"
"19980","816","6","50","2012-08-14 00:00:00","2012-08-25 00:00:00","2012-08-19 00:00:00","2012-08-25 00:00:00","3.0000","36.7500","36.7500","2012-08-24 22:00:00"
"19981","818","6","50","2012-08-14 00:00:00","2012-08-25 00:00:00","2012-08-19 00:00:00","2012-08-25 00:00:00","3.0000","36.7500","36.7500","2012-08-24 22:00:00"
"19982","819","6","50","2012-08-14 00:00:00","2012-08-25 00:00:00","2012-08-19 00:00:00","2012-08-25 00:00:00","3.0000","36.7500","36.7500","2012-08-24 22:00:00"
"19983","820","6","50","2012-08-14 00:00:00","2012-08-25 00:00:00","2012-08-19 00:00:00","2012-08-25 00:00:00","3.0000","36.7500","36.7500","2012-08-24 22:00:00"
"19984","824","6","50","2012-08-14 00:00:00","2012-08-25 00:00:00","2012-08-19 00:00:00","2012-08-25 00:00:00","3.0000","36.7500","36.7500","2012-08-24 22:00:00"
"19985","826","6","50","2012-08-14 00:00:00","2012-08-25 00:00:00","2012-08-19 00:00:00","2012-08-25 00:00:00","3.0000","36.7500","36.7500","2012-08-24 22:00:00"
"19986","827","6","50","2012-08-14 00:00:00","2012-08-25 00:00:00","2012-08-19 00:00:00","2012-08-25 00:00:00","3.0000","36.7500","36.7500","2012-08-24 22:00:00"
"19987","828","6","50","2012-08-14 00:00:00","2012-08-25 00:00:00","2012-08-19 00:00:00","2012-08-25 00:00:00","3.0000","36.7500","36.7500","2012-08-24 22:00:00"
"19990","894","6","50","2012-08-14 00:00:00","2012-08-25 00:00:00","2012-08-19 00:00:00","2012-08-25 00:00:00","3.0000","36.7500","36.7500","2012-08-24 22:00:00"
"19991","945","1","10","2012-08-14 00:00:00","2012-08-25 00:00:00","2012-08-19 00:00:00","2012-08-25 00:00:00","4.1000","92.2500","92.2500","2012-08-24 22:00:00"
"19991","945","6","50","2012-08-14 00:00:00","2012-08-25 00:00:00","2012-08-19 00:00:00","2012-08-25 00:00:00","3.0000","36.7500","36.7500","2012-08-24 22:00:00"
"19992","950","6","50","2012-08-14 00:00:00","2012-08-25 00:00:00","2012-08-19 00:00:00","2012-08-25 00:00:00","3.0000","36.7500","36.7500","2012-08-24 22:00:00"
"19993","994","6","50","2012-08-14 00:00:00","2012-08-25 00:00:00","2012-08-19 00:00:00","2012-08-25 00:00:00","3.0000","36.7500","36.7500","2012-08-24 22:00:00"
"19994","995","6","50","2012-08-14 00:00:00","2012-08-25 00:00:00","2012-08-19 00:00:00","2012-08-25 00:00:00","3.0000","36.7500","36.7500","2012-08-24 22:00:00"
"19995","996","6","50","2012-08-14 00:00:00","2012-08-25 00:00:00","2012-08-19 00:00:00","2012-08-25 00:00:00","3.0000","36.7500","36.7500","2012-08-24 22:00:00"
"20009","802","1","10","2012-08-14 00:00:00","2012-08-25 00:00:00","2012-08-19 00:00:00","2012-08-25 00:00:00","4.1000","92.2500","92.2500","2012-08-24 22:00:00"
"20009","802","6","50","2012-08-14 00:00:00","2012-08-25 00:00:00","2012-08-19 00:00:00","2012-08-25 00:00:00","3.0000","36.7500","36.7500","2012-08-24 22:00:00"
"20010","803","1","10","2012-08-14 00:00:00","2012-08-25 00:00:00","2012-08-19 00:00:00","2012-08-25 00:00:00","4.1000","92.2500","92.2500","2012-08-24 22:00:00"
"20010","803","6","50","2012-08-14 00:00:00","2012-08-25 00:00:00","2012-08-19 00:00:00","2012-08-25 00:00:00","3.0000","36.7500","36.7500","2012-08-24 22:00:00"
"20011","804","1","10","2012-08-14 00:00:00","2012-08-25 00:00:00","2012-08-19 00:00:00","2012-08-25 00:00:00","4.1000","92.2500","92.2500","2012-08-24 22:00:00"
"20011","804","6","50","2012-08-14 00:00:00","2012-08-25 00:00:00","2012-08-19 00:00:00","2012-08-25 00:00:00","3.0000","36.7500","36.7500","2012-08-24 22:00:00"
"20016","763","7","60","2012-08-15 00:00:00","2012-08-26 00:00:00","2012-08-15 00:00:00","2012-09-12 00:00:00","4.0000","49.0000","49.0000","2012-09-11 22:00:00"
"20017","769","7","60","2012-08-15 00:00:00","2012-08-26 00:00:00","2012-08-15 00:00:00","2012-09-12 00:00:00","4.0000","49.0000","49.0000","2012-09-11 22:00:00"
"20018","780","7","60","2012-08-15 00:00:00","2012-08-26 00:00:00","2012-08-15 00:00:00","2012-09-12 00:00:00","4.0000","49.0000","49.0000","2012-09-11 22:00:00"
"20019","782","7","60","2012-08-15 00:00:00","2012-08-26 00:00:00","2012-08-15 00:00:00","2012-09-12 00:00:00","4.0000","49.0000","49.0000","2012-09-11 22:00:00"
"20020","784","7","60","2012-08-15 00:00:00","2012-08-26 00:00:00","2012-08-15 00:00:00","2012-09-12 00:00:00","4.0000","49.0000","49.0000","2012-09-11 22:00:00"
"20021","792","7","60","2012-08-15 00:00:00","2012-08-26 00:00:00","2012-08-15 00:00:00","2012-09-12 00:00:00","4.0000","49.0000","49.0000","2012-09-11 22:00:00"
"20022","793","7","60","2012-08-15 00:00:00","2012-08-26 00:00:00","2012-08-15 00:00:00","2012-09-12 00:00:00","4.0000","49.0000","49.0000","2012-09-11 22:00:00"
"20023","795","7","60","2012-08-15 00:00:00","2012-08-26 00:00:00","2012-08-15 00:00:00","2012-09-12 00:00:00","4.0000","49.0000","49.0000","2012-09-11 22:00:00"
"20024","796","7","60","2012-08-15 00:00:00","2012-08-26 00:00:00","2012-08-15 00:00:00","2012-09-12 00:00:00","4.0000","49.0000","49.0000","2012-09-11 22:00:00"
"20025","799","7","60","2012-08-15 00:00:00","2012-08-26 00:00:00","2012-08-15 00:00:00","2012-09-12 00:00:00","4.0000","49.0000","49.0000","2012-09-11 22:00:00"
"20026","800","7","60","2012-08-15 00:00:00","2012-08-26 00:00:00","2012-08-15 00:00:00","2012-09-12 00:00:00","4.0000","49.0000","49.0000","2012-09-11 22:00:00"
"20027","516","6","50","2012-08-15 00:00:00","2012-08-26 00:00:00","2012-08-15 00:00:00","2012-09-12 00:00:00","3.0000","36.7500","36.7500","2012-09-11 22:00:00"
"20027","516","7","60","2012-08-15 00:00:00","2012-08-26 00:00:00","2012-08-15 00:00:00","2012-09-12 00:00:00","4.0000","49.0000","49.0000","2012-09-11 22:00:00"
"20028","517","6","50","2012-08-15 00:00:00","2012-08-26 00:00:00","2012-08-15 00:00:00","2012-09-12 00:00:00","3.0000","36.7500","36.7500","2012-09-11 22:00:00"
"20028","517","7","60","2012-08-15 00:00:00","2012-08-26 00:00:00","2012-08-15 00:00:00","2012-09-12 00:00:00","4.0000","49.0000","49.0000","2012-09-11 22:00:00"
"20029","518","6","50","2012-08-15 00:00:00","2012-08-26 00:00:00","2012-08-15 00:00:00","2012-09-12 00:00:00","3.0000","36.7500","36.7500","2012-09-11 22:00:00"
"20029","518","7","60","2012-08-15 00:00:00","2012-08-26 00:00:00","2012-08-15 00:00:00","2012-09-12 00:00:00","4.0000","49.0000","49.0000","2012-09-11 22:00:00"
"20030","519","6","50","2012-08-15 00:00:00","2012-08-26 00:00:00","2012-08-15 00:00:00","2012-09-12 00:00:00","3.0000","36.7500","36.7500","2012-09-11 22:00:00"
"20030","519","7","60","2012-08-15 00:00:00","2012-08-26 00:00:00","2012-08-15 00:00:00","2012-09-12 00:00:00","4.0000","49.0000","49.0000","2012-09-11 22:00:00"
"20037","747","1","10","2012-08-15 00:00:00","2012-08-26 00:00:00","2012-08-15 00:00:00","2012-09-12 00:00:00","4.1000","92.2500","92.2500","2012-09-11 22:00:00"
"20037","747","2","20","2012-08-15 00:00:00","2012-08-26 00:00:00","2012-08-15 00:00:00","2012-09-12 00:00:00","3.5000","87.5000","87.5000","2012-09-11 22:00:00"
"20037","747","3","30","2012-08-15 00:00:00","2012-08-26 00:00:00","2012-08-15 00:00:00","2012-09-12 00:00:00","1.0000","14.5000","14.5000","2012-09-11 22:00:00"
"20037","747","4","40","2012-08-15 00:00:00","2012-08-26 00:00:00","2012-08-15 00:00:00","2012-09-12 00:00:00","2.0000","31.5000","31.5000","2012-09-11 22:00:00"
"20037","747","6","50","2012-08-15 00:00:00","2012-08-26 00:00:00","2012-08-15 00:00:00","2012-09-12 00:00:00","3.0000","36.7500","36.7500","2012-09-11 22:00:00"
"20037","747","7","60","2012-08-15 00:00:00","2012-08-26 00:00:00","2012-08-15 00:00:00","2012-09-12 00:00:00","4.0000","49.0000","49.0000","2012-09-11 22:00:00"
"20038","806","6","50","2012-08-15 00:00:00","2012-08-26 00:00:00","2012-08-15 00:00:00","2012-09-12 00:00:00","3.0000","36.7500","36.7500","2012-09-11 22:00:00"
"20039","810","1","10","2012-08-15 00:00:00","2012-08-26 00:00:00","2012-08-15 00:00:00","2012-09-12 00:00:00","4.1000","92.2500","92.2500","2012-09-11 22:00:00"
"20039","810","2","20","2012-08-15 00:00:00","2012-08-26 00:00:00","2012-08-15 00:00:00","2012-09-12 00:00:00","3.5000","87.5000","87.5000","2012-09-11 22:00:00"
"20039","810","6","50","2012-08-15 00:00:00","2012-08-26 00:00:00","2012-08-15 00:00:00","2012-09-12 00:00:00","3.0000","36.7500","36.7500","2012-09-11 22:00:00"
"20040","811","1","10","2012-08-15 00:00:00","2012-08-26 00:00:00","2012-08-15 00:00:00","2012-09-12 00:00:00","4.1000","92.2500","92.2500","2012-09-11 22:00:00"
"20040","811","2","20","2012-08-15 00:00:00","2012-08-26 00:00:00","2012-08-15 00:00:00","2012-09-12 00:00:00","3.5000","87.5000","87.5000","2012-09-11 22:00:00"
"20040","811","6","50","2012-08-15 00:00:00","2012-08-26 00:00:00","2012-08-15 00:00:00","2012-09-12 00:00:00","3.0000","36.7500","36.7500","2012-09-11 22:00:00"
"20041","812","1","10","2012-08-15 00:00:00","2012-08-26 00:00:00","2012-08-15 00:00:00","2012-09-12 00:00:00","4.1000","92.2500","92.2500","2012-09-11 22:00:00"
"20041","812","2","20","2012-08-15 00:00:00","2012-08-26 00:00:00","2012-08-15 00:00:00","2012-09-12 00:00:00","3.5000","87.5000","87.5000","2012-09-11 22:00:00"
"20041","812","6","50","2012-08-15 00:00:00","2012-08-26 00:00:00","2012-08-15 00:00:00","2012-09-12 00:00:00","3.0000","36.7500","36.7500","2012-09-11 22:00:00"
"20042","813","1","10","2012-08-15 00:00:00","2012-08-26 00:00:00","2012-08-15 00:00:00","2012-09-12 00:00:00","4.1000","92.2500","92.2500","2012-09-11 22:00:00"
"20042","813","2","20","2012-08-15 00:00:00","2012-08-26 00:00:00","2012-08-15 00:00:00","2012-09-12 00:00:00","3.5000","87.5000","87.5000","2012-09-11 22:00:00"
"20042","813","6","50","2012-08-15 00:00:00","2012-08-26 00:00:00","2012-08-15 00:00:00","2012-09-12 00:00:00","3.0000","36.7500","36.7500","2012-09-11 22:00:00"
"20043","816","6","50","2012-08-15 00:00:00","2012-08-26 00:00:00","2012-08-15 00:00:00","2012-09-12 00:00:00","3.0000","36.7500","36.7500","2012-09-11 22:00:00"
"20044","818","6","50","2012-08-15 00:00:00","2012-08-26 00:00:00","2012-08-15 00:00:00","2012-09-12 00:00:00","3.0000","36.7500","36.7500","2012-09-11 22:00:00"
"20045","819","6","50","2012-08-15 00:00:00","2012-08-26 00:00:00","2012-08-15 00:00:00","2012-09-12 00:00:00","3.0000","36.7500","36.7500","2012-09-11 22:00:00"
"20046","820","6","50","2012-08-15 00:00:00","2012-08-26 00:00:00","2012-08-15 00:00:00","2012-09-12 00:00:00","3.0000","36.7500","36.7500","2012-09-11 22:00:00"
"20047","824","6","50","2012-08-15 00:00:00","2012-08-26 00:00:00","2012-08-15 00:00:00","2012-09-12 00:00:00","3.0000","36.7500","36.7500","2012-09-11 22:00:00"
"20048","826","6","50","2012-08-15 00:00:00","2012-08-26 00:00:00","2012-08-15 00:00:00","2012-09-12 00:00:00","3.0000","36.7500","36.7500","2012-09-11 22:00:00"
"20049","827","6","50","2012-08-15 00:00:00","2012-08-26 00:00:00","2012-08-15 00:00:00","2012-09-12 00:00:00","3.0000","36.7500","36.7500","2012-09-11 22:00:00"
"20050","828","6","50","2012-08-15 00:00:00","2012-08-26 00:00:00","2012-08-15 00:00:00","2012-09-12 00:00:00","3.0000","36.7500","36.7500","2012-09-11 22:00:00"
"20055","894","6","50","2012-08-15 00:00:00","2012-08-26 00:00:00","2012-08-15 00:00:00","2012-09-12 00:00:00","3.0000","36.7500","36.7500","2012-09-11 22:00:00"
"20056","945","1","10","2012-08-15 00:00:00","2012-08-26 00:00:00","2012-08-15 00:00:00","2012-09-12 00:00:00","4.1000","92.2500","92.2500","2012-09-11 22:00:00"
"20056","945","6","50","2012-08-15 00:00:00","2012-08-26 00:00:00","2012-08-15 00:00:00","2012-09-12 00:00:00","3.0000","36.7500","36.7500","2012-09-11 22:00:00"
"20057","950","6","50","2012-08-15 00:00:00","2012-08-26 00:00:00","2012-08-15 00:00:00","2012-09-12 00:00:00","3.0000","36.7500","36.7500","2012-09-11 22:00:00"
"20058","994","6","50","2012-08-15 00:00:00","2012-08-26 00:00:00","2012-08-15 00:00:00","2012-09-12 00:00:00","3.0000","36.7500","36.7500","2012-09-11 22:00:00"
"20059","995","6","50","2012-08-15 00:00:00","2012-08-26 00:00:00","2012-08-15 00:00:00","2012-09-12 00:00:00","3.0000","36.7500","36.7500","2012-09-11 22:00:00"
"20060","996","6","50","2012-08-15 00:00:00","2012-08-26 00:00:00","2012-08-15 00:00:00","2012-09-12 00:00:00","3.0000","36.7500","36.7500","2012-09-11 22:00:00"
"20074","802","1","10","2012-08-15 00:00:00","2012-08-26 00:00:00","2012-08-15 00:00:00","2012-09-12 00:00:00","4.1000","92.2500","92.2500","2012-09-11 22:00:00"
"20074","802","6","50","2012-08-15 00:00:00","2012-08-26 00:00:00","2012-08-15 00:00:00","2012-09-12 00:00:00","3.0000","36.7500","36.7500","2012-09-11 22:00:00"
"20075","803","1","10","2012-08-15 00:00:00","2012-08-26 00:00:00","2012-08-15 00:00:00","2012-09-12 00:00:00","4.1000","92.2500","92.2500","2012-09-11 22:00:00"
"20075","803","6","50","2012-08-15 00:00:00","2012-08-26 00:00:00","2012-08-15 00:00:00","2012-09-12 00:00:00","3.0000","36.7500","36.7500","2012-09-11 22:00:00"
"20076","804","1","10","2012-08-15 00:00:00","2012-08-26 00:00:00","2012-08-15 00:00:00","2012-09-12 00:00:00","4.1000","92.2500","92.2500","2012-09-11 22:00:00"
"20076","804","6","50","2012-08-15 00:00:00","2012-08-26 00:00:00","2012-08-15 00:00:00","2012-09-12 00:00:00","3.0000","36.7500","36.7500","2012-09-11 22:00:00"
"20081","764","7","60","2012-08-16 00:00:00","2012-08-27 00:00:00","2012-08-23 00:00:00","2012-08-27 00:00:00","4.0000","49.0000","49.0000","2012-08-26 22:00:00"
"20082","765","7","60","2012-08-16 00:00:00","2012-08-27 00:00:00","2012-08-23 00:00:00","2012-08-27 00:00:00","4.0000","49.0000","49.0000","2012-08-26 22:00:00"
"20083","767","7","60","2012-08-16 00:00:00","2012-08-27 00:00:00","2012-08-23 00:00:00","2012-08-27 00:00:00","4.0000","49.0000","49.0000","2012-08-26 22:00:00"
"20084","770","7","60","2012-08-16 00:00:00","2012-08-27 00:00:00","2012-08-23 00:00:00","2012-08-27 00:00:00","4.0000","49.0000","49.0000","2012-08-26 22:00:00"
"20085","780","7","60","2012-08-16 00:00:00","2012-08-27 00:00:00","2012-08-23 00:00:00","2012-08-27 00:00:00","4.0000","49.0000","49.0000","2012-08-26 22:00:00"
"20086","783","7","60","2012-08-16 00:00:00","2012-08-27 00:00:00","2012-08-23 00:00:00","2012-08-27 00:00:00","4.0000","49.0000","49.0000","2012-08-26 22:00:00"
"20087","784","7","60","2012-08-16 00:00:00","2012-08-27 00:00:00","2012-08-23 00:00:00","2012-08-27 00:00:00","4.0000","49.0000","49.0000","2012-08-26 22:00:00"
"20088","789","7","60","2012-08-16 00:00:00","2012-08-27 00:00:00","2012-08-23 00:00:00","2012-08-27 00:00:00","4.0000","49.0000","49.0000","2012-08-26 22:00:00"
"20089","792","7","60","2012-08-16 00:00:00","2012-08-27 00:00:00","2012-08-23 00:00:00","2012-08-27 00:00:00","4.0000","49.0000","49.0000","2012-08-26 22:00:00"
"20090","516","6","50","2012-08-16 00:00:00","2012-08-27 00:00:00","2012-08-23 00:00:00","2012-08-27 00:00:00","3.0000","36.7500","36.7500","2012-08-26 22:00:00"
"20090","516","7","60","2012-08-16 00:00:00","2012-08-27 00:00:00","2012-08-23 00:00:00","2012-08-27 00:00:00","4.0000","49.0000","49.0000","2012-08-26 22:00:00"
"20091","517","6","50","2012-08-16 00:00:00","2012-08-27 00:00:00","2012-08-23 00:00:00","2012-08-27 00:00:00","3.0000","36.7500","36.7500","2012-08-26 22:00:00"
"20091","517","7","60","2012-08-16 00:00:00","2012-08-27 00:00:00","2012-08-23 00:00:00","2012-08-27 00:00:00","4.0000","49.0000","49.0000","2012-08-26 22:00:00"
"20092","519","6","50","2012-08-16 00:00:00","2012-08-27 00:00:00","2012-08-23 00:00:00","2012-08-27 00:00:00","3.0000","36.7500","36.7500","2012-08-26 22:00:00"
"20092","519","7","60","2012-08-16 00:00:00","2012-08-27 00:00:00","2012-08-23 00:00:00","2012-08-27 00:00:00","4.0000","49.0000","49.0000","2012-08-26 22:00:00"
"20102","806","6","50","2012-08-16 00:00:00","2012-08-27 00:00:00","2012-08-23 00:00:00","2012-08-27 00:00:00","3.0000","36.7500","36.7500","2012-08-26 22:00:00"
"20103","810","1","10","2012-08-16 00:00:00","2012-08-27 00:00:00","2012-08-23 00:00:00","2012-08-27 00:00:00","4.1000","92.2500","92.2500","2012-08-26 22:00:00"
"20103","810","2","20","2012-08-16 00:00:00","2012-08-27 00:00:00","2012-08-23 00:00:00","2012-08-27 00:00:00","3.5000","87.5000","87.5000","2012-08-26 22:00:00"
"20103","810","6","50","2012-08-16 00:00:00","2012-08-27 00:00:00","2012-08-23 00:00:00","2012-08-27 00:00:00","3.0000","36.7500","36.7500","2012-08-26 22:00:00"
"20104","811","1","10","2012-08-16 00:00:00","2012-08-27 00:00:00","2012-08-23 00:00:00","2012-08-27 00:00:00","4.1000","92.2500","92.2500","2012-08-26 22:00:00"
"20104","811","2","20","2012-08-16 00:00:00","2012-08-27 00:00:00","2012-08-23 00:00:00","2012-08-27 00:00:00","3.5000","87.5000","87.5000","2012-08-26 22:00:00"
"20104","811","6","50","2012-08-16 00:00:00","2012-08-27 00:00:00","2012-08-23 00:00:00","2012-08-27 00:00:00","3.0000","36.7500","36.7500","2012-08-26 22:00:00"
"20105","813","1","10","2012-08-16 00:00:00","2012-08-27 00:00:00","2012-08-23 00:00:00","2012-08-27 00:00:00","4.1000","92.2500","92.2500","2012-08-26 22:00:00"
"20105","813","2","20","2012-08-16 00:00:00","2012-08-27 00:00:00","2012-08-23 00:00:00","2012-08-27 00:00:00","3.5000","87.5000","87.5000","2012-08-26 22:00:00"
"20105","813","6","50","2012-08-16 00:00:00","2012-08-27 00:00:00","2012-08-23 00:00:00","2012-08-27 00:00:00","3.0000","36.7500","36.7500","2012-08-26 22:00:00"
"20106","816","6","50","2012-08-16 00:00:00","2012-08-27 00:00:00","2012-08-23 00:00:00","2012-08-27 00:00:00","3.0000","36.7500","36.7500","2012-08-26 22:00:00"
"20107","818","6","50","2012-08-16 00:00:00","2012-08-27 00:00:00","2012-08-23 00:00:00","2012-08-27 00:00:00","3.0000","36.7500","36.7500","2012-08-26 22:00:00"
"20108","820","6","50","2012-08-16 00:00:00","2012-08-27 00:00:00","2012-08-23 00:00:00","2012-08-27 00:00:00","3.0000","36.7500","36.7500","2012-08-26 22:00:00"
"20109","824","6","50","2012-08-16 00:00:00","2012-08-27 00:00:00","2012-08-23 00:00:00","2012-08-27 00:00:00","3.0000","36.7500","36.7500","2012-08-26 22:00:00"
"20110","826","6","50","2012-08-16 00:00:00","2012-08-27 00:00:00","2012-08-23 00:00:00","2012-08-27 00:00:00","3.0000","36.7500","36.7500","2012-08-26 22:00:00"
"20111","828","6","50","2012-08-16 00:00:00","2012-08-27 00:00:00","2012-08-23 00:00:00","2012-08-27 00:00:00","3.0000","36.7500","36.7500","2012-08-26 22:00:00"
"20112","894","6","50","2012-08-16 00:00:00","2012-08-27 00:00:00","2012-08-23 00:00:00","2012-08-27 00:00:00","3.0000","36.7500","36.7500","2012-08-26 22:00:00"
"20113","945","1","10","2012-08-16 00:00:00","2012-08-27 00:00:00","2012-08-23 00:00:00","2012-08-27 00:00:00","4.1000","92.2500","92.2500","2012-08-26 22:00:00"
"20113","945","6","50","2012-08-16 00:00:00","2012-08-27 00:00:00","2012-08-23 00:00:00","2012-08-27 00:00:00","3.0000","36.7500","36.7500","2012-08-26 22:00:00"
"20114","950","6","50","2012-08-16 00:00:00","2012-08-27 00:00:00","2012-08-23 00:00:00","2012-08-27 00:00:00","3.0000","36.7500","36.7500","2012-08-26 22:00:00"
"20115","994","6","50","2012-08-16 00:00:00","2012-08-27 00:00:00","2012-08-23 00:00:00","2012-08-27 00:00:00","3.0000","36.7500","36.7500","2012-08-26 22:00:00"
"20116","995","6","50","2012-08-16 00:00:00","2012-08-27 00:00:00","2012-08-23 00:00:00","2012-08-27 00:00:00","3.0000","36.7500","36.7500","2012-08-26 22:00:00"
"20117","996","6","50","2012-08-16 00:00:00","2012-08-27 00:00:00","2012-08-23 00:00:00","2012-08-27 00:00:00","3.0000","36.7500","36.7500","2012-08-26 22:00:00"
"20131","802","1","10","2012-08-16 00:00:00","2012-08-27 00:00:00","2012-08-23 00:00:00","2012-08-27 00:00:00","4.1000","92.2500","92.2500","2012-08-26 22:00:00"
"20131","802","6","50","2012-08-16 00:00:00","2012-08-27 00:00:00","2012-08-23 00:00:00","2012-08-27 00:00:00","3.0000","36.7500","36.7500","2012-08-26 22:00:00"
"20132","804","1","10","2012-08-16 00:00:00","2012-08-27 00:00:00","2012-08-23 00:00:00","2012-08-27 00:00:00","4.1000","92.2500","92.2500","2012-08-26 22:00:00"
"20132","804","6","50","2012-08-16 00:00:00","2012-08-27 00:00:00","2012-08-23 00:00:00","2012-08-27 00:00:00","3.0000","36.7500","36.7500","2012-08-26 22:00:00"
"20137","784","7","60","2012-08-17 00:00:00","2012-08-28 00:00:00","2012-08-17 00:00:00","2012-09-16 00:00:00","4.0000","49.0000","49.0000","2012-09-15 22:00:00"
"20138","791","7","60","2012-08-17 00:00:00","2012-08-28 00:00:00","2012-08-17 00:00:00","2012-09-16 00:00:00","4.0000","49.0000","49.0000","2012-09-15 22:00:00"
"20139","795","7","60","2012-08-17 00:00:00","2012-08-28 00:00:00","2012-08-17 00:00:00","2012-09-16 00:00:00","4.0000","49.0000","49.0000","2012-09-15 22:00:00"
"20140","796","7","60","2012-08-17 00:00:00","2012-08-28 00:00:00","2012-08-17 00:00:00","2012-09-16 00:00:00","4.0000","49.0000","49.0000","2012-09-15 22:00:00"
"20141","516","6","50","2012-08-17 00:00:00","2012-08-28 00:00:00","2012-08-17 00:00:00","2012-09-16 00:00:00","3.0000","36.7500","36.7500","2012-09-15 22:00:00"
"20141","516","7","60","2012-08-17 00:00:00","2012-08-28 00:00:00","2012-08-17 00:00:00","2012-09-16 00:00:00","4.0000","49.0000","49.0000","2012-09-15 22:00:00"
"20142","519","6","50","2012-08-17 00:00:00","2012-08-28 00:00:00","2012-08-17 00:00:00","2012-09-16 00:00:00","3.0000","36.7500","36.7500","2012-09-15 22:00:00"
"20142","519","7","60","2012-08-17 00:00:00","2012-08-28 00:00:00","2012-08-17 00:00:00","2012-09-16 00:00:00","4.0000","49.0000","49.0000","2012-09-15 22:00:00"
"20146","806","6","50","2012-08-17 00:00:00","2012-08-28 00:00:00","2012-08-17 00:00:00","2012-09-16 00:00:00","3.0000","36.7500","36.7500","2012-09-15 22:00:00"
"20147","810","1","10","2012-08-17 00:00:00","2012-08-28 00:00:00","2012-08-17 00:00:00","2012-09-16 00:00:00","4.1000","92.2500","92.2500","2012-09-15 22:00:00"
"20147","810","2","20","2012-08-17 00:00:00","2012-08-28 00:00:00","2012-08-17 00:00:00","2012-09-16 00:00:00","3.5000","87.5000","87.5000","2012-09-15 22:00:00"
"20147","810","6","50","2012-08-17 00:00:00","2012-08-28 00:00:00","2012-08-17 00:00:00","2012-09-16 00:00:00","3.0000","36.7500","36.7500","2012-09-15 22:00:00"
"20148","813","1","10","2012-08-17 00:00:00","2012-08-28 00:00:00","2012-08-17 00:00:00","2012-09-16 00:00:00","4.1000","92.2500","92.2500","2012-09-15 22:00:00"
"20148","813","2","20","2012-08-17 00:00:00","2012-08-28 00:00:00","2012-08-17 00:00:00","2012-09-16 00:00:00","3.5000","87.5000","87.5000","2012-09-15 22:00:00"
"20148","813","6","50","2012-08-17 00:00:00","2012-08-28 00:00:00","2012-08-17 00:00:00","2012-09-16 00:00:00","3.0000","36.7500","36.7500","2012-09-15 22:00:00"
"20149","816","6","50","2012-08-17 00:00:00","2012-08-28 00:00:00","2012-08-17 00:00:00","2012-09-16 00:00:00","3.0000","36.7500","36.7500","2012-09-15 22:00:00"
"20150","820","6","50","2012-08-17 00:00:00","2012-08-28 00:00:00","2012-08-17 00:00:00","2012-09-16 00:00:00","3.0000","36.7500","36.7500","2012-09-15 22:00:00"
"20151","824","6","50","2012-08-17 00:00:00","2012-08-28 00:00:00","2012-08-17 00:00:00","2012-09-16 00:00:00","3.0000","36.7500","36.7500","2012-09-15 22:00:00"
"20152","828","6","50","2012-08-17 00:00:00","2012-08-28 00:00:00","2012-08-17 00:00:00","2012-09-16 00:00:00","3.0000","36.7500","36.7500","2012-09-15 22:00:00"
"20154","894","6","50","2012-08-17 00:00:00","2012-08-28 00:00:00","2012-08-17 00:00:00","2012-09-16 00:00:00","3.0000","36.7500","36.7500","2012-09-15 22:00:00"
"20155","945","1","10","2012-08-17 00:00:00","2012-08-28 00:00:00","2012-08-17 00:00:00","2012-09-16 00:00:00","4.1000","92.2500","92.2500","2012-09-15 22:00:00"
"20155","945","6","50","2012-08-17 00:00:00","2012-08-28 00:00:00","2012-08-17 00:00:00","2012-09-16 00:00:00","3.0000","36.7500","36.7500","2012-09-15 22:00:00"
"20156","950","6","50","2012-08-17 00:00:00","2012-08-28 00:00:00","2012-08-17 00:00:00","2012-09-16 00:00:00","3.0000","36.7500","36.7500","2012-09-15 22:00:00"
"20157","995","6","50","2012-08-17 00:00:00","2012-08-28 00:00:00","2012-08-17 00:00:00","2012-09-16 00:00:00","3.0000","36.7500","36.7500","2012-09-15 22:00:00"
"20158","996","6","50","2012-08-17 00:00:00","2012-08-28 00:00:00","2012-08-17 00:00:00","2012-09-16 00:00:00","3.0000","36.7500","36.7500","2012-09-15 22:00:00"
"20171","804","1","10","2012-08-17 00:00:00","2012-08-28 00:00:00","2012-08-17 00:00:00","2012-09-16 00:00:00","4.1000","92.2500","92.2500","2012-09-15 22:00:00"
"20171","804","6","50","2012-08-17 00:00:00","2012-08-28 00:00:00","2012-08-17 00:00:00","2012-09-16 00:00:00","3.0000","36.7500","36.7500","2012-09-15 22:00:00"
"20176","759","7","60","2012-08-18 00:00:00","2012-08-29 00:00:00","2012-08-27 00:00:00","2012-08-29 00:00:00","4.0000","49.0000","49.0000","2012-08-28 22:00:00"
"20177","761","7","60","2012-08-18 00:00:00","2012-08-29 00:00:00","2012-08-27 00:00:00","2012-08-29 00:00:00","4.0000","49.0000","49.0000","2012-08-28 22:00:00"
"20178","781","7","60","2012-08-18 00:00:00","2012-08-29 00:00:00","2012-08-27 00:00:00","2012-08-29 00:00:00","4.0000","49.0000","49.0000","2012-08-28 22:00:00"
"20179","789","7","60","2012-08-18 00:00:00","2012-08-29 00:00:00","2012-08-27 00:00:00","2012-08-29 00:00:00","4.0000","49.0000","49.0000","2012-08-28 22:00:00"
"20180","795","7","60","2012-08-18 00:00:00","2012-08-29 00:00:00","2012-08-27 00:00:00","2012-08-29 00:00:00","4.0000","49.0000","49.0000","2012-08-28 22:00:00"
"20181","516","6","50","2012-08-18 00:00:00","2012-08-29 00:00:00","2012-08-27 00:00:00","2012-08-29 00:00:00","3.0000","36.7500","36.7500","2012-08-28 22:00:00"
"20181","516","7","60","2012-08-18 00:00:00","2012-08-29 00:00:00","2012-08-27 00:00:00","2012-08-29 00:00:00","4.0000","49.0000","49.0000","2012-08-28 22:00:00"
"20182","517","6","50","2012-08-18 00:00:00","2012-08-29 00:00:00","2012-08-27 00:00:00","2012-08-29 00:00:00","3.0000","36.7500","36.7500","2012-08-28 22:00:00"
"20182","517","7","60","2012-08-18 00:00:00","2012-08-29 00:00:00","2012-08-27 00:00:00","2012-08-29 00:00:00","4.0000","49.0000","49.0000","2012-08-28 22:00:00"
"20183","519","6","50","2012-08-18 00:00:00","2012-08-29 00:00:00","2012-08-27 00:00:00","2012-08-29 00:00:00","3.0000","36.7500","36.7500","2012-08-28 22:00:00"
"20183","519","7","60","2012-08-18 00:00:00","2012-08-29 00:00:00","2012-08-27 00:00:00","2012-08-29 00:00:00","4.0000","49.0000","49.0000","2012-08-28 22:00:00"
"20188","806","6","50","2012-08-18 00:00:00","2012-08-29 00:00:00","2012-08-27 00:00:00","2012-08-29 00:00:00","3.0000","36.7500","36.7500","2012-08-28 22:00:00"
"20189","810","1","10","2012-08-18 00:00:00","2012-08-29 00:00:00","2012-08-27 00:00:00","2012-08-29 00:00:00","4.1000","92.2500","92.2500","2012-08-28 22:00:00"
"20189","810","2","20","2012-08-18 00:00:00","2012-08-29 00:00:00","2012-08-27 00:00:00","2012-08-29 00:00:00","3.5000","87.5000","87.5000","2012-08-28 22:00:00"
"20189","810","6","50","2012-08-18 00:00:00","2012-08-29 00:00:00","2012-08-27 00:00:00","2012-08-29 00:00:00","3.0000","36.7500","36.7500","2012-08-28 22:00:00"
"20190","811","1","10","2012-08-18 00:00:00","2012-08-29 00:00:00","2012-08-27 00:00:00","2012-08-29 00:00:00","4.1000","92.2500","92.2500","2012-08-28 22:00:00"
"20190","811","2","20","2012-08-18 00:00:00","2012-08-29 00:00:00","2012-08-27 00:00:00","2012-08-29 00:00:00","3.5000","87.5000","87.5000","2012-08-28 22:00:00"
"20190","811","6","50","2012-08-18 00:00:00","2012-08-29 00:00:00","2012-08-27 00:00:00","2012-08-29 00:00:00","3.0000","36.7500","36.7500","2012-08-28 22:00:00"
"20191","813","1","10","2012-08-18 00:00:00","2012-08-29 00:00:00","2012-08-27 00:00:00","2012-08-29 00:00:00","4.1000","92.2500","92.2500","2012-08-28 22:00:00"
"20191","813","2","20","2012-08-18 00:00:00","2012-08-29 00:00:00","2012-08-27 00:00:00","2012-08-29 00:00:00","3.5000","87.5000","87.5000","2012-08-28 22:00:00"
"20191","813","6","50","2012-08-18 00:00:00","2012-08-29 00:00:00","2012-08-27 00:00:00","2012-08-29 00:00:00","3.0000","36.7500","36.7500","2012-08-28 22:00:00"
"20192","816","6","50","2012-08-18 00:00:00","2012-08-29 00:00:00","2012-08-27 00:00:00","2012-08-29 00:00:00","3.0000","36.7500","36.7500","2012-08-28 22:00:00"
"20193","818","6","50","2012-08-18 00:00:00","2012-08-29 00:00:00","2012-08-27 00:00:00","2012-08-29 00:00:00","3.0000","36.7500","36.7500","2012-08-28 22:00:00"
"20194","820","6","50","2012-08-18 00:00:00","2012-08-29 00:00:00","2012-08-27 00:00:00","2012-08-29 00:00:00","3.0000","36.7500","36.7500","2012-08-28 22:00:00"
"20195","824","6","50","2012-08-18 00:00:00","2012-08-29 00:00:00","2012-08-27 00:00:00","2012-08-29 00:00:00","3.0000","36.7500","36.7500","2012-08-28 22:00:00"
"20196","826","6","50","2012-08-18 00:00:00","2012-08-29 00:00:00","2012-08-27 00:00:00","2012-08-29 00:00:00","3.0000","36.7500","36.7500","2012-08-28 22:00:00"
"20197","828","6","50","2012-08-18 00:00:00","2012-08-29 00:00:00","2012-08-27 00:00:00","2012-08-29 00:00:00","3.0000","36.7500","36.7500","2012-08-28 22:00:00"
"20199","894","6","50","2012-08-18 00:00:00","2012-08-29 00:00:00","2012-08-27 00:00:00","2012-08-29 00:00:00","3.0000","36.7500","36.7500","2012-08-28 22:00:00"
"20200","945","1","10","2012-08-18 00:00:00","2012-08-29 00:00:00","2012-08-27 00:00:00","2012-08-29 00:00:00","4.1000","92.2500","92.2500","2012-08-28 22:00:00"
"20200","945","6","50","2012-08-18 00:00:00","2012-08-29 00:00:00","2012-08-27 00:00:00","2012-08-29 00:00:00","3.0000","36.7500","36.7500","2012-08-28 22:00:00"
"20201","950","6","50","2012-08-18 00:00:00","2012-08-29 00:00:00","2012-08-27 00:00:00","2012-08-29 00:00:00","3.0000","36.7500","36.7500","2012-08-28 22:00:00"
"20202","994","6","50","2012-08-18 00:00:00","2012-08-29 00:00:00","2012-08-27 00:00:00","2012-08-29 00:00:00","3.0000","36.7500","36.7500","2012-08-28 22:00:00"
"20203","995","6","50","2012-08-18 00:00:00","2012-08-29 00:00:00","2012-08-27 00:00:00","2012-08-29 00:00:00","3.0000","36.7500","36.7500","2012-08-28 22:00:00"
"20204","996","6","50","2012-08-18 00:00:00","2012-08-29 00:00:00","2012-08-27 00:00:00","2012-08-29 00:00:00","3.0000","36.7500","36.7500","2012-08-28 22:00:00"
"20218","802","1","10","2012-08-18 00:00:00","2012-08-29 00:00:00","2012-08-27 00:00:00","2012-08-29 00:00:00","4.1000","92.2500","92.2500","2012-08-28 22:00:00"
"20218","802","6","50","2012-08-18 00:00:00","2012-08-29 00:00:00","2012-08-27 00:00:00","2012-08-29 00:00:00","3.0000","36.7500","36.7500","2012-08-28 22:00:00"
"20219","804","1","10","2012-08-18 00:00:00","2012-08-29 00:00:00","2012-08-27 00:00:00","2012-08-29 00:00:00","4.1000","92.2500","92.2500","2012-08-28 22:00:00"
"20219","804","6","50","2012-08-18 00:00:00","2012-08-29 00:00:00","2012-08-27 00:00:00","2012-08-29 00:00:00","3.0000","36.7500","36.7500","2012-08-28 22:00:00"
"20224","794","7","60","2012-08-19 00:00:00","2012-08-30 00:00:00","2012-08-19 00:00:00","2012-08-31 00:00:00","4.0000","49.0000","49.0000","2012-08-30 22:00:00"
"20225","795","7","60","2012-08-19 00:00:00","2012-08-30 00:00:00","2012-08-19 00:00:00","2012-08-31 00:00:00","4.0000","49.0000","49.0000","2012-08-30 22:00:00"
"20226","796","7","60","2012-08-19 00:00:00","2012-08-30 00:00:00","2012-08-19 00:00:00","2012-08-31 00:00:00","4.0000","49.0000","49.0000","2012-08-30 22:00:00"
"20227","801","7","60","2012-08-19 00:00:00","2012-08-30 00:00:00","2012-08-19 00:00:00","2012-08-31 00:00:00","4.0000","49.0000","49.0000","2012-08-30 22:00:00"
"20228","518","6","50","2012-08-19 00:00:00","2012-08-30 00:00:00","2012-08-19 00:00:00","2012-08-31 00:00:00","3.0000","36.7500","36.7500","2012-08-30 22:00:00"
"20228","518","7","60","2012-08-19 00:00:00","2012-08-30 00:00:00","2012-08-19 00:00:00","2012-08-31 00:00:00","4.0000","49.0000","49.0000","2012-08-30 22:00:00"
"20229","519","6","50","2012-08-19 00:00:00","2012-08-30 00:00:00","2012-08-19 00:00:00","2012-08-31 00:00:00","3.0000","36.7500","36.7500","2012-08-30 22:00:00"
"20229","519","7","60","2012-08-19 00:00:00","2012-08-30 00:00:00","2012-08-19 00:00:00","2012-08-31 00:00:00","4.0000","49.0000","49.0000","2012-08-30 22:00:00"
"20231","806","6","50","2012-08-19 00:00:00","2012-08-30 00:00:00","2012-08-19 00:00:00","2012-08-31 00:00:00","3.0000","36.7500","36.7500","2012-08-30 22:00:00"
"20232","812","1","10","2012-08-19 00:00:00","2012-08-30 00:00:00","2012-08-19 00:00:00","2012-08-31 00:00:00","4.1000","92.2500","92.2500","2012-08-30 22:00:00"
"20232","812","2","20","2012-08-19 00:00:00","2012-08-30 00:00:00","2012-08-19 00:00:00","2012-08-31 00:00:00","3.5000","87.5000","87.5000","2012-08-30 22:00:00"
"20232","812","6","50","2012-08-19 00:00:00","2012-08-30 00:00:00","2012-08-19 00:00:00","2012-08-31 00:00:00","3.0000","36.7500","36.7500","2012-08-30 22:00:00"
"20233","813","1","10","2012-08-19 00:00:00","2012-08-30 00:00:00","2012-08-19 00:00:00","2012-08-31 00:00:00","4.1000","92.2500","92.2500","2012-08-30 22:00:00"
"20233","813","2","20","2012-08-19 00:00:00","2012-08-30 00:00:00","2012-08-19 00:00:00","2012-08-31 00:00:00","3.5000","87.5000","87.5000","2012-08-30 22:00:00"
"20233","813","6","50","2012-08-19 00:00:00","2012-08-30 00:00:00","2012-08-19 00:00:00","2012-08-31 00:00:00","3.0000","36.7500","36.7500","2012-08-30 22:00:00"
"20234","819","6","50","2012-08-19 00:00:00","2012-08-30 00:00:00","2012-08-19 00:00:00","2012-08-31 00:00:00","3.0000","36.7500","36.7500","2012-08-30 22:00:00"
"20235","820","6","50","2012-08-19 00:00:00","2012-08-30 00:00:00","2012-08-19 00:00:00","2012-08-31 00:00:00","3.0000","36.7500","36.7500","2012-08-30 22:00:00"
"20236","827","6","50","2012-08-19 00:00:00","2012-08-30 00:00:00","2012-08-19 00:00:00","2012-08-31 00:00:00","3.0000","36.7500","36.7500","2012-08-30 22:00:00"
"20237","828","6","50","2012-08-19 00:00:00","2012-08-30 00:00:00","2012-08-19 00:00:00","2012-08-31 00:00:00","3.0000","36.7500","36.7500","2012-08-30 22:00:00"
"20241","894","6","50","2012-08-19 00:00:00","2012-08-30 00:00:00","2012-08-19 00:00:00","2012-08-31 00:00:00","3.0000","36.7500","36.7500","2012-08-30 22:00:00"
"20242","945","1","10","2012-08-19 00:00:00","2012-08-30 00:00:00","2012-08-19 00:00:00","2012-08-31 00:00:00","4.1000","92.2500","92.2500","2012-08-30 22:00:00"
"20242","945","6","50","2012-08-19 00:00:00","2012-08-30 00:00:00","2012-08-19 00:00:00","2012-08-31 00:00:00","3.0000","36.7500","36.7500","2012-08-30 22:00:00"
"20243","950","6","50","2012-08-19 00:00:00","2012-08-30 00:00:00","2012-08-19 00:00:00","2012-08-31 00:00:00","3.0000","36.7500","36.7500","2012-08-30 22:00:00"
"20244","994","6","50","2012-08-19 00:00:00","2012-08-30 00:00:00","2012-08-19 00:00:00","2012-08-31 00:00:00","3.0000","36.7500","36.7500","2012-08-30 22:00:00"
"20245","996","6","50","2012-08-19 00:00:00","2012-08-30 00:00:00","2012-08-19 00:00:00","2012-08-31 00:00:00","3.0000","36.7500","36.7500","2012-08-30 22:00:00"
"20257","803","1","10","2012-08-19 00:00:00","2012-08-30 00:00:00","2012-08-19 00:00:00","2012-08-31 00:00:00","4.1000","92.2500","92.2500","2012-08-30 22:00:00"
"20257","803","6","50","2012-08-19 00:00:00","2012-08-30 00:00:00","2012-08-19 00:00:00","2012-08-31 00:00:00","3.0000","36.7500","36.7500","2012-08-30 22:00:00"
"20258","804","1","10","2012-08-19 00:00:00","2012-08-30 00:00:00","2012-08-19 00:00:00","2012-08-31 00:00:00","4.1000","92.2500","92.2500","2012-08-30 22:00:00"
"20258","804","6","50","2012-08-19 00:00:00","2012-08-30 00:00:00","2012-08-19 00:00:00","2012-08-31 00:00:00","3.0000","36.7500","36.7500","2012-08-30 22:00:00"
"20263","765","7","60","2012-08-20 00:00:00","2012-08-31 00:00:00","2012-08-31 00:00:00","2012-08-31 00:00:00","4.0000","49.0000","49.0000","2012-08-30 22:00:00"
"20264","779","7","60","2012-08-20 00:00:00","2012-08-31 00:00:00","2012-08-31 00:00:00","2012-08-31 00:00:00","4.0000","49.0000","49.0000","2012-08-30 22:00:00"
"20265","784","7","60","2012-08-20 00:00:00","2012-08-31 00:00:00","2012-08-31 00:00:00","2012-08-31 00:00:00","4.0000","49.0000","49.0000","2012-08-30 22:00:00"
"20266","789","7","60","2012-08-20 00:00:00","2012-08-31 00:00:00","2012-08-31 00:00:00","2012-08-31 00:00:00","4.0000","49.0000","49.0000","2012-08-30 22:00:00"
"20267","790","7","60","2012-08-20 00:00:00","2012-08-31 00:00:00","2012-08-31 00:00:00","2012-08-31 00:00:00","4.0000","49.0000","49.0000","2012-08-30 22:00:00"
"20268","791","7","60","2012-08-20 00:00:00","2012-08-31 00:00:00","2012-08-31 00:00:00","2012-08-31 00:00:00","4.0000","49.0000","49.0000","2012-08-30 22:00:00"
"20269","795","7","60","2012-08-20 00:00:00","2012-08-31 00:00:00","2012-08-31 00:00:00","2012-08-31 00:00:00","4.0000","49.0000","49.0000","2012-08-30 22:00:00"
"20270","516","6","50","2012-08-20 00:00:00","2012-08-31 00:00:00","2012-08-31 00:00:00","2012-08-31 00:00:00","3.0000","36.7500","36.7500","2012-08-30 22:00:00"
"20270","516","7","60","2012-08-20 00:00:00","2012-08-31 00:00:00","2012-08-31 00:00:00","2012-08-31 00:00:00","4.0000","49.0000","49.0000","2012-08-30 22:00:00"
"20271","517","6","50","2012-08-20 00:00:00","2012-08-31 00:00:00","2012-08-31 00:00:00","2012-08-31 00:00:00","3.0000","36.7500","36.7500","2012-08-30 22:00:00"
"20271","517","7","60","2012-08-20 00:00:00","2012-08-31 00:00:00","2012-08-31 00:00:00","2012-08-31 00:00:00","4.0000","49.0000","49.0000","2012-08-30 22:00:00"
"20272","519","6","50","2012-08-20 00:00:00","2012-08-31 00:00:00","2012-08-31 00:00:00","2012-08-31 00:00:00","3.0000","36.7500","36.7500","2012-08-30 22:00:00"
"20272","519","7","60","2012-08-20 00:00:00","2012-08-31 00:00:00","2012-08-31 00:00:00","2012-08-31 00:00:00","4.0000","49.0000","49.0000","2012-08-30 22:00:00"
"20278","748","1","10","2012-08-20 00:00:00","2012-08-31 00:00:00","2012-08-31 00:00:00","2012-08-31 00:00:00","4.1000","92.2500","92.2500","2012-08-30 22:00:00"
"20278","748","2","20","2012-08-20 00:00:00","2012-08-31 00:00:00","2012-08-31 00:00:00","2012-08-31 00:00:00","3.5000","87.5000","87.5000","2012-08-30 22:00:00"
"20278","748","3","30","2012-08-20 00:00:00","2012-08-31 00:00:00","2012-08-31 00:00:00","2012-08-31 00:00:00","1.0000","14.5000","14.5000","2012-08-30 22:00:00"
"20278","748","5","45","2012-08-20 00:00:00","2012-08-31 00:00:00","2012-08-31 00:00:00","2012-08-31 00:00:00","2.0000","36.0000","36.0000","2012-08-30 22:00:00"
"20278","748","6","50","2012-08-20 00:00:00","2012-08-31 00:00:00","2012-08-31 00:00:00","2012-08-31 00:00:00","3.0000","36.7500","36.7500","2012-08-30 22:00:00"
"20278","748","7","60","2012-08-20 00:00:00","2012-08-31 00:00:00","2012-08-31 00:00:00","2012-08-31 00:00:00","4.0000","49.0000","49.0000","2012-08-30 22:00:00"
"20279","806","6","50","2012-08-20 00:00:00","2012-08-31 00:00:00","2012-08-31 00:00:00","2012-08-31 00:00:00","3.0000","36.7500","36.7500","2012-08-30 22:00:00"
"20280","810","1","10","2012-08-20 00:00:00","2012-08-31 00:00:00","2012-08-31 00:00:00","2012-08-31 00:00:00","4.1000","92.2500","92.2500","2012-08-30 22:00:00"
"20280","810","2","20","2012-08-20 00:00:00","2012-08-31 00:00:00","2012-08-31 00:00:00","2012-08-31 00:00:00","3.5000","87.5000","87.5000","2012-08-30 22:00:00"
"20280","810","6","50","2012-08-20 00:00:00","2012-08-31 00:00:00","2012-08-31 00:00:00","2012-08-31 00:00:00","3.0000","36.7500","36.7500","2012-08-30 22:00:00"
"20281","811","1","10","2012-08-20 00:00:00","2012-08-31 00:00:00","2012-08-31 00:00:00","2012-08-31 00:00:00","4.1000","92.2500","92.2500","2012-08-30 22:00:00"
"20281","811","2","20","2012-08-20 00:00:00","2012-08-31 00:00:00","2012-08-31 00:00:00","2012-08-31 00:00:00","3.5000","87.5000","87.5000","2012-08-30 22:00:00"
"20281","811","6","50","2012-08-20 00:00:00","2012-08-31 00:00:00","2012-08-31 00:00:00","2012-08-31 00:00:00","3.0000","36.7500","36.7500","2012-08-30 22:00:00"
"20282","813","1","10","2012-08-20 00:00:00","2012-08-31 00:00:00","2012-08-31 00:00:00","2012-08-31 00:00:00","4.1000","92.2500","92.2500","2012-08-30 22:00:00"
"20282","813","2","20","2012-08-20 00:00:00","2012-08-31 00:00:00","2012-08-31 00:00:00","2012-08-31 00:00:00","3.5000","87.5000","87.5000","2012-08-30 22:00:00"
"20282","813","6","50","2012-08-20 00:00:00","2012-08-31 00:00:00","2012-08-31 00:00:00","2012-08-31 00:00:00","3.0000","36.7500","36.7500","2012-08-30 22:00:00"
"20283","816","6","50","2012-08-20 00:00:00","2012-08-31 00:00:00","2012-08-31 00:00:00","2012-08-31 00:00:00","3.0000","36.7500","36.7500","2012-08-30 22:00:00"
"20284","818","6","50","2012-08-20 00:00:00","2012-08-31 00:00:00","2012-08-31 00:00:00","2012-08-31 00:00:00","3.0000","36.7500","36.7500","2012-08-30 22:00:00"
"20285","820","6","50","2012-08-20 00:00:00","2012-08-31 00:00:00","2012-08-31 00:00:00","2012-08-31 00:00:00","3.0000","36.7500","36.7500","2012-08-30 22:00:00"
"20286","824","6","50","2012-08-20 00:00:00","2012-08-31 00:00:00","2012-08-31 00:00:00","2012-08-31 00:00:00","3.0000","36.7500","36.7500","2012-08-30 22:00:00"
"20287","826","6","50","2012-08-20 00:00:00","2012-08-31 00:00:00","2012-08-31 00:00:00","2012-08-31 00:00:00","3.0000","36.7500","36.7500","2012-08-30 22:00:00"
"20288","828","6","50","2012-08-20 00:00:00","2012-08-31 00:00:00","2012-08-31 00:00:00","2012-08-31 00:00:00","3.0000","36.7500","36.7500","2012-08-30 22:00:00"
"20290","894","6","50","2012-08-20 00:00:00","2012-08-31 00:00:00","2012-08-31 00:00:00","2012-08-31 00:00:00","3.0000","36.7500","36.7500","2012-08-30 22:00:00"
"20291","945","1","10","2012-08-20 00:00:00","2012-08-31 00:00:00","2012-08-31 00:00:00","2012-08-31 00:00:00","4.1000","92.2500","92.2500","2012-08-30 22:00:00"
"20291","945","6","50","2012-08-20 00:00:00","2012-08-31 00:00:00","2012-08-31 00:00:00","2012-08-31 00:00:00","3.0000","36.7500","36.7500","2012-08-30 22:00:00"
"20292","950","6","50","2012-08-20 00:00:00","2012-08-31 00:00:00","2012-08-31 00:00:00","2012-08-31 00:00:00","3.0000","36.7500","36.7500","2012-08-30 22:00:00"
"20293","994","6","50","2012-08-20 00:00:00","2012-08-31 00:00:00","2012-08-31 00:00:00","2012-08-31 00:00:00","3.0000","36.7500","36.7500","2012-08-30 22:00:00"
"20294","995","6","50","2012-08-20 00:00:00","2012-08-31 00:00:00","2012-08-31 00:00:00","2012-08-31 00:00:00","3.0000","36.7500","36.7500","2012-08-30 22:00:00"
"20295","996","6","50","2012-08-20 00:00:00","2012-08-31 00:00:00","2012-08-31 00:00:00","2012-08-31 00:00:00","3.0000","36.7500","36.7500","2012-08-30 22:00:00"
"20309","802","1","10","2012-08-20 00:00:00","2012-08-31 00:00:00","2012-08-31 00:00:00","2012-08-31 00:00:00","4.1000","92.2500","92.2500","2012-08-30 22:00:00"
"20309","802","6","50","2012-08-20 00:00:00","2012-08-31 00:00:00","2012-08-31 00:00:00","2012-08-31 00:00:00","3.0000","36.7500","36.7500","2012-08-30 22:00:00"
"20310","804","1","10","2012-08-20 00:00:00","2012-08-31 00:00:00","2012-08-31 00:00:00","2012-08-31 00:00:00","4.1000","92.2500","92.2500","2012-08-30 22:00:00"
"20310","804","6","50","2012-08-20 00:00:00","2012-08-31 00:00:00","2012-08-31 00:00:00","2012-08-31 00:00:00","3.0000","36.7500","36.7500","2012-08-30 22:00:00"
"20315","762","7","60","2012-08-21 00:00:00","2012-09-01 00:00:00","2012-08-21 00:00:00","2012-09-04 00:00:00","4.0000","49.0000","49.0000","2012-09-03 22:00:00"
"20316","763","7","60","2012-08-21 00:00:00","2012-09-01 00:00:00","2012-08-21 00:00:00","2012-09-04 00:00:00","4.0000","49.0000","49.0000","2012-09-03 22:00:00"
"20317","769","7","60","2012-08-21 00:00:00","2012-09-01 00:00:00","2012-08-21 00:00:00","2012-09-04 00:00:00","4.0000","49.0000","49.0000","2012-09-03 22:00:00"
"20318","792","7","60","2012-08-21 00:00:00","2012-09-01 00:00:00","2012-08-21 00:00:00","2012-09-04 00:00:00","4.0000","49.0000","49.0000","2012-09-03 22:00:00"
"20319","793","7","60","2012-08-21 00:00:00","2012-09-01 00:00:00","2012-08-21 00:00:00","2012-09-04 00:00:00","4.0000","49.0000","49.0000","2012-09-03 22:00:00"
"20320","794","7","60","2012-08-21 00:00:00","2012-09-01 00:00:00","2012-08-21 00:00:00","2012-09-04 00:00:00","4.0000","49.0000","49.0000","2012-09-03 22:00:00"
"20321","796","7","60","2012-08-21 00:00:00","2012-09-01 00:00:00","2012-08-21 00:00:00","2012-09-04 00:00:00","4.0000","49.0000","49.0000","2012-09-03 22:00:00"
"20322","801","7","60","2012-08-21 00:00:00","2012-09-01 00:00:00","2012-08-21 00:00:00","2012-09-04 00:00:00","4.0000","49.0000","49.0000","2012-09-03 22:00:00"
"20323","517","6","50","2012-08-21 00:00:00","2012-09-01 00:00:00","2012-08-21 00:00:00","2012-09-04 00:00:00","3.0000","36.7500","36.7500","2012-09-03 22:00:00"
"20323","517","7","60","2012-08-21 00:00:00","2012-09-01 00:00:00","2012-08-21 00:00:00","2012-09-04 00:00:00","4.0000","49.0000","49.0000","2012-09-03 22:00:00"
"20324","518","6","50","2012-08-21 00:00:00","2012-09-01 00:00:00","2012-08-21 00:00:00","2012-09-04 00:00:00","3.0000","36.7500","36.7500","2012-09-03 22:00:00"
"20324","518","7","60","2012-08-21 00:00:00","2012-09-01 00:00:00","2012-08-21 00:00:00","2012-09-04 00:00:00","4.0000","49.0000","49.0000","2012-09-03 22:00:00"
"20325","519","6","50","2012-08-21 00:00:00","2012-09-01 00:00:00","2012-08-21 00:00:00","2012-09-04 00:00:00","3.0000","36.7500","36.7500","2012-09-03 22:00:00"
"20325","519","7","60","2012-08-21 00:00:00","2012-09-01 00:00:00","2012-08-21 00:00:00","2012-09-04 00:00:00","4.0000","49.0000","49.0000","2012-09-03 22:00:00"
"20331","806","6","50","2012-08-21 00:00:00","2012-09-01 00:00:00","2012-08-21 00:00:00","2012-09-04 00:00:00","3.0000","36.7500","36.7500","2012-09-03 22:00:00"
"20332","811","1","10","2012-08-21 00:00:00","2012-09-01 00:00:00","2012-08-21 00:00:00","2012-09-04 00:00:00","4.1000","92.2500","92.2500","2012-09-03 22:00:00"
"20332","811","2","20","2012-08-21 00:00:00","2012-09-01 00:00:00","2012-08-21 00:00:00","2012-09-04 00:00:00","3.5000","87.5000","87.5000","2012-09-03 22:00:00"
"20332","811","6","50","2012-08-21 00:00:00","2012-09-01 00:00:00","2012-08-21 00:00:00","2012-09-04 00:00:00","3.0000","36.7500","36.7500","2012-09-03 22:00:00"
"20333","812","1","10","2012-08-21 00:00:00","2012-09-01 00:00:00","2012-08-21 00:00:00","2012-09-04 00:00:00","4.1000","92.2500","92.2500","2012-09-03 22:00:00"
"20333","812","2","20","2012-08-21 00:00:00","2012-09-01 00:00:00","2012-08-21 00:00:00","2012-09-04 00:00:00","3.5000","87.5000","87.5000","2012-09-03 22:00:00"
"20333","812","6","50","2012-08-21 00:00:00","2012-09-01 00:00:00","2012-08-21 00:00:00","2012-09-04 00:00:00","3.0000","36.7500","36.7500","2012-09-03 22:00:00"
"20334","813","1","10","2012-08-21 00:00:00","2012-09-01 00:00:00","2012-08-21 00:00:00","2012-09-04 00:00:00","4.1000","92.2500","92.2500","2012-09-03 22:00:00"
"20334","813","2","20","2012-08-21 00:00:00","2012-09-01 00:00:00","2012-08-21 00:00:00","2012-09-04 00:00:00","3.5000","87.5000","87.5000","2012-09-03 22:00:00"
"20334","813","6","50","2012-08-21 00:00:00","2012-09-01 00:00:00","2012-08-21 00:00:00","2012-09-04 00:00:00","3.0000","36.7500","36.7500","2012-09-03 22:00:00"
"20335","818","6","50","2012-08-21 00:00:00","2012-09-01 00:00:00","2012-08-21 00:00:00","2012-09-04 00:00:00","3.0000","36.7500","36.7500","2012-09-03 22:00:00"
"20336","819","6","50","2012-08-21 00:00:00","2012-09-01 00:00:00","2012-08-21 00:00:00","2012-09-04 00:00:00","3.0000","36.7500","36.7500","2012-09-03 22:00:00"
"20337","820","6","50","2012-08-21 00:00:00","2012-09-01 00:00:00","2012-08-21 00:00:00","2012-09-04 00:00:00","3.0000","36.7500","36.7500","2012-09-03 22:00:00"
"20338","826","6","50","2012-08-21 00:00:00","2012-09-01 00:00:00","2012-08-21 00:00:00","2012-09-04 00:00:00","3.0000","36.7500","36.7500","2012-09-03 22:00:00"
"20339","827","6","50","2012-08-21 00:00:00","2012-09-01 00:00:00","2012-08-21 00:00:00","2012-09-04 00:00:00","3.0000","36.7500","36.7500","2012-09-03 22:00:00"
"20340","828","6","50","2012-08-21 00:00:00","2012-09-01 00:00:00","2012-08-21 00:00:00","2012-09-04 00:00:00","3.0000","36.7500","36.7500","2012-09-03 22:00:00"
"20344","894","6","50","2012-08-21 00:00:00","2012-09-01 00:00:00","2012-08-21 00:00:00","2012-09-04 00:00:00","3.0000","36.7500","36.7500","2012-09-03 22:00:00"
"20345","945","1","10","2012-08-21 00:00:00","2012-09-01 00:00:00","2012-08-21 00:00:00","2012-09-04 00:00:00","4.1000","92.2500","92.2500","2012-09-03 22:00:00"
"20345","945","6","50","2012-08-21 00:00:00","2012-09-01 00:00:00","2012-08-21 00:00:00","2012-09-04 00:00:00","3.0000","36.7500","36.7500","2012-09-03 22:00:00"
"20346","950","6","50","2012-08-21 00:00:00","2012-09-01 00:00:00","2012-08-21 00:00:00","2012-09-04 00:00:00","3.0000","36.7500","36.7500","2012-09-03 22:00:00"
"20347","994","6","50","2012-08-21 00:00:00","2012-09-01 00:00:00","2012-08-21 00:00:00","2012-09-04 00:00:00","3.0000","36.7500","36.7500","2012-09-03 22:00:00"
"20348","996","6","50","2012-08-21 00:00:00","2012-09-01 00:00:00","2012-08-21 00:00:00","2012-09-04 00:00:00","3.0000","36.7500","36.7500","2012-09-03 22:00:00"
"20361","802","1","10","2012-08-21 00:00:00","2012-09-01 00:00:00","2012-08-21 00:00:00","2012-09-04 00:00:00","4.1000","92.2500","92.2500","2012-09-03 22:00:00"
"20361","802","6","50","2012-08-21 00:00:00","2012-09-01 00:00:00","2012-08-21 00:00:00","2012-09-04 00:00:00","3.0000","36.7500","36.7500","2012-09-03 22:00:00"
"20362","803","1","10","2012-08-21 00:00:00","2012-09-01 00:00:00","2012-08-21 00:00:00","2012-09-04 00:00:00","4.1000","92.2500","92.2500","2012-09-03 22:00:00"
"20362","803","6","50","2012-08-21 00:00:00","2012-09-01 00:00:00","2012-08-21 00:00:00","2012-09-04 00:00:00","3.0000","36.7500","36.7500","2012-09-03 22:00:00"
"20363","804","1","10","2012-08-21 00:00:00","2012-09-01 00:00:00","2012-08-21 00:00:00","2012-09-04 00:00:00","4.1000","92.2500","92.2500","2012-09-03 22:00:00"
"20363","804","6","50","2012-08-21 00:00:00","2012-09-01 00:00:00","2012-08-21 00:00:00","2012-09-04 00:00:00","3.0000","36.7500","36.7500","2012-09-03 22:00:00"
"20368","761","7","60","2012-08-22 00:00:00","2012-09-02 00:00:00","2012-09-04 00:00:00","2012-09-15 00:00:00","4.0000","49.0000","49.0000","2012-09-14 22:00:00"
"20369","770","7","60","2012-08-22 00:00:00","2012-09-02 00:00:00","2012-09-04 00:00:00","2012-09-15 00:00:00","4.0000","49.0000","49.0000","2012-09-14 22:00:00"
"20370","781","7","60","2012-08-22 00:00:00","2012-09-02 00:00:00","2012-09-04 00:00:00","2012-09-15 00:00:00","4.0000","49.0000","49.0000","2012-09-14 22:00:00"
"20371","783","7","60","2012-08-22 00:00:00","2012-09-02 00:00:00","2012-09-04 00:00:00","2012-09-15 00:00:00","4.0000","49.0000","49.0000","2012-09-14 22:00:00"
"20372","796","7","60","2012-08-22 00:00:00","2012-09-02 00:00:00","2012-09-04 00:00:00","2012-09-15 00:00:00","4.0000","49.0000","49.0000","2012-09-14 22:00:00"
"20373","798","7","60","2012-08-22 00:00:00","2012-09-02 00:00:00","2012-09-04 00:00:00","2012-09-15 00:00:00","4.0000","49.0000","49.0000","2012-09-14 22:00:00"
"20374","799","7","60","2012-08-22 00:00:00","2012-09-02 00:00:00","2012-09-04 00:00:00","2012-09-15 00:00:00","4.0000","49.0000","49.0000","2012-09-14 22:00:00"
"20375","516","6","50","2012-08-22 00:00:00","2012-09-02 00:00:00","2012-09-04 00:00:00","2012-09-15 00:00:00","3.0000","36.7500","36.7500","2012-09-14 22:00:00"
"20375","516","7","60","2012-08-22 00:00:00","2012-09-02 00:00:00","2012-09-04 00:00:00","2012-09-15 00:00:00","4.0000","49.0000","49.0000","2012-09-14 22:00:00"
"20376","517","6","50","2012-08-22 00:00:00","2012-09-02 00:00:00","2012-09-04 00:00:00","2012-09-15 00:00:00","3.0000","36.7500","36.7500","2012-09-14 22:00:00"
"20376","517","7","60","2012-08-22 00:00:00","2012-09-02 00:00:00","2012-09-04 00:00:00","2012-09-15 00:00:00","4.0000","49.0000","49.0000","2012-09-14 22:00:00"
"20377","518","6","50","2012-08-22 00:00:00","2012-09-02 00:00:00","2012-09-04 00:00:00","2012-09-15 00:00:00","3.0000","36.7500","36.7500","2012-09-14 22:00:00"
"20377","518","7","60","2012-08-22 00:00:00","2012-09-02 00:00:00","2012-09-04 00:00:00","2012-09-15 00:00:00","4.0000","49.0000","49.0000","2012-09-14 22:00:00"
"20378","519","6","50","2012-08-22 00:00:00","2012-09-02 00:00:00","2012-09-04 00:00:00","2012-09-15 00:00:00","3.0000","36.7500","36.7500","2012-09-14 22:00:00"
"20378","519","7","60","2012-08-22 00:00:00","2012-09-02 00:00:00","2012-09-04 00:00:00","2012-09-15 00:00:00","4.0000","49.0000","49.0000","2012-09-14 22:00:00"
"20384","806","6","50","2012-08-22 00:00:00","2012-09-02 00:00:00","2012-09-04 00:00:00","2012-09-15 00:00:00","3.0000","36.7500","36.7500","2012-09-14 22:00:00"
"20385","810","1","10","2012-08-22 00:00:00","2012-09-02 00:00:00","2012-09-04 00:00:00","2012-09-15 00:00:00","4.1000","92.2500","92.2500","2012-09-14 22:00:00"
"20385","810","2","20","2012-08-22 00:00:00","2012-09-02 00:00:00","2012-09-04 00:00:00","2012-09-15 00:00:00","3.5000","87.5000","87.5000","2012-09-14 22:00:00"
"20385","810","6","50","2012-08-22 00:00:00","2012-09-02 00:00:00","2012-09-04 00:00:00","2012-09-15 00:00:00","3.0000","36.7500","36.7500","2012-09-14 22:00:00"
"20386","811","1","10","2012-08-22 00:00:00","2012-09-02 00:00:00","2012-09-04 00:00:00","2012-09-15 00:00:00","4.1000","92.2500","92.2500","2012-09-14 22:00:00"
"20386","811","2","20","2012-08-22 00:00:00","2012-09-02 00:00:00","2012-09-04 00:00:00","2012-09-15 00:00:00","3.5000","87.5000","87.5000","2012-09-14 22:00:00"
"20386","811","6","50","2012-08-22 00:00:00","2012-09-02 00:00:00","2012-09-04 00:00:00","2012-09-15 00:00:00","3.0000","36.7500","36.7500","2012-09-14 22:00:00"
"20387","812","1","10","2012-08-22 00:00:00","2012-09-02 00:00:00","2012-09-04 00:00:00","2012-09-15 00:00:00","4.1000","92.2500","92.2500","2012-09-14 22:00:00"
"20387","812","2","20","2012-08-22 00:00:00","2012-09-02 00:00:00","2012-09-04 00:00:00","2012-09-15 00:00:00","3.5000","87.5000","87.5000","2012-09-14 22:00:00"
"20387","812","6","50","2012-08-22 00:00:00","2012-09-02 00:00:00","2012-09-04 00:00:00","2012-09-15 00:00:00","3.0000","36.7500","36.7500","2012-09-14 22:00:00"
"20388","813","1","10","2012-08-22 00:00:00","2012-09-02 00:00:00","2012-09-04 00:00:00","2012-09-15 00:00:00","4.1000","92.2500","92.2500","2012-09-14 22:00:00"
"20388","813","2","20","2012-08-22 00:00:00","2012-09-02 00:00:00","2012-09-04 00:00:00","2012-09-15 00:00:00","3.5000","87.5000","87.5000","2012-09-14 22:00:00"
"20388","813","6","50","2012-08-22 00:00:00","2012-09-02 00:00:00","2012-09-04 00:00:00","2012-09-15 00:00:00","3.0000","36.7500","36.7500","2012-09-14 22:00:00"
"20389","816","6","50","2012-08-22 00:00:00","2012-09-02 00:00:00","2012-09-04 00:00:00","2012-09-15 00:00:00","3.0000","36.7500","36.7500","2012-09-14 22:00:00"
"20390","818","6","50","2012-08-22 00:00:00","2012-09-02 00:00:00","2012-09-04 00:00:00","2012-09-15 00:00:00","3.0000","36.7500","36.7500","2012-09-14 22:00:00"
"20391","819","6","50","2012-08-22 00:00:00","2012-09-02 00:00:00","2012-09-04 00:00:00","2012-09-15 00:00:00","3.0000","36.7500","36.7500","2012-09-14 22:00:00"
"20392","820","6","50","2012-08-22 00:00:00","2012-09-02 00:00:00","2012-09-04 00:00:00","2012-09-15 00:00:00","3.0000","36.7500","36.7500","2012-09-14 22:00:00"
"20393","824","6","50","2012-08-22 00:00:00","2012-09-02 00:00:00","2012-09-04 00:00:00","2012-09-15 00:00:00","3.0000","36.7500","36.7500","2012-09-14 22:00:00"
"20394","826","6","50","2012-08-22 00:00:00","2012-09-02 00:00:00","2012-09-04 00:00:00","2012-09-15 00:00:00","3.0000","36.7500","36.7500","2012-09-14 22:00:00"
"20395","827","6","50","2012-08-22 00:00:00","2012-09-02 00:00:00","2012-09-04 00:00:00","2012-09-15 00:00:00","3.0000","36.7500","36.7500","2012-09-14 22:00:00"
"20396","828","6","50","2012-08-22 00:00:00","2012-09-02 00:00:00","2012-09-04 00:00:00","2012-09-15 00:00:00","3.0000","36.7500","36.7500","2012-09-14 22:00:00"
"20399","894","6","50","2012-08-22 00:00:00","2012-09-02 00:00:00","2012-09-04 00:00:00","2012-09-15 00:00:00","3.0000","36.7500","36.7500","2012-09-14 22:00:00"
"20400","945","1","10","2012-08-22 00:00:00","2012-09-02 00:00:00","2012-09-04 00:00:00","2012-09-15 00:00:00","4.1000","92.2500","92.2500","2012-09-14 22:00:00"
"20400","945","6","50","2012-08-22 00:00:00","2012-09-02 00:00:00","2012-09-04 00:00:00","2012-09-15 00:00:00","3.0000","36.7500","36.7500","2012-09-14 22:00:00"
"20401","950","6","50","2012-08-22 00:00:00","2012-09-02 00:00:00","2012-09-04 00:00:00","2012-09-15 00:00:00","3.0000","36.7500","36.7500","2012-09-14 22:00:00"
"20402","994","6","50","2012-08-22 00:00:00","2012-09-02 00:00:00","2012-09-04 00:00:00","2012-09-15 00:00:00","3.0000","36.7500","36.7500","2012-09-14 22:00:00"
"20403","995","6","50","2012-08-22 00:00:00","2012-09-02 00:00:00","2012-09-04 00:00:00","2012-09-15 00:00:00","3.0000","36.7500","36.7500","2012-09-14 22:00:00"
"20404","996","6","50","2012-08-22 00:00:00","2012-09-02 00:00:00","2012-09-04 00:00:00","2012-09-15 00:00:00","3.0000","36.7500","36.7500","2012-09-14 22:00:00"
"20418","802","1","10","2012-08-22 00:00:00","2012-09-02 00:00:00","2012-09-04 00:00:00","2012-09-15 00:00:00","4.1000","92.2500","92.2500","2012-09-14 22:00:00"
"20418","802","6","50","2012-08-22 00:00:00","2012-09-02 00:00:00","2012-09-04 00:00:00","2012-09-15 00:00:00","3.0000","36.7500","36.7500","2012-09-14 22:00:00"
"20419","803","1","10","2012-08-22 00:00:00","2012-09-02 00:00:00","2012-09-04 00:00:00","2012-09-15 00:00:00","4.1000","92.2500","92.2500","2012-09-14 22:00:00"
"20419","803","6","50","2012-08-22 00:00:00","2012-09-02 00:00:00","2012-09-04 00:00:00","2012-09-15 00:00:00","3.0000","36.7500","36.7500","2012-09-14 22:00:00"
"20420","804","1","10","2012-08-22 00:00:00","2012-09-02 00:00:00","2012-09-04 00:00:00","2012-09-15 00:00:00","4.1000","92.2500","92.2500","2012-09-14 22:00:00"
"20420","804","6","50","2012-08-22 00:00:00","2012-09-02 00:00:00","2012-09-04 00:00:00","2012-09-15 00:00:00","3.0000","36.7500","36.7500","2012-09-14 22:00:00"
"20425","782","7","60","2012-08-23 00:00:00","2012-09-03 00:00:00","2012-08-23 00:00:00","2012-09-08 00:00:00","4.0000","49.0000","49.0000","2012-09-07 22:00:00"
"20426","784","7","60","2012-08-23 00:00:00","2012-09-03 00:00:00","2012-08-23 00:00:00","2012-09-08 00:00:00","4.0000","49.0000","49.0000","2012-09-07 22:00:00"
"20427","790","7","60","2012-08-23 00:00:00","2012-09-03 00:00:00","2012-08-23 00:00:00","2012-09-08 00:00:00","4.0000","49.0000","49.0000","2012-09-07 22:00:00"
"20428","793","7","60","2012-08-23 00:00:00","2012-09-03 00:00:00","2012-08-23 00:00:00","2012-09-08 00:00:00","4.0000","49.0000","49.0000","2012-09-07 22:00:00"
"20429","516","6","50","2012-08-23 00:00:00","2012-09-03 00:00:00","2012-08-23 00:00:00","2012-09-08 00:00:00","3.0000","36.7500","36.7500","2012-09-07 22:00:00"
"20429","516","7","60","2012-08-23 00:00:00","2012-09-03 00:00:00","2012-08-23 00:00:00","2012-09-08 00:00:00","4.0000","49.0000","49.0000","2012-09-07 22:00:00"
"20430","519","6","50","2012-08-23 00:00:00","2012-09-03 00:00:00","2012-08-23 00:00:00","2012-09-08 00:00:00","3.0000","36.7500","36.7500","2012-09-07 22:00:00"
"20430","519","7","60","2012-08-23 00:00:00","2012-09-03 00:00:00","2012-08-23 00:00:00","2012-09-08 00:00:00","4.0000","49.0000","49.0000","2012-09-07 22:00:00"
"20433","747","1","10","2012-08-23 00:00:00","2012-09-03 00:00:00","2012-08-23 00:00:00","2012-09-08 00:00:00","4.1000","92.2500","92.2500","2012-09-07 22:00:00"
"20433","747","2","20","2012-08-23 00:00:00","2012-09-03 00:00:00","2012-08-23 00:00:00","2012-09-08 00:00:00","3.5000","87.5000","87.5000","2012-09-07 22:00:00"
"20433","747","3","30","2012-08-23 00:00:00","2012-09-03 00:00:00","2012-08-23 00:00:00","2012-09-08 00:00:00","1.0000","14.5000","14.5000","2012-09-07 22:00:00"
"20433","747","4","40","2012-08-23 00:00:00","2012-09-03 00:00:00","2012-08-23 00:00:00","2012-09-08 00:00:00","2.0000","31.5000","31.5000","2012-09-07 22:00:00"
"20433","747","6","50","2012-08-23 00:00:00","2012-09-03 00:00:00","2012-08-23 00:00:00","2012-09-08 00:00:00","3.0000","36.7500","36.7500","2012-09-07 22:00:00"
"20433","747","7","60","2012-08-23 00:00:00","2012-09-03 00:00:00","2012-08-23 00:00:00","2012-09-08 00:00:00","4.0000","49.0000","49.0000","2012-09-07 22:00:00"
"20434","806","6","50","2012-08-23 00:00:00","2012-09-03 00:00:00","2012-08-23 00:00:00","2012-09-08 00:00:00","3.0000","36.7500","36.7500","2012-09-07 22:00:00"
"20435","810","1","10","2012-08-23 00:00:00","2012-09-03 00:00:00","2012-08-23 00:00:00","2012-09-08 00:00:00","4.1000","92.2500","92.2500","2012-09-07 22:00:00"
"20435","810","2","20","2012-08-23 00:00:00","2012-09-03 00:00:00","2012-08-23 00:00:00","2012-09-08 00:00:00","3.5000","87.5000","87.5000","2012-09-07 22:00:00"
"20435","810","6","50","2012-08-23 00:00:00","2012-09-03 00:00:00","2012-08-23 00:00:00","2012-09-08 00:00:00","3.0000","36.7500","36.7500","2012-09-07 22:00:00"
"20436","813","1","10","2012-08-23 00:00:00","2012-09-03 00:00:00","2012-08-23 00:00:00","2012-09-08 00:00:00","4.1000","92.2500","92.2500","2012-09-07 22:00:00"
"20436","813","2","20","2012-08-23 00:00:00","2012-09-03 00:00:00","2012-08-23 00:00:00","2012-09-08 00:00:00","3.5000","87.5000","87.5000","2012-09-07 22:00:00"
"20436","813","6","50","2012-08-23 00:00:00","2012-09-03 00:00:00","2012-08-23 00:00:00","2012-09-08 00:00:00","3.0000","36.7500","36.7500","2012-09-07 22:00:00"
"20437","816","6","50","2012-08-23 00:00:00","2012-09-03 00:00:00","2012-08-23 00:00:00","2012-09-08 00:00:00","3.0000","36.7500","36.7500","2012-09-07 22:00:00"
"20438","820","6","50","2012-08-23 00:00:00","2012-09-03 00:00:00","2012-08-23 00:00:00","2012-09-08 00:00:00","3.0000","36.7500","36.7500","2012-09-07 22:00:00"
"20439","824","6","50","2012-08-23 00:00:00","2012-09-03 00:00:00","2012-08-23 00:00:00","2012-09-08 00:00:00","3.0000","36.7500","36.7500","2012-09-07 22:00:00"
"20440","828","6","50","2012-08-23 00:00:00","2012-09-03 00:00:00","2012-08-23 00:00:00","2012-09-08 00:00:00","3.0000","36.7500","36.7500","2012-09-07 22:00:00"
"20442","894","6","50","2012-08-23 00:00:00","2012-09-03 00:00:00","2012-08-23 00:00:00","2012-09-08 00:00:00","3.0000","36.7500","36.7500","2012-09-07 22:00:00"
"20443","945","1","10","2012-08-23 00:00:00","2012-09-03 00:00:00","2012-08-23 00:00:00","2012-09-08 00:00:00","4.1000","92.2500","92.2500","2012-09-07 22:00:00"
"20443","945","6","50","2012-08-23 00:00:00","2012-09-03 00:00:00","2012-08-23 00:00:00","2012-09-08 00:00:00","3.0000","36.7500","36.7500","2012-09-07 22:00:00"
"20444","950","6","50","2012-08-23 00:00:00","2012-09-03 00:00:00","2012-08-23 00:00:00","2012-09-08 00:00:00","3.0000","36.7500","36.7500","2012-09-07 22:00:00"
"20445","995","6","50","2012-08-23 00:00:00","2012-09-03 00:00:00","2012-08-23 00:00:00","2012-09-08 00:00:00","3.0000","36.7500","36.7500","2012-09-07 22:00:00"
"20446","996","6","50","2012-08-23 00:00:00","2012-09-03 00:00:00","2012-08-23 00:00:00","2012-09-08 00:00:00","3.0000","36.7500","36.7500","2012-09-07 22:00:00"
"20459","804","1","10","2012-08-23 00:00:00","2012-09-03 00:00:00","2012-08-23 00:00:00","2012-09-08 00:00:00","4.1000","92.2500","92.2500","2012-09-07 22:00:00"
"20459","804","6","50","2012-08-23 00:00:00","2012-09-03 00:00:00","2012-08-23 00:00:00","2012-09-08 00:00:00","3.0000","36.7500","36.7500","2012-09-07 22:00:00"
"20464","760","7","60","2012-08-24 00:00:00","2012-09-04 00:00:00","2012-09-08 00:00:00","2012-09-19 00:00:00","4.0000","49.0000","49.0000","2012-09-18 22:00:00"
"20465","794","7","60","2012-08-24 00:00:00","2012-09-04 00:00:00","2012-09-08 00:00:00","2012-09-19 00:00:00","4.0000","49.0000","49.0000","2012-09-18 22:00:00"
"20466","796","7","60","2012-08-24 00:00:00","2012-09-04 00:00:00","2012-09-08 00:00:00","2012-09-19 00:00:00","4.0000","49.0000","49.0000","2012-09-18 22:00:00"
"20467","801","7","60","2012-08-24 00:00:00","2012-09-04 00:00:00","2012-09-08 00:00:00","2012-09-19 00:00:00","4.0000","49.0000","49.0000","2012-09-18 22:00:00"
"20468","517","6","50","2012-08-24 00:00:00","2012-09-04 00:00:00","2012-09-08 00:00:00","2012-09-19 00:00:00","3.0000","36.7500","36.7500","2012-09-18 22:00:00"
"20468","517","7","60","2012-08-24 00:00:00","2012-09-04 00:00:00","2012-09-08 00:00:00","2012-09-19 00:00:00","4.0000","49.0000","49.0000","2012-09-18 22:00:00"
"20469","518","6","50","2012-08-24 00:00:00","2012-09-04 00:00:00","2012-09-08 00:00:00","2012-09-19 00:00:00","3.0000","36.7500","36.7500","2012-09-18 22:00:00"
"20469","518","7","60","2012-08-24 00:00:00","2012-09-04 00:00:00","2012-09-08 00:00:00","2012-09-19 00:00:00","4.0000","49.0000","49.0000","2012-09-18 22:00:00"
"20470","519","6","50","2012-08-24 00:00:00","2012-09-04 00:00:00","2012-09-08 00:00:00","2012-09-19 00:00:00","3.0000","36.7500","36.7500","2012-09-18 22:00:00"
"20470","519","7","60","2012-08-24 00:00:00","2012-09-04 00:00:00","2012-09-08 00:00:00","2012-09-19 00:00:00","4.0000","49.0000","49.0000","2012-09-18 22:00:00"
"20473","806","6","50","2012-08-24 00:00:00","2012-09-04 00:00:00","2012-09-08 00:00:00","2012-09-19 00:00:00","3.0000","36.7500","36.7500","2012-09-18 22:00:00"
"20474","811","1","10","2012-08-24 00:00:00","2012-09-04 00:00:00","2012-09-08 00:00:00","2012-09-19 00:00:00","4.1000","92.2500","92.2500","2012-09-18 22:00:00"
"20474","811","2","20","2012-08-24 00:00:00","2012-09-04 00:00:00","2012-09-08 00:00:00","2012-09-19 00:00:00","3.5000","87.5000","87.5000","2012-09-18 22:00:00"
"20474","811","6","50","2012-08-24 00:00:00","2012-09-04 00:00:00","2012-09-08 00:00:00","2012-09-19 00:00:00","3.0000","36.7500","36.7500","2012-09-18 22:00:00"
"20475","812","1","10","2012-08-24 00:00:00","2012-09-04 00:00:00","2012-09-08 00:00:00","2012-09-19 00:00:00","4.1000","92.2500","92.2500","2012-09-18 22:00:00"
"20475","812","2","20","2012-08-24 00:00:00","2012-09-04 00:00:00","2012-09-08 00:00:00","2012-09-19 00:00:00","3.5000","87.5000","87.5000","2012-09-18 22:00:00"
"20475","812","6","50","2012-08-24 00:00:00","2012-09-04 00:00:00","2012-09-08 00:00:00","2012-09-19 00:00:00","3.0000","36.7500","36.7500","2012-09-18 22:00:00"
"20476","813","1","10","2012-08-24 00:00:00","2012-09-04 00:00:00","2012-09-08 00:00:00","2012-09-19 00:00:00","4.1000","92.2500","92.2500","2012-09-18 22:00:00"
"20476","813","2","20","2012-08-24 00:00:00","2012-09-04 00:00:00","2012-09-08 00:00:00","2012-09-19 00:00:00","3.5000","87.5000","87.5000","2012-09-18 22:00:00"
"20476","813","6","50","2012-08-24 00:00:00","2012-09-04 00:00:00","2012-09-08 00:00:00","2012-09-19 00:00:00","3.0000","36.7500","36.7500","2012-09-18 22:00:00"
"20477","818","6","50","2012-08-24 00:00:00","2012-09-04 00:00:00","2012-09-08 00:00:00","2012-09-19 00:00:00","3.0000","36.7500","36.7500","2012-09-18 22:00:00"
"20478","819","6","50","2012-08-24 00:00:00","2012-09-04 00:00:00","2012-09-08 00:00:00","2012-09-19 00:00:00","3.0000","36.7500","36.7500","2012-09-18 22:00:00"
"20479","820","6","50","2012-08-24 00:00:00","2012-09-04 00:00:00","2012-09-08 00:00:00","2012-09-19 00:00:00","3.0000","36.7500","36.7500","2012-09-18 22:00:00"
"20480","826","6","50","2012-08-24 00:00:00","2012-09-04 00:00:00","2012-09-08 00:00:00","2012-09-19 00:00:00","3.0000","36.7500","36.7500","2012-09-18 22:00:00"
"20481","827","6","50","2012-08-24 00:00:00","2012-09-04 00:00:00","2012-09-08 00:00:00","2012-09-19 00:00:00","3.0000","36.7500","36.7500","2012-09-18 22:00:00"
"20482","828","6","50","2012-08-24 00:00:00","2012-09-04 00:00:00","2012-09-08 00:00:00","2012-09-19 00:00:00","3.0000","36.7500","36.7500","2012-09-18 22:00:00"
"20485","894","6","50","2012-08-24 00:00:00","2012-09-04 00:00:00","2012-09-08 00:00:00","2012-09-19 00:00:00","3.0000","36.7500","36.7500","2012-09-18 22:00:00"
"20486","945","1","10","2012-08-24 00:00:00","2012-09-04 00:00:00","2012-09-08 00:00:00","2012-09-19 00:00:00","4.1000","92.2500","92.2500","2012-09-18 22:00:00"
"20486","945","6","50","2012-08-24 00:00:00","2012-09-04 00:00:00","2012-09-08 00:00:00","2012-09-19 00:00:00","3.0000","36.7500","36.7500","2012-09-18 22:00:00"
"20487","950","6","50","2012-08-24 00:00:00","2012-09-04 00:00:00","2012-09-08 00:00:00","2012-09-19 00:00:00","3.0000","36.7500","36.7500","2012-09-18 22:00:00"
"20488","994","6","50","2012-08-24 00:00:00","2012-09-04 00:00:00","2012-09-08 00:00:00","2012-09-19 00:00:00","3.0000","36.7500","36.7500","2012-09-18 22:00:00"
"20489","996","6","50","2012-08-24 00:00:00","2012-09-04 00:00:00","2012-09-08 00:00:00","2012-09-19 00:00:00","3.0000","36.7500","36.7500","2012-09-18 22:00:00"
"20502","802","1","10","2012-08-24 00:00:00","2012-09-04 00:00:00","2012-09-08 00:00:00","2012-09-19 00:00:00","4.1000","92.2500","92.2500","2012-09-18 22:00:00"
"20502","802","6","50","2012-08-24 00:00:00","2012-09-04 00:00:00","2012-09-08 00:00:00","2012-09-19 00:00:00","3.0000","36.7500","36.7500","2012-09-18 22:00:00"
"20503","803","1","10","2012-08-24 00:00:00","2012-09-04 00:00:00","2012-09-08 00:00:00","2012-09-19 00:00:00","4.1000","92.2500","92.2500","2012-09-18 22:00:00"
"20503","803","6","50","2012-08-24 00:00:00","2012-09-04 00:00:00","2012-09-08 00:00:00","2012-09-19 00:00:00","3.0000","36.7500","36.7500","2012-09-18 22:00:00"
"20504","804","1","10","2012-08-24 00:00:00","2012-09-04 00:00:00","2012-09-08 00:00:00","2012-09-19 00:00:00","4.1000","92.2500","92.2500","2012-09-18 22:00:00"
"20504","804","6","50","2012-08-24 00:00:00","2012-09-04 00:00:00","2012-09-08 00:00:00","2012-09-19 00:00:00","3.0000","36.7500","36.7500","2012-09-18 22:00:00"
"20509","764","7","60","2012-08-25 00:00:00","2012-09-05 00:00:00","2012-08-25 00:00:00","2012-09-12 00:00:00","4.0000","49.0000","49.0000","2012-09-11 22:00:00"
"20510","766","7","60","2012-08-25 00:00:00","2012-09-05 00:00:00","2012-08-25 00:00:00","2012-09-12 00:00:00","4.0000","49.0000","49.0000","2012-09-11 22:00:00"
"20511","768","7","60","2012-08-25 00:00:00","2012-09-05 00:00:00","2012-08-25 00:00:00","2012-09-12 00:00:00","4.0000","49.0000","49.0000","2012-09-11 22:00:00"
"20512","779","7","60","2012-08-25 00:00:00","2012-09-05 00:00:00","2012-08-25 00:00:00","2012-09-12 00:00:00","4.0000","49.0000","49.0000","2012-09-11 22:00:00"
"20513","794","7","60","2012-08-25 00:00:00","2012-09-05 00:00:00","2012-08-25 00:00:00","2012-09-12 00:00:00","4.0000","49.0000","49.0000","2012-09-11 22:00:00"
"20514","801","7","60","2012-08-25 00:00:00","2012-09-05 00:00:00","2012-08-25 00:00:00","2012-09-12 00:00:00","4.0000","49.0000","49.0000","2012-09-11 22:00:00"
"20515","516","6","50","2012-08-25 00:00:00","2012-09-05 00:00:00","2012-08-25 00:00:00","2012-09-12 00:00:00","3.0000","36.7500","36.7500","2012-09-11 22:00:00"
"20515","516","7","60","2012-08-25 00:00:00","2012-09-05 00:00:00","2012-08-25 00:00:00","2012-09-12 00:00:00","4.0000","49.0000","49.0000","2012-09-11 22:00:00"
"20516","517","6","50","2012-08-25 00:00:00","2012-09-05 00:00:00","2012-08-25 00:00:00","2012-09-12 00:00:00","3.0000","36.7500","36.7500","2012-09-11 22:00:00"
"20516","517","7","60","2012-08-25 00:00:00","2012-09-05 00:00:00","2012-08-25 00:00:00","2012-09-12 00:00:00","4.0000","49.0000","49.0000","2012-09-11 22:00:00"
"20517","518","6","50","2012-08-25 00:00:00","2012-09-05 00:00:00","2012-08-25 00:00:00","2012-09-12 00:00:00","3.0000","36.7500","36.7500","2012-09-11 22:00:00"
"20517","518","7","60","2012-08-25 00:00:00","2012-09-05 00:00:00","2012-08-25 00:00:00","2012-09-12 00:00:00","4.0000","49.0000","49.0000","2012-09-11 22:00:00"
"20518","519","6","50","2012-08-25 00:00:00","2012-09-05 00:00:00","2012-08-25 00:00:00","2012-09-12 00:00:00","3.0000","36.7500","36.7500","2012-09-11 22:00:00"
"20518","519","7","60","2012-08-25 00:00:00","2012-09-05 00:00:00","2012-08-25 00:00:00","2012-09-12 00:00:00","4.0000","49.0000","49.0000","2012-09-11 22:00:00"
"20522","748","1","10","2012-08-25 00:00:00","2012-09-05 00:00:00","2012-08-25 00:00:00","2012-09-12 00:00:00","4.1000","92.2500","92.2500","2012-09-11 22:00:00"
"20522","748","2","20","2012-08-25 00:00:00","2012-09-05 00:00:00","2012-08-25 00:00:00","2012-09-12 00:00:00","3.5000","87.5000","87.5000","2012-09-11 22:00:00"
"20522","748","3","30","2012-08-25 00:00:00","2012-09-05 00:00:00","2012-08-25 00:00:00","2012-09-12 00:00:00","1.0000","14.5000","14.5000","2012-09-11 22:00:00"
"20522","748","5","45","2012-08-25 00:00:00","2012-09-05 00:00:00","2012-08-25 00:00:00","2012-09-12 00:00:00","2.0000","36.0000","36.0000","2012-09-11 22:00:00"
"20522","748","6","50","2012-08-25 00:00:00","2012-09-05 00:00:00","2012-08-25 00:00:00","2012-09-12 00:00:00","3.0000","36.7500","36.7500","2012-09-11 22:00:00"
"20522","748","7","60","2012-08-25 00:00:00","2012-09-05 00:00:00","2012-08-25 00:00:00","2012-09-12 00:00:00","4.0000","49.0000","49.0000","2012-09-11 22:00:00"
"20523","806","6","50","2012-08-25 00:00:00","2012-09-05 00:00:00","2012-08-25 00:00:00","2012-09-12 00:00:00","3.0000","36.7500","36.7500","2012-09-11 22:00:00"
"20524","810","1","10","2012-08-25 00:00:00","2012-09-05 00:00:00","2012-08-25 00:00:00","2012-09-12 00:00:00","4.1000","92.2500","92.2500","2012-09-11 22:00:00"
"20524","810","2","20","2012-08-25 00:00:00","2012-09-05 00:00:00","2012-08-25 00:00:00","2012-09-12 00:00:00","3.5000","87.5000","87.5000","2012-09-11 22:00:00"
"20524","810","6","50","2012-08-25 00:00:00","2012-09-05 00:00:00","2012-08-25 00:00:00","2012-09-12 00:00:00","3.0000","36.7500","36.7500","2012-09-11 22:00:00"
"20525","811","1","10","2012-08-25 00:00:00","2012-09-05 00:00:00","2012-08-25 00:00:00","2012-09-12 00:00:00","4.1000","92.2500","92.2500","2012-09-11 22:00:00"
"20525","811","2","20","2012-08-25 00:00:00","2012-09-05 00:00:00","2012-08-25 00:00:00","2012-09-12 00:00:00","3.5000","87.5000","87.5000","2012-09-11 22:00:00"
"20525","811","6","50","2012-08-25 00:00:00","2012-09-05 00:00:00","2012-08-25 00:00:00","2012-09-12 00:00:00","3.0000","36.7500","36.7500","2012-09-11 22:00:00"
"20526","812","1","10","2012-08-25 00:00:00","2012-09-05 00:00:00","2012-08-25 00:00:00","2012-09-12 00:00:00","4.1000","92.2500","92.2500","2012-09-11 22:00:00"
"20526","812","2","20","2012-08-25 00:00:00","2012-09-05 00:00:00","2012-08-25 00:00:00","2012-09-12 00:00:00","3.5000","87.5000","87.5000","2012-09-11 22:00:00"
"20526","812","6","50","2012-08-25 00:00:00","2012-09-05 00:00:00","2012-08-25 00:00:00","2012-09-12 00:00:00","3.0000","36.7500","36.7500","2012-09-11 22:00:00"
"20527","813","1","10","2012-08-25 00:00:00","2012-09-05 00:00:00","2012-08-25 00:00:00","2012-09-12 00:00:00","4.1000","92.2500","92.2500","2012-09-11 22:00:00"
"20527","813","2","20","2012-08-25 00:00:00","2012-09-05 00:00:00","2012-08-25 00:00:00","2012-09-12 00:00:00","3.5000","87.5000","87.5000","2012-09-11 22:00:00"
"20527","813","6","50","2012-08-25 00:00:00","2012-09-05 00:00:00","2012-08-25 00:00:00","2012-09-12 00:00:00","3.0000","36.7500","36.7500","2012-09-11 22:00:00"
"20528","816","6","50","2012-08-25 00:00:00","2012-09-05 00:00:00","2012-08-25 00:00:00","2012-09-12 00:00:00","3.0000","36.7500","36.7500","2012-09-11 22:00:00"
"20529","818","6","50","2012-08-25 00:00:00","2012-09-05 00:00:00","2012-08-25 00:00:00","2012-09-12 00:00:00","3.0000","36.7500","36.7500","2012-09-11 22:00:00"
"20530","819","6","50","2012-08-25 00:00:00","2012-09-05 00:00:00","2012-08-25 00:00:00","2012-09-12 00:00:00","3.0000","36.7500","36.7500","2012-09-11 22:00:00"
"20531","820","6","50","2012-08-25 00:00:00","2012-09-05 00:00:00","2012-08-25 00:00:00","2012-09-12 00:00:00","3.0000","36.7500","36.7500","2012-09-11 22:00:00"
"20532","824","6","50","2012-08-25 00:00:00","2012-09-05 00:00:00","2012-08-25 00:00:00","2012-09-12 00:00:00","3.0000","36.7500","36.7500","2012-09-11 22:00:00"
"20533","826","6","50","2012-08-25 00:00:00","2012-09-05 00:00:00","2012-08-25 00:00:00","2012-09-12 00:00:00","3.0000","36.7500","36.7500","2012-09-11 22:00:00"
"20534","827","6","50","2012-08-25 00:00:00","2012-09-05 00:00:00","2012-08-25 00:00:00","2012-09-12 00:00:00","3.0000","36.7500","36.7500","2012-09-11 22:00:00"
"20535","828","6","50","2012-08-25 00:00:00","2012-09-05 00:00:00","2012-08-25 00:00:00","2012-09-12 00:00:00","3.0000","36.7500","36.7500","2012-09-11 22:00:00"
"20538","894","6","50","2012-08-25 00:00:00","2012-09-05 00:00:00","2012-08-25 00:00:00","2012-09-12 00:00:00","3.0000","36.7500","36.7500","2012-09-11 22:00:00"
"20539","945","1","10","2012-08-25 00:00:00","2012-09-05 00:00:00","2012-08-25 00:00:00","2012-09-12 00:00:00","4.1000","92.2500","92.2500","2012-09-11 22:00:00"
"20539","945","6","50","2012-08-25 00:00:00","2012-09-05 00:00:00","2012-08-25 00:00:00","2012-09-12 00:00:00","3.0000","36.7500","36.7500","2012-09-11 22:00:00"
"20540","950","6","50","2012-08-25 00:00:00","2012-09-05 00:00:00","2012-08-25 00:00:00","2012-09-12 00:00:00","3.0000","36.7500","36.7500","2012-09-11 22:00:00"
"20541","994","6","50","2012-08-25 00:00:00","2012-09-05 00:00:00","2012-08-25 00:00:00","2012-09-12 00:00:00","3.0000","36.7500","36.7500","2012-09-11 22:00:00"
"20542","995","6","50","2012-08-25 00:00:00","2012-09-05 00:00:00","2012-08-25 00:00:00","2012-09-12 00:00:00","3.0000","36.7500","36.7500","2012-09-11 22:00:00"
"20543","996","6","50","2012-08-25 00:00:00","2012-09-05 00:00:00","2012-08-25 00:00:00","2012-09-12 00:00:00","3.0000","36.7500","36.7500","2012-09-11 22:00:00"
"20557","802","1","10","2012-08-25 00:00:00","2012-09-05 00:00:00","2012-08-25 00:00:00","2012-09-12 00:00:00","4.1000","92.2500","92.2500","2012-09-11 22:00:00"
"20557","802","6","50","2012-08-25 00:00:00","2012-09-05 00:00:00","2012-08-25 00:00:00","2012-09-12 00:00:00","3.0000","36.7500","36.7500","2012-09-11 22:00:00"
"20558","803","1","10","2012-08-25 00:00:00","2012-09-05 00:00:00","2012-08-25 00:00:00","2012-09-12 00:00:00","4.1000","92.2500","92.2500","2012-09-11 22:00:00"
"20558","803","6","50","2012-08-25 00:00:00","2012-09-05 00:00:00","2012-08-25 00:00:00","2012-09-12 00:00:00","3.0000","36.7500","36.7500","2012-09-11 22:00:00"
"20559","804","1","10","2012-08-25 00:00:00","2012-09-05 00:00:00","2012-08-25 00:00:00","2012-09-12 00:00:00","4.1000","92.2500","92.2500","2012-09-11 22:00:00"
"20559","804","6","50","2012-08-25 00:00:00","2012-09-05 00:00:00","2012-08-25 00:00:00","2012-09-12 00:00:00","3.0000","36.7500","36.7500","2012-09-11 22:00:00"
"20564","764","7","60","2012-08-26 00:00:00","2012-09-06 00:00:00","2012-09-12 00:00:00","2012-09-23 00:00:00","4.0000","49.0000","49.0000","2012-09-22 22:00:00"
"20565","770","7","60","2012-08-26 00:00:00","2012-09-06 00:00:00","2012-09-12 00:00:00","2012-09-23 00:00:00","4.0000","49.0000","49.0000","2012-09-22 22:00:00"
"20566","779","7","60","2012-08-26 00:00:00","2012-09-06 00:00:00","2012-09-12 00:00:00","2012-09-23 00:00:00","4.0000","49.0000","49.0000","2012-09-22 22:00:00"
"20567","781","7","60","2012-08-26 00:00:00","2012-09-06 00:00:00","2012-09-12 00:00:00","2012-09-23 00:00:00","4.0000","49.0000","49.0000","2012-09-22 22:00:00"
"20568","790","7","60","2012-08-26 00:00:00","2012-09-06 00:00:00","2012-09-12 00:00:00","2012-09-23 00:00:00","4.0000","49.0000","49.0000","2012-09-22 22:00:00"
"20569","792","7","60","2012-08-26 00:00:00","2012-09-06 00:00:00","2012-09-12 00:00:00","2012-09-23 00:00:00","4.0000","49.0000","49.0000","2012-09-22 22:00:00"
"20570","795","7","60","2012-08-26 00:00:00","2012-09-06 00:00:00","2012-09-12 00:00:00","2012-09-23 00:00:00","4.0000","49.0000","49.0000","2012-09-22 22:00:00"
"20571","796","7","60","2012-08-26 00:00:00","2012-09-06 00:00:00","2012-09-12 00:00:00","2012-09-23 00:00:00","4.0000","49.0000","49.0000","2012-09-22 22:00:00"
"20572","800","7","60","2012-08-26 00:00:00","2012-09-06 00:00:00","2012-09-12 00:00:00","2012-09-23 00:00:00","4.0000","49.0000","49.0000","2012-09-22 22:00:00"
"20573","516","6","50","2012-08-26 00:00:00","2012-09-06 00:00:00","2012-09-12 00:00:00","2012-09-23 00:00:00","3.0000","36.7500","36.7500","2012-09-22 22:00:00"
"20573","516","7","60","2012-08-26 00:00:00","2012-09-06 00:00:00","2012-09-12 00:00:00","2012-09-23 00:00:00","4.0000","49.0000","49.0000","2012-09-22 22:00:00"
"20574","517","6","50","2012-08-26 00:00:00","2012-09-06 00:00:00","2012-09-12 00:00:00","2012-09-23 00:00:00","3.0000","36.7500","36.7500","2012-09-22 22:00:00"
"20574","517","7","60","2012-08-26 00:00:00","2012-09-06 00:00:00","2012-09-12 00:00:00","2012-09-23 00:00:00","4.0000","49.0000","49.0000","2012-09-22 22:00:00"
"20575","518","6","50","2012-08-26 00:00:00","2012-09-06 00:00:00","2012-09-12 00:00:00","2012-09-23 00:00:00","3.0000","36.7500","36.7500","2012-09-22 22:00:00"
"20575","518","7","60","2012-08-26 00:00:00","2012-09-06 00:00:00","2012-09-12 00:00:00","2012-09-23 00:00:00","4.0000","49.0000","49.0000","2012-09-22 22:00:00"
"20576","519","6","50","2012-08-26 00:00:00","2012-09-06 00:00:00","2012-09-12 00:00:00","2012-09-23 00:00:00","3.0000","36.7500","36.7500","2012-09-22 22:00:00"
"20576","519","7","60","2012-08-26 00:00:00","2012-09-06 00:00:00","2012-09-12 00:00:00","2012-09-23 00:00:00","4.0000","49.0000","49.0000","2012-09-22 22:00:00"
"20583","748","1","10","2012-08-26 00:00:00","2012-09-06 00:00:00","2012-09-12 00:00:00","2012-09-23 00:00:00","4.1000","92.2500","92.2500","2012-09-22 22:00:00"
"20583","748","2","20","2012-08-26 00:00:00","2012-09-06 00:00:00","2012-09-12 00:00:00","2012-09-23 00:00:00","3.5000","87.5000","87.5000","2012-09-22 22:00:00"
"20583","748","3","30","2012-08-26 00:00:00","2012-09-06 00:00:00","2012-09-12 00:00:00","2012-09-23 00:00:00","1.0000","14.5000","14.5000","2012-09-22 22:00:00"
"20583","748","5","45","2012-08-26 00:00:00","2012-09-06 00:00:00","2012-09-12 00:00:00","2012-09-23 00:00:00","2.0000","36.0000","36.0000","2012-09-22 22:00:00"
"20583","748","6","50","2012-08-26 00:00:00","2012-09-06 00:00:00","2012-09-12 00:00:00","2012-09-23 00:00:00","3.0000","36.7500","36.7500","2012-09-22 22:00:00"
"20583","748","7","60","2012-08-26 00:00:00","2012-09-06 00:00:00","2012-09-12 00:00:00","2012-09-23 00:00:00","4.0000","49.0000","49.0000","2012-09-22 22:00:00"
"20584","806","6","50","2012-08-26 00:00:00","2012-09-06 00:00:00","2012-09-12 00:00:00","2012-09-23 00:00:00","3.0000","36.7500","36.7500","2012-09-22 22:00:00"
"20585","810","1","10","2012-08-26 00:00:00","2012-09-06 00:00:00","2012-09-12 00:00:00","2012-09-23 00:00:00","4.1000","92.2500","92.2500","2012-09-22 22:00:00"
"20585","810","2","20","2012-08-26 00:00:00","2012-09-06 00:00:00","2012-09-12 00:00:00","2012-09-23 00:00:00","3.5000","87.5000","87.5000","2012-09-22 22:00:00"
"20585","810","6","50","2012-08-26 00:00:00","2012-09-06 00:00:00","2012-09-12 00:00:00","2012-09-23 00:00:00","3.0000","36.7500","36.7500","2012-09-22 22:00:00"
"20586","811","1","10","2012-08-26 00:00:00","2012-09-06 00:00:00","2012-09-12 00:00:00","2012-09-23 00:00:00","4.1000","92.2500","92.2500","2012-09-22 22:00:00"
"20586","811","2","20","2012-08-26 00:00:00","2012-09-06 00:00:00","2012-09-12 00:00:00","2012-09-23 00:00:00","3.5000","87.5000","87.5000","2012-09-22 22:00:00"
"20586","811","6","50","2012-08-26 00:00:00","2012-09-06 00:00:00","2012-09-12 00:00:00","2012-09-23 00:00:00","3.0000","36.7500","36.7500","2012-09-22 22:00:00"
"20587","812","1","10","2012-08-26 00:00:00","2012-09-06 00:00:00","2012-09-12 00:00:00","2012-09-23 00:00:00","4.1000","92.2500","92.2500","2012-09-22 22:00:00"
"20587","812","2","20","2012-08-26 00:00:00","2012-09-06 00:00:00","2012-09-12 00:00:00","2012-09-23 00:00:00","3.5000","87.5000","87.5000","2012-09-22 22:00:00"
"20587","812","6","50","2012-08-26 00:00:00","2012-09-06 00:00:00","2012-09-12 00:00:00","2012-09-23 00:00:00","3.0000","36.7500","36.7500","2012-09-22 22:00:00"
"20588","813","1","10","2012-08-26 00:00:00","2012-09-06 00:00:00","2012-09-12 00:00:00","2012-09-23 00:00:00","4.1000","92.2500","92.2500","2012-09-22 22:00:00"
"20588","813","2","20","2012-08-26 00:00:00","2012-09-06 00:00:00","2012-09-12 00:00:00","2012-09-23 00:00:00","3.5000","87.5000","87.5000","2012-09-22 22:00:00"
"20588","813","6","50","2012-08-26 00:00:00","2012-09-06 00:00:00","2012-09-12 00:00:00","2012-09-23 00:00:00","3.0000","36.7500","36.7500","2012-09-22 22:00:00"
"20589","816","6","50","2012-08-26 00:00:00","2012-09-06 00:00:00","2012-09-12 00:00:00","2012-09-23 00:00:00","3.0000","36.7500","36.7500","2012-09-22 22:00:00"
"20590","818","6","50","2012-08-26 00:00:00","2012-09-06 00:00:00","2012-09-12 00:00:00","2012-09-23 00:00:00","3.0000","36.7500","36.7500","2012-09-22 22:00:00"
"20591","819","6","50","2012-08-26 00:00:00","2012-09-06 00:00:00","2012-09-12 00:00:00","2012-09-23 00:00:00","3.0000","36.7500","36.7500","2012-09-22 22:00:00"
"20592","820","6","50","2012-08-26 00:00:00","2012-09-06 00:00:00","2012-09-12 00:00:00","2012-09-23 00:00:00","3.0000","36.7500","36.7500","2012-09-22 22:00:00"
"20593","824","6","50","2012-08-26 00:00:00","2012-09-06 00:00:00","2012-09-12 00:00:00","2012-09-23 00:00:00","3.0000","36.7500","36.7500","2012-09-22 22:00:00"
"20594","826","6","50","2012-08-26 00:00:00","2012-09-06 00:00:00","2012-09-12 00:00:00","2012-09-23 00:00:00","3.0000","36.7500","36.7500","2012-09-22 22:00:00"
"20595","827","6","50","2012-08-26 00:00:00","2012-09-06 00:00:00","2012-09-12 00:00:00","2012-09-23 00:00:00","3.0000","36.7500","36.7500","2012-09-22 22:00:00"
"20596","828","6","50","2012-08-26 00:00:00","2012-09-06 00:00:00","2012-09-12 00:00:00","2012-09-23 00:00:00","3.0000","36.7500","36.7500","2012-09-22 22:00:00"
"20599","894","6","50","2012-08-26 00:00:00","2012-09-06 00:00:00","2012-09-12 00:00:00","2012-09-23 00:00:00","3.0000","36.7500","36.7500","2012-09-22 22:00:00"
"20600","945","1","10","2012-08-26 00:00:00","2012-09-06 00:00:00","2012-09-12 00:00:00","2012-09-23 00:00:00","4.1000","92.2500","92.2500","2012-09-22 22:00:00"
"20600","945","6","50","2012-08-26 00:00:00","2012-09-06 00:00:00","2012-09-12 00:00:00","2012-09-23 00:00:00","3.0000","36.7500","36.7500","2012-09-22 22:00:00"
"20601","950","6","50","2012-08-26 00:00:00","2012-09-06 00:00:00","2012-09-12 00:00:00","2012-09-23 00:00:00","3.0000","36.7500","36.7500","2012-09-22 22:00:00"
"20602","994","6","50","2012-08-26 00:00:00","2012-09-06 00:00:00","2012-09-12 00:00:00","2012-09-23 00:00:00","3.0000","36.7500","36.7500","2012-09-22 22:00:00"
"20603","995","6","50","2012-08-26 00:00:00","2012-09-06 00:00:00","2012-09-12 00:00:00","2012-09-23 00:00:00","3.0000","36.7500","36.7500","2012-09-22 22:00:00"
"20604","996","6","50","2012-08-26 00:00:00","2012-09-06 00:00:00","2012-09-12 00:00:00","2012-09-23 00:00:00","3.0000","36.7500","36.7500","2012-09-22 22:00:00"
"20618","802","1","10","2012-08-26 00:00:00","2012-09-06 00:00:00","2012-09-12 00:00:00","2012-09-23 00:00:00","4.1000","92.2500","92.2500","2012-09-22 22:00:00"
"20618","802","6","50","2012-08-26 00:00:00","2012-09-06 00:00:00","2012-09-12 00:00:00","2012-09-23 00:00:00","3.0000","36.7500","36.7500","2012-09-22 22:00:00"
"20619","803","1","10","2012-08-26 00:00:00","2012-09-06 00:00:00","2012-09-12 00:00:00","2012-09-23 00:00:00","4.1000","92.2500","92.2500","2012-09-22 22:00:00"
"20619","803","6","50","2012-08-26 00:00:00","2012-09-06 00:00:00","2012-09-12 00:00:00","2012-09-23 00:00:00","3.0000","36.7500","36.7500","2012-09-22 22:00:00"
"20620","804","1","10","2012-08-26 00:00:00","2012-09-06 00:00:00","2012-09-12 00:00:00","2012-09-23 00:00:00","4.1000","92.2500","92.2500","2012-09-22 22:00:00"
"20620","804","6","50","2012-08-26 00:00:00","2012-09-06 00:00:00","2012-09-12 00:00:00","2012-09-23 00:00:00","3.0000","36.7500","36.7500","2012-09-22 22:00:00"
"20625","759","7","60","2012-08-27 00:00:00","2012-09-07 00:00:00","2012-08-27 00:00:00","2012-09-16 00:00:00","4.0000","49.0000","49.0000","2012-09-15 22:00:00"
"20626","768","7","60","2012-08-27 00:00:00","2012-09-07 00:00:00","2012-08-27 00:00:00","2012-09-16 00:00:00","4.0000","49.0000","49.0000","2012-09-15 22:00:00"
"20627","790","7","60","2012-08-27 00:00:00","2012-09-07 00:00:00","2012-08-27 00:00:00","2012-09-16 00:00:00","4.0000","49.0000","49.0000","2012-09-15 22:00:00"
"20628","792","7","60","2012-08-27 00:00:00","2012-09-07 00:00:00","2012-08-27 00:00:00","2012-09-16 00:00:00","4.0000","49.0000","49.0000","2012-09-15 22:00:00"
"20629","795","7","60","2012-08-27 00:00:00","2012-09-07 00:00:00","2012-08-27 00:00:00","2012-09-16 00:00:00","4.0000","49.0000","49.0000","2012-09-15 22:00:00"
"20630","799","7","60","2012-08-27 00:00:00","2012-09-07 00:00:00","2012-08-27 00:00:00","2012-09-16 00:00:00","4.0000","49.0000","49.0000","2012-09-15 22:00:00"
"20631","517","6","50","2012-08-27 00:00:00","2012-09-07 00:00:00","2012-08-27 00:00:00","2012-09-16 00:00:00","3.0000","36.7500","36.7500","2012-09-15 22:00:00"
"20631","517","7","60","2012-08-27 00:00:00","2012-09-07 00:00:00","2012-08-27 00:00:00","2012-09-16 00:00:00","4.0000","49.0000","49.0000","2012-09-15 22:00:00"
"20632","518","6","50","2012-08-27 00:00:00","2012-09-07 00:00:00","2012-08-27 00:00:00","2012-09-16 00:00:00","3.0000","36.7500","36.7500","2012-09-15 22:00:00"
"20632","518","7","60","2012-08-27 00:00:00","2012-09-07 00:00:00","2012-08-27 00:00:00","2012-09-16 00:00:00","4.0000","49.0000","49.0000","2012-09-15 22:00:00"
"20633","519","6","50","2012-08-27 00:00:00","2012-09-07 00:00:00","2012-08-27 00:00:00","2012-09-16 00:00:00","3.0000","36.7500","36.7500","2012-09-15 22:00:00"
"20633","519","7","60","2012-08-27 00:00:00","2012-09-07 00:00:00","2012-08-27 00:00:00","2012-09-16 00:00:00","4.0000","49.0000","49.0000","2012-09-15 22:00:00"
"20638","806","6","50","2012-08-27 00:00:00","2012-09-07 00:00:00","2012-08-27 00:00:00","2012-09-16 00:00:00","3.0000","36.7500","36.7500","2012-09-15 22:00:00"
"20639","811","1","10","2012-08-27 00:00:00","2012-09-07 00:00:00","2012-08-27 00:00:00","2012-09-16 00:00:00","4.1000","92.2500","92.2500","2012-09-15 22:00:00"
"20639","811","2","20","2012-08-27 00:00:00","2012-09-07 00:00:00","2012-08-27 00:00:00","2012-09-16 00:00:00","3.5000","87.5000","87.5000","2012-09-15 22:00:00"
"20639","811","6","50","2012-08-27 00:00:00","2012-09-07 00:00:00","2012-08-27 00:00:00","2012-09-16 00:00:00","3.0000","36.7500","36.7500","2012-09-15 22:00:00"
"20640","812","1","10","2012-08-27 00:00:00","2012-09-07 00:00:00","2012-08-27 00:00:00","2012-09-16 00:00:00","4.1000","92.2500","92.2500","2012-09-15 22:00:00"
"20640","812","2","20","2012-08-27 00:00:00","2012-09-07 00:00:00","2012-08-27 00:00:00","2012-09-16 00:00:00","3.5000","87.5000","87.5000","2012-09-15 22:00:00"
"20640","812","6","50","2012-08-27 00:00:00","2012-09-07 00:00:00","2012-08-27 00:00:00","2012-09-16 00:00:00","3.0000","36.7500","36.7500","2012-09-15 22:00:00"
"20641","813","1","10","2012-08-27 00:00:00","2012-09-07 00:00:00","2012-08-27 00:00:00","2012-09-16 00:00:00","4.1000","92.2500","92.2500","2012-09-15 22:00:00"
"20641","813","2","20","2012-08-27 00:00:00","2012-09-07 00:00:00","2012-08-27 00:00:00","2012-09-16 00:00:00","3.5000","87.5000","87.5000","2012-09-15 22:00:00"
"20641","813","6","50","2012-08-27 00:00:00","2012-09-07 00:00:00","2012-08-27 00:00:00","2012-09-16 00:00:00","3.0000","36.7500","36.7500","2012-09-15 22:00:00"
"20642","818","6","50","2012-08-27 00:00:00","2012-09-07 00:00:00","2012-08-27 00:00:00","2012-09-16 00:00:00","3.0000","36.7500","36.7500","2012-09-15 22:00:00"
"20643","819","6","50","2012-08-27 00:00:00","2012-09-07 00:00:00","2012-08-27 00:00:00","2012-09-16 00:00:00","3.0000","36.7500","36.7500","2012-09-15 22:00:00"
"20644","820","6","50","2012-08-27 00:00:00","2012-09-07 00:00:00","2012-08-27 00:00:00","2012-09-16 00:00:00","3.0000","36.7500","36.7500","2012-09-15 22:00:00"
"20645","826","6","50","2012-08-27 00:00:00","2012-09-07 00:00:00","2012-08-27 00:00:00","2012-09-16 00:00:00","3.0000","36.7500","36.7500","2012-09-15 22:00:00"
"20646","827","6","50","2012-08-27 00:00:00","2012-09-07 00:00:00","2012-08-27 00:00:00","2012-09-16 00:00:00","3.0000","36.7500","36.7500","2012-09-15 22:00:00"
"20647","828","6","50","2012-08-27 00:00:00","2012-09-07 00:00:00","2012-08-27 00:00:00","2012-09-16 00:00:00","3.0000","36.7500","36.7500","2012-09-15 22:00:00"
"20650","894","6","50","2012-08-27 00:00:00","2012-09-07 00:00:00","2012-08-27 00:00:00","2012-09-16 00:00:00","3.0000","36.7500","36.7500","2012-09-15 22:00:00"
"20651","945","1","10","2012-08-27 00:00:00","2012-09-07 00:00:00","2012-08-27 00:00:00","2012-09-16 00:00:00","4.1000","92.2500","92.2500","2012-09-15 22:00:00"
"20651","945","6","50","2012-08-27 00:00:00","2012-09-07 00:00:00","2012-08-27 00:00:00","2012-09-16 00:00:00","3.0000","36.7500","36.7500","2012-09-15 22:00:00"
"20652","950","6","50","2012-08-27 00:00:00","2012-09-07 00:00:00","2012-08-27 00:00:00","2012-09-16 00:00:00","3.0000","36.7500","36.7500","2012-09-15 22:00:00"
"20653","994","6","50","2012-08-27 00:00:00","2012-09-07 00:00:00","2012-08-27 00:00:00","2012-09-16 00:00:00","3.0000","36.7500","36.7500","2012-09-15 22:00:00"
"20654","996","6","50","2012-08-27 00:00:00","2012-09-07 00:00:00","2012-08-27 00:00:00","2012-09-16 00:00:00","3.0000","36.7500","36.7500","2012-09-15 22:00:00"
"20667","802","1","10","2012-08-27 00:00:00","2012-09-07 00:00:00","2012-08-27 00:00:00","2012-09-16 00:00:00","4.1000","92.2500","92.2500","2012-09-15 22:00:00"
"20667","802","6","50","2012-08-27 00:00:00","2012-09-07 00:00:00","2012-08-27 00:00:00","2012-09-16 00:00:00","3.0000","36.7500","36.7500","2012-09-15 22:00:00"
"20668","803","1","10","2012-08-27 00:00:00","2012-09-07 00:00:00","2012-08-27 00:00:00","2012-09-16 00:00:00","4.1000","92.2500","92.2500","2012-09-15 22:00:00"
"20668","803","6","50","2012-08-27 00:00:00","2012-09-07 00:00:00","2012-08-27 00:00:00","2012-09-16 00:00:00","3.0000","36.7500","36.7500","2012-09-15 22:00:00"
"20669","804","1","10","2012-08-27 00:00:00","2012-09-07 00:00:00","2012-08-27 00:00:00","2012-09-16 00:00:00","4.1000","92.2500","92.2500","2012-09-15 22:00:00"
"20669","804","6","50","2012-08-27 00:00:00","2012-09-07 00:00:00","2012-08-27 00:00:00","2012-09-16 00:00:00","3.0000","36.7500","36.7500","2012-09-15 22:00:00"
"20674","764","7","60","2012-08-28 00:00:00","2012-09-08 00:00:00","2012-09-16 00:00:00","2012-09-27 00:00:00","4.0000","49.0000","49.0000","2012-09-26 22:00:00"
"20675","770","7","60","2012-08-28 00:00:00","2012-09-08 00:00:00","2012-09-16 00:00:00","2012-09-27 00:00:00","4.0000","49.0000","49.0000","2012-09-26 22:00:00"
"20676","779","7","60","2012-08-28 00:00:00","2012-09-08 00:00:00","2012-09-16 00:00:00","2012-09-27 00:00:00","4.0000","49.0000","49.0000","2012-09-26 22:00:00"
"20677","780","7","60","2012-08-28 00:00:00","2012-09-08 00:00:00","2012-09-16 00:00:00","2012-09-27 00:00:00","4.0000","49.0000","49.0000","2012-09-26 22:00:00"
"20678","781","7","60","2012-08-28 00:00:00","2012-09-08 00:00:00","2012-09-16 00:00:00","2012-09-27 00:00:00","4.0000","49.0000","49.0000","2012-09-26 22:00:00"
"20679","790","7","60","2012-08-28 00:00:00","2012-09-08 00:00:00","2012-09-16 00:00:00","2012-09-27 00:00:00","4.0000","49.0000","49.0000","2012-09-26 22:00:00"
"20680","791","7","60","2012-08-28 00:00:00","2012-09-08 00:00:00","2012-09-16 00:00:00","2012-09-27 00:00:00","4.0000","49.0000","49.0000","2012-09-26 22:00:00"
"20681","792","7","60","2012-08-28 00:00:00","2012-09-08 00:00:00","2012-09-16 00:00:00","2012-09-27 00:00:00","4.0000","49.0000","49.0000","2012-09-26 22:00:00"
"20682","516","6","50","2012-08-28 00:00:00","2012-09-08 00:00:00","2012-09-16 00:00:00","2012-09-27 00:00:00","3.0000","36.7500","36.7500","2012-09-26 22:00:00"
"20682","516","7","60","2012-08-28 00:00:00","2012-09-08 00:00:00","2012-09-16 00:00:00","2012-09-27 00:00:00","4.0000","49.0000","49.0000","2012-09-26 22:00:00"
"20683","517","6","50","2012-08-28 00:00:00","2012-09-08 00:00:00","2012-09-16 00:00:00","2012-09-27 00:00:00","3.0000","36.7500","36.7500","2012-09-26 22:00:00"
"20683","517","7","60","2012-08-28 00:00:00","2012-09-08 00:00:00","2012-09-16 00:00:00","2012-09-27 00:00:00","4.0000","49.0000","49.0000","2012-09-26 22:00:00"
"20684","519","6","50","2012-08-28 00:00:00","2012-09-08 00:00:00","2012-09-16 00:00:00","2012-09-27 00:00:00","3.0000","36.7500","36.7500","2012-09-26 22:00:00"
"20684","519","7","60","2012-08-28 00:00:00","2012-09-08 00:00:00","2012-09-16 00:00:00","2012-09-27 00:00:00","4.0000","49.0000","49.0000","2012-09-26 22:00:00"
"20692","748","1","10","2012-08-28 00:00:00","2012-09-08 00:00:00","2012-09-16 00:00:00","2012-09-27 00:00:00","4.1000","92.2500","92.2500","2012-09-26 22:00:00"
"20692","748","2","20","2012-08-28 00:00:00","2012-09-08 00:00:00","2012-09-16 00:00:00","2012-09-27 00:00:00","3.5000","87.5000","87.5000","2012-09-26 22:00:00"
"20692","748","3","30","2012-08-28 00:00:00","2012-09-08 00:00:00","2012-09-16 00:00:00","2012-09-27 00:00:00","1.0000","14.5000","14.5000","2012-09-26 22:00:00"
"20692","748","5","45","2012-08-28 00:00:00","2012-09-08 00:00:00","2012-09-16 00:00:00","2012-09-27 00:00:00","2.0000","36.0000","36.0000","2012-09-26 22:00:00"
"20692","748","6","50","2012-08-28 00:00:00","2012-09-08 00:00:00","2012-09-16 00:00:00","2012-09-27 00:00:00","3.0000","36.7500","36.7500","2012-09-26 22:00:00"
"20692","748","7","60","2012-08-28 00:00:00","2012-09-08 00:00:00","2012-09-16 00:00:00","2012-09-27 00:00:00","4.0000","49.0000","49.0000","2012-09-26 22:00:00"
"20693","806","6","50","2012-08-28 00:00:00","2012-09-08 00:00:00","2012-09-16 00:00:00","2012-09-27 00:00:00","3.0000","36.7500","36.7500","2012-09-26 22:00:00"
"20694","810","1","10","2012-08-28 00:00:00","2012-09-08 00:00:00","2012-09-16 00:00:00","2012-09-27 00:00:00","4.1000","92.2500","92.2500","2012-09-26 22:00:00"
"20694","810","2","20","2012-08-28 00:00:00","2012-09-08 00:00:00","2012-09-16 00:00:00","2012-09-27 00:00:00","3.5000","87.5000","87.5000","2012-09-26 22:00:00"
"20694","810","6","50","2012-08-28 00:00:00","2012-09-08 00:00:00","2012-09-16 00:00:00","2012-09-27 00:00:00","3.0000","36.7500","36.7500","2012-09-26 22:00:00"
"20695","811","1","10","2012-08-28 00:00:00","2012-09-08 00:00:00","2012-09-16 00:00:00","2012-09-27 00:00:00","4.1000","92.2500","92.2500","2012-09-26 22:00:00"
"20695","811","2","20","2012-08-28 00:00:00","2012-09-08 00:00:00","2012-09-16 00:00:00","2012-09-27 00:00:00","3.5000","87.5000","87.5000","2012-09-26 22:00:00"
"20695","811","6","50","2012-08-28 00:00:00","2012-09-08 00:00:00","2012-09-16 00:00:00","2012-09-27 00:00:00","3.0000","36.7500","36.7500","2012-09-26 22:00:00"
"20696","813","1","10","2012-08-28 00:00:00","2012-09-08 00:00:00","2012-09-16 00:00:00","2012-09-27 00:00:00","4.1000","92.2500","92.2500","2012-09-26 22:00:00"
"20696","813","2","20","2012-08-28 00:00:00","2012-09-08 00:00:00","2012-09-16 00:00:00","2012-09-27 00:00:00","3.5000","87.5000","87.5000","2012-09-26 22:00:00"
"20696","813","6","50","2012-08-28 00:00:00","2012-09-08 00:00:00","2012-09-16 00:00:00","2012-09-27 00:00:00","3.0000","36.7500","36.7500","2012-09-26 22:00:00"
"20697","816","6","50","2012-08-28 00:00:00","2012-09-08 00:00:00","2012-09-16 00:00:00","2012-09-27 00:00:00","3.0000","36.7500","36.7500","2012-09-26 22:00:00"
"20698","818","6","50","2012-08-28 00:00:00","2012-09-08 00:00:00","2012-09-16 00:00:00","2012-09-27 00:00:00","3.0000","36.7500","36.7500","2012-09-26 22:00:00"
"20699","820","6","50","2012-08-28 00:00:00","2012-09-08 00:00:00","2012-09-16 00:00:00","2012-09-27 00:00:00","3.0000","36.7500","36.7500","2012-09-26 22:00:00"
"20700","824","6","50","2012-08-28 00:00:00","2012-09-08 00:00:00","2012-09-16 00:00:00","2012-09-27 00:00:00","3.0000","36.7500","36.7500","2012-09-26 22:00:00"
"20701","826","6","50","2012-08-28 00:00:00","2012-09-08 00:00:00","2012-09-16 00:00:00","2012-09-27 00:00:00","3.0000","36.7500","36.7500","2012-09-26 22:00:00"
"20702","828","6","50","2012-08-28 00:00:00","2012-09-08 00:00:00","2012-09-16 00:00:00","2012-09-27 00:00:00","3.0000","36.7500","36.7500","2012-09-26 22:00:00"
"20703","894","6","50","2012-08-28 00:00:00","2012-09-08 00:00:00","2012-09-16 00:00:00","2012-09-27 00:00:00","3.0000","36.7500","36.7500","2012-09-26 22:00:00"
"20704","945","1","10","2012-08-28 00:00:00","2012-09-08 00:00:00","2012-09-16 00:00:00","2012-09-27 00:00:00","4.1000","92.2500","92.2500","2012-09-26 22:00:00"
"20704","945","6","50","2012-08-28 00:00:00","2012-09-08 00:00:00","2012-09-16 00:00:00","2012-09-27 00:00:00","3.0000","36.7500","36.7500","2012-09-26 22:00:00"
"20705","950","6","50","2012-08-28 00:00:00","2012-09-08 00:00:00","2012-09-16 00:00:00","2012-09-27 00:00:00","3.0000","36.7500","36.7500","2012-09-26 22:00:00"
"20706","994","6","50","2012-08-28 00:00:00","2012-09-08 00:00:00","2012-09-16 00:00:00","2012-09-27 00:00:00","3.0000","36.7500","36.7500","2012-09-26 22:00:00"
"20707","995","6","50","2012-08-28 00:00:00","2012-09-08 00:00:00","2012-09-16 00:00:00","2012-09-27 00:00:00","3.0000","36.7500","36.7500","2012-09-26 22:00:00"
"20708","996","6","50","2012-08-28 00:00:00","2012-09-08 00:00:00","2012-09-16 00:00:00","2012-09-27 00:00:00","3.0000","36.7500","36.7500","2012-09-26 22:00:00"
"20722","802","1","10","2012-08-28 00:00:00","2012-09-08 00:00:00","2012-09-16 00:00:00","2012-09-27 00:00:00","4.1000","92.2500","92.2500","2012-09-26 22:00:00"
"20722","802","6","50","2012-08-28 00:00:00","2012-09-08 00:00:00","2012-09-16 00:00:00","2012-09-27 00:00:00","3.0000","36.7500","36.7500","2012-09-26 22:00:00"
"20723","804","1","10","2012-08-28 00:00:00","2012-09-08 00:00:00","2012-09-16 00:00:00","2012-09-27 00:00:00","4.1000","92.2500","92.2500","2012-09-26 22:00:00"
"20723","804","6","50","2012-08-28 00:00:00","2012-09-08 00:00:00","2012-09-16 00:00:00","2012-09-27 00:00:00","3.0000","36.7500","36.7500","2012-09-26 22:00:00"
"20728","763","7","60","2012-08-29 00:00:00","2012-09-09 00:00:00","2012-08-29 00:00:00","2012-09-10 00:00:00","4.0000","49.0000","49.0000","2012-09-09 22:00:00"
"20729","784","7","60","2012-08-29 00:00:00","2012-09-09 00:00:00","2012-08-29 00:00:00","2012-09-10 00:00:00","4.0000","49.0000","49.0000","2012-09-09 22:00:00"
"20730","792","7","60","2012-08-29 00:00:00","2012-09-09 00:00:00","2012-08-29 00:00:00","2012-09-10 00:00:00","4.0000","49.0000","49.0000","2012-09-09 22:00:00"
"20731","516","6","50","2012-08-29 00:00:00","2012-09-09 00:00:00","2012-08-29 00:00:00","2012-09-10 00:00:00","3.0000","36.7500","36.7500","2012-09-09 22:00:00"
"20731","516","7","60","2012-08-29 00:00:00","2012-09-09 00:00:00","2012-08-29 00:00:00","2012-09-10 00:00:00","4.0000","49.0000","49.0000","2012-09-09 22:00:00"
"20732","517","6","50","2012-08-29 00:00:00","2012-09-09 00:00:00","2012-08-29 00:00:00","2012-09-10 00:00:00","3.0000","36.7500","36.7500","2012-09-09 22:00:00"
"20732","517","7","60","2012-08-29 00:00:00","2012-09-09 00:00:00","2012-08-29 00:00:00","2012-09-10 00:00:00","4.0000","49.0000","49.0000","2012-09-09 22:00:00"
"20733","519","6","50","2012-08-29 00:00:00","2012-09-09 00:00:00","2012-08-29 00:00:00","2012-09-10 00:00:00","3.0000","36.7500","36.7500","2012-09-09 22:00:00"
"20733","519","7","60","2012-08-29 00:00:00","2012-09-09 00:00:00","2012-08-29 00:00:00","2012-09-10 00:00:00","4.0000","49.0000","49.0000","2012-09-09 22:00:00"
"20737","806","6","50","2012-08-29 00:00:00","2012-09-09 00:00:00","2012-08-29 00:00:00","2012-09-10 00:00:00","3.0000","36.7500","36.7500","2012-09-09 22:00:00"
"20738","810","1","10","2012-08-29 00:00:00","2012-09-09 00:00:00","2012-08-29 00:00:00","2012-09-10 00:00:00","4.1000","92.2500","92.2500","2012-09-09 22:00:00"
"20738","810","2","20","2012-08-29 00:00:00","2012-09-09 00:00:00","2012-08-29 00:00:00","2012-09-10 00:00:00","3.5000","87.5000","87.5000","2012-09-09 22:00:00"
"20738","810","6","50","2012-08-29 00:00:00","2012-09-09 00:00:00","2012-08-29 00:00:00","2012-09-10 00:00:00","3.0000","36.7500","36.7500","2012-09-09 22:00:00"
"20739","811","1","10","2012-08-29 00:00:00","2012-09-09 00:00:00","2012-08-29 00:00:00","2012-09-10 00:00:00","4.1000","92.2500","92.2500","2012-09-09 22:00:00"
"20739","811","2","20","2012-08-29 00:00:00","2012-09-09 00:00:00","2012-08-29 00:00:00","2012-09-10 00:00:00","3.5000","87.5000","87.5000","2012-09-09 22:00:00"
"20739","811","6","50","2012-08-29 00:00:00","2012-09-09 00:00:00","2012-08-29 00:00:00","2012-09-10 00:00:00","3.0000","36.7500","36.7500","2012-09-09 22:00:00"
"20740","813","1","10","2012-08-29 00:00:00","2012-09-09 00:00:00","2012-08-29 00:00:00","2012-09-10 00:00:00","4.1000","92.2500","92.2500","2012-09-09 22:00:00"
"20740","813","2","20","2012-08-29 00:00:00","2012-09-09 00:00:00","2012-08-29 00:00:00","2012-09-10 00:00:00","3.5000","87.5000","87.5000","2012-09-09 22:00:00"
"20740","813","6","50","2012-08-29 00:00:00","2012-09-09 00:00:00","2012-08-29 00:00:00","2012-09-10 00:00:00","3.0000","36.7500","36.7500","2012-09-09 22:00:00"
"20741","816","6","50","2012-08-29 00:00:00","2012-09-09 00:00:00","2012-08-29 00:00:00","2012-09-10 00:00:00","3.0000","36.7500","36.7500","2012-09-09 22:00:00"
"20742","818","6","50","2012-08-29 00:00:00","2012-09-09 00:00:00","2012-08-29 00:00:00","2012-09-10 00:00:00","3.0000","36.7500","36.7500","2012-09-09 22:00:00"
"20743","820","6","50","2012-08-29 00:00:00","2012-09-09 00:00:00","2012-08-29 00:00:00","2012-09-10 00:00:00","3.0000","36.7500","36.7500","2012-09-09 22:00:00"
"20744","824","6","50","2012-08-29 00:00:00","2012-09-09 00:00:00","2012-08-29 00:00:00","2012-09-10 00:00:00","3.0000","36.7500","36.7500","2012-09-09 22:00:00"
"20745","826","6","50","2012-08-29 00:00:00","2012-09-09 00:00:00","2012-08-29 00:00:00","2012-09-10 00:00:00","3.0000","36.7500","36.7500","2012-09-09 22:00:00"
"20746","828","6","50","2012-08-29 00:00:00","2012-09-09 00:00:00","2012-08-29 00:00:00","2012-09-10 00:00:00","3.0000","36.7500","36.7500","2012-09-09 22:00:00"
"20747","894","6","50","2012-08-29 00:00:00","2012-09-09 00:00:00","2012-08-29 00:00:00","2012-09-10 00:00:00","3.0000","36.7500","36.7500","2012-09-09 22:00:00"
"20748","945","1","10","2012-08-29 00:00:00","2012-09-09 00:00:00","2012-08-29 00:00:00","2012-09-10 00:00:00","4.1000","92.2500","92.2500","2012-09-09 22:00:00"
"20748","945","6","50","2012-08-29 00:00:00","2012-09-09 00:00:00","2012-08-29 00:00:00","2012-09-10 00:00:00","3.0000","36.7500","36.7500","2012-09-09 22:00:00"
"20749","950","6","50","2012-08-29 00:00:00","2012-09-09 00:00:00","2012-08-29 00:00:00","2012-09-10 00:00:00","3.0000","36.7500","36.7500","2012-09-09 22:00:00"
"20750","994","6","50","2012-08-29 00:00:00","2012-09-09 00:00:00","2012-08-29 00:00:00","2012-09-10 00:00:00","3.0000","36.7500","36.7500","2012-09-09 22:00:00"
"20751","995","6","50","2012-08-29 00:00:00","2012-09-09 00:00:00","2012-08-29 00:00:00","2012-09-10 00:00:00","3.0000","36.7500","36.7500","2012-09-09 22:00:00"
"20752","996","6","50","2012-08-29 00:00:00","2012-09-09 00:00:00","2012-08-29 00:00:00","2012-09-10 00:00:00","3.0000","36.7500","36.7500","2012-09-09 22:00:00"
"20766","802","1","10","2012-08-29 00:00:00","2012-09-09 00:00:00","2012-08-29 00:00:00","2012-09-10 00:00:00","4.1000","92.2500","92.2500","2012-09-09 22:00:00"
"20766","802","6","50","2012-08-29 00:00:00","2012-09-09 00:00:00","2012-08-29 00:00:00","2012-09-10 00:00:00","3.0000","36.7500","36.7500","2012-09-09 22:00:00"
"20767","804","1","10","2012-08-29 00:00:00","2012-09-09 00:00:00","2012-08-29 00:00:00","2012-09-10 00:00:00","4.1000","92.2500","92.2500","2012-09-09 22:00:00"
"20767","804","6","50","2012-08-29 00:00:00","2012-09-09 00:00:00","2012-08-29 00:00:00","2012-09-10 00:00:00","3.0000","36.7500","36.7500","2012-09-09 22:00:00"
"20772","759","7","60","2012-08-30 00:00:00","2012-09-10 00:00:00","2012-08-31 00:00:00","2012-09-10 00:00:00","4.0000","49.0000","49.0000","2012-09-09 22:00:00"
"20773","780","7","60","2012-08-30 00:00:00","2012-09-10 00:00:00","2012-08-31 00:00:00","2012-09-10 00:00:00","4.0000","49.0000","49.0000","2012-09-09 22:00:00"
"20774","516","6","50","2012-08-30 00:00:00","2012-09-10 00:00:00","2012-08-31 00:00:00","2012-09-10 00:00:00","3.0000","36.7500","36.7500","2012-09-09 22:00:00"
"20774","516","7","60","2012-08-30 00:00:00","2012-09-10 00:00:00","2012-08-31 00:00:00","2012-09-10 00:00:00","4.0000","49.0000","49.0000","2012-09-09 22:00:00"
"20775","517","6","50","2012-08-30 00:00:00","2012-09-10 00:00:00","2012-08-31 00:00:00","2012-09-10 00:00:00","3.0000","36.7500","36.7500","2012-09-09 22:00:00"
"20775","517","7","60","2012-08-30 00:00:00","2012-09-10 00:00:00","2012-08-31 00:00:00","2012-09-10 00:00:00","4.0000","49.0000","49.0000","2012-09-09 22:00:00"
"20778","806","6","50","2012-08-30 00:00:00","2012-09-10 00:00:00","2012-08-31 00:00:00","2012-09-10 00:00:00","3.0000","36.7500","36.7500","2012-09-09 22:00:00"
"20779","810","1","10","2012-08-30 00:00:00","2012-09-10 00:00:00","2012-08-31 00:00:00","2012-09-10 00:00:00","4.1000","92.2500","92.2500","2012-09-09 22:00:00"
"20779","810","2","20","2012-08-30 00:00:00","2012-09-10 00:00:00","2012-08-31 00:00:00","2012-09-10 00:00:00","3.5000","87.5000","87.5000","2012-09-09 22:00:00"
"20779","810","6","50","2012-08-30 00:00:00","2012-09-10 00:00:00","2012-08-31 00:00:00","2012-09-10 00:00:00","3.0000","36.7500","36.7500","2012-09-09 22:00:00"
"20780","811","1","10","2012-08-30 00:00:00","2012-09-10 00:00:00","2012-08-31 00:00:00","2012-09-10 00:00:00","4.1000","92.2500","92.2500","2012-09-09 22:00:00"
"20780","811","2","20","2012-08-30 00:00:00","2012-09-10 00:00:00","2012-08-31 00:00:00","2012-09-10 00:00:00","3.5000","87.5000","87.5000","2012-09-09 22:00:00"
"20780","811","6","50","2012-08-30 00:00:00","2012-09-10 00:00:00","2012-08-31 00:00:00","2012-09-10 00:00:00","3.0000","36.7500","36.7500","2012-09-09 22:00:00"
"20781","816","6","50","2012-08-30 00:00:00","2012-09-10 00:00:00","2012-08-31 00:00:00","2012-09-10 00:00:00","3.0000","36.7500","36.7500","2012-09-09 22:00:00"
"20782","818","6","50","2012-08-30 00:00:00","2012-09-10 00:00:00","2012-08-31 00:00:00","2012-09-10 00:00:00","3.0000","36.7500","36.7500","2012-09-09 22:00:00"
"20783","824","6","50","2012-08-30 00:00:00","2012-09-10 00:00:00","2012-08-31 00:00:00","2012-09-10 00:00:00","3.0000","36.7500","36.7500","2012-09-09 22:00:00"
"20784","826","6","50","2012-08-30 00:00:00","2012-09-10 00:00:00","2012-08-31 00:00:00","2012-09-10 00:00:00","3.0000","36.7500","36.7500","2012-09-09 22:00:00"
"20785","894","6","50","2012-08-30 00:00:00","2012-09-10 00:00:00","2012-08-31 00:00:00","2012-09-10 00:00:00","3.0000","36.7500","36.7500","2012-09-09 22:00:00"
"20786","945","1","10","2012-08-30 00:00:00","2012-09-10 00:00:00","2012-08-31 00:00:00","2012-09-10 00:00:00","4.1000","92.2500","92.2500","2012-09-09 22:00:00"
"20786","945","6","50","2012-08-30 00:00:00","2012-09-10 00:00:00","2012-08-31 00:00:00","2012-09-10 00:00:00","3.0000","36.7500","36.7500","2012-09-09 22:00:00"
"20787","950","6","50","2012-08-30 00:00:00","2012-09-10 00:00:00","2012-08-31 00:00:00","2012-09-10 00:00:00","3.0000","36.7500","36.7500","2012-09-09 22:00:00"
"20788","994","6","50","2012-08-30 00:00:00","2012-09-10 00:00:00","2012-08-31 00:00:00","2012-09-10 00:00:00","3.0000","36.7500","36.7500","2012-09-09 22:00:00"
"20789","995","6","50","2012-08-30 00:00:00","2012-09-10 00:00:00","2012-08-31 00:00:00","2012-09-10 00:00:00","3.0000","36.7500","36.7500","2012-09-09 22:00:00"
"20803","802","1","10","2012-08-30 00:00:00","2012-09-10 00:00:00","2012-08-31 00:00:00","2012-09-10 00:00:00","4.1000","92.2500","92.2500","2012-09-09 22:00:00"
"20803","802","6","50","2012-08-30 00:00:00","2012-09-10 00:00:00","2012-08-31 00:00:00","2012-09-10 00:00:00","3.0000","36.7500","36.7500","2012-09-09 22:00:00"
"20804","804","1","10","2012-08-30 00:00:00","2012-09-10 00:00:00","2012-08-31 00:00:00","2012-09-10 00:00:00","4.1000","92.2500","92.2500","2012-09-09 22:00:00"
"20804","804","6","50","2012-08-30 00:00:00","2012-09-10 00:00:00","2012-08-31 00:00:00","2012-09-10 00:00:00","3.0000","36.7500","36.7500","2012-09-09 22:00:00"
"20809","779","7","60","2012-08-31 00:00:00","2012-09-11 00:00:00","2012-08-31 00:00:00","2012-09-14 00:00:00","4.0000","49.0000","49.0000","2012-09-13 22:00:00"
"20810","781","7","60","2012-08-31 00:00:00","2012-09-11 00:00:00","2012-08-31 00:00:00","2012-09-14 00:00:00","4.0000","49.0000","49.0000","2012-09-13 22:00:00"
"20811","789","7","60","2012-08-31 00:00:00","2012-09-11 00:00:00","2012-08-31 00:00:00","2012-09-14 00:00:00","4.0000","49.0000","49.0000","2012-09-13 22:00:00"
"20812","794","7","60","2012-08-31 00:00:00","2012-09-11 00:00:00","2012-08-31 00:00:00","2012-09-14 00:00:00","4.0000","49.0000","49.0000","2012-09-13 22:00:00"
"20813","798","7","60","2012-08-31 00:00:00","2012-09-11 00:00:00","2012-08-31 00:00:00","2012-09-14 00:00:00","4.0000","49.0000","49.0000","2012-09-13 22:00:00"
"20814","801","7","60","2012-08-31 00:00:00","2012-09-11 00:00:00","2012-08-31 00:00:00","2012-09-14 00:00:00","4.0000","49.0000","49.0000","2012-09-13 22:00:00"
"20815","516","6","50","2012-08-31 00:00:00","2012-09-11 00:00:00","2012-08-31 00:00:00","2012-09-14 00:00:00","3.0000","36.7500","36.7500","2012-09-13 22:00:00"
"20815","516","7","60","2012-08-31 00:00:00","2012-09-11 00:00:00","2012-08-31 00:00:00","2012-09-14 00:00:00","4.0000","49.0000","49.0000","2012-09-13 22:00:00"
"20816","518","6","50","2012-08-31 00:00:00","2012-09-11 00:00:00","2012-08-31 00:00:00","2012-09-14 00:00:00","3.0000","36.7500","36.7500","2012-09-13 22:00:00"
"20816","518","7","60","2012-08-31 00:00:00","2012-09-11 00:00:00","2012-08-31 00:00:00","2012-09-14 00:00:00","4.0000","49.0000","49.0000","2012-09-13 22:00:00"
"20817","519","6","50","2012-08-31 00:00:00","2012-09-11 00:00:00","2012-08-31 00:00:00","2012-09-14 00:00:00","3.0000","36.7500","36.7500","2012-09-13 22:00:00"
"20817","519","7","60","2012-08-31 00:00:00","2012-09-11 00:00:00","2012-08-31 00:00:00","2012-09-14 00:00:00","4.0000","49.0000","49.0000","2012-09-13 22:00:00"
"20820","748","1","10","2012-08-31 00:00:00","2012-09-11 00:00:00","2012-08-31 00:00:00","2012-09-14 00:00:00","4.1000","92.2500","92.2500","2012-09-13 22:00:00"
"20820","748","2","20","2012-08-31 00:00:00","2012-09-11 00:00:00","2012-08-31 00:00:00","2012-09-14 00:00:00","3.5000","87.5000","87.5000","2012-09-13 22:00:00"
"20820","748","3","30","2012-08-31 00:00:00","2012-09-11 00:00:00","2012-08-31 00:00:00","2012-09-14 00:00:00","1.0000","14.5000","14.5000","2012-09-13 22:00:00"
"20820","748","5","45","2012-08-31 00:00:00","2012-09-11 00:00:00","2012-08-31 00:00:00","2012-09-14 00:00:00","2.0000","36.0000","36.0000","2012-09-13 22:00:00"
"20820","748","6","50","2012-08-31 00:00:00","2012-09-11 00:00:00","2012-08-31 00:00:00","2012-09-14 00:00:00","3.0000","36.7500","36.7500","2012-09-13 22:00:00"
"20820","748","7","60","2012-08-31 00:00:00","2012-09-11 00:00:00","2012-08-31 00:00:00","2012-09-14 00:00:00","4.0000","49.0000","49.0000","2012-09-13 22:00:00"
"20821","806","6","50","2012-08-31 00:00:00","2012-09-11 00:00:00","2012-08-31 00:00:00","2012-09-14 00:00:00","3.0000","36.7500","36.7500","2012-09-13 22:00:00"
"20822","810","1","10","2012-08-31 00:00:00","2012-09-11 00:00:00","2012-08-31 00:00:00","2012-09-14 00:00:00","4.1000","92.2500","92.2500","2012-09-13 22:00:00"
"20822","810","2","20","2012-08-31 00:00:00","2012-09-11 00:00:00","2012-08-31 00:00:00","2012-09-14 00:00:00","3.5000","87.5000","87.5000","2012-09-13 22:00:00"
"20822","810","6","50","2012-08-31 00:00:00","2012-09-11 00:00:00","2012-08-31 00:00:00","2012-09-14 00:00:00","3.0000","36.7500","36.7500","2012-09-13 22:00:00"
"20823","812","1","10","2012-08-31 00:00:00","2012-09-11 00:00:00","2012-08-31 00:00:00","2012-09-14 00:00:00","4.1000","92.2500","92.2500","2012-09-13 22:00:00"
"20823","812","2","20","2012-08-31 00:00:00","2012-09-11 00:00:00","2012-08-31 00:00:00","2012-09-14 00:00:00","3.5000","87.5000","87.5000","2012-09-13 22:00:00"
"20823","812","6","50","2012-08-31 00:00:00","2012-09-11 00:00:00","2012-08-31 00:00:00","2012-09-14 00:00:00","3.0000","36.7500","36.7500","2012-09-13 22:00:00"
"20824","813","1","10","2012-08-31 00:00:00","2012-09-11 00:00:00","2012-08-31 00:00:00","2012-09-14 00:00:00","4.1000","92.2500","92.2500","2012-09-13 22:00:00"
"20824","813","2","20","2012-08-31 00:00:00","2012-09-11 00:00:00","2012-08-31 00:00:00","2012-09-14 00:00:00","3.5000","87.5000","87.5000","2012-09-13 22:00:00"
"20824","813","6","50","2012-08-31 00:00:00","2012-09-11 00:00:00","2012-08-31 00:00:00","2012-09-14 00:00:00","3.0000","36.7500","36.7500","2012-09-13 22:00:00"
"20825","816","6","50","2012-08-31 00:00:00","2012-09-11 00:00:00","2012-08-31 00:00:00","2012-09-14 00:00:00","3.0000","36.7500","36.7500","2012-09-13 22:00:00"
"20826","819","6","50","2012-08-31 00:00:00","2012-09-11 00:00:00","2012-08-31 00:00:00","2012-09-14 00:00:00","3.0000","36.7500","36.7500","2012-09-13 22:00:00"
"20827","820","6","50","2012-08-31 00:00:00","2012-09-11 00:00:00","2012-08-31 00:00:00","2012-09-14 00:00:00","3.0000","36.7500","36.7500","2012-09-13 22:00:00"
"20828","824","6","50","2012-08-31 00:00:00","2012-09-11 00:00:00","2012-08-31 00:00:00","2012-09-14 00:00:00","3.0000","36.7500","36.7500","2012-09-13 22:00:00"
"20829","827","6","50","2012-08-31 00:00:00","2012-09-11 00:00:00","2012-08-31 00:00:00","2012-09-14 00:00:00","3.0000","36.7500","36.7500","2012-09-13 22:00:00"
"20830","828","6","50","2012-08-31 00:00:00","2012-09-11 00:00:00","2012-08-31 00:00:00","2012-09-14 00:00:00","3.0000","36.7500","36.7500","2012-09-13 22:00:00"
"20834","894","6","50","2012-08-31 00:00:00","2012-09-11 00:00:00","2012-08-31 00:00:00","2012-09-14 00:00:00","3.0000","36.7500","36.7500","2012-09-13 22:00:00"
"20835","945","1","10","2012-08-31 00:00:00","2012-09-11 00:00:00","2012-08-31 00:00:00","2012-09-14 00:00:00","4.1000","92.2500","92.2500","2012-09-13 22:00:00"
"20835","945","6","50","2012-08-31 00:00:00","2012-09-11 00:00:00","2012-08-31 00:00:00","2012-09-14 00:00:00","3.0000","36.7500","36.7500","2012-09-13 22:00:00"
"20836","950","6","50","2012-08-31 00:00:00","2012-09-11 00:00:00","2012-08-31 00:00:00","2012-09-14 00:00:00","3.0000","36.7500","36.7500","2012-09-13 22:00:00"
"20837","994","6","50","2012-08-31 00:00:00","2012-09-11 00:00:00","2012-08-31 00:00:00","2012-09-14 00:00:00","3.0000","36.7500","36.7500","2012-09-13 22:00:00"
"20838","995","6","50","2012-08-31 00:00:00","2012-09-11 00:00:00","2012-08-31 00:00:00","2012-09-14 00:00:00","3.0000","36.7500","36.7500","2012-09-13 22:00:00"
"20839","996","6","50","2012-08-31 00:00:00","2012-09-11 00:00:00","2012-08-31 00:00:00","2012-09-14 00:00:00","3.0000","36.7500","36.7500","2012-09-13 22:00:00"
"20852","803","1","10","2012-08-31 00:00:00","2012-09-11 00:00:00","2012-08-31 00:00:00","2012-09-14 00:00:00","4.1000","92.2500","92.2500","2012-09-13 22:00:00"
"20852","803","6","50","2012-08-31 00:00:00","2012-09-11 00:00:00","2012-08-31 00:00:00","2012-09-14 00:00:00","3.0000","36.7500","36.7500","2012-09-13 22:00:00"
"20853","804","1","10","2012-08-31 00:00:00","2012-09-11 00:00:00","2012-08-31 00:00:00","2012-09-14 00:00:00","4.1000","92.2500","92.2500","2012-09-13 22:00:00"
"20853","804","6","50","2012-08-31 00:00:00","2012-09-11 00:00:00","2012-08-31 00:00:00","2012-09-14 00:00:00","3.0000","36.7500","36.7500","2012-09-13 22:00:00"
"20858","761","7","60","2012-09-01 00:00:00","2012-09-12 00:00:00","2012-09-04 00:00:00","2012-09-12 00:00:00","4.0000","49.0000","49.0000","2012-09-11 22:00:00"
"20859","762","7","60","2012-09-01 00:00:00","2012-09-12 00:00:00","2012-09-04 00:00:00","2012-09-12 00:00:00","4.0000","49.0000","49.0000","2012-09-11 22:00:00"
"20860","765","7","60","2012-09-01 00:00:00","2012-09-12 00:00:00","2012-09-04 00:00:00","2012-09-12 00:00:00","4.0000","49.0000","49.0000","2012-09-11 22:00:00"
"20861","789","7","60","2012-09-01 00:00:00","2012-09-12 00:00:00","2012-09-04 00:00:00","2012-09-12 00:00:00","4.0000","49.0000","49.0000","2012-09-11 22:00:00"
"20862","791","7","60","2012-09-01 00:00:00","2012-09-12 00:00:00","2012-09-04 00:00:00","2012-09-12 00:00:00","4.0000","49.0000","49.0000","2012-09-11 22:00:00"
"20863","795","7","60","2012-09-01 00:00:00","2012-09-12 00:00:00","2012-09-04 00:00:00","2012-09-12 00:00:00","4.0000","49.0000","49.0000","2012-09-11 22:00:00"
"20864","799","7","60","2012-09-01 00:00:00","2012-09-12 00:00:00","2012-09-04 00:00:00","2012-09-12 00:00:00","4.0000","49.0000","49.0000","2012-09-11 22:00:00"
"20865","800","7","60","2012-09-01 00:00:00","2012-09-12 00:00:00","2012-09-04 00:00:00","2012-09-12 00:00:00","4.0000","49.0000","49.0000","2012-09-11 22:00:00"
"20866","517","6","50","2012-09-01 00:00:00","2012-09-12 00:00:00","2012-09-04 00:00:00","2012-09-12 00:00:00","3.0000","36.7500","36.7500","2012-09-11 22:00:00"
"20866","517","7","60","2012-09-01 00:00:00","2012-09-12 00:00:00","2012-09-04 00:00:00","2012-09-12 00:00:00","4.0000","49.0000","49.0000","2012-09-11 22:00:00"
"20867","518","6","50","2012-09-01 00:00:00","2012-09-12 00:00:00","2012-09-04 00:00:00","2012-09-12 00:00:00","3.0000","36.7500","36.7500","2012-09-11 22:00:00"
"20867","518","7","60","2012-09-01 00:00:00","2012-09-12 00:00:00","2012-09-04 00:00:00","2012-09-12 00:00:00","4.0000","49.0000","49.0000","2012-09-11 22:00:00"
"20868","519","6","50","2012-09-01 00:00:00","2012-09-12 00:00:00","2012-09-04 00:00:00","2012-09-12 00:00:00","3.0000","36.7500","36.7500","2012-09-11 22:00:00"
"20868","519","7","60","2012-09-01 00:00:00","2012-09-12 00:00:00","2012-09-04 00:00:00","2012-09-12 00:00:00","4.0000","49.0000","49.0000","2012-09-11 22:00:00"
"20874","806","6","50","2012-09-01 00:00:00","2012-09-12 00:00:00","2012-09-04 00:00:00","2012-09-12 00:00:00","3.0000","36.7500","36.7500","2012-09-11 22:00:00"
"20875","811","1","10","2012-09-01 00:00:00","2012-09-12 00:00:00","2012-09-04 00:00:00","2012-09-12 00:00:00","4.1000","92.2500","92.2500","2012-09-11 22:00:00"
"20875","811","2","20","2012-09-01 00:00:00","2012-09-12 00:00:00","2012-09-04 00:00:00","2012-09-12 00:00:00","3.5000","87.5000","87.5000","2012-09-11 22:00:00"
"20875","811","6","50","2012-09-01 00:00:00","2012-09-12 00:00:00","2012-09-04 00:00:00","2012-09-12 00:00:00","3.0000","36.7500","36.7500","2012-09-11 22:00:00"
"20876","812","1","10","2012-09-01 00:00:00","2012-09-12 00:00:00","2012-09-04 00:00:00","2012-09-12 00:00:00","4.1000","92.2500","92.2500","2012-09-11 22:00:00"
"20876","812","2","20","2012-09-01 00:00:00","2012-09-12 00:00:00","2012-09-04 00:00:00","2012-09-12 00:00:00","3.5000","87.5000","87.5000","2012-09-11 22:00:00"
"20876","812","6","50","2012-09-01 00:00:00","2012-09-12 00:00:00","2012-09-04 00:00:00","2012-09-12 00:00:00","3.0000","36.7500","36.7500","2012-09-11 22:00:00"
"20877","813","1","10","2012-09-01 00:00:00","2012-09-12 00:00:00","2012-09-04 00:00:00","2012-09-12 00:00:00","4.1000","92.2500","92.2500","2012-09-11 22:00:00"
"20877","813","2","20","2012-09-01 00:00:00","2012-09-12 00:00:00","2012-09-04 00:00:00","2012-09-12 00:00:00","3.5000","87.5000","87.5000","2012-09-11 22:00:00"
"20877","813","6","50","2012-09-01 00:00:00","2012-09-12 00:00:00","2012-09-04 00:00:00","2012-09-12 00:00:00","3.0000","36.7500","36.7500","2012-09-11 22:00:00"
"20878","818","6","50","2012-09-01 00:00:00","2012-09-12 00:00:00","2012-09-04 00:00:00","2012-09-12 00:00:00","3.0000","36.7500","36.7500","2012-09-11 22:00:00"
"20879","819","6","50","2012-09-01 00:00:00","2012-09-12 00:00:00","2012-09-04 00:00:00","2012-09-12 00:00:00","3.0000","36.7500","36.7500","2012-09-11 22:00:00"
"20880","820","6","50","2012-09-01 00:00:00","2012-09-12 00:00:00","2012-09-04 00:00:00","2012-09-12 00:00:00","3.0000","36.7500","36.7500","2012-09-11 22:00:00"
"20881","826","6","50","2012-09-01 00:00:00","2012-09-12 00:00:00","2012-09-04 00:00:00","2012-09-12 00:00:00","3.0000","36.7500","36.7500","2012-09-11 22:00:00"
"20882","827","6","50","2012-09-01 00:00:00","2012-09-12 00:00:00","2012-09-04 00:00:00","2012-09-12 00:00:00","3.0000","36.7500","36.7500","2012-09-11 22:00:00"
"20883","828","6","50","2012-09-01 00:00:00","2012-09-12 00:00:00","2012-09-04 00:00:00","2012-09-12 00:00:00","3.0000","36.7500","36.7500","2012-09-11 22:00:00"
"20887","894","6","50","2012-09-01 00:00:00","2012-09-12 00:00:00","2012-09-04 00:00:00","2012-09-12 00:00:00","3.0000","36.7500","36.7500","2012-09-11 22:00:00"
"20888","945","1","10","2012-09-01 00:00:00","2012-09-12 00:00:00","2012-09-04 00:00:00","2012-09-12 00:00:00","4.1000","92.2500","92.2500","2012-09-11 22:00:00"
"20888","945","6","50","2012-09-01 00:00:00","2012-09-12 00:00:00","2012-09-04 00:00:00","2012-09-12 00:00:00","3.0000","36.7500","36.7500","2012-09-11 22:00:00"
"20889","950","6","50","2012-09-01 00:00:00","2012-09-12 00:00:00","2012-09-04 00:00:00","2012-09-12 00:00:00","3.0000","36.7500","36.7500","2012-09-11 22:00:00"
"20890","994","6","50","2012-09-01 00:00:00","2012-09-12 00:00:00","2012-09-04 00:00:00","2012-09-12 00:00:00","3.0000","36.7500","36.7500","2012-09-11 22:00:00"
"20891","996","6","50","2012-09-01 00:00:00","2012-09-12 00:00:00","2012-09-04 00:00:00","2012-09-12 00:00:00","3.0000","36.7500","36.7500","2012-09-11 22:00:00"
"20904","802","1","10","2012-09-01 00:00:00","2012-09-12 00:00:00","2012-09-04 00:00:00","2012-09-12 00:00:00","4.1000","92.2500","92.2500","2012-09-11 22:00:00"
"20904","802","6","50","2012-09-01 00:00:00","2012-09-12 00:00:00","2012-09-04 00:00:00","2012-09-12 00:00:00","3.0000","36.7500","36.7500","2012-09-11 22:00:00"
"20905","803","1","10","2012-09-01 00:00:00","2012-09-12 00:00:00","2012-09-04 00:00:00","2012-09-12 00:00:00","4.1000","92.2500","92.2500","2012-09-11 22:00:00"
"20905","803","6","50","2012-09-01 00:00:00","2012-09-12 00:00:00","2012-09-04 00:00:00","2012-09-12 00:00:00","3.0000","36.7500","36.7500","2012-09-11 22:00:00"
"20906","804","1","10","2012-09-01 00:00:00","2012-09-12 00:00:00","2012-09-04 00:00:00","2012-09-12 00:00:00","4.1000","92.2500","92.2500","2012-09-11 22:00:00"
"20906","804","6","50","2012-09-01 00:00:00","2012-09-12 00:00:00","2012-09-04 00:00:00","2012-09-12 00:00:00","3.0000","36.7500","36.7500","2012-09-11 22:00:00"
"20924","747","1","10","2012-09-02 00:00:00","2012-09-13 00:00:00","2012-09-02 00:00:00","2012-09-18 00:00:00","4.1000","92.2500","92.2500","2012-09-17 22:00:00"
"20924","747","2","20","2012-09-02 00:00:00","2012-09-13 00:00:00","2012-09-02 00:00:00","2012-09-18 00:00:00","3.5000","87.5000","87.5000","2012-09-17 22:00:00"
"20924","747","3","30","2012-09-02 00:00:00","2012-09-13 00:00:00","2012-09-02 00:00:00","2012-09-18 00:00:00","1.0000","14.5000","14.5000","2012-09-17 22:00:00"
"20924","747","4","40","2012-09-02 00:00:00","2012-09-13 00:00:00","2012-09-02 00:00:00","2012-09-18 00:00:00","2.0000","31.5000","31.5000","2012-09-17 22:00:00"
"20924","747","6","50","2012-09-02 00:00:00","2012-09-13 00:00:00","2012-09-02 00:00:00","2012-09-18 00:00:00","3.0000","36.7500","36.7500","2012-09-17 22:00:00"
"20924","747","7","60","2012-09-02 00:00:00","2012-09-13 00:00:00","2012-09-02 00:00:00","2012-09-18 00:00:00","4.0000","49.0000","49.0000","2012-09-17 22:00:00"
"20925","748","1","10","2012-09-02 00:00:00","2012-09-13 00:00:00","2012-09-02 00:00:00","2012-09-18 00:00:00","4.1000","92.2500","92.2500","2012-09-17 22:00:00"
"20925","748","2","20","2012-09-02 00:00:00","2012-09-13 00:00:00","2012-09-02 00:00:00","2012-09-18 00:00:00","3.5000","87.5000","87.5000","2012-09-17 22:00:00"
"20925","748","3","30","2012-09-02 00:00:00","2012-09-13 00:00:00","2012-09-02 00:00:00","2012-09-18 00:00:00","1.0000","14.5000","14.5000","2012-09-17 22:00:00"
"20925","748","5","45","2012-09-02 00:00:00","2012-09-13 00:00:00","2012-09-02 00:00:00","2012-09-18 00:00:00","2.0000","36.0000","36.0000","2012-09-17 22:00:00"
"20925","748","6","50","2012-09-02 00:00:00","2012-09-13 00:00:00","2012-09-02 00:00:00","2012-09-18 00:00:00","3.0000","36.7500","36.7500","2012-09-17 22:00:00"
"20925","748","7","60","2012-09-02 00:00:00","2012-09-13 00:00:00","2012-09-02 00:00:00","2012-09-18 00:00:00","4.0000","49.0000","49.0000","2012-09-17 22:00:00"
"20926","759","7","60","2012-09-02 00:00:00","2012-09-13 00:00:00","2012-09-02 00:00:00","2012-09-18 00:00:00","4.0000","49.0000","49.0000","2012-09-17 22:00:00"
"20927","760","7","60","2012-09-02 00:00:00","2012-09-13 00:00:00","2012-09-02 00:00:00","2012-09-18 00:00:00","4.0000","49.0000","49.0000","2012-09-17 22:00:00"
"20928","761","7","60","2012-09-02 00:00:00","2012-09-13 00:00:00","2012-09-02 00:00:00","2012-09-18 00:00:00","4.0000","49.0000","49.0000","2012-09-17 22:00:00"
"20929","762","7","60","2012-09-02 00:00:00","2012-09-13 00:00:00","2012-09-02 00:00:00","2012-09-18 00:00:00","4.0000","49.0000","49.0000","2012-09-17 22:00:00"
"20930","763","7","60","2012-09-02 00:00:00","2012-09-13 00:00:00","2012-09-02 00:00:00","2012-09-18 00:00:00","4.0000","49.0000","49.0000","2012-09-17 22:00:00"
"20931","764","7","60","2012-09-02 00:00:00","2012-09-13 00:00:00","2012-09-02 00:00:00","2012-09-18 00:00:00","4.0000","49.0000","49.0000","2012-09-17 22:00:00"
"20932","765","7","60","2012-09-02 00:00:00","2012-09-13 00:00:00","2012-09-02 00:00:00","2012-09-18 00:00:00","4.0000","49.0000","49.0000","2012-09-17 22:00:00"
"20933","766","7","60","2012-09-02 00:00:00","2012-09-13 00:00:00","2012-09-02 00:00:00","2012-09-18 00:00:00","4.0000","49.0000","49.0000","2012-09-17 22:00:00"
"20934","767","7","60","2012-09-02 00:00:00","2012-09-13 00:00:00","2012-09-02 00:00:00","2012-09-18 00:00:00","4.0000","49.0000","49.0000","2012-09-17 22:00:00"
"20935","768","7","60","2012-09-02 00:00:00","2012-09-13 00:00:00","2012-09-02 00:00:00","2012-09-18 00:00:00","4.0000","49.0000","49.0000","2012-09-17 22:00:00"
"20936","769","7","60","2012-09-02 00:00:00","2012-09-13 00:00:00","2012-09-02 00:00:00","2012-09-18 00:00:00","4.0000","49.0000","49.0000","2012-09-17 22:00:00"
"20937","770","7","60","2012-09-02 00:00:00","2012-09-13 00:00:00","2012-09-02 00:00:00","2012-09-18 00:00:00","4.0000","49.0000","49.0000","2012-09-17 22:00:00"
"20938","779","7","60","2012-09-02 00:00:00","2012-09-13 00:00:00","2012-09-02 00:00:00","2012-09-18 00:00:00","4.0000","49.0000","49.0000","2012-09-17 22:00:00"
"20939","780","7","60","2012-09-02 00:00:00","2012-09-13 00:00:00","2012-09-02 00:00:00","2012-09-18 00:00:00","4.0000","49.0000","49.0000","2012-09-17 22:00:00"
"20940","781","7","60","2012-09-02 00:00:00","2012-09-13 00:00:00","2012-09-02 00:00:00","2012-09-18 00:00:00","4.0000","49.0000","49.0000","2012-09-17 22:00:00"
"20941","782","7","60","2012-09-02 00:00:00","2012-09-13 00:00:00","2012-09-02 00:00:00","2012-09-18 00:00:00","4.0000","49.0000","49.0000","2012-09-17 22:00:00"
"20942","783","7","60","2012-09-02 00:00:00","2012-09-13 00:00:00","2012-09-02 00:00:00","2012-09-18 00:00:00","4.0000","49.0000","49.0000","2012-09-17 22:00:00"
"20943","784","7","60","2012-09-02 00:00:00","2012-09-13 00:00:00","2012-09-02 00:00:00","2012-09-18 00:00:00","4.0000","49.0000","49.0000","2012-09-17 22:00:00"
"20944","785","7","60","2012-09-02 00:00:00","2012-09-13 00:00:00","2012-09-02 00:00:00","2012-09-18 00:00:00","4.0000","49.0000","49.0000","2012-09-17 22:00:00"
"20945","786","7","60","2012-09-02 00:00:00","2012-09-13 00:00:00","2012-09-02 00:00:00","2012-09-18 00:00:00","4.0000","49.0000","49.0000","2012-09-17 22:00:00"
"20946","787","7","60","2012-09-02 00:00:00","2012-09-13 00:00:00","2012-09-02 00:00:00","2012-09-18 00:00:00","4.0000","49.0000","49.0000","2012-09-17 22:00:00"
"20947","788","7","60","2012-09-02 00:00:00","2012-09-13 00:00:00","2012-09-02 00:00:00","2012-09-18 00:00:00","4.0000","49.0000","49.0000","2012-09-17 22:00:00"
"20948","789","7","60","2012-09-02 00:00:00","2012-09-13 00:00:00","2012-09-02 00:00:00","2012-09-18 00:00:00","4.0000","49.0000","49.0000","2012-09-17 22:00:00"
"20949","790","7","60","2012-09-02 00:00:00","2012-09-13 00:00:00","2012-09-02 00:00:00","2012-09-18 00:00:00","4.0000","49.0000","49.0000","2012-09-17 22:00:00"
"20950","791","7","60","2012-09-02 00:00:00","2012-09-13 00:00:00","2012-09-02 00:00:00","2012-09-18 00:00:00","4.0000","49.0000","49.0000","2012-09-17 22:00:00"
"20951","792","7","60","2012-09-02 00:00:00","2012-09-13 00:00:00","2012-09-02 00:00:00","2012-09-18 00:00:00","4.0000","49.0000","49.0000","2012-09-17 22:00:00"
"20952","793","7","60","2012-09-02 00:00:00","2012-09-13 00:00:00","2012-09-02 00:00:00","2012-09-18 00:00:00","4.0000","49.0000","49.0000","2012-09-17 22:00:00"
"20953","794","7","60","2012-09-02 00:00:00","2012-09-13 00:00:00","2012-09-02 00:00:00","2012-09-18 00:00:00","4.0000","49.0000","49.0000","2012-09-17 22:00:00"
"20954","795","7","60","2012-09-02 00:00:00","2012-09-13 00:00:00","2012-09-02 00:00:00","2012-09-18 00:00:00","4.0000","49.0000","49.0000","2012-09-17 22:00:00"
"20955","796","7","60","2012-09-02 00:00:00","2012-09-13 00:00:00","2012-09-02 00:00:00","2012-09-18 00:00:00","4.0000","49.0000","49.0000","2012-09-17 22:00:00"
"20956","797","7","60","2012-09-02 00:00:00","2012-09-13 00:00:00","2012-09-02 00:00:00","2012-09-18 00:00:00","4.0000","49.0000","49.0000","2012-09-17 22:00:00"
"20957","798","7","60","2012-09-02 00:00:00","2012-09-13 00:00:00","2012-09-02 00:00:00","2012-09-18 00:00:00","4.0000","49.0000","49.0000","2012-09-17 22:00:00"
"20958","799","7","60","2012-09-02 00:00:00","2012-09-13 00:00:00","2012-09-02 00:00:00","2012-09-18 00:00:00","4.0000","49.0000","49.0000","2012-09-17 22:00:00"
"20959","800","7","60","2012-09-02 00:00:00","2012-09-13 00:00:00","2012-09-02 00:00:00","2012-09-18 00:00:00","4.0000","49.0000","49.0000","2012-09-17 22:00:00"
"20960","801","7","60","2012-09-02 00:00:00","2012-09-13 00:00:00","2012-09-02 00:00:00","2012-09-18 00:00:00","4.0000","49.0000","49.0000","2012-09-17 22:00:00"
"20961","802","1","10","2012-09-02 00:00:00","2012-09-13 00:00:00","2012-09-02 00:00:00","2012-09-18 00:00:00","4.1000","92.2500","92.2500","2012-09-17 22:00:00"
"20961","802","6","50","2012-09-02 00:00:00","2012-09-13 00:00:00","2012-09-02 00:00:00","2012-09-18 00:00:00","3.0000","36.7500","36.7500","2012-09-17 22:00:00"
"20962","804","1","10","2012-09-02 00:00:00","2012-09-13 00:00:00","2012-09-02 00:00:00","2012-09-18 00:00:00","4.1000","92.2500","92.2500","2012-09-17 22:00:00"
"20962","804","6","50","2012-09-02 00:00:00","2012-09-13 00:00:00","2012-09-02 00:00:00","2012-09-18 00:00:00","3.0000","36.7500","36.7500","2012-09-17 22:00:00"
"20963","805","6","50","2012-09-02 00:00:00","2012-09-13 00:00:00","2012-09-02 00:00:00","2012-09-18 00:00:00","3.0000","36.7500","36.7500","2012-09-17 22:00:00"
"20964","806","6","50","2012-09-02 00:00:00","2012-09-13 00:00:00","2012-09-02 00:00:00","2012-09-18 00:00:00","3.0000","36.7500","36.7500","2012-09-17 22:00:00"
"20965","807","6","50","2012-09-02 00:00:00","2012-09-13 00:00:00","2012-09-02 00:00:00","2012-09-18 00:00:00","3.0000","36.7500","36.7500","2012-09-17 22:00:00"
"20966","808","1","10","2012-09-02 00:00:00","2012-09-13 00:00:00","2012-09-02 00:00:00","2012-09-18 00:00:00","4.1000","92.2500","92.2500","2012-09-17 22:00:00"
"20966","808","2","20","2012-09-02 00:00:00","2012-09-13 00:00:00","2012-09-02 00:00:00","2012-09-18 00:00:00","3.5000","87.5000","87.5000","2012-09-17 22:00:00"
"20966","808","6","50","2012-09-02 00:00:00","2012-09-13 00:00:00","2012-09-02 00:00:00","2012-09-18 00:00:00","3.0000","36.7500","36.7500","2012-09-17 22:00:00"
"20967","809","1","10","2012-09-02 00:00:00","2012-09-13 00:00:00","2012-09-02 00:00:00","2012-09-18 00:00:00","4.1000","92.2500","92.2500","2012-09-17 22:00:00"
"20967","809","2","20","2012-09-02 00:00:00","2012-09-13 00:00:00","2012-09-02 00:00:00","2012-09-18 00:00:00","3.5000","87.5000","87.5000","2012-09-17 22:00:00"
"20967","809","6","50","2012-09-02 00:00:00","2012-09-13 00:00:00","2012-09-02 00:00:00","2012-09-18 00:00:00","3.0000","36.7500","36.7500","2012-09-17 22:00:00"
"20968","810","1","10","2012-09-02 00:00:00","2012-09-13 00:00:00","2012-09-02 00:00:00","2012-09-18 00:00:00","4.1000","92.2500","92.2500","2012-09-17 22:00:00"
"20968","810","2","20","2012-09-02 00:00:00","2012-09-13 00:00:00","2012-09-02 00:00:00","2012-09-18 00:00:00","3.5000","87.5000","87.5000","2012-09-17 22:00:00"
"20968","810","6","50","2012-09-02 00:00:00","2012-09-13 00:00:00","2012-09-02 00:00:00","2012-09-18 00:00:00","3.0000","36.7500","36.7500","2012-09-17 22:00:00"
"20969","813","1","10","2012-09-02 00:00:00","2012-09-13 00:00:00","2012-09-02 00:00:00","2012-09-18 00:00:00","4.1000","92.2500","92.2500","2012-09-17 22:00:00"
"20969","813","2","20","2012-09-02 00:00:00","2012-09-13 00:00:00","2012-09-02 00:00:00","2012-09-18 00:00:00","3.5000","87.5000","87.5000","2012-09-17 22:00:00"
"20969","813","6","50","2012-09-02 00:00:00","2012-09-13 00:00:00","2012-09-02 00:00:00","2012-09-18 00:00:00","3.0000","36.7500","36.7500","2012-09-17 22:00:00"
"20970","814","1","10","2012-09-02 00:00:00","2012-09-13 00:00:00","2012-09-02 00:00:00","2012-09-18 00:00:00","4.1000","92.2500","92.2500","2012-09-17 22:00:00"
"20970","814","2","20","2012-09-02 00:00:00","2012-09-13 00:00:00","2012-09-02 00:00:00","2012-09-18 00:00:00","3.5000","87.5000","87.5000","2012-09-17 22:00:00"
"20970","814","3","30","2012-09-02 00:00:00","2012-09-13 00:00:00","2012-09-02 00:00:00","2012-09-18 00:00:00","1.0000","14.5000","14.5000","2012-09-17 22:00:00"
"20970","814","4","40","2012-09-02 00:00:00","2012-09-13 00:00:00","2012-09-02 00:00:00","2012-09-18 00:00:00","2.0000","31.5000","31.5000","2012-09-17 22:00:00"
"20970","814","6","50","2012-09-02 00:00:00","2012-09-13 00:00:00","2012-09-02 00:00:00","2012-09-18 00:00:00","3.0000","36.7500","36.7500","2012-09-17 22:00:00"
"20970","814","7","60","2012-09-02 00:00:00","2012-09-13 00:00:00","2012-09-02 00:00:00","2012-09-18 00:00:00","4.0000","49.0000","49.0000","2012-09-17 22:00:00"
"20971","815","6","50","2012-09-02 00:00:00","2012-09-13 00:00:00","2012-09-02 00:00:00","2012-09-18 00:00:00","3.0000","36.7500","36.7500","2012-09-17 22:00:00"
"20972","816","6","50","2012-09-02 00:00:00","2012-09-13 00:00:00","2012-09-02 00:00:00","2012-09-18 00:00:00","3.0000","36.7500","36.7500","2012-09-17 22:00:00"
"20973","817","6","50","2012-09-02 00:00:00","2012-09-13 00:00:00","2012-09-02 00:00:00","2012-09-18 00:00:00","3.0000","36.7500","36.7500","2012-09-17 22:00:00"
"20974","819","6","50","2012-09-02 00:00:00","2012-09-13 00:00:00","2012-09-02 00:00:00","2012-09-18 00:00:00","3.0000","36.7500","36.7500","2012-09-17 22:00:00"
"20975","820","6","50","2012-09-02 00:00:00","2012-09-13 00:00:00","2012-09-02 00:00:00","2012-09-18 00:00:00","3.0000","36.7500","36.7500","2012-09-17 22:00:00"
"20976","822","1","10","2012-09-02 00:00:00","2012-09-13 00:00:00","2012-09-02 00:00:00","2012-09-18 00:00:00","4.1000","92.2500","92.2500","2012-09-17 22:00:00"
"20976","822","2","20","2012-09-02 00:00:00","2012-09-13 00:00:00","2012-09-02 00:00:00","2012-09-18 00:00:00","3.5000","87.5000","87.5000","2012-09-17 22:00:00"
"20976","822","3","30","2012-09-02 00:00:00","2012-09-13 00:00:00","2012-09-02 00:00:00","2012-09-18 00:00:00","1.0000","14.5000","14.5000","2012-09-17 22:00:00"
"20976","822","4","40","2012-09-02 00:00:00","2012-09-13 00:00:00","2012-09-02 00:00:00","2012-09-18 00:00:00","2.0000","31.5000","31.5000","2012-09-17 22:00:00"
"20976","822","6","50","2012-09-02 00:00:00","2012-09-13 00:00:00","2012-09-02 00:00:00","2012-09-18 00:00:00","3.0000","36.7500","36.7500","2012-09-17 22:00:00"
"20976","822","7","60","2012-09-02 00:00:00","2012-09-13 00:00:00","2012-09-02 00:00:00","2012-09-18 00:00:00","4.0000","49.0000","49.0000","2012-09-17 22:00:00"
"20977","823","6","50","2012-09-02 00:00:00","2012-09-13 00:00:00","2012-09-02 00:00:00","2012-09-18 00:00:00","3.0000","36.7500","36.7500","2012-09-17 22:00:00"
"20978","824","6","50","2012-09-02 00:00:00","2012-09-13 00:00:00","2012-09-02 00:00:00","2012-09-18 00:00:00","3.0000","36.7500","36.7500","2012-09-17 22:00:00"
"20979","825","6","50","2012-09-02 00:00:00","2012-09-13 00:00:00","2012-09-02 00:00:00","2012-09-18 00:00:00","3.0000","36.7500","36.7500","2012-09-17 22:00:00"
"20980","826","6","50","2012-09-02 00:00:00","2012-09-13 00:00:00","2012-09-02 00:00:00","2012-09-18 00:00:00","3.0000","36.7500","36.7500","2012-09-17 22:00:00"
"20987","515","6","50","2012-09-02 00:00:00","2012-09-13 00:00:00","2012-09-02 00:00:00","2012-09-18 00:00:00","3.0000","36.7500","36.7500","2012-09-17 22:00:00"
"20987","515","7","60","2012-09-02 00:00:00","2012-09-13 00:00:00","2012-09-02 00:00:00","2012-09-18 00:00:00","4.0000","49.0000","49.0000","2012-09-17 22:00:00"
"20988","516","6","50","2012-09-02 00:00:00","2012-09-13 00:00:00","2012-09-02 00:00:00","2012-09-18 00:00:00","3.0000","36.7500","36.7500","2012-09-17 22:00:00"
"20988","516","7","60","2012-09-02 00:00:00","2012-09-13 00:00:00","2012-09-02 00:00:00","2012-09-18 00:00:00","4.0000","49.0000","49.0000","2012-09-17 22:00:00"
"20989","517","6","50","2012-09-02 00:00:00","2012-09-13 00:00:00","2012-09-02 00:00:00","2012-09-18 00:00:00","3.0000","36.7500","36.7500","2012-09-17 22:00:00"
"20989","517","7","60","2012-09-02 00:00:00","2012-09-13 00:00:00","2012-09-02 00:00:00","2012-09-18 00:00:00","4.0000","49.0000","49.0000","2012-09-17 22:00:00"
"20990","518","6","50","2012-09-02 00:00:00","2012-09-13 00:00:00","2012-09-02 00:00:00","2012-09-18 00:00:00","3.0000","36.7500","36.7500","2012-09-17 22:00:00"
"20990","518","7","60","2012-09-02 00:00:00","2012-09-13 00:00:00","2012-09-02 00:00:00","2012-09-18 00:00:00","4.0000","49.0000","49.0000","2012-09-17 22:00:00"
"20991","519","6","50","2012-09-02 00:00:00","2012-09-13 00:00:00","2012-09-02 00:00:00","2012-09-18 00:00:00","3.0000","36.7500","36.7500","2012-09-17 22:00:00"
"20991","519","7","60","2012-09-02 00:00:00","2012-09-13 00:00:00","2012-09-02 00:00:00","2012-09-18 00:00:00","4.0000","49.0000","49.0000","2012-09-17 22:00:00"
"21013","747","1","10","2012-09-02 00:00:00","2012-09-13 00:00:00","2012-09-02 00:00:00","2012-09-18 00:00:00","4.1000","92.2500","92.2500","2012-09-17 22:00:00"
"21013","747","2","20","2012-09-02 00:00:00","2012-09-13 00:00:00","2012-09-02 00:00:00","2012-09-18 00:00:00","3.5000","87.5000","87.5000","2012-09-17 22:00:00"
"21013","747","3","30","2012-09-02 00:00:00","2012-09-13 00:00:00","2012-09-02 00:00:00","2012-09-18 00:00:00","1.0000","14.5000","14.5000","2012-09-17 22:00:00"
"21013","747","4","40","2012-09-02 00:00:00","2012-09-13 00:00:00","2012-09-02 00:00:00","2012-09-18 00:00:00","2.0000","31.5000","31.5000","2012-09-17 22:00:00"
"21013","747","6","50","2012-09-02 00:00:00","2012-09-13 00:00:00","2012-09-02 00:00:00","2012-09-18 00:00:00","3.0000","36.7500","36.7500","2012-09-17 22:00:00"
"21013","747","7","60","2012-09-02 00:00:00","2012-09-13 00:00:00","2012-09-02 00:00:00","2012-09-18 00:00:00","4.0000","49.0000","49.0000","2012-09-17 22:00:00"
"21014","748","1","10","2012-09-02 00:00:00","2012-09-13 00:00:00","2012-09-02 00:00:00","2012-09-18 00:00:00","4.1000","92.2500","92.2500","2012-09-17 22:00:00"
"21014","748","2","20","2012-09-02 00:00:00","2012-09-13 00:00:00","2012-09-02 00:00:00","2012-09-18 00:00:00","3.5000","87.5000","87.5000","2012-09-17 22:00:00"
"21014","748","3","30","2012-09-02 00:00:00","2012-09-13 00:00:00","2012-09-02 00:00:00","2012-09-18 00:00:00","1.0000","14.5000","14.5000","2012-09-17 22:00:00"
"21014","748","5","45","2012-09-02 00:00:00","2012-09-13 00:00:00","2012-09-02 00:00:00","2012-09-18 00:00:00","2.0000","36.0000","36.0000","2012-09-17 22:00:00"
"21014","748","6","50","2012-09-02 00:00:00","2012-09-13 00:00:00","2012-09-02 00:00:00","2012-09-18 00:00:00","3.0000","36.7500","36.7500","2012-09-17 22:00:00"
"21014","748","7","60","2012-09-02 00:00:00","2012-09-13 00:00:00","2012-09-02 00:00:00","2012-09-18 00:00:00","4.0000","49.0000","49.0000","2012-09-17 22:00:00"
"21015","806","6","50","2012-09-02 00:00:00","2012-09-13 00:00:00","2012-09-02 00:00:00","2012-09-18 00:00:00","3.0000","36.7500","36.7500","2012-09-17 22:00:00"
"21016","809","1","10","2012-09-02 00:00:00","2012-09-13 00:00:00","2012-09-02 00:00:00","2012-09-18 00:00:00","4.1000","92.2500","92.2500","2012-09-17 22:00:00"
"21016","809","2","20","2012-09-02 00:00:00","2012-09-13 00:00:00","2012-09-02 00:00:00","2012-09-18 00:00:00","3.5000","87.5000","87.5000","2012-09-17 22:00:00"
"21016","809","6","50","2012-09-02 00:00:00","2012-09-13 00:00:00","2012-09-02 00:00:00","2012-09-18 00:00:00","3.0000","36.7500","36.7500","2012-09-17 22:00:00"
"21017","810","1","10","2012-09-02 00:00:00","2012-09-13 00:00:00","2012-09-02 00:00:00","2012-09-18 00:00:00","4.1000","92.2500","92.2500","2012-09-17 22:00:00"
"21017","810","2","20","2012-09-02 00:00:00","2012-09-13 00:00:00","2012-09-02 00:00:00","2012-09-18 00:00:00","3.5000","87.5000","87.5000","2012-09-17 22:00:00"
"21017","810","6","50","2012-09-02 00:00:00","2012-09-13 00:00:00","2012-09-02 00:00:00","2012-09-18 00:00:00","3.0000","36.7500","36.7500","2012-09-17 22:00:00"
"21018","811","1","10","2012-09-02 00:00:00","2012-09-13 00:00:00","2012-09-02 00:00:00","2012-09-18 00:00:00","4.1000","92.2500","92.2500","2012-09-17 22:00:00"
"21018","811","2","20","2012-09-02 00:00:00","2012-09-13 00:00:00","2012-09-02 00:00:00","2012-09-18 00:00:00","3.5000","87.5000","87.5000","2012-09-17 22:00:00"
"21018","811","6","50","2012-09-02 00:00:00","2012-09-13 00:00:00","2012-09-02 00:00:00","2012-09-18 00:00:00","3.0000","36.7500","36.7500","2012-09-17 22:00:00"
"21019","812","1","10","2012-09-02 00:00:00","2012-09-13 00:00:00","2012-09-02 00:00:00","2012-09-18 00:00:00","4.1000","92.2500","92.2500","2012-09-17 22:00:00"
"21019","812","2","20","2012-09-02 00:00:00","2012-09-13 00:00:00","2012-09-02 00:00:00","2012-09-18 00:00:00","3.5000","87.5000","87.5000","2012-09-17 22:00:00"
"21019","812","6","50","2012-09-02 00:00:00","2012-09-13 00:00:00","2012-09-02 00:00:00","2012-09-18 00:00:00","3.0000","36.7500","36.7500","2012-09-17 22:00:00"
"21020","813","1","10","2012-09-02 00:00:00","2012-09-13 00:00:00","2012-09-02 00:00:00","2012-09-18 00:00:00","4.1000","92.2500","92.2500","2012-09-17 22:00:00"
"21020","813","2","20","2012-09-02 00:00:00","2012-09-13 00:00:00","2012-09-02 00:00:00","2012-09-18 00:00:00","3.5000","87.5000","87.5000","2012-09-17 22:00:00"
"21020","813","6","50","2012-09-02 00:00:00","2012-09-13 00:00:00","2012-09-02 00:00:00","2012-09-18 00:00:00","3.0000","36.7500","36.7500","2012-09-17 22:00:00"
"21021","814","1","10","2012-09-02 00:00:00","2012-09-13 00:00:00","2012-09-02 00:00:00","2012-09-18 00:00:00","4.1000","92.2500","92.2500","2012-09-17 22:00:00"
"21021","814","2","20","2012-09-02 00:00:00","2012-09-13 00:00:00","2012-09-02 00:00:00","2012-09-18 00:00:00","3.5000","87.5000","87.5000","2012-09-17 22:00:00"
"21021","814","3","30","2012-09-02 00:00:00","2012-09-13 00:00:00","2012-09-02 00:00:00","2012-09-18 00:00:00","1.0000","14.5000","14.5000","2012-09-17 22:00:00"
"21021","814","4","40","2012-09-02 00:00:00","2012-09-13 00:00:00","2012-09-02 00:00:00","2012-09-18 00:00:00","2.0000","31.5000","31.5000","2012-09-17 22:00:00"
"21021","814","6","50","2012-09-02 00:00:00","2012-09-13 00:00:00","2012-09-02 00:00:00","2012-09-18 00:00:00","3.0000","36.7500","36.7500","2012-09-17 22:00:00"
"21021","814","7","60","2012-09-02 00:00:00","2012-09-13 00:00:00","2012-09-02 00:00:00","2012-09-18 00:00:00","4.0000","49.0000","49.0000","2012-09-17 22:00:00"
"21022","816","6","50","2012-09-02 00:00:00","2012-09-13 00:00:00","2012-09-02 00:00:00","2012-09-18 00:00:00","3.0000","36.7500","36.7500","2012-09-17 22:00:00"
"21023","818","6","50","2012-09-02 00:00:00","2012-09-13 00:00:00","2012-09-02 00:00:00","2012-09-18 00:00:00","3.0000","36.7500","36.7500","2012-09-17 22:00:00"
"21024","819","6","50","2012-09-02 00:00:00","2012-09-13 00:00:00","2012-09-02 00:00:00","2012-09-18 00:00:00","3.0000","36.7500","36.7500","2012-09-17 22:00:00"
"21025","820","6","50","2012-09-02 00:00:00","2012-09-13 00:00:00","2012-09-02 00:00:00","2012-09-18 00:00:00","3.0000","36.7500","36.7500","2012-09-17 22:00:00"
"21026","822","1","10","2012-09-02 00:00:00","2012-09-13 00:00:00","2012-09-02 00:00:00","2012-09-18 00:00:00","4.1000","92.2500","92.2500","2012-09-17 22:00:00"
"21026","822","2","20","2012-09-02 00:00:00","2012-09-13 00:00:00","2012-09-02 00:00:00","2012-09-18 00:00:00","3.5000","87.5000","87.5000","2012-09-17 22:00:00"
"21026","822","3","30","2012-09-02 00:00:00","2012-09-13 00:00:00","2012-09-02 00:00:00","2012-09-18 00:00:00","1.0000","14.5000","14.5000","2012-09-17 22:00:00"
"21026","822","4","40","2012-09-02 00:00:00","2012-09-13 00:00:00","2012-09-02 00:00:00","2012-09-18 00:00:00","2.0000","31.5000","31.5000","2012-09-17 22:00:00"
"21026","822","6","50","2012-09-02 00:00:00","2012-09-13 00:00:00","2012-09-02 00:00:00","2012-09-18 00:00:00","3.0000","36.7500","36.7500","2012-09-17 22:00:00"
"21026","822","7","60","2012-09-02 00:00:00","2012-09-13 00:00:00","2012-09-02 00:00:00","2012-09-18 00:00:00","4.0000","49.0000","49.0000","2012-09-17 22:00:00"
"21027","824","6","50","2012-09-02 00:00:00","2012-09-13 00:00:00","2012-09-02 00:00:00","2012-09-18 00:00:00","3.0000","36.7500","36.7500","2012-09-17 22:00:00"
"21028","826","6","50","2012-09-02 00:00:00","2012-09-13 00:00:00","2012-09-02 00:00:00","2012-09-18 00:00:00","3.0000","36.7500","36.7500","2012-09-17 22:00:00"
"21029","827","6","50","2012-09-02 00:00:00","2012-09-13 00:00:00","2012-09-02 00:00:00","2012-09-18 00:00:00","3.0000","36.7500","36.7500","2012-09-17 22:00:00"
"21030","828","6","50","2012-09-02 00:00:00","2012-09-13 00:00:00","2012-09-02 00:00:00","2012-09-18 00:00:00","3.0000","36.7500","36.7500","2012-09-17 22:00:00"
"21041","894","6","50","2012-09-02 00:00:00","2012-09-13 00:00:00","2012-09-02 00:00:00","2012-09-18 00:00:00","3.0000","36.7500","36.7500","2012-09-17 22:00:00"
"21042","945","1","10","2012-09-02 00:00:00","2012-09-13 00:00:00","2012-09-02 00:00:00","2012-09-18 00:00:00","4.1000","92.2500","92.2500","2012-09-17 22:00:00"
"21042","945","6","50","2012-09-02 00:00:00","2012-09-13 00:00:00","2012-09-02 00:00:00","2012-09-18 00:00:00","3.0000","36.7500","36.7500","2012-09-17 22:00:00"
"21043","950","6","50","2012-09-02 00:00:00","2012-09-13 00:00:00","2012-09-02 00:00:00","2012-09-18 00:00:00","3.0000","36.7500","36.7500","2012-09-17 22:00:00"
"21044","994","6","50","2012-09-02 00:00:00","2012-09-13 00:00:00","2012-09-02 00:00:00","2012-09-18 00:00:00","3.0000","36.7500","36.7500","2012-09-17 22:00:00"
"21045","995","6","50","2012-09-02 00:00:00","2012-09-13 00:00:00","2012-09-02 00:00:00","2012-09-18 00:00:00","3.0000","36.7500","36.7500","2012-09-17 22:00:00"
"21046","996","6","50","2012-09-02 00:00:00","2012-09-13 00:00:00","2012-09-02 00:00:00","2012-09-18 00:00:00","3.0000","36.7500","36.7500","2012-09-17 22:00:00"
"21060","802","1","10","2012-09-02 00:00:00","2012-09-13 00:00:00","2012-09-02 00:00:00","2012-09-18 00:00:00","4.1000","92.2500","92.2500","2012-09-17 22:00:00"
"21060","802","6","50","2012-09-02 00:00:00","2012-09-13 00:00:00","2012-09-02 00:00:00","2012-09-18 00:00:00","3.0000","36.7500","36.7500","2012-09-17 22:00:00"
"21061","803","1","10","2012-09-02 00:00:00","2012-09-13 00:00:00","2012-09-02 00:00:00","2012-09-18 00:00:00","4.1000","92.2500","92.2500","2012-09-17 22:00:00"
"21061","803","6","50","2012-09-02 00:00:00","2012-09-13 00:00:00","2012-09-02 00:00:00","2012-09-18 00:00:00","3.0000","36.7500","36.7500","2012-09-17 22:00:00"
"21062","804","1","10","2012-09-02 00:00:00","2012-09-13 00:00:00","2012-09-02 00:00:00","2012-09-18 00:00:00","4.1000","92.2500","92.2500","2012-09-17 22:00:00"
"21062","804","6","50","2012-09-02 00:00:00","2012-09-13 00:00:00","2012-09-02 00:00:00","2012-09-18 00:00:00","3.0000","36.7500","36.7500","2012-09-17 22:00:00"
"21067","761","7","60","2012-09-03 00:00:00","2012-09-14 00:00:00","2012-09-08 00:00:00","2012-09-14 00:00:00","4.0000","49.0000","49.0000","2012-09-13 22:00:00"
"21068","763","7","60","2012-09-03 00:00:00","2012-09-14 00:00:00","2012-09-08 00:00:00","2012-09-14 00:00:00","4.0000","49.0000","49.0000","2012-09-13 22:00:00"
"21069","767","7","60","2012-09-03 00:00:00","2012-09-14 00:00:00","2012-09-08 00:00:00","2012-09-14 00:00:00","4.0000","49.0000","49.0000","2012-09-13 22:00:00"
"21070","782","7","60","2012-09-03 00:00:00","2012-09-14 00:00:00","2012-09-08 00:00:00","2012-09-14 00:00:00","4.0000","49.0000","49.0000","2012-09-13 22:00:00"
"21071","783","7","60","2012-09-03 00:00:00","2012-09-14 00:00:00","2012-09-08 00:00:00","2012-09-14 00:00:00","4.0000","49.0000","49.0000","2012-09-13 22:00:00"
"21072","784","7","60","2012-09-03 00:00:00","2012-09-14 00:00:00","2012-09-08 00:00:00","2012-09-14 00:00:00","4.0000","49.0000","49.0000","2012-09-13 22:00:00"
"21073","794","7","60","2012-09-03 00:00:00","2012-09-14 00:00:00","2012-09-08 00:00:00","2012-09-14 00:00:00","4.0000","49.0000","49.0000","2012-09-13 22:00:00"
"21074","516","6","50","2012-09-03 00:00:00","2012-09-14 00:00:00","2012-09-08 00:00:00","2012-09-14 00:00:00","3.0000","36.7500","36.7500","2012-09-13 22:00:00"
"21074","516","7","60","2012-09-03 00:00:00","2012-09-14 00:00:00","2012-09-08 00:00:00","2012-09-14 00:00:00","4.0000","49.0000","49.0000","2012-09-13 22:00:00"
"21075","517","6","50","2012-09-03 00:00:00","2012-09-14 00:00:00","2012-09-08 00:00:00","2012-09-14 00:00:00","3.0000","36.7500","36.7500","2012-09-13 22:00:00"
"21075","517","7","60","2012-09-03 00:00:00","2012-09-14 00:00:00","2012-09-08 00:00:00","2012-09-14 00:00:00","4.0000","49.0000","49.0000","2012-09-13 22:00:00"
"21076","519","6","50","2012-09-03 00:00:00","2012-09-14 00:00:00","2012-09-08 00:00:00","2012-09-14 00:00:00","3.0000","36.7500","36.7500","2012-09-13 22:00:00"
"21076","519","7","60","2012-09-03 00:00:00","2012-09-14 00:00:00","2012-09-08 00:00:00","2012-09-14 00:00:00","4.0000","49.0000","49.0000","2012-09-13 22:00:00"
"21082","747","1","10","2012-09-03 00:00:00","2012-09-14 00:00:00","2012-09-08 00:00:00","2012-09-14 00:00:00","4.1000","92.2500","92.2500","2012-09-13 22:00:00"
"21082","747","2","20","2012-09-03 00:00:00","2012-09-14 00:00:00","2012-09-08 00:00:00","2012-09-14 00:00:00","3.5000","87.5000","87.5000","2012-09-13 22:00:00"
"21082","747","3","30","2012-09-03 00:00:00","2012-09-14 00:00:00","2012-09-08 00:00:00","2012-09-14 00:00:00","1.0000","14.5000","14.5000","2012-09-13 22:00:00"
"21082","747","4","40","2012-09-03 00:00:00","2012-09-14 00:00:00","2012-09-08 00:00:00","2012-09-14 00:00:00","2.0000","31.5000","31.5000","2012-09-13 22:00:00"
"21082","747","6","50","2012-09-03 00:00:00","2012-09-14 00:00:00","2012-09-08 00:00:00","2012-09-14 00:00:00","3.0000","36.7500","36.7500","2012-09-13 22:00:00"
"21082","747","7","60","2012-09-03 00:00:00","2012-09-14 00:00:00","2012-09-08 00:00:00","2012-09-14 00:00:00","4.0000","49.0000","49.0000","2012-09-13 22:00:00"
"21083","806","6","50","2012-09-03 00:00:00","2012-09-14 00:00:00","2012-09-08 00:00:00","2012-09-14 00:00:00","3.0000","36.7500","36.7500","2012-09-13 22:00:00"
"21084","810","1","10","2012-09-03 00:00:00","2012-09-14 00:00:00","2012-09-08 00:00:00","2012-09-14 00:00:00","4.1000","92.2500","92.2500","2012-09-13 22:00:00"
"21084","810","2","20","2012-09-03 00:00:00","2012-09-14 00:00:00","2012-09-08 00:00:00","2012-09-14 00:00:00","3.5000","87.5000","87.5000","2012-09-13 22:00:00"
"21084","810","6","50","2012-09-03 00:00:00","2012-09-14 00:00:00","2012-09-08 00:00:00","2012-09-14 00:00:00","3.0000","36.7500","36.7500","2012-09-13 22:00:00"
"21085","811","1","10","2012-09-03 00:00:00","2012-09-14 00:00:00","2012-09-08 00:00:00","2012-09-14 00:00:00","4.1000","92.2500","92.2500","2012-09-13 22:00:00"
"21085","811","2","20","2012-09-03 00:00:00","2012-09-14 00:00:00","2012-09-08 00:00:00","2012-09-14 00:00:00","3.5000","87.5000","87.5000","2012-09-13 22:00:00"
"21085","811","6","50","2012-09-03 00:00:00","2012-09-14 00:00:00","2012-09-08 00:00:00","2012-09-14 00:00:00","3.0000","36.7500","36.7500","2012-09-13 22:00:00"
"21086","813","1","10","2012-09-03 00:00:00","2012-09-14 00:00:00","2012-09-08 00:00:00","2012-09-14 00:00:00","4.1000","92.2500","92.2500","2012-09-13 22:00:00"
"21086","813","2","20","2012-09-03 00:00:00","2012-09-14 00:00:00","2012-09-08 00:00:00","2012-09-14 00:00:00","3.5000","87.5000","87.5000","2012-09-13 22:00:00"
"21086","813","6","50","2012-09-03 00:00:00","2012-09-14 00:00:00","2012-09-08 00:00:00","2012-09-14 00:00:00","3.0000","36.7500","36.7500","2012-09-13 22:00:00"
"21087","816","6","50","2012-09-03 00:00:00","2012-09-14 00:00:00","2012-09-08 00:00:00","2012-09-14 00:00:00","3.0000","36.7500","36.7500","2012-09-13 22:00:00"
"21088","818","6","50","2012-09-03 00:00:00","2012-09-14 00:00:00","2012-09-08 00:00:00","2012-09-14 00:00:00","3.0000","36.7500","36.7500","2012-09-13 22:00:00"
"21089","820","6","50","2012-09-03 00:00:00","2012-09-14 00:00:00","2012-09-08 00:00:00","2012-09-14 00:00:00","3.0000","36.7500","36.7500","2012-09-13 22:00:00"
"21090","824","6","50","2012-09-03 00:00:00","2012-09-14 00:00:00","2012-09-08 00:00:00","2012-09-14 00:00:00","3.0000","36.7500","36.7500","2012-09-13 22:00:00"
"21091","826","6","50","2012-09-03 00:00:00","2012-09-14 00:00:00","2012-09-08 00:00:00","2012-09-14 00:00:00","3.0000","36.7500","36.7500","2012-09-13 22:00:00"
"21092","828","6","50","2012-09-03 00:00:00","2012-09-14 00:00:00","2012-09-08 00:00:00","2012-09-14 00:00:00","3.0000","36.7500","36.7500","2012-09-13 22:00:00"
"21094","894","6","50","2012-09-03 00:00:00","2012-09-14 00:00:00","2012-09-08 00:00:00","2012-09-14 00:00:00","3.0000","36.7500","36.7500","2012-09-13 22:00:00"
"21095","945","1","10","2012-09-03 00:00:00","2012-09-14 00:00:00","2012-09-08 00:00:00","2012-09-14 00:00:00","4.1000","92.2500","92.2500","2012-09-13 22:00:00"
"21095","945","6","50","2012-09-03 00:00:00","2012-09-14 00:00:00","2012-09-08 00:00:00","2012-09-14 00:00:00","3.0000","36.7500","36.7500","2012-09-13 22:00:00"
"21096","950","6","50","2012-09-03 00:00:00","2012-09-14 00:00:00","2012-09-08 00:00:00","2012-09-14 00:00:00","3.0000","36.7500","36.7500","2012-09-13 22:00:00"
"21097","994","6","50","2012-09-03 00:00:00","2012-09-14 00:00:00","2012-09-08 00:00:00","2012-09-14 00:00:00","3.0000","36.7500","36.7500","2012-09-13 22:00:00"
"21098","995","6","50","2012-09-03 00:00:00","2012-09-14 00:00:00","2012-09-08 00:00:00","2012-09-14 00:00:00","3.0000","36.7500","36.7500","2012-09-13 22:00:00"
"21099","996","6","50","2012-09-03 00:00:00","2012-09-14 00:00:00","2012-09-08 00:00:00","2012-09-14 00:00:00","3.0000","36.7500","36.7500","2012-09-13 22:00:00"
"21113","802","1","10","2012-09-03 00:00:00","2012-09-14 00:00:00","2012-09-08 00:00:00","2012-09-14 00:00:00","4.1000","92.2500","92.2500","2012-09-13 22:00:00"
"21113","802","6","50","2012-09-03 00:00:00","2012-09-14 00:00:00","2012-09-08 00:00:00","2012-09-14 00:00:00","3.0000","36.7500","36.7500","2012-09-13 22:00:00"
"21114","804","1","10","2012-09-03 00:00:00","2012-09-14 00:00:00","2012-09-08 00:00:00","2012-09-14 00:00:00","4.1000","92.2500","92.2500","2012-09-13 22:00:00"
"21114","804","6","50","2012-09-03 00:00:00","2012-09-14 00:00:00","2012-09-08 00:00:00","2012-09-14 00:00:00","3.0000","36.7500","36.7500","2012-09-13 22:00:00"
"21119","779","7","60","2012-09-04 00:00:00","2012-09-15 00:00:00","2012-09-04 00:00:00","2012-09-22 00:00:00","4.0000","49.0000","49.0000","2012-09-21 22:00:00"
"21120","783","7","60","2012-09-04 00:00:00","2012-09-15 00:00:00","2012-09-04 00:00:00","2012-09-22 00:00:00","4.0000","49.0000","49.0000","2012-09-21 22:00:00"
"21121","790","7","60","2012-09-04 00:00:00","2012-09-15 00:00:00","2012-09-04 00:00:00","2012-09-22 00:00:00","4.0000","49.0000","49.0000","2012-09-21 22:00:00"
"21122","792","7","60","2012-09-04 00:00:00","2012-09-15 00:00:00","2012-09-04 00:00:00","2012-09-22 00:00:00","4.0000","49.0000","49.0000","2012-09-21 22:00:00"
"21123","795","7","60","2012-09-04 00:00:00","2012-09-15 00:00:00","2012-09-04 00:00:00","2012-09-22 00:00:00","4.0000","49.0000","49.0000","2012-09-21 22:00:00"
"21124","516","6","50","2012-09-04 00:00:00","2012-09-15 00:00:00","2012-09-04 00:00:00","2012-09-22 00:00:00","3.0000","36.7500","36.7500","2012-09-21 22:00:00"
"21124","516","7","60","2012-09-04 00:00:00","2012-09-15 00:00:00","2012-09-04 00:00:00","2012-09-22 00:00:00","4.0000","49.0000","49.0000","2012-09-21 22:00:00"
"21125","519","6","50","2012-09-04 00:00:00","2012-09-15 00:00:00","2012-09-04 00:00:00","2012-09-22 00:00:00","3.0000","36.7500","36.7500","2012-09-21 22:00:00"
"21125","519","7","60","2012-09-04 00:00:00","2012-09-15 00:00:00","2012-09-04 00:00:00","2012-09-22 00:00:00","4.0000","49.0000","49.0000","2012-09-21 22:00:00"
"21129","748","1","10","2012-09-04 00:00:00","2012-09-15 00:00:00","2012-09-04 00:00:00","2012-09-22 00:00:00","4.1000","92.2500","92.2500","2012-09-21 22:00:00"
"21129","748","2","20","2012-09-04 00:00:00","2012-09-15 00:00:00","2012-09-04 00:00:00","2012-09-22 00:00:00","3.5000","87.5000","87.5000","2012-09-21 22:00:00"
"21129","748","3","30","2012-09-04 00:00:00","2012-09-15 00:00:00","2012-09-04 00:00:00","2012-09-22 00:00:00","1.0000","14.5000","14.5000","2012-09-21 22:00:00"
"21129","748","5","45","2012-09-04 00:00:00","2012-09-15 00:00:00","2012-09-04 00:00:00","2012-09-22 00:00:00","2.0000","36.0000","36.0000","2012-09-21 22:00:00"
"21129","748","6","50","2012-09-04 00:00:00","2012-09-15 00:00:00","2012-09-04 00:00:00","2012-09-22 00:00:00","3.0000","36.7500","36.7500","2012-09-21 22:00:00"
"21129","748","7","60","2012-09-04 00:00:00","2012-09-15 00:00:00","2012-09-04 00:00:00","2012-09-22 00:00:00","4.0000","49.0000","49.0000","2012-09-21 22:00:00"
"21130","806","6","50","2012-09-04 00:00:00","2012-09-15 00:00:00","2012-09-04 00:00:00","2012-09-22 00:00:00","3.0000","36.7500","36.7500","2012-09-21 22:00:00"
"21131","810","1","10","2012-09-04 00:00:00","2012-09-15 00:00:00","2012-09-04 00:00:00","2012-09-22 00:00:00","4.1000","92.2500","92.2500","2012-09-21 22:00:00"
"21131","810","2","20","2012-09-04 00:00:00","2012-09-15 00:00:00","2012-09-04 00:00:00","2012-09-22 00:00:00","3.5000","87.5000","87.5000","2012-09-21 22:00:00"
"21131","810","6","50","2012-09-04 00:00:00","2012-09-15 00:00:00","2012-09-04 00:00:00","2012-09-22 00:00:00","3.0000","36.7500","36.7500","2012-09-21 22:00:00"
"21132","813","1","10","2012-09-04 00:00:00","2012-09-15 00:00:00","2012-09-04 00:00:00","2012-09-22 00:00:00","4.1000","92.2500","92.2500","2012-09-21 22:00:00"
"21132","813","2","20","2012-09-04 00:00:00","2012-09-15 00:00:00","2012-09-04 00:00:00","2012-09-22 00:00:00","3.5000","87.5000","87.5000","2012-09-21 22:00:00"
"21132","813","6","50","2012-09-04 00:00:00","2012-09-15 00:00:00","2012-09-04 00:00:00","2012-09-22 00:00:00","3.0000","36.7500","36.7500","2012-09-21 22:00:00"
"21133","816","6","50","2012-09-04 00:00:00","2012-09-15 00:00:00","2012-09-04 00:00:00","2012-09-22 00:00:00","3.0000","36.7500","36.7500","2012-09-21 22:00:00"
"21134","820","6","50","2012-09-04 00:00:00","2012-09-15 00:00:00","2012-09-04 00:00:00","2012-09-22 00:00:00","3.0000","36.7500","36.7500","2012-09-21 22:00:00"
"21135","824","6","50","2012-09-04 00:00:00","2012-09-15 00:00:00","2012-09-04 00:00:00","2012-09-22 00:00:00","3.0000","36.7500","36.7500","2012-09-21 22:00:00"
"21136","828","6","50","2012-09-04 00:00:00","2012-09-15 00:00:00","2012-09-04 00:00:00","2012-09-22 00:00:00","3.0000","36.7500","36.7500","2012-09-21 22:00:00"
"21138","894","6","50","2012-09-04 00:00:00","2012-09-15 00:00:00","2012-09-04 00:00:00","2012-09-22 00:00:00","3.0000","36.7500","36.7500","2012-09-21 22:00:00"
"21139","945","1","10","2012-09-04 00:00:00","2012-09-15 00:00:00","2012-09-04 00:00:00","2012-09-22 00:00:00","4.1000","92.2500","92.2500","2012-09-21 22:00:00"
"21139","945","6","50","2012-09-04 00:00:00","2012-09-15 00:00:00","2012-09-04 00:00:00","2012-09-22 00:00:00","3.0000","36.7500","36.7500","2012-09-21 22:00:00"
"21140","950","6","50","2012-09-04 00:00:00","2012-09-15 00:00:00","2012-09-04 00:00:00","2012-09-22 00:00:00","3.0000","36.7500","36.7500","2012-09-21 22:00:00"
"21141","995","6","50","2012-09-04 00:00:00","2012-09-15 00:00:00","2012-09-04 00:00:00","2012-09-22 00:00:00","3.0000","36.7500","36.7500","2012-09-21 22:00:00"
"21142","996","6","50","2012-09-04 00:00:00","2012-09-15 00:00:00","2012-09-04 00:00:00","2012-09-22 00:00:00","3.0000","36.7500","36.7500","2012-09-21 22:00:00"
"21155","804","1","10","2012-09-04 00:00:00","2012-09-15 00:00:00","2012-09-04 00:00:00","2012-09-22 00:00:00","4.1000","92.2500","92.2500","2012-09-21 22:00:00"
"21155","804","6","50","2012-09-04 00:00:00","2012-09-15 00:00:00","2012-09-04 00:00:00","2012-09-22 00:00:00","3.0000","36.7500","36.7500","2012-09-21 22:00:00"
"21160","780","7","60","2012-09-05 00:00:00","2012-09-16 00:00:00","2012-09-12 00:00:00","2012-09-16 00:00:00","4.0000","49.0000","49.0000","2012-09-15 22:00:00"
"21161","792","7","60","2012-09-05 00:00:00","2012-09-16 00:00:00","2012-09-12 00:00:00","2012-09-16 00:00:00","4.0000","49.0000","49.0000","2012-09-15 22:00:00"
"21162","794","7","60","2012-09-05 00:00:00","2012-09-16 00:00:00","2012-09-12 00:00:00","2012-09-16 00:00:00","4.0000","49.0000","49.0000","2012-09-15 22:00:00"
"21163","796","7","60","2012-09-05 00:00:00","2012-09-16 00:00:00","2012-09-12 00:00:00","2012-09-16 00:00:00","4.0000","49.0000","49.0000","2012-09-15 22:00:00"
"21164","800","7","60","2012-09-05 00:00:00","2012-09-16 00:00:00","2012-09-12 00:00:00","2012-09-16 00:00:00","4.0000","49.0000","49.0000","2012-09-15 22:00:00"
"21165","801","7","60","2012-09-05 00:00:00","2012-09-16 00:00:00","2012-09-12 00:00:00","2012-09-16 00:00:00","4.0000","49.0000","49.0000","2012-09-15 22:00:00"
"21166","516","6","50","2012-09-05 00:00:00","2012-09-16 00:00:00","2012-09-12 00:00:00","2012-09-16 00:00:00","3.0000","36.7500","36.7500","2012-09-15 22:00:00"
"21166","516","7","60","2012-09-05 00:00:00","2012-09-16 00:00:00","2012-09-12 00:00:00","2012-09-16 00:00:00","4.0000","49.0000","49.0000","2012-09-15 22:00:00"
"21167","518","6","50","2012-09-05 00:00:00","2012-09-16 00:00:00","2012-09-12 00:00:00","2012-09-16 00:00:00","3.0000","36.7500","36.7500","2012-09-15 22:00:00"
"21167","518","7","60","2012-09-05 00:00:00","2012-09-16 00:00:00","2012-09-12 00:00:00","2012-09-16 00:00:00","4.0000","49.0000","49.0000","2012-09-15 22:00:00"
"21168","519","6","50","2012-09-05 00:00:00","2012-09-16 00:00:00","2012-09-12 00:00:00","2012-09-16 00:00:00","3.0000","36.7500","36.7500","2012-09-15 22:00:00"
"21168","519","7","60","2012-09-05 00:00:00","2012-09-16 00:00:00","2012-09-12 00:00:00","2012-09-16 00:00:00","4.0000","49.0000","49.0000","2012-09-15 22:00:00"
"21172","806","6","50","2012-09-05 00:00:00","2012-09-16 00:00:00","2012-09-12 00:00:00","2012-09-16 00:00:00","3.0000","36.7500","36.7500","2012-09-15 22:00:00"
"21173","810","1","10","2012-09-05 00:00:00","2012-09-16 00:00:00","2012-09-12 00:00:00","2012-09-16 00:00:00","4.1000","92.2500","92.2500","2012-09-15 22:00:00"
"21173","810","2","20","2012-09-05 00:00:00","2012-09-16 00:00:00","2012-09-12 00:00:00","2012-09-16 00:00:00","3.5000","87.5000","87.5000","2012-09-15 22:00:00"
"21173","810","6","50","2012-09-05 00:00:00","2012-09-16 00:00:00","2012-09-12 00:00:00","2012-09-16 00:00:00","3.0000","36.7500","36.7500","2012-09-15 22:00:00"
"21174","812","1","10","2012-09-05 00:00:00","2012-09-16 00:00:00","2012-09-12 00:00:00","2012-09-16 00:00:00","4.1000","92.2500","92.2500","2012-09-15 22:00:00"
"21174","812","2","20","2012-09-05 00:00:00","2012-09-16 00:00:00","2012-09-12 00:00:00","2012-09-16 00:00:00","3.5000","87.5000","87.5000","2012-09-15 22:00:00"
"21174","812","6","50","2012-09-05 00:00:00","2012-09-16 00:00:00","2012-09-12 00:00:00","2012-09-16 00:00:00","3.0000","36.7500","36.7500","2012-09-15 22:00:00"
"21175","813","1","10","2012-09-05 00:00:00","2012-09-16 00:00:00","2012-09-12 00:00:00","2012-09-16 00:00:00","4.1000","92.2500","92.2500","2012-09-15 22:00:00"
"21175","813","2","20","2012-09-05 00:00:00","2012-09-16 00:00:00","2012-09-12 00:00:00","2012-09-16 00:00:00","3.5000","87.5000","87.5000","2012-09-15 22:00:00"
"21175","813","6","50","2012-09-05 00:00:00","2012-09-16 00:00:00","2012-09-12 00:00:00","2012-09-16 00:00:00","3.0000","36.7500","36.7500","2012-09-15 22:00:00"
"21176","816","6","50","2012-09-05 00:00:00","2012-09-16 00:00:00","2012-09-12 00:00:00","2012-09-16 00:00:00","3.0000","36.7500","36.7500","2012-09-15 22:00:00"
"21177","819","6","50","2012-09-05 00:00:00","2012-09-16 00:00:00","2012-09-12 00:00:00","2012-09-16 00:00:00","3.0000","36.7500","36.7500","2012-09-15 22:00:00"
"21178","820","6","50","2012-09-05 00:00:00","2012-09-16 00:00:00","2012-09-12 00:00:00","2012-09-16 00:00:00","3.0000","36.7500","36.7500","2012-09-15 22:00:00"
"21179","824","6","50","2012-09-05 00:00:00","2012-09-16 00:00:00","2012-09-12 00:00:00","2012-09-16 00:00:00","3.0000","36.7500","36.7500","2012-09-15 22:00:00"
"21180","827","6","50","2012-09-05 00:00:00","2012-09-16 00:00:00","2012-09-12 00:00:00","2012-09-16 00:00:00","3.0000","36.7500","36.7500","2012-09-15 22:00:00"
"21181","828","6","50","2012-09-05 00:00:00","2012-09-16 00:00:00","2012-09-12 00:00:00","2012-09-16 00:00:00","3.0000","36.7500","36.7500","2012-09-15 22:00:00"
"21185","894","6","50","2012-09-05 00:00:00","2012-09-16 00:00:00","2012-09-12 00:00:00","2012-09-16 00:00:00","3.0000","36.7500","36.7500","2012-09-15 22:00:00"
"21186","945","1","10","2012-09-05 00:00:00","2012-09-16 00:00:00","2012-09-12 00:00:00","2012-09-16 00:00:00","4.1000","92.2500","92.2500","2012-09-15 22:00:00"
"21186","945","6","50","2012-09-05 00:00:00","2012-09-16 00:00:00","2012-09-12 00:00:00","2012-09-16 00:00:00","3.0000","36.7500","36.7500","2012-09-15 22:00:00"
"21187","950","6","50","2012-09-05 00:00:00","2012-09-16 00:00:00","2012-09-12 00:00:00","2012-09-16 00:00:00","3.0000","36.7500","36.7500","2012-09-15 22:00:00"
"21188","994","6","50","2012-09-05 00:00:00","2012-09-16 00:00:00","2012-09-12 00:00:00","2012-09-16 00:00:00","3.0000","36.7500","36.7500","2012-09-15 22:00:00"
"21189","995","6","50","2012-09-05 00:00:00","2012-09-16 00:00:00","2012-09-12 00:00:00","2012-09-16 00:00:00","3.0000","36.7500","36.7500","2012-09-15 22:00:00"
"21190","996","6","50","2012-09-05 00:00:00","2012-09-16 00:00:00","2012-09-12 00:00:00","2012-09-16 00:00:00","3.0000","36.7500","36.7500","2012-09-15 22:00:00"
"21203","803","1","10","2012-09-05 00:00:00","2012-09-16 00:00:00","2012-09-12 00:00:00","2012-09-16 00:00:00","4.1000","92.2500","92.2500","2012-09-15 22:00:00"
"21203","803","6","50","2012-09-05 00:00:00","2012-09-16 00:00:00","2012-09-12 00:00:00","2012-09-16 00:00:00","3.0000","36.7500","36.7500","2012-09-15 22:00:00"
"21204","804","1","10","2012-09-05 00:00:00","2012-09-16 00:00:00","2012-09-12 00:00:00","2012-09-16 00:00:00","4.1000","92.2500","92.2500","2012-09-15 22:00:00"
"21204","804","6","50","2012-09-05 00:00:00","2012-09-16 00:00:00","2012-09-12 00:00:00","2012-09-16 00:00:00","3.0000","36.7500","36.7500","2012-09-15 22:00:00"
"21209","761","7","60","2012-09-06 00:00:00","2012-09-17 00:00:00","2012-09-06 00:00:00","2012-09-26 00:00:00","4.0000","49.0000","49.0000","2012-09-25 22:00:00"
"21210","779","7","60","2012-09-06 00:00:00","2012-09-17 00:00:00","2012-09-06 00:00:00","2012-09-26 00:00:00","4.0000","49.0000","49.0000","2012-09-25 22:00:00"
"21211","796","7","60","2012-09-06 00:00:00","2012-09-17 00:00:00","2012-09-06 00:00:00","2012-09-26 00:00:00","4.0000","49.0000","49.0000","2012-09-25 22:00:00"
"21212","516","6","50","2012-09-06 00:00:00","2012-09-17 00:00:00","2012-09-06 00:00:00","2012-09-26 00:00:00","3.0000","36.7500","36.7500","2012-09-25 22:00:00"
"21212","516","7","60","2012-09-06 00:00:00","2012-09-17 00:00:00","2012-09-06 00:00:00","2012-09-26 00:00:00","4.0000","49.0000","49.0000","2012-09-25 22:00:00"
"21213","517","6","50","2012-09-06 00:00:00","2012-09-17 00:00:00","2012-09-06 00:00:00","2012-09-26 00:00:00","3.0000","36.7500","36.7500","2012-09-25 22:00:00"
"21213","517","7","60","2012-09-06 00:00:00","2012-09-17 00:00:00","2012-09-06 00:00:00","2012-09-26 00:00:00","4.0000","49.0000","49.0000","2012-09-25 22:00:00"
"21214","519","6","50","2012-09-06 00:00:00","2012-09-17 00:00:00","2012-09-06 00:00:00","2012-09-26 00:00:00","3.0000","36.7500","36.7500","2012-09-25 22:00:00"
"21214","519","7","60","2012-09-06 00:00:00","2012-09-17 00:00:00","2012-09-06 00:00:00","2012-09-26 00:00:00","4.0000","49.0000","49.0000","2012-09-25 22:00:00"
"21217","748","1","10","2012-09-06 00:00:00","2012-09-17 00:00:00","2012-09-06 00:00:00","2012-09-26 00:00:00","4.1000","92.2500","92.2500","2012-09-25 22:00:00"
"21217","748","2","20","2012-09-06 00:00:00","2012-09-17 00:00:00","2012-09-06 00:00:00","2012-09-26 00:00:00","3.5000","87.5000","87.5000","2012-09-25 22:00:00"
"21217","748","3","30","2012-09-06 00:00:00","2012-09-17 00:00:00","2012-09-06 00:00:00","2012-09-26 00:00:00","1.0000","14.5000","14.5000","2012-09-25 22:00:00"
"21217","748","5","45","2012-09-06 00:00:00","2012-09-17 00:00:00","2012-09-06 00:00:00","2012-09-26 00:00:00","2.0000","36.0000","36.0000","2012-09-25 22:00:00"
"21217","748","6","50","2012-09-06 00:00:00","2012-09-17 00:00:00","2012-09-06 00:00:00","2012-09-26 00:00:00","3.0000","36.7500","36.7500","2012-09-25 22:00:00"
"21217","748","7","60","2012-09-06 00:00:00","2012-09-17 00:00:00","2012-09-06 00:00:00","2012-09-26 00:00:00","4.0000","49.0000","49.0000","2012-09-25 22:00:00"
"21218","806","6","50","2012-09-06 00:00:00","2012-09-17 00:00:00","2012-09-06 00:00:00","2012-09-26 00:00:00","3.0000","36.7500","36.7500","2012-09-25 22:00:00"
"21219","810","1","10","2012-09-06 00:00:00","2012-09-17 00:00:00","2012-09-06 00:00:00","2012-09-26 00:00:00","4.1000","92.2500","92.2500","2012-09-25 22:00:00"
"21219","810","2","20","2012-09-06 00:00:00","2012-09-17 00:00:00","2012-09-06 00:00:00","2012-09-26 00:00:00","3.5000","87.5000","87.5000","2012-09-25 22:00:00"
"21219","810","6","50","2012-09-06 00:00:00","2012-09-17 00:00:00","2012-09-06 00:00:00","2012-09-26 00:00:00","3.0000","36.7500","36.7500","2012-09-25 22:00:00"
"21220","811","1","10","2012-09-06 00:00:00","2012-09-17 00:00:00","2012-09-06 00:00:00","2012-09-26 00:00:00","4.1000","92.2500","92.2500","2012-09-25 22:00:00"
"21220","811","2","20","2012-09-06 00:00:00","2012-09-17 00:00:00","2012-09-06 00:00:00","2012-09-26 00:00:00","3.5000","87.5000","87.5000","2012-09-25 22:00:00"
"21220","811","6","50","2012-09-06 00:00:00","2012-09-17 00:00:00","2012-09-06 00:00:00","2012-09-26 00:00:00","3.0000","36.7500","36.7500","2012-09-25 22:00:00"
"21221","813","1","10","2012-09-06 00:00:00","2012-09-17 00:00:00","2012-09-06 00:00:00","2012-09-26 00:00:00","4.1000","92.2500","92.2500","2012-09-25 22:00:00"
"21221","813","2","20","2012-09-06 00:00:00","2012-09-17 00:00:00","2012-09-06 00:00:00","2012-09-26 00:00:00","3.5000","87.5000","87.5000","2012-09-25 22:00:00"
"21221","813","6","50","2012-09-06 00:00:00","2012-09-17 00:00:00","2012-09-06 00:00:00","2012-09-26 00:00:00","3.0000","36.7500","36.7500","2012-09-25 22:00:00"
"21222","816","6","50","2012-09-06 00:00:00","2012-09-17 00:00:00","2012-09-06 00:00:00","2012-09-26 00:00:00","3.0000","36.7500","36.7500","2012-09-25 22:00:00"
"21223","818","6","50","2012-09-06 00:00:00","2012-09-17 00:00:00","2012-09-06 00:00:00","2012-09-26 00:00:00","3.0000","36.7500","36.7500","2012-09-25 22:00:00"
"21224","820","6","50","2012-09-06 00:00:00","2012-09-17 00:00:00","2012-09-06 00:00:00","2012-09-26 00:00:00","3.0000","36.7500","36.7500","2012-09-25 22:00:00"
"21225","824","6","50","2012-09-06 00:00:00","2012-09-17 00:00:00","2012-09-06 00:00:00","2012-09-26 00:00:00","3.0000","36.7500","36.7500","2012-09-25 22:00:00"
"21226","826","6","50","2012-09-06 00:00:00","2012-09-17 00:00:00","2012-09-06 00:00:00","2012-09-26 00:00:00","3.0000","36.7500","36.7500","2012-09-25 22:00:00"
"21227","828","6","50","2012-09-06 00:00:00","2012-09-17 00:00:00","2012-09-06 00:00:00","2012-09-26 00:00:00","3.0000","36.7500","36.7500","2012-09-25 22:00:00"
"21228","894","6","50","2012-09-06 00:00:00","2012-09-17 00:00:00","2012-09-06 00:00:00","2012-09-26 00:00:00","3.0000","36.7500","36.7500","2012-09-25 22:00:00"
"21229","945","1","10","2012-09-06 00:00:00","2012-09-17 00:00:00","2012-09-06 00:00:00","2012-09-26 00:00:00","4.1000","92.2500","92.2500","2012-09-25 22:00:00"
"21229","945","6","50","2012-09-06 00:00:00","2012-09-17 00:00:00","2012-09-06 00:00:00","2012-09-26 00:00:00","3.0000","36.7500","36.7500","2012-09-25 22:00:00"
"21230","950","6","50","2012-09-06 00:00:00","2012-09-17 00:00:00","2012-09-06 00:00:00","2012-09-26 00:00:00","3.0000","36.7500","36.7500","2012-09-25 22:00:00"
"21231","994","6","50","2012-09-06 00:00:00","2012-09-17 00:00:00","2012-09-06 00:00:00","2012-09-26 00:00:00","3.0000","36.7500","36.7500","2012-09-25 22:00:00"
"21232","995","6","50","2012-09-06 00:00:00","2012-09-17 00:00:00","2012-09-06 00:00:00","2012-09-26 00:00:00","3.0000","36.7500","36.7500","2012-09-25 22:00:00"
"21233","996","6","50","2012-09-06 00:00:00","2012-09-17 00:00:00","2012-09-06 00:00:00","2012-09-26 00:00:00","3.0000","36.7500","36.7500","2012-09-25 22:00:00"
"21247","802","1","10","2012-09-06 00:00:00","2012-09-17 00:00:00","2012-09-06 00:00:00","2012-09-26 00:00:00","4.1000","92.2500","92.2500","2012-09-25 22:00:00"
"21247","802","6","50","2012-09-06 00:00:00","2012-09-17 00:00:00","2012-09-06 00:00:00","2012-09-26 00:00:00","3.0000","36.7500","36.7500","2012-09-25 22:00:00"
"21248","804","1","10","2012-09-06 00:00:00","2012-09-17 00:00:00","2012-09-06 00:00:00","2012-09-26 00:00:00","4.1000","92.2500","92.2500","2012-09-25 22:00:00"
"21248","804","6","50","2012-09-06 00:00:00","2012-09-17 00:00:00","2012-09-06 00:00:00","2012-09-26 00:00:00","3.0000","36.7500","36.7500","2012-09-25 22:00:00"
"21253","770","7","60","2012-09-07 00:00:00","2012-09-18 00:00:00","2012-09-16 00:00:00","2012-09-18 00:00:00","4.0000","49.0000","49.0000","2012-09-17 22:00:00"
"21254","781","7","60","2012-09-07 00:00:00","2012-09-18 00:00:00","2012-09-16 00:00:00","2012-09-18 00:00:00","4.0000","49.0000","49.0000","2012-09-17 22:00:00"
"21255","782","7","60","2012-09-07 00:00:00","2012-09-18 00:00:00","2012-09-16 00:00:00","2012-09-18 00:00:00","4.0000","49.0000","49.0000","2012-09-17 22:00:00"
"21256","783","7","60","2012-09-07 00:00:00","2012-09-18 00:00:00","2012-09-16 00:00:00","2012-09-18 00:00:00","4.0000","49.0000","49.0000","2012-09-17 22:00:00"
"21257","792","7","60","2012-09-07 00:00:00","2012-09-18 00:00:00","2012-09-16 00:00:00","2012-09-18 00:00:00","4.0000","49.0000","49.0000","2012-09-17 22:00:00"
"21258","797","7","60","2012-09-07 00:00:00","2012-09-18 00:00:00","2012-09-16 00:00:00","2012-09-18 00:00:00","4.0000","49.0000","49.0000","2012-09-17 22:00:00"
"21259","516","6","50","2012-09-07 00:00:00","2012-09-18 00:00:00","2012-09-16 00:00:00","2012-09-18 00:00:00","3.0000","36.7500","36.7500","2012-09-17 22:00:00"
"21259","516","7","60","2012-09-07 00:00:00","2012-09-18 00:00:00","2012-09-16 00:00:00","2012-09-18 00:00:00","4.0000","49.0000","49.0000","2012-09-17 22:00:00"
"21260","517","6","50","2012-09-07 00:00:00","2012-09-18 00:00:00","2012-09-16 00:00:00","2012-09-18 00:00:00","3.0000","36.7500","36.7500","2012-09-17 22:00:00"
"21260","517","7","60","2012-09-07 00:00:00","2012-09-18 00:00:00","2012-09-16 00:00:00","2012-09-18 00:00:00","4.0000","49.0000","49.0000","2012-09-17 22:00:00"
"21261","518","6","50","2012-09-07 00:00:00","2012-09-18 00:00:00","2012-09-16 00:00:00","2012-09-18 00:00:00","3.0000","36.7500","36.7500","2012-09-17 22:00:00"
"21261","518","7","60","2012-09-07 00:00:00","2012-09-18 00:00:00","2012-09-16 00:00:00","2012-09-18 00:00:00","4.0000","49.0000","49.0000","2012-09-17 22:00:00"
"21262","519","6","50","2012-09-07 00:00:00","2012-09-18 00:00:00","2012-09-16 00:00:00","2012-09-18 00:00:00","3.0000","36.7500","36.7500","2012-09-17 22:00:00"
"21262","519","7","60","2012-09-07 00:00:00","2012-09-18 00:00:00","2012-09-16 00:00:00","2012-09-18 00:00:00","4.0000","49.0000","49.0000","2012-09-17 22:00:00"
"21267","747","1","10","2012-09-07 00:00:00","2012-09-18 00:00:00","2012-09-16 00:00:00","2012-09-18 00:00:00","4.1000","92.2500","92.2500","2012-09-17 22:00:00"
"21267","747","2","20","2012-09-07 00:00:00","2012-09-18 00:00:00","2012-09-16 00:00:00","2012-09-18 00:00:00","3.5000","87.5000","87.5000","2012-09-17 22:00:00"
"21267","747","3","30","2012-09-07 00:00:00","2012-09-18 00:00:00","2012-09-16 00:00:00","2012-09-18 00:00:00","1.0000","14.5000","14.5000","2012-09-17 22:00:00"
"21267","747","4","40","2012-09-07 00:00:00","2012-09-18 00:00:00","2012-09-16 00:00:00","2012-09-18 00:00:00","2.0000","31.5000","31.5000","2012-09-17 22:00:00"
"21267","747","6","50","2012-09-07 00:00:00","2012-09-18 00:00:00","2012-09-16 00:00:00","2012-09-18 00:00:00","3.0000","36.7500","36.7500","2012-09-17 22:00:00"
"21267","747","7","60","2012-09-07 00:00:00","2012-09-18 00:00:00","2012-09-16 00:00:00","2012-09-18 00:00:00","4.0000","49.0000","49.0000","2012-09-17 22:00:00"
"21268","806","6","50","2012-09-07 00:00:00","2012-09-18 00:00:00","2012-09-16 00:00:00","2012-09-18 00:00:00","3.0000","36.7500","36.7500","2012-09-17 22:00:00"
"21269","810","1","10","2012-09-07 00:00:00","2012-09-18 00:00:00","2012-09-16 00:00:00","2012-09-18 00:00:00","4.1000","92.2500","92.2500","2012-09-17 22:00:00"
"21269","810","2","20","2012-09-07 00:00:00","2012-09-18 00:00:00","2012-09-16 00:00:00","2012-09-18 00:00:00","3.5000","87.5000","87.5000","2012-09-17 22:00:00"
"21269","810","6","50","2012-09-07 00:00:00","2012-09-18 00:00:00","2012-09-16 00:00:00","2012-09-18 00:00:00","3.0000","36.7500","36.7500","2012-09-17 22:00:00"
"21270","811","1","10","2012-09-07 00:00:00","2012-09-18 00:00:00","2012-09-16 00:00:00","2012-09-18 00:00:00","4.1000","92.2500","92.2500","2012-09-17 22:00:00"
"21270","811","2","20","2012-09-07 00:00:00","2012-09-18 00:00:00","2012-09-16 00:00:00","2012-09-18 00:00:00","3.5000","87.5000","87.5000","2012-09-17 22:00:00"
"21270","811","6","50","2012-09-07 00:00:00","2012-09-18 00:00:00","2012-09-16 00:00:00","2012-09-18 00:00:00","3.0000","36.7500","36.7500","2012-09-17 22:00:00"
"21271","812","1","10","2012-09-07 00:00:00","2012-09-18 00:00:00","2012-09-16 00:00:00","2012-09-18 00:00:00","4.1000","92.2500","92.2500","2012-09-17 22:00:00"
"21271","812","2","20","2012-09-07 00:00:00","2012-09-18 00:00:00","2012-09-16 00:00:00","2012-09-18 00:00:00","3.5000","87.5000","87.5000","2012-09-17 22:00:00"
"21271","812","6","50","2012-09-07 00:00:00","2012-09-18 00:00:00","2012-09-16 00:00:00","2012-09-18 00:00:00","3.0000","36.7500","36.7500","2012-09-17 22:00:00"
"21272","813","1","10","2012-09-07 00:00:00","2012-09-18 00:00:00","2012-09-16 00:00:00","2012-09-18 00:00:00","4.1000","92.2500","92.2500","2012-09-17 22:00:00"
"21272","813","2","20","2012-09-07 00:00:00","2012-09-18 00:00:00","2012-09-16 00:00:00","2012-09-18 00:00:00","3.5000","87.5000","87.5000","2012-09-17 22:00:00"
"21272","813","6","50","2012-09-07 00:00:00","2012-09-18 00:00:00","2012-09-16 00:00:00","2012-09-18 00:00:00","3.0000","36.7500","36.7500","2012-09-17 22:00:00"
"21273","816","6","50","2012-09-07 00:00:00","2012-09-18 00:00:00","2012-09-16 00:00:00","2012-09-18 00:00:00","3.0000","36.7500","36.7500","2012-09-17 22:00:00"
"21274","818","6","50","2012-09-07 00:00:00","2012-09-18 00:00:00","2012-09-16 00:00:00","2012-09-18 00:00:00","3.0000","36.7500","36.7500","2012-09-17 22:00:00"
"21275","819","6","50","2012-09-07 00:00:00","2012-09-18 00:00:00","2012-09-16 00:00:00","2012-09-18 00:00:00","3.0000","36.7500","36.7500","2012-09-17 22:00:00"
"21276","820","6","50","2012-09-07 00:00:00","2012-09-18 00:00:00","2012-09-16 00:00:00","2012-09-18 00:00:00","3.0000","36.7500","36.7500","2012-09-17 22:00:00"
"21277","822","1","10","2012-09-07 00:00:00","2012-09-18 00:00:00","2012-09-16 00:00:00","2012-09-18 00:00:00","4.1000","92.2500","92.2500","2012-09-17 22:00:00"
"21277","822","2","20","2012-09-07 00:00:00","2012-09-18 00:00:00","2012-09-16 00:00:00","2012-09-18 00:00:00","3.5000","87.5000","87.5000","2012-09-17 22:00:00"
"21277","822","3","30","2012-09-07 00:00:00","2012-09-18 00:00:00","2012-09-16 00:00:00","2012-09-18 00:00:00","1.0000","14.5000","14.5000","2012-09-17 22:00:00"
"21277","822","4","40","2012-09-07 00:00:00","2012-09-18 00:00:00","2012-09-16 00:00:00","2012-09-18 00:00:00","2.0000","31.5000","31.5000","2012-09-17 22:00:00"
"21277","822","6","50","2012-09-07 00:00:00","2012-09-18 00:00:00","2012-09-16 00:00:00","2012-09-18 00:00:00","3.0000","36.7500","36.7500","2012-09-17 22:00:00"
"21277","822","7","60","2012-09-07 00:00:00","2012-09-18 00:00:00","2012-09-16 00:00:00","2012-09-18 00:00:00","4.0000","49.0000","49.0000","2012-09-17 22:00:00"
"21278","824","6","50","2012-09-07 00:00:00","2012-09-18 00:00:00","2012-09-16 00:00:00","2012-09-18 00:00:00","3.0000","36.7500","36.7500","2012-09-17 22:00:00"
"21279","826","6","50","2012-09-07 00:00:00","2012-09-18 00:00:00","2012-09-16 00:00:00","2012-09-18 00:00:00","3.0000","36.7500","36.7500","2012-09-17 22:00:00"
"21280","827","6","50","2012-09-07 00:00:00","2012-09-18 00:00:00","2012-09-16 00:00:00","2012-09-18 00:00:00","3.0000","36.7500","36.7500","2012-09-17 22:00:00"
"21281","828","6","50","2012-09-07 00:00:00","2012-09-18 00:00:00","2012-09-16 00:00:00","2012-09-18 00:00:00","3.0000","36.7500","36.7500","2012-09-17 22:00:00"
"21282","894","6","50","2012-09-07 00:00:00","2012-09-18 00:00:00","2012-09-16 00:00:00","2012-09-18 00:00:00","3.0000","36.7500","36.7500","2012-09-17 22:00:00"
"21283","945","1","10","2012-09-07 00:00:00","2012-09-18 00:00:00","2012-09-16 00:00:00","2012-09-18 00:00:00","4.1000","92.2500","92.2500","2012-09-17 22:00:00"
"21283","945","6","50","2012-09-07 00:00:00","2012-09-18 00:00:00","2012-09-16 00:00:00","2012-09-18 00:00:00","3.0000","36.7500","36.7500","2012-09-17 22:00:00"
"21284","950","6","50","2012-09-07 00:00:00","2012-09-18 00:00:00","2012-09-16 00:00:00","2012-09-18 00:00:00","3.0000","36.7500","36.7500","2012-09-17 22:00:00"
"21285","994","6","50","2012-09-07 00:00:00","2012-09-18 00:00:00","2012-09-16 00:00:00","2012-09-18 00:00:00","3.0000","36.7500","36.7500","2012-09-17 22:00:00"
"21286","995","6","50","2012-09-07 00:00:00","2012-09-18 00:00:00","2012-09-16 00:00:00","2012-09-18 00:00:00","3.0000","36.7500","36.7500","2012-09-17 22:00:00"
"21287","996","6","50","2012-09-07 00:00:00","2012-09-18 00:00:00","2012-09-16 00:00:00","2012-09-18 00:00:00","3.0000","36.7500","36.7500","2012-09-17 22:00:00"
"21301","802","1","10","2012-09-07 00:00:00","2012-09-18 00:00:00","2012-09-16 00:00:00","2012-09-18 00:00:00","4.1000","92.2500","92.2500","2012-09-17 22:00:00"
"21301","802","6","50","2012-09-07 00:00:00","2012-09-18 00:00:00","2012-09-16 00:00:00","2012-09-18 00:00:00","3.0000","36.7500","36.7500","2012-09-17 22:00:00"
"21302","803","1","10","2012-09-07 00:00:00","2012-09-18 00:00:00","2012-09-16 00:00:00","2012-09-18 00:00:00","4.1000","92.2500","92.2500","2012-09-17 22:00:00"
"21302","803","6","50","2012-09-07 00:00:00","2012-09-18 00:00:00","2012-09-16 00:00:00","2012-09-18 00:00:00","3.0000","36.7500","36.7500","2012-09-17 22:00:00"
"21303","804","1","10","2012-09-07 00:00:00","2012-09-18 00:00:00","2012-09-16 00:00:00","2012-09-18 00:00:00","4.1000","92.2500","92.2500","2012-09-17 22:00:00"
"21303","804","6","50","2012-09-07 00:00:00","2012-09-18 00:00:00","2012-09-16 00:00:00","2012-09-18 00:00:00","3.0000","36.7500","36.7500","2012-09-17 22:00:00"
"21308","761","7","60","2012-09-08 00:00:00","2012-09-19 00:00:00","2012-09-08 00:00:00","2012-09-30 00:00:00","4.0000","49.0000","49.0000","2012-09-29 22:00:00"
"21309","765","7","60","2012-09-08 00:00:00","2012-09-19 00:00:00","2012-09-08 00:00:00","2012-09-30 00:00:00","4.0000","49.0000","49.0000","2012-09-29 22:00:00"
"21310","768","7","60","2012-09-08 00:00:00","2012-09-19 00:00:00","2012-09-08 00:00:00","2012-09-30 00:00:00","4.0000","49.0000","49.0000","2012-09-29 22:00:00"
"21311","779","7","60","2012-09-08 00:00:00","2012-09-19 00:00:00","2012-09-08 00:00:00","2012-09-30 00:00:00","4.0000","49.0000","49.0000","2012-09-29 22:00:00"
"21312","790","7","60","2012-09-08 00:00:00","2012-09-19 00:00:00","2012-09-08 00:00:00","2012-09-30 00:00:00","4.0000","49.0000","49.0000","2012-09-29 22:00:00"
"21313","795","7","60","2012-09-08 00:00:00","2012-09-19 00:00:00","2012-09-08 00:00:00","2012-09-30 00:00:00","4.0000","49.0000","49.0000","2012-09-29 22:00:00"
"21314","516","6","50","2012-09-08 00:00:00","2012-09-19 00:00:00","2012-09-08 00:00:00","2012-09-30 00:00:00","3.0000","36.7500","36.7500","2012-09-29 22:00:00"
"21314","516","7","60","2012-09-08 00:00:00","2012-09-19 00:00:00","2012-09-08 00:00:00","2012-09-30 00:00:00","4.0000","49.0000","49.0000","2012-09-29 22:00:00"
"21315","517","6","50","2012-09-08 00:00:00","2012-09-19 00:00:00","2012-09-08 00:00:00","2012-09-30 00:00:00","3.0000","36.7500","36.7500","2012-09-29 22:00:00"
"21315","517","7","60","2012-09-08 00:00:00","2012-09-19 00:00:00","2012-09-08 00:00:00","2012-09-30 00:00:00","4.0000","49.0000","49.0000","2012-09-29 22:00:00"
"21316","519","6","50","2012-09-08 00:00:00","2012-09-19 00:00:00","2012-09-08 00:00:00","2012-09-30 00:00:00","3.0000","36.7500","36.7500","2012-09-29 22:00:00"
"21316","519","7","60","2012-09-08 00:00:00","2012-09-19 00:00:00","2012-09-08 00:00:00","2012-09-30 00:00:00","4.0000","49.0000","49.0000","2012-09-29 22:00:00"
"21321","748","1","10","2012-09-08 00:00:00","2012-09-19 00:00:00","2012-09-08 00:00:00","2012-09-30 00:00:00","4.1000","92.2500","92.2500","2012-09-29 22:00:00"
"21321","748","2","20","2012-09-08 00:00:00","2012-09-19 00:00:00","2012-09-08 00:00:00","2012-09-30 00:00:00","3.5000","87.5000","87.5000","2012-09-29 22:00:00"
"21321","748","3","30","2012-09-08 00:00:00","2012-09-19 00:00:00","2012-09-08 00:00:00","2012-09-30 00:00:00","1.0000","14.5000","14.5000","2012-09-29 22:00:00"
"21321","748","5","45","2012-09-08 00:00:00","2012-09-19 00:00:00","2012-09-08 00:00:00","2012-09-30 00:00:00","2.0000","36.0000","36.0000","2012-09-29 22:00:00"
"21321","748","6","50","2012-09-08 00:00:00","2012-09-19 00:00:00","2012-09-08 00:00:00","2012-09-30 00:00:00","3.0000","36.7500","36.7500","2012-09-29 22:00:00"
"21321","748","7","60","2012-09-08 00:00:00","2012-09-19 00:00:00","2012-09-08 00:00:00","2012-09-30 00:00:00","4.0000","49.0000","49.0000","2012-09-29 22:00:00"
"21322","806","6","50","2012-09-08 00:00:00","2012-09-19 00:00:00","2012-09-08 00:00:00","2012-09-30 00:00:00","3.0000","36.7500","36.7500","2012-09-29 22:00:00"
"21323","810","1","10","2012-09-08 00:00:00","2012-09-19 00:00:00","2012-09-08 00:00:00","2012-09-30 00:00:00","4.1000","92.2500","92.2500","2012-09-29 22:00:00"
"21323","810","2","20","2012-09-08 00:00:00","2012-09-19 00:00:00","2012-09-08 00:00:00","2012-09-30 00:00:00","3.5000","87.5000","87.5000","2012-09-29 22:00:00"
"21323","810","6","50","2012-09-08 00:00:00","2012-09-19 00:00:00","2012-09-08 00:00:00","2012-09-30 00:00:00","3.0000","36.7500","36.7500","2012-09-29 22:00:00"
"21324","811","1","10","2012-09-08 00:00:00","2012-09-19 00:00:00","2012-09-08 00:00:00","2012-09-30 00:00:00","4.1000","92.2500","92.2500","2012-09-29 22:00:00"
"21324","811","2","20","2012-09-08 00:00:00","2012-09-19 00:00:00","2012-09-08 00:00:00","2012-09-30 00:00:00","3.5000","87.5000","87.5000","2012-09-29 22:00:00"
"21324","811","6","50","2012-09-08 00:00:00","2012-09-19 00:00:00","2012-09-08 00:00:00","2012-09-30 00:00:00","3.0000","36.7500","36.7500","2012-09-29 22:00:00"
"21325","813","1","10","2012-09-08 00:00:00","2012-09-19 00:00:00","2012-09-08 00:00:00","2012-09-30 00:00:00","4.1000","92.2500","92.2500","2012-09-29 22:00:00"
"21325","813","2","20","2012-09-08 00:00:00","2012-09-19 00:00:00","2012-09-08 00:00:00","2012-09-30 00:00:00","3.5000","87.5000","87.5000","2012-09-29 22:00:00"
"21325","813","6","50","2012-09-08 00:00:00","2012-09-19 00:00:00","2012-09-08 00:00:00","2012-09-30 00:00:00","3.0000","36.7500","36.7500","2012-09-29 22:00:00"
"21326","816","6","50","2012-09-08 00:00:00","2012-09-19 00:00:00","2012-09-08 00:00:00","2012-09-30 00:00:00","3.0000","36.7500","36.7500","2012-09-29 22:00:00"
"21327","818","6","50","2012-09-08 00:00:00","2012-09-19 00:00:00","2012-09-08 00:00:00","2012-09-30 00:00:00","3.0000","36.7500","36.7500","2012-09-29 22:00:00"
"21328","820","6","50","2012-09-08 00:00:00","2012-09-19 00:00:00","2012-09-08 00:00:00","2012-09-30 00:00:00","3.0000","36.7500","36.7500","2012-09-29 22:00:00"
"21329","824","6","50","2012-09-08 00:00:00","2012-09-19 00:00:00","2012-09-08 00:00:00","2012-09-30 00:00:00","3.0000","36.7500","36.7500","2012-09-29 22:00:00"
"21330","826","6","50","2012-09-08 00:00:00","2012-09-19 00:00:00","2012-09-08 00:00:00","2012-09-30 00:00:00","3.0000","36.7500","36.7500","2012-09-29 22:00:00"
"21331","828","6","50","2012-09-08 00:00:00","2012-09-19 00:00:00","2012-09-08 00:00:00","2012-09-30 00:00:00","3.0000","36.7500","36.7500","2012-09-29 22:00:00"
"21333","894","6","50","2012-09-08 00:00:00","2012-09-19 00:00:00","2012-09-08 00:00:00","2012-09-30 00:00:00","3.0000","36.7500","36.7500","2012-09-29 22:00:00"
"21334","945","1","10","2012-09-08 00:00:00","2012-09-19 00:00:00","2012-09-08 00:00:00","2012-09-30 00:00:00","4.1000","92.2500","92.2500","2012-09-29 22:00:00"
"21334","945","6","50","2012-09-08 00:00:00","2012-09-19 00:00:00","2012-09-08 00:00:00","2012-09-30 00:00:00","3.0000","36.7500","36.7500","2012-09-29 22:00:00"
"21335","950","6","50","2012-09-08 00:00:00","2012-09-19 00:00:00","2012-09-08 00:00:00","2012-09-30 00:00:00","3.0000","36.7500","36.7500","2012-09-29 22:00:00"
"21336","994","6","50","2012-09-08 00:00:00","2012-09-19 00:00:00","2012-09-08 00:00:00","2012-09-30 00:00:00","3.0000","36.7500","36.7500","2012-09-29 22:00:00"
"21337","995","6","50","2012-09-08 00:00:00","2012-09-19 00:00:00","2012-09-08 00:00:00","2012-09-30 00:00:00","3.0000","36.7500","36.7500","2012-09-29 22:00:00"
"21338","996","6","50","2012-09-08 00:00:00","2012-09-19 00:00:00","2012-09-08 00:00:00","2012-09-30 00:00:00","3.0000","36.7500","36.7500","2012-09-29 22:00:00"
"21352","802","1","10","2012-09-08 00:00:00","2012-09-19 00:00:00","2012-09-08 00:00:00","2012-09-30 00:00:00","4.1000","92.2500","92.2500","2012-09-29 22:00:00"
"21352","802","6","50","2012-09-08 00:00:00","2012-09-19 00:00:00","2012-09-08 00:00:00","2012-09-30 00:00:00","3.0000","36.7500","36.7500","2012-09-29 22:00:00"
"21353","804","1","10","2012-09-08 00:00:00","2012-09-19 00:00:00","2012-09-08 00:00:00","2012-09-30 00:00:00","4.1000","92.2500","92.2500","2012-09-29 22:00:00"
"21353","804","6","50","2012-09-08 00:00:00","2012-09-19 00:00:00","2012-09-08 00:00:00","2012-09-30 00:00:00","3.0000","36.7500","36.7500","2012-09-29 22:00:00"
"21358","780","7","60","2012-09-09 00:00:00","2012-09-20 00:00:00","2012-09-10 00:00:00","2012-09-20 00:00:00","4.0000","49.0000","49.0000","2012-09-19 22:00:00"
"21359","781","7","60","2012-09-09 00:00:00","2012-09-20 00:00:00","2012-09-10 00:00:00","2012-09-20 00:00:00","4.0000","49.0000","49.0000","2012-09-19 22:00:00"
"21360","792","7","60","2012-09-09 00:00:00","2012-09-20 00:00:00","2012-09-10 00:00:00","2012-09-20 00:00:00","4.0000","49.0000","49.0000","2012-09-19 22:00:00"
"21361","794","7","60","2012-09-09 00:00:00","2012-09-20 00:00:00","2012-09-10 00:00:00","2012-09-20 00:00:00","4.0000","49.0000","49.0000","2012-09-19 22:00:00"
"21362","795","7","60","2012-09-09 00:00:00","2012-09-20 00:00:00","2012-09-10 00:00:00","2012-09-20 00:00:00","4.0000","49.0000","49.0000","2012-09-19 22:00:00"
"21363","796","7","60","2012-09-09 00:00:00","2012-09-20 00:00:00","2012-09-10 00:00:00","2012-09-20 00:00:00","4.0000","49.0000","49.0000","2012-09-19 22:00:00"
"21364","797","7","60","2012-09-09 00:00:00","2012-09-20 00:00:00","2012-09-10 00:00:00","2012-09-20 00:00:00","4.0000","49.0000","49.0000","2012-09-19 22:00:00"
"21365","516","6","50","2012-09-09 00:00:00","2012-09-20 00:00:00","2012-09-10 00:00:00","2012-09-20 00:00:00","3.0000","36.7500","36.7500","2012-09-19 22:00:00"
"21365","516","7","60","2012-09-09 00:00:00","2012-09-20 00:00:00","2012-09-10 00:00:00","2012-09-20 00:00:00","4.0000","49.0000","49.0000","2012-09-19 22:00:00"
"21366","518","6","50","2012-09-09 00:00:00","2012-09-20 00:00:00","2012-09-10 00:00:00","2012-09-20 00:00:00","3.0000","36.7500","36.7500","2012-09-19 22:00:00"
"21366","518","7","60","2012-09-09 00:00:00","2012-09-20 00:00:00","2012-09-10 00:00:00","2012-09-20 00:00:00","4.0000","49.0000","49.0000","2012-09-19 22:00:00"
"21367","519","6","50","2012-09-09 00:00:00","2012-09-20 00:00:00","2012-09-10 00:00:00","2012-09-20 00:00:00","3.0000","36.7500","36.7500","2012-09-19 22:00:00"
"21367","519","7","60","2012-09-09 00:00:00","2012-09-20 00:00:00","2012-09-10 00:00:00","2012-09-20 00:00:00","4.0000","49.0000","49.0000","2012-09-19 22:00:00"
"21372","806","6","50","2012-09-09 00:00:00","2012-09-20 00:00:00","2012-09-10 00:00:00","2012-09-20 00:00:00","3.0000","36.7500","36.7500","2012-09-19 22:00:00"
"21373","810","1","10","2012-09-09 00:00:00","2012-09-20 00:00:00","2012-09-10 00:00:00","2012-09-20 00:00:00","4.1000","92.2500","92.2500","2012-09-19 22:00:00"
"21373","810","2","20","2012-09-09 00:00:00","2012-09-20 00:00:00","2012-09-10 00:00:00","2012-09-20 00:00:00","3.5000","87.5000","87.5000","2012-09-19 22:00:00"
"21373","810","6","50","2012-09-09 00:00:00","2012-09-20 00:00:00","2012-09-10 00:00:00","2012-09-20 00:00:00","3.0000","36.7500","36.7500","2012-09-19 22:00:00"
"21374","812","1","10","2012-09-09 00:00:00","2012-09-20 00:00:00","2012-09-10 00:00:00","2012-09-20 00:00:00","4.1000","92.2500","92.2500","2012-09-19 22:00:00"
"21374","812","2","20","2012-09-09 00:00:00","2012-09-20 00:00:00","2012-09-10 00:00:00","2012-09-20 00:00:00","3.5000","87.5000","87.5000","2012-09-19 22:00:00"
"21374","812","6","50","2012-09-09 00:00:00","2012-09-20 00:00:00","2012-09-10 00:00:00","2012-09-20 00:00:00","3.0000","36.7500","36.7500","2012-09-19 22:00:00"
"21375","813","1","10","2012-09-09 00:00:00","2012-09-20 00:00:00","2012-09-10 00:00:00","2012-09-20 00:00:00","4.1000","92.2500","92.2500","2012-09-19 22:00:00"
"21375","813","2","20","2012-09-09 00:00:00","2012-09-20 00:00:00","2012-09-10 00:00:00","2012-09-20 00:00:00","3.5000","87.5000","87.5000","2012-09-19 22:00:00"
"21375","813","6","50","2012-09-09 00:00:00","2012-09-20 00:00:00","2012-09-10 00:00:00","2012-09-20 00:00:00","3.0000","36.7500","36.7500","2012-09-19 22:00:00"
"21376","816","6","50","2012-09-09 00:00:00","2012-09-20 00:00:00","2012-09-10 00:00:00","2012-09-20 00:00:00","3.0000","36.7500","36.7500","2012-09-19 22:00:00"
"21377","819","6","50","2012-09-09 00:00:00","2012-09-20 00:00:00","2012-09-10 00:00:00","2012-09-20 00:00:00","3.0000","36.7500","36.7500","2012-09-19 22:00:00"
"21378","820","6","50","2012-09-09 00:00:00","2012-09-20 00:00:00","2012-09-10 00:00:00","2012-09-20 00:00:00","3.0000","36.7500","36.7500","2012-09-19 22:00:00"
"21379","822","1","10","2012-09-09 00:00:00","2012-09-20 00:00:00","2012-09-10 00:00:00","2012-09-20 00:00:00","4.1000","92.2500","92.2500","2012-09-19 22:00:00"
"21379","822","2","20","2012-09-09 00:00:00","2012-09-20 00:00:00","2012-09-10 00:00:00","2012-09-20 00:00:00","3.5000","87.5000","87.5000","2012-09-19 22:00:00"
"21379","822","3","30","2012-09-09 00:00:00","2012-09-20 00:00:00","2012-09-10 00:00:00","2012-09-20 00:00:00","1.0000","14.5000","14.5000","2012-09-19 22:00:00"
"21379","822","4","40","2012-09-09 00:00:00","2012-09-20 00:00:00","2012-09-10 00:00:00","2012-09-20 00:00:00","2.0000","31.5000","31.5000","2012-09-19 22:00:00"
"21379","822","6","50","2012-09-09 00:00:00","2012-09-20 00:00:00","2012-09-10 00:00:00","2012-09-20 00:00:00","3.0000","36.7500","36.7500","2012-09-19 22:00:00"
"21379","822","7","60","2012-09-09 00:00:00","2012-09-20 00:00:00","2012-09-10 00:00:00","2012-09-20 00:00:00","4.0000","49.0000","49.0000","2012-09-19 22:00:00"
"21380","824","6","50","2012-09-09 00:00:00","2012-09-20 00:00:00","2012-09-10 00:00:00","2012-09-20 00:00:00","3.0000","36.7500","36.7500","2012-09-19 22:00:00"
"21381","827","6","50","2012-09-09 00:00:00","2012-09-20 00:00:00","2012-09-10 00:00:00","2012-09-20 00:00:00","3.0000","36.7500","36.7500","2012-09-19 22:00:00"
"21382","828","6","50","2012-09-09 00:00:00","2012-09-20 00:00:00","2012-09-10 00:00:00","2012-09-20 00:00:00","3.0000","36.7500","36.7500","2012-09-19 22:00:00"
"21385","894","6","50","2012-09-09 00:00:00","2012-09-20 00:00:00","2012-09-10 00:00:00","2012-09-20 00:00:00","3.0000","36.7500","36.7500","2012-09-19 22:00:00"
"21386","945","1","10","2012-09-09 00:00:00","2012-09-20 00:00:00","2012-09-10 00:00:00","2012-09-20 00:00:00","4.1000","92.2500","92.2500","2012-09-19 22:00:00"
"21386","945","6","50","2012-09-09 00:00:00","2012-09-20 00:00:00","2012-09-10 00:00:00","2012-09-20 00:00:00","3.0000","36.7500","36.7500","2012-09-19 22:00:00"
"21387","950","6","50","2012-09-09 00:00:00","2012-09-20 00:00:00","2012-09-10 00:00:00","2012-09-20 00:00:00","3.0000","36.7500","36.7500","2012-09-19 22:00:00"
"21388","994","6","50","2012-09-09 00:00:00","2012-09-20 00:00:00","2012-09-10 00:00:00","2012-09-20 00:00:00","3.0000","36.7500","36.7500","2012-09-19 22:00:00"
"21389","995","6","50","2012-09-09 00:00:00","2012-09-20 00:00:00","2012-09-10 00:00:00","2012-09-20 00:00:00","3.0000","36.7500","36.7500","2012-09-19 22:00:00"
"21390","996","6","50","2012-09-09 00:00:00","2012-09-20 00:00:00","2012-09-10 00:00:00","2012-09-20 00:00:00","3.0000","36.7500","36.7500","2012-09-19 22:00:00"
"21403","803","1","10","2012-09-09 00:00:00","2012-09-20 00:00:00","2012-09-10 00:00:00","2012-09-20 00:00:00","4.1000","92.2500","92.2500","2012-09-19 22:00:00"
"21403","803","6","50","2012-09-09 00:00:00","2012-09-20 00:00:00","2012-09-10 00:00:00","2012-09-20 00:00:00","3.0000","36.7500","36.7500","2012-09-19 22:00:00"
"21404","804","1","10","2012-09-09 00:00:00","2012-09-20 00:00:00","2012-09-10 00:00:00","2012-09-20 00:00:00","4.1000","92.2500","92.2500","2012-09-19 22:00:00"
"21404","804","6","50","2012-09-09 00:00:00","2012-09-20 00:00:00","2012-09-10 00:00:00","2012-09-20 00:00:00","3.0000","36.7500","36.7500","2012-09-19 22:00:00"
"21409","781","7","60","2012-09-10 00:00:00","2012-09-21 00:00:00","2012-09-10 00:00:00","2012-10-04 00:00:00","4.0000","49.0000","49.0000","2012-10-03 22:00:00"
"21410","789","7","60","2012-09-10 00:00:00","2012-09-21 00:00:00","2012-09-10 00:00:00","2012-10-04 00:00:00","4.0000","49.0000","49.0000","2012-10-03 22:00:00"
"21411","791","7","60","2012-09-10 00:00:00","2012-09-21 00:00:00","2012-09-10 00:00:00","2012-10-04 00:00:00","4.0000","49.0000","49.0000","2012-10-03 22:00:00"
"21412","516","6","50","2012-09-10 00:00:00","2012-09-21 00:00:00","2012-09-10 00:00:00","2012-10-04 00:00:00","3.0000","36.7500","36.7500","2012-10-03 22:00:00"
"21412","516","7","60","2012-09-10 00:00:00","2012-09-21 00:00:00","2012-09-10 00:00:00","2012-10-04 00:00:00","4.0000","49.0000","49.0000","2012-10-03 22:00:00"
"21413","519","6","50","2012-09-10 00:00:00","2012-09-21 00:00:00","2012-09-10 00:00:00","2012-10-04 00:00:00","3.0000","36.7500","36.7500","2012-10-03 22:00:00"
"21413","519","7","60","2012-09-10 00:00:00","2012-09-21 00:00:00","2012-09-10 00:00:00","2012-10-04 00:00:00","4.0000","49.0000","49.0000","2012-10-03 22:00:00"
"21417","806","6","50","2012-09-10 00:00:00","2012-09-21 00:00:00","2012-09-10 00:00:00","2012-10-04 00:00:00","3.0000","36.7500","36.7500","2012-10-03 22:00:00"
"21418","810","1","10","2012-09-10 00:00:00","2012-09-21 00:00:00","2012-09-10 00:00:00","2012-10-04 00:00:00","4.1000","92.2500","92.2500","2012-10-03 22:00:00"
"21418","810","2","20","2012-09-10 00:00:00","2012-09-21 00:00:00","2012-09-10 00:00:00","2012-10-04 00:00:00","3.5000","87.5000","87.5000","2012-10-03 22:00:00"
"21418","810","6","50","2012-09-10 00:00:00","2012-09-21 00:00:00","2012-09-10 00:00:00","2012-10-04 00:00:00","3.0000","36.7500","36.7500","2012-10-03 22:00:00"
"21419","813","1","10","2012-09-10 00:00:00","2012-09-21 00:00:00","2012-09-10 00:00:00","2012-10-04 00:00:00","4.1000","92.2500","92.2500","2012-10-03 22:00:00"
"21419","813","2","20","2012-09-10 00:00:00","2012-09-21 00:00:00","2012-09-10 00:00:00","2012-10-04 00:00:00","3.5000","87.5000","87.5000","2012-10-03 22:00:00"
"21419","813","6","50","2012-09-10 00:00:00","2012-09-21 00:00:00","2012-09-10 00:00:00","2012-10-04 00:00:00","3.0000","36.7500","36.7500","2012-10-03 22:00:00"
"21420","816","6","50","2012-09-10 00:00:00","2012-09-21 00:00:00","2012-09-10 00:00:00","2012-10-04 00:00:00","3.0000","36.7500","36.7500","2012-10-03 22:00:00"
"21421","820","6","50","2012-09-10 00:00:00","2012-09-21 00:00:00","2012-09-10 00:00:00","2012-10-04 00:00:00","3.0000","36.7500","36.7500","2012-10-03 22:00:00"
"21422","824","6","50","2012-09-10 00:00:00","2012-09-21 00:00:00","2012-09-10 00:00:00","2012-10-04 00:00:00","3.0000","36.7500","36.7500","2012-10-03 22:00:00"
"21423","828","6","50","2012-09-10 00:00:00","2012-09-21 00:00:00","2012-09-10 00:00:00","2012-10-04 00:00:00","3.0000","36.7500","36.7500","2012-10-03 22:00:00"
"21424","894","6","50","2012-09-10 00:00:00","2012-09-21 00:00:00","2012-09-10 00:00:00","2012-10-04 00:00:00","3.0000","36.7500","36.7500","2012-10-03 22:00:00"
"21425","945","1","10","2012-09-10 00:00:00","2012-09-21 00:00:00","2012-09-10 00:00:00","2012-10-04 00:00:00","4.1000","92.2500","92.2500","2012-10-03 22:00:00"
"21425","945","6","50","2012-09-10 00:00:00","2012-09-21 00:00:00","2012-09-10 00:00:00","2012-10-04 00:00:00","3.0000","36.7500","36.7500","2012-10-03 22:00:00"
"21426","950","6","50","2012-09-10 00:00:00","2012-09-21 00:00:00","2012-09-10 00:00:00","2012-10-04 00:00:00","3.0000","36.7500","36.7500","2012-10-03 22:00:00"
"21427","995","6","50","2012-09-10 00:00:00","2012-09-21 00:00:00","2012-09-10 00:00:00","2012-10-04 00:00:00","3.0000","36.7500","36.7500","2012-10-03 22:00:00"
"21428","996","6","50","2012-09-10 00:00:00","2012-09-21 00:00:00","2012-09-10 00:00:00","2012-10-04 00:00:00","3.0000","36.7500","36.7500","2012-10-03 22:00:00"
"21441","804","1","10","2012-09-10 00:00:00","2012-09-21 00:00:00","2012-09-10 00:00:00","2012-10-04 00:00:00","4.1000","92.2500","92.2500","2012-10-03 22:00:00"
"21441","804","6","50","2012-09-10 00:00:00","2012-09-21 00:00:00","2012-09-10 00:00:00","2012-10-04 00:00:00","3.0000","36.7500","36.7500","2012-10-03 22:00:00"
"21446","782","7","60","2012-09-11 00:00:00","2012-09-22 00:00:00","2012-09-14 00:00:00","2012-09-22 00:00:00","4.0000","49.0000","49.0000","2012-09-21 22:00:00"
"21447","792","7","60","2012-09-11 00:00:00","2012-09-22 00:00:00","2012-09-14 00:00:00","2012-09-22 00:00:00","4.0000","49.0000","49.0000","2012-09-21 22:00:00"
"21448","794","7","60","2012-09-11 00:00:00","2012-09-22 00:00:00","2012-09-14 00:00:00","2012-09-22 00:00:00","4.0000","49.0000","49.0000","2012-09-21 22:00:00"
"21449","796","7","60","2012-09-11 00:00:00","2012-09-22 00:00:00","2012-09-14 00:00:00","2012-09-22 00:00:00","4.0000","49.0000","49.0000","2012-09-21 22:00:00"
"21450","516","6","50","2012-09-11 00:00:00","2012-09-22 00:00:00","2012-09-14 00:00:00","2012-09-22 00:00:00","3.0000","36.7500","36.7500","2012-09-21 22:00:00"
"21450","516","7","60","2012-09-11 00:00:00","2012-09-22 00:00:00","2012-09-14 00:00:00","2012-09-22 00:00:00","4.0000","49.0000","49.0000","2012-09-21 22:00:00"
"21451","519","6","50","2012-09-11 00:00:00","2012-09-22 00:00:00","2012-09-14 00:00:00","2012-09-22 00:00:00","3.0000","36.7500","36.7500","2012-09-21 22:00:00"
"21451","519","7","60","2012-09-11 00:00:00","2012-09-22 00:00:00","2012-09-14 00:00:00","2012-09-22 00:00:00","4.0000","49.0000","49.0000","2012-09-21 22:00:00"
"21454","747","1","10","2012-09-11 00:00:00","2012-09-22 00:00:00","2012-09-14 00:00:00","2012-09-22 00:00:00","4.1000","92.2500","92.2500","2012-09-21 22:00:00"
"21454","747","2","20","2012-09-11 00:00:00","2012-09-22 00:00:00","2012-09-14 00:00:00","2012-09-22 00:00:00","3.5000","87.5000","87.5000","2012-09-21 22:00:00"
"21454","747","3","30","2012-09-11 00:00:00","2012-09-22 00:00:00","2012-09-14 00:00:00","2012-09-22 00:00:00","1.0000","14.5000","14.5000","2012-09-21 22:00:00"
"21454","747","4","40","2012-09-11 00:00:00","2012-09-22 00:00:00","2012-09-14 00:00:00","2012-09-22 00:00:00","2.0000","31.5000","31.5000","2012-09-21 22:00:00"
"21454","747","6","50","2012-09-11 00:00:00","2012-09-22 00:00:00","2012-09-14 00:00:00","2012-09-22 00:00:00","3.0000","36.7500","36.7500","2012-09-21 22:00:00"
"21454","747","7","60","2012-09-11 00:00:00","2012-09-22 00:00:00","2012-09-14 00:00:00","2012-09-22 00:00:00","4.0000","49.0000","49.0000","2012-09-21 22:00:00"
"21455","806","6","50","2012-09-11 00:00:00","2012-09-22 00:00:00","2012-09-14 00:00:00","2012-09-22 00:00:00","3.0000","36.7500","36.7500","2012-09-21 22:00:00"
"21456","810","1","10","2012-09-11 00:00:00","2012-09-22 00:00:00","2012-09-14 00:00:00","2012-09-22 00:00:00","4.1000","92.2500","92.2500","2012-09-21 22:00:00"
"21456","810","2","20","2012-09-11 00:00:00","2012-09-22 00:00:00","2012-09-14 00:00:00","2012-09-22 00:00:00","3.5000","87.5000","87.5000","2012-09-21 22:00:00"
"21456","810","6","50","2012-09-11 00:00:00","2012-09-22 00:00:00","2012-09-14 00:00:00","2012-09-22 00:00:00","3.0000","36.7500","36.7500","2012-09-21 22:00:00"
"21457","813","1","10","2012-09-11 00:00:00","2012-09-22 00:00:00","2012-09-14 00:00:00","2012-09-22 00:00:00","4.1000","92.2500","92.2500","2012-09-21 22:00:00"
"21457","813","2","20","2012-09-11 00:00:00","2012-09-22 00:00:00","2012-09-14 00:00:00","2012-09-22 00:00:00","3.5000","87.5000","87.5000","2012-09-21 22:00:00"
"21457","813","6","50","2012-09-11 00:00:00","2012-09-22 00:00:00","2012-09-14 00:00:00","2012-09-22 00:00:00","3.0000","36.7500","36.7500","2012-09-21 22:00:00"
"21458","816","6","50","2012-09-11 00:00:00","2012-09-22 00:00:00","2012-09-14 00:00:00","2012-09-22 00:00:00","3.0000","36.7500","36.7500","2012-09-21 22:00:00"
"21459","820","6","50","2012-09-11 00:00:00","2012-09-22 00:00:00","2012-09-14 00:00:00","2012-09-22 00:00:00","3.0000","36.7500","36.7500","2012-09-21 22:00:00"
"21460","824","6","50","2012-09-11 00:00:00","2012-09-22 00:00:00","2012-09-14 00:00:00","2012-09-22 00:00:00","3.0000","36.7500","36.7500","2012-09-21 22:00:00"
"21461","828","6","50","2012-09-11 00:00:00","2012-09-22 00:00:00","2012-09-14 00:00:00","2012-09-22 00:00:00","3.0000","36.7500","36.7500","2012-09-21 22:00:00"
"21463","894","6","50","2012-09-11 00:00:00","2012-09-22 00:00:00","2012-09-14 00:00:00","2012-09-22 00:00:00","3.0000","36.7500","36.7500","2012-09-21 22:00:00"
"21464","945","1","10","2012-09-11 00:00:00","2012-09-22 00:00:00","2012-09-14 00:00:00","2012-09-22 00:00:00","4.1000","92.2500","92.2500","2012-09-21 22:00:00"
"21464","945","6","50","2012-09-11 00:00:00","2012-09-22 00:00:00","2012-09-14 00:00:00","2012-09-22 00:00:00","3.0000","36.7500","36.7500","2012-09-21 22:00:00"
"21465","950","6","50","2012-09-11 00:00:00","2012-09-22 00:00:00","2012-09-14 00:00:00","2012-09-22 00:00:00","3.0000","36.7500","36.7500","2012-09-21 22:00:00"
"21466","995","6","50","2012-09-11 00:00:00","2012-09-22 00:00:00","2012-09-14 00:00:00","2012-09-22 00:00:00","3.0000","36.7500","36.7500","2012-09-21 22:00:00"
"21467","996","6","50","2012-09-11 00:00:00","2012-09-22 00:00:00","2012-09-14 00:00:00","2012-09-22 00:00:00","3.0000","36.7500","36.7500","2012-09-21 22:00:00"
"21480","804","1","10","2012-09-11 00:00:00","2012-09-22 00:00:00","2012-09-14 00:00:00","2012-09-22 00:00:00","4.1000","92.2500","92.2500","2012-09-21 22:00:00"
"21480","804","6","50","2012-09-11 00:00:00","2012-09-22 00:00:00","2012-09-14 00:00:00","2012-09-22 00:00:00","3.0000","36.7500","36.7500","2012-09-21 22:00:00"
"21485","780","7","60","2012-09-12 00:00:00","2012-09-23 00:00:00","2012-09-12 00:00:00","2012-10-08 00:00:00","4.0000","49.0000","49.0000","2012-10-07 22:00:00"
"21486","789","7","60","2012-09-12 00:00:00","2012-09-23 00:00:00","2012-09-12 00:00:00","2012-10-08 00:00:00","4.0000","49.0000","49.0000","2012-10-07 22:00:00"
"21487","790","7","60","2012-09-12 00:00:00","2012-09-23 00:00:00","2012-09-12 00:00:00","2012-10-08 00:00:00","4.0000","49.0000","49.0000","2012-10-07 22:00:00"
"21488","792","7","60","2012-09-12 00:00:00","2012-09-23 00:00:00","2012-09-12 00:00:00","2012-10-08 00:00:00","4.0000","49.0000","49.0000","2012-10-07 22:00:00"
"21489","796","7","60","2012-09-12 00:00:00","2012-09-23 00:00:00","2012-09-12 00:00:00","2012-10-08 00:00:00","4.0000","49.0000","49.0000","2012-10-07 22:00:00"
"21490","516","6","50","2012-09-12 00:00:00","2012-09-23 00:00:00","2012-09-12 00:00:00","2012-10-08 00:00:00","3.0000","36.7500","36.7500","2012-10-07 22:00:00"
"21490","516","7","60","2012-09-12 00:00:00","2012-09-23 00:00:00","2012-09-12 00:00:00","2012-10-08 00:00:00","4.0000","49.0000","49.0000","2012-10-07 22:00:00"
"21491","519","6","50","2012-09-12 00:00:00","2012-09-23 00:00:00","2012-09-12 00:00:00","2012-10-08 00:00:00","3.0000","36.7500","36.7500","2012-10-07 22:00:00"
"21491","519","7","60","2012-09-12 00:00:00","2012-09-23 00:00:00","2012-09-12 00:00:00","2012-10-08 00:00:00","4.0000","49.0000","49.0000","2012-10-07 22:00:00"
"21497","806","6","50","2012-09-12 00:00:00","2012-09-23 00:00:00","2012-09-12 00:00:00","2012-10-08 00:00:00","3.0000","36.7500","36.7500","2012-10-07 22:00:00"
"21498","810","1","10","2012-09-12 00:00:00","2012-09-23 00:00:00","2012-09-12 00:00:00","2012-10-08 00:00:00","4.1000","92.2500","92.2500","2012-10-07 22:00:00"
"21498","810","2","20","2012-09-12 00:00:00","2012-09-23 00:00:00","2012-09-12 00:00:00","2012-10-08 00:00:00","3.5000","87.5000","87.5000","2012-10-07 22:00:00"
"21498","810","6","50","2012-09-12 00:00:00","2012-09-23 00:00:00","2012-09-12 00:00:00","2012-10-08 00:00:00","3.0000","36.7500","36.7500","2012-10-07 22:00:00"
"21499","813","1","10","2012-09-12 00:00:00","2012-09-23 00:00:00","2012-09-12 00:00:00","2012-10-08 00:00:00","4.1000","92.2500","92.2500","2012-10-07 22:00:00"
"21499","813","2","20","2012-09-12 00:00:00","2012-09-23 00:00:00","2012-09-12 00:00:00","2012-10-08 00:00:00","3.5000","87.5000","87.5000","2012-10-07 22:00:00"
"21499","813","6","50","2012-09-12 00:00:00","2012-09-23 00:00:00","2012-09-12 00:00:00","2012-10-08 00:00:00","3.0000","36.7500","36.7500","2012-10-07 22:00:00"
"21500","816","6","50","2012-09-12 00:00:00","2012-09-23 00:00:00","2012-09-12 00:00:00","2012-10-08 00:00:00","3.0000","36.7500","36.7500","2012-10-07 22:00:00"
"21501","820","6","50","2012-09-12 00:00:00","2012-09-23 00:00:00","2012-09-12 00:00:00","2012-10-08 00:00:00","3.0000","36.7500","36.7500","2012-10-07 22:00:00"
"21502","824","6","50","2012-09-12 00:00:00","2012-09-23 00:00:00","2012-09-12 00:00:00","2012-10-08 00:00:00","3.0000","36.7500","36.7500","2012-10-07 22:00:00"
"21503","828","6","50","2012-09-12 00:00:00","2012-09-23 00:00:00","2012-09-12 00:00:00","2012-10-08 00:00:00","3.0000","36.7500","36.7500","2012-10-07 22:00:00"
"21504","894","6","50","2012-09-12 00:00:00","2012-09-23 00:00:00","2012-09-12 00:00:00","2012-10-08 00:00:00","3.0000","36.7500","36.7500","2012-10-07 22:00:00"
"21505","945","1","10","2012-09-12 00:00:00","2012-09-23 00:00:00","2012-09-12 00:00:00","2012-10-08 00:00:00","4.1000","92.2500","92.2500","2012-10-07 22:00:00"
"21505","945","6","50","2012-09-12 00:00:00","2012-09-23 00:00:00","2012-09-12 00:00:00","2012-10-08 00:00:00","3.0000","36.7500","36.7500","2012-10-07 22:00:00"
"21506","950","6","50","2012-09-12 00:00:00","2012-09-23 00:00:00","2012-09-12 00:00:00","2012-10-08 00:00:00","3.0000","36.7500","36.7500","2012-10-07 22:00:00"
"21507","995","6","50","2012-09-12 00:00:00","2012-09-23 00:00:00","2012-09-12 00:00:00","2012-10-08 00:00:00","3.0000","36.7500","36.7500","2012-10-07 22:00:00"
"21508","996","6","50","2012-09-12 00:00:00","2012-09-23 00:00:00","2012-09-12 00:00:00","2012-10-08 00:00:00","3.0000","36.7500","36.7500","2012-10-07 22:00:00"
"21521","804","1","10","2012-09-12 00:00:00","2012-09-23 00:00:00","2012-09-12 00:00:00","2012-10-08 00:00:00","4.1000","92.2500","92.2500","2012-10-07 22:00:00"
"21521","804","6","50","2012-09-12 00:00:00","2012-09-23 00:00:00","2012-09-12 00:00:00","2012-10-08 00:00:00","3.0000","36.7500","36.7500","2012-10-07 22:00:00"
"21526","763","7","60","2012-09-13 00:00:00","2012-09-24 00:00:00","2012-09-18 00:00:00","2012-09-24 00:00:00","4.0000","49.0000","49.0000","2012-09-23 22:00:00"
"21527","765","7","60","2012-09-13 00:00:00","2012-09-24 00:00:00","2012-09-18 00:00:00","2012-09-24 00:00:00","4.0000","49.0000","49.0000","2012-09-23 22:00:00"
"21528","768","7","60","2012-09-13 00:00:00","2012-09-24 00:00:00","2012-09-18 00:00:00","2012-09-24 00:00:00","4.0000","49.0000","49.0000","2012-09-23 22:00:00"
"21529","769","7","60","2012-09-13 00:00:00","2012-09-24 00:00:00","2012-09-18 00:00:00","2012-09-24 00:00:00","4.0000","49.0000","49.0000","2012-09-23 22:00:00"
"21530","770","7","60","2012-09-13 00:00:00","2012-09-24 00:00:00","2012-09-18 00:00:00","2012-09-24 00:00:00","4.0000","49.0000","49.0000","2012-09-23 22:00:00"
"21531","783","7","60","2012-09-13 00:00:00","2012-09-24 00:00:00","2012-09-18 00:00:00","2012-09-24 00:00:00","4.0000","49.0000","49.0000","2012-09-23 22:00:00"
"21532","791","7","60","2012-09-13 00:00:00","2012-09-24 00:00:00","2012-09-18 00:00:00","2012-09-24 00:00:00","4.0000","49.0000","49.0000","2012-09-23 22:00:00"
"21533","793","7","60","2012-09-13 00:00:00","2012-09-24 00:00:00","2012-09-18 00:00:00","2012-09-24 00:00:00","4.0000","49.0000","49.0000","2012-09-23 22:00:00"
"21534","796","7","60","2012-09-13 00:00:00","2012-09-24 00:00:00","2012-09-18 00:00:00","2012-09-24 00:00:00","4.0000","49.0000","49.0000","2012-09-23 22:00:00"
"21535","516","6","50","2012-09-13 00:00:00","2012-09-24 00:00:00","2012-09-18 00:00:00","2012-09-24 00:00:00","3.0000","36.7500","36.7500","2012-09-23 22:00:00"
"21535","516","7","60","2012-09-13 00:00:00","2012-09-24 00:00:00","2012-09-18 00:00:00","2012-09-24 00:00:00","4.0000","49.0000","49.0000","2012-09-23 22:00:00"
"21536","517","6","50","2012-09-13 00:00:00","2012-09-24 00:00:00","2012-09-18 00:00:00","2012-09-24 00:00:00","3.0000","36.7500","36.7500","2012-09-23 22:00:00"
"21536","517","7","60","2012-09-13 00:00:00","2012-09-24 00:00:00","2012-09-18 00:00:00","2012-09-24 00:00:00","4.0000","49.0000","49.0000","2012-09-23 22:00:00"
"21537","519","6","50","2012-09-13 00:00:00","2012-09-24 00:00:00","2012-09-18 00:00:00","2012-09-24 00:00:00","3.0000","36.7500","36.7500","2012-09-23 22:00:00"
"21537","519","7","60","2012-09-13 00:00:00","2012-09-24 00:00:00","2012-09-18 00:00:00","2012-09-24 00:00:00","4.0000","49.0000","49.0000","2012-09-23 22:00:00"
"21546","806","6","50","2012-09-13 00:00:00","2012-09-24 00:00:00","2012-09-18 00:00:00","2012-09-24 00:00:00","3.0000","36.7500","36.7500","2012-09-23 22:00:00"
"21547","810","1","10","2012-09-13 00:00:00","2012-09-24 00:00:00","2012-09-18 00:00:00","2012-09-24 00:00:00","4.1000","92.2500","92.2500","2012-09-23 22:00:00"
"21547","810","2","20","2012-09-13 00:00:00","2012-09-24 00:00:00","2012-09-18 00:00:00","2012-09-24 00:00:00","3.5000","87.5000","87.5000","2012-09-23 22:00:00"
"21547","810","6","50","2012-09-13 00:00:00","2012-09-24 00:00:00","2012-09-18 00:00:00","2012-09-24 00:00:00","3.0000","36.7500","36.7500","2012-09-23 22:00:00"
"21548","811","1","10","2012-09-13 00:00:00","2012-09-24 00:00:00","2012-09-18 00:00:00","2012-09-24 00:00:00","4.1000","92.2500","92.2500","2012-09-23 22:00:00"
"21548","811","2","20","2012-09-13 00:00:00","2012-09-24 00:00:00","2012-09-18 00:00:00","2012-09-24 00:00:00","3.5000","87.5000","87.5000","2012-09-23 22:00:00"
"21548","811","6","50","2012-09-13 00:00:00","2012-09-24 00:00:00","2012-09-18 00:00:00","2012-09-24 00:00:00","3.0000","36.7500","36.7500","2012-09-23 22:00:00"
"21549","813","1","10","2012-09-13 00:00:00","2012-09-24 00:00:00","2012-09-18 00:00:00","2012-09-24 00:00:00","4.1000","92.2500","92.2500","2012-09-23 22:00:00"
"21549","813","2","20","2012-09-13 00:00:00","2012-09-24 00:00:00","2012-09-18 00:00:00","2012-09-24 00:00:00","3.5000","87.5000","87.5000","2012-09-23 22:00:00"
"21549","813","6","50","2012-09-13 00:00:00","2012-09-24 00:00:00","2012-09-18 00:00:00","2012-09-24 00:00:00","3.0000","36.7500","36.7500","2012-09-23 22:00:00"
"21550","816","6","50","2012-09-13 00:00:00","2012-09-24 00:00:00","2012-09-18 00:00:00","2012-09-24 00:00:00","3.0000","36.7500","36.7500","2012-09-23 22:00:00"
"21551","818","6","50","2012-09-13 00:00:00","2012-09-24 00:00:00","2012-09-18 00:00:00","2012-09-24 00:00:00","3.0000","36.7500","36.7500","2012-09-23 22:00:00"
"21552","820","6","50","2012-09-13 00:00:00","2012-09-24 00:00:00","2012-09-18 00:00:00","2012-09-24 00:00:00","3.0000","36.7500","36.7500","2012-09-23 22:00:00"
"21553","824","6","50","2012-09-13 00:00:00","2012-09-24 00:00:00","2012-09-18 00:00:00","2012-09-24 00:00:00","3.0000","36.7500","36.7500","2012-09-23 22:00:00"
"21554","826","6","50","2012-09-13 00:00:00","2012-09-24 00:00:00","2012-09-18 00:00:00","2012-09-24 00:00:00","3.0000","36.7500","36.7500","2012-09-23 22:00:00"
"21555","828","6","50","2012-09-13 00:00:00","2012-09-24 00:00:00","2012-09-18 00:00:00","2012-09-24 00:00:00","3.0000","36.7500","36.7500","2012-09-23 22:00:00"
"21557","894","6","50","2012-09-13 00:00:00","2012-09-24 00:00:00","2012-09-18 00:00:00","2012-09-24 00:00:00","3.0000","36.7500","36.7500","2012-09-23 22:00:00"
"21558","945","1","10","2012-09-13 00:00:00","2012-09-24 00:00:00","2012-09-18 00:00:00","2012-09-24 00:00:00","4.1000","92.2500","92.2500","2012-09-23 22:00:00"
"21558","945","6","50","2012-09-13 00:00:00","2012-09-24 00:00:00","2012-09-18 00:00:00","2012-09-24 00:00:00","3.0000","36.7500","36.7500","2012-09-23 22:00:00"
"21559","950","6","50","2012-09-13 00:00:00","2012-09-24 00:00:00","2012-09-18 00:00:00","2012-09-24 00:00:00","3.0000","36.7500","36.7500","2012-09-23 22:00:00"
"21560","994","6","50","2012-09-13 00:00:00","2012-09-24 00:00:00","2012-09-18 00:00:00","2012-09-24 00:00:00","3.0000","36.7500","36.7500","2012-09-23 22:00:00"
"21561","995","6","50","2012-09-13 00:00:00","2012-09-24 00:00:00","2012-09-18 00:00:00","2012-09-24 00:00:00","3.0000","36.7500","36.7500","2012-09-23 22:00:00"
"21562","996","6","50","2012-09-13 00:00:00","2012-09-24 00:00:00","2012-09-18 00:00:00","2012-09-24 00:00:00","3.0000","36.7500","36.7500","2012-09-23 22:00:00"
"21576","802","1","10","2012-09-13 00:00:00","2012-09-24 00:00:00","2012-09-18 00:00:00","2012-09-24 00:00:00","4.1000","92.2500","92.2500","2012-09-23 22:00:00"
"21576","802","6","50","2012-09-13 00:00:00","2012-09-24 00:00:00","2012-09-18 00:00:00","2012-09-24 00:00:00","3.0000","36.7500","36.7500","2012-09-23 22:00:00"
"21577","804","1","10","2012-09-13 00:00:00","2012-09-24 00:00:00","2012-09-18 00:00:00","2012-09-24 00:00:00","4.1000","92.2500","92.2500","2012-09-23 22:00:00"
"21577","804","6","50","2012-09-13 00:00:00","2012-09-24 00:00:00","2012-09-18 00:00:00","2012-09-24 00:00:00","3.0000","36.7500","36.7500","2012-09-23 22:00:00"
"21582","761","7","60","2012-09-14 00:00:00","2012-09-25 00:00:00","2012-09-14 00:00:00","2012-10-12 00:00:00","4.0000","49.0000","49.0000","2012-10-11 22:00:00"
"21583","767","7","60","2012-09-14 00:00:00","2012-09-25 00:00:00","2012-09-14 00:00:00","2012-10-12 00:00:00","4.0000","49.0000","49.0000","2012-10-11 22:00:00"
"21584","779","7","60","2012-09-14 00:00:00","2012-09-25 00:00:00","2012-09-14 00:00:00","2012-10-12 00:00:00","4.0000","49.0000","49.0000","2012-10-11 22:00:00"
"21585","780","7","60","2012-09-14 00:00:00","2012-09-25 00:00:00","2012-09-14 00:00:00","2012-10-12 00:00:00","4.0000","49.0000","49.0000","2012-10-11 22:00:00"
"21586","783","7","60","2012-09-14 00:00:00","2012-09-25 00:00:00","2012-09-14 00:00:00","2012-10-12 00:00:00","4.0000","49.0000","49.0000","2012-10-11 22:00:00"
"21587","790","7","60","2012-09-14 00:00:00","2012-09-25 00:00:00","2012-09-14 00:00:00","2012-10-12 00:00:00","4.0000","49.0000","49.0000","2012-10-11 22:00:00"
"21588","792","7","60","2012-09-14 00:00:00","2012-09-25 00:00:00","2012-09-14 00:00:00","2012-10-12 00:00:00","4.0000","49.0000","49.0000","2012-10-11 22:00:00"
"21589","794","7","60","2012-09-14 00:00:00","2012-09-25 00:00:00","2012-09-14 00:00:00","2012-10-12 00:00:00","4.0000","49.0000","49.0000","2012-10-11 22:00:00"
"21590","795","7","60","2012-09-14 00:00:00","2012-09-25 00:00:00","2012-09-14 00:00:00","2012-10-12 00:00:00","4.0000","49.0000","49.0000","2012-10-11 22:00:00"
"21591","798","7","60","2012-09-14 00:00:00","2012-09-25 00:00:00","2012-09-14 00:00:00","2012-10-12 00:00:00","4.0000","49.0000","49.0000","2012-10-11 22:00:00"
"21592","516","6","50","2012-09-14 00:00:00","2012-09-25 00:00:00","2012-09-14 00:00:00","2012-10-12 00:00:00","3.0000","36.7500","36.7500","2012-10-11 22:00:00"
"21592","516","7","60","2012-09-14 00:00:00","2012-09-25 00:00:00","2012-09-14 00:00:00","2012-10-12 00:00:00","4.0000","49.0000","49.0000","2012-10-11 22:00:00"
"21593","517","6","50","2012-09-14 00:00:00","2012-09-25 00:00:00","2012-09-14 00:00:00","2012-10-12 00:00:00","3.0000","36.7500","36.7500","2012-10-11 22:00:00"
"21593","517","7","60","2012-09-14 00:00:00","2012-09-25 00:00:00","2012-09-14 00:00:00","2012-10-12 00:00:00","4.0000","49.0000","49.0000","2012-10-11 22:00:00"
"21594","518","6","50","2012-09-14 00:00:00","2012-09-25 00:00:00","2012-09-14 00:00:00","2012-10-12 00:00:00","3.0000","36.7500","36.7500","2012-10-11 22:00:00"
"21594","518","7","60","2012-09-14 00:00:00","2012-09-25 00:00:00","2012-09-14 00:00:00","2012-10-12 00:00:00","4.0000","49.0000","49.0000","2012-10-11 22:00:00"
"21595","519","6","50","2012-09-14 00:00:00","2012-09-25 00:00:00","2012-09-14 00:00:00","2012-10-12 00:00:00","3.0000","36.7500","36.7500","2012-10-11 22:00:00"
"21595","519","7","60","2012-09-14 00:00:00","2012-09-25 00:00:00","2012-09-14 00:00:00","2012-10-12 00:00:00","4.0000","49.0000","49.0000","2012-10-11 22:00:00"
"21602","748","1","10","2012-09-14 00:00:00","2012-09-25 00:00:00","2012-09-14 00:00:00","2012-10-12 00:00:00","4.1000","92.2500","92.2500","2012-10-11 22:00:00"
"21602","748","2","20","2012-09-14 00:00:00","2012-09-25 00:00:00","2012-09-14 00:00:00","2012-10-12 00:00:00","3.5000","87.5000","87.5000","2012-10-11 22:00:00"
"21602","748","3","30","2012-09-14 00:00:00","2012-09-25 00:00:00","2012-09-14 00:00:00","2012-10-12 00:00:00","1.0000","14.5000","14.5000","2012-10-11 22:00:00"
"21602","748","5","45","2012-09-14 00:00:00","2012-09-25 00:00:00","2012-09-14 00:00:00","2012-10-12 00:00:00","2.0000","36.0000","36.0000","2012-10-11 22:00:00"
"21602","748","6","50","2012-09-14 00:00:00","2012-09-25 00:00:00","2012-09-14 00:00:00","2012-10-12 00:00:00","3.0000","36.7500","36.7500","2012-10-11 22:00:00"
"21602","748","7","60","2012-09-14 00:00:00","2012-09-25 00:00:00","2012-09-14 00:00:00","2012-10-12 00:00:00","4.0000","49.0000","49.0000","2012-10-11 22:00:00"
"21603","806","6","50","2012-09-14 00:00:00","2012-09-25 00:00:00","2012-09-14 00:00:00","2012-10-12 00:00:00","3.0000","36.7500","36.7500","2012-10-11 22:00:00"
"21604","810","1","10","2012-09-14 00:00:00","2012-09-25 00:00:00","2012-09-14 00:00:00","2012-10-12 00:00:00","4.1000","92.2500","92.2500","2012-10-11 22:00:00"
"21604","810","2","20","2012-09-14 00:00:00","2012-09-25 00:00:00","2012-09-14 00:00:00","2012-10-12 00:00:00","3.5000","87.5000","87.5000","2012-10-11 22:00:00"
"21604","810","6","50","2012-09-14 00:00:00","2012-09-25 00:00:00","2012-09-14 00:00:00","2012-10-12 00:00:00","3.0000","36.7500","36.7500","2012-10-11 22:00:00"
"21605","811","1","10","2012-09-14 00:00:00","2012-09-25 00:00:00","2012-09-14 00:00:00","2012-10-12 00:00:00","4.1000","92.2500","92.2500","2012-10-11 22:00:00"
"21605","811","2","20","2012-09-14 00:00:00","2012-09-25 00:00:00","2012-09-14 00:00:00","2012-10-12 00:00:00","3.5000","87.5000","87.5000","2012-10-11 22:00:00"
"21605","811","6","50","2012-09-14 00:00:00","2012-09-25 00:00:00","2012-09-14 00:00:00","2012-10-12 00:00:00","3.0000","36.7500","36.7500","2012-10-11 22:00:00"
"21606","812","1","10","2012-09-14 00:00:00","2012-09-25 00:00:00","2012-09-14 00:00:00","2012-10-12 00:00:00","4.1000","92.2500","92.2500","2012-10-11 22:00:00"
"21606","812","2","20","2012-09-14 00:00:00","2012-09-25 00:00:00","2012-09-14 00:00:00","2012-10-12 00:00:00","3.5000","87.5000","87.5000","2012-10-11 22:00:00"
"21606","812","6","50","2012-09-14 00:00:00","2012-09-25 00:00:00","2012-09-14 00:00:00","2012-10-12 00:00:00","3.0000","36.7500","36.7500","2012-10-11 22:00:00"
"21607","813","1","10","2012-09-14 00:00:00","2012-09-25 00:00:00","2012-09-14 00:00:00","2012-10-12 00:00:00","4.1000","92.2500","92.2500","2012-10-11 22:00:00"
"21607","813","2","20","2012-09-14 00:00:00","2012-09-25 00:00:00","2012-09-14 00:00:00","2012-10-12 00:00:00","3.5000","87.5000","87.5000","2012-10-11 22:00:00"
"21607","813","6","50","2012-09-14 00:00:00","2012-09-25 00:00:00","2012-09-14 00:00:00","2012-10-12 00:00:00","3.0000","36.7500","36.7500","2012-10-11 22:00:00"
"21608","816","6","50","2012-09-14 00:00:00","2012-09-25 00:00:00","2012-09-14 00:00:00","2012-10-12 00:00:00","3.0000","36.7500","36.7500","2012-10-11 22:00:00"
"21609","818","6","50","2012-09-14 00:00:00","2012-09-25 00:00:00","2012-09-14 00:00:00","2012-10-12 00:00:00","3.0000","36.7500","36.7500","2012-10-11 22:00:00"
"21610","819","6","50","2012-09-14 00:00:00","2012-09-25 00:00:00","2012-09-14 00:00:00","2012-10-12 00:00:00","3.0000","36.7500","36.7500","2012-10-11 22:00:00"
"21611","820","6","50","2012-09-14 00:00:00","2012-09-25 00:00:00","2012-09-14 00:00:00","2012-10-12 00:00:00","3.0000","36.7500","36.7500","2012-10-11 22:00:00"
"21612","824","6","50","2012-09-14 00:00:00","2012-09-25 00:00:00","2012-09-14 00:00:00","2012-10-12 00:00:00","3.0000","36.7500","36.7500","2012-10-11 22:00:00"
"21613","826","6","50","2012-09-14 00:00:00","2012-09-25 00:00:00","2012-09-14 00:00:00","2012-10-12 00:00:00","3.0000","36.7500","36.7500","2012-10-11 22:00:00"
"21614","827","6","50","2012-09-14 00:00:00","2012-09-25 00:00:00","2012-09-14 00:00:00","2012-10-12 00:00:00","3.0000","36.7500","36.7500","2012-10-11 22:00:00"
"21615","828","6","50","2012-09-14 00:00:00","2012-09-25 00:00:00","2012-09-14 00:00:00","2012-10-12 00:00:00","3.0000","36.7500","36.7500","2012-10-11 22:00:00"
"21619","894","6","50","2012-09-14 00:00:00","2012-09-25 00:00:00","2012-09-14 00:00:00","2012-10-12 00:00:00","3.0000","36.7500","36.7500","2012-10-11 22:00:00"
"21620","945","1","10","2012-09-14 00:00:00","2012-09-25 00:00:00","2012-09-14 00:00:00","2012-10-12 00:00:00","4.1000","92.2500","92.2500","2012-10-11 22:00:00"
"21620","945","6","50","2012-09-14 00:00:00","2012-09-25 00:00:00","2012-09-14 00:00:00","2012-10-12 00:00:00","3.0000","36.7500","36.7500","2012-10-11 22:00:00"
"21621","950","6","50","2012-09-14 00:00:00","2012-09-25 00:00:00","2012-09-14 00:00:00","2012-10-12 00:00:00","3.0000","36.7500","36.7500","2012-10-11 22:00:00"
"21622","994","6","50","2012-09-14 00:00:00","2012-09-25 00:00:00","2012-09-14 00:00:00","2012-10-12 00:00:00","3.0000","36.7500","36.7500","2012-10-11 22:00:00"
"21623","995","6","50","2012-09-14 00:00:00","2012-09-25 00:00:00","2012-09-14 00:00:00","2012-10-12 00:00:00","3.0000","36.7500","36.7500","2012-10-11 22:00:00"
"21624","996","6","50","2012-09-14 00:00:00","2012-09-25 00:00:00","2012-09-14 00:00:00","2012-10-12 00:00:00","3.0000","36.7500","36.7500","2012-10-11 22:00:00"
"21638","802","1","10","2012-09-14 00:00:00","2012-09-25 00:00:00","2012-09-14 00:00:00","2012-10-12 00:00:00","4.1000","92.2500","92.2500","2012-10-11 22:00:00"
"21638","802","6","50","2012-09-14 00:00:00","2012-09-25 00:00:00","2012-09-14 00:00:00","2012-10-12 00:00:00","3.0000","36.7500","36.7500","2012-10-11 22:00:00"
"21639","803","1","10","2012-09-14 00:00:00","2012-09-25 00:00:00","2012-09-14 00:00:00","2012-10-12 00:00:00","4.1000","92.2500","92.2500","2012-10-11 22:00:00"
"21639","803","6","50","2012-09-14 00:00:00","2012-09-25 00:00:00","2012-09-14 00:00:00","2012-10-12 00:00:00","3.0000","36.7500","36.7500","2012-10-11 22:00:00"
"21640","804","1","10","2012-09-14 00:00:00","2012-09-25 00:00:00","2012-09-14 00:00:00","2012-10-12 00:00:00","4.1000","92.2500","92.2500","2012-10-11 22:00:00"
"21640","804","6","50","2012-09-14 00:00:00","2012-09-25 00:00:00","2012-09-14 00:00:00","2012-10-12 00:00:00","3.0000","36.7500","36.7500","2012-10-11 22:00:00"
"21645","759","7","60","2012-09-15 00:00:00","2012-09-26 00:00:00","2012-09-22 00:00:00","2012-09-26 00:00:00","4.0000","49.0000","49.0000","2012-09-25 22:00:00"
"21646","779","7","60","2012-09-15 00:00:00","2012-09-26 00:00:00","2012-09-22 00:00:00","2012-09-26 00:00:00","4.0000","49.0000","49.0000","2012-09-25 22:00:00"
"21647","789","7","60","2012-09-15 00:00:00","2012-09-26 00:00:00","2012-09-22 00:00:00","2012-09-26 00:00:00","4.0000","49.0000","49.0000","2012-09-25 22:00:00"
"21648","791","7","60","2012-09-15 00:00:00","2012-09-26 00:00:00","2012-09-22 00:00:00","2012-09-26 00:00:00","4.0000","49.0000","49.0000","2012-09-25 22:00:00"
"21649","516","6","50","2012-09-15 00:00:00","2012-09-26 00:00:00","2012-09-22 00:00:00","2012-09-26 00:00:00","3.0000","36.7500","36.7500","2012-09-25 22:00:00"
"21649","516","7","60","2012-09-15 00:00:00","2012-09-26 00:00:00","2012-09-22 00:00:00","2012-09-26 00:00:00","4.0000","49.0000","49.0000","2012-09-25 22:00:00"
"21650","517","6","50","2012-09-15 00:00:00","2012-09-26 00:00:00","2012-09-22 00:00:00","2012-09-26 00:00:00","3.0000","36.7500","36.7500","2012-09-25 22:00:00"
"21650","517","7","60","2012-09-15 00:00:00","2012-09-26 00:00:00","2012-09-22 00:00:00","2012-09-26 00:00:00","4.0000","49.0000","49.0000","2012-09-25 22:00:00"
"21651","519","6","50","2012-09-15 00:00:00","2012-09-26 00:00:00","2012-09-22 00:00:00","2012-09-26 00:00:00","3.0000","36.7500","36.7500","2012-09-25 22:00:00"
"21651","519","7","60","2012-09-15 00:00:00","2012-09-26 00:00:00","2012-09-22 00:00:00","2012-09-26 00:00:00","4.0000","49.0000","49.0000","2012-09-25 22:00:00"
"21655","748","1","10","2012-09-15 00:00:00","2012-09-26 00:00:00","2012-09-22 00:00:00","2012-09-26 00:00:00","4.1000","92.2500","92.2500","2012-09-25 22:00:00"
"21655","748","2","20","2012-09-15 00:00:00","2012-09-26 00:00:00","2012-09-22 00:00:00","2012-09-26 00:00:00","3.5000","87.5000","87.5000","2012-09-25 22:00:00"
"21655","748","3","30","2012-09-15 00:00:00","2012-09-26 00:00:00","2012-09-22 00:00:00","2012-09-26 00:00:00","1.0000","14.5000","14.5000","2012-09-25 22:00:00"
"21655","748","5","45","2012-09-15 00:00:00","2012-09-26 00:00:00","2012-09-22 00:00:00","2012-09-26 00:00:00","2.0000","36.0000","36.0000","2012-09-25 22:00:00"
"21655","748","6","50","2012-09-15 00:00:00","2012-09-26 00:00:00","2012-09-22 00:00:00","2012-09-26 00:00:00","3.0000","36.7500","36.7500","2012-09-25 22:00:00"
"21655","748","7","60","2012-09-15 00:00:00","2012-09-26 00:00:00","2012-09-22 00:00:00","2012-09-26 00:00:00","4.0000","49.0000","49.0000","2012-09-25 22:00:00"
"21656","806","6","50","2012-09-15 00:00:00","2012-09-26 00:00:00","2012-09-22 00:00:00","2012-09-26 00:00:00","3.0000","36.7500","36.7500","2012-09-25 22:00:00"
"21657","810","1","10","2012-09-15 00:00:00","2012-09-26 00:00:00","2012-09-22 00:00:00","2012-09-26 00:00:00","4.1000","92.2500","92.2500","2012-09-25 22:00:00"
"21657","810","2","20","2012-09-15 00:00:00","2012-09-26 00:00:00","2012-09-22 00:00:00","2012-09-26 00:00:00","3.5000","87.5000","87.5000","2012-09-25 22:00:00"
"21657","810","6","50","2012-09-15 00:00:00","2012-09-26 00:00:00","2012-09-22 00:00:00","2012-09-26 00:00:00","3.0000","36.7500","36.7500","2012-09-25 22:00:00"
"21658","811","1","10","2012-09-15 00:00:00","2012-09-26 00:00:00","2012-09-22 00:00:00","2012-09-26 00:00:00","4.1000","92.2500","92.2500","2012-09-25 22:00:00"
"21658","811","2","20","2012-09-15 00:00:00","2012-09-26 00:00:00","2012-09-22 00:00:00","2012-09-26 00:00:00","3.5000","87.5000","87.5000","2012-09-25 22:00:00"
"21658","811","6","50","2012-09-15 00:00:00","2012-09-26 00:00:00","2012-09-22 00:00:00","2012-09-26 00:00:00","3.0000","36.7500","36.7500","2012-09-25 22:00:00"
"21659","813","1","10","2012-09-15 00:00:00","2012-09-26 00:00:00","2012-09-22 00:00:00","2012-09-26 00:00:00","4.1000","92.2500","92.2500","2012-09-25 22:00:00"
"21659","813","2","20","2012-09-15 00:00:00","2012-09-26 00:00:00","2012-09-22 00:00:00","2012-09-26 00:00:00","3.5000","87.5000","87.5000","2012-09-25 22:00:00"
"21659","813","6","50","2012-09-15 00:00:00","2012-09-26 00:00:00","2012-09-22 00:00:00","2012-09-26 00:00:00","3.0000","36.7500","36.7500","2012-09-25 22:00:00"
"21660","816","6","50","2012-09-15 00:00:00","2012-09-26 00:00:00","2012-09-22 00:00:00","2012-09-26 00:00:00","3.0000","36.7500","36.7500","2012-09-25 22:00:00"
"21661","818","6","50","2012-09-15 00:00:00","2012-09-26 00:00:00","2012-09-22 00:00:00","2012-09-26 00:00:00","3.0000","36.7500","36.7500","2012-09-25 22:00:00"
"21662","820","6","50","2012-09-15 00:00:00","2012-09-26 00:00:00","2012-09-22 00:00:00","2012-09-26 00:00:00","3.0000","36.7500","36.7500","2012-09-25 22:00:00"
"21663","824","6","50","2012-09-15 00:00:00","2012-09-26 00:00:00","2012-09-22 00:00:00","2012-09-26 00:00:00","3.0000","36.7500","36.7500","2012-09-25 22:00:00"
"21664","826","6","50","2012-09-15 00:00:00","2012-09-26 00:00:00","2012-09-22 00:00:00","2012-09-26 00:00:00","3.0000","36.7500","36.7500","2012-09-25 22:00:00"
"21665","828","6","50","2012-09-15 00:00:00","2012-09-26 00:00:00","2012-09-22 00:00:00","2012-09-26 00:00:00","3.0000","36.7500","36.7500","2012-09-25 22:00:00"
"21666","894","6","50","2012-09-15 00:00:00","2012-09-26 00:00:00","2012-09-22 00:00:00","2012-09-26 00:00:00","3.0000","36.7500","36.7500","2012-09-25 22:00:00"
"21667","945","1","10","2012-09-15 00:00:00","2012-09-26 00:00:00","2012-09-22 00:00:00","2012-09-26 00:00:00","4.1000","92.2500","92.2500","2012-09-25 22:00:00"
"21667","945","6","50","2012-09-15 00:00:00","2012-09-26 00:00:00","2012-09-22 00:00:00","2012-09-26 00:00:00","3.0000","36.7500","36.7500","2012-09-25 22:00:00"
"21668","950","6","50","2012-09-15 00:00:00","2012-09-26 00:00:00","2012-09-22 00:00:00","2012-09-26 00:00:00","3.0000","36.7500","36.7500","2012-09-25 22:00:00"
"21669","994","6","50","2012-09-15 00:00:00","2012-09-26 00:00:00","2012-09-22 00:00:00","2012-09-26 00:00:00","3.0000","36.7500","36.7500","2012-09-25 22:00:00"
"21670","995","6","50","2012-09-15 00:00:00","2012-09-26 00:00:00","2012-09-22 00:00:00","2012-09-26 00:00:00","3.0000","36.7500","36.7500","2012-09-25 22:00:00"
"21671","996","6","50","2012-09-15 00:00:00","2012-09-26 00:00:00","2012-09-22 00:00:00","2012-09-26 00:00:00","3.0000","36.7500","36.7500","2012-09-25 22:00:00"
"21685","802","1","10","2012-09-15 00:00:00","2012-09-26 00:00:00","2012-09-22 00:00:00","2012-09-26 00:00:00","4.1000","92.2500","92.2500","2012-09-25 22:00:00"
"21685","802","6","50","2012-09-15 00:00:00","2012-09-26 00:00:00","2012-09-22 00:00:00","2012-09-26 00:00:00","3.0000","36.7500","36.7500","2012-09-25 22:00:00"
"21686","804","1","10","2012-09-15 00:00:00","2012-09-26 00:00:00","2012-09-22 00:00:00","2012-09-26 00:00:00","4.1000","92.2500","92.2500","2012-09-25 22:00:00"
"21686","804","6","50","2012-09-15 00:00:00","2012-09-26 00:00:00","2012-09-22 00:00:00","2012-09-26 00:00:00","3.0000","36.7500","36.7500","2012-09-25 22:00:00"
"21691","784","7","60","2012-09-16 00:00:00","2012-09-27 00:00:00","2012-09-16 00:00:00","2012-10-16 00:00:00","4.0000","49.0000","49.0000","2012-10-15 22:00:00"
"21692","790","7","60","2012-09-16 00:00:00","2012-09-27 00:00:00","2012-09-16 00:00:00","2012-10-16 00:00:00","4.0000","49.0000","49.0000","2012-10-15 22:00:00"
"21693","793","7","60","2012-09-16 00:00:00","2012-09-27 00:00:00","2012-09-16 00:00:00","2012-10-16 00:00:00","4.0000","49.0000","49.0000","2012-10-15 22:00:00"
"21694","794","7","60","2012-09-16 00:00:00","2012-09-27 00:00:00","2012-09-16 00:00:00","2012-10-16 00:00:00","4.0000","49.0000","49.0000","2012-10-15 22:00:00"
"21695","798","7","60","2012-09-16 00:00:00","2012-09-27 00:00:00","2012-09-16 00:00:00","2012-10-16 00:00:00","4.0000","49.0000","49.0000","2012-10-15 22:00:00"
"21696","516","6","50","2012-09-16 00:00:00","2012-09-27 00:00:00","2012-09-16 00:00:00","2012-10-16 00:00:00","3.0000","36.7500","36.7500","2012-10-15 22:00:00"
"21696","516","7","60","2012-09-16 00:00:00","2012-09-27 00:00:00","2012-09-16 00:00:00","2012-10-16 00:00:00","4.0000","49.0000","49.0000","2012-10-15 22:00:00"
"21697","518","6","50","2012-09-16 00:00:00","2012-09-27 00:00:00","2012-09-16 00:00:00","2012-10-16 00:00:00","3.0000","36.7500","36.7500","2012-10-15 22:00:00"
"21697","518","7","60","2012-09-16 00:00:00","2012-09-27 00:00:00","2012-09-16 00:00:00","2012-10-16 00:00:00","4.0000","49.0000","49.0000","2012-10-15 22:00:00"
"21698","519","6","50","2012-09-16 00:00:00","2012-09-27 00:00:00","2012-09-16 00:00:00","2012-10-16 00:00:00","3.0000","36.7500","36.7500","2012-10-15 22:00:00"
"21698","519","7","60","2012-09-16 00:00:00","2012-09-27 00:00:00","2012-09-16 00:00:00","2012-10-16 00:00:00","4.0000","49.0000","49.0000","2012-10-15 22:00:00"
"21701","806","6","50","2012-09-16 00:00:00","2012-09-27 00:00:00","2012-09-16 00:00:00","2012-10-16 00:00:00","3.0000","36.7500","36.7500","2012-10-15 22:00:00"
"21702","810","1","10","2012-09-16 00:00:00","2012-09-27 00:00:00","2012-09-16 00:00:00","2012-10-16 00:00:00","4.1000","92.2500","92.2500","2012-10-15 22:00:00"
"21702","810","2","20","2012-09-16 00:00:00","2012-09-27 00:00:00","2012-09-16 00:00:00","2012-10-16 00:00:00","3.5000","87.5000","87.5000","2012-10-15 22:00:00"
"21702","810","6","50","2012-09-16 00:00:00","2012-09-27 00:00:00","2012-09-16 00:00:00","2012-10-16 00:00:00","3.0000","36.7500","36.7500","2012-10-15 22:00:00"
"21703","812","1","10","2012-09-16 00:00:00","2012-09-27 00:00:00","2012-09-16 00:00:00","2012-10-16 00:00:00","4.1000","92.2500","92.2500","2012-10-15 22:00:00"
"21703","812","2","20","2012-09-16 00:00:00","2012-09-27 00:00:00","2012-09-16 00:00:00","2012-10-16 00:00:00","3.5000","87.5000","87.5000","2012-10-15 22:00:00"
"21703","812","6","50","2012-09-16 00:00:00","2012-09-27 00:00:00","2012-09-16 00:00:00","2012-10-16 00:00:00","3.0000","36.7500","36.7500","2012-10-15 22:00:00"
"21704","813","1","10","2012-09-16 00:00:00","2012-09-27 00:00:00","2012-09-16 00:00:00","2012-10-16 00:00:00","4.1000","92.2500","92.2500","2012-10-15 22:00:00"
"21704","813","2","20","2012-09-16 00:00:00","2012-09-27 00:00:00","2012-09-16 00:00:00","2012-10-16 00:00:00","3.5000","87.5000","87.5000","2012-10-15 22:00:00"
"21704","813","6","50","2012-09-16 00:00:00","2012-09-27 00:00:00","2012-09-16 00:00:00","2012-10-16 00:00:00","3.0000","36.7500","36.7500","2012-10-15 22:00:00"
"21705","816","6","50","2012-09-16 00:00:00","2012-09-27 00:00:00","2012-09-16 00:00:00","2012-10-16 00:00:00","3.0000","36.7500","36.7500","2012-10-15 22:00:00"
"21706","819","6","50","2012-09-16 00:00:00","2012-09-27 00:00:00","2012-09-16 00:00:00","2012-10-16 00:00:00","3.0000","36.7500","36.7500","2012-10-15 22:00:00"
"21707","820","6","50","2012-09-16 00:00:00","2012-09-27 00:00:00","2012-09-16 00:00:00","2012-10-16 00:00:00","3.0000","36.7500","36.7500","2012-10-15 22:00:00"
"21708","824","6","50","2012-09-16 00:00:00","2012-09-27 00:00:00","2012-09-16 00:00:00","2012-10-16 00:00:00","3.0000","36.7500","36.7500","2012-10-15 22:00:00"
"21709","827","6","50","2012-09-16 00:00:00","2012-09-27 00:00:00","2012-09-16 00:00:00","2012-10-16 00:00:00","3.0000","36.7500","36.7500","2012-10-15 22:00:00"
"21710","828","6","50","2012-09-16 00:00:00","2012-09-27 00:00:00","2012-09-16 00:00:00","2012-10-16 00:00:00","3.0000","36.7500","36.7500","2012-10-15 22:00:00"
"21714","894","6","50","2012-09-16 00:00:00","2012-09-27 00:00:00","2012-09-16 00:00:00","2012-10-16 00:00:00","3.0000","36.7500","36.7500","2012-10-15 22:00:00"
"21715","945","1","10","2012-09-16 00:00:00","2012-09-27 00:00:00","2012-09-16 00:00:00","2012-10-16 00:00:00","4.1000","92.2500","92.2500","2012-10-15 22:00:00"
"21715","945","6","50","2012-09-16 00:00:00","2012-09-27 00:00:00","2012-09-16 00:00:00","2012-10-16 00:00:00","3.0000","36.7500","36.7500","2012-10-15 22:00:00"
"21716","950","6","50","2012-09-16 00:00:00","2012-09-27 00:00:00","2012-09-16 00:00:00","2012-10-16 00:00:00","3.0000","36.7500","36.7500","2012-10-15 22:00:00"
"21717","994","6","50","2012-09-16 00:00:00","2012-09-27 00:00:00","2012-09-16 00:00:00","2012-10-16 00:00:00","3.0000","36.7500","36.7500","2012-10-15 22:00:00"
"21718","995","6","50","2012-09-16 00:00:00","2012-09-27 00:00:00","2012-09-16 00:00:00","2012-10-16 00:00:00","3.0000","36.7500","36.7500","2012-10-15 22:00:00"
"21719","996","6","50","2012-09-16 00:00:00","2012-09-27 00:00:00","2012-09-16 00:00:00","2012-10-16 00:00:00","3.0000","36.7500","36.7500","2012-10-15 22:00:00"
"21732","803","1","10","2012-09-16 00:00:00","2012-09-27 00:00:00","2012-09-16 00:00:00","2012-10-16 00:00:00","4.1000","92.2500","92.2500","2012-10-15 22:00:00"
"21732","803","6","50","2012-09-16 00:00:00","2012-09-27 00:00:00","2012-09-16 00:00:00","2012-10-16 00:00:00","3.0000","36.7500","36.7500","2012-10-15 22:00:00"
"21733","804","1","10","2012-09-16 00:00:00","2012-09-27 00:00:00","2012-09-16 00:00:00","2012-10-16 00:00:00","4.1000","92.2500","92.2500","2012-10-15 22:00:00"
"21733","804","6","50","2012-09-16 00:00:00","2012-09-27 00:00:00","2012-09-16 00:00:00","2012-10-16 00:00:00","3.0000","36.7500","36.7500","2012-10-15 22:00:00"
"21738","759","7","60","2012-09-17 00:00:00","2012-09-28 00:00:00","2012-09-26 00:00:00","2012-09-28 00:00:00","4.0000","49.0000","49.0000","2012-09-27 22:00:00"
"21739","760","7","60","2012-09-17 00:00:00","2012-09-28 00:00:00","2012-09-26 00:00:00","2012-09-28 00:00:00","4.0000","49.0000","49.0000","2012-09-27 22:00:00"
"21740","765","7","60","2012-09-17 00:00:00","2012-09-28 00:00:00","2012-09-26 00:00:00","2012-09-28 00:00:00","4.0000","49.0000","49.0000","2012-09-27 22:00:00"
"21741","766","7","60","2012-09-17 00:00:00","2012-09-28 00:00:00","2012-09-26 00:00:00","2012-09-28 00:00:00","4.0000","49.0000","49.0000","2012-09-27 22:00:00"
"21742","781","7","60","2012-09-17 00:00:00","2012-09-28 00:00:00","2012-09-26 00:00:00","2012-09-28 00:00:00","4.0000","49.0000","49.0000","2012-09-27 22:00:00"
"21743","784","7","60","2012-09-17 00:00:00","2012-09-28 00:00:00","2012-09-26 00:00:00","2012-09-28 00:00:00","4.0000","49.0000","49.0000","2012-09-27 22:00:00"
"21744","792","7","60","2012-09-17 00:00:00","2012-09-28 00:00:00","2012-09-26 00:00:00","2012-09-28 00:00:00","4.0000","49.0000","49.0000","2012-09-27 22:00:00"
"21745","516","6","50","2012-09-17 00:00:00","2012-09-28 00:00:00","2012-09-26 00:00:00","2012-09-28 00:00:00","3.0000","36.7500","36.7500","2012-09-27 22:00:00"
"21745","516","7","60","2012-09-17 00:00:00","2012-09-28 00:00:00","2012-09-26 00:00:00","2012-09-28 00:00:00","4.0000","49.0000","49.0000","2012-09-27 22:00:00"
"21746","517","6","50","2012-09-17 00:00:00","2012-09-28 00:00:00","2012-09-26 00:00:00","2012-09-28 00:00:00","3.0000","36.7500","36.7500","2012-09-27 22:00:00"
"21746","517","7","60","2012-09-17 00:00:00","2012-09-28 00:00:00","2012-09-26 00:00:00","2012-09-28 00:00:00","4.0000","49.0000","49.0000","2012-09-27 22:00:00"
"21747","519","6","50","2012-09-17 00:00:00","2012-09-28 00:00:00","2012-09-26 00:00:00","2012-09-28 00:00:00","3.0000","36.7500","36.7500","2012-09-27 22:00:00"
"21747","519","7","60","2012-09-17 00:00:00","2012-09-28 00:00:00","2012-09-26 00:00:00","2012-09-28 00:00:00","4.0000","49.0000","49.0000","2012-09-27 22:00:00"
"21755","806","6","50","2012-09-17 00:00:00","2012-09-28 00:00:00","2012-09-26 00:00:00","2012-09-28 00:00:00","3.0000","36.7500","36.7500","2012-09-27 22:00:00"
"21756","810","1","10","2012-09-17 00:00:00","2012-09-28 00:00:00","2012-09-26 00:00:00","2012-09-28 00:00:00","4.1000","92.2500","92.2500","2012-09-27 22:00:00"
"21756","810","2","20","2012-09-17 00:00:00","2012-09-28 00:00:00","2012-09-26 00:00:00","2012-09-28 00:00:00","3.5000","87.5000","87.5000","2012-09-27 22:00:00"
"21756","810","6","50","2012-09-17 00:00:00","2012-09-28 00:00:00","2012-09-26 00:00:00","2012-09-28 00:00:00","3.0000","36.7500","36.7500","2012-09-27 22:00:00"
"21757","811","1","10","2012-09-17 00:00:00","2012-09-28 00:00:00","2012-09-26 00:00:00","2012-09-28 00:00:00","4.1000","92.2500","92.2500","2012-09-27 22:00:00"
"21757","811","2","20","2012-09-17 00:00:00","2012-09-28 00:00:00","2012-09-26 00:00:00","2012-09-28 00:00:00","3.5000","87.5000","87.5000","2012-09-27 22:00:00"
"21757","811","6","50","2012-09-17 00:00:00","2012-09-28 00:00:00","2012-09-26 00:00:00","2012-09-28 00:00:00","3.0000","36.7500","36.7500","2012-09-27 22:00:00"
"21758","813","1","10","2012-09-17 00:00:00","2012-09-28 00:00:00","2012-09-26 00:00:00","2012-09-28 00:00:00","4.1000","92.2500","92.2500","2012-09-27 22:00:00"
"21758","813","2","20","2012-09-17 00:00:00","2012-09-28 00:00:00","2012-09-26 00:00:00","2012-09-28 00:00:00","3.5000","87.5000","87.5000","2012-09-27 22:00:00"
"21758","813","6","50","2012-09-17 00:00:00","2012-09-28 00:00:00","2012-09-26 00:00:00","2012-09-28 00:00:00","3.0000","36.7500","36.7500","2012-09-27 22:00:00"
"21759","816","6","50","2012-09-17 00:00:00","2012-09-28 00:00:00","2012-09-26 00:00:00","2012-09-28 00:00:00","3.0000","36.7500","36.7500","2012-09-27 22:00:00"
"21760","818","6","50","2012-09-17 00:00:00","2012-09-28 00:00:00","2012-09-26 00:00:00","2012-09-28 00:00:00","3.0000","36.7500","36.7500","2012-09-27 22:00:00"
"21761","820","6","50","2012-09-17 00:00:00","2012-09-28 00:00:00","2012-09-26 00:00:00","2012-09-28 00:00:00","3.0000","36.7500","36.7500","2012-09-27 22:00:00"
"21762","824","6","50","2012-09-17 00:00:00","2012-09-28 00:00:00","2012-09-26 00:00:00","2012-09-28 00:00:00","3.0000","36.7500","36.7500","2012-09-27 22:00:00"
"21763","826","6","50","2012-09-17 00:00:00","2012-09-28 00:00:00","2012-09-26 00:00:00","2012-09-28 00:00:00","3.0000","36.7500","36.7500","2012-09-27 22:00:00"
"21764","828","6","50","2012-09-17 00:00:00","2012-09-28 00:00:00","2012-09-26 00:00:00","2012-09-28 00:00:00","3.0000","36.7500","36.7500","2012-09-27 22:00:00"
"21765","894","6","50","2012-09-17 00:00:00","2012-09-28 00:00:00","2012-09-26 00:00:00","2012-09-28 00:00:00","3.0000","36.7500","36.7500","2012-09-27 22:00:00"
"21766","945","1","10","2012-09-17 00:00:00","2012-09-28 00:00:00","2012-09-26 00:00:00","2012-09-28 00:00:00","4.1000","92.2500","92.2500","2012-09-27 22:00:00"
"21766","945","6","50","2012-09-17 00:00:00","2012-09-28 00:00:00","2012-09-26 00:00:00","2012-09-28 00:00:00","3.0000","36.7500","36.7500","2012-09-27 22:00:00"
"21767","950","6","50","2012-09-17 00:00:00","2012-09-28 00:00:00","2012-09-26 00:00:00","2012-09-28 00:00:00","3.0000","36.7500","36.7500","2012-09-27 22:00:00"
"21768","994","6","50","2012-09-17 00:00:00","2012-09-28 00:00:00","2012-09-26 00:00:00","2012-09-28 00:00:00","3.0000","36.7500","36.7500","2012-09-27 22:00:00"
"21769","995","6","50","2012-09-17 00:00:00","2012-09-28 00:00:00","2012-09-26 00:00:00","2012-09-28 00:00:00","3.0000","36.7500","36.7500","2012-09-27 22:00:00"
"21770","996","6","50","2012-09-17 00:00:00","2012-09-28 00:00:00","2012-09-26 00:00:00","2012-09-28 00:00:00","3.0000","36.7500","36.7500","2012-09-27 22:00:00"
"21784","802","1","10","2012-09-17 00:00:00","2012-09-28 00:00:00","2012-09-26 00:00:00","2012-09-28 00:00:00","4.1000","92.2500","92.2500","2012-09-27 22:00:00"
"21784","802","6","50","2012-09-17 00:00:00","2012-09-28 00:00:00","2012-09-26 00:00:00","2012-09-28 00:00:00","3.0000","36.7500","36.7500","2012-09-27 22:00:00"
"21785","804","1","10","2012-09-17 00:00:00","2012-09-28 00:00:00","2012-09-26 00:00:00","2012-09-28 00:00:00","4.1000","92.2500","92.2500","2012-09-27 22:00:00"
"21785","804","6","50","2012-09-17 00:00:00","2012-09-28 00:00:00","2012-09-26 00:00:00","2012-09-28 00:00:00","3.0000","36.7500","36.7500","2012-09-27 22:00:00"
"21790","759","7","60","2012-09-18 00:00:00","2012-09-29 00:00:00","2012-09-18 00:00:00","2012-10-20 00:00:00","4.0000","49.0000","49.0000","2012-10-19 22:00:00"
"21791","760","7","60","2012-09-18 00:00:00","2012-09-29 00:00:00","2012-09-18 00:00:00","2012-10-20 00:00:00","4.0000","49.0000","49.0000","2012-10-19 22:00:00"
"21792","782","7","60","2012-09-18 00:00:00","2012-09-29 00:00:00","2012-09-18 00:00:00","2012-10-20 00:00:00","4.0000","49.0000","49.0000","2012-10-19 22:00:00"
"21793","789","7","60","2012-09-18 00:00:00","2012-09-29 00:00:00","2012-09-18 00:00:00","2012-10-20 00:00:00","4.0000","49.0000","49.0000","2012-10-19 22:00:00"
"21794","790","7","60","2012-09-18 00:00:00","2012-09-29 00:00:00","2012-09-18 00:00:00","2012-10-20 00:00:00","4.0000","49.0000","49.0000","2012-10-19 22:00:00"
"21795","516","6","50","2012-09-18 00:00:00","2012-09-29 00:00:00","2012-09-18 00:00:00","2012-10-20 00:00:00","3.0000","36.7500","36.7500","2012-10-19 22:00:00"
"21795","516","7","60","2012-09-18 00:00:00","2012-09-29 00:00:00","2012-09-18 00:00:00","2012-10-20 00:00:00","4.0000","49.0000","49.0000","2012-10-19 22:00:00"
"21796","517","6","50","2012-09-18 00:00:00","2012-09-29 00:00:00","2012-09-18 00:00:00","2012-10-20 00:00:00","3.0000","36.7500","36.7500","2012-10-19 22:00:00"
"21796","517","7","60","2012-09-18 00:00:00","2012-09-29 00:00:00","2012-09-18 00:00:00","2012-10-20 00:00:00","4.0000","49.0000","49.0000","2012-10-19 22:00:00"
"21797","519","6","50","2012-09-18 00:00:00","2012-09-29 00:00:00","2012-09-18 00:00:00","2012-10-20 00:00:00","3.0000","36.7500","36.7500","2012-10-19 22:00:00"
"21797","519","7","60","2012-09-18 00:00:00","2012-09-29 00:00:00","2012-09-18 00:00:00","2012-10-20 00:00:00","4.0000","49.0000","49.0000","2012-10-19 22:00:00"
"21802","747","1","10","2012-09-18 00:00:00","2012-09-29 00:00:00","2012-09-18 00:00:00","2012-10-20 00:00:00","4.1000","92.2500","92.2500","2012-10-19 22:00:00"
"21802","747","2","20","2012-09-18 00:00:00","2012-09-29 00:00:00","2012-09-18 00:00:00","2012-10-20 00:00:00","3.5000","87.5000","87.5000","2012-10-19 22:00:00"
"21802","747","3","30","2012-09-18 00:00:00","2012-09-29 00:00:00","2012-09-18 00:00:00","2012-10-20 00:00:00","1.0000","14.5000","14.5000","2012-10-19 22:00:00"
"21802","747","4","40","2012-09-18 00:00:00","2012-09-29 00:00:00","2012-09-18 00:00:00","2012-10-20 00:00:00","2.0000","31.5000","31.5000","2012-10-19 22:00:00"
"21802","747","6","50","2012-09-18 00:00:00","2012-09-29 00:00:00","2012-09-18 00:00:00","2012-10-20 00:00:00","3.0000","36.7500","36.7500","2012-10-19 22:00:00"
"21802","747","7","60","2012-09-18 00:00:00","2012-09-29 00:00:00","2012-09-18 00:00:00","2012-10-20 00:00:00","4.0000","49.0000","49.0000","2012-10-19 22:00:00"
"21803","806","6","50","2012-09-18 00:00:00","2012-09-29 00:00:00","2012-09-18 00:00:00","2012-10-20 00:00:00","3.0000","36.7500","36.7500","2012-10-19 22:00:00"
"21804","810","1","10","2012-09-18 00:00:00","2012-09-29 00:00:00","2012-09-18 00:00:00","2012-10-20 00:00:00","4.1000","92.2500","92.2500","2012-10-19 22:00:00"
"21804","810","2","20","2012-09-18 00:00:00","2012-09-29 00:00:00","2012-09-18 00:00:00","2012-10-20 00:00:00","3.5000","87.5000","87.5000","2012-10-19 22:00:00"
"21804","810","6","50","2012-09-18 00:00:00","2012-09-29 00:00:00","2012-09-18 00:00:00","2012-10-20 00:00:00","3.0000","36.7500","36.7500","2012-10-19 22:00:00"
"21805","811","1","10","2012-09-18 00:00:00","2012-09-29 00:00:00","2012-09-18 00:00:00","2012-10-20 00:00:00","4.1000","92.2500","92.2500","2012-10-19 22:00:00"
"21805","811","2","20","2012-09-18 00:00:00","2012-09-29 00:00:00","2012-09-18 00:00:00","2012-10-20 00:00:00","3.5000","87.5000","87.5000","2012-10-19 22:00:00"
"21805","811","6","50","2012-09-18 00:00:00","2012-09-29 00:00:00","2012-09-18 00:00:00","2012-10-20 00:00:00","3.0000","36.7500","36.7500","2012-10-19 22:00:00"
"21806","813","1","10","2012-09-18 00:00:00","2012-09-29 00:00:00","2012-09-18 00:00:00","2012-10-20 00:00:00","4.1000","92.2500","92.2500","2012-10-19 22:00:00"
"21806","813","2","20","2012-09-18 00:00:00","2012-09-29 00:00:00","2012-09-18 00:00:00","2012-10-20 00:00:00","3.5000","87.5000","87.5000","2012-10-19 22:00:00"
"21806","813","6","50","2012-09-18 00:00:00","2012-09-29 00:00:00","2012-09-18 00:00:00","2012-10-20 00:00:00","3.0000","36.7500","36.7500","2012-10-19 22:00:00"
"21807","816","6","50","2012-09-18 00:00:00","2012-09-29 00:00:00","2012-09-18 00:00:00","2012-10-20 00:00:00","3.0000","36.7500","36.7500","2012-10-19 22:00:00"
"21808","818","6","50","2012-09-18 00:00:00","2012-09-29 00:00:00","2012-09-18 00:00:00","2012-10-20 00:00:00","3.0000","36.7500","36.7500","2012-10-19 22:00:00"
"21809","820","6","50","2012-09-18 00:00:00","2012-09-29 00:00:00","2012-09-18 00:00:00","2012-10-20 00:00:00","3.0000","36.7500","36.7500","2012-10-19 22:00:00"
"21810","824","6","50","2012-09-18 00:00:00","2012-09-29 00:00:00","2012-09-18 00:00:00","2012-10-20 00:00:00","3.0000","36.7500","36.7500","2012-10-19 22:00:00"
"21811","826","6","50","2012-09-18 00:00:00","2012-09-29 00:00:00","2012-09-18 00:00:00","2012-10-20 00:00:00","3.0000","36.7500","36.7500","2012-10-19 22:00:00"
"21812","828","6","50","2012-09-18 00:00:00","2012-09-29 00:00:00","2012-09-18 00:00:00","2012-10-20 00:00:00","3.0000","36.7500","36.7500","2012-10-19 22:00:00"
"21813","894","6","50","2012-09-18 00:00:00","2012-09-29 00:00:00","2012-09-18 00:00:00","2012-10-20 00:00:00","3.0000","36.7500","36.7500","2012-10-19 22:00:00"
"21814","945","1","10","2012-09-18 00:00:00","2012-09-29 00:00:00","2012-09-18 00:00:00","2012-10-20 00:00:00","4.1000","92.2500","92.2500","2012-10-19 22:00:00"
"21814","945","6","50","2012-09-18 00:00:00","2012-09-29 00:00:00","2012-09-18 00:00:00","2012-10-20 00:00:00","3.0000","36.7500","36.7500","2012-10-19 22:00:00"
"21815","950","6","50","2012-09-18 00:00:00","2012-09-29 00:00:00","2012-09-18 00:00:00","2012-10-20 00:00:00","3.0000","36.7500","36.7500","2012-10-19 22:00:00"
"21816","994","6","50","2012-09-18 00:00:00","2012-09-29 00:00:00","2012-09-18 00:00:00","2012-10-20 00:00:00","3.0000","36.7500","36.7500","2012-10-19 22:00:00"
"21817","995","6","50","2012-09-18 00:00:00","2012-09-29 00:00:00","2012-09-18 00:00:00","2012-10-20 00:00:00","3.0000","36.7500","36.7500","2012-10-19 22:00:00"
"21818","996","6","50","2012-09-18 00:00:00","2012-09-29 00:00:00","2012-09-18 00:00:00","2012-10-20 00:00:00","3.0000","36.7500","36.7500","2012-10-19 22:00:00"
"21832","802","1","10","2012-09-18 00:00:00","2012-09-29 00:00:00","2012-09-18 00:00:00","2012-10-20 00:00:00","4.1000","92.2500","92.2500","2012-10-19 22:00:00"
"21832","802","6","50","2012-09-18 00:00:00","2012-09-29 00:00:00","2012-09-18 00:00:00","2012-10-20 00:00:00","3.0000","36.7500","36.7500","2012-10-19 22:00:00"
"21833","804","1","10","2012-09-18 00:00:00","2012-09-29 00:00:00","2012-09-18 00:00:00","2012-10-20 00:00:00","4.1000","92.2500","92.2500","2012-10-19 22:00:00"
"21833","804","6","50","2012-09-18 00:00:00","2012-09-29 00:00:00","2012-09-18 00:00:00","2012-10-20 00:00:00","3.0000","36.7500","36.7500","2012-10-19 22:00:00"
"21838","759","7","60","2012-09-19 00:00:00","2012-09-30 00:00:00","2012-09-30 00:00:00","2012-10-01 00:00:00","4.0000","49.0000","49.0000","2012-09-30 22:00:00"
"21839","780","7","60","2012-09-19 00:00:00","2012-09-30 00:00:00","2012-09-30 00:00:00","2012-10-01 00:00:00","4.0000","49.0000","49.0000","2012-09-30 22:00:00"
"21840","782","7","60","2012-09-19 00:00:00","2012-09-30 00:00:00","2012-09-30 00:00:00","2012-10-01 00:00:00","4.0000","49.0000","49.0000","2012-09-30 22:00:00"
"21841","783","7","60","2012-09-19 00:00:00","2012-09-30 00:00:00","2012-09-30 00:00:00","2012-10-01 00:00:00","4.0000","49.0000","49.0000","2012-09-30 22:00:00"
"21842","784","7","60","2012-09-19 00:00:00","2012-09-30 00:00:00","2012-09-30 00:00:00","2012-10-01 00:00:00","4.0000","49.0000","49.0000","2012-09-30 22:00:00"
"21843","516","6","50","2012-09-19 00:00:00","2012-09-30 00:00:00","2012-09-30 00:00:00","2012-10-01 00:00:00","3.0000","36.7500","36.7500","2012-09-30 22:00:00"
"21843","516","7","60","2012-09-19 00:00:00","2012-09-30 00:00:00","2012-09-30 00:00:00","2012-10-01 00:00:00","4.0000","49.0000","49.0000","2012-09-30 22:00:00"
"21844","517","6","50","2012-09-19 00:00:00","2012-09-30 00:00:00","2012-09-30 00:00:00","2012-10-01 00:00:00","3.0000","36.7500","36.7500","2012-09-30 22:00:00"
"21844","517","7","60","2012-09-19 00:00:00","2012-09-30 00:00:00","2012-09-30 00:00:00","2012-10-01 00:00:00","4.0000","49.0000","49.0000","2012-09-30 22:00:00"
"21849","747","1","10","2012-09-19 00:00:00","2012-09-30 00:00:00","2012-09-30 00:00:00","2012-10-01 00:00:00","4.1000","92.2500","92.2500","2012-09-30 22:00:00"
"21849","747","2","20","2012-09-19 00:00:00","2012-09-30 00:00:00","2012-09-30 00:00:00","2012-10-01 00:00:00","3.5000","87.5000","87.5000","2012-09-30 22:00:00"
"21849","747","3","30","2012-09-19 00:00:00","2012-09-30 00:00:00","2012-09-30 00:00:00","2012-10-01 00:00:00","1.0000","14.5000","14.5000","2012-09-30 22:00:00"
"21849","747","4","40","2012-09-19 00:00:00","2012-09-30 00:00:00","2012-09-30 00:00:00","2012-10-01 00:00:00","2.0000","31.5000","31.5000","2012-09-30 22:00:00"
"21849","747","6","50","2012-09-19 00:00:00","2012-09-30 00:00:00","2012-09-30 00:00:00","2012-10-01 00:00:00","3.0000","36.7500","36.7500","2012-09-30 22:00:00"
"21849","747","7","60","2012-09-19 00:00:00","2012-09-30 00:00:00","2012-09-30 00:00:00","2012-10-01 00:00:00","4.0000","49.0000","49.0000","2012-09-30 22:00:00"
"21850","806","6","50","2012-09-19 00:00:00","2012-09-30 00:00:00","2012-09-30 00:00:00","2012-10-01 00:00:00","3.0000","36.7500","36.7500","2012-09-30 22:00:00"
"21851","810","1","10","2012-09-19 00:00:00","2012-09-30 00:00:00","2012-09-30 00:00:00","2012-10-01 00:00:00","4.1000","92.2500","92.2500","2012-09-30 22:00:00"
"21851","810","2","20","2012-09-19 00:00:00","2012-09-30 00:00:00","2012-09-30 00:00:00","2012-10-01 00:00:00","3.5000","87.5000","87.5000","2012-09-30 22:00:00"
"21851","810","6","50","2012-09-19 00:00:00","2012-09-30 00:00:00","2012-09-30 00:00:00","2012-10-01 00:00:00","3.0000","36.7500","36.7500","2012-09-30 22:00:00"
"21852","811","1","10","2012-09-19 00:00:00","2012-09-30 00:00:00","2012-09-30 00:00:00","2012-10-01 00:00:00","4.1000","92.2500","92.2500","2012-09-30 22:00:00"
"21852","811","2","20","2012-09-19 00:00:00","2012-09-30 00:00:00","2012-09-30 00:00:00","2012-10-01 00:00:00","3.5000","87.5000","87.5000","2012-09-30 22:00:00"
"21852","811","6","50","2012-09-19 00:00:00","2012-09-30 00:00:00","2012-09-30 00:00:00","2012-10-01 00:00:00","3.0000","36.7500","36.7500","2012-09-30 22:00:00"
"21853","816","6","50","2012-09-19 00:00:00","2012-09-30 00:00:00","2012-09-30 00:00:00","2012-10-01 00:00:00","3.0000","36.7500","36.7500","2012-09-30 22:00:00"
"21854","818","6","50","2012-09-19 00:00:00","2012-09-30 00:00:00","2012-09-30 00:00:00","2012-10-01 00:00:00","3.0000","36.7500","36.7500","2012-09-30 22:00:00"
"21855","824","6","50","2012-09-19 00:00:00","2012-09-30 00:00:00","2012-09-30 00:00:00","2012-10-01 00:00:00","3.0000","36.7500","36.7500","2012-09-30 22:00:00"
"21856","826","6","50","2012-09-19 00:00:00","2012-09-30 00:00:00","2012-09-30 00:00:00","2012-10-01 00:00:00","3.0000","36.7500","36.7500","2012-09-30 22:00:00"
"21857","894","6","50","2012-09-19 00:00:00","2012-09-30 00:00:00","2012-09-30 00:00:00","2012-10-01 00:00:00","3.0000","36.7500","36.7500","2012-09-30 22:00:00"
"21858","945","1","10","2012-09-19 00:00:00","2012-09-30 00:00:00","2012-09-30 00:00:00","2012-10-01 00:00:00","4.1000","92.2500","92.2500","2012-09-30 22:00:00"
"21858","945","6","50","2012-09-19 00:00:00","2012-09-30 00:00:00","2012-09-30 00:00:00","2012-10-01 00:00:00","3.0000","36.7500","36.7500","2012-09-30 22:00:00"
"21859","950","6","50","2012-09-19 00:00:00","2012-09-30 00:00:00","2012-09-30 00:00:00","2012-10-01 00:00:00","3.0000","36.7500","36.7500","2012-09-30 22:00:00"
"21860","994","6","50","2012-09-19 00:00:00","2012-09-30 00:00:00","2012-09-30 00:00:00","2012-10-01 00:00:00","3.0000","36.7500","36.7500","2012-09-30 22:00:00"
"21861","995","6","50","2012-09-19 00:00:00","2012-09-30 00:00:00","2012-09-30 00:00:00","2012-10-01 00:00:00","3.0000","36.7500","36.7500","2012-09-30 22:00:00"
"21875","802","1","10","2012-09-19 00:00:00","2012-09-30 00:00:00","2012-09-30 00:00:00","2012-10-01 00:00:00","4.1000","92.2500","92.2500","2012-09-30 22:00:00"
"21875","802","6","50","2012-09-19 00:00:00","2012-09-30 00:00:00","2012-09-30 00:00:00","2012-10-01 00:00:00","3.0000","36.7500","36.7500","2012-09-30 22:00:00"
"21876","804","1","10","2012-09-19 00:00:00","2012-09-30 00:00:00","2012-09-30 00:00:00","2012-10-01 00:00:00","4.1000","92.2500","92.2500","2012-09-30 22:00:00"
"21876","804","6","50","2012-09-19 00:00:00","2012-09-30 00:00:00","2012-09-30 00:00:00","2012-10-01 00:00:00","3.0000","36.7500","36.7500","2012-09-30 22:00:00"
"21881","760","7","60","2012-09-20 00:00:00","2012-10-01 00:00:00","2012-09-20 00:00:00","2012-10-01 00:00:00","4.0000","49.0000","49.0000","2012-09-30 22:00:00"
"21882","762","7","60","2012-09-20 00:00:00","2012-10-01 00:00:00","2012-09-20 00:00:00","2012-10-01 00:00:00","4.0000","49.0000","49.0000","2012-09-30 22:00:00"
"21883","779","7","60","2012-09-20 00:00:00","2012-10-01 00:00:00","2012-09-20 00:00:00","2012-10-01 00:00:00","4.0000","49.0000","49.0000","2012-09-30 22:00:00"
"21884","780","7","60","2012-09-20 00:00:00","2012-10-01 00:00:00","2012-09-20 00:00:00","2012-10-01 00:00:00","4.0000","49.0000","49.0000","2012-09-30 22:00:00"
"21885","781","7","60","2012-09-20 00:00:00","2012-10-01 00:00:00","2012-09-20 00:00:00","2012-10-01 00:00:00","4.0000","49.0000","49.0000","2012-09-30 22:00:00"
"21886","782","7","60","2012-09-20 00:00:00","2012-10-01 00:00:00","2012-09-20 00:00:00","2012-10-01 00:00:00","4.0000","49.0000","49.0000","2012-09-30 22:00:00"
"21887","783","7","60","2012-09-20 00:00:00","2012-10-01 00:00:00","2012-09-20 00:00:00","2012-10-01 00:00:00","4.0000","49.0000","49.0000","2012-09-30 22:00:00"
"21888","793","7","60","2012-09-20 00:00:00","2012-10-01 00:00:00","2012-09-20 00:00:00","2012-10-01 00:00:00","4.0000","49.0000","49.0000","2012-09-30 22:00:00"
"21889","796","7","60","2012-09-20 00:00:00","2012-10-01 00:00:00","2012-09-20 00:00:00","2012-10-01 00:00:00","4.0000","49.0000","49.0000","2012-09-30 22:00:00"
"21890","799","7","60","2012-09-20 00:00:00","2012-10-01 00:00:00","2012-09-20 00:00:00","2012-10-01 00:00:00","4.0000","49.0000","49.0000","2012-09-30 22:00:00"
"21891","516","6","50","2012-09-20 00:00:00","2012-10-01 00:00:00","2012-09-20 00:00:00","2012-10-01 00:00:00","3.0000","36.7500","36.7500","2012-09-30 22:00:00"
"21891","516","7","60","2012-09-20 00:00:00","2012-10-01 00:00:00","2012-09-20 00:00:00","2012-10-01 00:00:00","4.0000","49.0000","49.0000","2012-09-30 22:00:00"
"21892","517","6","50","2012-09-20 00:00:00","2012-10-01 00:00:00","2012-09-20 00:00:00","2012-10-01 00:00:00","3.0000","36.7500","36.7500","2012-09-30 22:00:00"
"21892","517","7","60","2012-09-20 00:00:00","2012-10-01 00:00:00","2012-09-20 00:00:00","2012-10-01 00:00:00","4.0000","49.0000","49.0000","2012-09-30 22:00:00"
"21893","518","6","50","2012-09-20 00:00:00","2012-10-01 00:00:00","2012-09-20 00:00:00","2012-10-01 00:00:00","3.0000","36.7500","36.7500","2012-09-30 22:00:00"
"21893","518","7","60","2012-09-20 00:00:00","2012-10-01 00:00:00","2012-09-20 00:00:00","2012-10-01 00:00:00","4.0000","49.0000","49.0000","2012-09-30 22:00:00"
"21894","519","6","50","2012-09-20 00:00:00","2012-10-01 00:00:00","2012-09-20 00:00:00","2012-10-01 00:00:00","3.0000","36.7500","36.7500","2012-09-30 22:00:00"
"21894","519","7","60","2012-09-20 00:00:00","2012-10-01 00:00:00","2012-09-20 00:00:00","2012-10-01 00:00:00","4.0000","49.0000","49.0000","2012-09-30 22:00:00"
"21901","747","1","10","2012-09-20 00:00:00","2012-10-01 00:00:00","2012-09-20 00:00:00","2012-10-01 00:00:00","4.1000","92.2500","92.2500","2012-09-30 22:00:00"
"21901","747","2","20","2012-09-20 00:00:00","2012-10-01 00:00:00","2012-09-20 00:00:00","2012-10-01 00:00:00","3.5000","87.5000","87.5000","2012-09-30 22:00:00"
"21901","747","3","30","2012-09-20 00:00:00","2012-10-01 00:00:00","2012-09-20 00:00:00","2012-10-01 00:00:00","1.0000","14.5000","14.5000","2012-09-30 22:00:00"
"21901","747","4","40","2012-09-20 00:00:00","2012-10-01 00:00:00","2012-09-20 00:00:00","2012-10-01 00:00:00","2.0000","31.5000","31.5000","2012-09-30 22:00:00"
"21901","747","6","50","2012-09-20 00:00:00","2012-10-01 00:00:00","2012-09-20 00:00:00","2012-10-01 00:00:00","3.0000","36.7500","36.7500","2012-09-30 22:00:00"
"21901","747","7","60","2012-09-20 00:00:00","2012-10-01 00:00:00","2012-09-20 00:00:00","2012-10-01 00:00:00","4.0000","49.0000","49.0000","2012-09-30 22:00:00"
"21902","748","1","10","2012-09-20 00:00:00","2012-10-01 00:00:00","2012-09-20 00:00:00","2012-10-01 00:00:00","4.1000","92.2500","92.2500","2012-09-30 22:00:00"
"21902","748","2","20","2012-09-20 00:00:00","2012-10-01 00:00:00","2012-09-20 00:00:00","2012-10-01 00:00:00","3.5000","87.5000","87.5000","2012-09-30 22:00:00"
"21902","748","3","30","2012-09-20 00:00:00","2012-10-01 00:00:00","2012-09-20 00:00:00","2012-10-01 00:00:00","1.0000","14.5000","14.5000","2012-09-30 22:00:00"
"21902","748","5","45","2012-09-20 00:00:00","2012-10-01 00:00:00","2012-09-20 00:00:00","2012-10-01 00:00:00","2.0000","36.0000","36.0000","2012-09-30 22:00:00"
"21902","748","6","50","2012-09-20 00:00:00","2012-10-01 00:00:00","2012-09-20 00:00:00","2012-10-01 00:00:00","3.0000","36.7500","36.7500","2012-09-30 22:00:00"
"21902","748","7","60","2012-09-20 00:00:00","2012-10-01 00:00:00","2012-09-20 00:00:00","2012-10-01 00:00:00","4.0000","49.0000","49.0000","2012-09-30 22:00:00"
"21903","806","6","50","2012-09-20 00:00:00","2012-10-01 00:00:00","2012-09-20 00:00:00","2012-10-01 00:00:00","3.0000","36.7500","36.7500","2012-09-30 22:00:00"
"21904","810","1","10","2012-09-20 00:00:00","2012-10-01 00:00:00","2012-09-20 00:00:00","2012-10-01 00:00:00","4.1000","92.2500","92.2500","2012-09-30 22:00:00"
"21904","810","2","20","2012-09-20 00:00:00","2012-10-01 00:00:00","2012-09-20 00:00:00","2012-10-01 00:00:00","3.5000","87.5000","87.5000","2012-09-30 22:00:00"
"21904","810","6","50","2012-09-20 00:00:00","2012-10-01 00:00:00","2012-09-20 00:00:00","2012-10-01 00:00:00","3.0000","36.7500","36.7500","2012-09-30 22:00:00"
"21905","811","1","10","2012-09-20 00:00:00","2012-10-01 00:00:00","2012-09-20 00:00:00","2012-10-01 00:00:00","4.1000","92.2500","92.2500","2012-09-30 22:00:00"
"21905","811","2","20","2012-09-20 00:00:00","2012-10-01 00:00:00","2012-09-20 00:00:00","2012-10-01 00:00:00","3.5000","87.5000","87.5000","2012-09-30 22:00:00"
"21905","811","6","50","2012-09-20 00:00:00","2012-10-01 00:00:00","2012-09-20 00:00:00","2012-10-01 00:00:00","3.0000","36.7500","36.7500","2012-09-30 22:00:00"
"21906","812","1","10","2012-09-20 00:00:00","2012-10-01 00:00:00","2012-09-20 00:00:00","2012-10-01 00:00:00","4.1000","92.2500","92.2500","2012-09-30 22:00:00"
"21906","812","2","20","2012-09-20 00:00:00","2012-10-01 00:00:00","2012-09-20 00:00:00","2012-10-01 00:00:00","3.5000","87.5000","87.5000","2012-09-30 22:00:00"
"21906","812","6","50","2012-09-20 00:00:00","2012-10-01 00:00:00","2012-09-20 00:00:00","2012-10-01 00:00:00","3.0000","36.7500","36.7500","2012-09-30 22:00:00"
"21907","813","1","10","2012-09-20 00:00:00","2012-10-01 00:00:00","2012-09-20 00:00:00","2012-10-01 00:00:00","4.1000","92.2500","92.2500","2012-09-30 22:00:00"
"21907","813","2","20","2012-09-20 00:00:00","2012-10-01 00:00:00","2012-09-20 00:00:00","2012-10-01 00:00:00","3.5000","87.5000","87.5000","2012-09-30 22:00:00"
"21907","813","6","50","2012-09-20 00:00:00","2012-10-01 00:00:00","2012-09-20 00:00:00","2012-10-01 00:00:00","3.0000","36.7500","36.7500","2012-09-30 22:00:00"
"21908","816","6","50","2012-09-20 00:00:00","2012-10-01 00:00:00","2012-09-20 00:00:00","2012-10-01 00:00:00","3.0000","36.7500","36.7500","2012-09-30 22:00:00"
"21909","818","6","50","2012-09-20 00:00:00","2012-10-01 00:00:00","2012-09-20 00:00:00","2012-10-01 00:00:00","3.0000","36.7500","36.7500","2012-09-30 22:00:00"
"21910","819","6","50","2012-09-20 00:00:00","2012-10-01 00:00:00","2012-09-20 00:00:00","2012-10-01 00:00:00","3.0000","36.7500","36.7500","2012-09-30 22:00:00"
"21911","820","6","50","2012-09-20 00:00:00","2012-10-01 00:00:00","2012-09-20 00:00:00","2012-10-01 00:00:00","3.0000","36.7500","36.7500","2012-09-30 22:00:00"
"21912","824","6","50","2012-09-20 00:00:00","2012-10-01 00:00:00","2012-09-20 00:00:00","2012-10-01 00:00:00","3.0000","36.7500","36.7500","2012-09-30 22:00:00"
"21913","826","6","50","2012-09-20 00:00:00","2012-10-01 00:00:00","2012-09-20 00:00:00","2012-10-01 00:00:00","3.0000","36.7500","36.7500","2012-09-30 22:00:00"
"21914","827","6","50","2012-09-20 00:00:00","2012-10-01 00:00:00","2012-09-20 00:00:00","2012-10-01 00:00:00","3.0000","36.7500","36.7500","2012-09-30 22:00:00"
"21915","828","6","50","2012-09-20 00:00:00","2012-10-01 00:00:00","2012-09-20 00:00:00","2012-10-01 00:00:00","3.0000","36.7500","36.7500","2012-09-30 22:00:00"
"21918","894","6","50","2012-09-20 00:00:00","2012-10-01 00:00:00","2012-09-20 00:00:00","2012-10-01 00:00:00","3.0000","36.7500","36.7500","2012-09-30 22:00:00"
"21919","945","1","10","2012-09-20 00:00:00","2012-10-01 00:00:00","2012-09-20 00:00:00","2012-10-01 00:00:00","4.1000","92.2500","92.2500","2012-09-30 22:00:00"
"21919","945","6","50","2012-09-20 00:00:00","2012-10-01 00:00:00","2012-09-20 00:00:00","2012-10-01 00:00:00","3.0000","36.7500","36.7500","2012-09-30 22:00:00"
"21920","950","6","50","2012-09-20 00:00:00","2012-10-01 00:00:00","2012-09-20 00:00:00","2012-10-01 00:00:00","3.0000","36.7500","36.7500","2012-09-30 22:00:00"
"21921","994","6","50","2012-09-20 00:00:00","2012-10-01 00:00:00","2012-09-20 00:00:00","2012-10-01 00:00:00","3.0000","36.7500","36.7500","2012-09-30 22:00:00"
"21922","995","6","50","2012-09-20 00:00:00","2012-10-01 00:00:00","2012-09-20 00:00:00","2012-10-01 00:00:00","3.0000","36.7500","36.7500","2012-09-30 22:00:00"
"21923","996","6","50","2012-09-20 00:00:00","2012-10-01 00:00:00","2012-09-20 00:00:00","2012-10-01 00:00:00","3.0000","36.7500","36.7500","2012-09-30 22:00:00"
"21937","802","1","10","2012-09-20 00:00:00","2012-10-01 00:00:00","2012-09-20 00:00:00","2012-10-01 00:00:00","4.1000","92.2500","92.2500","2012-09-30 22:00:00"
"21937","802","6","50","2012-09-20 00:00:00","2012-10-01 00:00:00","2012-09-20 00:00:00","2012-10-01 00:00:00","3.0000","36.7500","36.7500","2012-09-30 22:00:00"
"21938","803","1","10","2012-09-20 00:00:00","2012-10-01 00:00:00","2012-09-20 00:00:00","2012-10-01 00:00:00","4.1000","92.2500","92.2500","2012-09-30 22:00:00"
"21938","803","6","50","2012-09-20 00:00:00","2012-10-01 00:00:00","2012-09-20 00:00:00","2012-10-01 00:00:00","3.0000","36.7500","36.7500","2012-09-30 22:00:00"
"21939","804","1","10","2012-09-20 00:00:00","2012-10-01 00:00:00","2012-09-20 00:00:00","2012-10-01 00:00:00","4.1000","92.2500","92.2500","2012-09-30 22:00:00"
"21939","804","6","50","2012-09-20 00:00:00","2012-10-01 00:00:00","2012-09-20 00:00:00","2012-10-01 00:00:00","3.0000","36.7500","36.7500","2012-09-30 22:00:00"
"21944","760","7","60","2012-09-21 00:00:00","2012-10-02 00:00:00","2012-10-04 00:00:00","2012-10-05 00:00:00","4.0000","49.0000","49.0000","2012-10-04 22:00:00"
"21945","768","7","60","2012-09-21 00:00:00","2012-10-02 00:00:00","2012-10-04 00:00:00","2012-10-05 00:00:00","4.0000","49.0000","49.0000","2012-10-04 22:00:00"
"21946","782","7","60","2012-09-21 00:00:00","2012-10-02 00:00:00","2012-10-04 00:00:00","2012-10-05 00:00:00","4.0000","49.0000","49.0000","2012-10-04 22:00:00"
"21947","792","7","60","2012-09-21 00:00:00","2012-10-02 00:00:00","2012-10-04 00:00:00","2012-10-05 00:00:00","4.0000","49.0000","49.0000","2012-10-04 22:00:00"
"21948","793","7","60","2012-09-21 00:00:00","2012-10-02 00:00:00","2012-10-04 00:00:00","2012-10-05 00:00:00","4.0000","49.0000","49.0000","2012-10-04 22:00:00"
"21949","794","7","60","2012-09-21 00:00:00","2012-10-02 00:00:00","2012-10-04 00:00:00","2012-10-05 00:00:00","4.0000","49.0000","49.0000","2012-10-04 22:00:00"
"21950","796","7","60","2012-09-21 00:00:00","2012-10-02 00:00:00","2012-10-04 00:00:00","2012-10-05 00:00:00","4.0000","49.0000","49.0000","2012-10-04 22:00:00"
"21951","798","7","60","2012-09-21 00:00:00","2012-10-02 00:00:00","2012-10-04 00:00:00","2012-10-05 00:00:00","4.0000","49.0000","49.0000","2012-10-04 22:00:00"
"21952","516","6","50","2012-09-21 00:00:00","2012-10-02 00:00:00","2012-10-04 00:00:00","2012-10-05 00:00:00","3.0000","36.7500","36.7500","2012-10-04 22:00:00"
"21952","516","7","60","2012-09-21 00:00:00","2012-10-02 00:00:00","2012-10-04 00:00:00","2012-10-05 00:00:00","4.0000","49.0000","49.0000","2012-10-04 22:00:00"
"21953","517","6","50","2012-09-21 00:00:00","2012-10-02 00:00:00","2012-10-04 00:00:00","2012-10-05 00:00:00","3.0000","36.7500","36.7500","2012-10-04 22:00:00"
"21953","517","7","60","2012-09-21 00:00:00","2012-10-02 00:00:00","2012-10-04 00:00:00","2012-10-05 00:00:00","4.0000","49.0000","49.0000","2012-10-04 22:00:00"
"21954","518","6","50","2012-09-21 00:00:00","2012-10-02 00:00:00","2012-10-04 00:00:00","2012-10-05 00:00:00","3.0000","36.7500","36.7500","2012-10-04 22:00:00"
"21954","518","7","60","2012-09-21 00:00:00","2012-10-02 00:00:00","2012-10-04 00:00:00","2012-10-05 00:00:00","4.0000","49.0000","49.0000","2012-10-04 22:00:00"
"21955","519","6","50","2012-09-21 00:00:00","2012-10-02 00:00:00","2012-10-04 00:00:00","2012-10-05 00:00:00","3.0000","36.7500","36.7500","2012-10-04 22:00:00"
"21955","519","7","60","2012-09-21 00:00:00","2012-10-02 00:00:00","2012-10-04 00:00:00","2012-10-05 00:00:00","4.0000","49.0000","49.0000","2012-10-04 22:00:00"
"21960","747","1","10","2012-09-21 00:00:00","2012-10-02 00:00:00","2012-10-04 00:00:00","2012-10-05 00:00:00","4.1000","92.2500","92.2500","2012-10-04 22:00:00"
"21960","747","2","20","2012-09-21 00:00:00","2012-10-02 00:00:00","2012-10-04 00:00:00","2012-10-05 00:00:00","3.5000","87.5000","87.5000","2012-10-04 22:00:00"
"21960","747","3","30","2012-09-21 00:00:00","2012-10-02 00:00:00","2012-10-04 00:00:00","2012-10-05 00:00:00","1.0000","14.5000","14.5000","2012-10-04 22:00:00"
"21960","747","4","40","2012-09-21 00:00:00","2012-10-02 00:00:00","2012-10-04 00:00:00","2012-10-05 00:00:00","2.0000","31.5000","31.5000","2012-10-04 22:00:00"
"21960","747","6","50","2012-09-21 00:00:00","2012-10-02 00:00:00","2012-10-04 00:00:00","2012-10-05 00:00:00","3.0000","36.7500","36.7500","2012-10-04 22:00:00"
"21960","747","7","60","2012-09-21 00:00:00","2012-10-02 00:00:00","2012-10-04 00:00:00","2012-10-05 00:00:00","4.0000","49.0000","49.0000","2012-10-04 22:00:00"
"21961","806","6","50","2012-09-21 00:00:00","2012-10-02 00:00:00","2012-10-04 00:00:00","2012-10-05 00:00:00","3.0000","36.7500","36.7500","2012-10-04 22:00:00"
"21962","810","1","10","2012-09-21 00:00:00","2012-10-02 00:00:00","2012-10-04 00:00:00","2012-10-05 00:00:00","4.1000","92.2500","92.2500","2012-10-04 22:00:00"
"21962","810","2","20","2012-09-21 00:00:00","2012-10-02 00:00:00","2012-10-04 00:00:00","2012-10-05 00:00:00","3.5000","87.5000","87.5000","2012-10-04 22:00:00"
"21962","810","6","50","2012-09-21 00:00:00","2012-10-02 00:00:00","2012-10-04 00:00:00","2012-10-05 00:00:00","3.0000","36.7500","36.7500","2012-10-04 22:00:00"
"21963","811","1","10","2012-09-21 00:00:00","2012-10-02 00:00:00","2012-10-04 00:00:00","2012-10-05 00:00:00","4.1000","92.2500","92.2500","2012-10-04 22:00:00"
"21963","811","2","20","2012-09-21 00:00:00","2012-10-02 00:00:00","2012-10-04 00:00:00","2012-10-05 00:00:00","3.5000","87.5000","87.5000","2012-10-04 22:00:00"
"21963","811","6","50","2012-09-21 00:00:00","2012-10-02 00:00:00","2012-10-04 00:00:00","2012-10-05 00:00:00","3.0000","36.7500","36.7500","2012-10-04 22:00:00"
"21964","812","1","10","2012-09-21 00:00:00","2012-10-02 00:00:00","2012-10-04 00:00:00","2012-10-05 00:00:00","4.1000","92.2500","92.2500","2012-10-04 22:00:00"
"21964","812","2","20","2012-09-21 00:00:00","2012-10-02 00:00:00","2012-10-04 00:00:00","2012-10-05 00:00:00","3.5000","87.5000","87.5000","2012-10-04 22:00:00"
"21964","812","6","50","2012-09-21 00:00:00","2012-10-02 00:00:00","2012-10-04 00:00:00","2012-10-05 00:00:00","3.0000","36.7500","36.7500","2012-10-04 22:00:00"
"21965","813","1","10","2012-09-21 00:00:00","2012-10-02 00:00:00","2012-10-04 00:00:00","2012-10-05 00:00:00","4.1000","92.2500","92.2500","2012-10-04 22:00:00"
"21965","813","2","20","2012-09-21 00:00:00","2012-10-02 00:00:00","2012-10-04 00:00:00","2012-10-05 00:00:00","3.5000","87.5000","87.5000","2012-10-04 22:00:00"
"21965","813","6","50","2012-09-21 00:00:00","2012-10-02 00:00:00","2012-10-04 00:00:00","2012-10-05 00:00:00","3.0000","36.7500","36.7500","2012-10-04 22:00:00"
"21966","816","6","50","2012-09-21 00:00:00","2012-10-02 00:00:00","2012-10-04 00:00:00","2012-10-05 00:00:00","3.0000","36.7500","36.7500","2012-10-04 22:00:00"
"21967","818","6","50","2012-09-21 00:00:00","2012-10-02 00:00:00","2012-10-04 00:00:00","2012-10-05 00:00:00","3.0000","36.7500","36.7500","2012-10-04 22:00:00"
"21968","819","6","50","2012-09-21 00:00:00","2012-10-02 00:00:00","2012-10-04 00:00:00","2012-10-05 00:00:00","3.0000","36.7500","36.7500","2012-10-04 22:00:00"
"21969","820","6","50","2012-09-21 00:00:00","2012-10-02 00:00:00","2012-10-04 00:00:00","2012-10-05 00:00:00","3.0000","36.7500","36.7500","2012-10-04 22:00:00"
"21970","824","6","50","2012-09-21 00:00:00","2012-10-02 00:00:00","2012-10-04 00:00:00","2012-10-05 00:00:00","3.0000","36.7500","36.7500","2012-10-04 22:00:00"
"21971","826","6","50","2012-09-21 00:00:00","2012-10-02 00:00:00","2012-10-04 00:00:00","2012-10-05 00:00:00","3.0000","36.7500","36.7500","2012-10-04 22:00:00"
"21972","827","6","50","2012-09-21 00:00:00","2012-10-02 00:00:00","2012-10-04 00:00:00","2012-10-05 00:00:00","3.0000","36.7500","36.7500","2012-10-04 22:00:00"
"21973","828","6","50","2012-09-21 00:00:00","2012-10-02 00:00:00","2012-10-04 00:00:00","2012-10-05 00:00:00","3.0000","36.7500","36.7500","2012-10-04 22:00:00"
"21977","894","6","50","2012-09-21 00:00:00","2012-10-02 00:00:00","2012-10-04 00:00:00","2012-10-05 00:00:00","3.0000","36.7500","36.7500","2012-10-04 22:00:00"
"21978","945","1","10","2012-09-21 00:00:00","2012-10-02 00:00:00","2012-10-04 00:00:00","2012-10-05 00:00:00","4.1000","92.2500","92.2500","2012-10-04 22:00:00"
"21978","945","6","50","2012-09-21 00:00:00","2012-10-02 00:00:00","2012-10-04 00:00:00","2012-10-05 00:00:00","3.0000","36.7500","36.7500","2012-10-04 22:00:00"
"21979","950","6","50","2012-09-21 00:00:00","2012-10-02 00:00:00","2012-10-04 00:00:00","2012-10-05 00:00:00","3.0000","36.7500","36.7500","2012-10-04 22:00:00"
"21980","994","6","50","2012-09-21 00:00:00","2012-10-02 00:00:00","2012-10-04 00:00:00","2012-10-05 00:00:00","3.0000","36.7500","36.7500","2012-10-04 22:00:00"
"21981","995","6","50","2012-09-21 00:00:00","2012-10-02 00:00:00","2012-10-04 00:00:00","2012-10-05 00:00:00","3.0000","36.7500","36.7500","2012-10-04 22:00:00"
"21982","996","6","50","2012-09-21 00:00:00","2012-10-02 00:00:00","2012-10-04 00:00:00","2012-10-05 00:00:00","3.0000","36.7500","36.7500","2012-10-04 22:00:00"
"21996","802","1","10","2012-09-21 00:00:00","2012-10-02 00:00:00","2012-10-04 00:00:00","2012-10-05 00:00:00","4.1000","92.2500","92.2500","2012-10-04 22:00:00"
"21996","802","6","50","2012-09-21 00:00:00","2012-10-02 00:00:00","2012-10-04 00:00:00","2012-10-05 00:00:00","3.0000","36.7500","36.7500","2012-10-04 22:00:00"
"21997","803","1","10","2012-09-21 00:00:00","2012-10-02 00:00:00","2012-10-04 00:00:00","2012-10-05 00:00:00","4.1000","92.2500","92.2500","2012-10-04 22:00:00"
"21997","803","6","50","2012-09-21 00:00:00","2012-10-02 00:00:00","2012-10-04 00:00:00","2012-10-05 00:00:00","3.0000","36.7500","36.7500","2012-10-04 22:00:00"
"21998","804","1","10","2012-09-21 00:00:00","2012-10-02 00:00:00","2012-10-04 00:00:00","2012-10-05 00:00:00","4.1000","92.2500","92.2500","2012-10-04 22:00:00"
"21998","804","6","50","2012-09-21 00:00:00","2012-10-02 00:00:00","2012-10-04 00:00:00","2012-10-05 00:00:00","3.0000","36.7500","36.7500","2012-10-04 22:00:00"
"22003","779","7","60","2012-09-22 00:00:00","2012-10-03 00:00:00","2012-09-22 00:00:00","2012-10-03 00:00:00","4.0000","49.0000","49.0000","2012-10-02 22:00:00"
"22004","780","7","60","2012-09-22 00:00:00","2012-10-03 00:00:00","2012-09-22 00:00:00","2012-10-03 00:00:00","4.0000","49.0000","49.0000","2012-10-02 22:00:00"
"22005","781","7","60","2012-09-22 00:00:00","2012-10-03 00:00:00","2012-09-22 00:00:00","2012-10-03 00:00:00","4.0000","49.0000","49.0000","2012-10-02 22:00:00"
"22006","782","7","60","2012-09-22 00:00:00","2012-10-03 00:00:00","2012-09-22 00:00:00","2012-10-03 00:00:00","4.0000","49.0000","49.0000","2012-10-02 22:00:00"
"22007","783","7","60","2012-09-22 00:00:00","2012-10-03 00:00:00","2012-09-22 00:00:00","2012-10-03 00:00:00","4.0000","49.0000","49.0000","2012-10-02 22:00:00"
"22008","791","7","60","2012-09-22 00:00:00","2012-10-03 00:00:00","2012-09-22 00:00:00","2012-10-03 00:00:00","4.0000","49.0000","49.0000","2012-10-02 22:00:00"
"22009","794","7","60","2012-09-22 00:00:00","2012-10-03 00:00:00","2012-09-22 00:00:00","2012-10-03 00:00:00","4.0000","49.0000","49.0000","2012-10-02 22:00:00"
"22010","796","7","60","2012-09-22 00:00:00","2012-10-03 00:00:00","2012-09-22 00:00:00","2012-10-03 00:00:00","4.0000","49.0000","49.0000","2012-10-02 22:00:00"
"22011","799","7","60","2012-09-22 00:00:00","2012-10-03 00:00:00","2012-09-22 00:00:00","2012-10-03 00:00:00","4.0000","49.0000","49.0000","2012-10-02 22:00:00"
"22012","800","7","60","2012-09-22 00:00:00","2012-10-03 00:00:00","2012-09-22 00:00:00","2012-10-03 00:00:00","4.0000","49.0000","49.0000","2012-10-02 22:00:00"
"22013","516","6","50","2012-09-22 00:00:00","2012-10-03 00:00:00","2012-09-22 00:00:00","2012-10-03 00:00:00","3.0000","36.7500","36.7500","2012-10-02 22:00:00"
"22013","516","7","60","2012-09-22 00:00:00","2012-10-03 00:00:00","2012-09-22 00:00:00","2012-10-03 00:00:00","4.0000","49.0000","49.0000","2012-10-02 22:00:00"
"22014","518","6","50","2012-09-22 00:00:00","2012-10-03 00:00:00","2012-09-22 00:00:00","2012-10-03 00:00:00","3.0000","36.7500","36.7500","2012-10-02 22:00:00"
"22014","518","7","60","2012-09-22 00:00:00","2012-10-03 00:00:00","2012-09-22 00:00:00","2012-10-03 00:00:00","4.0000","49.0000","49.0000","2012-10-02 22:00:00"
"22015","519","6","50","2012-09-22 00:00:00","2012-10-03 00:00:00","2012-09-22 00:00:00","2012-10-03 00:00:00","3.0000","36.7500","36.7500","2012-10-02 22:00:00"
"22015","519","7","60","2012-09-22 00:00:00","2012-10-03 00:00:00","2012-09-22 00:00:00","2012-10-03 00:00:00","4.0000","49.0000","49.0000","2012-10-02 22:00:00"
"22021","747","1","10","2012-09-22 00:00:00","2012-10-03 00:00:00","2012-09-22 00:00:00","2012-10-03 00:00:00","4.1000","92.2500","92.2500","2012-10-02 22:00:00"
"22021","747","2","20","2012-09-22 00:00:00","2012-10-03 00:00:00","2012-09-22 00:00:00","2012-10-03 00:00:00","3.5000","87.5000","87.5000","2012-10-02 22:00:00"
"22021","747","3","30","2012-09-22 00:00:00","2012-10-03 00:00:00","2012-09-22 00:00:00","2012-10-03 00:00:00","1.0000","14.5000","14.5000","2012-10-02 22:00:00"
"22021","747","4","40","2012-09-22 00:00:00","2012-10-03 00:00:00","2012-09-22 00:00:00","2012-10-03 00:00:00","2.0000","31.5000","31.5000","2012-10-02 22:00:00"
"22021","747","6","50","2012-09-22 00:00:00","2012-10-03 00:00:00","2012-09-22 00:00:00","2012-10-03 00:00:00","3.0000","36.7500","36.7500","2012-10-02 22:00:00"
"22021","747","7","60","2012-09-22 00:00:00","2012-10-03 00:00:00","2012-09-22 00:00:00","2012-10-03 00:00:00","4.0000","49.0000","49.0000","2012-10-02 22:00:00"
"22022","748","1","10","2012-09-22 00:00:00","2012-10-03 00:00:00","2012-09-22 00:00:00","2012-10-03 00:00:00","4.1000","92.2500","92.2500","2012-10-02 22:00:00"
"22022","748","2","20","2012-09-22 00:00:00","2012-10-03 00:00:00","2012-09-22 00:00:00","2012-10-03 00:00:00","3.5000","87.5000","87.5000","2012-10-02 22:00:00"
"22022","748","3","30","2012-09-22 00:00:00","2012-10-03 00:00:00","2012-09-22 00:00:00","2012-10-03 00:00:00","1.0000","14.5000","14.5000","2012-10-02 22:00:00"
"22022","748","5","45","2012-09-22 00:00:00","2012-10-03 00:00:00","2012-09-22 00:00:00","2012-10-03 00:00:00","2.0000","36.0000","36.0000","2012-10-02 22:00:00"
"22022","748","6","50","2012-09-22 00:00:00","2012-10-03 00:00:00","2012-09-22 00:00:00","2012-10-03 00:00:00","3.0000","36.7500","36.7500","2012-10-02 22:00:00"
"22022","748","7","60","2012-09-22 00:00:00","2012-10-03 00:00:00","2012-09-22 00:00:00","2012-10-03 00:00:00","4.0000","49.0000","49.0000","2012-10-02 22:00:00"
"22023","806","6","50","2012-09-22 00:00:00","2012-10-03 00:00:00","2012-09-22 00:00:00","2012-10-03 00:00:00","3.0000","36.7500","36.7500","2012-10-02 22:00:00"
"22024","810","1","10","2012-09-22 00:00:00","2012-10-03 00:00:00","2012-09-22 00:00:00","2012-10-03 00:00:00","4.1000","92.2500","92.2500","2012-10-02 22:00:00"
"22024","810","2","20","2012-09-22 00:00:00","2012-10-03 00:00:00","2012-09-22 00:00:00","2012-10-03 00:00:00","3.5000","87.5000","87.5000","2012-10-02 22:00:00"
"22024","810","6","50","2012-09-22 00:00:00","2012-10-03 00:00:00","2012-09-22 00:00:00","2012-10-03 00:00:00","3.0000","36.7500","36.7500","2012-10-02 22:00:00"
"22025","812","1","10","2012-09-22 00:00:00","2012-10-03 00:00:00","2012-09-22 00:00:00","2012-10-03 00:00:00","4.1000","92.2500","92.2500","2012-10-02 22:00:00"
"22025","812","2","20","2012-09-22 00:00:00","2012-10-03 00:00:00","2012-09-22 00:00:00","2012-10-03 00:00:00","3.5000","87.5000","87.5000","2012-10-02 22:00:00"
"22025","812","6","50","2012-09-22 00:00:00","2012-10-03 00:00:00","2012-09-22 00:00:00","2012-10-03 00:00:00","3.0000","36.7500","36.7500","2012-10-02 22:00:00"
"22026","813","1","10","2012-09-22 00:00:00","2012-10-03 00:00:00","2012-09-22 00:00:00","2012-10-03 00:00:00","4.1000","92.2500","92.2500","2012-10-02 22:00:00"
"22026","813","2","20","2012-09-22 00:00:00","2012-10-03 00:00:00","2012-09-22 00:00:00","2012-10-03 00:00:00","3.5000","87.5000","87.5000","2012-10-02 22:00:00"
"22026","813","6","50","2012-09-22 00:00:00","2012-10-03 00:00:00","2012-09-22 00:00:00","2012-10-03 00:00:00","3.0000","36.7500","36.7500","2012-10-02 22:00:00"
"22027","816","6","50","2012-09-22 00:00:00","2012-10-03 00:00:00","2012-09-22 00:00:00","2012-10-03 00:00:00","3.0000","36.7500","36.7500","2012-10-02 22:00:00"
"22028","819","6","50","2012-09-22 00:00:00","2012-10-03 00:00:00","2012-09-22 00:00:00","2012-10-03 00:00:00","3.0000","36.7500","36.7500","2012-10-02 22:00:00"
"22029","820","6","50","2012-09-22 00:00:00","2012-10-03 00:00:00","2012-09-22 00:00:00","2012-10-03 00:00:00","3.0000","36.7500","36.7500","2012-10-02 22:00:00"
"22030","824","6","50","2012-09-22 00:00:00","2012-10-03 00:00:00","2012-09-22 00:00:00","2012-10-03 00:00:00","3.0000","36.7500","36.7500","2012-10-02 22:00:00"
"22031","827","6","50","2012-09-22 00:00:00","2012-10-03 00:00:00","2012-09-22 00:00:00","2012-10-03 00:00:00","3.0000","36.7500","36.7500","2012-10-02 22:00:00"
"22032","828","6","50","2012-09-22 00:00:00","2012-10-03 00:00:00","2012-09-22 00:00:00","2012-10-03 00:00:00","3.0000","36.7500","36.7500","2012-10-02 22:00:00"
"22036","894","6","50","2012-09-22 00:00:00","2012-10-03 00:00:00","2012-09-22 00:00:00","2012-10-03 00:00:00","3.0000","36.7500","36.7500","2012-10-02 22:00:00"
"22037","945","1","10","2012-09-22 00:00:00","2012-10-03 00:00:00","2012-09-22 00:00:00","2012-10-03 00:00:00","4.1000","92.2500","92.2500","2012-10-02 22:00:00"
"22037","945","6","50","2012-09-22 00:00:00","2012-10-03 00:00:00","2012-09-22 00:00:00","2012-10-03 00:00:00","3.0000","36.7500","36.7500","2012-10-02 22:00:00"
"22038","950","6","50","2012-09-22 00:00:00","2012-10-03 00:00:00","2012-09-22 00:00:00","2012-10-03 00:00:00","3.0000","36.7500","36.7500","2012-10-02 22:00:00"
"22039","994","6","50","2012-09-22 00:00:00","2012-10-03 00:00:00","2012-09-22 00:00:00","2012-10-03 00:00:00","3.0000","36.7500","36.7500","2012-10-02 22:00:00"
"22040","995","6","50","2012-09-22 00:00:00","2012-10-03 00:00:00","2012-09-22 00:00:00","2012-10-03 00:00:00","3.0000","36.7500","36.7500","2012-10-02 22:00:00"
"22041","996","6","50","2012-09-22 00:00:00","2012-10-03 00:00:00","2012-09-22 00:00:00","2012-10-03 00:00:00","3.0000","36.7500","36.7500","2012-10-02 22:00:00"
"22054","803","1","10","2012-09-22 00:00:00","2012-10-03 00:00:00","2012-09-22 00:00:00","2012-10-03 00:00:00","4.1000","92.2500","92.2500","2012-10-02 22:00:00"
"22054","803","6","50","2012-09-22 00:00:00","2012-10-03 00:00:00","2012-09-22 00:00:00","2012-10-03 00:00:00","3.0000","36.7500","36.7500","2012-10-02 22:00:00"
"22055","804","1","10","2012-09-22 00:00:00","2012-10-03 00:00:00","2012-09-22 00:00:00","2012-10-03 00:00:00","4.1000","92.2500","92.2500","2012-10-02 22:00:00"
"22055","804","6","50","2012-09-22 00:00:00","2012-10-03 00:00:00","2012-09-22 00:00:00","2012-10-03 00:00:00","3.0000","36.7500","36.7500","2012-10-02 22:00:00"
"22060","765","7","60","2012-09-23 00:00:00","2012-10-04 00:00:00","2012-10-08 00:00:00","2012-10-09 00:00:00","4.0000","49.0000","49.0000","2012-10-08 22:00:00"
"22061","782","7","60","2012-09-23 00:00:00","2012-10-04 00:00:00","2012-10-08 00:00:00","2012-10-09 00:00:00","4.0000","49.0000","49.0000","2012-10-08 22:00:00"
"22062","791","7","60","2012-09-23 00:00:00","2012-10-04 00:00:00","2012-10-08 00:00:00","2012-10-09 00:00:00","4.0000","49.0000","49.0000","2012-10-08 22:00:00"
"22063","792","7","60","2012-09-23 00:00:00","2012-10-04 00:00:00","2012-10-08 00:00:00","2012-10-09 00:00:00","4.0000","49.0000","49.0000","2012-10-08 22:00:00"
"22064","793","7","60","2012-09-23 00:00:00","2012-10-04 00:00:00","2012-10-08 00:00:00","2012-10-09 00:00:00","4.0000","49.0000","49.0000","2012-10-08 22:00:00"
"22065","795","7","60","2012-09-23 00:00:00","2012-10-04 00:00:00","2012-10-08 00:00:00","2012-10-09 00:00:00","4.0000","49.0000","49.0000","2012-10-08 22:00:00"
"22066","801","7","60","2012-09-23 00:00:00","2012-10-04 00:00:00","2012-10-08 00:00:00","2012-10-09 00:00:00","4.0000","49.0000","49.0000","2012-10-08 22:00:00"
"22067","516","6","50","2012-09-23 00:00:00","2012-10-04 00:00:00","2012-10-08 00:00:00","2012-10-09 00:00:00","3.0000","36.7500","36.7500","2012-10-08 22:00:00"
"22067","516","7","60","2012-09-23 00:00:00","2012-10-04 00:00:00","2012-10-08 00:00:00","2012-10-09 00:00:00","4.0000","49.0000","49.0000","2012-10-08 22:00:00"
"22068","517","6","50","2012-09-23 00:00:00","2012-10-04 00:00:00","2012-10-08 00:00:00","2012-10-09 00:00:00","3.0000","36.7500","36.7500","2012-10-08 22:00:00"
"22068","517","7","60","2012-09-23 00:00:00","2012-10-04 00:00:00","2012-10-08 00:00:00","2012-10-09 00:00:00","4.0000","49.0000","49.0000","2012-10-08 22:00:00"
"22069","518","6","50","2012-09-23 00:00:00","2012-10-04 00:00:00","2012-10-08 00:00:00","2012-10-09 00:00:00","3.0000","36.7500","36.7500","2012-10-08 22:00:00"
"22069","518","7","60","2012-09-23 00:00:00","2012-10-04 00:00:00","2012-10-08 00:00:00","2012-10-09 00:00:00","4.0000","49.0000","49.0000","2012-10-08 22:00:00"
"22070","519","6","50","2012-09-23 00:00:00","2012-10-04 00:00:00","2012-10-08 00:00:00","2012-10-09 00:00:00","3.0000","36.7500","36.7500","2012-10-08 22:00:00"
"22070","519","7","60","2012-09-23 00:00:00","2012-10-04 00:00:00","2012-10-08 00:00:00","2012-10-09 00:00:00","4.0000","49.0000","49.0000","2012-10-08 22:00:00"
"22074","747","1","10","2012-09-23 00:00:00","2012-10-04 00:00:00","2012-10-08 00:00:00","2012-10-09 00:00:00","4.1000","92.2500","92.2500","2012-10-08 22:00:00"
"22074","747","2","20","2012-09-23 00:00:00","2012-10-04 00:00:00","2012-10-08 00:00:00","2012-10-09 00:00:00","3.5000","87.5000","87.5000","2012-10-08 22:00:00"
"22074","747","3","30","2012-09-23 00:00:00","2012-10-04 00:00:00","2012-10-08 00:00:00","2012-10-09 00:00:00","1.0000","14.5000","14.5000","2012-10-08 22:00:00"
"22074","747","4","40","2012-09-23 00:00:00","2012-10-04 00:00:00","2012-10-08 00:00:00","2012-10-09 00:00:00","2.0000","31.5000","31.5000","2012-10-08 22:00:00"
"22074","747","6","50","2012-09-23 00:00:00","2012-10-04 00:00:00","2012-10-08 00:00:00","2012-10-09 00:00:00","3.0000","36.7500","36.7500","2012-10-08 22:00:00"
"22074","747","7","60","2012-09-23 00:00:00","2012-10-04 00:00:00","2012-10-08 00:00:00","2012-10-09 00:00:00","4.0000","49.0000","49.0000","2012-10-08 22:00:00"
"22075","806","6","50","2012-09-23 00:00:00","2012-10-04 00:00:00","2012-10-08 00:00:00","2012-10-09 00:00:00","3.0000","36.7500","36.7500","2012-10-08 22:00:00"
"22076","810","1","10","2012-09-23 00:00:00","2012-10-04 00:00:00","2012-10-08 00:00:00","2012-10-09 00:00:00","4.1000","92.2500","92.2500","2012-10-08 22:00:00"
"22076","810","2","20","2012-09-23 00:00:00","2012-10-04 00:00:00","2012-10-08 00:00:00","2012-10-09 00:00:00","3.5000","87.5000","87.5000","2012-10-08 22:00:00"
"22076","810","6","50","2012-09-23 00:00:00","2012-10-04 00:00:00","2012-10-08 00:00:00","2012-10-09 00:00:00","3.0000","36.7500","36.7500","2012-10-08 22:00:00"
"22077","811","1","10","2012-09-23 00:00:00","2012-10-04 00:00:00","2012-10-08 00:00:00","2012-10-09 00:00:00","4.1000","92.2500","92.2500","2012-10-08 22:00:00"
"22077","811","2","20","2012-09-23 00:00:00","2012-10-04 00:00:00","2012-10-08 00:00:00","2012-10-09 00:00:00","3.5000","87.5000","87.5000","2012-10-08 22:00:00"
"22077","811","6","50","2012-09-23 00:00:00","2012-10-04 00:00:00","2012-10-08 00:00:00","2012-10-09 00:00:00","3.0000","36.7500","36.7500","2012-10-08 22:00:00"
"22078","812","1","10","2012-09-23 00:00:00","2012-10-04 00:00:00","2012-10-08 00:00:00","2012-10-09 00:00:00","4.1000","92.2500","92.2500","2012-10-08 22:00:00"
"22078","812","2","20","2012-09-23 00:00:00","2012-10-04 00:00:00","2012-10-08 00:00:00","2012-10-09 00:00:00","3.5000","87.5000","87.5000","2012-10-08 22:00:00"
"22078","812","6","50","2012-09-23 00:00:00","2012-10-04 00:00:00","2012-10-08 00:00:00","2012-10-09 00:00:00","3.0000","36.7500","36.7500","2012-10-08 22:00:00"
"22079","813","1","10","2012-09-23 00:00:00","2012-10-04 00:00:00","2012-10-08 00:00:00","2012-10-09 00:00:00","4.1000","92.2500","92.2500","2012-10-08 22:00:00"
"22079","813","2","20","2012-09-23 00:00:00","2012-10-04 00:00:00","2012-10-08 00:00:00","2012-10-09 00:00:00","3.5000","87.5000","87.5000","2012-10-08 22:00:00"
"22079","813","6","50","2012-09-23 00:00:00","2012-10-04 00:00:00","2012-10-08 00:00:00","2012-10-09 00:00:00","3.0000","36.7500","36.7500","2012-10-08 22:00:00"
"22080","816","6","50","2012-09-23 00:00:00","2012-10-04 00:00:00","2012-10-08 00:00:00","2012-10-09 00:00:00","3.0000","36.7500","36.7500","2012-10-08 22:00:00"
"22081","818","6","50","2012-09-23 00:00:00","2012-10-04 00:00:00","2012-10-08 00:00:00","2012-10-09 00:00:00","3.0000","36.7500","36.7500","2012-10-08 22:00:00"
"22082","819","6","50","2012-09-23 00:00:00","2012-10-04 00:00:00","2012-10-08 00:00:00","2012-10-09 00:00:00","3.0000","36.7500","36.7500","2012-10-08 22:00:00"
"22083","820","6","50","2012-09-23 00:00:00","2012-10-04 00:00:00","2012-10-08 00:00:00","2012-10-09 00:00:00","3.0000","36.7500","36.7500","2012-10-08 22:00:00"
"22084","824","6","50","2012-09-23 00:00:00","2012-10-04 00:00:00","2012-10-08 00:00:00","2012-10-09 00:00:00","3.0000","36.7500","36.7500","2012-10-08 22:00:00"
"22085","826","6","50","2012-09-23 00:00:00","2012-10-04 00:00:00","2012-10-08 00:00:00","2012-10-09 00:00:00","3.0000","36.7500","36.7500","2012-10-08 22:00:00"
"22086","827","6","50","2012-09-23 00:00:00","2012-10-04 00:00:00","2012-10-08 00:00:00","2012-10-09 00:00:00","3.0000","36.7500","36.7500","2012-10-08 22:00:00"
"22087","828","6","50","2012-09-23 00:00:00","2012-10-04 00:00:00","2012-10-08 00:00:00","2012-10-09 00:00:00","3.0000","36.7500","36.7500","2012-10-08 22:00:00"
"22091","894","6","50","2012-09-23 00:00:00","2012-10-04 00:00:00","2012-10-08 00:00:00","2012-10-09 00:00:00","3.0000","36.7500","36.7500","2012-10-08 22:00:00"
"22092","945","1","10","2012-09-23 00:00:00","2012-10-04 00:00:00","2012-10-08 00:00:00","2012-10-09 00:00:00","4.1000","92.2500","92.2500","2012-10-08 22:00:00"
"22092","945","6","50","2012-09-23 00:00:00","2012-10-04 00:00:00","2012-10-08 00:00:00","2012-10-09 00:00:00","3.0000","36.7500","36.7500","2012-10-08 22:00:00"
"22093","950","6","50","2012-09-23 00:00:00","2012-10-04 00:00:00","2012-10-08 00:00:00","2012-10-09 00:00:00","3.0000","36.7500","36.7500","2012-10-08 22:00:00"
"22094","994","6","50","2012-09-23 00:00:00","2012-10-04 00:00:00","2012-10-08 00:00:00","2012-10-09 00:00:00","3.0000","36.7500","36.7500","2012-10-08 22:00:00"
"22095","995","6","50","2012-09-23 00:00:00","2012-10-04 00:00:00","2012-10-08 00:00:00","2012-10-09 00:00:00","3.0000","36.7500","36.7500","2012-10-08 22:00:00"
"22096","996","6","50","2012-09-23 00:00:00","2012-10-04 00:00:00","2012-10-08 00:00:00","2012-10-09 00:00:00","3.0000","36.7500","36.7500","2012-10-08 22:00:00"
"22110","802","1","10","2012-09-23 00:00:00","2012-10-04 00:00:00","2012-10-08 00:00:00","2012-10-09 00:00:00","4.1000","92.2500","92.2500","2012-10-08 22:00:00"
"22110","802","6","50","2012-09-23 00:00:00","2012-10-04 00:00:00","2012-10-08 00:00:00","2012-10-09 00:00:00","3.0000","36.7500","36.7500","2012-10-08 22:00:00"
"22111","803","1","10","2012-09-23 00:00:00","2012-10-04 00:00:00","2012-10-08 00:00:00","2012-10-09 00:00:00","4.1000","92.2500","92.2500","2012-10-08 22:00:00"
"22111","803","6","50","2012-09-23 00:00:00","2012-10-04 00:00:00","2012-10-08 00:00:00","2012-10-09 00:00:00","3.0000","36.7500","36.7500","2012-10-08 22:00:00"
"22112","804","1","10","2012-09-23 00:00:00","2012-10-04 00:00:00","2012-10-08 00:00:00","2012-10-09 00:00:00","4.1000","92.2500","92.2500","2012-10-08 22:00:00"
"22112","804","6","50","2012-09-23 00:00:00","2012-10-04 00:00:00","2012-10-08 00:00:00","2012-10-09 00:00:00","3.0000","36.7500","36.7500","2012-10-08 22:00:00"
"22117","760","7","60","2012-09-24 00:00:00","2012-10-05 00:00:00","2012-09-24 00:00:00","2012-10-05 00:00:00","4.0000","49.0000","49.0000","2012-10-04 22:00:00"
"22118","780","7","60","2012-09-24 00:00:00","2012-10-05 00:00:00","2012-09-24 00:00:00","2012-10-05 00:00:00","4.0000","49.0000","49.0000","2012-10-04 22:00:00"
"22119","782","7","60","2012-09-24 00:00:00","2012-10-05 00:00:00","2012-09-24 00:00:00","2012-10-05 00:00:00","4.0000","49.0000","49.0000","2012-10-04 22:00:00"
"22120","783","7","60","2012-09-24 00:00:00","2012-10-05 00:00:00","2012-09-24 00:00:00","2012-10-05 00:00:00","4.0000","49.0000","49.0000","2012-10-04 22:00:00"
"22121","784","7","60","2012-09-24 00:00:00","2012-10-05 00:00:00","2012-09-24 00:00:00","2012-10-05 00:00:00","4.0000","49.0000","49.0000","2012-10-04 22:00:00"
"22122","795","7","60","2012-09-24 00:00:00","2012-10-05 00:00:00","2012-09-24 00:00:00","2012-10-05 00:00:00","4.0000","49.0000","49.0000","2012-10-04 22:00:00"
"22123","801","7","60","2012-09-24 00:00:00","2012-10-05 00:00:00","2012-09-24 00:00:00","2012-10-05 00:00:00","4.0000","49.0000","49.0000","2012-10-04 22:00:00"
"22124","516","6","50","2012-09-24 00:00:00","2012-10-05 00:00:00","2012-09-24 00:00:00","2012-10-05 00:00:00","3.0000","36.7500","36.7500","2012-10-04 22:00:00"
"22124","516","7","60","2012-09-24 00:00:00","2012-10-05 00:00:00","2012-09-24 00:00:00","2012-10-05 00:00:00","4.0000","49.0000","49.0000","2012-10-04 22:00:00"
"22125","517","6","50","2012-09-24 00:00:00","2012-10-05 00:00:00","2012-09-24 00:00:00","2012-10-05 00:00:00","3.0000","36.7500","36.7500","2012-10-04 22:00:00"
"22125","517","7","60","2012-09-24 00:00:00","2012-10-05 00:00:00","2012-09-24 00:00:00","2012-10-05 00:00:00","4.0000","49.0000","49.0000","2012-10-04 22:00:00"
"22126","518","6","50","2012-09-24 00:00:00","2012-10-05 00:00:00","2012-09-24 00:00:00","2012-10-05 00:00:00","3.0000","36.7500","36.7500","2012-10-04 22:00:00"
"22126","518","7","60","2012-09-24 00:00:00","2012-10-05 00:00:00","2012-09-24 00:00:00","2012-10-05 00:00:00","4.0000","49.0000","49.0000","2012-10-04 22:00:00"
"22127","519","6","50","2012-09-24 00:00:00","2012-10-05 00:00:00","2012-09-24 00:00:00","2012-10-05 00:00:00","3.0000","36.7500","36.7500","2012-10-04 22:00:00"
"22127","519","7","60","2012-09-24 00:00:00","2012-10-05 00:00:00","2012-09-24 00:00:00","2012-10-05 00:00:00","4.0000","49.0000","49.0000","2012-10-04 22:00:00"
"22132","747","1","10","2012-09-24 00:00:00","2012-10-05 00:00:00","2012-09-24 00:00:00","2012-10-05 00:00:00","4.1000","92.2500","92.2500","2012-10-04 22:00:00"
"22132","747","2","20","2012-09-24 00:00:00","2012-10-05 00:00:00","2012-09-24 00:00:00","2012-10-05 00:00:00","3.5000","87.5000","87.5000","2012-10-04 22:00:00"
"22132","747","3","30","2012-09-24 00:00:00","2012-10-05 00:00:00","2012-09-24 00:00:00","2012-10-05 00:00:00","1.0000","14.5000","14.5000","2012-10-04 22:00:00"
"22132","747","4","40","2012-09-24 00:00:00","2012-10-05 00:00:00","2012-09-24 00:00:00","2012-10-05 00:00:00","2.0000","31.5000","31.5000","2012-10-04 22:00:00"
"22132","747","6","50","2012-09-24 00:00:00","2012-10-05 00:00:00","2012-09-24 00:00:00","2012-10-05 00:00:00","3.0000","36.7500","36.7500","2012-10-04 22:00:00"
"22132","747","7","60","2012-09-24 00:00:00","2012-10-05 00:00:00","2012-09-24 00:00:00","2012-10-05 00:00:00","4.0000","49.0000","49.0000","2012-10-04 22:00:00"
"22133","806","6","50","2012-09-24 00:00:00","2012-10-05 00:00:00","2012-09-24 00:00:00","2012-10-05 00:00:00","3.0000","36.7500","36.7500","2012-10-04 22:00:00"
"22134","810","1","10","2012-09-24 00:00:00","2012-10-05 00:00:00","2012-09-24 00:00:00","2012-10-05 00:00:00","4.1000","92.2500","92.2500","2012-10-04 22:00:00"
"22134","810","2","20","2012-09-24 00:00:00","2012-10-05 00:00:00","2012-09-24 00:00:00","2012-10-05 00:00:00","3.5000","87.5000","87.5000","2012-10-04 22:00:00"
"22134","810","6","50","2012-09-24 00:00:00","2012-10-05 00:00:00","2012-09-24 00:00:00","2012-10-05 00:00:00","3.0000","36.7500","36.7500","2012-10-04 22:00:00"
"22135","811","1","10","2012-09-24 00:00:00","2012-10-05 00:00:00","2012-09-24 00:00:00","2012-10-05 00:00:00","4.1000","92.2500","92.2500","2012-10-04 22:00:00"
"22135","811","2","20","2012-09-24 00:00:00","2012-10-05 00:00:00","2012-09-24 00:00:00","2012-10-05 00:00:00","3.5000","87.5000","87.5000","2012-10-04 22:00:00"
"22135","811","6","50","2012-09-24 00:00:00","2012-10-05 00:00:00","2012-09-24 00:00:00","2012-10-05 00:00:00","3.0000","36.7500","36.7500","2012-10-04 22:00:00"
"22136","812","1","10","2012-09-24 00:00:00","2012-10-05 00:00:00","2012-09-24 00:00:00","2012-10-05 00:00:00","4.1000","92.2500","92.2500","2012-10-04 22:00:00"
"22136","812","2","20","2012-09-24 00:00:00","2012-10-05 00:00:00","2012-09-24 00:00:00","2012-10-05 00:00:00","3.5000","87.5000","87.5000","2012-10-04 22:00:00"
"22136","812","6","50","2012-09-24 00:00:00","2012-10-05 00:00:00","2012-09-24 00:00:00","2012-10-05 00:00:00","3.0000","36.7500","36.7500","2012-10-04 22:00:00"
"22137","813","1","10","2012-09-24 00:00:00","2012-10-05 00:00:00","2012-09-24 00:00:00","2012-10-05 00:00:00","4.1000","92.2500","92.2500","2012-10-04 22:00:00"
"22137","813","2","20","2012-09-24 00:00:00","2012-10-05 00:00:00","2012-09-24 00:00:00","2012-10-05 00:00:00","3.5000","87.5000","87.5000","2012-10-04 22:00:00"
"22137","813","6","50","2012-09-24 00:00:00","2012-10-05 00:00:00","2012-09-24 00:00:00","2012-10-05 00:00:00","3.0000","36.7500","36.7500","2012-10-04 22:00:00"
"22138","816","6","50","2012-09-24 00:00:00","2012-10-05 00:00:00","2012-09-24 00:00:00","2012-10-05 00:00:00","3.0000","36.7500","36.7500","2012-10-04 22:00:00"
"22139","818","6","50","2012-09-24 00:00:00","2012-10-05 00:00:00","2012-09-24 00:00:00","2012-10-05 00:00:00","3.0000","36.7500","36.7500","2012-10-04 22:00:00"
"22140","819","6","50","2012-09-24 00:00:00","2012-10-05 00:00:00","2012-09-24 00:00:00","2012-10-05 00:00:00","3.0000","36.7500","36.7500","2012-10-04 22:00:00"
"22141","820","6","50","2012-09-24 00:00:00","2012-10-05 00:00:00","2012-09-24 00:00:00","2012-10-05 00:00:00","3.0000","36.7500","36.7500","2012-10-04 22:00:00"
"22142","824","6","50","2012-09-24 00:00:00","2012-10-05 00:00:00","2012-09-24 00:00:00","2012-10-05 00:00:00","3.0000","36.7500","36.7500","2012-10-04 22:00:00"
"22143","826","6","50","2012-09-24 00:00:00","2012-10-05 00:00:00","2012-09-24 00:00:00","2012-10-05 00:00:00","3.0000","36.7500","36.7500","2012-10-04 22:00:00"
"22144","827","6","50","2012-09-24 00:00:00","2012-10-05 00:00:00","2012-09-24 00:00:00","2012-10-05 00:00:00","3.0000","36.7500","36.7500","2012-10-04 22:00:00"
"22145","828","6","50","2012-09-24 00:00:00","2012-10-05 00:00:00","2012-09-24 00:00:00","2012-10-05 00:00:00","3.0000","36.7500","36.7500","2012-10-04 22:00:00"
"22148","894","6","50","2012-09-24 00:00:00","2012-10-05 00:00:00","2012-09-24 00:00:00","2012-10-05 00:00:00","3.0000","36.7500","36.7500","2012-10-04 22:00:00"
"22149","945","1","10","2012-09-24 00:00:00","2012-10-05 00:00:00","2012-09-24 00:00:00","2012-10-05 00:00:00","4.1000","92.2500","92.2500","2012-10-04 22:00:00"
"22149","945","6","50","2012-09-24 00:00:00","2012-10-05 00:00:00","2012-09-24 00:00:00","2012-10-05 00:00:00","3.0000","36.7500","36.7500","2012-10-04 22:00:00"
"22150","950","6","50","2012-09-24 00:00:00","2012-10-05 00:00:00","2012-09-24 00:00:00","2012-10-05 00:00:00","3.0000","36.7500","36.7500","2012-10-04 22:00:00"
"22151","994","6","50","2012-09-24 00:00:00","2012-10-05 00:00:00","2012-09-24 00:00:00","2012-10-05 00:00:00","3.0000","36.7500","36.7500","2012-10-04 22:00:00"
"22152","995","6","50","2012-09-24 00:00:00","2012-10-05 00:00:00","2012-09-24 00:00:00","2012-10-05 00:00:00","3.0000","36.7500","36.7500","2012-10-04 22:00:00"
"22153","996","6","50","2012-09-24 00:00:00","2012-10-05 00:00:00","2012-09-24 00:00:00","2012-10-05 00:00:00","3.0000","36.7500","36.7500","2012-10-04 22:00:00"
"22167","802","1","10","2012-09-24 00:00:00","2012-10-05 00:00:00","2012-09-24 00:00:00","2012-10-05 00:00:00","4.1000","92.2500","92.2500","2012-10-04 22:00:00"
"22167","802","6","50","2012-09-24 00:00:00","2012-10-05 00:00:00","2012-09-24 00:00:00","2012-10-05 00:00:00","3.0000","36.7500","36.7500","2012-10-04 22:00:00"
"22168","803","1","10","2012-09-24 00:00:00","2012-10-05 00:00:00","2012-09-24 00:00:00","2012-10-05 00:00:00","4.1000","92.2500","92.2500","2012-10-04 22:00:00"
"22168","803","6","50","2012-09-24 00:00:00","2012-10-05 00:00:00","2012-09-24 00:00:00","2012-10-05 00:00:00","3.0000","36.7500","36.7500","2012-10-04 22:00:00"
"22169","804","1","10","2012-09-24 00:00:00","2012-10-05 00:00:00","2012-09-24 00:00:00","2012-10-05 00:00:00","4.1000","92.2500","92.2500","2012-10-04 22:00:00"
"22169","804","6","50","2012-09-24 00:00:00","2012-10-05 00:00:00","2012-09-24 00:00:00","2012-10-05 00:00:00","3.0000","36.7500","36.7500","2012-10-04 22:00:00"
"22174","768","7","60","2012-09-25 00:00:00","2012-10-06 00:00:00","2012-10-12 00:00:00","2012-10-13 00:00:00","4.0000","49.0000","49.0000","2012-10-12 22:00:00"
"22175","779","7","60","2012-09-25 00:00:00","2012-10-06 00:00:00","2012-10-12 00:00:00","2012-10-13 00:00:00","4.0000","49.0000","49.0000","2012-10-12 22:00:00"
"22176","781","7","60","2012-09-25 00:00:00","2012-10-06 00:00:00","2012-10-12 00:00:00","2012-10-13 00:00:00","4.0000","49.0000","49.0000","2012-10-12 22:00:00"
"22177","782","7","60","2012-09-25 00:00:00","2012-10-06 00:00:00","2012-10-12 00:00:00","2012-10-13 00:00:00","4.0000","49.0000","49.0000","2012-10-12 22:00:00"
"22178","784","7","60","2012-09-25 00:00:00","2012-10-06 00:00:00","2012-10-12 00:00:00","2012-10-13 00:00:00","4.0000","49.0000","49.0000","2012-10-12 22:00:00"
"22179","789","7","60","2012-09-25 00:00:00","2012-10-06 00:00:00","2012-10-12 00:00:00","2012-10-13 00:00:00","4.0000","49.0000","49.0000","2012-10-12 22:00:00"
"22180","790","7","60","2012-09-25 00:00:00","2012-10-06 00:00:00","2012-10-12 00:00:00","2012-10-13 00:00:00","4.0000","49.0000","49.0000","2012-10-12 22:00:00"
"22181","793","7","60","2012-09-25 00:00:00","2012-10-06 00:00:00","2012-10-12 00:00:00","2012-10-13 00:00:00","4.0000","49.0000","49.0000","2012-10-12 22:00:00"
"22182","795","7","60","2012-09-25 00:00:00","2012-10-06 00:00:00","2012-10-12 00:00:00","2012-10-13 00:00:00","4.0000","49.0000","49.0000","2012-10-12 22:00:00"
"22183","516","6","50","2012-09-25 00:00:00","2012-10-06 00:00:00","2012-10-12 00:00:00","2012-10-13 00:00:00","3.0000","36.7500","36.7500","2012-10-12 22:00:00"
"22183","516","7","60","2012-09-25 00:00:00","2012-10-06 00:00:00","2012-10-12 00:00:00","2012-10-13 00:00:00","4.0000","49.0000","49.0000","2012-10-12 22:00:00"
"22184","517","6","50","2012-09-25 00:00:00","2012-10-06 00:00:00","2012-10-12 00:00:00","2012-10-13 00:00:00","3.0000","36.7500","36.7500","2012-10-12 22:00:00"
"22184","517","7","60","2012-09-25 00:00:00","2012-10-06 00:00:00","2012-10-12 00:00:00","2012-10-13 00:00:00","4.0000","49.0000","49.0000","2012-10-12 22:00:00"
"22185","519","6","50","2012-09-25 00:00:00","2012-10-06 00:00:00","2012-10-12 00:00:00","2012-10-13 00:00:00","3.0000","36.7500","36.7500","2012-10-12 22:00:00"
"22185","519","7","60","2012-09-25 00:00:00","2012-10-06 00:00:00","2012-10-12 00:00:00","2012-10-13 00:00:00","4.0000","49.0000","49.0000","2012-10-12 22:00:00"
"22191","747","1","10","2012-09-25 00:00:00","2012-10-06 00:00:00","2012-10-12 00:00:00","2012-10-13 00:00:00","4.1000","92.2500","92.2500","2012-10-12 22:00:00"
"22191","747","2","20","2012-09-25 00:00:00","2012-10-06 00:00:00","2012-10-12 00:00:00","2012-10-13 00:00:00","3.5000","87.5000","87.5000","2012-10-12 22:00:00"
"22191","747","3","30","2012-09-25 00:00:00","2012-10-06 00:00:00","2012-10-12 00:00:00","2012-10-13 00:00:00","1.0000","14.5000","14.5000","2012-10-12 22:00:00"
"22191","747","4","40","2012-09-25 00:00:00","2012-10-06 00:00:00","2012-10-12 00:00:00","2012-10-13 00:00:00","2.0000","31.5000","31.5000","2012-10-12 22:00:00"
"22191","747","6","50","2012-09-25 00:00:00","2012-10-06 00:00:00","2012-10-12 00:00:00","2012-10-13 00:00:00","3.0000","36.7500","36.7500","2012-10-12 22:00:00"
"22191","747","7","60","2012-09-25 00:00:00","2012-10-06 00:00:00","2012-10-12 00:00:00","2012-10-13 00:00:00","4.0000","49.0000","49.0000","2012-10-12 22:00:00"
"22192","748","1","10","2012-09-25 00:00:00","2012-10-06 00:00:00","2012-10-12 00:00:00","2012-10-13 00:00:00","4.1000","92.2500","92.2500","2012-10-12 22:00:00"
"22192","748","2","20","2012-09-25 00:00:00","2012-10-06 00:00:00","2012-10-12 00:00:00","2012-10-13 00:00:00","3.5000","87.5000","87.5000","2012-10-12 22:00:00"
"22192","748","3","30","2012-09-25 00:00:00","2012-10-06 00:00:00","2012-10-12 00:00:00","2012-10-13 00:00:00","1.0000","14.5000","14.5000","2012-10-12 22:00:00"
"22192","748","5","45","2012-09-25 00:00:00","2012-10-06 00:00:00","2012-10-12 00:00:00","2012-10-13 00:00:00","2.0000","36.0000","36.0000","2012-10-12 22:00:00"
"22192","748","6","50","2012-09-25 00:00:00","2012-10-06 00:00:00","2012-10-12 00:00:00","2012-10-13 00:00:00","3.0000","36.7500","36.7500","2012-10-12 22:00:00"
"22192","748","7","60","2012-09-25 00:00:00","2012-10-06 00:00:00","2012-10-12 00:00:00","2012-10-13 00:00:00","4.0000","49.0000","49.0000","2012-10-12 22:00:00"
"22193","806","6","50","2012-09-25 00:00:00","2012-10-06 00:00:00","2012-10-12 00:00:00","2012-10-13 00:00:00","3.0000","36.7500","36.7500","2012-10-12 22:00:00"
"22194","810","1","10","2012-09-25 00:00:00","2012-10-06 00:00:00","2012-10-12 00:00:00","2012-10-13 00:00:00","4.1000","92.2500","92.2500","2012-10-12 22:00:00"
"22194","810","2","20","2012-09-25 00:00:00","2012-10-06 00:00:00","2012-10-12 00:00:00","2012-10-13 00:00:00","3.5000","87.5000","87.5000","2012-10-12 22:00:00"
"22194","810","6","50","2012-09-25 00:00:00","2012-10-06 00:00:00","2012-10-12 00:00:00","2012-10-13 00:00:00","3.0000","36.7500","36.7500","2012-10-12 22:00:00"
"22195","811","1","10","2012-09-25 00:00:00","2012-10-06 00:00:00","2012-10-12 00:00:00","2012-10-13 00:00:00","4.1000","92.2500","92.2500","2012-10-12 22:00:00"
"22195","811","2","20","2012-09-25 00:00:00","2012-10-06 00:00:00","2012-10-12 00:00:00","2012-10-13 00:00:00","3.5000","87.5000","87.5000","2012-10-12 22:00:00"
"22195","811","6","50","2012-09-25 00:00:00","2012-10-06 00:00:00","2012-10-12 00:00:00","2012-10-13 00:00:00","3.0000","36.7500","36.7500","2012-10-12 22:00:00"
"22196","813","1","10","2012-09-25 00:00:00","2012-10-06 00:00:00","2012-10-12 00:00:00","2012-10-13 00:00:00","4.1000","92.2500","92.2500","2012-10-12 22:00:00"
"22196","813","2","20","2012-09-25 00:00:00","2012-10-06 00:00:00","2012-10-12 00:00:00","2012-10-13 00:00:00","3.5000","87.5000","87.5000","2012-10-12 22:00:00"
"22196","813","6","50","2012-09-25 00:00:00","2012-10-06 00:00:00","2012-10-12 00:00:00","2012-10-13 00:00:00","3.0000","36.7500","36.7500","2012-10-12 22:00:00"
"22197","816","6","50","2012-09-25 00:00:00","2012-10-06 00:00:00","2012-10-12 00:00:00","2012-10-13 00:00:00","3.0000","36.7500","36.7500","2012-10-12 22:00:00"
"22198","818","6","50","2012-09-25 00:00:00","2012-10-06 00:00:00","2012-10-12 00:00:00","2012-10-13 00:00:00","3.0000","36.7500","36.7500","2012-10-12 22:00:00"
"22199","820","6","50","2012-09-25 00:00:00","2012-10-06 00:00:00","2012-10-12 00:00:00","2012-10-13 00:00:00","3.0000","36.7500","36.7500","2012-10-12 22:00:00"
"22200","824","6","50","2012-09-25 00:00:00","2012-10-06 00:00:00","2012-10-12 00:00:00","2012-10-13 00:00:00","3.0000","36.7500","36.7500","2012-10-12 22:00:00"
"22201","826","6","50","2012-09-25 00:00:00","2012-10-06 00:00:00","2012-10-12 00:00:00","2012-10-13 00:00:00","3.0000","36.7500","36.7500","2012-10-12 22:00:00"
"22202","828","6","50","2012-09-25 00:00:00","2012-10-06 00:00:00","2012-10-12 00:00:00","2012-10-13 00:00:00","3.0000","36.7500","36.7500","2012-10-12 22:00:00"
"22205","894","6","50","2012-09-25 00:00:00","2012-10-06 00:00:00","2012-10-12 00:00:00","2012-10-13 00:00:00","3.0000","36.7500","36.7500","2012-10-12 22:00:00"
"22206","945","1","10","2012-09-25 00:00:00","2012-10-06 00:00:00","2012-10-12 00:00:00","2012-10-13 00:00:00","4.1000","92.2500","92.2500","2012-10-12 22:00:00"
"22206","945","6","50","2012-09-25 00:00:00","2012-10-06 00:00:00","2012-10-12 00:00:00","2012-10-13 00:00:00","3.0000","36.7500","36.7500","2012-10-12 22:00:00"
"22207","950","6","50","2012-09-25 00:00:00","2012-10-06 00:00:00","2012-10-12 00:00:00","2012-10-13 00:00:00","3.0000","36.7500","36.7500","2012-10-12 22:00:00"
"22208","994","6","50","2012-09-25 00:00:00","2012-10-06 00:00:00","2012-10-12 00:00:00","2012-10-13 00:00:00","3.0000","36.7500","36.7500","2012-10-12 22:00:00"
"22209","995","6","50","2012-09-25 00:00:00","2012-10-06 00:00:00","2012-10-12 00:00:00","2012-10-13 00:00:00","3.0000","36.7500","36.7500","2012-10-12 22:00:00"
"22210","996","6","50","2012-09-25 00:00:00","2012-10-06 00:00:00","2012-10-12 00:00:00","2012-10-13 00:00:00","3.0000","36.7500","36.7500","2012-10-12 22:00:00"
"22224","802","1","10","2012-09-25 00:00:00","2012-10-06 00:00:00","2012-10-12 00:00:00","2012-10-13 00:00:00","4.1000","92.2500","92.2500","2012-10-12 22:00:00"
"22224","802","6","50","2012-09-25 00:00:00","2012-10-06 00:00:00","2012-10-12 00:00:00","2012-10-13 00:00:00","3.0000","36.7500","36.7500","2012-10-12 22:00:00"
"22225","804","1","10","2012-09-25 00:00:00","2012-10-06 00:00:00","2012-10-12 00:00:00","2012-10-13 00:00:00","4.1000","92.2500","92.2500","2012-10-12 22:00:00"
"22225","804","6","50","2012-09-25 00:00:00","2012-10-06 00:00:00","2012-10-12 00:00:00","2012-10-13 00:00:00","3.0000","36.7500","36.7500","2012-10-12 22:00:00"
"22230","766","7","60","2012-09-26 00:00:00","2012-10-07 00:00:00","2012-09-26 00:00:00","2012-10-07 00:00:00","4.0000","49.0000","49.0000","2012-10-06 22:00:00"
"22231","782","7","60","2012-09-26 00:00:00","2012-10-07 00:00:00","2012-09-26 00:00:00","2012-10-07 00:00:00","4.0000","49.0000","49.0000","2012-10-06 22:00:00"
"22232","783","7","60","2012-09-26 00:00:00","2012-10-07 00:00:00","2012-09-26 00:00:00","2012-10-07 00:00:00","4.0000","49.0000","49.0000","2012-10-06 22:00:00"
"22233","784","7","60","2012-09-26 00:00:00","2012-10-07 00:00:00","2012-09-26 00:00:00","2012-10-07 00:00:00","4.0000","49.0000","49.0000","2012-10-06 22:00:00"
"22234","789","7","60","2012-09-26 00:00:00","2012-10-07 00:00:00","2012-09-26 00:00:00","2012-10-07 00:00:00","4.0000","49.0000","49.0000","2012-10-06 22:00:00"
"22235","798","7","60","2012-09-26 00:00:00","2012-10-07 00:00:00","2012-09-26 00:00:00","2012-10-07 00:00:00","4.0000","49.0000","49.0000","2012-10-06 22:00:00"
"22236","516","6","50","2012-09-26 00:00:00","2012-10-07 00:00:00","2012-09-26 00:00:00","2012-10-07 00:00:00","3.0000","36.7500","36.7500","2012-10-06 22:00:00"
"22236","516","7","60","2012-09-26 00:00:00","2012-10-07 00:00:00","2012-09-26 00:00:00","2012-10-07 00:00:00","4.0000","49.0000","49.0000","2012-10-06 22:00:00"
"22237","517","6","50","2012-09-26 00:00:00","2012-10-07 00:00:00","2012-09-26 00:00:00","2012-10-07 00:00:00","3.0000","36.7500","36.7500","2012-10-06 22:00:00"
"22237","517","7","60","2012-09-26 00:00:00","2012-10-07 00:00:00","2012-09-26 00:00:00","2012-10-07 00:00:00","4.0000","49.0000","49.0000","2012-10-06 22:00:00"
"22238","518","6","50","2012-09-26 00:00:00","2012-10-07 00:00:00","2012-09-26 00:00:00","2012-10-07 00:00:00","3.0000","36.7500","36.7500","2012-10-06 22:00:00"
"22238","518","7","60","2012-09-26 00:00:00","2012-10-07 00:00:00","2012-09-26 00:00:00","2012-10-07 00:00:00","4.0000","49.0000","49.0000","2012-10-06 22:00:00"
"22239","519","6","50","2012-09-26 00:00:00","2012-10-07 00:00:00","2012-09-26 00:00:00","2012-10-07 00:00:00","3.0000","36.7500","36.7500","2012-10-06 22:00:00"
"22239","519","7","60","2012-09-26 00:00:00","2012-10-07 00:00:00","2012-09-26 00:00:00","2012-10-07 00:00:00","4.0000","49.0000","49.0000","2012-10-06 22:00:00"
"22244","747","1","10","2012-09-26 00:00:00","2012-10-07 00:00:00","2012-09-26 00:00:00","2012-10-07 00:00:00","4.1000","92.2500","92.2500","2012-10-06 22:00:00"
"22244","747","2","20","2012-09-26 00:00:00","2012-10-07 00:00:00","2012-09-26 00:00:00","2012-10-07 00:00:00","3.5000","87.5000","87.5000","2012-10-06 22:00:00"
"22244","747","3","30","2012-09-26 00:00:00","2012-10-07 00:00:00","2012-09-26 00:00:00","2012-10-07 00:00:00","1.0000","14.5000","14.5000","2012-10-06 22:00:00"
"22244","747","4","40","2012-09-26 00:00:00","2012-10-07 00:00:00","2012-09-26 00:00:00","2012-10-07 00:00:00","2.0000","31.5000","31.5000","2012-10-06 22:00:00"
"22244","747","6","50","2012-09-26 00:00:00","2012-10-07 00:00:00","2012-09-26 00:00:00","2012-10-07 00:00:00","3.0000","36.7500","36.7500","2012-10-06 22:00:00"
"22244","747","7","60","2012-09-26 00:00:00","2012-10-07 00:00:00","2012-09-26 00:00:00","2012-10-07 00:00:00","4.0000","49.0000","49.0000","2012-10-06 22:00:00"
"22245","806","6","50","2012-09-26 00:00:00","2012-10-07 00:00:00","2012-09-26 00:00:00","2012-10-07 00:00:00","3.0000","36.7500","36.7500","2012-10-06 22:00:00"
"22246","810","1","10","2012-09-26 00:00:00","2012-10-07 00:00:00","2012-09-26 00:00:00","2012-10-07 00:00:00","4.1000","92.2500","92.2500","2012-10-06 22:00:00"
"22246","810","2","20","2012-09-26 00:00:00","2012-10-07 00:00:00","2012-09-26 00:00:00","2012-10-07 00:00:00","3.5000","87.5000","87.5000","2012-10-06 22:00:00"
"22246","810","6","50","2012-09-26 00:00:00","2012-10-07 00:00:00","2012-09-26 00:00:00","2012-10-07 00:00:00","3.0000","36.7500","36.7500","2012-10-06 22:00:00"
"22247","811","1","10","2012-09-26 00:00:00","2012-10-07 00:00:00","2012-09-26 00:00:00","2012-10-07 00:00:00","4.1000","92.2500","92.2500","2012-10-06 22:00:00"
"22247","811","2","20","2012-09-26 00:00:00","2012-10-07 00:00:00","2012-09-26 00:00:00","2012-10-07 00:00:00","3.5000","87.5000","87.5000","2012-10-06 22:00:00"
"22247","811","6","50","2012-09-26 00:00:00","2012-10-07 00:00:00","2012-09-26 00:00:00","2012-10-07 00:00:00","3.0000","36.7500","36.7500","2012-10-06 22:00:00"
"22248","812","1","10","2012-09-26 00:00:00","2012-10-07 00:00:00","2012-09-26 00:00:00","2012-10-07 00:00:00","4.1000","92.2500","92.2500","2012-10-06 22:00:00"
"22248","812","2","20","2012-09-26 00:00:00","2012-10-07 00:00:00","2012-09-26 00:00:00","2012-10-07 00:00:00","3.5000","87.5000","87.5000","2012-10-06 22:00:00"
"22248","812","6","50","2012-09-26 00:00:00","2012-10-07 00:00:00","2012-09-26 00:00:00","2012-10-07 00:00:00","3.0000","36.7500","36.7500","2012-10-06 22:00:00"
"22249","813","1","10","2012-09-26 00:00:00","2012-10-07 00:00:00","2012-09-26 00:00:00","2012-10-07 00:00:00","4.1000","92.2500","92.2500","2012-10-06 22:00:00"
"22249","813","2","20","2012-09-26 00:00:00","2012-10-07 00:00:00","2012-09-26 00:00:00","2012-10-07 00:00:00","3.5000","87.5000","87.5000","2012-10-06 22:00:00"
"22249","813","6","50","2012-09-26 00:00:00","2012-10-07 00:00:00","2012-09-26 00:00:00","2012-10-07 00:00:00","3.0000","36.7500","36.7500","2012-10-06 22:00:00"
"22250","816","6","50","2012-09-26 00:00:00","2012-10-07 00:00:00","2012-09-26 00:00:00","2012-10-07 00:00:00","3.0000","36.7500","36.7500","2012-10-06 22:00:00"
"22251","818","6","50","2012-09-26 00:00:00","2012-10-07 00:00:00","2012-09-26 00:00:00","2012-10-07 00:00:00","3.0000","36.7500","36.7500","2012-10-06 22:00:00"
"22252","819","6","50","2012-09-26 00:00:00","2012-10-07 00:00:00","2012-09-26 00:00:00","2012-10-07 00:00:00","3.0000","36.7500","36.7500","2012-10-06 22:00:00"
"22253","820","6","50","2012-09-26 00:00:00","2012-10-07 00:00:00","2012-09-26 00:00:00","2012-10-07 00:00:00","3.0000","36.7500","36.7500","2012-10-06 22:00:00"
"22254","824","6","50","2012-09-26 00:00:00","2012-10-07 00:00:00","2012-09-26 00:00:00","2012-10-07 00:00:00","3.0000","36.7500","36.7500","2012-10-06 22:00:00"
"22255","826","6","50","2012-09-26 00:00:00","2012-10-07 00:00:00","2012-09-26 00:00:00","2012-10-07 00:00:00","3.0000","36.7500","36.7500","2012-10-06 22:00:00"
"22256","827","6","50","2012-09-26 00:00:00","2012-10-07 00:00:00","2012-09-26 00:00:00","2012-10-07 00:00:00","3.0000","36.7500","36.7500","2012-10-06 22:00:00"
"22257","828","6","50","2012-09-26 00:00:00","2012-10-07 00:00:00","2012-09-26 00:00:00","2012-10-07 00:00:00","3.0000","36.7500","36.7500","2012-10-06 22:00:00"
"22259","894","6","50","2012-09-26 00:00:00","2012-10-07 00:00:00","2012-09-26 00:00:00","2012-10-07 00:00:00","3.0000","36.7500","36.7500","2012-10-06 22:00:00"
"22260","945","1","10","2012-09-26 00:00:00","2012-10-07 00:00:00","2012-09-26 00:00:00","2012-10-07 00:00:00","4.1000","92.2500","92.2500","2012-10-06 22:00:00"
"22260","945","6","50","2012-09-26 00:00:00","2012-10-07 00:00:00","2012-09-26 00:00:00","2012-10-07 00:00:00","3.0000","36.7500","36.7500","2012-10-06 22:00:00"
"22261","950","6","50","2012-09-26 00:00:00","2012-10-07 00:00:00","2012-09-26 00:00:00","2012-10-07 00:00:00","3.0000","36.7500","36.7500","2012-10-06 22:00:00"
"22262","994","6","50","2012-09-26 00:00:00","2012-10-07 00:00:00","2012-09-26 00:00:00","2012-10-07 00:00:00","3.0000","36.7500","36.7500","2012-10-06 22:00:00"
"22263","995","6","50","2012-09-26 00:00:00","2012-10-07 00:00:00","2012-09-26 00:00:00","2012-10-07 00:00:00","3.0000","36.7500","36.7500","2012-10-06 22:00:00"
"22264","996","6","50","2012-09-26 00:00:00","2012-10-07 00:00:00","2012-09-26 00:00:00","2012-10-07 00:00:00","3.0000","36.7500","36.7500","2012-10-06 22:00:00"
"22278","802","1","10","2012-09-26 00:00:00","2012-10-07 00:00:00","2012-09-26 00:00:00","2012-10-07 00:00:00","4.1000","92.2500","92.2500","2012-10-06 22:00:00"
"22278","802","6","50","2012-09-26 00:00:00","2012-10-07 00:00:00","2012-09-26 00:00:00","2012-10-07 00:00:00","3.0000","36.7500","36.7500","2012-10-06 22:00:00"
"22279","803","1","10","2012-09-26 00:00:00","2012-10-07 00:00:00","2012-09-26 00:00:00","2012-10-07 00:00:00","4.1000","92.2500","92.2500","2012-10-06 22:00:00"
"22279","803","6","50","2012-09-26 00:00:00","2012-10-07 00:00:00","2012-09-26 00:00:00","2012-10-07 00:00:00","3.0000","36.7500","36.7500","2012-10-06 22:00:00"
"22280","804","1","10","2012-09-26 00:00:00","2012-10-07 00:00:00","2012-09-26 00:00:00","2012-10-07 00:00:00","4.1000","92.2500","92.2500","2012-10-06 22:00:00"
"22280","804","6","50","2012-09-26 00:00:00","2012-10-07 00:00:00","2012-09-26 00:00:00","2012-10-07 00:00:00","3.0000","36.7500","36.7500","2012-10-06 22:00:00"
"22285","764","7","60","2012-09-27 00:00:00","2012-10-08 00:00:00","2012-10-16 00:00:00","2012-10-17 00:00:00","4.0000","49.0000","49.0000","2012-10-16 22:00:00"
"22286","782","7","60","2012-09-27 00:00:00","2012-10-08 00:00:00","2012-10-16 00:00:00","2012-10-17 00:00:00","4.0000","49.0000","49.0000","2012-10-16 22:00:00"
"22287","783","7","60","2012-09-27 00:00:00","2012-10-08 00:00:00","2012-10-16 00:00:00","2012-10-17 00:00:00","4.0000","49.0000","49.0000","2012-10-16 22:00:00"
"22288","795","7","60","2012-09-27 00:00:00","2012-10-08 00:00:00","2012-10-16 00:00:00","2012-10-17 00:00:00","4.0000","49.0000","49.0000","2012-10-16 22:00:00"
"22289","796","7","60","2012-09-27 00:00:00","2012-10-08 00:00:00","2012-10-16 00:00:00","2012-10-17 00:00:00","4.0000","49.0000","49.0000","2012-10-16 22:00:00"
"22290","797","7","60","2012-09-27 00:00:00","2012-10-08 00:00:00","2012-10-16 00:00:00","2012-10-17 00:00:00","4.0000","49.0000","49.0000","2012-10-16 22:00:00"
"22291","799","7","60","2012-09-27 00:00:00","2012-10-08 00:00:00","2012-10-16 00:00:00","2012-10-17 00:00:00","4.0000","49.0000","49.0000","2012-10-16 22:00:00"
"22292","516","6","50","2012-09-27 00:00:00","2012-10-08 00:00:00","2012-10-16 00:00:00","2012-10-17 00:00:00","3.0000","36.7500","36.7500","2012-10-16 22:00:00"
"22292","516","7","60","2012-09-27 00:00:00","2012-10-08 00:00:00","2012-10-16 00:00:00","2012-10-17 00:00:00","4.0000","49.0000","49.0000","2012-10-16 22:00:00"
"22293","517","6","50","2012-09-27 00:00:00","2012-10-08 00:00:00","2012-10-16 00:00:00","2012-10-17 00:00:00","3.0000","36.7500","36.7500","2012-10-16 22:00:00"
"22293","517","7","60","2012-09-27 00:00:00","2012-10-08 00:00:00","2012-10-16 00:00:00","2012-10-17 00:00:00","4.0000","49.0000","49.0000","2012-10-16 22:00:00"
"22294","518","6","50","2012-09-27 00:00:00","2012-10-08 00:00:00","2012-10-16 00:00:00","2012-10-17 00:00:00","3.0000","36.7500","36.7500","2012-10-16 22:00:00"
"22294","518","7","60","2012-09-27 00:00:00","2012-10-08 00:00:00","2012-10-16 00:00:00","2012-10-17 00:00:00","4.0000","49.0000","49.0000","2012-10-16 22:00:00"
"22295","519","6","50","2012-09-27 00:00:00","2012-10-08 00:00:00","2012-10-16 00:00:00","2012-10-17 00:00:00","3.0000","36.7500","36.7500","2012-10-16 22:00:00"
"22295","519","7","60","2012-09-27 00:00:00","2012-10-08 00:00:00","2012-10-16 00:00:00","2012-10-17 00:00:00","4.0000","49.0000","49.0000","2012-10-16 22:00:00"
"22299","747","1","10","2012-09-27 00:00:00","2012-10-08 00:00:00","2012-10-16 00:00:00","2012-10-17 00:00:00","4.1000","92.2500","92.2500","2012-10-16 22:00:00"
"22299","747","2","20","2012-09-27 00:00:00","2012-10-08 00:00:00","2012-10-16 00:00:00","2012-10-17 00:00:00","3.5000","87.5000","87.5000","2012-10-16 22:00:00"
"22299","747","3","30","2012-09-27 00:00:00","2012-10-08 00:00:00","2012-10-16 00:00:00","2012-10-17 00:00:00","1.0000","14.5000","14.5000","2012-10-16 22:00:00"
"22299","747","4","40","2012-09-27 00:00:00","2012-10-08 00:00:00","2012-10-16 00:00:00","2012-10-17 00:00:00","2.0000","31.5000","31.5000","2012-10-16 22:00:00"
"22299","747","6","50","2012-09-27 00:00:00","2012-10-08 00:00:00","2012-10-16 00:00:00","2012-10-17 00:00:00","3.0000","36.7500","36.7500","2012-10-16 22:00:00"
"22299","747","7","60","2012-09-27 00:00:00","2012-10-08 00:00:00","2012-10-16 00:00:00","2012-10-17 00:00:00","4.0000","49.0000","49.0000","2012-10-16 22:00:00"
"22300","806","6","50","2012-09-27 00:00:00","2012-10-08 00:00:00","2012-10-16 00:00:00","2012-10-17 00:00:00","3.0000","36.7500","36.7500","2012-10-16 22:00:00"
"22301","810","1","10","2012-09-27 00:00:00","2012-10-08 00:00:00","2012-10-16 00:00:00","2012-10-17 00:00:00","4.1000","92.2500","92.2500","2012-10-16 22:00:00"
"22301","810","2","20","2012-09-27 00:00:00","2012-10-08 00:00:00","2012-10-16 00:00:00","2012-10-17 00:00:00","3.5000","87.5000","87.5000","2012-10-16 22:00:00"
"22301","810","6","50","2012-09-27 00:00:00","2012-10-08 00:00:00","2012-10-16 00:00:00","2012-10-17 00:00:00","3.0000","36.7500","36.7500","2012-10-16 22:00:00"
"22302","811","1","10","2012-09-27 00:00:00","2012-10-08 00:00:00","2012-10-16 00:00:00","2012-10-17 00:00:00","4.1000","92.2500","92.2500","2012-10-16 22:00:00"
"22302","811","2","20","2012-09-27 00:00:00","2012-10-08 00:00:00","2012-10-16 00:00:00","2012-10-17 00:00:00","3.5000","87.5000","87.5000","2012-10-16 22:00:00"
"22302","811","6","50","2012-09-27 00:00:00","2012-10-08 00:00:00","2012-10-16 00:00:00","2012-10-17 00:00:00","3.0000","36.7500","36.7500","2012-10-16 22:00:00"
"22303","812","1","10","2012-09-27 00:00:00","2012-10-08 00:00:00","2012-10-16 00:00:00","2012-10-17 00:00:00","4.1000","92.2500","92.2500","2012-10-16 22:00:00"
"22303","812","2","20","2012-09-27 00:00:00","2012-10-08 00:00:00","2012-10-16 00:00:00","2012-10-17 00:00:00","3.5000","87.5000","87.5000","2012-10-16 22:00:00"
"22303","812","6","50","2012-09-27 00:00:00","2012-10-08 00:00:00","2012-10-16 00:00:00","2012-10-17 00:00:00","3.0000","36.7500","36.7500","2012-10-16 22:00:00"
"22304","813","1","10","2012-09-27 00:00:00","2012-10-08 00:00:00","2012-10-16 00:00:00","2012-10-17 00:00:00","4.1000","92.2500","92.2500","2012-10-16 22:00:00"
"22304","813","2","20","2012-09-27 00:00:00","2012-10-08 00:00:00","2012-10-16 00:00:00","2012-10-17 00:00:00","3.5000","87.5000","87.5000","2012-10-16 22:00:00"
"22304","813","6","50","2012-09-27 00:00:00","2012-10-08 00:00:00","2012-10-16 00:00:00","2012-10-17 00:00:00","3.0000","36.7500","36.7500","2012-10-16 22:00:00"
"22305","816","6","50","2012-09-27 00:00:00","2012-10-08 00:00:00","2012-10-16 00:00:00","2012-10-17 00:00:00","3.0000","36.7500","36.7500","2012-10-16 22:00:00"
"22306","818","6","50","2012-09-27 00:00:00","2012-10-08 00:00:00","2012-10-16 00:00:00","2012-10-17 00:00:00","3.0000","36.7500","36.7500","2012-10-16 22:00:00"
"22307","819","6","50","2012-09-27 00:00:00","2012-10-08 00:00:00","2012-10-16 00:00:00","2012-10-17 00:00:00","3.0000","36.7500","36.7500","2012-10-16 22:00:00"
"22308","820","6","50","2012-09-27 00:00:00","2012-10-08 00:00:00","2012-10-16 00:00:00","2012-10-17 00:00:00","3.0000","36.7500","36.7500","2012-10-16 22:00:00"
"22309","822","1","10","2012-09-27 00:00:00","2012-10-08 00:00:00","2012-10-16 00:00:00","2012-10-17 00:00:00","4.1000","92.2500","92.2500","2012-10-16 22:00:00"
"22309","822","2","20","2012-09-27 00:00:00","2012-10-08 00:00:00","2012-10-16 00:00:00","2012-10-17 00:00:00","3.5000","87.5000","87.5000","2012-10-16 22:00:00"
"22309","822","3","30","2012-09-27 00:00:00","2012-10-08 00:00:00","2012-10-16 00:00:00","2012-10-17 00:00:00","1.0000","14.5000","14.5000","2012-10-16 22:00:00"
"22309","822","4","40","2012-09-27 00:00:00","2012-10-08 00:00:00","2012-10-16 00:00:00","2012-10-17 00:00:00","2.0000","31.5000","31.5000","2012-10-16 22:00:00"
"22309","822","6","50","2012-09-27 00:00:00","2012-10-08 00:00:00","2012-10-16 00:00:00","2012-10-17 00:00:00","3.0000","36.7500","36.7500","2012-10-16 22:00:00"
"22309","822","7","60","2012-09-27 00:00:00","2012-10-08 00:00:00","2012-10-16 00:00:00","2012-10-17 00:00:00","4.0000","49.0000","49.0000","2012-10-16 22:00:00"
"22310","824","6","50","2012-09-27 00:00:00","2012-10-08 00:00:00","2012-10-16 00:00:00","2012-10-17 00:00:00","3.0000","36.7500","36.7500","2012-10-16 22:00:00"
"22311","826","6","50","2012-09-27 00:00:00","2012-10-08 00:00:00","2012-10-16 00:00:00","2012-10-17 00:00:00","3.0000","36.7500","36.7500","2012-10-16 22:00:00"
"22312","827","6","50","2012-09-27 00:00:00","2012-10-08 00:00:00","2012-10-16 00:00:00","2012-10-17 00:00:00","3.0000","36.7500","36.7500","2012-10-16 22:00:00"
"22313","828","6","50","2012-09-27 00:00:00","2012-10-08 00:00:00","2012-10-16 00:00:00","2012-10-17 00:00:00","3.0000","36.7500","36.7500","2012-10-16 22:00:00"
"22316","894","6","50","2012-09-27 00:00:00","2012-10-08 00:00:00","2012-10-16 00:00:00","2012-10-17 00:00:00","3.0000","36.7500","36.7500","2012-10-16 22:00:00"
"22317","945","1","10","2012-09-27 00:00:00","2012-10-08 00:00:00","2012-10-16 00:00:00","2012-10-17 00:00:00","4.1000","92.2500","92.2500","2012-10-16 22:00:00"
"22317","945","6","50","2012-09-27 00:00:00","2012-10-08 00:00:00","2012-10-16 00:00:00","2012-10-17 00:00:00","3.0000","36.7500","36.7500","2012-10-16 22:00:00"
"22318","950","6","50","2012-09-27 00:00:00","2012-10-08 00:00:00","2012-10-16 00:00:00","2012-10-17 00:00:00","3.0000","36.7500","36.7500","2012-10-16 22:00:00"
"22319","994","6","50","2012-09-27 00:00:00","2012-10-08 00:00:00","2012-10-16 00:00:00","2012-10-17 00:00:00","3.0000","36.7500","36.7500","2012-10-16 22:00:00"
"22320","995","6","50","2012-09-27 00:00:00","2012-10-08 00:00:00","2012-10-16 00:00:00","2012-10-17 00:00:00","3.0000","36.7500","36.7500","2012-10-16 22:00:00"
"22321","996","6","50","2012-09-27 00:00:00","2012-10-08 00:00:00","2012-10-16 00:00:00","2012-10-17 00:00:00","3.0000","36.7500","36.7500","2012-10-16 22:00:00"
"22335","802","1","10","2012-09-27 00:00:00","2012-10-08 00:00:00","2012-10-16 00:00:00","2012-10-17 00:00:00","4.1000","92.2500","92.2500","2012-10-16 22:00:00"
"22335","802","6","50","2012-09-27 00:00:00","2012-10-08 00:00:00","2012-10-16 00:00:00","2012-10-17 00:00:00","3.0000","36.7500","36.7500","2012-10-16 22:00:00"
"22336","803","1","10","2012-09-27 00:00:00","2012-10-08 00:00:00","2012-10-16 00:00:00","2012-10-17 00:00:00","4.1000","92.2500","92.2500","2012-10-16 22:00:00"
"22336","803","6","50","2012-09-27 00:00:00","2012-10-08 00:00:00","2012-10-16 00:00:00","2012-10-17 00:00:00","3.0000","36.7500","36.7500","2012-10-16 22:00:00"
"22337","804","1","10","2012-09-27 00:00:00","2012-10-08 00:00:00","2012-10-16 00:00:00","2012-10-17 00:00:00","4.1000","92.2500","92.2500","2012-10-16 22:00:00"
"22337","804","6","50","2012-09-27 00:00:00","2012-10-08 00:00:00","2012-10-16 00:00:00","2012-10-17 00:00:00","3.0000","36.7500","36.7500","2012-10-16 22:00:00"
"22342","789","7","60","2012-09-28 00:00:00","2012-10-09 00:00:00","2012-09-28 00:00:00","2012-10-09 00:00:00","4.0000","49.0000","49.0000","2012-10-08 22:00:00"
"22343","795","7","60","2012-09-28 00:00:00","2012-10-09 00:00:00","2012-09-28 00:00:00","2012-10-09 00:00:00","4.0000","49.0000","49.0000","2012-10-08 22:00:00"
"22344","519","6","50","2012-09-28 00:00:00","2012-10-09 00:00:00","2012-09-28 00:00:00","2012-10-09 00:00:00","3.0000","36.7500","36.7500","2012-10-08 22:00:00"
"22344","519","7","60","2012-09-28 00:00:00","2012-10-09 00:00:00","2012-09-28 00:00:00","2012-10-09 00:00:00","4.0000","49.0000","49.0000","2012-10-08 22:00:00"
"22346","806","6","50","2012-09-28 00:00:00","2012-10-09 00:00:00","2012-09-28 00:00:00","2012-10-09 00:00:00","3.0000","36.7500","36.7500","2012-10-08 22:00:00"
"22347","813","1","10","2012-09-28 00:00:00","2012-10-09 00:00:00","2012-09-28 00:00:00","2012-10-09 00:00:00","4.1000","92.2500","92.2500","2012-10-08 22:00:00"
"22347","813","2","20","2012-09-28 00:00:00","2012-10-09 00:00:00","2012-09-28 00:00:00","2012-10-09 00:00:00","3.5000","87.5000","87.5000","2012-10-08 22:00:00"
"22347","813","6","50","2012-09-28 00:00:00","2012-10-09 00:00:00","2012-09-28 00:00:00","2012-10-09 00:00:00","3.0000","36.7500","36.7500","2012-10-08 22:00:00"
"22348","820","6","50","2012-09-28 00:00:00","2012-10-09 00:00:00","2012-09-28 00:00:00","2012-10-09 00:00:00","3.0000","36.7500","36.7500","2012-10-08 22:00:00"
"22349","828","6","50","2012-09-28 00:00:00","2012-10-09 00:00:00","2012-09-28 00:00:00","2012-10-09 00:00:00","3.0000","36.7500","36.7500","2012-10-08 22:00:00"
"22351","894","6","50","2012-09-28 00:00:00","2012-10-09 00:00:00","2012-09-28 00:00:00","2012-10-09 00:00:00","3.0000","36.7500","36.7500","2012-10-08 22:00:00"
"22352","945","1","10","2012-09-28 00:00:00","2012-10-09 00:00:00","2012-09-28 00:00:00","2012-10-09 00:00:00","4.1000","92.2500","92.2500","2012-10-08 22:00:00"
"22352","945","6","50","2012-09-28 00:00:00","2012-10-09 00:00:00","2012-09-28 00:00:00","2012-10-09 00:00:00","3.0000","36.7500","36.7500","2012-10-08 22:00:00"
"22353","950","6","50","2012-09-28 00:00:00","2012-10-09 00:00:00","2012-09-28 00:00:00","2012-10-09 00:00:00","3.0000","36.7500","36.7500","2012-10-08 22:00:00"
"22354","996","6","50","2012-09-28 00:00:00","2012-10-09 00:00:00","2012-09-28 00:00:00","2012-10-09 00:00:00","3.0000","36.7500","36.7500","2012-10-08 22:00:00"
"22366","804","1","10","2012-09-28 00:00:00","2012-10-09 00:00:00","2012-09-28 00:00:00","2012-10-09 00:00:00","4.1000","92.2500","92.2500","2012-10-08 22:00:00"
"22366","804","6","50","2012-09-28 00:00:00","2012-10-09 00:00:00","2012-09-28 00:00:00","2012-10-09 00:00:00","3.0000","36.7500","36.7500","2012-10-08 22:00:00"
"22371","761","7","60","2012-09-29 00:00:00","2012-10-10 00:00:00","2012-10-20 00:00:00","2012-11-01 00:00:00","4.0000","49.0000","49.0000","2012-10-31 23:00:00"
"22372","791","7","60","2012-09-29 00:00:00","2012-10-10 00:00:00","2012-10-20 00:00:00","2012-11-01 00:00:00","4.0000","49.0000","49.0000","2012-10-31 23:00:00"
"22373","793","7","60","2012-09-29 00:00:00","2012-10-10 00:00:00","2012-10-20 00:00:00","2012-11-01 00:00:00","4.0000","49.0000","49.0000","2012-10-31 23:00:00"
"22374","794","7","60","2012-09-29 00:00:00","2012-10-10 00:00:00","2012-10-20 00:00:00","2012-11-01 00:00:00","4.0000","49.0000","49.0000","2012-10-31 23:00:00"
"22375","799","7","60","2012-09-29 00:00:00","2012-10-10 00:00:00","2012-10-20 00:00:00","2012-11-01 00:00:00","4.0000","49.0000","49.0000","2012-10-31 23:00:00"
"22376","517","6","50","2012-09-29 00:00:00","2012-10-10 00:00:00","2012-10-20 00:00:00","2012-11-01 00:00:00","3.0000","36.7500","36.7500","2012-10-31 23:00:00"
"22376","517","7","60","2012-09-29 00:00:00","2012-10-10 00:00:00","2012-10-20 00:00:00","2012-11-01 00:00:00","4.0000","49.0000","49.0000","2012-10-31 23:00:00"
"22377","518","6","50","2012-09-29 00:00:00","2012-10-10 00:00:00","2012-10-20 00:00:00","2012-11-01 00:00:00","3.0000","36.7500","36.7500","2012-10-31 23:00:00"
"22377","518","7","60","2012-09-29 00:00:00","2012-10-10 00:00:00","2012-10-20 00:00:00","2012-11-01 00:00:00","4.0000","49.0000","49.0000","2012-10-31 23:00:00"
"22378","519","6","50","2012-09-29 00:00:00","2012-10-10 00:00:00","2012-10-20 00:00:00","2012-11-01 00:00:00","3.0000","36.7500","36.7500","2012-10-31 23:00:00"
"22378","519","7","60","2012-09-29 00:00:00","2012-10-10 00:00:00","2012-10-20 00:00:00","2012-11-01 00:00:00","4.0000","49.0000","49.0000","2012-10-31 23:00:00"
"22381","806","6","50","2012-09-29 00:00:00","2012-10-10 00:00:00","2012-10-20 00:00:00","2012-11-01 00:00:00","3.0000","36.7500","36.7500","2012-10-31 23:00:00"
"22382","811","1","10","2012-09-29 00:00:00","2012-10-10 00:00:00","2012-10-20 00:00:00","2012-11-01 00:00:00","4.1000","92.2500","92.2500","2012-10-31 23:00:00"
"22382","811","2","20","2012-09-29 00:00:00","2012-10-10 00:00:00","2012-10-20 00:00:00","2012-11-01 00:00:00","3.5000","87.5000","87.5000","2012-10-31 23:00:00"
"22382","811","6","50","2012-09-29 00:00:00","2012-10-10 00:00:00","2012-10-20 00:00:00","2012-11-01 00:00:00","3.0000","36.7500","36.7500","2012-10-31 23:00:00"
"22383","812","1","10","2012-09-29 00:00:00","2012-10-10 00:00:00","2012-10-20 00:00:00","2012-11-01 00:00:00","4.1000","92.2500","92.2500","2012-10-31 23:00:00"
"22383","812","2","20","2012-09-29 00:00:00","2012-10-10 00:00:00","2012-10-20 00:00:00","2012-11-01 00:00:00","3.5000","87.5000","87.5000","2012-10-31 23:00:00"
"22383","812","6","50","2012-09-29 00:00:00","2012-10-10 00:00:00","2012-10-20 00:00:00","2012-11-01 00:00:00","3.0000","36.7500","36.7500","2012-10-31 23:00:00"
"22384","813","1","10","2012-09-29 00:00:00","2012-10-10 00:00:00","2012-10-20 00:00:00","2012-11-01 00:00:00","4.1000","92.2500","92.2500","2012-10-31 23:00:00"
"22384","813","2","20","2012-09-29 00:00:00","2012-10-10 00:00:00","2012-10-20 00:00:00","2012-11-01 00:00:00","3.5000","87.5000","87.5000","2012-10-31 23:00:00"
"22384","813","6","50","2012-09-29 00:00:00","2012-10-10 00:00:00","2012-10-20 00:00:00","2012-11-01 00:00:00","3.0000","36.7500","36.7500","2012-10-31 23:00:00"
"22385","818","6","50","2012-09-29 00:00:00","2012-10-10 00:00:00","2012-10-20 00:00:00","2012-11-01 00:00:00","3.0000","36.7500","36.7500","2012-10-31 23:00:00"
"22386","819","6","50","2012-09-29 00:00:00","2012-10-10 00:00:00","2012-10-20 00:00:00","2012-11-01 00:00:00","3.0000","36.7500","36.7500","2012-10-31 23:00:00"
"22387","820","6","50","2012-09-29 00:00:00","2012-10-10 00:00:00","2012-10-20 00:00:00","2012-11-01 00:00:00","3.0000","36.7500","36.7500","2012-10-31 23:00:00"
"22388","826","6","50","2012-09-29 00:00:00","2012-10-10 00:00:00","2012-10-20 00:00:00","2012-11-01 00:00:00","3.0000","36.7500","36.7500","2012-10-31 23:00:00"
"22389","827","6","50","2012-09-29 00:00:00","2012-10-10 00:00:00","2012-10-20 00:00:00","2012-11-01 00:00:00","3.0000","36.7500","36.7500","2012-10-31 23:00:00"
"22390","828","6","50","2012-09-29 00:00:00","2012-10-10 00:00:00","2012-10-20 00:00:00","2012-11-01 00:00:00","3.0000","36.7500","36.7500","2012-10-31 23:00:00"
"22394","894","6","50","2012-09-29 00:00:00","2012-10-10 00:00:00","2012-10-20 00:00:00","2012-11-01 00:00:00","3.0000","36.7500","36.7500","2012-10-31 23:00:00"
"22395","945","1","10","2012-09-29 00:00:00","2012-10-10 00:00:00","2012-10-20 00:00:00","2012-11-01 00:00:00","4.1000","92.2500","92.2500","2012-10-31 23:00:00"
"22395","945","6","50","2012-09-29 00:00:00","2012-10-10 00:00:00","2012-10-20 00:00:00","2012-11-01 00:00:00","3.0000","36.7500","36.7500","2012-10-31 23:00:00"
"22396","950","6","50","2012-09-29 00:00:00","2012-10-10 00:00:00","2012-10-20 00:00:00","2012-11-01 00:00:00","3.0000","36.7500","36.7500","2012-10-31 23:00:00"
"22397","994","6","50","2012-09-29 00:00:00","2012-10-10 00:00:00","2012-10-20 00:00:00","2012-11-01 00:00:00","3.0000","36.7500","36.7500","2012-10-31 23:00:00"
"22398","996","6","50","2012-09-29 00:00:00","2012-10-10 00:00:00","2012-10-20 00:00:00","2012-11-01 00:00:00","3.0000","36.7500","36.7500","2012-10-31 23:00:00"
"22411","802","1","10","2012-09-29 00:00:00","2012-10-10 00:00:00","2012-10-20 00:00:00","2012-11-01 00:00:00","4.1000","92.2500","92.2500","2012-10-31 23:00:00"
"22411","802","6","50","2012-09-29 00:00:00","2012-10-10 00:00:00","2012-10-20 00:00:00","2012-11-01 00:00:00","3.0000","36.7500","36.7500","2012-10-31 23:00:00"
"22412","803","1","10","2012-09-29 00:00:00","2012-10-10 00:00:00","2012-10-20 00:00:00","2012-11-01 00:00:00","4.1000","92.2500","92.2500","2012-10-31 23:00:00"
"22412","803","6","50","2012-09-29 00:00:00","2012-10-10 00:00:00","2012-10-20 00:00:00","2012-11-01 00:00:00","3.0000","36.7500","36.7500","2012-10-31 23:00:00"
"22413","804","1","10","2012-09-29 00:00:00","2012-10-10 00:00:00","2012-10-20 00:00:00","2012-11-01 00:00:00","4.1000","92.2500","92.2500","2012-10-31 23:00:00"
"22413","804","6","50","2012-09-29 00:00:00","2012-10-10 00:00:00","2012-10-20 00:00:00","2012-11-01 00:00:00","3.0000","36.7500","36.7500","2012-10-31 23:00:00"
"22418","759","7","60","2012-09-30 00:00:00","2012-10-11 00:00:00","2012-10-01 00:00:00","2012-10-11 00:00:00","4.0000","49.0000","49.0000","2012-10-10 22:00:00"
"22419","767","7","60","2012-09-30 00:00:00","2012-10-11 00:00:00","2012-10-01 00:00:00","2012-10-11 00:00:00","4.0000","49.0000","49.0000","2012-10-10 22:00:00"
"22420","780","7","60","2012-09-30 00:00:00","2012-10-11 00:00:00","2012-10-01 00:00:00","2012-10-11 00:00:00","4.0000","49.0000","49.0000","2012-10-10 22:00:00"
"22421","781","7","60","2012-09-30 00:00:00","2012-10-11 00:00:00","2012-10-01 00:00:00","2012-10-11 00:00:00","4.0000","49.0000","49.0000","2012-10-10 22:00:00"
"22422","792","7","60","2012-09-30 00:00:00","2012-10-11 00:00:00","2012-10-01 00:00:00","2012-10-11 00:00:00","4.0000","49.0000","49.0000","2012-10-10 22:00:00"
"22423","516","6","50","2012-09-30 00:00:00","2012-10-11 00:00:00","2012-10-01 00:00:00","2012-10-11 00:00:00","3.0000","36.7500","36.7500","2012-10-10 22:00:00"
"22423","516","7","60","2012-09-30 00:00:00","2012-10-11 00:00:00","2012-10-01 00:00:00","2012-10-11 00:00:00","4.0000","49.0000","49.0000","2012-10-10 22:00:00"
"22424","517","6","50","2012-09-30 00:00:00","2012-10-11 00:00:00","2012-10-01 00:00:00","2012-10-11 00:00:00","3.0000","36.7500","36.7500","2012-10-10 22:00:00"
"22424","517","7","60","2012-09-30 00:00:00","2012-10-11 00:00:00","2012-10-01 00:00:00","2012-10-11 00:00:00","4.0000","49.0000","49.0000","2012-10-10 22:00:00"
"22425","519","6","50","2012-09-30 00:00:00","2012-10-11 00:00:00","2012-10-01 00:00:00","2012-10-11 00:00:00","3.0000","36.7500","36.7500","2012-10-10 22:00:00"
"22425","519","7","60","2012-09-30 00:00:00","2012-10-11 00:00:00","2012-10-01 00:00:00","2012-10-11 00:00:00","4.0000","49.0000","49.0000","2012-10-10 22:00:00"
"22431","806","6","50","2012-09-30 00:00:00","2012-10-11 00:00:00","2012-10-01 00:00:00","2012-10-11 00:00:00","3.0000","36.7500","36.7500","2012-10-10 22:00:00"
"22432","810","1","10","2012-09-30 00:00:00","2012-10-11 00:00:00","2012-10-01 00:00:00","2012-10-11 00:00:00","4.1000","92.2500","92.2500","2012-10-10 22:00:00"
"22432","810","2","20","2012-09-30 00:00:00","2012-10-11 00:00:00","2012-10-01 00:00:00","2012-10-11 00:00:00","3.5000","87.5000","87.5000","2012-10-10 22:00:00"
"22432","810","6","50","2012-09-30 00:00:00","2012-10-11 00:00:00","2012-10-01 00:00:00","2012-10-11 00:00:00","3.0000","36.7500","36.7500","2012-10-10 22:00:00"
"22433","811","1","10","2012-09-30 00:00:00","2012-10-11 00:00:00","2012-10-01 00:00:00","2012-10-11 00:00:00","4.1000","92.2500","92.2500","2012-10-10 22:00:00"
"22433","811","2","20","2012-09-30 00:00:00","2012-10-11 00:00:00","2012-10-01 00:00:00","2012-10-11 00:00:00","3.5000","87.5000","87.5000","2012-10-10 22:00:00"
"22433","811","6","50","2012-09-30 00:00:00","2012-10-11 00:00:00","2012-10-01 00:00:00","2012-10-11 00:00:00","3.0000","36.7500","36.7500","2012-10-10 22:00:00"
"22434","813","1","10","2012-09-30 00:00:00","2012-10-11 00:00:00","2012-10-01 00:00:00","2012-10-11 00:00:00","4.1000","92.2500","92.2500","2012-10-10 22:00:00"
"22434","813","2","20","2012-09-30 00:00:00","2012-10-11 00:00:00","2012-10-01 00:00:00","2012-10-11 00:00:00","3.5000","87.5000","87.5000","2012-10-10 22:00:00"
"22434","813","6","50","2012-09-30 00:00:00","2012-10-11 00:00:00","2012-10-01 00:00:00","2012-10-11 00:00:00","3.0000","36.7500","36.7500","2012-10-10 22:00:00"
"22435","816","6","50","2012-09-30 00:00:00","2012-10-11 00:00:00","2012-10-01 00:00:00","2012-10-11 00:00:00","3.0000","36.7500","36.7500","2012-10-10 22:00:00"
"22436","818","6","50","2012-09-30 00:00:00","2012-10-11 00:00:00","2012-10-01 00:00:00","2012-10-11 00:00:00","3.0000","36.7500","36.7500","2012-10-10 22:00:00"
"22437","820","6","50","2012-09-30 00:00:00","2012-10-11 00:00:00","2012-10-01 00:00:00","2012-10-11 00:00:00","3.0000","36.7500","36.7500","2012-10-10 22:00:00"
"22438","824","6","50","2012-09-30 00:00:00","2012-10-11 00:00:00","2012-10-01 00:00:00","2012-10-11 00:00:00","3.0000","36.7500","36.7500","2012-10-10 22:00:00"
"22439","826","6","50","2012-09-30 00:00:00","2012-10-11 00:00:00","2012-10-01 00:00:00","2012-10-11 00:00:00","3.0000","36.7500","36.7500","2012-10-10 22:00:00"
"22440","828","6","50","2012-09-30 00:00:00","2012-10-11 00:00:00","2012-10-01 00:00:00","2012-10-11 00:00:00","3.0000","36.7500","36.7500","2012-10-10 22:00:00"
"22441","894","6","50","2012-09-30 00:00:00","2012-10-11 00:00:00","2012-10-01 00:00:00","2012-10-11 00:00:00","3.0000","36.7500","36.7500","2012-10-10 22:00:00"
"22442","945","1","10","2012-09-30 00:00:00","2012-10-11 00:00:00","2012-10-01 00:00:00","2012-10-11 00:00:00","4.1000","92.2500","92.2500","2012-10-10 22:00:00"
"22442","945","6","50","2012-09-30 00:00:00","2012-10-11 00:00:00","2012-10-01 00:00:00","2012-10-11 00:00:00","3.0000","36.7500","36.7500","2012-10-10 22:00:00"
"22443","950","6","50","2012-09-30 00:00:00","2012-10-11 00:00:00","2012-10-01 00:00:00","2012-10-11 00:00:00","3.0000","36.7500","36.7500","2012-10-10 22:00:00"
"22444","994","6","50","2012-09-30 00:00:00","2012-10-11 00:00:00","2012-10-01 00:00:00","2012-10-11 00:00:00","3.0000","36.7500","36.7500","2012-10-10 22:00:00"
"22445","995","6","50","2012-09-30 00:00:00","2012-10-11 00:00:00","2012-10-01 00:00:00","2012-10-11 00:00:00","3.0000","36.7500","36.7500","2012-10-10 22:00:00"
"22446","996","6","50","2012-09-30 00:00:00","2012-10-11 00:00:00","2012-10-01 00:00:00","2012-10-11 00:00:00","3.0000","36.7500","36.7500","2012-10-10 22:00:00"
"22460","802","1","10","2012-09-30 00:00:00","2012-10-11 00:00:00","2012-10-01 00:00:00","2012-10-11 00:00:00","4.1000","92.2500","92.2500","2012-10-10 22:00:00"
"22460","802","6","50","2012-09-30 00:00:00","2012-10-11 00:00:00","2012-10-01 00:00:00","2012-10-11 00:00:00","3.0000","36.7500","36.7500","2012-10-10 22:00:00"
"22461","804","1","10","2012-09-30 00:00:00","2012-10-11 00:00:00","2012-10-01 00:00:00","2012-10-11 00:00:00","4.1000","92.2500","92.2500","2012-10-10 22:00:00"
"22461","804","6","50","2012-09-30 00:00:00","2012-10-11 00:00:00","2012-10-01 00:00:00","2012-10-11 00:00:00","3.0000","36.7500","36.7500","2012-10-10 22:00:00"
"22466","760","7","60","2012-10-01 00:00:00","2012-10-12 00:00:00","2012-10-01 00:00:00","2012-10-15 00:00:00","4.0000","49.0000","49.0000","2012-10-14 22:00:00"
"22467","781","7","60","2012-10-01 00:00:00","2012-10-12 00:00:00","2012-10-01 00:00:00","2012-10-15 00:00:00","4.0000","49.0000","49.0000","2012-10-14 22:00:00"
"22468","784","7","60","2012-10-01 00:00:00","2012-10-12 00:00:00","2012-10-01 00:00:00","2012-10-15 00:00:00","4.0000","49.0000","49.0000","2012-10-14 22:00:00"
"22469","790","7","60","2012-10-01 00:00:00","2012-10-12 00:00:00","2012-10-01 00:00:00","2012-10-15 00:00:00","4.0000","49.0000","49.0000","2012-10-14 22:00:00"
"22470","791","7","60","2012-10-01 00:00:00","2012-10-12 00:00:00","2012-10-01 00:00:00","2012-10-15 00:00:00","4.0000","49.0000","49.0000","2012-10-14 22:00:00"
"22471","795","7","60","2012-10-01 00:00:00","2012-10-12 00:00:00","2012-10-01 00:00:00","2012-10-15 00:00:00","4.0000","49.0000","49.0000","2012-10-14 22:00:00"
"22472","799","7","60","2012-10-01 00:00:00","2012-10-12 00:00:00","2012-10-01 00:00:00","2012-10-15 00:00:00","4.0000","49.0000","49.0000","2012-10-14 22:00:00"
"22473","800","7","60","2012-10-01 00:00:00","2012-10-12 00:00:00","2012-10-01 00:00:00","2012-10-15 00:00:00","4.0000","49.0000","49.0000","2012-10-14 22:00:00"
"22474","516","6","50","2012-10-01 00:00:00","2012-10-12 00:00:00","2012-10-01 00:00:00","2012-10-15 00:00:00","3.0000","36.7500","36.7500","2012-10-14 22:00:00"
"22474","516","7","60","2012-10-01 00:00:00","2012-10-12 00:00:00","2012-10-01 00:00:00","2012-10-15 00:00:00","4.0000","49.0000","49.0000","2012-10-14 22:00:00"
"22475","517","6","50","2012-10-01 00:00:00","2012-10-12 00:00:00","2012-10-01 00:00:00","2012-10-15 00:00:00","3.0000","36.7500","36.7500","2012-10-14 22:00:00"
"22475","517","7","60","2012-10-01 00:00:00","2012-10-12 00:00:00","2012-10-01 00:00:00","2012-10-15 00:00:00","4.0000","49.0000","49.0000","2012-10-14 22:00:00"
"22476","518","6","50","2012-10-01 00:00:00","2012-10-12 00:00:00","2012-10-01 00:00:00","2012-10-15 00:00:00","3.0000","36.7500","36.7500","2012-10-14 22:00:00"
"22476","518","7","60","2012-10-01 00:00:00","2012-10-12 00:00:00","2012-10-01 00:00:00","2012-10-15 00:00:00","4.0000","49.0000","49.0000","2012-10-14 22:00:00"
"22477","519","6","50","2012-10-01 00:00:00","2012-10-12 00:00:00","2012-10-01 00:00:00","2012-10-15 00:00:00","3.0000","36.7500","36.7500","2012-10-14 22:00:00"
"22477","519","7","60","2012-10-01 00:00:00","2012-10-12 00:00:00","2012-10-01 00:00:00","2012-10-15 00:00:00","4.0000","49.0000","49.0000","2012-10-14 22:00:00"
"22483","806","6","50","2012-10-01 00:00:00","2012-10-12 00:00:00","2012-10-01 00:00:00","2012-10-15 00:00:00","3.0000","36.7500","36.7500","2012-10-14 22:00:00"
"22484","810","1","10","2012-10-01 00:00:00","2012-10-12 00:00:00","2012-10-01 00:00:00","2012-10-15 00:00:00","4.1000","92.2500","92.2500","2012-10-14 22:00:00"
"22484","810","2","20","2012-10-01 00:00:00","2012-10-12 00:00:00","2012-10-01 00:00:00","2012-10-15 00:00:00","3.5000","87.5000","87.5000","2012-10-14 22:00:00"
"22484","810","6","50","2012-10-01 00:00:00","2012-10-12 00:00:00","2012-10-01 00:00:00","2012-10-15 00:00:00","3.0000","36.7500","36.7500","2012-10-14 22:00:00"
"22485","811","1","10","2012-10-01 00:00:00","2012-10-12 00:00:00","2012-10-01 00:00:00","2012-10-15 00:00:00","4.1000","92.2500","92.2500","2012-10-14 22:00:00"
"22485","811","2","20","2012-10-01 00:00:00","2012-10-12 00:00:00","2012-10-01 00:00:00","2012-10-15 00:00:00","3.5000","87.5000","87.5000","2012-10-14 22:00:00"
"22485","811","6","50","2012-10-01 00:00:00","2012-10-12 00:00:00","2012-10-01 00:00:00","2012-10-15 00:00:00","3.0000","36.7500","36.7500","2012-10-14 22:00:00"
"22486","812","1","10","2012-10-01 00:00:00","2012-10-12 00:00:00","2012-10-01 00:00:00","2012-10-15 00:00:00","4.1000","92.2500","92.2500","2012-10-14 22:00:00"
"22486","812","2","20","2012-10-01 00:00:00","2012-10-12 00:00:00","2012-10-01 00:00:00","2012-10-15 00:00:00","3.5000","87.5000","87.5000","2012-10-14 22:00:00"
"22486","812","6","50","2012-10-01 00:00:00","2012-10-12 00:00:00","2012-10-01 00:00:00","2012-10-15 00:00:00","3.0000","36.7500","36.7500","2012-10-14 22:00:00"
"22487","813","1","10","2012-10-01 00:00:00","2012-10-12 00:00:00","2012-10-01 00:00:00","2012-10-15 00:00:00","4.1000","92.2500","92.2500","2012-10-14 22:00:00"
"22487","813","2","20","2012-10-01 00:00:00","2012-10-12 00:00:00","2012-10-01 00:00:00","2012-10-15 00:00:00","3.5000","87.5000","87.5000","2012-10-14 22:00:00"
"22487","813","6","50","2012-10-01 00:00:00","2012-10-12 00:00:00","2012-10-01 00:00:00","2012-10-15 00:00:00","3.0000","36.7500","36.7500","2012-10-14 22:00:00"
"22488","816","6","50","2012-10-01 00:00:00","2012-10-12 00:00:00","2012-10-01 00:00:00","2012-10-15 00:00:00","3.0000","36.7500","36.7500","2012-10-14 22:00:00"
"22489","818","6","50","2012-10-01 00:00:00","2012-10-12 00:00:00","2012-10-01 00:00:00","2012-10-15 00:00:00","3.0000","36.7500","36.7500","2012-10-14 22:00:00"
"22490","819","6","50","2012-10-01 00:00:00","2012-10-12 00:00:00","2012-10-01 00:00:00","2012-10-15 00:00:00","3.0000","36.7500","36.7500","2012-10-14 22:00:00"
"22491","820","6","50","2012-10-01 00:00:00","2012-10-12 00:00:00","2012-10-01 00:00:00","2012-10-15 00:00:00","3.0000","36.7500","36.7500","2012-10-14 22:00:00"
"22492","824","6","50","2012-10-01 00:00:00","2012-10-12 00:00:00","2012-10-01 00:00:00","2012-10-15 00:00:00","3.0000","36.7500","36.7500","2012-10-14 22:00:00"
"22493","826","6","50","2012-10-01 00:00:00","2012-10-12 00:00:00","2012-10-01 00:00:00","2012-10-15 00:00:00","3.0000","36.7500","36.7500","2012-10-14 22:00:00"
"22494","827","6","50","2012-10-01 00:00:00","2012-10-12 00:00:00","2012-10-01 00:00:00","2012-10-15 00:00:00","3.0000","36.7500","36.7500","2012-10-14 22:00:00"
"22495","828","6","50","2012-10-01 00:00:00","2012-10-12 00:00:00","2012-10-01 00:00:00","2012-10-15 00:00:00","3.0000","36.7500","36.7500","2012-10-14 22:00:00"
"22499","894","6","50","2012-10-01 00:00:00","2012-10-12 00:00:00","2012-10-01 00:00:00","2012-10-15 00:00:00","3.0000","36.7500","36.7500","2012-10-14 22:00:00"
"22500","945","1","10","2012-10-01 00:00:00","2012-10-12 00:00:00","2012-10-01 00:00:00","2012-10-15 00:00:00","4.1000","92.2500","92.2500","2012-10-14 22:00:00"
"22500","945","6","50","2012-10-01 00:00:00","2012-10-12 00:00:00","2012-10-01 00:00:00","2012-10-15 00:00:00","3.0000","36.7500","36.7500","2012-10-14 22:00:00"
"22501","950","6","50","2012-10-01 00:00:00","2012-10-12 00:00:00","2012-10-01 00:00:00","2012-10-15 00:00:00","3.0000","36.7500","36.7500","2012-10-14 22:00:00"
"22502","994","6","50","2012-10-01 00:00:00","2012-10-12 00:00:00","2012-10-01 00:00:00","2012-10-15 00:00:00","3.0000","36.7500","36.7500","2012-10-14 22:00:00"
"22503","995","6","50","2012-10-01 00:00:00","2012-10-12 00:00:00","2012-10-01 00:00:00","2012-10-15 00:00:00","3.0000","36.7500","36.7500","2012-10-14 22:00:00"
"22504","996","6","50","2012-10-01 00:00:00","2012-10-12 00:00:00","2012-10-01 00:00:00","2012-10-15 00:00:00","3.0000","36.7500","36.7500","2012-10-14 22:00:00"
"22518","802","1","10","2012-10-01 00:00:00","2012-10-12 00:00:00","2012-10-01 00:00:00","2012-10-15 00:00:00","4.1000","92.2500","92.2500","2012-10-14 22:00:00"
"22518","802","6","50","2012-10-01 00:00:00","2012-10-12 00:00:00","2012-10-01 00:00:00","2012-10-15 00:00:00","3.0000","36.7500","36.7500","2012-10-14 22:00:00"
"22519","803","1","10","2012-10-01 00:00:00","2012-10-12 00:00:00","2012-10-01 00:00:00","2012-10-15 00:00:00","4.1000","92.2500","92.2500","2012-10-14 22:00:00"
"22519","803","6","50","2012-10-01 00:00:00","2012-10-12 00:00:00","2012-10-01 00:00:00","2012-10-15 00:00:00","3.0000","36.7500","36.7500","2012-10-14 22:00:00"
"22520","804","1","10","2012-10-01 00:00:00","2012-10-12 00:00:00","2012-10-01 00:00:00","2012-10-15 00:00:00","4.1000","92.2500","92.2500","2012-10-14 22:00:00"
"22520","804","6","50","2012-10-01 00:00:00","2012-10-12 00:00:00","2012-10-01 00:00:00","2012-10-15 00:00:00","3.0000","36.7500","36.7500","2012-10-14 22:00:00"
"22525","762","7","60","2012-10-02 00:00:00","2012-10-13 00:00:00","2012-10-05 00:00:00","2012-10-13 00:00:00","4.0000","49.0000","49.0000","2012-10-12 22:00:00"
"22526","763","7","60","2012-10-02 00:00:00","2012-10-13 00:00:00","2012-10-05 00:00:00","2012-10-13 00:00:00","4.0000","49.0000","49.0000","2012-10-12 22:00:00"
"22527","790","7","60","2012-10-02 00:00:00","2012-10-13 00:00:00","2012-10-05 00:00:00","2012-10-13 00:00:00","4.0000","49.0000","49.0000","2012-10-12 22:00:00"
"22528","795","7","60","2012-10-02 00:00:00","2012-10-13 00:00:00","2012-10-05 00:00:00","2012-10-13 00:00:00","4.0000","49.0000","49.0000","2012-10-12 22:00:00"
"22529","801","7","60","2012-10-02 00:00:00","2012-10-13 00:00:00","2012-10-05 00:00:00","2012-10-13 00:00:00","4.0000","49.0000","49.0000","2012-10-12 22:00:00"
"22530","517","6","50","2012-10-02 00:00:00","2012-10-13 00:00:00","2012-10-05 00:00:00","2012-10-13 00:00:00","3.0000","36.7500","36.7500","2012-10-12 22:00:00"
"22530","517","7","60","2012-10-02 00:00:00","2012-10-13 00:00:00","2012-10-05 00:00:00","2012-10-13 00:00:00","4.0000","49.0000","49.0000","2012-10-12 22:00:00"
"22531","518","6","50","2012-10-02 00:00:00","2012-10-13 00:00:00","2012-10-05 00:00:00","2012-10-13 00:00:00","3.0000","36.7500","36.7500","2012-10-12 22:00:00"
"22531","518","7","60","2012-10-02 00:00:00","2012-10-13 00:00:00","2012-10-05 00:00:00","2012-10-13 00:00:00","4.0000","49.0000","49.0000","2012-10-12 22:00:00"
"22532","519","6","50","2012-10-02 00:00:00","2012-10-13 00:00:00","2012-10-05 00:00:00","2012-10-13 00:00:00","3.0000","36.7500","36.7500","2012-10-12 22:00:00"
"22532","519","7","60","2012-10-02 00:00:00","2012-10-13 00:00:00","2012-10-05 00:00:00","2012-10-13 00:00:00","4.0000","49.0000","49.0000","2012-10-12 22:00:00"
"22536","806","6","50","2012-10-02 00:00:00","2012-10-13 00:00:00","2012-10-05 00:00:00","2012-10-13 00:00:00","3.0000","36.7500","36.7500","2012-10-12 22:00:00"
"22537","811","1","10","2012-10-02 00:00:00","2012-10-13 00:00:00","2012-10-05 00:00:00","2012-10-13 00:00:00","4.1000","92.2500","92.2500","2012-10-12 22:00:00"
"22537","811","2","20","2012-10-02 00:00:00","2012-10-13 00:00:00","2012-10-05 00:00:00","2012-10-13 00:00:00","3.5000","87.5000","87.5000","2012-10-12 22:00:00"
"22537","811","6","50","2012-10-02 00:00:00","2012-10-13 00:00:00","2012-10-05 00:00:00","2012-10-13 00:00:00","3.0000","36.7500","36.7500","2012-10-12 22:00:00"
"22538","812","1","10","2012-10-02 00:00:00","2012-10-13 00:00:00","2012-10-05 00:00:00","2012-10-13 00:00:00","4.1000","92.2500","92.2500","2012-10-12 22:00:00"
"22538","812","2","20","2012-10-02 00:00:00","2012-10-13 00:00:00","2012-10-05 00:00:00","2012-10-13 00:00:00","3.5000","87.5000","87.5000","2012-10-12 22:00:00"
"22538","812","6","50","2012-10-02 00:00:00","2012-10-13 00:00:00","2012-10-05 00:00:00","2012-10-13 00:00:00","3.0000","36.7500","36.7500","2012-10-12 22:00:00"
"22539","813","1","10","2012-10-02 00:00:00","2012-10-13 00:00:00","2012-10-05 00:00:00","2012-10-13 00:00:00","4.1000","92.2500","92.2500","2012-10-12 22:00:00"
"22539","813","2","20","2012-10-02 00:00:00","2012-10-13 00:00:00","2012-10-05 00:00:00","2012-10-13 00:00:00","3.5000","87.5000","87.5000","2012-10-12 22:00:00"
"22539","813","6","50","2012-10-02 00:00:00","2012-10-13 00:00:00","2012-10-05 00:00:00","2012-10-13 00:00:00","3.0000","36.7500","36.7500","2012-10-12 22:00:00"
"22540","818","6","50","2012-10-02 00:00:00","2012-10-13 00:00:00","2012-10-05 00:00:00","2012-10-13 00:00:00","3.0000","36.7500","36.7500","2012-10-12 22:00:00"
"22541","819","6","50","2012-10-02 00:00:00","2012-10-13 00:00:00","2012-10-05 00:00:00","2012-10-13 00:00:00","3.0000","36.7500","36.7500","2012-10-12 22:00:00"
"22542","820","6","50","2012-10-02 00:00:00","2012-10-13 00:00:00","2012-10-05 00:00:00","2012-10-13 00:00:00","3.0000","36.7500","36.7500","2012-10-12 22:00:00"
"22543","826","6","50","2012-10-02 00:00:00","2012-10-13 00:00:00","2012-10-05 00:00:00","2012-10-13 00:00:00","3.0000","36.7500","36.7500","2012-10-12 22:00:00"
"22544","827","6","50","2012-10-02 00:00:00","2012-10-13 00:00:00","2012-10-05 00:00:00","2012-10-13 00:00:00","3.0000","36.7500","36.7500","2012-10-12 22:00:00"
"22545","828","6","50","2012-10-02 00:00:00","2012-10-13 00:00:00","2012-10-05 00:00:00","2012-10-13 00:00:00","3.0000","36.7500","36.7500","2012-10-12 22:00:00"
"22548","894","6","50","2012-10-02 00:00:00","2012-10-13 00:00:00","2012-10-05 00:00:00","2012-10-13 00:00:00","3.0000","36.7500","36.7500","2012-10-12 22:00:00"
"22549","945","1","10","2012-10-02 00:00:00","2012-10-13 00:00:00","2012-10-05 00:00:00","2012-10-13 00:00:00","4.1000","92.2500","92.2500","2012-10-12 22:00:00"
"22549","945","6","50","2012-10-02 00:00:00","2012-10-13 00:00:00","2012-10-05 00:00:00","2012-10-13 00:00:00","3.0000","36.7500","36.7500","2012-10-12 22:00:00"
"22550","950","6","50","2012-10-02 00:00:00","2012-10-13 00:00:00","2012-10-05 00:00:00","2012-10-13 00:00:00","3.0000","36.7500","36.7500","2012-10-12 22:00:00"
"22551","994","6","50","2012-10-02 00:00:00","2012-10-13 00:00:00","2012-10-05 00:00:00","2012-10-13 00:00:00","3.0000","36.7500","36.7500","2012-10-12 22:00:00"
"22552","996","6","50","2012-10-02 00:00:00","2012-10-13 00:00:00","2012-10-05 00:00:00","2012-10-13 00:00:00","3.0000","36.7500","36.7500","2012-10-12 22:00:00"
"22565","802","1","10","2012-10-02 00:00:00","2012-10-13 00:00:00","2012-10-05 00:00:00","2012-10-13 00:00:00","4.1000","92.2500","92.2500","2012-10-12 22:00:00"
"22565","802","6","50","2012-10-02 00:00:00","2012-10-13 00:00:00","2012-10-05 00:00:00","2012-10-13 00:00:00","3.0000","36.7500","36.7500","2012-10-12 22:00:00"
"22566","803","1","10","2012-10-02 00:00:00","2012-10-13 00:00:00","2012-10-05 00:00:00","2012-10-13 00:00:00","4.1000","92.2500","92.2500","2012-10-12 22:00:00"
"22566","803","6","50","2012-10-02 00:00:00","2012-10-13 00:00:00","2012-10-05 00:00:00","2012-10-13 00:00:00","3.0000","36.7500","36.7500","2012-10-12 22:00:00"
"22567","804","1","10","2012-10-02 00:00:00","2012-10-13 00:00:00","2012-10-05 00:00:00","2012-10-13 00:00:00","4.1000","92.2500","92.2500","2012-10-12 22:00:00"
"22567","804","6","50","2012-10-02 00:00:00","2012-10-13 00:00:00","2012-10-05 00:00:00","2012-10-13 00:00:00","3.0000","36.7500","36.7500","2012-10-12 22:00:00"
"22585","747","1","10","2012-10-03 00:00:00","2012-10-14 00:00:00","2012-10-03 00:00:00","2012-10-19 00:00:00","4.1000","92.2500","92.2500","2012-10-18 22:00:00"
"22585","747","2","20","2012-10-03 00:00:00","2012-10-14 00:00:00","2012-10-03 00:00:00","2012-10-19 00:00:00","3.5000","87.5000","87.5000","2012-10-18 22:00:00"
"22585","747","3","30","2012-10-03 00:00:00","2012-10-14 00:00:00","2012-10-03 00:00:00","2012-10-19 00:00:00","1.0000","14.5000","14.5000","2012-10-18 22:00:00"
"22585","747","4","40","2012-10-03 00:00:00","2012-10-14 00:00:00","2012-10-03 00:00:00","2012-10-19 00:00:00","2.0000","31.5000","31.5000","2012-10-18 22:00:00"
"22585","747","6","50","2012-10-03 00:00:00","2012-10-14 00:00:00","2012-10-03 00:00:00","2012-10-19 00:00:00","3.0000","36.7500","36.7500","2012-10-18 22:00:00"
"22585","747","7","60","2012-10-03 00:00:00","2012-10-14 00:00:00","2012-10-03 00:00:00","2012-10-19 00:00:00","4.0000","49.0000","49.0000","2012-10-18 22:00:00"
"22586","748","1","10","2012-10-03 00:00:00","2012-10-14 00:00:00","2012-10-03 00:00:00","2012-10-19 00:00:00","4.1000","92.2500","92.2500","2012-10-18 22:00:00"
"22586","748","2","20","2012-10-03 00:00:00","2012-10-14 00:00:00","2012-10-03 00:00:00","2012-10-19 00:00:00","3.5000","87.5000","87.5000","2012-10-18 22:00:00"
"22586","748","3","30","2012-10-03 00:00:00","2012-10-14 00:00:00","2012-10-03 00:00:00","2012-10-19 00:00:00","1.0000","14.5000","14.5000","2012-10-18 22:00:00"
"22586","748","5","45","2012-10-03 00:00:00","2012-10-14 00:00:00","2012-10-03 00:00:00","2012-10-19 00:00:00","2.0000","36.0000","36.0000","2012-10-18 22:00:00"
"22586","748","6","50","2012-10-03 00:00:00","2012-10-14 00:00:00","2012-10-03 00:00:00","2012-10-19 00:00:00","3.0000","36.7500","36.7500","2012-10-18 22:00:00"
"22586","748","7","60","2012-10-03 00:00:00","2012-10-14 00:00:00","2012-10-03 00:00:00","2012-10-19 00:00:00","4.0000","49.0000","49.0000","2012-10-18 22:00:00"
"22587","759","7","60","2012-10-03 00:00:00","2012-10-14 00:00:00","2012-10-03 00:00:00","2012-10-19 00:00:00","4.0000","49.0000","49.0000","2012-10-18 22:00:00"
"22588","760","7","60","2012-10-03 00:00:00","2012-10-14 00:00:00","2012-10-03 00:00:00","2012-10-19 00:00:00","4.0000","49.0000","49.0000","2012-10-18 22:00:00"
"22589","761","7","60","2012-10-03 00:00:00","2012-10-14 00:00:00","2012-10-03 00:00:00","2012-10-19 00:00:00","4.0000","49.0000","49.0000","2012-10-18 22:00:00"
"22590","762","7","60","2012-10-03 00:00:00","2012-10-14 00:00:00","2012-10-03 00:00:00","2012-10-19 00:00:00","4.0000","49.0000","49.0000","2012-10-18 22:00:00"
"22591","763","7","60","2012-10-03 00:00:00","2012-10-14 00:00:00","2012-10-03 00:00:00","2012-10-19 00:00:00","4.0000","49.0000","49.0000","2012-10-18 22:00:00"
"22592","764","7","60","2012-10-03 00:00:00","2012-10-14 00:00:00","2012-10-03 00:00:00","2012-10-19 00:00:00","4.0000","49.0000","49.0000","2012-10-18 22:00:00"
"22593","765","7","60","2012-10-03 00:00:00","2012-10-14 00:00:00","2012-10-03 00:00:00","2012-10-19 00:00:00","4.0000","49.0000","49.0000","2012-10-18 22:00:00"
"22594","766","7","60","2012-10-03 00:00:00","2012-10-14 00:00:00","2012-10-03 00:00:00","2012-10-19 00:00:00","4.0000","49.0000","49.0000","2012-10-18 22:00:00"
"22595","767","7","60","2012-10-03 00:00:00","2012-10-14 00:00:00","2012-10-03 00:00:00","2012-10-19 00:00:00","4.0000","49.0000","49.0000","2012-10-18 22:00:00"
"22596","768","7","60","2012-10-03 00:00:00","2012-10-14 00:00:00","2012-10-03 00:00:00","2012-10-19 00:00:00","4.0000","49.0000","49.0000","2012-10-18 22:00:00"
"22597","769","7","60","2012-10-03 00:00:00","2012-10-14 00:00:00","2012-10-03 00:00:00","2012-10-19 00:00:00","4.0000","49.0000","49.0000","2012-10-18 22:00:00"
"22598","770","7","60","2012-10-03 00:00:00","2012-10-14 00:00:00","2012-10-03 00:00:00","2012-10-19 00:00:00","4.0000","49.0000","49.0000","2012-10-18 22:00:00"
"22599","779","7","60","2012-10-03 00:00:00","2012-10-14 00:00:00","2012-10-03 00:00:00","2012-10-19 00:00:00","4.0000","49.0000","49.0000","2012-10-18 22:00:00"
"22600","780","7","60","2012-10-03 00:00:00","2012-10-14 00:00:00","2012-10-03 00:00:00","2012-10-19 00:00:00","4.0000","49.0000","49.0000","2012-10-18 22:00:00"
"22601","781","7","60","2012-10-03 00:00:00","2012-10-14 00:00:00","2012-10-03 00:00:00","2012-10-19 00:00:00","4.0000","49.0000","49.0000","2012-10-18 22:00:00"
"22602","782","7","60","2012-10-03 00:00:00","2012-10-14 00:00:00","2012-10-03 00:00:00","2012-10-19 00:00:00","4.0000","49.0000","49.0000","2012-10-18 22:00:00"
"22603","783","7","60","2012-10-03 00:00:00","2012-10-14 00:00:00","2012-10-03 00:00:00","2012-10-19 00:00:00","4.0000","49.0000","49.0000","2012-10-18 22:00:00"
"22604","784","7","60","2012-10-03 00:00:00","2012-10-14 00:00:00","2012-10-03 00:00:00","2012-10-19 00:00:00","4.0000","49.0000","49.0000","2012-10-18 22:00:00"
"22605","785","7","60","2012-10-03 00:00:00","2012-10-14 00:00:00","2012-10-03 00:00:00","2012-10-19 00:00:00","4.0000","49.0000","49.0000","2012-10-18 22:00:00"
"22606","786","7","60","2012-10-03 00:00:00","2012-10-14 00:00:00","2012-10-03 00:00:00","2012-10-19 00:00:00","4.0000","49.0000","49.0000","2012-10-18 22:00:00"
"22607","787","7","60","2012-10-03 00:00:00","2012-10-14 00:00:00","2012-10-03 00:00:00","2012-10-19 00:00:00","4.0000","49.0000","49.0000","2012-10-18 22:00:00"
"22608","788","7","60","2012-10-03 00:00:00","2012-10-14 00:00:00","2012-10-03 00:00:00","2012-10-19 00:00:00","4.0000","49.0000","49.0000","2012-10-18 22:00:00"
"22609","789","7","60","2012-10-03 00:00:00","2012-10-14 00:00:00","2012-10-03 00:00:00","2012-10-19 00:00:00","4.0000","49.0000","49.0000","2012-10-18 22:00:00"
"22610","790","7","60","2012-10-03 00:00:00","2012-10-14 00:00:00","2012-10-03 00:00:00","2012-10-19 00:00:00","4.0000","49.0000","49.0000","2012-10-18 22:00:00"
"22611","791","7","60","2012-10-03 00:00:00","2012-10-14 00:00:00","2012-10-03 00:00:00","2012-10-19 00:00:00","4.0000","49.0000","49.0000","2012-10-18 22:00:00"
"22612","792","7","60","2012-10-03 00:00:00","2012-10-14 00:00:00","2012-10-03 00:00:00","2012-10-19 00:00:00","4.0000","49.0000","49.0000","2012-10-18 22:00:00"
"22613","793","7","60","2012-10-03 00:00:00","2012-10-14 00:00:00","2012-10-03 00:00:00","2012-10-19 00:00:00","4.0000","49.0000","49.0000","2012-10-18 22:00:00"
"22614","794","7","60","2012-10-03 00:00:00","2012-10-14 00:00:00","2012-10-03 00:00:00","2012-10-19 00:00:00","4.0000","49.0000","49.0000","2012-10-18 22:00:00"
"22615","795","7","60","2012-10-03 00:00:00","2012-10-14 00:00:00","2012-10-03 00:00:00","2012-10-19 00:00:00","4.0000","49.0000","49.0000","2012-10-18 22:00:00"
"22616","796","7","60","2012-10-03 00:00:00","2012-10-14 00:00:00","2012-10-03 00:00:00","2012-10-19 00:00:00","4.0000","49.0000","49.0000","2012-10-18 22:00:00"
"22617","797","7","60","2012-10-03 00:00:00","2012-10-14 00:00:00","2012-10-03 00:00:00","2012-10-19 00:00:00","4.0000","49.0000","49.0000","2012-10-18 22:00:00"
"22618","798","7","60","2012-10-03 00:00:00","2012-10-14 00:00:00","2012-10-03 00:00:00","2012-10-19 00:00:00","4.0000","49.0000","49.0000","2012-10-18 22:00:00"
"22619","799","7","60","2012-10-03 00:00:00","2012-10-14 00:00:00","2012-10-03 00:00:00","2012-10-19 00:00:00","4.0000","49.0000","49.0000","2012-10-18 22:00:00"
"22620","800","7","60","2012-10-03 00:00:00","2012-10-14 00:00:00","2012-10-03 00:00:00","2012-10-19 00:00:00","4.0000","49.0000","49.0000","2012-10-18 22:00:00"
"22621","801","7","60","2012-10-03 00:00:00","2012-10-14 00:00:00","2012-10-03 00:00:00","2012-10-19 00:00:00","4.0000","49.0000","49.0000","2012-10-18 22:00:00"
"22622","802","1","10","2012-10-03 00:00:00","2012-10-14 00:00:00","2012-10-03 00:00:00","2012-10-19 00:00:00","4.1000","92.2500","92.2500","2012-10-18 22:00:00"
"22622","802","6","50","2012-10-03 00:00:00","2012-10-14 00:00:00","2012-10-03 00:00:00","2012-10-19 00:00:00","3.0000","36.7500","36.7500","2012-10-18 22:00:00"
"22623","804","1","10","2012-10-03 00:00:00","2012-10-14 00:00:00","2012-10-03 00:00:00","2012-10-19 00:00:00","4.1000","92.2500","92.2500","2012-10-18 22:00:00"
"22623","804","6","50","2012-10-03 00:00:00","2012-10-14 00:00:00","2012-10-03 00:00:00","2012-10-19 00:00:00","3.0000","36.7500","36.7500","2012-10-18 22:00:00"
"22624","805","6","50","2012-10-03 00:00:00","2012-10-14 00:00:00","2012-10-03 00:00:00","2012-10-19 00:00:00","3.0000","36.7500","36.7500","2012-10-18 22:00:00"
"22625","806","6","50","2012-10-03 00:00:00","2012-10-14 00:00:00","2012-10-03 00:00:00","2012-10-19 00:00:00","3.0000","36.7500","36.7500","2012-10-18 22:00:00"
"22626","807","6","50","2012-10-03 00:00:00","2012-10-14 00:00:00","2012-10-03 00:00:00","2012-10-19 00:00:00","3.0000","36.7500","36.7500","2012-10-18 22:00:00"
"22627","808","1","10","2012-10-03 00:00:00","2012-10-14 00:00:00","2012-10-03 00:00:00","2012-10-19 00:00:00","4.1000","92.2500","92.2500","2012-10-18 22:00:00"
"22627","808","2","20","2012-10-03 00:00:00","2012-10-14 00:00:00","2012-10-03 00:00:00","2012-10-19 00:00:00","3.5000","87.5000","87.5000","2012-10-18 22:00:00"
"22627","808","6","50","2012-10-03 00:00:00","2012-10-14 00:00:00","2012-10-03 00:00:00","2012-10-19 00:00:00","3.0000","36.7500","36.7500","2012-10-18 22:00:00"
"22628","809","1","10","2012-10-03 00:00:00","2012-10-14 00:00:00","2012-10-03 00:00:00","2012-10-19 00:00:00","4.1000","92.2500","92.2500","2012-10-18 22:00:00"
"22628","809","2","20","2012-10-03 00:00:00","2012-10-14 00:00:00","2012-10-03 00:00:00","2012-10-19 00:00:00","3.5000","87.5000","87.5000","2012-10-18 22:00:00"
"22628","809","6","50","2012-10-03 00:00:00","2012-10-14 00:00:00","2012-10-03 00:00:00","2012-10-19 00:00:00","3.0000","36.7500","36.7500","2012-10-18 22:00:00"
"22629","810","1","10","2012-10-03 00:00:00","2012-10-14 00:00:00","2012-10-03 00:00:00","2012-10-19 00:00:00","4.1000","92.2500","92.2500","2012-10-18 22:00:00"
"22629","810","2","20","2012-10-03 00:00:00","2012-10-14 00:00:00","2012-10-03 00:00:00","2012-10-19 00:00:00","3.5000","87.5000","87.5000","2012-10-18 22:00:00"
"22629","810","6","50","2012-10-03 00:00:00","2012-10-14 00:00:00","2012-10-03 00:00:00","2012-10-19 00:00:00","3.0000","36.7500","36.7500","2012-10-18 22:00:00"
"22630","813","1","10","2012-10-03 00:00:00","2012-10-14 00:00:00","2012-10-03 00:00:00","2012-10-19 00:00:00","4.1000","92.2500","92.2500","2012-10-18 22:00:00"
"22630","813","2","20","2012-10-03 00:00:00","2012-10-14 00:00:00","2012-10-03 00:00:00","2012-10-19 00:00:00","3.5000","87.5000","87.5000","2012-10-18 22:00:00"
"22630","813","6","50","2012-10-03 00:00:00","2012-10-14 00:00:00","2012-10-03 00:00:00","2012-10-19 00:00:00","3.0000","36.7500","36.7500","2012-10-18 22:00:00"
"22631","814","1","10","2012-10-03 00:00:00","2012-10-14 00:00:00","2012-10-03 00:00:00","2012-10-19 00:00:00","4.1000","92.2500","92.2500","2012-10-18 22:00:00"
"22631","814","2","20","2012-10-03 00:00:00","2012-10-14 00:00:00","2012-10-03 00:00:00","2012-10-19 00:00:00","3.5000","87.5000","87.5000","2012-10-18 22:00:00"
"22631","814","3","30","2012-10-03 00:00:00","2012-10-14 00:00:00","2012-10-03 00:00:00","2012-10-19 00:00:00","1.0000","14.5000","14.5000","2012-10-18 22:00:00"
"22631","814","4","40","2012-10-03 00:00:00","2012-10-14 00:00:00","2012-10-03 00:00:00","2012-10-19 00:00:00","2.0000","31.5000","31.5000","2012-10-18 22:00:00"
"22631","814","6","50","2012-10-03 00:00:00","2012-10-14 00:00:00","2012-10-03 00:00:00","2012-10-19 00:00:00","3.0000","36.7500","36.7500","2012-10-18 22:00:00"
"22631","814","7","60","2012-10-03 00:00:00","2012-10-14 00:00:00","2012-10-03 00:00:00","2012-10-19 00:00:00","4.0000","49.0000","49.0000","2012-10-18 22:00:00"
"22632","815","6","50","2012-10-03 00:00:00","2012-10-14 00:00:00","2012-10-03 00:00:00","2012-10-19 00:00:00","3.0000","36.7500","36.7500","2012-10-18 22:00:00"
"22633","816","6","50","2012-10-03 00:00:00","2012-10-14 00:00:00","2012-10-03 00:00:00","2012-10-19 00:00:00","3.0000","36.7500","36.7500","2012-10-18 22:00:00"
"22634","817","6","50","2012-10-03 00:00:00","2012-10-14 00:00:00","2012-10-03 00:00:00","2012-10-19 00:00:00","3.0000","36.7500","36.7500","2012-10-18 22:00:00"
"22635","819","6","50","2012-10-03 00:00:00","2012-10-14 00:00:00","2012-10-03 00:00:00","2012-10-19 00:00:00","3.0000","36.7500","36.7500","2012-10-18 22:00:00"
"22636","820","6","50","2012-10-03 00:00:00","2012-10-14 00:00:00","2012-10-03 00:00:00","2012-10-19 00:00:00","3.0000","36.7500","36.7500","2012-10-18 22:00:00"
"22637","822","1","10","2012-10-03 00:00:00","2012-10-14 00:00:00","2012-10-03 00:00:00","2012-10-19 00:00:00","4.1000","92.2500","92.2500","2012-10-18 22:00:00"
"22637","822","2","20","2012-10-03 00:00:00","2012-10-14 00:00:00","2012-10-03 00:00:00","2012-10-19 00:00:00","3.5000","87.5000","87.5000","2012-10-18 22:00:00"
"22637","822","3","30","2012-10-03 00:00:00","2012-10-14 00:00:00","2012-10-03 00:00:00","2012-10-19 00:00:00","1.0000","14.5000","14.5000","2012-10-18 22:00:00"
"22637","822","4","40","2012-10-03 00:00:00","2012-10-14 00:00:00","2012-10-03 00:00:00","2012-10-19 00:00:00","2.0000","31.5000","31.5000","2012-10-18 22:00:00"
"22637","822","6","50","2012-10-03 00:00:00","2012-10-14 00:00:00","2012-10-03 00:00:00","2012-10-19 00:00:00","3.0000","36.7500","36.7500","2012-10-18 22:00:00"
"22637","822","7","60","2012-10-03 00:00:00","2012-10-14 00:00:00","2012-10-03 00:00:00","2012-10-19 00:00:00","4.0000","49.0000","49.0000","2012-10-18 22:00:00"
"22638","823","6","50","2012-10-03 00:00:00","2012-10-14 00:00:00","2012-10-03 00:00:00","2012-10-19 00:00:00","3.0000","36.7500","36.7500","2012-10-18 22:00:00"
"22639","824","6","50","2012-10-03 00:00:00","2012-10-14 00:00:00","2012-10-03 00:00:00","2012-10-19 00:00:00","3.0000","36.7500","36.7500","2012-10-18 22:00:00"
"22640","825","6","50","2012-10-03 00:00:00","2012-10-14 00:00:00","2012-10-03 00:00:00","2012-10-19 00:00:00","3.0000","36.7500","36.7500","2012-10-18 22:00:00"
"22641","826","6","50","2012-10-03 00:00:00","2012-10-14 00:00:00","2012-10-03 00:00:00","2012-10-19 00:00:00","3.0000","36.7500","36.7500","2012-10-18 22:00:00"
"22648","515","6","50","2012-10-03 00:00:00","2012-10-14 00:00:00","2012-10-03 00:00:00","2012-10-19 00:00:00","3.0000","36.7500","36.7500","2012-10-18 22:00:00"
"22648","515","7","60","2012-10-03 00:00:00","2012-10-14 00:00:00","2012-10-03 00:00:00","2012-10-19 00:00:00","4.0000","49.0000","49.0000","2012-10-18 22:00:00"
"22649","516","6","50","2012-10-03 00:00:00","2012-10-14 00:00:00","2012-10-03 00:00:00","2012-10-19 00:00:00","3.0000","36.7500","36.7500","2012-10-18 22:00:00"
"22649","516","7","60","2012-10-03 00:00:00","2012-10-14 00:00:00","2012-10-03 00:00:00","2012-10-19 00:00:00","4.0000","49.0000","49.0000","2012-10-18 22:00:00"
"22650","517","6","50","2012-10-03 00:00:00","2012-10-14 00:00:00","2012-10-03 00:00:00","2012-10-19 00:00:00","3.0000","36.7500","36.7500","2012-10-18 22:00:00"
"22650","517","7","60","2012-10-03 00:00:00","2012-10-14 00:00:00","2012-10-03 00:00:00","2012-10-19 00:00:00","4.0000","49.0000","49.0000","2012-10-18 22:00:00"
"22651","518","6","50","2012-10-03 00:00:00","2012-10-14 00:00:00","2012-10-03 00:00:00","2012-10-19 00:00:00","3.0000","36.7500","36.7500","2012-10-18 22:00:00"
"22651","518","7","60","2012-10-03 00:00:00","2012-10-14 00:00:00","2012-10-03 00:00:00","2012-10-19 00:00:00","4.0000","49.0000","49.0000","2012-10-18 22:00:00"
"22652","519","6","50","2012-10-03 00:00:00","2012-10-14 00:00:00","2012-10-03 00:00:00","2012-10-19 00:00:00","3.0000","36.7500","36.7500","2012-10-18 22:00:00"
"22652","519","7","60","2012-10-03 00:00:00","2012-10-14 00:00:00","2012-10-03 00:00:00","2012-10-19 00:00:00","4.0000","49.0000","49.0000","2012-10-18 22:00:00"
"22674","747","1","10","2012-10-03 00:00:00","2012-10-14 00:00:00","2012-10-03 00:00:00","2012-10-19 00:00:00","4.1000","92.2500","92.2500","2012-10-18 22:00:00"
"22674","747","2","20","2012-10-03 00:00:00","2012-10-14 00:00:00","2012-10-03 00:00:00","2012-10-19 00:00:00","3.5000","87.5000","87.5000","2012-10-18 22:00:00"
"22674","747","3","30","2012-10-03 00:00:00","2012-10-14 00:00:00","2012-10-03 00:00:00","2012-10-19 00:00:00","1.0000","14.5000","14.5000","2012-10-18 22:00:00"
"22674","747","4","40","2012-10-03 00:00:00","2012-10-14 00:00:00","2012-10-03 00:00:00","2012-10-19 00:00:00","2.0000","31.5000","31.5000","2012-10-18 22:00:00"
"22674","747","6","50","2012-10-03 00:00:00","2012-10-14 00:00:00","2012-10-03 00:00:00","2012-10-19 00:00:00","3.0000","36.7500","36.7500","2012-10-18 22:00:00"
"22674","747","7","60","2012-10-03 00:00:00","2012-10-14 00:00:00","2012-10-03 00:00:00","2012-10-19 00:00:00","4.0000","49.0000","49.0000","2012-10-18 22:00:00"
"22675","748","1","10","2012-10-03 00:00:00","2012-10-14 00:00:00","2012-10-03 00:00:00","2012-10-19 00:00:00","4.1000","92.2500","92.2500","2012-10-18 22:00:00"
"22675","748","2","20","2012-10-03 00:00:00","2012-10-14 00:00:00","2012-10-03 00:00:00","2012-10-19 00:00:00","3.5000","87.5000","87.5000","2012-10-18 22:00:00"
"22675","748","3","30","2012-10-03 00:00:00","2012-10-14 00:00:00","2012-10-03 00:00:00","2012-10-19 00:00:00","1.0000","14.5000","14.5000","2012-10-18 22:00:00"
"22675","748","5","45","2012-10-03 00:00:00","2012-10-14 00:00:00","2012-10-03 00:00:00","2012-10-19 00:00:00","2.0000","36.0000","36.0000","2012-10-18 22:00:00"
"22675","748","6","50","2012-10-03 00:00:00","2012-10-14 00:00:00","2012-10-03 00:00:00","2012-10-19 00:00:00","3.0000","36.7500","36.7500","2012-10-18 22:00:00"
"22675","748","7","60","2012-10-03 00:00:00","2012-10-14 00:00:00","2012-10-03 00:00:00","2012-10-19 00:00:00","4.0000","49.0000","49.0000","2012-10-18 22:00:00"
"22676","806","6","50","2012-10-03 00:00:00","2012-10-14 00:00:00","2012-10-03 00:00:00","2012-10-19 00:00:00","3.0000","36.7500","36.7500","2012-10-18 22:00:00"
"22677","809","1","10","2012-10-03 00:00:00","2012-10-14 00:00:00","2012-10-03 00:00:00","2012-10-19 00:00:00","4.1000","92.2500","92.2500","2012-10-18 22:00:00"
"22677","809","2","20","2012-10-03 00:00:00","2012-10-14 00:00:00","2012-10-03 00:00:00","2012-10-19 00:00:00","3.5000","87.5000","87.5000","2012-10-18 22:00:00"
"22677","809","6","50","2012-10-03 00:00:00","2012-10-14 00:00:00","2012-10-03 00:00:00","2012-10-19 00:00:00","3.0000","36.7500","36.7500","2012-10-18 22:00:00"
"22678","810","1","10","2012-10-03 00:00:00","2012-10-14 00:00:00","2012-10-03 00:00:00","2012-10-19 00:00:00","4.1000","92.2500","92.2500","2012-10-18 22:00:00"
"22678","810","2","20","2012-10-03 00:00:00","2012-10-14 00:00:00","2012-10-03 00:00:00","2012-10-19 00:00:00","3.5000","87.5000","87.5000","2012-10-18 22:00:00"
"22678","810","6","50","2012-10-03 00:00:00","2012-10-14 00:00:00","2012-10-03 00:00:00","2012-10-19 00:00:00","3.0000","36.7500","36.7500","2012-10-18 22:00:00"
"22679","811","1","10","2012-10-03 00:00:00","2012-10-14 00:00:00","2012-10-03 00:00:00","2012-10-19 00:00:00","4.1000","92.2500","92.2500","2012-10-18 22:00:00"
"22679","811","2","20","2012-10-03 00:00:00","2012-10-14 00:00:00","2012-10-03 00:00:00","2012-10-19 00:00:00","3.5000","87.5000","87.5000","2012-10-18 22:00:00"
"22679","811","6","50","2012-10-03 00:00:00","2012-10-14 00:00:00","2012-10-03 00:00:00","2012-10-19 00:00:00","3.0000","36.7500","36.7500","2012-10-18 22:00:00"
"22680","812","1","10","2012-10-03 00:00:00","2012-10-14 00:00:00","2012-10-03 00:00:00","2012-10-19 00:00:00","4.1000","92.2500","92.2500","2012-10-18 22:00:00"
"22680","812","2","20","2012-10-03 00:00:00","2012-10-14 00:00:00","2012-10-03 00:00:00","2012-10-19 00:00:00","3.5000","87.5000","87.5000","2012-10-18 22:00:00"
"22680","812","6","50","2012-10-03 00:00:00","2012-10-14 00:00:00","2012-10-03 00:00:00","2012-10-19 00:00:00","3.0000","36.7500","36.7500","2012-10-18 22:00:00"
"22681","813","1","10","2012-10-03 00:00:00","2012-10-14 00:00:00","2012-10-03 00:00:00","2012-10-19 00:00:00","4.1000","92.2500","92.2500","2012-10-18 22:00:00"
"22681","813","2","20","2012-10-03 00:00:00","2012-10-14 00:00:00","2012-10-03 00:00:00","2012-10-19 00:00:00","3.5000","87.5000","87.5000","2012-10-18 22:00:00"
"22681","813","6","50","2012-10-03 00:00:00","2012-10-14 00:00:00","2012-10-03 00:00:00","2012-10-19 00:00:00","3.0000","36.7500","36.7500","2012-10-18 22:00:00"
"22682","814","1","10","2012-10-03 00:00:00","2012-10-14 00:00:00","2012-10-03 00:00:00","2012-10-19 00:00:00","4.1000","92.2500","92.2500","2012-10-18 22:00:00"
"22682","814","2","20","2012-10-03 00:00:00","2012-10-14 00:00:00","2012-10-03 00:00:00","2012-10-19 00:00:00","3.5000","87.5000","87.5000","2012-10-18 22:00:00"
"22682","814","3","30","2012-10-03 00:00:00","2012-10-14 00:00:00","2012-10-03 00:00:00","2012-10-19 00:00:00","1.0000","14.5000","14.5000","2012-10-18 22:00:00"
"22682","814","4","40","2012-10-03 00:00:00","2012-10-14 00:00:00","2012-10-03 00:00:00","2012-10-19 00:00:00","2.0000","31.5000","31.5000","2012-10-18 22:00:00"
"22682","814","6","50","2012-10-03 00:00:00","2012-10-14 00:00:00","2012-10-03 00:00:00","2012-10-19 00:00:00","3.0000","36.7500","36.7500","2012-10-18 22:00:00"
"22682","814","7","60","2012-10-03 00:00:00","2012-10-14 00:00:00","2012-10-03 00:00:00","2012-10-19 00:00:00","4.0000","49.0000","49.0000","2012-10-18 22:00:00"
"22683","816","6","50","2012-10-03 00:00:00","2012-10-14 00:00:00","2012-10-03 00:00:00","2012-10-19 00:00:00","3.0000","36.7500","36.7500","2012-10-18 22:00:00"
"22684","818","6","50","2012-10-03 00:00:00","2012-10-14 00:00:00","2012-10-03 00:00:00","2012-10-19 00:00:00","3.0000","36.7500","36.7500","2012-10-18 22:00:00"
"22685","819","6","50","2012-10-03 00:00:00","2012-10-14 00:00:00","2012-10-03 00:00:00","2012-10-19 00:00:00","3.0000","36.7500","36.7500","2012-10-18 22:00:00"
"22686","820","6","50","2012-10-03 00:00:00","2012-10-14 00:00:00","2012-10-03 00:00:00","2012-10-19 00:00:00","3.0000","36.7500","36.7500","2012-10-18 22:00:00"
"22687","822","1","10","2012-10-03 00:00:00","2012-10-14 00:00:00","2012-10-03 00:00:00","2012-10-19 00:00:00","4.1000","92.2500","92.2500","2012-10-18 22:00:00"
"22687","822","2","20","2012-10-03 00:00:00","2012-10-14 00:00:00","2012-10-03 00:00:00","2012-10-19 00:00:00","3.5000","87.5000","87.5000","2012-10-18 22:00:00"
"22687","822","3","30","2012-10-03 00:00:00","2012-10-14 00:00:00","2012-10-03 00:00:00","2012-10-19 00:00:00","1.0000","14.5000","14.5000","2012-10-18 22:00:00"
"22687","822","4","40","2012-10-03 00:00:00","2012-10-14 00:00:00","2012-10-03 00:00:00","2012-10-19 00:00:00","2.0000","31.5000","31.5000","2012-10-18 22:00:00"
"22687","822","6","50","2012-10-03 00:00:00","2012-10-14 00:00:00","2012-10-03 00:00:00","2012-10-19 00:00:00","3.0000","36.7500","36.7500","2012-10-18 22:00:00"
"22687","822","7","60","2012-10-03 00:00:00","2012-10-14 00:00:00","2012-10-03 00:00:00","2012-10-19 00:00:00","4.0000","49.0000","49.0000","2012-10-18 22:00:00"
"22688","824","6","50","2012-10-03 00:00:00","2012-10-14 00:00:00","2012-10-03 00:00:00","2012-10-19 00:00:00","3.0000","36.7500","36.7500","2012-10-18 22:00:00"
"22689","826","6","50","2012-10-03 00:00:00","2012-10-14 00:00:00","2012-10-03 00:00:00","2012-10-19 00:00:00","3.0000","36.7500","36.7500","2012-10-18 22:00:00"
"22690","827","6","50","2012-10-03 00:00:00","2012-10-14 00:00:00","2012-10-03 00:00:00","2012-10-19 00:00:00","3.0000","36.7500","36.7500","2012-10-18 22:00:00"
"22691","828","6","50","2012-10-03 00:00:00","2012-10-14 00:00:00","2012-10-03 00:00:00","2012-10-19 00:00:00","3.0000","36.7500","36.7500","2012-10-18 22:00:00"
"22702","894","6","50","2012-10-03 00:00:00","2012-10-14 00:00:00","2012-10-03 00:00:00","2012-10-19 00:00:00","3.0000","36.7500","36.7500","2012-10-18 22:00:00"
"22703","945","1","10","2012-10-03 00:00:00","2012-10-14 00:00:00","2012-10-03 00:00:00","2012-10-19 00:00:00","4.1000","92.2500","92.2500","2012-10-18 22:00:00"
"22703","945","6","50","2012-10-03 00:00:00","2012-10-14 00:00:00","2012-10-03 00:00:00","2012-10-19 00:00:00","3.0000","36.7500","36.7500","2012-10-18 22:00:00"
"22704","950","6","50","2012-10-03 00:00:00","2012-10-14 00:00:00","2012-10-03 00:00:00","2012-10-19 00:00:00","3.0000","36.7500","36.7500","2012-10-18 22:00:00"
"22705","994","6","50","2012-10-03 00:00:00","2012-10-14 00:00:00","2012-10-03 00:00:00","2012-10-19 00:00:00","3.0000","36.7500","36.7500","2012-10-18 22:00:00"
"22706","995","6","50","2012-10-03 00:00:00","2012-10-14 00:00:00","2012-10-03 00:00:00","2012-10-19 00:00:00","3.0000","36.7500","36.7500","2012-10-18 22:00:00"
"22707","996","6","50","2012-10-03 00:00:00","2012-10-14 00:00:00","2012-10-03 00:00:00","2012-10-19 00:00:00","3.0000","36.7500","36.7500","2012-10-18 22:00:00"
"22721","802","1","10","2012-10-03 00:00:00","2012-10-14 00:00:00","2012-10-03 00:00:00","2012-10-19 00:00:00","4.1000","92.2500","92.2500","2012-10-18 22:00:00"
"22721","802","6","50","2012-10-03 00:00:00","2012-10-14 00:00:00","2012-10-03 00:00:00","2012-10-19 00:00:00","3.0000","36.7500","36.7500","2012-10-18 22:00:00"
"22722","803","1","10","2012-10-03 00:00:00","2012-10-14 00:00:00","2012-10-03 00:00:00","2012-10-19 00:00:00","4.1000","92.2500","92.2500","2012-10-18 22:00:00"
"22722","803","6","50","2012-10-03 00:00:00","2012-10-14 00:00:00","2012-10-03 00:00:00","2012-10-19 00:00:00","3.0000","36.7500","36.7500","2012-10-18 22:00:00"
"22723","804","1","10","2012-10-03 00:00:00","2012-10-14 00:00:00","2012-10-03 00:00:00","2012-10-19 00:00:00","4.1000","92.2500","92.2500","2012-10-18 22:00:00"
"22723","804","6","50","2012-10-03 00:00:00","2012-10-14 00:00:00","2012-10-03 00:00:00","2012-10-19 00:00:00","3.0000","36.7500","36.7500","2012-10-18 22:00:00"
"22728","781","7","60","2012-10-04 00:00:00","2012-10-15 00:00:00","2012-10-09 00:00:00","2012-10-15 00:00:00","4.0000","49.0000","49.0000","2012-10-14 22:00:00"
"22729","783","7","60","2012-10-04 00:00:00","2012-10-15 00:00:00","2012-10-09 00:00:00","2012-10-15 00:00:00","4.0000","49.0000","49.0000","2012-10-14 22:00:00"
"22730","790","7","60","2012-10-04 00:00:00","2012-10-15 00:00:00","2012-10-09 00:00:00","2012-10-15 00:00:00","4.0000","49.0000","49.0000","2012-10-14 22:00:00"
"22731","796","7","60","2012-10-04 00:00:00","2012-10-15 00:00:00","2012-10-09 00:00:00","2012-10-15 00:00:00","4.0000","49.0000","49.0000","2012-10-14 22:00:00"
"22732","516","6","50","2012-10-04 00:00:00","2012-10-15 00:00:00","2012-10-09 00:00:00","2012-10-15 00:00:00","3.0000","36.7500","36.7500","2012-10-14 22:00:00"
"22732","516","7","60","2012-10-04 00:00:00","2012-10-15 00:00:00","2012-10-09 00:00:00","2012-10-15 00:00:00","4.0000","49.0000","49.0000","2012-10-14 22:00:00"
"22733","519","6","50","2012-10-04 00:00:00","2012-10-15 00:00:00","2012-10-09 00:00:00","2012-10-15 00:00:00","3.0000","36.7500","36.7500","2012-10-14 22:00:00"
"22733","519","7","60","2012-10-04 00:00:00","2012-10-15 00:00:00","2012-10-09 00:00:00","2012-10-15 00:00:00","4.0000","49.0000","49.0000","2012-10-14 22:00:00"
"22738","806","6","50","2012-10-04 00:00:00","2012-10-15 00:00:00","2012-10-09 00:00:00","2012-10-15 00:00:00","3.0000","36.7500","36.7500","2012-10-14 22:00:00"
"22739","810","1","10","2012-10-04 00:00:00","2012-10-15 00:00:00","2012-10-09 00:00:00","2012-10-15 00:00:00","4.1000","92.2500","92.2500","2012-10-14 22:00:00"
"22739","810","2","20","2012-10-04 00:00:00","2012-10-15 00:00:00","2012-10-09 00:00:00","2012-10-15 00:00:00","3.5000","87.5000","87.5000","2012-10-14 22:00:00"
"22739","810","6","50","2012-10-04 00:00:00","2012-10-15 00:00:00","2012-10-09 00:00:00","2012-10-15 00:00:00","3.0000","36.7500","36.7500","2012-10-14 22:00:00"
"22740","813","1","10","2012-10-04 00:00:00","2012-10-15 00:00:00","2012-10-09 00:00:00","2012-10-15 00:00:00","4.1000","92.2500","92.2500","2012-10-14 22:00:00"
"22740","813","2","20","2012-10-04 00:00:00","2012-10-15 00:00:00","2012-10-09 00:00:00","2012-10-15 00:00:00","3.5000","87.5000","87.5000","2012-10-14 22:00:00"
"22740","813","6","50","2012-10-04 00:00:00","2012-10-15 00:00:00","2012-10-09 00:00:00","2012-10-15 00:00:00","3.0000","36.7500","36.7500","2012-10-14 22:00:00"
"22741","816","6","50","2012-10-04 00:00:00","2012-10-15 00:00:00","2012-10-09 00:00:00","2012-10-15 00:00:00","3.0000","36.7500","36.7500","2012-10-14 22:00:00"
"22742","820","6","50","2012-10-04 00:00:00","2012-10-15 00:00:00","2012-10-09 00:00:00","2012-10-15 00:00:00","3.0000","36.7500","36.7500","2012-10-14 22:00:00"
"22743","824","6","50","2012-10-04 00:00:00","2012-10-15 00:00:00","2012-10-09 00:00:00","2012-10-15 00:00:00","3.0000","36.7500","36.7500","2012-10-14 22:00:00"
"22744","828","6","50","2012-10-04 00:00:00","2012-10-15 00:00:00","2012-10-09 00:00:00","2012-10-15 00:00:00","3.0000","36.7500","36.7500","2012-10-14 22:00:00"
"22745","894","6","50","2012-10-04 00:00:00","2012-10-15 00:00:00","2012-10-09 00:00:00","2012-10-15 00:00:00","3.0000","36.7500","36.7500","2012-10-14 22:00:00"
"22746","945","1","10","2012-10-04 00:00:00","2012-10-15 00:00:00","2012-10-09 00:00:00","2012-10-15 00:00:00","4.1000","92.2500","92.2500","2012-10-14 22:00:00"
"22746","945","6","50","2012-10-04 00:00:00","2012-10-15 00:00:00","2012-10-09 00:00:00","2012-10-15 00:00:00","3.0000","36.7500","36.7500","2012-10-14 22:00:00"
"22747","950","6","50","2012-10-04 00:00:00","2012-10-15 00:00:00","2012-10-09 00:00:00","2012-10-15 00:00:00","3.0000","36.7500","36.7500","2012-10-14 22:00:00"
"22748","995","6","50","2012-10-04 00:00:00","2012-10-15 00:00:00","2012-10-09 00:00:00","2012-10-15 00:00:00","3.0000","36.7500","36.7500","2012-10-14 22:00:00"
"22749","996","6","50","2012-10-04 00:00:00","2012-10-15 00:00:00","2012-10-09 00:00:00","2012-10-15 00:00:00","3.0000","36.7500","36.7500","2012-10-14 22:00:00"
"22762","804","1","10","2012-10-04 00:00:00","2012-10-15 00:00:00","2012-10-09 00:00:00","2012-10-15 00:00:00","4.1000","92.2500","92.2500","2012-10-14 22:00:00"
"22762","804","6","50","2012-10-04 00:00:00","2012-10-15 00:00:00","2012-10-09 00:00:00","2012-10-15 00:00:00","3.0000","36.7500","36.7500","2012-10-14 22:00:00"
"22767","760","7","60","2012-10-05 00:00:00","2012-10-16 00:00:00","2012-10-05 00:00:00","2012-10-23 00:00:00","4.0000","49.0000","49.0000","2012-10-22 22:00:00"
"22768","781","7","60","2012-10-05 00:00:00","2012-10-16 00:00:00","2012-10-05 00:00:00","2012-10-23 00:00:00","4.0000","49.0000","49.0000","2012-10-22 22:00:00"
"22769","783","7","60","2012-10-05 00:00:00","2012-10-16 00:00:00","2012-10-05 00:00:00","2012-10-23 00:00:00","4.0000","49.0000","49.0000","2012-10-22 22:00:00"
"22770","791","7","60","2012-10-05 00:00:00","2012-10-16 00:00:00","2012-10-05 00:00:00","2012-10-23 00:00:00","4.0000","49.0000","49.0000","2012-10-22 22:00:00"
"22771","795","7","60","2012-10-05 00:00:00","2012-10-16 00:00:00","2012-10-05 00:00:00","2012-10-23 00:00:00","4.0000","49.0000","49.0000","2012-10-22 22:00:00"
"22772","801","7","60","2012-10-05 00:00:00","2012-10-16 00:00:00","2012-10-05 00:00:00","2012-10-23 00:00:00","4.0000","49.0000","49.0000","2012-10-22 22:00:00"
"22773","516","6","50","2012-10-05 00:00:00","2012-10-16 00:00:00","2012-10-05 00:00:00","2012-10-23 00:00:00","3.0000","36.7500","36.7500","2012-10-22 22:00:00"
"22773","516","7","60","2012-10-05 00:00:00","2012-10-16 00:00:00","2012-10-05 00:00:00","2012-10-23 00:00:00","4.0000","49.0000","49.0000","2012-10-22 22:00:00"
"22774","517","6","50","2012-10-05 00:00:00","2012-10-16 00:00:00","2012-10-05 00:00:00","2012-10-23 00:00:00","3.0000","36.7500","36.7500","2012-10-22 22:00:00"
"22774","517","7","60","2012-10-05 00:00:00","2012-10-16 00:00:00","2012-10-05 00:00:00","2012-10-23 00:00:00","4.0000","49.0000","49.0000","2012-10-22 22:00:00"
"22775","518","6","50","2012-10-05 00:00:00","2012-10-16 00:00:00","2012-10-05 00:00:00","2012-10-23 00:00:00","3.0000","36.7500","36.7500","2012-10-22 22:00:00"
"22775","518","7","60","2012-10-05 00:00:00","2012-10-16 00:00:00","2012-10-05 00:00:00","2012-10-23 00:00:00","4.0000","49.0000","49.0000","2012-10-22 22:00:00"
"22776","519","6","50","2012-10-05 00:00:00","2012-10-16 00:00:00","2012-10-05 00:00:00","2012-10-23 00:00:00","3.0000","36.7500","36.7500","2012-10-22 22:00:00"
"22776","519","7","60","2012-10-05 00:00:00","2012-10-16 00:00:00","2012-10-05 00:00:00","2012-10-23 00:00:00","4.0000","49.0000","49.0000","2012-10-22 22:00:00"
"22781","806","6","50","2012-10-05 00:00:00","2012-10-16 00:00:00","2012-10-05 00:00:00","2012-10-23 00:00:00","3.0000","36.7500","36.7500","2012-10-22 22:00:00"
"22782","810","1","10","2012-10-05 00:00:00","2012-10-16 00:00:00","2012-10-05 00:00:00","2012-10-23 00:00:00","4.1000","92.2500","92.2500","2012-10-22 22:00:00"
"22782","810","2","20","2012-10-05 00:00:00","2012-10-16 00:00:00","2012-10-05 00:00:00","2012-10-23 00:00:00","3.5000","87.5000","87.5000","2012-10-22 22:00:00"
"22782","810","6","50","2012-10-05 00:00:00","2012-10-16 00:00:00","2012-10-05 00:00:00","2012-10-23 00:00:00","3.0000","36.7500","36.7500","2012-10-22 22:00:00"
"22783","811","1","10","2012-10-05 00:00:00","2012-10-16 00:00:00","2012-10-05 00:00:00","2012-10-23 00:00:00","4.1000","92.2500","92.2500","2012-10-22 22:00:00"
"22783","811","2","20","2012-10-05 00:00:00","2012-10-16 00:00:00","2012-10-05 00:00:00","2012-10-23 00:00:00","3.5000","87.5000","87.5000","2012-10-22 22:00:00"
"22783","811","6","50","2012-10-05 00:00:00","2012-10-16 00:00:00","2012-10-05 00:00:00","2012-10-23 00:00:00","3.0000","36.7500","36.7500","2012-10-22 22:00:00"
"22784","812","1","10","2012-10-05 00:00:00","2012-10-16 00:00:00","2012-10-05 00:00:00","2012-10-23 00:00:00","4.1000","92.2500","92.2500","2012-10-22 22:00:00"
"22784","812","2","20","2012-10-05 00:00:00","2012-10-16 00:00:00","2012-10-05 00:00:00","2012-10-23 00:00:00","3.5000","87.5000","87.5000","2012-10-22 22:00:00"
"22784","812","6","50","2012-10-05 00:00:00","2012-10-16 00:00:00","2012-10-05 00:00:00","2012-10-23 00:00:00","3.0000","36.7500","36.7500","2012-10-22 22:00:00"
"22785","813","1","10","2012-10-05 00:00:00","2012-10-16 00:00:00","2012-10-05 00:00:00","2012-10-23 00:00:00","4.1000","92.2500","92.2500","2012-10-22 22:00:00"
"22785","813","2","20","2012-10-05 00:00:00","2012-10-16 00:00:00","2012-10-05 00:00:00","2012-10-23 00:00:00","3.5000","87.5000","87.5000","2012-10-22 22:00:00"
"22785","813","6","50","2012-10-05 00:00:00","2012-10-16 00:00:00","2012-10-05 00:00:00","2012-10-23 00:00:00","3.0000","36.7500","36.7500","2012-10-22 22:00:00"
"22786","816","6","50","2012-10-05 00:00:00","2012-10-16 00:00:00","2012-10-05 00:00:00","2012-10-23 00:00:00","3.0000","36.7500","36.7500","2012-10-22 22:00:00"
"22787","818","6","50","2012-10-05 00:00:00","2012-10-16 00:00:00","2012-10-05 00:00:00","2012-10-23 00:00:00","3.0000","36.7500","36.7500","2012-10-22 22:00:00"
"22788","819","6","50","2012-10-05 00:00:00","2012-10-16 00:00:00","2012-10-05 00:00:00","2012-10-23 00:00:00","3.0000","36.7500","36.7500","2012-10-22 22:00:00"
"22789","820","6","50","2012-10-05 00:00:00","2012-10-16 00:00:00","2012-10-05 00:00:00","2012-10-23 00:00:00","3.0000","36.7500","36.7500","2012-10-22 22:00:00"
"22790","824","6","50","2012-10-05 00:00:00","2012-10-16 00:00:00","2012-10-05 00:00:00","2012-10-23 00:00:00","3.0000","36.7500","36.7500","2012-10-22 22:00:00"
"22791","826","6","50","2012-10-05 00:00:00","2012-10-16 00:00:00","2012-10-05 00:00:00","2012-10-23 00:00:00","3.0000","36.7500","36.7500","2012-10-22 22:00:00"
"22792","827","6","50","2012-10-05 00:00:00","2012-10-16 00:00:00","2012-10-05 00:00:00","2012-10-23 00:00:00","3.0000","36.7500","36.7500","2012-10-22 22:00:00"
"22793","828","6","50","2012-10-05 00:00:00","2012-10-16 00:00:00","2012-10-05 00:00:00","2012-10-23 00:00:00","3.0000","36.7500","36.7500","2012-10-22 22:00:00"
"22796","894","6","50","2012-10-05 00:00:00","2012-10-16 00:00:00","2012-10-05 00:00:00","2012-10-23 00:00:00","3.0000","36.7500","36.7500","2012-10-22 22:00:00"
"22797","945","1","10","2012-10-05 00:00:00","2012-10-16 00:00:00","2012-10-05 00:00:00","2012-10-23 00:00:00","4.1000","92.2500","92.2500","2012-10-22 22:00:00"
"22797","945","6","50","2012-10-05 00:00:00","2012-10-16 00:00:00","2012-10-05 00:00:00","2012-10-23 00:00:00","3.0000","36.7500","36.7500","2012-10-22 22:00:00"
"22798","950","6","50","2012-10-05 00:00:00","2012-10-16 00:00:00","2012-10-05 00:00:00","2012-10-23 00:00:00","3.0000","36.7500","36.7500","2012-10-22 22:00:00"
"22799","994","6","50","2012-10-05 00:00:00","2012-10-16 00:00:00","2012-10-05 00:00:00","2012-10-23 00:00:00","3.0000","36.7500","36.7500","2012-10-22 22:00:00"
"22800","995","6","50","2012-10-05 00:00:00","2012-10-16 00:00:00","2012-10-05 00:00:00","2012-10-23 00:00:00","3.0000","36.7500","36.7500","2012-10-22 22:00:00"
"22801","996","6","50","2012-10-05 00:00:00","2012-10-16 00:00:00","2012-10-05 00:00:00","2012-10-23 00:00:00","3.0000","36.7500","36.7500","2012-10-22 22:00:00"
"22815","802","1","10","2012-10-05 00:00:00","2012-10-16 00:00:00","2012-10-05 00:00:00","2012-10-23 00:00:00","4.1000","92.2500","92.2500","2012-10-22 22:00:00"
"22815","802","6","50","2012-10-05 00:00:00","2012-10-16 00:00:00","2012-10-05 00:00:00","2012-10-23 00:00:00","3.0000","36.7500","36.7500","2012-10-22 22:00:00"
"22816","803","1","10","2012-10-05 00:00:00","2012-10-16 00:00:00","2012-10-05 00:00:00","2012-10-23 00:00:00","4.1000","92.2500","92.2500","2012-10-22 22:00:00"
"22816","803","6","50","2012-10-05 00:00:00","2012-10-16 00:00:00","2012-10-05 00:00:00","2012-10-23 00:00:00","3.0000","36.7500","36.7500","2012-10-22 22:00:00"
"22817","804","1","10","2012-10-05 00:00:00","2012-10-16 00:00:00","2012-10-05 00:00:00","2012-10-23 00:00:00","4.1000","92.2500","92.2500","2012-10-22 22:00:00"
"22817","804","6","50","2012-10-05 00:00:00","2012-10-16 00:00:00","2012-10-05 00:00:00","2012-10-23 00:00:00","3.0000","36.7500","36.7500","2012-10-22 22:00:00"
"22822","790","7","60","2012-10-06 00:00:00","2012-10-17 00:00:00","2012-10-13 00:00:00","2012-10-17 00:00:00","4.0000","49.0000","49.0000","2012-10-16 22:00:00"
"22823","519","6","50","2012-10-06 00:00:00","2012-10-17 00:00:00","2012-10-13 00:00:00","2012-10-17 00:00:00","3.0000","36.7500","36.7500","2012-10-16 22:00:00"
"22823","519","7","60","2012-10-06 00:00:00","2012-10-17 00:00:00","2012-10-13 00:00:00","2012-10-17 00:00:00","4.0000","49.0000","49.0000","2012-10-16 22:00:00"
"22825","806","6","50","2012-10-06 00:00:00","2012-10-17 00:00:00","2012-10-13 00:00:00","2012-10-17 00:00:00","3.0000","36.7500","36.7500","2012-10-16 22:00:00"
"22826","813","1","10","2012-10-06 00:00:00","2012-10-17 00:00:00","2012-10-13 00:00:00","2012-10-17 00:00:00","4.1000","92.2500","92.2500","2012-10-16 22:00:00"
"22826","813","2","20","2012-10-06 00:00:00","2012-10-17 00:00:00","2012-10-13 00:00:00","2012-10-17 00:00:00","3.5000","87.5000","87.5000","2012-10-16 22:00:00"
"22826","813","6","50","2012-10-06 00:00:00","2012-10-17 00:00:00","2012-10-13 00:00:00","2012-10-17 00:00:00","3.0000","36.7500","36.7500","2012-10-16 22:00:00"
"22827","820","6","50","2012-10-06 00:00:00","2012-10-17 00:00:00","2012-10-13 00:00:00","2012-10-17 00:00:00","3.0000","36.7500","36.7500","2012-10-16 22:00:00"
"22828","828","6","50","2012-10-06 00:00:00","2012-10-17 00:00:00","2012-10-13 00:00:00","2012-10-17 00:00:00","3.0000","36.7500","36.7500","2012-10-16 22:00:00"
"22829","894","6","50","2012-10-06 00:00:00","2012-10-17 00:00:00","2012-10-13 00:00:00","2012-10-17 00:00:00","3.0000","36.7500","36.7500","2012-10-16 22:00:00"
"22830","945","1","10","2012-10-06 00:00:00","2012-10-17 00:00:00","2012-10-13 00:00:00","2012-10-17 00:00:00","4.1000","92.2500","92.2500","2012-10-16 22:00:00"
"22830","945","6","50","2012-10-06 00:00:00","2012-10-17 00:00:00","2012-10-13 00:00:00","2012-10-17 00:00:00","3.0000","36.7500","36.7500","2012-10-16 22:00:00"
"22831","950","6","50","2012-10-06 00:00:00","2012-10-17 00:00:00","2012-10-13 00:00:00","2012-10-17 00:00:00","3.0000","36.7500","36.7500","2012-10-16 22:00:00"
"22832","996","6","50","2012-10-06 00:00:00","2012-10-17 00:00:00","2012-10-13 00:00:00","2012-10-17 00:00:00","3.0000","36.7500","36.7500","2012-10-16 22:00:00"
"22844","804","1","10","2012-10-06 00:00:00","2012-10-17 00:00:00","2012-10-13 00:00:00","2012-10-17 00:00:00","4.1000","92.2500","92.2500","2012-10-16 22:00:00"
"22844","804","6","50","2012-10-06 00:00:00","2012-10-17 00:00:00","2012-10-13 00:00:00","2012-10-17 00:00:00","3.0000","36.7500","36.7500","2012-10-16 22:00:00"
"22849","759","7","60","2012-10-07 00:00:00","2012-10-18 00:00:00","2012-10-07 00:00:00","2012-10-27 00:00:00","4.0000","49.0000","49.0000","2012-10-26 22:00:00"
"22850","766","7","60","2012-10-07 00:00:00","2012-10-18 00:00:00","2012-10-07 00:00:00","2012-10-27 00:00:00","4.0000","49.0000","49.0000","2012-10-26 22:00:00"
"22851","792","7","60","2012-10-07 00:00:00","2012-10-18 00:00:00","2012-10-07 00:00:00","2012-10-27 00:00:00","4.0000","49.0000","49.0000","2012-10-26 22:00:00"
"22852","798","7","60","2012-10-07 00:00:00","2012-10-18 00:00:00","2012-10-07 00:00:00","2012-10-27 00:00:00","4.0000","49.0000","49.0000","2012-10-26 22:00:00"
"22853","517","6","50","2012-10-07 00:00:00","2012-10-18 00:00:00","2012-10-07 00:00:00","2012-10-27 00:00:00","3.0000","36.7500","36.7500","2012-10-26 22:00:00"
"22853","517","7","60","2012-10-07 00:00:00","2012-10-18 00:00:00","2012-10-07 00:00:00","2012-10-27 00:00:00","4.0000","49.0000","49.0000","2012-10-26 22:00:00"
"22854","518","6","50","2012-10-07 00:00:00","2012-10-18 00:00:00","2012-10-07 00:00:00","2012-10-27 00:00:00","3.0000","36.7500","36.7500","2012-10-26 22:00:00"
"22854","518","7","60","2012-10-07 00:00:00","2012-10-18 00:00:00","2012-10-07 00:00:00","2012-10-27 00:00:00","4.0000","49.0000","49.0000","2012-10-26 22:00:00"
"22855","519","6","50","2012-10-07 00:00:00","2012-10-18 00:00:00","2012-10-07 00:00:00","2012-10-27 00:00:00","3.0000","36.7500","36.7500","2012-10-26 22:00:00"
"22855","519","7","60","2012-10-07 00:00:00","2012-10-18 00:00:00","2012-10-07 00:00:00","2012-10-27 00:00:00","4.0000","49.0000","49.0000","2012-10-26 22:00:00"
"22859","806","6","50","2012-10-07 00:00:00","2012-10-18 00:00:00","2012-10-07 00:00:00","2012-10-27 00:00:00","3.0000","36.7500","36.7500","2012-10-26 22:00:00"
"22860","811","1","10","2012-10-07 00:00:00","2012-10-18 00:00:00","2012-10-07 00:00:00","2012-10-27 00:00:00","4.1000","92.2500","92.2500","2012-10-26 22:00:00"
"22860","811","2","20","2012-10-07 00:00:00","2012-10-18 00:00:00","2012-10-07 00:00:00","2012-10-27 00:00:00","3.5000","87.5000","87.5000","2012-10-26 22:00:00"
"22860","811","6","50","2012-10-07 00:00:00","2012-10-18 00:00:00","2012-10-07 00:00:00","2012-10-27 00:00:00","3.0000","36.7500","36.7500","2012-10-26 22:00:00"
"22861","812","1","10","2012-10-07 00:00:00","2012-10-18 00:00:00","2012-10-07 00:00:00","2012-10-27 00:00:00","4.1000","92.2500","92.2500","2012-10-26 22:00:00"
"22861","812","2","20","2012-10-07 00:00:00","2012-10-18 00:00:00","2012-10-07 00:00:00","2012-10-27 00:00:00","3.5000","87.5000","87.5000","2012-10-26 22:00:00"
"22861","812","6","50","2012-10-07 00:00:00","2012-10-18 00:00:00","2012-10-07 00:00:00","2012-10-27 00:00:00","3.0000","36.7500","36.7500","2012-10-26 22:00:00"
"22862","813","1","10","2012-10-07 00:00:00","2012-10-18 00:00:00","2012-10-07 00:00:00","2012-10-27 00:00:00","4.1000","92.2500","92.2500","2012-10-26 22:00:00"
"22862","813","2","20","2012-10-07 00:00:00","2012-10-18 00:00:00","2012-10-07 00:00:00","2012-10-27 00:00:00","3.5000","87.5000","87.5000","2012-10-26 22:00:00"
"22862","813","6","50","2012-10-07 00:00:00","2012-10-18 00:00:00","2012-10-07 00:00:00","2012-10-27 00:00:00","3.0000","36.7500","36.7500","2012-10-26 22:00:00"
"22863","818","6","50","2012-10-07 00:00:00","2012-10-18 00:00:00","2012-10-07 00:00:00","2012-10-27 00:00:00","3.0000","36.7500","36.7500","2012-10-26 22:00:00"
"22864","819","6","50","2012-10-07 00:00:00","2012-10-18 00:00:00","2012-10-07 00:00:00","2012-10-27 00:00:00","3.0000","36.7500","36.7500","2012-10-26 22:00:00"
"22865","820","6","50","2012-10-07 00:00:00","2012-10-18 00:00:00","2012-10-07 00:00:00","2012-10-27 00:00:00","3.0000","36.7500","36.7500","2012-10-26 22:00:00"
"22866","826","6","50","2012-10-07 00:00:00","2012-10-18 00:00:00","2012-10-07 00:00:00","2012-10-27 00:00:00","3.0000","36.7500","36.7500","2012-10-26 22:00:00"
"22867","827","6","50","2012-10-07 00:00:00","2012-10-18 00:00:00","2012-10-07 00:00:00","2012-10-27 00:00:00","3.0000","36.7500","36.7500","2012-10-26 22:00:00"
"22868","828","6","50","2012-10-07 00:00:00","2012-10-18 00:00:00","2012-10-07 00:00:00","2012-10-27 00:00:00","3.0000","36.7500","36.7500","2012-10-26 22:00:00"
"22870","894","6","50","2012-10-07 00:00:00","2012-10-18 00:00:00","2012-10-07 00:00:00","2012-10-27 00:00:00","3.0000","36.7500","36.7500","2012-10-26 22:00:00"
"22871","945","1","10","2012-10-07 00:00:00","2012-10-18 00:00:00","2012-10-07 00:00:00","2012-10-27 00:00:00","4.1000","92.2500","92.2500","2012-10-26 22:00:00"
"22871","945","6","50","2012-10-07 00:00:00","2012-10-18 00:00:00","2012-10-07 00:00:00","2012-10-27 00:00:00","3.0000","36.7500","36.7500","2012-10-26 22:00:00"
"22872","950","6","50","2012-10-07 00:00:00","2012-10-18 00:00:00","2012-10-07 00:00:00","2012-10-27 00:00:00","3.0000","36.7500","36.7500","2012-10-26 22:00:00"
"22873","994","6","50","2012-10-07 00:00:00","2012-10-18 00:00:00","2012-10-07 00:00:00","2012-10-27 00:00:00","3.0000","36.7500","36.7500","2012-10-26 22:00:00"
"22874","996","6","50","2012-10-07 00:00:00","2012-10-18 00:00:00","2012-10-07 00:00:00","2012-10-27 00:00:00","3.0000","36.7500","36.7500","2012-10-26 22:00:00"
"22887","802","1","10","2012-10-07 00:00:00","2012-10-18 00:00:00","2012-10-07 00:00:00","2012-10-27 00:00:00","4.1000","92.2500","92.2500","2012-10-26 22:00:00"
"22887","802","6","50","2012-10-07 00:00:00","2012-10-18 00:00:00","2012-10-07 00:00:00","2012-10-27 00:00:00","3.0000","36.7500","36.7500","2012-10-26 22:00:00"
"22888","803","1","10","2012-10-07 00:00:00","2012-10-18 00:00:00","2012-10-07 00:00:00","2012-10-27 00:00:00","4.1000","92.2500","92.2500","2012-10-26 22:00:00"
"22888","803","6","50","2012-10-07 00:00:00","2012-10-18 00:00:00","2012-10-07 00:00:00","2012-10-27 00:00:00","3.0000","36.7500","36.7500","2012-10-26 22:00:00"
"22889","804","1","10","2012-10-07 00:00:00","2012-10-18 00:00:00","2012-10-07 00:00:00","2012-10-27 00:00:00","4.1000","92.2500","92.2500","2012-10-26 22:00:00"
"22889","804","6","50","2012-10-07 00:00:00","2012-10-18 00:00:00","2012-10-07 00:00:00","2012-10-27 00:00:00","3.0000","36.7500","36.7500","2012-10-26 22:00:00"
"22894","761","7","60","2012-10-08 00:00:00","2012-10-19 00:00:00","2012-10-17 00:00:00","2012-10-19 00:00:00","4.0000","49.0000","49.0000","2012-10-18 22:00:00"
"22895","762","7","60","2012-10-08 00:00:00","2012-10-19 00:00:00","2012-10-17 00:00:00","2012-10-19 00:00:00","4.0000","49.0000","49.0000","2012-10-18 22:00:00"
"22896","783","7","60","2012-10-08 00:00:00","2012-10-19 00:00:00","2012-10-17 00:00:00","2012-10-19 00:00:00","4.0000","49.0000","49.0000","2012-10-18 22:00:00"
"22897","790","7","60","2012-10-08 00:00:00","2012-10-19 00:00:00","2012-10-17 00:00:00","2012-10-19 00:00:00","4.0000","49.0000","49.0000","2012-10-18 22:00:00"
"22898","792","7","60","2012-10-08 00:00:00","2012-10-19 00:00:00","2012-10-17 00:00:00","2012-10-19 00:00:00","4.0000","49.0000","49.0000","2012-10-18 22:00:00"
"22899","795","7","60","2012-10-08 00:00:00","2012-10-19 00:00:00","2012-10-17 00:00:00","2012-10-19 00:00:00","4.0000","49.0000","49.0000","2012-10-18 22:00:00"
"22900","797","7","60","2012-10-08 00:00:00","2012-10-19 00:00:00","2012-10-17 00:00:00","2012-10-19 00:00:00","4.0000","49.0000","49.0000","2012-10-18 22:00:00"
"22901","516","6","50","2012-10-08 00:00:00","2012-10-19 00:00:00","2012-10-17 00:00:00","2012-10-19 00:00:00","3.0000","36.7500","36.7500","2012-10-18 22:00:00"
"22901","516","7","60","2012-10-08 00:00:00","2012-10-19 00:00:00","2012-10-17 00:00:00","2012-10-19 00:00:00","4.0000","49.0000","49.0000","2012-10-18 22:00:00"
"22902","517","6","50","2012-10-08 00:00:00","2012-10-19 00:00:00","2012-10-17 00:00:00","2012-10-19 00:00:00","3.0000","36.7500","36.7500","2012-10-18 22:00:00"
"22902","517","7","60","2012-10-08 00:00:00","2012-10-19 00:00:00","2012-10-17 00:00:00","2012-10-19 00:00:00","4.0000","49.0000","49.0000","2012-10-18 22:00:00"
"22903","518","6","50","2012-10-08 00:00:00","2012-10-19 00:00:00","2012-10-17 00:00:00","2012-10-19 00:00:00","3.0000","36.7500","36.7500","2012-10-18 22:00:00"
"22903","518","7","60","2012-10-08 00:00:00","2012-10-19 00:00:00","2012-10-17 00:00:00","2012-10-19 00:00:00","4.0000","49.0000","49.0000","2012-10-18 22:00:00"
"22904","519","6","50","2012-10-08 00:00:00","2012-10-19 00:00:00","2012-10-17 00:00:00","2012-10-19 00:00:00","3.0000","36.7500","36.7500","2012-10-18 22:00:00"
"22904","519","7","60","2012-10-08 00:00:00","2012-10-19 00:00:00","2012-10-17 00:00:00","2012-10-19 00:00:00","4.0000","49.0000","49.0000","2012-10-18 22:00:00"
"22910","806","6","50","2012-10-08 00:00:00","2012-10-19 00:00:00","2012-10-17 00:00:00","2012-10-19 00:00:00","3.0000","36.7500","36.7500","2012-10-18 22:00:00"
"22911","810","1","10","2012-10-08 00:00:00","2012-10-19 00:00:00","2012-10-17 00:00:00","2012-10-19 00:00:00","4.1000","92.2500","92.2500","2012-10-18 22:00:00"
"22911","810","2","20","2012-10-08 00:00:00","2012-10-19 00:00:00","2012-10-17 00:00:00","2012-10-19 00:00:00","3.5000","87.5000","87.5000","2012-10-18 22:00:00"
"22911","810","6","50","2012-10-08 00:00:00","2012-10-19 00:00:00","2012-10-17 00:00:00","2012-10-19 00:00:00","3.0000","36.7500","36.7500","2012-10-18 22:00:00"
"22912","811","1","10","2012-10-08 00:00:00","2012-10-19 00:00:00","2012-10-17 00:00:00","2012-10-19 00:00:00","4.1000","92.2500","92.2500","2012-10-18 22:00:00"
"22912","811","2","20","2012-10-08 00:00:00","2012-10-19 00:00:00","2012-10-17 00:00:00","2012-10-19 00:00:00","3.5000","87.5000","87.5000","2012-10-18 22:00:00"
"22912","811","6","50","2012-10-08 00:00:00","2012-10-19 00:00:00","2012-10-17 00:00:00","2012-10-19 00:00:00","3.0000","36.7500","36.7500","2012-10-18 22:00:00"
"22913","812","1","10","2012-10-08 00:00:00","2012-10-19 00:00:00","2012-10-17 00:00:00","2012-10-19 00:00:00","4.1000","92.2500","92.2500","2012-10-18 22:00:00"
"22913","812","2","20","2012-10-08 00:00:00","2012-10-19 00:00:00","2012-10-17 00:00:00","2012-10-19 00:00:00","3.5000","87.5000","87.5000","2012-10-18 22:00:00"
"22913","812","6","50","2012-10-08 00:00:00","2012-10-19 00:00:00","2012-10-17 00:00:00","2012-10-19 00:00:00","3.0000","36.7500","36.7500","2012-10-18 22:00:00"
"22914","813","1","10","2012-10-08 00:00:00","2012-10-19 00:00:00","2012-10-17 00:00:00","2012-10-19 00:00:00","4.1000","92.2500","92.2500","2012-10-18 22:00:00"
"22914","813","2","20","2012-10-08 00:00:00","2012-10-19 00:00:00","2012-10-17 00:00:00","2012-10-19 00:00:00","3.5000","87.5000","87.5000","2012-10-18 22:00:00"
"22914","813","6","50","2012-10-08 00:00:00","2012-10-19 00:00:00","2012-10-17 00:00:00","2012-10-19 00:00:00","3.0000","36.7500","36.7500","2012-10-18 22:00:00"
"22915","816","6","50","2012-10-08 00:00:00","2012-10-19 00:00:00","2012-10-17 00:00:00","2012-10-19 00:00:00","3.0000","36.7500","36.7500","2012-10-18 22:00:00"
"22916","818","6","50","2012-10-08 00:00:00","2012-10-19 00:00:00","2012-10-17 00:00:00","2012-10-19 00:00:00","3.0000","36.7500","36.7500","2012-10-18 22:00:00"
"22917","819","6","50","2012-10-08 00:00:00","2012-10-19 00:00:00","2012-10-17 00:00:00","2012-10-19 00:00:00","3.0000","36.7500","36.7500","2012-10-18 22:00:00"
"22918","820","6","50","2012-10-08 00:00:00","2012-10-19 00:00:00","2012-10-17 00:00:00","2012-10-19 00:00:00","3.0000","36.7500","36.7500","2012-10-18 22:00:00"
"22919","822","1","10","2012-10-08 00:00:00","2012-10-19 00:00:00","2012-10-17 00:00:00","2012-10-19 00:00:00","4.1000","92.2500","92.2500","2012-10-18 22:00:00"
"22919","822","2","20","2012-10-08 00:00:00","2012-10-19 00:00:00","2012-10-17 00:00:00","2012-10-19 00:00:00","3.5000","87.5000","87.5000","2012-10-18 22:00:00"
"22919","822","3","30","2012-10-08 00:00:00","2012-10-19 00:00:00","2012-10-17 00:00:00","2012-10-19 00:00:00","1.0000","14.5000","14.5000","2012-10-18 22:00:00"
"22919","822","4","40","2012-10-08 00:00:00","2012-10-19 00:00:00","2012-10-17 00:00:00","2012-10-19 00:00:00","2.0000","31.5000","31.5000","2012-10-18 22:00:00"
"22919","822","6","50","2012-10-08 00:00:00","2012-10-19 00:00:00","2012-10-17 00:00:00","2012-10-19 00:00:00","3.0000","36.7500","36.7500","2012-10-18 22:00:00"
"22919","822","7","60","2012-10-08 00:00:00","2012-10-19 00:00:00","2012-10-17 00:00:00","2012-10-19 00:00:00","4.0000","49.0000","49.0000","2012-10-18 22:00:00"
"22920","824","6","50","2012-10-08 00:00:00","2012-10-19 00:00:00","2012-10-17 00:00:00","2012-10-19 00:00:00","3.0000","36.7500","36.7500","2012-10-18 22:00:00"
"22921","826","6","50","2012-10-08 00:00:00","2012-10-19 00:00:00","2012-10-17 00:00:00","2012-10-19 00:00:00","3.0000","36.7500","36.7500","2012-10-18 22:00:00"
"22922","827","6","50","2012-10-08 00:00:00","2012-10-19 00:00:00","2012-10-17 00:00:00","2012-10-19 00:00:00","3.0000","36.7500","36.7500","2012-10-18 22:00:00"
"22923","828","6","50","2012-10-08 00:00:00","2012-10-19 00:00:00","2012-10-17 00:00:00","2012-10-19 00:00:00","3.0000","36.7500","36.7500","2012-10-18 22:00:00"
"22925","894","6","50","2012-10-08 00:00:00","2012-10-19 00:00:00","2012-10-17 00:00:00","2012-10-19 00:00:00","3.0000","36.7500","36.7500","2012-10-18 22:00:00"
"22926","945","1","10","2012-10-08 00:00:00","2012-10-19 00:00:00","2012-10-17 00:00:00","2012-10-19 00:00:00","4.1000","92.2500","92.2500","2012-10-18 22:00:00"
"22926","945","6","50","2012-10-08 00:00:00","2012-10-19 00:00:00","2012-10-17 00:00:00","2012-10-19 00:00:00","3.0000","36.7500","36.7500","2012-10-18 22:00:00"
"22927","950","6","50","2012-10-08 00:00:00","2012-10-19 00:00:00","2012-10-17 00:00:00","2012-10-19 00:00:00","3.0000","36.7500","36.7500","2012-10-18 22:00:00"
"22928","994","6","50","2012-10-08 00:00:00","2012-10-19 00:00:00","2012-10-17 00:00:00","2012-10-19 00:00:00","3.0000","36.7500","36.7500","2012-10-18 22:00:00"
"22929","995","6","50","2012-10-08 00:00:00","2012-10-19 00:00:00","2012-10-17 00:00:00","2012-10-19 00:00:00","3.0000","36.7500","36.7500","2012-10-18 22:00:00"
"22930","996","6","50","2012-10-08 00:00:00","2012-10-19 00:00:00","2012-10-17 00:00:00","2012-10-19 00:00:00","3.0000","36.7500","36.7500","2012-10-18 22:00:00"
"22944","802","1","10","2012-10-08 00:00:00","2012-10-19 00:00:00","2012-10-17 00:00:00","2012-10-19 00:00:00","4.1000","92.2500","92.2500","2012-10-18 22:00:00"
"22944","802","6","50","2012-10-08 00:00:00","2012-10-19 00:00:00","2012-10-17 00:00:00","2012-10-19 00:00:00","3.0000","36.7500","36.7500","2012-10-18 22:00:00"
"22945","803","1","10","2012-10-08 00:00:00","2012-10-19 00:00:00","2012-10-17 00:00:00","2012-10-19 00:00:00","4.1000","92.2500","92.2500","2012-10-18 22:00:00"
"22945","803","6","50","2012-10-08 00:00:00","2012-10-19 00:00:00","2012-10-17 00:00:00","2012-10-19 00:00:00","3.0000","36.7500","36.7500","2012-10-18 22:00:00"
"22946","804","1","10","2012-10-08 00:00:00","2012-10-19 00:00:00","2012-10-17 00:00:00","2012-10-19 00:00:00","4.1000","92.2500","92.2500","2012-10-18 22:00:00"
"22946","804","6","50","2012-10-08 00:00:00","2012-10-19 00:00:00","2012-10-17 00:00:00","2012-10-19 00:00:00","3.0000","36.7500","36.7500","2012-10-18 22:00:00"
"22951","770","7","60","2012-10-09 00:00:00","2012-10-20 00:00:00","2012-10-09 00:00:00","2012-10-31 00:00:00","4.0000","49.0000","49.0000","2012-10-30 23:00:00"
"22952","779","7","60","2012-10-09 00:00:00","2012-10-20 00:00:00","2012-10-09 00:00:00","2012-10-31 00:00:00","4.0000","49.0000","49.0000","2012-10-30 23:00:00"
"22953","795","7","60","2012-10-09 00:00:00","2012-10-20 00:00:00","2012-10-09 00:00:00","2012-10-31 00:00:00","4.0000","49.0000","49.0000","2012-10-30 23:00:00"
"22954","800","7","60","2012-10-09 00:00:00","2012-10-20 00:00:00","2012-10-09 00:00:00","2012-10-31 00:00:00","4.0000","49.0000","49.0000","2012-10-30 23:00:00"
"22955","801","7","60","2012-10-09 00:00:00","2012-10-20 00:00:00","2012-10-09 00:00:00","2012-10-31 00:00:00","4.0000","49.0000","49.0000","2012-10-30 23:00:00"
"22956","516","6","50","2012-10-09 00:00:00","2012-10-20 00:00:00","2012-10-09 00:00:00","2012-10-31 00:00:00","3.0000","36.7500","36.7500","2012-10-30 23:00:00"
"22956","516","7","60","2012-10-09 00:00:00","2012-10-20 00:00:00","2012-10-09 00:00:00","2012-10-31 00:00:00","4.0000","49.0000","49.0000","2012-10-30 23:00:00"
"22957","517","6","50","2012-10-09 00:00:00","2012-10-20 00:00:00","2012-10-09 00:00:00","2012-10-31 00:00:00","3.0000","36.7500","36.7500","2012-10-30 23:00:00"
"22957","517","7","60","2012-10-09 00:00:00","2012-10-20 00:00:00","2012-10-09 00:00:00","2012-10-31 00:00:00","4.0000","49.0000","49.0000","2012-10-30 23:00:00"
"22958","518","6","50","2012-10-09 00:00:00","2012-10-20 00:00:00","2012-10-09 00:00:00","2012-10-31 00:00:00","3.0000","36.7500","36.7500","2012-10-30 23:00:00"
"22958","518","7","60","2012-10-09 00:00:00","2012-10-20 00:00:00","2012-10-09 00:00:00","2012-10-31 00:00:00","4.0000","49.0000","49.0000","2012-10-30 23:00:00"
"22959","519","6","50","2012-10-09 00:00:00","2012-10-20 00:00:00","2012-10-09 00:00:00","2012-10-31 00:00:00","3.0000","36.7500","36.7500","2012-10-30 23:00:00"
"22959","519","7","60","2012-10-09 00:00:00","2012-10-20 00:00:00","2012-10-09 00:00:00","2012-10-31 00:00:00","4.0000","49.0000","49.0000","2012-10-30 23:00:00"
"22961","748","1","10","2012-10-09 00:00:00","2012-10-20 00:00:00","2012-10-09 00:00:00","2012-10-31 00:00:00","4.1000","92.2500","92.2500","2012-10-30 23:00:00"
"22961","748","2","20","2012-10-09 00:00:00","2012-10-20 00:00:00","2012-10-09 00:00:00","2012-10-31 00:00:00","3.5000","87.5000","87.5000","2012-10-30 23:00:00"
"22961","748","3","30","2012-10-09 00:00:00","2012-10-20 00:00:00","2012-10-09 00:00:00","2012-10-31 00:00:00","1.0000","14.5000","14.5000","2012-10-30 23:00:00"
"22961","748","5","45","2012-10-09 00:00:00","2012-10-20 00:00:00","2012-10-09 00:00:00","2012-10-31 00:00:00","2.0000","36.0000","36.0000","2012-10-30 23:00:00"
"22961","748","6","50","2012-10-09 00:00:00","2012-10-20 00:00:00","2012-10-09 00:00:00","2012-10-31 00:00:00","3.0000","36.7500","36.7500","2012-10-30 23:00:00"
"22961","748","7","60","2012-10-09 00:00:00","2012-10-20 00:00:00","2012-10-09 00:00:00","2012-10-31 00:00:00","4.0000","49.0000","49.0000","2012-10-30 23:00:00"
"22962","806","6","50","2012-10-09 00:00:00","2012-10-20 00:00:00","2012-10-09 00:00:00","2012-10-31 00:00:00","3.0000","36.7500","36.7500","2012-10-30 23:00:00"
"22963","810","1","10","2012-10-09 00:00:00","2012-10-20 00:00:00","2012-10-09 00:00:00","2012-10-31 00:00:00","4.1000","92.2500","92.2500","2012-10-30 23:00:00"
"22963","810","2","20","2012-10-09 00:00:00","2012-10-20 00:00:00","2012-10-09 00:00:00","2012-10-31 00:00:00","3.5000","87.5000","87.5000","2012-10-30 23:00:00"
"22963","810","6","50","2012-10-09 00:00:00","2012-10-20 00:00:00","2012-10-09 00:00:00","2012-10-31 00:00:00","3.0000","36.7500","36.7500","2012-10-30 23:00:00"
"22964","811","1","10","2012-10-09 00:00:00","2012-10-20 00:00:00","2012-10-09 00:00:00","2012-10-31 00:00:00","4.1000","92.2500","92.2500","2012-10-30 23:00:00"
"22964","811","2","20","2012-10-09 00:00:00","2012-10-20 00:00:00","2012-10-09 00:00:00","2012-10-31 00:00:00","3.5000","87.5000","87.5000","2012-10-30 23:00:00"
"22964","811","6","50","2012-10-09 00:00:00","2012-10-20 00:00:00","2012-10-09 00:00:00","2012-10-31 00:00:00","3.0000","36.7500","36.7500","2012-10-30 23:00:00"
"22965","812","1","10","2012-10-09 00:00:00","2012-10-20 00:00:00","2012-10-09 00:00:00","2012-10-31 00:00:00","4.1000","92.2500","92.2500","2012-10-30 23:00:00"
"22965","812","2","20","2012-10-09 00:00:00","2012-10-20 00:00:00","2012-10-09 00:00:00","2012-10-31 00:00:00","3.5000","87.5000","87.5000","2012-10-30 23:00:00"
"22965","812","6","50","2012-10-09 00:00:00","2012-10-20 00:00:00","2012-10-09 00:00:00","2012-10-31 00:00:00","3.0000","36.7500","36.7500","2012-10-30 23:00:00"
"22966","813","1","10","2012-10-09 00:00:00","2012-10-20 00:00:00","2012-10-09 00:00:00","2012-10-31 00:00:00","4.1000","92.2500","92.2500","2012-10-30 23:00:00"
"22966","813","2","20","2012-10-09 00:00:00","2012-10-20 00:00:00","2012-10-09 00:00:00","2012-10-31 00:00:00","3.5000","87.5000","87.5000","2012-10-30 23:00:00"
"22966","813","6","50","2012-10-09 00:00:00","2012-10-20 00:00:00","2012-10-09 00:00:00","2012-10-31 00:00:00","3.0000","36.7500","36.7500","2012-10-30 23:00:00"
"22967","816","6","50","2012-10-09 00:00:00","2012-10-20 00:00:00","2012-10-09 00:00:00","2012-10-31 00:00:00","3.0000","36.7500","36.7500","2012-10-30 23:00:00"
"22968","818","6","50","2012-10-09 00:00:00","2012-10-20 00:00:00","2012-10-09 00:00:00","2012-10-31 00:00:00","3.0000","36.7500","36.7500","2012-10-30 23:00:00"
"22969","819","6","50","2012-10-09 00:00:00","2012-10-20 00:00:00","2012-10-09 00:00:00","2012-10-31 00:00:00","3.0000","36.7500","36.7500","2012-10-30 23:00:00"
"22970","820","6","50","2012-10-09 00:00:00","2012-10-20 00:00:00","2012-10-09 00:00:00","2012-10-31 00:00:00","3.0000","36.7500","36.7500","2012-10-30 23:00:00"
"22971","824","6","50","2012-10-09 00:00:00","2012-10-20 00:00:00","2012-10-09 00:00:00","2012-10-31 00:00:00","3.0000","36.7500","36.7500","2012-10-30 23:00:00"
"22972","826","6","50","2012-10-09 00:00:00","2012-10-20 00:00:00","2012-10-09 00:00:00","2012-10-31 00:00:00","3.0000","36.7500","36.7500","2012-10-30 23:00:00"
"22973","827","6","50","2012-10-09 00:00:00","2012-10-20 00:00:00","2012-10-09 00:00:00","2012-10-31 00:00:00","3.0000","36.7500","36.7500","2012-10-30 23:00:00"
"22974","828","6","50","2012-10-09 00:00:00","2012-10-20 00:00:00","2012-10-09 00:00:00","2012-10-31 00:00:00","3.0000","36.7500","36.7500","2012-10-30 23:00:00"
"22978","894","6","50","2012-10-09 00:00:00","2012-10-20 00:00:00","2012-10-09 00:00:00","2012-10-31 00:00:00","3.0000","36.7500","36.7500","2012-10-30 23:00:00"
"22979","945","1","10","2012-10-09 00:00:00","2012-10-20 00:00:00","2012-10-09 00:00:00","2012-10-31 00:00:00","4.1000","92.2500","92.2500","2012-10-30 23:00:00"
"22979","945","6","50","2012-10-09 00:00:00","2012-10-20 00:00:00","2012-10-09 00:00:00","2012-10-31 00:00:00","3.0000","36.7500","36.7500","2012-10-30 23:00:00"
"22980","950","6","50","2012-10-09 00:00:00","2012-10-20 00:00:00","2012-10-09 00:00:00","2012-10-31 00:00:00","3.0000","36.7500","36.7500","2012-10-30 23:00:00"
"22981","994","6","50","2012-10-09 00:00:00","2012-10-20 00:00:00","2012-10-09 00:00:00","2012-10-31 00:00:00","3.0000","36.7500","36.7500","2012-10-30 23:00:00"
"22982","995","6","50","2012-10-09 00:00:00","2012-10-20 00:00:00","2012-10-09 00:00:00","2012-10-31 00:00:00","3.0000","36.7500","36.7500","2012-10-30 23:00:00"
"22983","996","6","50","2012-10-09 00:00:00","2012-10-20 00:00:00","2012-10-09 00:00:00","2012-10-31 00:00:00","3.0000","36.7500","36.7500","2012-10-30 23:00:00"
"22997","802","1","10","2012-10-09 00:00:00","2012-10-20 00:00:00","2012-10-09 00:00:00","2012-10-31 00:00:00","4.1000","92.2500","92.2500","2012-10-30 23:00:00"
"22997","802","6","50","2012-10-09 00:00:00","2012-10-20 00:00:00","2012-10-09 00:00:00","2012-10-31 00:00:00","3.0000","36.7500","36.7500","2012-10-30 23:00:00"
"22998","803","1","10","2012-10-09 00:00:00","2012-10-20 00:00:00","2012-10-09 00:00:00","2012-10-31 00:00:00","4.1000","92.2500","92.2500","2012-10-30 23:00:00"
"22998","803","6","50","2012-10-09 00:00:00","2012-10-20 00:00:00","2012-10-09 00:00:00","2012-10-31 00:00:00","3.0000","36.7500","36.7500","2012-10-30 23:00:00"
"22999","804","1","10","2012-10-09 00:00:00","2012-10-20 00:00:00","2012-10-09 00:00:00","2012-10-31 00:00:00","4.1000","92.2500","92.2500","2012-10-30 23:00:00"
"22999","804","6","50","2012-10-09 00:00:00","2012-10-20 00:00:00","2012-10-09 00:00:00","2012-10-31 00:00:00","3.0000","36.7500","36.7500","2012-10-30 23:00:00"
"23004","779","7","60","2012-10-10 00:00:00","2012-10-21 00:00:00","2012-10-11 00:00:00","2012-10-21 00:00:00","4.0000","49.0000","49.0000","2012-10-20 22:00:00"
"23005","780","7","60","2012-10-10 00:00:00","2012-10-21 00:00:00","2012-10-11 00:00:00","2012-10-21 00:00:00","4.0000","49.0000","49.0000","2012-10-20 22:00:00"
"23006","783","7","60","2012-10-10 00:00:00","2012-10-21 00:00:00","2012-10-11 00:00:00","2012-10-21 00:00:00","4.0000","49.0000","49.0000","2012-10-20 22:00:00"
"23007","789","7","60","2012-10-10 00:00:00","2012-10-21 00:00:00","2012-10-11 00:00:00","2012-10-21 00:00:00","4.0000","49.0000","49.0000","2012-10-20 22:00:00"
"23008","792","7","60","2012-10-10 00:00:00","2012-10-21 00:00:00","2012-10-11 00:00:00","2012-10-21 00:00:00","4.0000","49.0000","49.0000","2012-10-20 22:00:00"
"23009","795","7","60","2012-10-10 00:00:00","2012-10-21 00:00:00","2012-10-11 00:00:00","2012-10-21 00:00:00","4.0000","49.0000","49.0000","2012-10-20 22:00:00"
"23010","798","7","60","2012-10-10 00:00:00","2012-10-21 00:00:00","2012-10-11 00:00:00","2012-10-21 00:00:00","4.0000","49.0000","49.0000","2012-10-20 22:00:00"
"23011","516","6","50","2012-10-10 00:00:00","2012-10-21 00:00:00","2012-10-11 00:00:00","2012-10-21 00:00:00","3.0000","36.7500","36.7500","2012-10-20 22:00:00"
"23011","516","7","60","2012-10-10 00:00:00","2012-10-21 00:00:00","2012-10-11 00:00:00","2012-10-21 00:00:00","4.0000","49.0000","49.0000","2012-10-20 22:00:00"
"23012","518","6","50","2012-10-10 00:00:00","2012-10-21 00:00:00","2012-10-11 00:00:00","2012-10-21 00:00:00","3.0000","36.7500","36.7500","2012-10-20 22:00:00"
"23012","518","7","60","2012-10-10 00:00:00","2012-10-21 00:00:00","2012-10-11 00:00:00","2012-10-21 00:00:00","4.0000","49.0000","49.0000","2012-10-20 22:00:00"
"23013","519","6","50","2012-10-10 00:00:00","2012-10-21 00:00:00","2012-10-11 00:00:00","2012-10-21 00:00:00","3.0000","36.7500","36.7500","2012-10-20 22:00:00"
"23013","519","7","60","2012-10-10 00:00:00","2012-10-21 00:00:00","2012-10-11 00:00:00","2012-10-21 00:00:00","4.0000","49.0000","49.0000","2012-10-20 22:00:00"
"23018","748","1","10","2012-10-10 00:00:00","2012-10-21 00:00:00","2012-10-11 00:00:00","2012-10-21 00:00:00","4.1000","92.2500","92.2500","2012-10-20 22:00:00"
"23018","748","2","20","2012-10-10 00:00:00","2012-10-21 00:00:00","2012-10-11 00:00:00","2012-10-21 00:00:00","3.5000","87.5000","87.5000","2012-10-20 22:00:00"
"23018","748","3","30","2012-10-10 00:00:00","2012-10-21 00:00:00","2012-10-11 00:00:00","2012-10-21 00:00:00","1.0000","14.5000","14.5000","2012-10-20 22:00:00"
"23018","748","5","45","2012-10-10 00:00:00","2012-10-21 00:00:00","2012-10-11 00:00:00","2012-10-21 00:00:00","2.0000","36.0000","36.0000","2012-10-20 22:00:00"
"23018","748","6","50","2012-10-10 00:00:00","2012-10-21 00:00:00","2012-10-11 00:00:00","2012-10-21 00:00:00","3.0000","36.7500","36.7500","2012-10-20 22:00:00"
"23018","748","7","60","2012-10-10 00:00:00","2012-10-21 00:00:00","2012-10-11 00:00:00","2012-10-21 00:00:00","4.0000","49.0000","49.0000","2012-10-20 22:00:00"
"23019","806","6","50","2012-10-10 00:00:00","2012-10-21 00:00:00","2012-10-11 00:00:00","2012-10-21 00:00:00","3.0000","36.7500","36.7500","2012-10-20 22:00:00"
"23020","810","1","10","2012-10-10 00:00:00","2012-10-21 00:00:00","2012-10-11 00:00:00","2012-10-21 00:00:00","4.1000","92.2500","92.2500","2012-10-20 22:00:00"
"23020","810","2","20","2012-10-10 00:00:00","2012-10-21 00:00:00","2012-10-11 00:00:00","2012-10-21 00:00:00","3.5000","87.5000","87.5000","2012-10-20 22:00:00"
"23020","810","6","50","2012-10-10 00:00:00","2012-10-21 00:00:00","2012-10-11 00:00:00","2012-10-21 00:00:00","3.0000","36.7500","36.7500","2012-10-20 22:00:00"
"23021","812","1","10","2012-10-10 00:00:00","2012-10-21 00:00:00","2012-10-11 00:00:00","2012-10-21 00:00:00","4.1000","92.2500","92.2500","2012-10-20 22:00:00"
"23021","812","2","20","2012-10-10 00:00:00","2012-10-21 00:00:00","2012-10-11 00:00:00","2012-10-21 00:00:00","3.5000","87.5000","87.5000","2012-10-20 22:00:00"
"23021","812","6","50","2012-10-10 00:00:00","2012-10-21 00:00:00","2012-10-11 00:00:00","2012-10-21 00:00:00","3.0000","36.7500","36.7500","2012-10-20 22:00:00"
"23022","813","1","10","2012-10-10 00:00:00","2012-10-21 00:00:00","2012-10-11 00:00:00","2012-10-21 00:00:00","4.1000","92.2500","92.2500","2012-10-20 22:00:00"
"23022","813","2","20","2012-10-10 00:00:00","2012-10-21 00:00:00","2012-10-11 00:00:00","2012-10-21 00:00:00","3.5000","87.5000","87.5000","2012-10-20 22:00:00"
"23022","813","6","50","2012-10-10 00:00:00","2012-10-21 00:00:00","2012-10-11 00:00:00","2012-10-21 00:00:00","3.0000","36.7500","36.7500","2012-10-20 22:00:00"
"23023","816","6","50","2012-10-10 00:00:00","2012-10-21 00:00:00","2012-10-11 00:00:00","2012-10-21 00:00:00","3.0000","36.7500","36.7500","2012-10-20 22:00:00"
"23024","819","6","50","2012-10-10 00:00:00","2012-10-21 00:00:00","2012-10-11 00:00:00","2012-10-21 00:00:00","3.0000","36.7500","36.7500","2012-10-20 22:00:00"
"23025","820","6","50","2012-10-10 00:00:00","2012-10-21 00:00:00","2012-10-11 00:00:00","2012-10-21 00:00:00","3.0000","36.7500","36.7500","2012-10-20 22:00:00"
"23026","824","6","50","2012-10-10 00:00:00","2012-10-21 00:00:00","2012-10-11 00:00:00","2012-10-21 00:00:00","3.0000","36.7500","36.7500","2012-10-20 22:00:00"
"23027","827","6","50","2012-10-10 00:00:00","2012-10-21 00:00:00","2012-10-11 00:00:00","2012-10-21 00:00:00","3.0000","36.7500","36.7500","2012-10-20 22:00:00"
"23028","828","6","50","2012-10-10 00:00:00","2012-10-21 00:00:00","2012-10-11 00:00:00","2012-10-21 00:00:00","3.0000","36.7500","36.7500","2012-10-20 22:00:00"
"23031","894","6","50","2012-10-10 00:00:00","2012-10-21 00:00:00","2012-10-11 00:00:00","2012-10-21 00:00:00","3.0000","36.7500","36.7500","2012-10-20 22:00:00"
"23032","945","1","10","2012-10-10 00:00:00","2012-10-21 00:00:00","2012-10-11 00:00:00","2012-10-21 00:00:00","4.1000","92.2500","92.2500","2012-10-20 22:00:00"
"23032","945","6","50","2012-10-10 00:00:00","2012-10-21 00:00:00","2012-10-11 00:00:00","2012-10-21 00:00:00","3.0000","36.7500","36.7500","2012-10-20 22:00:00"
"23033","950","6","50","2012-10-10 00:00:00","2012-10-21 00:00:00","2012-10-11 00:00:00","2012-10-21 00:00:00","3.0000","36.7500","36.7500","2012-10-20 22:00:00"
"23034","994","6","50","2012-10-10 00:00:00","2012-10-21 00:00:00","2012-10-11 00:00:00","2012-10-21 00:00:00","3.0000","36.7500","36.7500","2012-10-20 22:00:00"
"23035","995","6","50","2012-10-10 00:00:00","2012-10-21 00:00:00","2012-10-11 00:00:00","2012-10-21 00:00:00","3.0000","36.7500","36.7500","2012-10-20 22:00:00"
"23036","996","6","50","2012-10-10 00:00:00","2012-10-21 00:00:00","2012-10-11 00:00:00","2012-10-21 00:00:00","3.0000","36.7500","36.7500","2012-10-20 22:00:00"
"23049","803","1","10","2012-10-10 00:00:00","2012-10-21 00:00:00","2012-10-11 00:00:00","2012-10-21 00:00:00","4.1000","92.2500","92.2500","2012-10-20 22:00:00"
"23049","803","6","50","2012-10-10 00:00:00","2012-10-21 00:00:00","2012-10-11 00:00:00","2012-10-21 00:00:00","3.0000","36.7500","36.7500","2012-10-20 22:00:00"
"23050","804","1","10","2012-10-10 00:00:00","2012-10-21 00:00:00","2012-10-11 00:00:00","2012-10-21 00:00:00","4.1000","92.2500","92.2500","2012-10-20 22:00:00"
"23050","804","6","50","2012-10-10 00:00:00","2012-10-21 00:00:00","2012-10-11 00:00:00","2012-10-21 00:00:00","3.0000","36.7500","36.7500","2012-10-20 22:00:00"
"23055","764","7","60","2012-10-11 00:00:00","2012-10-22 00:00:00","2012-10-11 00:00:00","2012-11-04 00:00:00","4.0000","49.0000","49.0000","2012-11-03 23:00:00"
"23056","779","7","60","2012-10-11 00:00:00","2012-10-22 00:00:00","2012-10-11 00:00:00","2012-11-04 00:00:00","4.0000","49.0000","49.0000","2012-11-03 23:00:00"
"23057","791","7","60","2012-10-11 00:00:00","2012-10-22 00:00:00","2012-10-11 00:00:00","2012-11-04 00:00:00","4.0000","49.0000","49.0000","2012-11-03 23:00:00"
"23058","793","7","60","2012-10-11 00:00:00","2012-10-22 00:00:00","2012-10-11 00:00:00","2012-11-04 00:00:00","4.0000","49.0000","49.0000","2012-11-03 23:00:00"
"23059","516","6","50","2012-10-11 00:00:00","2012-10-22 00:00:00","2012-10-11 00:00:00","2012-11-04 00:00:00","3.0000","36.7500","36.7500","2012-11-03 23:00:00"
"23059","516","7","60","2012-10-11 00:00:00","2012-10-22 00:00:00","2012-10-11 00:00:00","2012-11-04 00:00:00","4.0000","49.0000","49.0000","2012-11-03 23:00:00"
"23060","517","6","50","2012-10-11 00:00:00","2012-10-22 00:00:00","2012-10-11 00:00:00","2012-11-04 00:00:00","3.0000","36.7500","36.7500","2012-11-03 23:00:00"
"23060","517","7","60","2012-10-11 00:00:00","2012-10-22 00:00:00","2012-10-11 00:00:00","2012-11-04 00:00:00","4.0000","49.0000","49.0000","2012-11-03 23:00:00"
"23061","519","6","50","2012-10-11 00:00:00","2012-10-22 00:00:00","2012-10-11 00:00:00","2012-11-04 00:00:00","3.0000","36.7500","36.7500","2012-11-03 23:00:00"
"23061","519","7","60","2012-10-11 00:00:00","2012-10-22 00:00:00","2012-10-11 00:00:00","2012-11-04 00:00:00","4.0000","49.0000","49.0000","2012-11-03 23:00:00"
"23064","748","1","10","2012-10-11 00:00:00","2012-10-22 00:00:00","2012-10-11 00:00:00","2012-11-04 00:00:00","4.1000","92.2500","92.2500","2012-11-03 23:00:00"
"23064","748","2","20","2012-10-11 00:00:00","2012-10-22 00:00:00","2012-10-11 00:00:00","2012-11-04 00:00:00","3.5000","87.5000","87.5000","2012-11-03 23:00:00"
"23064","748","3","30","2012-10-11 00:00:00","2012-10-22 00:00:00","2012-10-11 00:00:00","2012-11-04 00:00:00","1.0000","14.5000","14.5000","2012-11-03 23:00:00"
"23064","748","5","45","2012-10-11 00:00:00","2012-10-22 00:00:00","2012-10-11 00:00:00","2012-11-04 00:00:00","2.0000","36.0000","36.0000","2012-11-03 23:00:00"
"23064","748","6","50","2012-10-11 00:00:00","2012-10-22 00:00:00","2012-10-11 00:00:00","2012-11-04 00:00:00","3.0000","36.7500","36.7500","2012-11-03 23:00:00"
"23064","748","7","60","2012-10-11 00:00:00","2012-10-22 00:00:00","2012-10-11 00:00:00","2012-11-04 00:00:00","4.0000","49.0000","49.0000","2012-11-03 23:00:00"
"23065","806","6","50","2012-10-11 00:00:00","2012-10-22 00:00:00","2012-10-11 00:00:00","2012-11-04 00:00:00","3.0000","36.7500","36.7500","2012-11-03 23:00:00"
"23066","810","1","10","2012-10-11 00:00:00","2012-10-22 00:00:00","2012-10-11 00:00:00","2012-11-04 00:00:00","4.1000","92.2500","92.2500","2012-11-03 23:00:00"
"23066","810","2","20","2012-10-11 00:00:00","2012-10-22 00:00:00","2012-10-11 00:00:00","2012-11-04 00:00:00","3.5000","87.5000","87.5000","2012-11-03 23:00:00"
"23066","810","6","50","2012-10-11 00:00:00","2012-10-22 00:00:00","2012-10-11 00:00:00","2012-11-04 00:00:00","3.0000","36.7500","36.7500","2012-11-03 23:00:00"
"23067","811","1","10","2012-10-11 00:00:00","2012-10-22 00:00:00","2012-10-11 00:00:00","2012-11-04 00:00:00","4.1000","92.2500","92.2500","2012-11-03 23:00:00"
"23067","811","2","20","2012-10-11 00:00:00","2012-10-22 00:00:00","2012-10-11 00:00:00","2012-11-04 00:00:00","3.5000","87.5000","87.5000","2012-11-03 23:00:00"
"23067","811","6","50","2012-10-11 00:00:00","2012-10-22 00:00:00","2012-10-11 00:00:00","2012-11-04 00:00:00","3.0000","36.7500","36.7500","2012-11-03 23:00:00"
"23068","813","1","10","2012-10-11 00:00:00","2012-10-22 00:00:00","2012-10-11 00:00:00","2012-11-04 00:00:00","4.1000","92.2500","92.2500","2012-11-03 23:00:00"
"23068","813","2","20","2012-10-11 00:00:00","2012-10-22 00:00:00","2012-10-11 00:00:00","2012-11-04 00:00:00","3.5000","87.5000","87.5000","2012-11-03 23:00:00"
"23068","813","6","50","2012-10-11 00:00:00","2012-10-22 00:00:00","2012-10-11 00:00:00","2012-11-04 00:00:00","3.0000","36.7500","36.7500","2012-11-03 23:00:00"
"23069","816","6","50","2012-10-11 00:00:00","2012-10-22 00:00:00","2012-10-11 00:00:00","2012-11-04 00:00:00","3.0000","36.7500","36.7500","2012-11-03 23:00:00"
"23070","818","6","50","2012-10-11 00:00:00","2012-10-22 00:00:00","2012-10-11 00:00:00","2012-11-04 00:00:00","3.0000","36.7500","36.7500","2012-11-03 23:00:00"
"23071","820","6","50","2012-10-11 00:00:00","2012-10-22 00:00:00","2012-10-11 00:00:00","2012-11-04 00:00:00","3.0000","36.7500","36.7500","2012-11-03 23:00:00"
"23072","824","6","50","2012-10-11 00:00:00","2012-10-22 00:00:00","2012-10-11 00:00:00","2012-11-04 00:00:00","3.0000","36.7500","36.7500","2012-11-03 23:00:00"
"23073","826","6","50","2012-10-11 00:00:00","2012-10-22 00:00:00","2012-10-11 00:00:00","2012-11-04 00:00:00","3.0000","36.7500","36.7500","2012-11-03 23:00:00"
"23074","828","6","50","2012-10-11 00:00:00","2012-10-22 00:00:00","2012-10-11 00:00:00","2012-11-04 00:00:00","3.0000","36.7500","36.7500","2012-11-03 23:00:00"
"23076","894","6","50","2012-10-11 00:00:00","2012-10-22 00:00:00","2012-10-11 00:00:00","2012-11-04 00:00:00","3.0000","36.7500","36.7500","2012-11-03 23:00:00"
"23077","945","1","10","2012-10-11 00:00:00","2012-10-22 00:00:00","2012-10-11 00:00:00","2012-11-04 00:00:00","4.1000","92.2500","92.2500","2012-11-03 23:00:00"
"23077","945","6","50","2012-10-11 00:00:00","2012-10-22 00:00:00","2012-10-11 00:00:00","2012-11-04 00:00:00","3.0000","36.7500","36.7500","2012-11-03 23:00:00"
"23078","950","6","50","2012-10-11 00:00:00","2012-10-22 00:00:00","2012-10-11 00:00:00","2012-11-04 00:00:00","3.0000","36.7500","36.7500","2012-11-03 23:00:00"
"23079","994","6","50","2012-10-11 00:00:00","2012-10-22 00:00:00","2012-10-11 00:00:00","2012-11-04 00:00:00","3.0000","36.7500","36.7500","2012-11-03 23:00:00"
"23080","995","6","50","2012-10-11 00:00:00","2012-10-22 00:00:00","2012-10-11 00:00:00","2012-11-04 00:00:00","3.0000","36.7500","36.7500","2012-11-03 23:00:00"
"23081","996","6","50","2012-10-11 00:00:00","2012-10-22 00:00:00","2012-10-11 00:00:00","2012-11-04 00:00:00","3.0000","36.7500","36.7500","2012-11-03 23:00:00"
"23095","802","1","10","2012-10-11 00:00:00","2012-10-22 00:00:00","2012-10-11 00:00:00","2012-11-04 00:00:00","4.1000","92.2500","92.2500","2012-11-03 23:00:00"
"23095","802","6","50","2012-10-11 00:00:00","2012-10-22 00:00:00","2012-10-11 00:00:00","2012-11-04 00:00:00","3.0000","36.7500","36.7500","2012-11-03 23:00:00"
"23096","804","1","10","2012-10-11 00:00:00","2012-10-22 00:00:00","2012-10-11 00:00:00","2012-11-04 00:00:00","4.1000","92.2500","92.2500","2012-11-03 23:00:00"
"23096","804","6","50","2012-10-11 00:00:00","2012-10-22 00:00:00","2012-10-11 00:00:00","2012-11-04 00:00:00","3.0000","36.7500","36.7500","2012-11-03 23:00:00"
"23101","762","7","60","2012-10-12 00:00:00","2012-10-23 00:00:00","2012-10-15 00:00:00","2012-10-23 00:00:00","4.0000","49.0000","49.0000","2012-10-22 22:00:00"
"23102","780","7","60","2012-10-12 00:00:00","2012-10-23 00:00:00","2012-10-15 00:00:00","2012-10-23 00:00:00","4.0000","49.0000","49.0000","2012-10-22 22:00:00"
"23103","784","7","60","2012-10-12 00:00:00","2012-10-23 00:00:00","2012-10-15 00:00:00","2012-10-23 00:00:00","4.0000","49.0000","49.0000","2012-10-22 22:00:00"
"23104","791","7","60","2012-10-12 00:00:00","2012-10-23 00:00:00","2012-10-15 00:00:00","2012-10-23 00:00:00","4.0000","49.0000","49.0000","2012-10-22 22:00:00"
"23105","792","7","60","2012-10-12 00:00:00","2012-10-23 00:00:00","2012-10-15 00:00:00","2012-10-23 00:00:00","4.0000","49.0000","49.0000","2012-10-22 22:00:00"
"23106","795","7","60","2012-10-12 00:00:00","2012-10-23 00:00:00","2012-10-15 00:00:00","2012-10-23 00:00:00","4.0000","49.0000","49.0000","2012-10-22 22:00:00"
"23107","516","6","50","2012-10-12 00:00:00","2012-10-23 00:00:00","2012-10-15 00:00:00","2012-10-23 00:00:00","3.0000","36.7500","36.7500","2012-10-22 22:00:00"
"23107","516","7","60","2012-10-12 00:00:00","2012-10-23 00:00:00","2012-10-15 00:00:00","2012-10-23 00:00:00","4.0000","49.0000","49.0000","2012-10-22 22:00:00"
"23108","517","6","50","2012-10-12 00:00:00","2012-10-23 00:00:00","2012-10-15 00:00:00","2012-10-23 00:00:00","3.0000","36.7500","36.7500","2012-10-22 22:00:00"
"23108","517","7","60","2012-10-12 00:00:00","2012-10-23 00:00:00","2012-10-15 00:00:00","2012-10-23 00:00:00","4.0000","49.0000","49.0000","2012-10-22 22:00:00"
"23109","519","6","50","2012-10-12 00:00:00","2012-10-23 00:00:00","2012-10-15 00:00:00","2012-10-23 00:00:00","3.0000","36.7500","36.7500","2012-10-22 22:00:00"
"23109","519","7","60","2012-10-12 00:00:00","2012-10-23 00:00:00","2012-10-15 00:00:00","2012-10-23 00:00:00","4.0000","49.0000","49.0000","2012-10-22 22:00:00"
"23115","806","6","50","2012-10-12 00:00:00","2012-10-23 00:00:00","2012-10-15 00:00:00","2012-10-23 00:00:00","3.0000","36.7500","36.7500","2012-10-22 22:00:00"
"23116","810","1","10","2012-10-12 00:00:00","2012-10-23 00:00:00","2012-10-15 00:00:00","2012-10-23 00:00:00","4.1000","92.2500","92.2500","2012-10-22 22:00:00"
"23116","810","2","20","2012-10-12 00:00:00","2012-10-23 00:00:00","2012-10-15 00:00:00","2012-10-23 00:00:00","3.5000","87.5000","87.5000","2012-10-22 22:00:00"
"23116","810","6","50","2012-10-12 00:00:00","2012-10-23 00:00:00","2012-10-15 00:00:00","2012-10-23 00:00:00","3.0000","36.7500","36.7500","2012-10-22 22:00:00"
"23117","811","1","10","2012-10-12 00:00:00","2012-10-23 00:00:00","2012-10-15 00:00:00","2012-10-23 00:00:00","4.1000","92.2500","92.2500","2012-10-22 22:00:00"
"23117","811","2","20","2012-10-12 00:00:00","2012-10-23 00:00:00","2012-10-15 00:00:00","2012-10-23 00:00:00","3.5000","87.5000","87.5000","2012-10-22 22:00:00"
"23117","811","6","50","2012-10-12 00:00:00","2012-10-23 00:00:00","2012-10-15 00:00:00","2012-10-23 00:00:00","3.0000","36.7500","36.7500","2012-10-22 22:00:00"
"23118","813","1","10","2012-10-12 00:00:00","2012-10-23 00:00:00","2012-10-15 00:00:00","2012-10-23 00:00:00","4.1000","92.2500","92.2500","2012-10-22 22:00:00"
"23118","813","2","20","2012-10-12 00:00:00","2012-10-23 00:00:00","2012-10-15 00:00:00","2012-10-23 00:00:00","3.5000","87.5000","87.5000","2012-10-22 22:00:00"
"23118","813","6","50","2012-10-12 00:00:00","2012-10-23 00:00:00","2012-10-15 00:00:00","2012-10-23 00:00:00","3.0000","36.7500","36.7500","2012-10-22 22:00:00"
"23119","816","6","50","2012-10-12 00:00:00","2012-10-23 00:00:00","2012-10-15 00:00:00","2012-10-23 00:00:00","3.0000","36.7500","36.7500","2012-10-22 22:00:00"
"23120","818","6","50","2012-10-12 00:00:00","2012-10-23 00:00:00","2012-10-15 00:00:00","2012-10-23 00:00:00","3.0000","36.7500","36.7500","2012-10-22 22:00:00"
"23121","820","6","50","2012-10-12 00:00:00","2012-10-23 00:00:00","2012-10-15 00:00:00","2012-10-23 00:00:00","3.0000","36.7500","36.7500","2012-10-22 22:00:00"
"23122","824","6","50","2012-10-12 00:00:00","2012-10-23 00:00:00","2012-10-15 00:00:00","2012-10-23 00:00:00","3.0000","36.7500","36.7500","2012-10-22 22:00:00"
"23123","826","6","50","2012-10-12 00:00:00","2012-10-23 00:00:00","2012-10-15 00:00:00","2012-10-23 00:00:00","3.0000","36.7500","36.7500","2012-10-22 22:00:00"
"23124","828","6","50","2012-10-12 00:00:00","2012-10-23 00:00:00","2012-10-15 00:00:00","2012-10-23 00:00:00","3.0000","36.7500","36.7500","2012-10-22 22:00:00"
"23126","894","6","50","2012-10-12 00:00:00","2012-10-23 00:00:00","2012-10-15 00:00:00","2012-10-23 00:00:00","3.0000","36.7500","36.7500","2012-10-22 22:00:00"
"23127","945","1","10","2012-10-12 00:00:00","2012-10-23 00:00:00","2012-10-15 00:00:00","2012-10-23 00:00:00","4.1000","92.2500","92.2500","2012-10-22 22:00:00"
"23127","945","6","50","2012-10-12 00:00:00","2012-10-23 00:00:00","2012-10-15 00:00:00","2012-10-23 00:00:00","3.0000","36.7500","36.7500","2012-10-22 22:00:00"
"23128","950","6","50","2012-10-12 00:00:00","2012-10-23 00:00:00","2012-10-15 00:00:00","2012-10-23 00:00:00","3.0000","36.7500","36.7500","2012-10-22 22:00:00"
"23129","994","6","50","2012-10-12 00:00:00","2012-10-23 00:00:00","2012-10-15 00:00:00","2012-10-23 00:00:00","3.0000","36.7500","36.7500","2012-10-22 22:00:00"
"23130","995","6","50","2012-10-12 00:00:00","2012-10-23 00:00:00","2012-10-15 00:00:00","2012-10-23 00:00:00","3.0000","36.7500","36.7500","2012-10-22 22:00:00"
"23131","996","6","50","2012-10-12 00:00:00","2012-10-23 00:00:00","2012-10-15 00:00:00","2012-10-23 00:00:00","3.0000","36.7500","36.7500","2012-10-22 22:00:00"
"23145","802","1","10","2012-10-12 00:00:00","2012-10-23 00:00:00","2012-10-15 00:00:00","2012-10-23 00:00:00","4.1000","92.2500","92.2500","2012-10-22 22:00:00"
"23145","802","6","50","2012-10-12 00:00:00","2012-10-23 00:00:00","2012-10-15 00:00:00","2012-10-23 00:00:00","3.0000","36.7500","36.7500","2012-10-22 22:00:00"
"23146","804","1","10","2012-10-12 00:00:00","2012-10-23 00:00:00","2012-10-15 00:00:00","2012-10-23 00:00:00","4.1000","92.2500","92.2500","2012-10-22 22:00:00"
"23146","804","6","50","2012-10-12 00:00:00","2012-10-23 00:00:00","2012-10-15 00:00:00","2012-10-23 00:00:00","3.0000","36.7500","36.7500","2012-10-22 22:00:00"
"23151","763","7","60","2012-10-13 00:00:00","2012-10-24 00:00:00","2012-10-13 00:00:00","2012-11-08 00:00:00","4.0000","49.0000","49.0000","2012-11-07 23:00:00"
"23152","765","7","60","2012-10-13 00:00:00","2012-10-24 00:00:00","2012-10-13 00:00:00","2012-11-08 00:00:00","4.0000","49.0000","49.0000","2012-11-07 23:00:00"
"23153","779","7","60","2012-10-13 00:00:00","2012-10-24 00:00:00","2012-10-13 00:00:00","2012-11-08 00:00:00","4.0000","49.0000","49.0000","2012-11-07 23:00:00"
"23154","784","7","60","2012-10-13 00:00:00","2012-10-24 00:00:00","2012-10-13 00:00:00","2012-11-08 00:00:00","4.0000","49.0000","49.0000","2012-11-07 23:00:00"
"23155","790","7","60","2012-10-13 00:00:00","2012-10-24 00:00:00","2012-10-13 00:00:00","2012-11-08 00:00:00","4.0000","49.0000","49.0000","2012-11-07 23:00:00"
"23156","792","7","60","2012-10-13 00:00:00","2012-10-24 00:00:00","2012-10-13 00:00:00","2012-11-08 00:00:00","4.0000","49.0000","49.0000","2012-11-07 23:00:00"
"23157","795","7","60","2012-10-13 00:00:00","2012-10-24 00:00:00","2012-10-13 00:00:00","2012-11-08 00:00:00","4.0000","49.0000","49.0000","2012-11-07 23:00:00"
"23158","516","6","50","2012-10-13 00:00:00","2012-10-24 00:00:00","2012-10-13 00:00:00","2012-11-08 00:00:00","3.0000","36.7500","36.7500","2012-11-07 23:00:00"
"23158","516","7","60","2012-10-13 00:00:00","2012-10-24 00:00:00","2012-10-13 00:00:00","2012-11-08 00:00:00","4.0000","49.0000","49.0000","2012-11-07 23:00:00"
"23159","517","6","50","2012-10-13 00:00:00","2012-10-24 00:00:00","2012-10-13 00:00:00","2012-11-08 00:00:00","3.0000","36.7500","36.7500","2012-11-07 23:00:00"
"23159","517","7","60","2012-10-13 00:00:00","2012-10-24 00:00:00","2012-10-13 00:00:00","2012-11-08 00:00:00","4.0000","49.0000","49.0000","2012-11-07 23:00:00"
"23160","519","6","50","2012-10-13 00:00:00","2012-10-24 00:00:00","2012-10-13 00:00:00","2012-11-08 00:00:00","3.0000","36.7500","36.7500","2012-11-07 23:00:00"
"23160","519","7","60","2012-10-13 00:00:00","2012-10-24 00:00:00","2012-10-13 00:00:00","2012-11-08 00:00:00","4.0000","49.0000","49.0000","2012-11-07 23:00:00"
"23166","748","1","10","2012-10-13 00:00:00","2012-10-24 00:00:00","2012-10-13 00:00:00","2012-11-08 00:00:00","4.1000","92.2500","92.2500","2012-11-07 23:00:00"
"23166","748","2","20","2012-10-13 00:00:00","2012-10-24 00:00:00","2012-10-13 00:00:00","2012-11-08 00:00:00","3.5000","87.5000","87.5000","2012-11-07 23:00:00"
"23166","748","3","30","2012-10-13 00:00:00","2012-10-24 00:00:00","2012-10-13 00:00:00","2012-11-08 00:00:00","1.0000","14.5000","14.5000","2012-11-07 23:00:00"
"23166","748","5","45","2012-10-13 00:00:00","2012-10-24 00:00:00","2012-10-13 00:00:00","2012-11-08 00:00:00","2.0000","36.0000","36.0000","2012-11-07 23:00:00"
"23166","748","6","50","2012-10-13 00:00:00","2012-10-24 00:00:00","2012-10-13 00:00:00","2012-11-08 00:00:00","3.0000","36.7500","36.7500","2012-11-07 23:00:00"
"23166","748","7","60","2012-10-13 00:00:00","2012-10-24 00:00:00","2012-10-13 00:00:00","2012-11-08 00:00:00","4.0000","49.0000","49.0000","2012-11-07 23:00:00"
"23167","806","6","50","2012-10-13 00:00:00","2012-10-24 00:00:00","2012-10-13 00:00:00","2012-11-08 00:00:00","3.0000","36.7500","36.7500","2012-11-07 23:00:00"
"23168","810","1","10","2012-10-13 00:00:00","2012-10-24 00:00:00","2012-10-13 00:00:00","2012-11-08 00:00:00","4.1000","92.2500","92.2500","2012-11-07 23:00:00"
"23168","810","2","20","2012-10-13 00:00:00","2012-10-24 00:00:00","2012-10-13 00:00:00","2012-11-08 00:00:00","3.5000","87.5000","87.5000","2012-11-07 23:00:00"
"23168","810","6","50","2012-10-13 00:00:00","2012-10-24 00:00:00","2012-10-13 00:00:00","2012-11-08 00:00:00","3.0000","36.7500","36.7500","2012-11-07 23:00:00"
"23169","811","1","10","2012-10-13 00:00:00","2012-10-24 00:00:00","2012-10-13 00:00:00","2012-11-08 00:00:00","4.1000","92.2500","92.2500","2012-11-07 23:00:00"
"23169","811","2","20","2012-10-13 00:00:00","2012-10-24 00:00:00","2012-10-13 00:00:00","2012-11-08 00:00:00","3.5000","87.5000","87.5000","2012-11-07 23:00:00"
"23169","811","6","50","2012-10-13 00:00:00","2012-10-24 00:00:00","2012-10-13 00:00:00","2012-11-08 00:00:00","3.0000","36.7500","36.7500","2012-11-07 23:00:00"
"23170","813","1","10","2012-10-13 00:00:00","2012-10-24 00:00:00","2012-10-13 00:00:00","2012-11-08 00:00:00","4.1000","92.2500","92.2500","2012-11-07 23:00:00"
"23170","813","2","20","2012-10-13 00:00:00","2012-10-24 00:00:00","2012-10-13 00:00:00","2012-11-08 00:00:00","3.5000","87.5000","87.5000","2012-11-07 23:00:00"
"23170","813","6","50","2012-10-13 00:00:00","2012-10-24 00:00:00","2012-10-13 00:00:00","2012-11-08 00:00:00","3.0000","36.7500","36.7500","2012-11-07 23:00:00"
"23171","816","6","50","2012-10-13 00:00:00","2012-10-24 00:00:00","2012-10-13 00:00:00","2012-11-08 00:00:00","3.0000","36.7500","36.7500","2012-11-07 23:00:00"
"23172","818","6","50","2012-10-13 00:00:00","2012-10-24 00:00:00","2012-10-13 00:00:00","2012-11-08 00:00:00","3.0000","36.7500","36.7500","2012-11-07 23:00:00"
"23173","820","6","50","2012-10-13 00:00:00","2012-10-24 00:00:00","2012-10-13 00:00:00","2012-11-08 00:00:00","3.0000","36.7500","36.7500","2012-11-07 23:00:00"
"23174","824","6","50","2012-10-13 00:00:00","2012-10-24 00:00:00","2012-10-13 00:00:00","2012-11-08 00:00:00","3.0000","36.7500","36.7500","2012-11-07 23:00:00"
"23175","826","6","50","2012-10-13 00:00:00","2012-10-24 00:00:00","2012-10-13 00:00:00","2012-11-08 00:00:00","3.0000","36.7500","36.7500","2012-11-07 23:00:00"
"23176","828","6","50","2012-10-13 00:00:00","2012-10-24 00:00:00","2012-10-13 00:00:00","2012-11-08 00:00:00","3.0000","36.7500","36.7500","2012-11-07 23:00:00"
"23178","894","6","50","2012-10-13 00:00:00","2012-10-24 00:00:00","2012-10-13 00:00:00","2012-11-08 00:00:00","3.0000","36.7500","36.7500","2012-11-07 23:00:00"
"23179","945","1","10","2012-10-13 00:00:00","2012-10-24 00:00:00","2012-10-13 00:00:00","2012-11-08 00:00:00","4.1000","92.2500","92.2500","2012-11-07 23:00:00"
"23179","945","6","50","2012-10-13 00:00:00","2012-10-24 00:00:00","2012-10-13 00:00:00","2012-11-08 00:00:00","3.0000","36.7500","36.7500","2012-11-07 23:00:00"
"23180","950","6","50","2012-10-13 00:00:00","2012-10-24 00:00:00","2012-10-13 00:00:00","2012-11-08 00:00:00","3.0000","36.7500","36.7500","2012-11-07 23:00:00"
"23181","994","6","50","2012-10-13 00:00:00","2012-10-24 00:00:00","2012-10-13 00:00:00","2012-11-08 00:00:00","3.0000","36.7500","36.7500","2012-11-07 23:00:00"
"23182","995","6","50","2012-10-13 00:00:00","2012-10-24 00:00:00","2012-10-13 00:00:00","2012-11-08 00:00:00","3.0000","36.7500","36.7500","2012-11-07 23:00:00"
"23183","996","6","50","2012-10-13 00:00:00","2012-10-24 00:00:00","2012-10-13 00:00:00","2012-11-08 00:00:00","3.0000","36.7500","36.7500","2012-11-07 23:00:00"
"23197","802","1","10","2012-10-13 00:00:00","2012-10-24 00:00:00","2012-10-13 00:00:00","2012-11-08 00:00:00","4.1000","92.2500","92.2500","2012-11-07 23:00:00"
"23197","802","6","50","2012-10-13 00:00:00","2012-10-24 00:00:00","2012-10-13 00:00:00","2012-11-08 00:00:00","3.0000","36.7500","36.7500","2012-11-07 23:00:00"
"23198","804","1","10","2012-10-13 00:00:00","2012-10-24 00:00:00","2012-10-13 00:00:00","2012-11-08 00:00:00","4.1000","92.2500","92.2500","2012-11-07 23:00:00"
"23198","804","6","50","2012-10-13 00:00:00","2012-10-24 00:00:00","2012-10-13 00:00:00","2012-11-08 00:00:00","3.0000","36.7500","36.7500","2012-11-07 23:00:00"
"23203","763","7","60","2012-10-14 00:00:00","2012-10-25 00:00:00","2012-10-19 00:00:00","2012-10-25 00:00:00","4.0000","49.0000","49.0000","2012-10-24 22:00:00"
"23204","790","7","60","2012-10-14 00:00:00","2012-10-25 00:00:00","2012-10-19 00:00:00","2012-10-25 00:00:00","4.0000","49.0000","49.0000","2012-10-24 22:00:00"
"23205","792","7","60","2012-10-14 00:00:00","2012-10-25 00:00:00","2012-10-19 00:00:00","2012-10-25 00:00:00","4.0000","49.0000","49.0000","2012-10-24 22:00:00"
"23206","794","7","60","2012-10-14 00:00:00","2012-10-25 00:00:00","2012-10-19 00:00:00","2012-10-25 00:00:00","4.0000","49.0000","49.0000","2012-10-24 22:00:00"
"23207","801","7","60","2012-10-14 00:00:00","2012-10-25 00:00:00","2012-10-19 00:00:00","2012-10-25 00:00:00","4.0000","49.0000","49.0000","2012-10-24 22:00:00"
"23208","517","6","50","2012-10-14 00:00:00","2012-10-25 00:00:00","2012-10-19 00:00:00","2012-10-25 00:00:00","3.0000","36.7500","36.7500","2012-10-24 22:00:00"
"23208","517","7","60","2012-10-14 00:00:00","2012-10-25 00:00:00","2012-10-19 00:00:00","2012-10-25 00:00:00","4.0000","49.0000","49.0000","2012-10-24 22:00:00"
"23209","518","6","50","2012-10-14 00:00:00","2012-10-25 00:00:00","2012-10-19 00:00:00","2012-10-25 00:00:00","3.0000","36.7500","36.7500","2012-10-24 22:00:00"
"23209","518","7","60","2012-10-14 00:00:00","2012-10-25 00:00:00","2012-10-19 00:00:00","2012-10-25 00:00:00","4.0000","49.0000","49.0000","2012-10-24 22:00:00"
"23210","519","6","50","2012-10-14 00:00:00","2012-10-25 00:00:00","2012-10-19 00:00:00","2012-10-25 00:00:00","3.0000","36.7500","36.7500","2012-10-24 22:00:00"
"23210","519","7","60","2012-10-14 00:00:00","2012-10-25 00:00:00","2012-10-19 00:00:00","2012-10-25 00:00:00","4.0000","49.0000","49.0000","2012-10-24 22:00:00"
"23214","806","6","50","2012-10-14 00:00:00","2012-10-25 00:00:00","2012-10-19 00:00:00","2012-10-25 00:00:00","3.0000","36.7500","36.7500","2012-10-24 22:00:00"
"23215","811","1","10","2012-10-14 00:00:00","2012-10-25 00:00:00","2012-10-19 00:00:00","2012-10-25 00:00:00","4.1000","92.2500","92.2500","2012-10-24 22:00:00"
"23215","811","2","20","2012-10-14 00:00:00","2012-10-25 00:00:00","2012-10-19 00:00:00","2012-10-25 00:00:00","3.5000","87.5000","87.5000","2012-10-24 22:00:00"
"23215","811","6","50","2012-10-14 00:00:00","2012-10-25 00:00:00","2012-10-19 00:00:00","2012-10-25 00:00:00","3.0000","36.7500","36.7500","2012-10-24 22:00:00"
"23216","812","1","10","2012-10-14 00:00:00","2012-10-25 00:00:00","2012-10-19 00:00:00","2012-10-25 00:00:00","4.1000","92.2500","92.2500","2012-10-24 22:00:00"
"23216","812","2","20","2012-10-14 00:00:00","2012-10-25 00:00:00","2012-10-19 00:00:00","2012-10-25 00:00:00","3.5000","87.5000","87.5000","2012-10-24 22:00:00"
"23216","812","6","50","2012-10-14 00:00:00","2012-10-25 00:00:00","2012-10-19 00:00:00","2012-10-25 00:00:00","3.0000","36.7500","36.7500","2012-10-24 22:00:00"
"23217","813","1","10","2012-10-14 00:00:00","2012-10-25 00:00:00","2012-10-19 00:00:00","2012-10-25 00:00:00","4.1000","92.2500","92.2500","2012-10-24 22:00:00"
"23217","813","2","20","2012-10-14 00:00:00","2012-10-25 00:00:00","2012-10-19 00:00:00","2012-10-25 00:00:00","3.5000","87.5000","87.5000","2012-10-24 22:00:00"
"23217","813","6","50","2012-10-14 00:00:00","2012-10-25 00:00:00","2012-10-19 00:00:00","2012-10-25 00:00:00","3.0000","36.7500","36.7500","2012-10-24 22:00:00"
"23218","818","6","50","2012-10-14 00:00:00","2012-10-25 00:00:00","2012-10-19 00:00:00","2012-10-25 00:00:00","3.0000","36.7500","36.7500","2012-10-24 22:00:00"
"23219","819","6","50","2012-10-14 00:00:00","2012-10-25 00:00:00","2012-10-19 00:00:00","2012-10-25 00:00:00","3.0000","36.7500","36.7500","2012-10-24 22:00:00"
"23220","820","6","50","2012-10-14 00:00:00","2012-10-25 00:00:00","2012-10-19 00:00:00","2012-10-25 00:00:00","3.0000","36.7500","36.7500","2012-10-24 22:00:00"
"23221","826","6","50","2012-10-14 00:00:00","2012-10-25 00:00:00","2012-10-19 00:00:00","2012-10-25 00:00:00","3.0000","36.7500","36.7500","2012-10-24 22:00:00"
"23222","827","6","50","2012-10-14 00:00:00","2012-10-25 00:00:00","2012-10-19 00:00:00","2012-10-25 00:00:00","3.0000","36.7500","36.7500","2012-10-24 22:00:00"
"23223","828","6","50","2012-10-14 00:00:00","2012-10-25 00:00:00","2012-10-19 00:00:00","2012-10-25 00:00:00","3.0000","36.7500","36.7500","2012-10-24 22:00:00"
"23226","894","6","50","2012-10-14 00:00:00","2012-10-25 00:00:00","2012-10-19 00:00:00","2012-10-25 00:00:00","3.0000","36.7500","36.7500","2012-10-24 22:00:00"
"23227","945","1","10","2012-10-14 00:00:00","2012-10-25 00:00:00","2012-10-19 00:00:00","2012-10-25 00:00:00","4.1000","92.2500","92.2500","2012-10-24 22:00:00"
"23227","945","6","50","2012-10-14 00:00:00","2012-10-25 00:00:00","2012-10-19 00:00:00","2012-10-25 00:00:00","3.0000","36.7500","36.7500","2012-10-24 22:00:00"
"23228","950","6","50","2012-10-14 00:00:00","2012-10-25 00:00:00","2012-10-19 00:00:00","2012-10-25 00:00:00","3.0000","36.7500","36.7500","2012-10-24 22:00:00"
"23229","994","6","50","2012-10-14 00:00:00","2012-10-25 00:00:00","2012-10-19 00:00:00","2012-10-25 00:00:00","3.0000","36.7500","36.7500","2012-10-24 22:00:00"
"23230","996","6","50","2012-10-14 00:00:00","2012-10-25 00:00:00","2012-10-19 00:00:00","2012-10-25 00:00:00","3.0000","36.7500","36.7500","2012-10-24 22:00:00"
"23243","802","1","10","2012-10-14 00:00:00","2012-10-25 00:00:00","2012-10-19 00:00:00","2012-10-25 00:00:00","4.1000","92.2500","92.2500","2012-10-24 22:00:00"
"23243","802","6","50","2012-10-14 00:00:00","2012-10-25 00:00:00","2012-10-19 00:00:00","2012-10-25 00:00:00","3.0000","36.7500","36.7500","2012-10-24 22:00:00"
"23244","803","1","10","2012-10-14 00:00:00","2012-10-25 00:00:00","2012-10-19 00:00:00","2012-10-25 00:00:00","4.1000","92.2500","92.2500","2012-10-24 22:00:00"
"23244","803","6","50","2012-10-14 00:00:00","2012-10-25 00:00:00","2012-10-19 00:00:00","2012-10-25 00:00:00","3.0000","36.7500","36.7500","2012-10-24 22:00:00"
"23245","804","1","10","2012-10-14 00:00:00","2012-10-25 00:00:00","2012-10-19 00:00:00","2012-10-25 00:00:00","4.1000","92.2500","92.2500","2012-10-24 22:00:00"
"23245","804","6","50","2012-10-14 00:00:00","2012-10-25 00:00:00","2012-10-19 00:00:00","2012-10-25 00:00:00","3.0000","36.7500","36.7500","2012-10-24 22:00:00"
"23250","784","7","60","2012-10-15 00:00:00","2012-10-26 00:00:00","2012-10-15 00:00:00","2012-11-12 00:00:00","4.0000","49.0000","49.0000","2012-11-11 23:00:00"
"23251","789","7","60","2012-10-15 00:00:00","2012-10-26 00:00:00","2012-10-15 00:00:00","2012-11-12 00:00:00","4.0000","49.0000","49.0000","2012-11-11 23:00:00"
"23252","793","7","60","2012-10-15 00:00:00","2012-10-26 00:00:00","2012-10-15 00:00:00","2012-11-12 00:00:00","4.0000","49.0000","49.0000","2012-11-11 23:00:00"
"23253","516","6","50","2012-10-15 00:00:00","2012-10-26 00:00:00","2012-10-15 00:00:00","2012-11-12 00:00:00","3.0000","36.7500","36.7500","2012-11-11 23:00:00"
"23253","516","7","60","2012-10-15 00:00:00","2012-10-26 00:00:00","2012-10-15 00:00:00","2012-11-12 00:00:00","4.0000","49.0000","49.0000","2012-11-11 23:00:00"
"23254","519","6","50","2012-10-15 00:00:00","2012-10-26 00:00:00","2012-10-15 00:00:00","2012-11-12 00:00:00","3.0000","36.7500","36.7500","2012-11-11 23:00:00"
"23254","519","7","60","2012-10-15 00:00:00","2012-10-26 00:00:00","2012-10-15 00:00:00","2012-11-12 00:00:00","4.0000","49.0000","49.0000","2012-11-11 23:00:00"
"23257","806","6","50","2012-10-15 00:00:00","2012-10-26 00:00:00","2012-10-15 00:00:00","2012-11-12 00:00:00","3.0000","36.7500","36.7500","2012-11-11 23:00:00"
"23258","810","1","10","2012-10-15 00:00:00","2012-10-26 00:00:00","2012-10-15 00:00:00","2012-11-12 00:00:00","4.1000","92.2500","92.2500","2012-11-11 23:00:00"
"23258","810","2","20","2012-10-15 00:00:00","2012-10-26 00:00:00","2012-10-15 00:00:00","2012-11-12 00:00:00","3.5000","87.5000","87.5000","2012-11-11 23:00:00"
"23258","810","6","50","2012-10-15 00:00:00","2012-10-26 00:00:00","2012-10-15 00:00:00","2012-11-12 00:00:00","3.0000","36.7500","36.7500","2012-11-11 23:00:00"
"23259","813","1","10","2012-10-15 00:00:00","2012-10-26 00:00:00","2012-10-15 00:00:00","2012-11-12 00:00:00","4.1000","92.2500","92.2500","2012-11-11 23:00:00"
"23259","813","2","20","2012-10-15 00:00:00","2012-10-26 00:00:00","2012-10-15 00:00:00","2012-11-12 00:00:00","3.5000","87.5000","87.5000","2012-11-11 23:00:00"
"23259","813","6","50","2012-10-15 00:00:00","2012-10-26 00:00:00","2012-10-15 00:00:00","2012-11-12 00:00:00","3.0000","36.7500","36.7500","2012-11-11 23:00:00"
"23260","816","6","50","2012-10-15 00:00:00","2012-10-26 00:00:00","2012-10-15 00:00:00","2012-11-12 00:00:00","3.0000","36.7500","36.7500","2012-11-11 23:00:00"
"23261","820","6","50","2012-10-15 00:00:00","2012-10-26 00:00:00","2012-10-15 00:00:00","2012-11-12 00:00:00","3.0000","36.7500","36.7500","2012-11-11 23:00:00"
"23262","824","6","50","2012-10-15 00:00:00","2012-10-26 00:00:00","2012-10-15 00:00:00","2012-11-12 00:00:00","3.0000","36.7500","36.7500","2012-11-11 23:00:00"
"23263","828","6","50","2012-10-15 00:00:00","2012-10-26 00:00:00","2012-10-15 00:00:00","2012-11-12 00:00:00","3.0000","36.7500","36.7500","2012-11-11 23:00:00"
"23265","894","6","50","2012-10-15 00:00:00","2012-10-26 00:00:00","2012-10-15 00:00:00","2012-11-12 00:00:00","3.0000","36.7500","36.7500","2012-11-11 23:00:00"
"23266","945","1","10","2012-10-15 00:00:00","2012-10-26 00:00:00","2012-10-15 00:00:00","2012-11-12 00:00:00","4.1000","92.2500","92.2500","2012-11-11 23:00:00"
"23266","945","6","50","2012-10-15 00:00:00","2012-10-26 00:00:00","2012-10-15 00:00:00","2012-11-12 00:00:00","3.0000","36.7500","36.7500","2012-11-11 23:00:00"
"23267","950","6","50","2012-10-15 00:00:00","2012-10-26 00:00:00","2012-10-15 00:00:00","2012-11-12 00:00:00","3.0000","36.7500","36.7500","2012-11-11 23:00:00"
"23268","995","6","50","2012-10-15 00:00:00","2012-10-26 00:00:00","2012-10-15 00:00:00","2012-11-12 00:00:00","3.0000","36.7500","36.7500","2012-11-11 23:00:00"
"23269","996","6","50","2012-10-15 00:00:00","2012-10-26 00:00:00","2012-10-15 00:00:00","2012-11-12 00:00:00","3.0000","36.7500","36.7500","2012-11-11 23:00:00"
"23282","804","1","10","2012-10-15 00:00:00","2012-10-26 00:00:00","2012-10-15 00:00:00","2012-11-12 00:00:00","4.1000","92.2500","92.2500","2012-11-11 23:00:00"
"23282","804","6","50","2012-10-15 00:00:00","2012-10-26 00:00:00","2012-10-15 00:00:00","2012-11-12 00:00:00","3.0000","36.7500","36.7500","2012-11-11 23:00:00"
"23287","780","7","60","2012-10-16 00:00:00","2012-10-27 00:00:00","2012-10-23 00:00:00","2012-10-27 00:00:00","4.0000","49.0000","49.0000","2012-10-26 22:00:00"
"23288","790","7","60","2012-10-16 00:00:00","2012-10-27 00:00:00","2012-10-23 00:00:00","2012-10-27 00:00:00","4.0000","49.0000","49.0000","2012-10-26 22:00:00"
"23289","791","7","60","2012-10-16 00:00:00","2012-10-27 00:00:00","2012-10-23 00:00:00","2012-10-27 00:00:00","4.0000","49.0000","49.0000","2012-10-26 22:00:00"
"23290","794","7","60","2012-10-16 00:00:00","2012-10-27 00:00:00","2012-10-23 00:00:00","2012-10-27 00:00:00","4.0000","49.0000","49.0000","2012-10-26 22:00:00"
"23291","795","7","60","2012-10-16 00:00:00","2012-10-27 00:00:00","2012-10-23 00:00:00","2012-10-27 00:00:00","4.0000","49.0000","49.0000","2012-10-26 22:00:00"
"23292","516","6","50","2012-10-16 00:00:00","2012-10-27 00:00:00","2012-10-23 00:00:00","2012-10-27 00:00:00","3.0000","36.7500","36.7500","2012-10-26 22:00:00"
"23292","516","7","60","2012-10-16 00:00:00","2012-10-27 00:00:00","2012-10-23 00:00:00","2012-10-27 00:00:00","4.0000","49.0000","49.0000","2012-10-26 22:00:00"
"23293","519","6","50","2012-10-16 00:00:00","2012-10-27 00:00:00","2012-10-23 00:00:00","2012-10-27 00:00:00","3.0000","36.7500","36.7500","2012-10-26 22:00:00"
"23293","519","7","60","2012-10-16 00:00:00","2012-10-27 00:00:00","2012-10-23 00:00:00","2012-10-27 00:00:00","4.0000","49.0000","49.0000","2012-10-26 22:00:00"
"23297","806","6","50","2012-10-16 00:00:00","2012-10-27 00:00:00","2012-10-23 00:00:00","2012-10-27 00:00:00","3.0000","36.7500","36.7500","2012-10-26 22:00:00"
"23298","810","1","10","2012-10-16 00:00:00","2012-10-27 00:00:00","2012-10-23 00:00:00","2012-10-27 00:00:00","4.1000","92.2500","92.2500","2012-10-26 22:00:00"
"23298","810","2","20","2012-10-16 00:00:00","2012-10-27 00:00:00","2012-10-23 00:00:00","2012-10-27 00:00:00","3.5000","87.5000","87.5000","2012-10-26 22:00:00"
"23298","810","6","50","2012-10-16 00:00:00","2012-10-27 00:00:00","2012-10-23 00:00:00","2012-10-27 00:00:00","3.0000","36.7500","36.7500","2012-10-26 22:00:00"
"23299","813","1","10","2012-10-16 00:00:00","2012-10-27 00:00:00","2012-10-23 00:00:00","2012-10-27 00:00:00","4.1000","92.2500","92.2500","2012-10-26 22:00:00"
"23299","813","2","20","2012-10-16 00:00:00","2012-10-27 00:00:00","2012-10-23 00:00:00","2012-10-27 00:00:00","3.5000","87.5000","87.5000","2012-10-26 22:00:00"
"23299","813","6","50","2012-10-16 00:00:00","2012-10-27 00:00:00","2012-10-23 00:00:00","2012-10-27 00:00:00","3.0000","36.7500","36.7500","2012-10-26 22:00:00"
"23300","816","6","50","2012-10-16 00:00:00","2012-10-27 00:00:00","2012-10-23 00:00:00","2012-10-27 00:00:00","3.0000","36.7500","36.7500","2012-10-26 22:00:00"
"23301","820","6","50","2012-10-16 00:00:00","2012-10-27 00:00:00","2012-10-23 00:00:00","2012-10-27 00:00:00","3.0000","36.7500","36.7500","2012-10-26 22:00:00"
"23302","824","6","50","2012-10-16 00:00:00","2012-10-27 00:00:00","2012-10-23 00:00:00","2012-10-27 00:00:00","3.0000","36.7500","36.7500","2012-10-26 22:00:00"
"23303","828","6","50","2012-10-16 00:00:00","2012-10-27 00:00:00","2012-10-23 00:00:00","2012-10-27 00:00:00","3.0000","36.7500","36.7500","2012-10-26 22:00:00"
"23306","894","6","50","2012-10-16 00:00:00","2012-10-27 00:00:00","2012-10-23 00:00:00","2012-10-27 00:00:00","3.0000","36.7500","36.7500","2012-10-26 22:00:00"
"23307","945","1","10","2012-10-16 00:00:00","2012-10-27 00:00:00","2012-10-23 00:00:00","2012-10-27 00:00:00","4.1000","92.2500","92.2500","2012-10-26 22:00:00"
"23307","945","6","50","2012-10-16 00:00:00","2012-10-27 00:00:00","2012-10-23 00:00:00","2012-10-27 00:00:00","3.0000","36.7500","36.7500","2012-10-26 22:00:00"
"23308","950","6","50","2012-10-16 00:00:00","2012-10-27 00:00:00","2012-10-23 00:00:00","2012-10-27 00:00:00","3.0000","36.7500","36.7500","2012-10-26 22:00:00"
"23309","995","6","50","2012-10-16 00:00:00","2012-10-27 00:00:00","2012-10-23 00:00:00","2012-10-27 00:00:00","3.0000","36.7500","36.7500","2012-10-26 22:00:00"
"23310","996","6","50","2012-10-16 00:00:00","2012-10-27 00:00:00","2012-10-23 00:00:00","2012-10-27 00:00:00","3.0000","36.7500","36.7500","2012-10-26 22:00:00"
"23323","804","1","10","2012-10-16 00:00:00","2012-10-27 00:00:00","2012-10-23 00:00:00","2012-10-27 00:00:00","4.1000","92.2500","92.2500","2012-10-26 22:00:00"
"23323","804","6","50","2012-10-16 00:00:00","2012-10-27 00:00:00","2012-10-23 00:00:00","2012-10-27 00:00:00","3.0000","36.7500","36.7500","2012-10-26 22:00:00"
"23328","767","7","60","2012-10-17 00:00:00","2012-10-28 00:00:00","2012-10-17 00:00:00","2012-11-16 00:00:00","4.0000","49.0000","49.0000","2012-11-15 23:00:00"
"23329","780","7","60","2012-10-17 00:00:00","2012-10-28 00:00:00","2012-10-17 00:00:00","2012-11-16 00:00:00","4.0000","49.0000","49.0000","2012-11-15 23:00:00"
"23330","791","7","60","2012-10-17 00:00:00","2012-10-28 00:00:00","2012-10-17 00:00:00","2012-11-16 00:00:00","4.0000","49.0000","49.0000","2012-11-15 23:00:00"
"23331","516","6","50","2012-10-17 00:00:00","2012-10-28 00:00:00","2012-10-17 00:00:00","2012-11-16 00:00:00","3.0000","36.7500","36.7500","2012-11-15 23:00:00"
"23331","516","7","60","2012-10-17 00:00:00","2012-10-28 00:00:00","2012-10-17 00:00:00","2012-11-16 00:00:00","4.0000","49.0000","49.0000","2012-11-15 23:00:00"
"23332","517","6","50","2012-10-17 00:00:00","2012-10-28 00:00:00","2012-10-17 00:00:00","2012-11-16 00:00:00","3.0000","36.7500","36.7500","2012-11-15 23:00:00"
"23332","517","7","60","2012-10-17 00:00:00","2012-10-28 00:00:00","2012-10-17 00:00:00","2012-11-16 00:00:00","4.0000","49.0000","49.0000","2012-11-15 23:00:00"
"23333","519","6","50","2012-10-17 00:00:00","2012-10-28 00:00:00","2012-10-17 00:00:00","2012-11-16 00:00:00","3.0000","36.7500","36.7500","2012-11-15 23:00:00"
"23333","519","7","60","2012-10-17 00:00:00","2012-10-28 00:00:00","2012-10-17 00:00:00","2012-11-16 00:00:00","4.0000","49.0000","49.0000","2012-11-15 23:00:00"
"23337","806","6","50","2012-10-17 00:00:00","2012-10-28 00:00:00","2012-10-17 00:00:00","2012-11-16 00:00:00","3.0000","36.7500","36.7500","2012-11-15 23:00:00"
"23338","810","1","10","2012-10-17 00:00:00","2012-10-28 00:00:00","2012-10-17 00:00:00","2012-11-16 00:00:00","4.1000","92.2500","92.2500","2012-11-15 23:00:00"
"23338","810","2","20","2012-10-17 00:00:00","2012-10-28 00:00:00","2012-10-17 00:00:00","2012-11-16 00:00:00","3.5000","87.5000","87.5000","2012-11-15 23:00:00"
"23338","810","6","50","2012-10-17 00:00:00","2012-10-28 00:00:00","2012-10-17 00:00:00","2012-11-16 00:00:00","3.0000","36.7500","36.7500","2012-11-15 23:00:00"
"23339","811","1","10","2012-10-17 00:00:00","2012-10-28 00:00:00","2012-10-17 00:00:00","2012-11-16 00:00:00","4.1000","92.2500","92.2500","2012-11-15 23:00:00"
"23339","811","2","20","2012-10-17 00:00:00","2012-10-28 00:00:00","2012-10-17 00:00:00","2012-11-16 00:00:00","3.5000","87.5000","87.5000","2012-11-15 23:00:00"
"23339","811","6","50","2012-10-17 00:00:00","2012-10-28 00:00:00","2012-10-17 00:00:00","2012-11-16 00:00:00","3.0000","36.7500","36.7500","2012-11-15 23:00:00"
"23340","813","1","10","2012-10-17 00:00:00","2012-10-28 00:00:00","2012-10-17 00:00:00","2012-11-16 00:00:00","4.1000","92.2500","92.2500","2012-11-15 23:00:00"
"23340","813","2","20","2012-10-17 00:00:00","2012-10-28 00:00:00","2012-10-17 00:00:00","2012-11-16 00:00:00","3.5000","87.5000","87.5000","2012-11-15 23:00:00"
"23340","813","6","50","2012-10-17 00:00:00","2012-10-28 00:00:00","2012-10-17 00:00:00","2012-11-16 00:00:00","3.0000","36.7500","36.7500","2012-11-15 23:00:00"
"23341","816","6","50","2012-10-17 00:00:00","2012-10-28 00:00:00","2012-10-17 00:00:00","2012-11-16 00:00:00","3.0000","36.7500","36.7500","2012-11-15 23:00:00"
"23342","818","6","50","2012-10-17 00:00:00","2012-10-28 00:00:00","2012-10-17 00:00:00","2012-11-16 00:00:00","3.0000","36.7500","36.7500","2012-11-15 23:00:00"
"23343","820","6","50","2012-10-17 00:00:00","2012-10-28 00:00:00","2012-10-17 00:00:00","2012-11-16 00:00:00","3.0000","36.7500","36.7500","2012-11-15 23:00:00"
"23344","824","6","50","2012-10-17 00:00:00","2012-10-28 00:00:00","2012-10-17 00:00:00","2012-11-16 00:00:00","3.0000","36.7500","36.7500","2012-11-15 23:00:00"
"23345","826","6","50","2012-10-17 00:00:00","2012-10-28 00:00:00","2012-10-17 00:00:00","2012-11-16 00:00:00","3.0000","36.7500","36.7500","2012-11-15 23:00:00"
"23346","828","6","50","2012-10-17 00:00:00","2012-10-28 00:00:00","2012-10-17 00:00:00","2012-11-16 00:00:00","3.0000","36.7500","36.7500","2012-11-15 23:00:00"
"23347","894","6","50","2012-10-17 00:00:00","2012-10-28 00:00:00","2012-10-17 00:00:00","2012-11-16 00:00:00","3.0000","36.7500","36.7500","2012-11-15 23:00:00"
"23348","945","1","10","2012-10-17 00:00:00","2012-10-28 00:00:00","2012-10-17 00:00:00","2012-11-16 00:00:00","4.1000","92.2500","92.2500","2012-11-15 23:00:00"
"23348","945","6","50","2012-10-17 00:00:00","2012-10-28 00:00:00","2012-10-17 00:00:00","2012-11-16 00:00:00","3.0000","36.7500","36.7500","2012-11-15 23:00:00"
"23349","950","6","50","2012-10-17 00:00:00","2012-10-28 00:00:00","2012-10-17 00:00:00","2012-11-16 00:00:00","3.0000","36.7500","36.7500","2012-11-15 23:00:00"
"23350","994","6","50","2012-10-17 00:00:00","2012-10-28 00:00:00","2012-10-17 00:00:00","2012-11-16 00:00:00","3.0000","36.7500","36.7500","2012-11-15 23:00:00"
"23351","995","6","50","2012-10-17 00:00:00","2012-10-28 00:00:00","2012-10-17 00:00:00","2012-11-16 00:00:00","3.0000","36.7500","36.7500","2012-11-15 23:00:00"
"23352","996","6","50","2012-10-17 00:00:00","2012-10-28 00:00:00","2012-10-17 00:00:00","2012-11-16 00:00:00","3.0000","36.7500","36.7500","2012-11-15 23:00:00"
"23366","802","1","10","2012-10-17 00:00:00","2012-10-28 00:00:00","2012-10-17 00:00:00","2012-11-16 00:00:00","4.1000","92.2500","92.2500","2012-11-15 23:00:00"
"23366","802","6","50","2012-10-17 00:00:00","2012-10-28 00:00:00","2012-10-17 00:00:00","2012-11-16 00:00:00","3.0000","36.7500","36.7500","2012-11-15 23:00:00"
"23367","804","1","10","2012-10-17 00:00:00","2012-10-28 00:00:00","2012-10-17 00:00:00","2012-11-16 00:00:00","4.1000","92.2500","92.2500","2012-11-15 23:00:00"
"23367","804","6","50","2012-10-17 00:00:00","2012-10-28 00:00:00","2012-10-17 00:00:00","2012-11-16 00:00:00","3.0000","36.7500","36.7500","2012-11-15 23:00:00"
"23372","779","7","60","2012-10-18 00:00:00","2012-10-29 00:00:00","2012-10-27 00:00:00","2012-10-29 00:00:00","4.0000","49.0000","49.0000","2012-10-28 23:00:00"
"23373","783","7","60","2012-10-18 00:00:00","2012-10-29 00:00:00","2012-10-27 00:00:00","2012-10-29 00:00:00","4.0000","49.0000","49.0000","2012-10-28 23:00:00"
"23374","790","7","60","2012-10-18 00:00:00","2012-10-29 00:00:00","2012-10-27 00:00:00","2012-10-29 00:00:00","4.0000","49.0000","49.0000","2012-10-28 23:00:00"
"23375","791","7","60","2012-10-18 00:00:00","2012-10-29 00:00:00","2012-10-27 00:00:00","2012-10-29 00:00:00","4.0000","49.0000","49.0000","2012-10-28 23:00:00"
"23376","793","7","60","2012-10-18 00:00:00","2012-10-29 00:00:00","2012-10-27 00:00:00","2012-10-29 00:00:00","4.0000","49.0000","49.0000","2012-10-28 23:00:00"
"23377","796","7","60","2012-10-18 00:00:00","2012-10-29 00:00:00","2012-10-27 00:00:00","2012-10-29 00:00:00","4.0000","49.0000","49.0000","2012-10-28 23:00:00"
"23378","797","7","60","2012-10-18 00:00:00","2012-10-29 00:00:00","2012-10-27 00:00:00","2012-10-29 00:00:00","4.0000","49.0000","49.0000","2012-10-28 23:00:00"
"23379","799","7","60","2012-10-18 00:00:00","2012-10-29 00:00:00","2012-10-27 00:00:00","2012-10-29 00:00:00","4.0000","49.0000","49.0000","2012-10-28 23:00:00"
"23380","516","6","50","2012-10-18 00:00:00","2012-10-29 00:00:00","2012-10-27 00:00:00","2012-10-29 00:00:00","3.0000","36.7500","36.7500","2012-10-28 23:00:00"
"23380","516","7","60","2012-10-18 00:00:00","2012-10-29 00:00:00","2012-10-27 00:00:00","2012-10-29 00:00:00","4.0000","49.0000","49.0000","2012-10-28 23:00:00"
"23381","518","6","50","2012-10-18 00:00:00","2012-10-29 00:00:00","2012-10-27 00:00:00","2012-10-29 00:00:00","3.0000","36.7500","36.7500","2012-10-28 23:00:00"
"23381","518","7","60","2012-10-18 00:00:00","2012-10-29 00:00:00","2012-10-27 00:00:00","2012-10-29 00:00:00","4.0000","49.0000","49.0000","2012-10-28 23:00:00"
"23382","519","6","50","2012-10-18 00:00:00","2012-10-29 00:00:00","2012-10-27 00:00:00","2012-10-29 00:00:00","3.0000","36.7500","36.7500","2012-10-28 23:00:00"
"23382","519","7","60","2012-10-18 00:00:00","2012-10-29 00:00:00","2012-10-27 00:00:00","2012-10-29 00:00:00","4.0000","49.0000","49.0000","2012-10-28 23:00:00"
"23387","748","1","10","2012-10-18 00:00:00","2012-10-29 00:00:00","2012-10-27 00:00:00","2012-10-29 00:00:00","4.1000","92.2500","92.2500","2012-10-28 23:00:00"
"23387","748","2","20","2012-10-18 00:00:00","2012-10-29 00:00:00","2012-10-27 00:00:00","2012-10-29 00:00:00","3.5000","87.5000","87.5000","2012-10-28 23:00:00"
"23387","748","3","30","2012-10-18 00:00:00","2012-10-29 00:00:00","2012-10-27 00:00:00","2012-10-29 00:00:00","1.0000","14.5000","14.5000","2012-10-28 23:00:00"
"23387","748","5","45","2012-10-18 00:00:00","2012-10-29 00:00:00","2012-10-27 00:00:00","2012-10-29 00:00:00","2.0000","36.0000","36.0000","2012-10-28 23:00:00"
"23387","748","6","50","2012-10-18 00:00:00","2012-10-29 00:00:00","2012-10-27 00:00:00","2012-10-29 00:00:00","3.0000","36.7500","36.7500","2012-10-28 23:00:00"
"23387","748","7","60","2012-10-18 00:00:00","2012-10-29 00:00:00","2012-10-27 00:00:00","2012-10-29 00:00:00","4.0000","49.0000","49.0000","2012-10-28 23:00:00"
"23388","806","6","50","2012-10-18 00:00:00","2012-10-29 00:00:00","2012-10-27 00:00:00","2012-10-29 00:00:00","3.0000","36.7500","36.7500","2012-10-28 23:00:00"
"23389","810","1","10","2012-10-18 00:00:00","2012-10-29 00:00:00","2012-10-27 00:00:00","2012-10-29 00:00:00","4.1000","92.2500","92.2500","2012-10-28 23:00:00"
"23389","810","2","20","2012-10-18 00:00:00","2012-10-29 00:00:00","2012-10-27 00:00:00","2012-10-29 00:00:00","3.5000","87.5000","87.5000","2012-10-28 23:00:00"
"23389","810","6","50","2012-10-18 00:00:00","2012-10-29 00:00:00","2012-10-27 00:00:00","2012-10-29 00:00:00","3.0000","36.7500","36.7500","2012-10-28 23:00:00"
"23390","812","1","10","2012-10-18 00:00:00","2012-10-29 00:00:00","2012-10-27 00:00:00","2012-10-29 00:00:00","4.1000","92.2500","92.2500","2012-10-28 23:00:00"
"23390","812","2","20","2012-10-18 00:00:00","2012-10-29 00:00:00","2012-10-27 00:00:00","2012-10-29 00:00:00","3.5000","87.5000","87.5000","2012-10-28 23:00:00"
"23390","812","6","50","2012-10-18 00:00:00","2012-10-29 00:00:00","2012-10-27 00:00:00","2012-10-29 00:00:00","3.0000","36.7500","36.7500","2012-10-28 23:00:00"
"23391","813","1","10","2012-10-18 00:00:00","2012-10-29 00:00:00","2012-10-27 00:00:00","2012-10-29 00:00:00","4.1000","92.2500","92.2500","2012-10-28 23:00:00"
"23391","813","2","20","2012-10-18 00:00:00","2012-10-29 00:00:00","2012-10-27 00:00:00","2012-10-29 00:00:00","3.5000","87.5000","87.5000","2012-10-28 23:00:00"
"23391","813","6","50","2012-10-18 00:00:00","2012-10-29 00:00:00","2012-10-27 00:00:00","2012-10-29 00:00:00","3.0000","36.7500","36.7500","2012-10-28 23:00:00"
"23392","816","6","50","2012-10-18 00:00:00","2012-10-29 00:00:00","2012-10-27 00:00:00","2012-10-29 00:00:00","3.0000","36.7500","36.7500","2012-10-28 23:00:00"
"23393","819","6","50","2012-10-18 00:00:00","2012-10-29 00:00:00","2012-10-27 00:00:00","2012-10-29 00:00:00","3.0000","36.7500","36.7500","2012-10-28 23:00:00"
"23394","820","6","50","2012-10-18 00:00:00","2012-10-29 00:00:00","2012-10-27 00:00:00","2012-10-29 00:00:00","3.0000","36.7500","36.7500","2012-10-28 23:00:00"
"23395","822","1","10","2012-10-18 00:00:00","2012-10-29 00:00:00","2012-10-27 00:00:00","2012-10-29 00:00:00","4.1000","92.2500","92.2500","2012-10-28 23:00:00"
"23395","822","2","20","2012-10-18 00:00:00","2012-10-29 00:00:00","2012-10-27 00:00:00","2012-10-29 00:00:00","3.5000","87.5000","87.5000","2012-10-28 23:00:00"
"23395","822","3","30","2012-10-18 00:00:00","2012-10-29 00:00:00","2012-10-27 00:00:00","2012-10-29 00:00:00","1.0000","14.5000","14.5000","2012-10-28 23:00:00"
"23395","822","4","40","2012-10-18 00:00:00","2012-10-29 00:00:00","2012-10-27 00:00:00","2012-10-29 00:00:00","2.0000","31.5000","31.5000","2012-10-28 23:00:00"
"23395","822","6","50","2012-10-18 00:00:00","2012-10-29 00:00:00","2012-10-27 00:00:00","2012-10-29 00:00:00","3.0000","36.7500","36.7500","2012-10-28 23:00:00"
"23395","822","7","60","2012-10-18 00:00:00","2012-10-29 00:00:00","2012-10-27 00:00:00","2012-10-29 00:00:00","4.0000","49.0000","49.0000","2012-10-28 23:00:00"
"23396","824","6","50","2012-10-18 00:00:00","2012-10-29 00:00:00","2012-10-27 00:00:00","2012-10-29 00:00:00","3.0000","36.7500","36.7500","2012-10-28 23:00:00"
"23397","827","6","50","2012-10-18 00:00:00","2012-10-29 00:00:00","2012-10-27 00:00:00","2012-10-29 00:00:00","3.0000","36.7500","36.7500","2012-10-28 23:00:00"
"23398","828","6","50","2012-10-18 00:00:00","2012-10-29 00:00:00","2012-10-27 00:00:00","2012-10-29 00:00:00","3.0000","36.7500","36.7500","2012-10-28 23:00:00"
"23401","894","6","50","2012-10-18 00:00:00","2012-10-29 00:00:00","2012-10-27 00:00:00","2012-10-29 00:00:00","3.0000","36.7500","36.7500","2012-10-28 23:00:00"
"23402","945","1","10","2012-10-18 00:00:00","2012-10-29 00:00:00","2012-10-27 00:00:00","2012-10-29 00:00:00","4.1000","92.2500","92.2500","2012-10-28 23:00:00"
"23402","945","6","50","2012-10-18 00:00:00","2012-10-29 00:00:00","2012-10-27 00:00:00","2012-10-29 00:00:00","3.0000","36.7500","36.7500","2012-10-28 23:00:00"
"23403","950","6","50","2012-10-18 00:00:00","2012-10-29 00:00:00","2012-10-27 00:00:00","2012-10-29 00:00:00","3.0000","36.7500","36.7500","2012-10-28 23:00:00"
"23404","994","6","50","2012-10-18 00:00:00","2012-10-29 00:00:00","2012-10-27 00:00:00","2012-10-29 00:00:00","3.0000","36.7500","36.7500","2012-10-28 23:00:00"
"23405","995","6","50","2012-10-18 00:00:00","2012-10-29 00:00:00","2012-10-27 00:00:00","2012-10-29 00:00:00","3.0000","36.7500","36.7500","2012-10-28 23:00:00"
"23406","996","6","50","2012-10-18 00:00:00","2012-10-29 00:00:00","2012-10-27 00:00:00","2012-10-29 00:00:00","3.0000","36.7500","36.7500","2012-10-28 23:00:00"
"23419","803","1","10","2012-10-18 00:00:00","2012-10-29 00:00:00","2012-10-27 00:00:00","2012-10-29 00:00:00","4.1000","92.2500","92.2500","2012-10-28 23:00:00"
"23419","803","6","50","2012-10-18 00:00:00","2012-10-29 00:00:00","2012-10-27 00:00:00","2012-10-29 00:00:00","3.0000","36.7500","36.7500","2012-10-28 23:00:00"
"23420","804","1","10","2012-10-18 00:00:00","2012-10-29 00:00:00","2012-10-27 00:00:00","2012-10-29 00:00:00","4.1000","92.2500","92.2500","2012-10-28 23:00:00"
"23420","804","6","50","2012-10-18 00:00:00","2012-10-29 00:00:00","2012-10-27 00:00:00","2012-10-29 00:00:00","3.0000","36.7500","36.7500","2012-10-28 23:00:00"
"23425","760","7","60","2012-10-19 00:00:00","2012-10-30 00:00:00","2012-10-19 00:00:00","2012-10-31 00:00:00","4.0000","49.0000","49.0000","2012-10-30 23:00:00"
"23426","761","7","60","2012-10-19 00:00:00","2012-10-30 00:00:00","2012-10-19 00:00:00","2012-10-31 00:00:00","4.0000","49.0000","49.0000","2012-10-30 23:00:00"
"23427","766","7","60","2012-10-19 00:00:00","2012-10-30 00:00:00","2012-10-19 00:00:00","2012-10-31 00:00:00","4.0000","49.0000","49.0000","2012-10-30 23:00:00"
"23428","783","7","60","2012-10-19 00:00:00","2012-10-30 00:00:00","2012-10-19 00:00:00","2012-10-31 00:00:00","4.0000","49.0000","49.0000","2012-10-30 23:00:00"
"23429","795","7","60","2012-10-19 00:00:00","2012-10-30 00:00:00","2012-10-19 00:00:00","2012-10-31 00:00:00","4.0000","49.0000","49.0000","2012-10-30 23:00:00"
"23430","796","7","60","2012-10-19 00:00:00","2012-10-30 00:00:00","2012-10-19 00:00:00","2012-10-31 00:00:00","4.0000","49.0000","49.0000","2012-10-30 23:00:00"
"23431","516","6","50","2012-10-19 00:00:00","2012-10-30 00:00:00","2012-10-19 00:00:00","2012-10-31 00:00:00","3.0000","36.7500","36.7500","2012-10-30 23:00:00"
"23431","516","7","60","2012-10-19 00:00:00","2012-10-30 00:00:00","2012-10-19 00:00:00","2012-10-31 00:00:00","4.0000","49.0000","49.0000","2012-10-30 23:00:00"
"23432","517","6","50","2012-10-19 00:00:00","2012-10-30 00:00:00","2012-10-19 00:00:00","2012-10-31 00:00:00","3.0000","36.7500","36.7500","2012-10-30 23:00:00"
"23432","517","7","60","2012-10-19 00:00:00","2012-10-30 00:00:00","2012-10-19 00:00:00","2012-10-31 00:00:00","4.0000","49.0000","49.0000","2012-10-30 23:00:00"
"23433","519","6","50","2012-10-19 00:00:00","2012-10-30 00:00:00","2012-10-19 00:00:00","2012-10-31 00:00:00","3.0000","36.7500","36.7500","2012-10-30 23:00:00"
"23433","519","7","60","2012-10-19 00:00:00","2012-10-30 00:00:00","2012-10-19 00:00:00","2012-10-31 00:00:00","4.0000","49.0000","49.0000","2012-10-30 23:00:00"
"23439","806","6","50","2012-10-19 00:00:00","2012-10-30 00:00:00","2012-10-19 00:00:00","2012-10-31 00:00:00","3.0000","36.7500","36.7500","2012-10-30 23:00:00"
"23440","810","1","10","2012-10-19 00:00:00","2012-10-30 00:00:00","2012-10-19 00:00:00","2012-10-31 00:00:00","4.1000","92.2500","92.2500","2012-10-30 23:00:00"
"23440","810","2","20","2012-10-19 00:00:00","2012-10-30 00:00:00","2012-10-19 00:00:00","2012-10-31 00:00:00","3.5000","87.5000","87.5000","2012-10-30 23:00:00"
"23440","810","6","50","2012-10-19 00:00:00","2012-10-30 00:00:00","2012-10-19 00:00:00","2012-10-31 00:00:00","3.0000","36.7500","36.7500","2012-10-30 23:00:00"
"23441","811","1","10","2012-10-19 00:00:00","2012-10-30 00:00:00","2012-10-19 00:00:00","2012-10-31 00:00:00","4.1000","92.2500","92.2500","2012-10-30 23:00:00"
"23441","811","2","20","2012-10-19 00:00:00","2012-10-30 00:00:00","2012-10-19 00:00:00","2012-10-31 00:00:00","3.5000","87.5000","87.5000","2012-10-30 23:00:00"
"23441","811","6","50","2012-10-19 00:00:00","2012-10-30 00:00:00","2012-10-19 00:00:00","2012-10-31 00:00:00","3.0000","36.7500","36.7500","2012-10-30 23:00:00"
"23442","813","1","10","2012-10-19 00:00:00","2012-10-30 00:00:00","2012-10-19 00:00:00","2012-10-31 00:00:00","4.1000","92.2500","92.2500","2012-10-30 23:00:00"
"23442","813","2","20","2012-10-19 00:00:00","2012-10-30 00:00:00","2012-10-19 00:00:00","2012-10-31 00:00:00","3.5000","87.5000","87.5000","2012-10-30 23:00:00"
"23442","813","6","50","2012-10-19 00:00:00","2012-10-30 00:00:00","2012-10-19 00:00:00","2012-10-31 00:00:00","3.0000","36.7500","36.7500","2012-10-30 23:00:00"
"23443","816","6","50","2012-10-19 00:00:00","2012-10-30 00:00:00","2012-10-19 00:00:00","2012-10-31 00:00:00","3.0000","36.7500","36.7500","2012-10-30 23:00:00"
"23444","818","6","50","2012-10-19 00:00:00","2012-10-30 00:00:00","2012-10-19 00:00:00","2012-10-31 00:00:00","3.0000","36.7500","36.7500","2012-10-30 23:00:00"
"23445","820","6","50","2012-10-19 00:00:00","2012-10-30 00:00:00","2012-10-19 00:00:00","2012-10-31 00:00:00","3.0000","36.7500","36.7500","2012-10-30 23:00:00"
"23446","824","6","50","2012-10-19 00:00:00","2012-10-30 00:00:00","2012-10-19 00:00:00","2012-10-31 00:00:00","3.0000","36.7500","36.7500","2012-10-30 23:00:00"
"23447","826","6","50","2012-10-19 00:00:00","2012-10-30 00:00:00","2012-10-19 00:00:00","2012-10-31 00:00:00","3.0000","36.7500","36.7500","2012-10-30 23:00:00"
"23448","828","6","50","2012-10-19 00:00:00","2012-10-30 00:00:00","2012-10-19 00:00:00","2012-10-31 00:00:00","3.0000","36.7500","36.7500","2012-10-30 23:00:00"
"23450","894","6","50","2012-10-19 00:00:00","2012-10-30 00:00:00","2012-10-19 00:00:00","2012-10-31 00:00:00","3.0000","36.7500","36.7500","2012-10-30 23:00:00"
"23451","945","1","10","2012-10-19 00:00:00","2012-10-30 00:00:00","2012-10-19 00:00:00","2012-10-31 00:00:00","4.1000","92.2500","92.2500","2012-10-30 23:00:00"
"23451","945","6","50","2012-10-19 00:00:00","2012-10-30 00:00:00","2012-10-19 00:00:00","2012-10-31 00:00:00","3.0000","36.7500","36.7500","2012-10-30 23:00:00"
"23452","950","6","50","2012-10-19 00:00:00","2012-10-30 00:00:00","2012-10-19 00:00:00","2012-10-31 00:00:00","3.0000","36.7500","36.7500","2012-10-30 23:00:00"
"23453","994","6","50","2012-10-19 00:00:00","2012-10-30 00:00:00","2012-10-19 00:00:00","2012-10-31 00:00:00","3.0000","36.7500","36.7500","2012-10-30 23:00:00"
"23454","995","6","50","2012-10-19 00:00:00","2012-10-30 00:00:00","2012-10-19 00:00:00","2012-10-31 00:00:00","3.0000","36.7500","36.7500","2012-10-30 23:00:00"
"23455","996","6","50","2012-10-19 00:00:00","2012-10-30 00:00:00","2012-10-19 00:00:00","2012-10-31 00:00:00","3.0000","36.7500","36.7500","2012-10-30 23:00:00"
"23469","802","1","10","2012-10-19 00:00:00","2012-10-30 00:00:00","2012-10-19 00:00:00","2012-10-31 00:00:00","4.1000","92.2500","92.2500","2012-10-30 23:00:00"
"23469","802","6","50","2012-10-19 00:00:00","2012-10-30 00:00:00","2012-10-19 00:00:00","2012-10-31 00:00:00","3.0000","36.7500","36.7500","2012-10-30 23:00:00"
"23470","804","1","10","2012-10-19 00:00:00","2012-10-30 00:00:00","2012-10-19 00:00:00","2012-10-31 00:00:00","4.1000","92.2500","92.2500","2012-10-30 23:00:00"
"23470","804","6","50","2012-10-19 00:00:00","2012-10-30 00:00:00","2012-10-19 00:00:00","2012-10-31 00:00:00","3.0000","36.7500","36.7500","2012-10-30 23:00:00"
"23475","760","7","60","2012-10-20 00:00:00","2012-10-31 00:00:00","2012-10-31 00:00:00","2012-10-31 00:00:00","4.0000","49.0000","49.0000","2012-10-30 23:00:00"
"23476","762","7","60","2012-10-20 00:00:00","2012-10-31 00:00:00","2012-10-31 00:00:00","2012-10-31 00:00:00","4.0000","49.0000","49.0000","2012-10-30 23:00:00"
"23477","764","7","60","2012-10-20 00:00:00","2012-10-31 00:00:00","2012-10-31 00:00:00","2012-10-31 00:00:00","4.0000","49.0000","49.0000","2012-10-30 23:00:00"
"23478","779","7","60","2012-10-20 00:00:00","2012-10-31 00:00:00","2012-10-31 00:00:00","2012-10-31 00:00:00","4.0000","49.0000","49.0000","2012-10-30 23:00:00"
"23479","790","7","60","2012-10-20 00:00:00","2012-10-31 00:00:00","2012-10-31 00:00:00","2012-10-31 00:00:00","4.0000","49.0000","49.0000","2012-10-30 23:00:00"
"23480","792","7","60","2012-10-20 00:00:00","2012-10-31 00:00:00","2012-10-31 00:00:00","2012-10-31 00:00:00","4.0000","49.0000","49.0000","2012-10-30 23:00:00"
"23481","795","7","60","2012-10-20 00:00:00","2012-10-31 00:00:00","2012-10-31 00:00:00","2012-10-31 00:00:00","4.0000","49.0000","49.0000","2012-10-30 23:00:00"
"23482","516","6","50","2012-10-20 00:00:00","2012-10-31 00:00:00","2012-10-31 00:00:00","2012-10-31 00:00:00","3.0000","36.7500","36.7500","2012-10-30 23:00:00"
"23482","516","7","60","2012-10-20 00:00:00","2012-10-31 00:00:00","2012-10-31 00:00:00","2012-10-31 00:00:00","4.0000","49.0000","49.0000","2012-10-30 23:00:00"
"23483","517","6","50","2012-10-20 00:00:00","2012-10-31 00:00:00","2012-10-31 00:00:00","2012-10-31 00:00:00","3.0000","36.7500","36.7500","2012-10-30 23:00:00"
"23483","517","7","60","2012-10-20 00:00:00","2012-10-31 00:00:00","2012-10-31 00:00:00","2012-10-31 00:00:00","4.0000","49.0000","49.0000","2012-10-30 23:00:00"
"23484","519","6","50","2012-10-20 00:00:00","2012-10-31 00:00:00","2012-10-31 00:00:00","2012-10-31 00:00:00","3.0000","36.7500","36.7500","2012-10-30 23:00:00"
"23484","519","7","60","2012-10-20 00:00:00","2012-10-31 00:00:00","2012-10-31 00:00:00","2012-10-31 00:00:00","4.0000","49.0000","49.0000","2012-10-30 23:00:00"
"23490","748","1","10","2012-10-20 00:00:00","2012-10-31 00:00:00","2012-10-31 00:00:00","2012-10-31 00:00:00","4.1000","92.2500","92.2500","2012-10-30 23:00:00"
"23490","748","2","20","2012-10-20 00:00:00","2012-10-31 00:00:00","2012-10-31 00:00:00","2012-10-31 00:00:00","3.5000","87.5000","87.5000","2012-10-30 23:00:00"
"23490","748","3","30","2012-10-20 00:00:00","2012-10-31 00:00:00","2012-10-31 00:00:00","2012-10-31 00:00:00","1.0000","14.5000","14.5000","2012-10-30 23:00:00"
"23490","748","5","45","2012-10-20 00:00:00","2012-10-31 00:00:00","2012-10-31 00:00:00","2012-10-31 00:00:00","2.0000","36.0000","36.0000","2012-10-30 23:00:00"
"23490","748","6","50","2012-10-20 00:00:00","2012-10-31 00:00:00","2012-10-31 00:00:00","2012-10-31 00:00:00","3.0000","36.7500","36.7500","2012-10-30 23:00:00"
"23490","748","7","60","2012-10-20 00:00:00","2012-10-31 00:00:00","2012-10-31 00:00:00","2012-10-31 00:00:00","4.0000","49.0000","49.0000","2012-10-30 23:00:00"
"23491","806","6","50","2012-10-20 00:00:00","2012-10-31 00:00:00","2012-10-31 00:00:00","2012-10-31 00:00:00","3.0000","36.7500","36.7500","2012-10-30 23:00:00"
"23492","810","1","10","2012-10-20 00:00:00","2012-10-31 00:00:00","2012-10-31 00:00:00","2012-10-31 00:00:00","4.1000","92.2500","92.2500","2012-10-30 23:00:00"
"23492","810","2","20","2012-10-20 00:00:00","2012-10-31 00:00:00","2012-10-31 00:00:00","2012-10-31 00:00:00","3.5000","87.5000","87.5000","2012-10-30 23:00:00"
"23492","810","6","50","2012-10-20 00:00:00","2012-10-31 00:00:00","2012-10-31 00:00:00","2012-10-31 00:00:00","3.0000","36.7500","36.7500","2012-10-30 23:00:00"
"23493","811","1","10","2012-10-20 00:00:00","2012-10-31 00:00:00","2012-10-31 00:00:00","2012-10-31 00:00:00","4.1000","92.2500","92.2500","2012-10-30 23:00:00"
"23493","811","2","20","2012-10-20 00:00:00","2012-10-31 00:00:00","2012-10-31 00:00:00","2012-10-31 00:00:00","3.5000","87.5000","87.5000","2012-10-30 23:00:00"
"23493","811","6","50","2012-10-20 00:00:00","2012-10-31 00:00:00","2012-10-31 00:00:00","2012-10-31 00:00:00","3.0000","36.7500","36.7500","2012-10-30 23:00:00"
"23494","813","1","10","2012-10-20 00:00:00","2012-10-31 00:00:00","2012-10-31 00:00:00","2012-10-31 00:00:00","4.1000","92.2500","92.2500","2012-10-30 23:00:00"
"23494","813","2","20","2012-10-20 00:00:00","2012-10-31 00:00:00","2012-10-31 00:00:00","2012-10-31 00:00:00","3.5000","87.5000","87.5000","2012-10-30 23:00:00"
"23494","813","6","50","2012-10-20 00:00:00","2012-10-31 00:00:00","2012-10-31 00:00:00","2012-10-31 00:00:00","3.0000","36.7500","36.7500","2012-10-30 23:00:00"
"23495","816","6","50","2012-10-20 00:00:00","2012-10-31 00:00:00","2012-10-31 00:00:00","2012-10-31 00:00:00","3.0000","36.7500","36.7500","2012-10-30 23:00:00"
"23496","818","6","50","2012-10-20 00:00:00","2012-10-31 00:00:00","2012-10-31 00:00:00","2012-10-31 00:00:00","3.0000","36.7500","36.7500","2012-10-30 23:00:00"
"23497","820","6","50","2012-10-20 00:00:00","2012-10-31 00:00:00","2012-10-31 00:00:00","2012-10-31 00:00:00","3.0000","36.7500","36.7500","2012-10-30 23:00:00"
"23498","824","6","50","2012-10-20 00:00:00","2012-10-31 00:00:00","2012-10-31 00:00:00","2012-10-31 00:00:00","3.0000","36.7500","36.7500","2012-10-30 23:00:00"
"23499","826","6","50","2012-10-20 00:00:00","2012-10-31 00:00:00","2012-10-31 00:00:00","2012-10-31 00:00:00","3.0000","36.7500","36.7500","2012-10-30 23:00:00"
"23500","828","6","50","2012-10-20 00:00:00","2012-10-31 00:00:00","2012-10-31 00:00:00","2012-10-31 00:00:00","3.0000","36.7500","36.7500","2012-10-30 23:00:00"
"23502","894","6","50","2012-10-20 00:00:00","2012-10-31 00:00:00","2012-10-31 00:00:00","2012-10-31 00:00:00","3.0000","36.7500","36.7500","2012-10-30 23:00:00"
"23503","945","1","10","2012-10-20 00:00:00","2012-10-31 00:00:00","2012-10-31 00:00:00","2012-10-31 00:00:00","4.1000","92.2500","92.2500","2012-10-30 23:00:00"
"23503","945","6","50","2012-10-20 00:00:00","2012-10-31 00:00:00","2012-10-31 00:00:00","2012-10-31 00:00:00","3.0000","36.7500","36.7500","2012-10-30 23:00:00"
"23504","950","6","50","2012-10-20 00:00:00","2012-10-31 00:00:00","2012-10-31 00:00:00","2012-10-31 00:00:00","3.0000","36.7500","36.7500","2012-10-30 23:00:00"
"23505","994","6","50","2012-10-20 00:00:00","2012-10-31 00:00:00","2012-10-31 00:00:00","2012-10-31 00:00:00","3.0000","36.7500","36.7500","2012-10-30 23:00:00"
"23506","995","6","50","2012-10-20 00:00:00","2012-10-31 00:00:00","2012-10-31 00:00:00","2012-10-31 00:00:00","3.0000","36.7500","36.7500","2012-10-30 23:00:00"
"23507","996","6","50","2012-10-20 00:00:00","2012-10-31 00:00:00","2012-10-31 00:00:00","2012-10-31 00:00:00","3.0000","36.7500","36.7500","2012-10-30 23:00:00"
"23521","802","1","10","2012-10-20 00:00:00","2012-10-31 00:00:00","2012-10-31 00:00:00","2012-10-31 00:00:00","4.1000","92.2500","92.2500","2012-10-30 23:00:00"
"23521","802","6","50","2012-10-20 00:00:00","2012-10-31 00:00:00","2012-10-31 00:00:00","2012-10-31 00:00:00","3.0000","36.7500","36.7500","2012-10-30 23:00:00"
"23522","804","1","10","2012-10-20 00:00:00","2012-10-31 00:00:00","2012-10-31 00:00:00","2012-10-31 00:00:00","4.1000","92.2500","92.2500","2012-10-30 23:00:00"
"23522","804","6","50","2012-10-20 00:00:00","2012-10-31 00:00:00","2012-10-31 00:00:00","2012-10-31 00:00:00","3.0000","36.7500","36.7500","2012-10-30 23:00:00"
"23527","781","7","60","2012-10-21 00:00:00","2012-11-01 00:00:00","2012-10-21 00:00:00","2012-11-04 00:00:00","4.0000","49.0000","49.0000","2012-11-03 23:00:00"
"23528","782","7","60","2012-10-21 00:00:00","2012-11-01 00:00:00","2012-10-21 00:00:00","2012-11-04 00:00:00","4.0000","49.0000","49.0000","2012-11-03 23:00:00"
"23529","793","7","60","2012-10-21 00:00:00","2012-11-01 00:00:00","2012-10-21 00:00:00","2012-11-04 00:00:00","4.0000","49.0000","49.0000","2012-11-03 23:00:00"
"23530","801","7","60","2012-10-21 00:00:00","2012-11-01 00:00:00","2012-10-21 00:00:00","2012-11-04 00:00:00","4.0000","49.0000","49.0000","2012-11-03 23:00:00"
"23531","516","6","50","2012-10-21 00:00:00","2012-11-01 00:00:00","2012-10-21 00:00:00","2012-11-04 00:00:00","3.0000","36.7500","36.7500","2012-11-03 23:00:00"
"23531","516","7","60","2012-10-21 00:00:00","2012-11-01 00:00:00","2012-10-21 00:00:00","2012-11-04 00:00:00","4.0000","49.0000","49.0000","2012-11-03 23:00:00"
"23532","518","6","50","2012-10-21 00:00:00","2012-11-01 00:00:00","2012-10-21 00:00:00","2012-11-04 00:00:00","3.0000","36.7500","36.7500","2012-11-03 23:00:00"
"23532","518","7","60","2012-10-21 00:00:00","2012-11-01 00:00:00","2012-10-21 00:00:00","2012-11-04 00:00:00","4.0000","49.0000","49.0000","2012-11-03 23:00:00"
"23533","519","6","50","2012-10-21 00:00:00","2012-11-01 00:00:00","2012-10-21 00:00:00","2012-11-04 00:00:00","3.0000","36.7500","36.7500","2012-11-03 23:00:00"
"23533","519","7","60","2012-10-21 00:00:00","2012-11-01 00:00:00","2012-10-21 00:00:00","2012-11-04 00:00:00","4.0000","49.0000","49.0000","2012-11-03 23:00:00"
"23535","747","1","10","2012-10-21 00:00:00","2012-11-01 00:00:00","2012-10-21 00:00:00","2012-11-04 00:00:00","4.1000","92.2500","92.2500","2012-11-03 23:00:00"
"23535","747","2","20","2012-10-21 00:00:00","2012-11-01 00:00:00","2012-10-21 00:00:00","2012-11-04 00:00:00","3.5000","87.5000","87.5000","2012-11-03 23:00:00"
"23535","747","3","30","2012-10-21 00:00:00","2012-11-01 00:00:00","2012-10-21 00:00:00","2012-11-04 00:00:00","1.0000","14.5000","14.5000","2012-11-03 23:00:00"
"23535","747","4","40","2012-10-21 00:00:00","2012-11-01 00:00:00","2012-10-21 00:00:00","2012-11-04 00:00:00","2.0000","31.5000","31.5000","2012-11-03 23:00:00"
"23535","747","6","50","2012-10-21 00:00:00","2012-11-01 00:00:00","2012-10-21 00:00:00","2012-11-04 00:00:00","3.0000","36.7500","36.7500","2012-11-03 23:00:00"
"23535","747","7","60","2012-10-21 00:00:00","2012-11-01 00:00:00","2012-10-21 00:00:00","2012-11-04 00:00:00","4.0000","49.0000","49.0000","2012-11-03 23:00:00"
"23536","806","6","50","2012-10-21 00:00:00","2012-11-01 00:00:00","2012-10-21 00:00:00","2012-11-04 00:00:00","3.0000","36.7500","36.7500","2012-11-03 23:00:00"
"23537","810","1","10","2012-10-21 00:00:00","2012-11-01 00:00:00","2012-10-21 00:00:00","2012-11-04 00:00:00","4.1000","92.2500","92.2500","2012-11-03 23:00:00"
"23537","810","2","20","2012-10-21 00:00:00","2012-11-01 00:00:00","2012-10-21 00:00:00","2012-11-04 00:00:00","3.5000","87.5000","87.5000","2012-11-03 23:00:00"
"23537","810","6","50","2012-10-21 00:00:00","2012-11-01 00:00:00","2012-10-21 00:00:00","2012-11-04 00:00:00","3.0000","36.7500","36.7500","2012-11-03 23:00:00"
"23538","812","1","10","2012-10-21 00:00:00","2012-11-01 00:00:00","2012-10-21 00:00:00","2012-11-04 00:00:00","4.1000","92.2500","92.2500","2012-11-03 23:00:00"
"23538","812","2","20","2012-10-21 00:00:00","2012-11-01 00:00:00","2012-10-21 00:00:00","2012-11-04 00:00:00","3.5000","87.5000","87.5000","2012-11-03 23:00:00"
"23538","812","6","50","2012-10-21 00:00:00","2012-11-01 00:00:00","2012-10-21 00:00:00","2012-11-04 00:00:00","3.0000","36.7500","36.7500","2012-11-03 23:00:00"
"23539","813","1","10","2012-10-21 00:00:00","2012-11-01 00:00:00","2012-10-21 00:00:00","2012-11-04 00:00:00","4.1000","92.2500","92.2500","2012-11-03 23:00:00"
"23539","813","2","20","2012-10-21 00:00:00","2012-11-01 00:00:00","2012-10-21 00:00:00","2012-11-04 00:00:00","3.5000","87.5000","87.5000","2012-11-03 23:00:00"
"23539","813","6","50","2012-10-21 00:00:00","2012-11-01 00:00:00","2012-10-21 00:00:00","2012-11-04 00:00:00","3.0000","36.7500","36.7500","2012-11-03 23:00:00"
"23540","816","6","50","2012-10-21 00:00:00","2012-11-01 00:00:00","2012-10-21 00:00:00","2012-11-04 00:00:00","3.0000","36.7500","36.7500","2012-11-03 23:00:00"
"23541","819","6","50","2012-10-21 00:00:00","2012-11-01 00:00:00","2012-10-21 00:00:00","2012-11-04 00:00:00","3.0000","36.7500","36.7500","2012-11-03 23:00:00"
"23542","820","6","50","2012-10-21 00:00:00","2012-11-01 00:00:00","2012-10-21 00:00:00","2012-11-04 00:00:00","3.0000","36.7500","36.7500","2012-11-03 23:00:00"
"23543","824","6","50","2012-10-21 00:00:00","2012-11-01 00:00:00","2012-10-21 00:00:00","2012-11-04 00:00:00","3.0000","36.7500","36.7500","2012-11-03 23:00:00"
"23544","827","6","50","2012-10-21 00:00:00","2012-11-01 00:00:00","2012-10-21 00:00:00","2012-11-04 00:00:00","3.0000","36.7500","36.7500","2012-11-03 23:00:00"
"23545","828","6","50","2012-10-21 00:00:00","2012-11-01 00:00:00","2012-10-21 00:00:00","2012-11-04 00:00:00","3.0000","36.7500","36.7500","2012-11-03 23:00:00"
"23548","894","6","50","2012-10-21 00:00:00","2012-11-01 00:00:00","2012-10-21 00:00:00","2012-11-04 00:00:00","3.0000","36.7500","36.7500","2012-11-03 23:00:00"
"23549","945","1","10","2012-10-21 00:00:00","2012-11-01 00:00:00","2012-10-21 00:00:00","2012-11-04 00:00:00","4.1000","92.2500","92.2500","2012-11-03 23:00:00"
"23549","945","6","50","2012-10-21 00:00:00","2012-11-01 00:00:00","2012-10-21 00:00:00","2012-11-04 00:00:00","3.0000","36.7500","36.7500","2012-11-03 23:00:00"
"23550","950","6","50","2012-10-21 00:00:00","2012-11-01 00:00:00","2012-10-21 00:00:00","2012-11-04 00:00:00","3.0000","36.7500","36.7500","2012-11-03 23:00:00"
"23551","994","6","50","2012-10-21 00:00:00","2012-11-01 00:00:00","2012-10-21 00:00:00","2012-11-04 00:00:00","3.0000","36.7500","36.7500","2012-11-03 23:00:00"
"23552","995","6","50","2012-10-21 00:00:00","2012-11-01 00:00:00","2012-10-21 00:00:00","2012-11-04 00:00:00","3.0000","36.7500","36.7500","2012-11-03 23:00:00"
"23553","996","6","50","2012-10-21 00:00:00","2012-11-01 00:00:00","2012-10-21 00:00:00","2012-11-04 00:00:00","3.0000","36.7500","36.7500","2012-11-03 23:00:00"
"23566","803","1","10","2012-10-21 00:00:00","2012-11-01 00:00:00","2012-10-21 00:00:00","2012-11-04 00:00:00","4.1000","92.2500","92.2500","2012-11-03 23:00:00"
"23566","803","6","50","2012-10-21 00:00:00","2012-11-01 00:00:00","2012-10-21 00:00:00","2012-11-04 00:00:00","3.0000","36.7500","36.7500","2012-11-03 23:00:00"
"23567","804","1","10","2012-10-21 00:00:00","2012-11-01 00:00:00","2012-10-21 00:00:00","2012-11-04 00:00:00","4.1000","92.2500","92.2500","2012-11-03 23:00:00"
"23567","804","6","50","2012-10-21 00:00:00","2012-11-01 00:00:00","2012-10-21 00:00:00","2012-11-04 00:00:00","3.0000","36.7500","36.7500","2012-11-03 23:00:00"
"23572","759","7","60","2012-10-22 00:00:00","2012-11-02 00:00:00","2012-11-04 00:00:00","2012-11-15 00:00:00","4.0000","49.0000","49.0000","2012-11-14 23:00:00"
"23573","766","7","60","2012-10-22 00:00:00","2012-11-02 00:00:00","2012-11-04 00:00:00","2012-11-15 00:00:00","4.0000","49.0000","49.0000","2012-11-14 23:00:00"
"23574","779","7","60","2012-10-22 00:00:00","2012-11-02 00:00:00","2012-11-04 00:00:00","2012-11-15 00:00:00","4.0000","49.0000","49.0000","2012-11-14 23:00:00"
"23575","780","7","60","2012-10-22 00:00:00","2012-11-02 00:00:00","2012-11-04 00:00:00","2012-11-15 00:00:00","4.0000","49.0000","49.0000","2012-11-14 23:00:00"
"23576","781","7","60","2012-10-22 00:00:00","2012-11-02 00:00:00","2012-11-04 00:00:00","2012-11-15 00:00:00","4.0000","49.0000","49.0000","2012-11-14 23:00:00"
"23577","783","7","60","2012-10-22 00:00:00","2012-11-02 00:00:00","2012-11-04 00:00:00","2012-11-15 00:00:00","4.0000","49.0000","49.0000","2012-11-14 23:00:00"
"23578","784","7","60","2012-10-22 00:00:00","2012-11-02 00:00:00","2012-11-04 00:00:00","2012-11-15 00:00:00","4.0000","49.0000","49.0000","2012-11-14 23:00:00"
"23579","791","7","60","2012-10-22 00:00:00","2012-11-02 00:00:00","2012-11-04 00:00:00","2012-11-15 00:00:00","4.0000","49.0000","49.0000","2012-11-14 23:00:00"
"23580","793","7","60","2012-10-22 00:00:00","2012-11-02 00:00:00","2012-11-04 00:00:00","2012-11-15 00:00:00","4.0000","49.0000","49.0000","2012-11-14 23:00:00"
"23581","516","6","50","2012-10-22 00:00:00","2012-11-02 00:00:00","2012-11-04 00:00:00","2012-11-15 00:00:00","3.0000","36.7500","36.7500","2012-11-14 23:00:00"
"23581","516","7","60","2012-10-22 00:00:00","2012-11-02 00:00:00","2012-11-04 00:00:00","2012-11-15 00:00:00","4.0000","49.0000","49.0000","2012-11-14 23:00:00"
"23582","517","6","50","2012-10-22 00:00:00","2012-11-02 00:00:00","2012-11-04 00:00:00","2012-11-15 00:00:00","3.0000","36.7500","36.7500","2012-11-14 23:00:00"
"23582","517","7","60","2012-10-22 00:00:00","2012-11-02 00:00:00","2012-11-04 00:00:00","2012-11-15 00:00:00","4.0000","49.0000","49.0000","2012-11-14 23:00:00"
"23583","519","6","50","2012-10-22 00:00:00","2012-11-02 00:00:00","2012-11-04 00:00:00","2012-11-15 00:00:00","3.0000","36.7500","36.7500","2012-11-14 23:00:00"
"23583","519","7","60","2012-10-22 00:00:00","2012-11-02 00:00:00","2012-11-04 00:00:00","2012-11-15 00:00:00","4.0000","49.0000","49.0000","2012-11-14 23:00:00"
"23591","748","1","10","2012-10-22 00:00:00","2012-11-02 00:00:00","2012-11-04 00:00:00","2012-11-15 00:00:00","4.1000","92.2500","92.2500","2012-11-14 23:00:00"
"23591","748","2","20","2012-10-22 00:00:00","2012-11-02 00:00:00","2012-11-04 00:00:00","2012-11-15 00:00:00","3.5000","87.5000","87.5000","2012-11-14 23:00:00"
"23591","748","3","30","2012-10-22 00:00:00","2012-11-02 00:00:00","2012-11-04 00:00:00","2012-11-15 00:00:00","1.0000","14.5000","14.5000","2012-11-14 23:00:00"
"23591","748","5","45","2012-10-22 00:00:00","2012-11-02 00:00:00","2012-11-04 00:00:00","2012-11-15 00:00:00","2.0000","36.0000","36.0000","2012-11-14 23:00:00"
"23591","748","6","50","2012-10-22 00:00:00","2012-11-02 00:00:00","2012-11-04 00:00:00","2012-11-15 00:00:00","3.0000","36.7500","36.7500","2012-11-14 23:00:00"
"23591","748","7","60","2012-10-22 00:00:00","2012-11-02 00:00:00","2012-11-04 00:00:00","2012-11-15 00:00:00","4.0000","49.0000","49.0000","2012-11-14 23:00:00"
"23592","806","6","50","2012-10-22 00:00:00","2012-11-02 00:00:00","2012-11-04 00:00:00","2012-11-15 00:00:00","3.0000","36.7500","36.7500","2012-11-14 23:00:00"
"23593","810","1","10","2012-10-22 00:00:00","2012-11-02 00:00:00","2012-11-04 00:00:00","2012-11-15 00:00:00","4.1000","92.2500","92.2500","2012-11-14 23:00:00"
"23593","810","2","20","2012-10-22 00:00:00","2012-11-02 00:00:00","2012-11-04 00:00:00","2012-11-15 00:00:00","3.5000","87.5000","87.5000","2012-11-14 23:00:00"
"23593","810","6","50","2012-10-22 00:00:00","2012-11-02 00:00:00","2012-11-04 00:00:00","2012-11-15 00:00:00","3.0000","36.7500","36.7500","2012-11-14 23:00:00"
"23594","811","1","10","2012-10-22 00:00:00","2012-11-02 00:00:00","2012-11-04 00:00:00","2012-11-15 00:00:00","4.1000","92.2500","92.2500","2012-11-14 23:00:00"
"23594","811","2","20","2012-10-22 00:00:00","2012-11-02 00:00:00","2012-11-04 00:00:00","2012-11-15 00:00:00","3.5000","87.5000","87.5000","2012-11-14 23:00:00"
"23594","811","6","50","2012-10-22 00:00:00","2012-11-02 00:00:00","2012-11-04 00:00:00","2012-11-15 00:00:00","3.0000","36.7500","36.7500","2012-11-14 23:00:00"
"23595","813","1","10","2012-10-22 00:00:00","2012-11-02 00:00:00","2012-11-04 00:00:00","2012-11-15 00:00:00","4.1000","92.2500","92.2500","2012-11-14 23:00:00"
"23595","813","2","20","2012-10-22 00:00:00","2012-11-02 00:00:00","2012-11-04 00:00:00","2012-11-15 00:00:00","3.5000","87.5000","87.5000","2012-11-14 23:00:00"
"23595","813","6","50","2012-10-22 00:00:00","2012-11-02 00:00:00","2012-11-04 00:00:00","2012-11-15 00:00:00","3.0000","36.7500","36.7500","2012-11-14 23:00:00"
"23596","816","6","50","2012-10-22 00:00:00","2012-11-02 00:00:00","2012-11-04 00:00:00","2012-11-15 00:00:00","3.0000","36.7500","36.7500","2012-11-14 23:00:00"
"23597","818","6","50","2012-10-22 00:00:00","2012-11-02 00:00:00","2012-11-04 00:00:00","2012-11-15 00:00:00","3.0000","36.7500","36.7500","2012-11-14 23:00:00"
"23598","820","6","50","2012-10-22 00:00:00","2012-11-02 00:00:00","2012-11-04 00:00:00","2012-11-15 00:00:00","3.0000","36.7500","36.7500","2012-11-14 23:00:00"
"23599","824","6","50","2012-10-22 00:00:00","2012-11-02 00:00:00","2012-11-04 00:00:00","2012-11-15 00:00:00","3.0000","36.7500","36.7500","2012-11-14 23:00:00"
"23600","826","6","50","2012-10-22 00:00:00","2012-11-02 00:00:00","2012-11-04 00:00:00","2012-11-15 00:00:00","3.0000","36.7500","36.7500","2012-11-14 23:00:00"
"23601","828","6","50","2012-10-22 00:00:00","2012-11-02 00:00:00","2012-11-04 00:00:00","2012-11-15 00:00:00","3.0000","36.7500","36.7500","2012-11-14 23:00:00"
"23603","894","6","50","2012-10-22 00:00:00","2012-11-02 00:00:00","2012-11-04 00:00:00","2012-11-15 00:00:00","3.0000","36.7500","36.7500","2012-11-14 23:00:00"
"23604","945","1","10","2012-10-22 00:00:00","2012-11-02 00:00:00","2012-11-04 00:00:00","2012-11-15 00:00:00","4.1000","92.2500","92.2500","2012-11-14 23:00:00"
"23604","945","6","50","2012-10-22 00:00:00","2012-11-02 00:00:00","2012-11-04 00:00:00","2012-11-15 00:00:00","3.0000","36.7500","36.7500","2012-11-14 23:00:00"
"23605","950","6","50","2012-10-22 00:00:00","2012-11-02 00:00:00","2012-11-04 00:00:00","2012-11-15 00:00:00","3.0000","36.7500","36.7500","2012-11-14 23:00:00"
"23606","994","6","50","2012-10-22 00:00:00","2012-11-02 00:00:00","2012-11-04 00:00:00","2012-11-15 00:00:00","3.0000","36.7500","36.7500","2012-11-14 23:00:00"
"23607","995","6","50","2012-10-22 00:00:00","2012-11-02 00:00:00","2012-11-04 00:00:00","2012-11-15 00:00:00","3.0000","36.7500","36.7500","2012-11-14 23:00:00"
"23608","996","6","50","2012-10-22 00:00:00","2012-11-02 00:00:00","2012-11-04 00:00:00","2012-11-15 00:00:00","3.0000","36.7500","36.7500","2012-11-14 23:00:00"
"23622","802","1","10","2012-10-22 00:00:00","2012-11-02 00:00:00","2012-11-04 00:00:00","2012-11-15 00:00:00","4.1000","92.2500","92.2500","2012-11-14 23:00:00"
"23622","802","6","50","2012-10-22 00:00:00","2012-11-02 00:00:00","2012-11-04 00:00:00","2012-11-15 00:00:00","3.0000","36.7500","36.7500","2012-11-14 23:00:00"
"23623","804","1","10","2012-10-22 00:00:00","2012-11-02 00:00:00","2012-11-04 00:00:00","2012-11-15 00:00:00","4.1000","92.2500","92.2500","2012-11-14 23:00:00"
"23623","804","6","50","2012-10-22 00:00:00","2012-11-02 00:00:00","2012-11-04 00:00:00","2012-11-15 00:00:00","3.0000","36.7500","36.7500","2012-11-14 23:00:00"
"23628","761","7","60","2012-10-23 00:00:00","2012-11-03 00:00:00","2012-10-23 00:00:00","2012-11-08 00:00:00","4.0000","49.0000","49.0000","2012-11-07 23:00:00"
"23629","782","7","60","2012-10-23 00:00:00","2012-11-03 00:00:00","2012-10-23 00:00:00","2012-11-08 00:00:00","4.0000","49.0000","49.0000","2012-11-07 23:00:00"
"23630","784","7","60","2012-10-23 00:00:00","2012-11-03 00:00:00","2012-10-23 00:00:00","2012-11-08 00:00:00","4.0000","49.0000","49.0000","2012-11-07 23:00:00"
"23631","789","7","60","2012-10-23 00:00:00","2012-11-03 00:00:00","2012-10-23 00:00:00","2012-11-08 00:00:00","4.0000","49.0000","49.0000","2012-11-07 23:00:00"
"23632","799","7","60","2012-10-23 00:00:00","2012-11-03 00:00:00","2012-10-23 00:00:00","2012-11-08 00:00:00","4.0000","49.0000","49.0000","2012-11-07 23:00:00"
"23633","800","7","60","2012-10-23 00:00:00","2012-11-03 00:00:00","2012-10-23 00:00:00","2012-11-08 00:00:00","4.0000","49.0000","49.0000","2012-11-07 23:00:00"
"23634","516","6","50","2012-10-23 00:00:00","2012-11-03 00:00:00","2012-10-23 00:00:00","2012-11-08 00:00:00","3.0000","36.7500","36.7500","2012-11-07 23:00:00"
"23634","516","7","60","2012-10-23 00:00:00","2012-11-03 00:00:00","2012-10-23 00:00:00","2012-11-08 00:00:00","4.0000","49.0000","49.0000","2012-11-07 23:00:00"
"23635","517","6","50","2012-10-23 00:00:00","2012-11-03 00:00:00","2012-10-23 00:00:00","2012-11-08 00:00:00","3.0000","36.7500","36.7500","2012-11-07 23:00:00"
"23635","517","7","60","2012-10-23 00:00:00","2012-11-03 00:00:00","2012-10-23 00:00:00","2012-11-08 00:00:00","4.0000","49.0000","49.0000","2012-11-07 23:00:00"
"23636","518","6","50","2012-10-23 00:00:00","2012-11-03 00:00:00","2012-10-23 00:00:00","2012-11-08 00:00:00","3.0000","36.7500","36.7500","2012-11-07 23:00:00"
"23636","518","7","60","2012-10-23 00:00:00","2012-11-03 00:00:00","2012-10-23 00:00:00","2012-11-08 00:00:00","4.0000","49.0000","49.0000","2012-11-07 23:00:00"
"23637","519","6","50","2012-10-23 00:00:00","2012-11-03 00:00:00","2012-10-23 00:00:00","2012-11-08 00:00:00","3.0000","36.7500","36.7500","2012-11-07 23:00:00"
"23637","519","7","60","2012-10-23 00:00:00","2012-11-03 00:00:00","2012-10-23 00:00:00","2012-11-08 00:00:00","4.0000","49.0000","49.0000","2012-11-07 23:00:00"
"23641","747","1","10","2012-10-23 00:00:00","2012-11-03 00:00:00","2012-10-23 00:00:00","2012-11-08 00:00:00","4.1000","92.2500","92.2500","2012-11-07 23:00:00"
"23641","747","2","20","2012-10-23 00:00:00","2012-11-03 00:00:00","2012-10-23 00:00:00","2012-11-08 00:00:00","3.5000","87.5000","87.5000","2012-11-07 23:00:00"
"23641","747","3","30","2012-10-23 00:00:00","2012-11-03 00:00:00","2012-10-23 00:00:00","2012-11-08 00:00:00","1.0000","14.5000","14.5000","2012-11-07 23:00:00"
"23641","747","4","40","2012-10-23 00:00:00","2012-11-03 00:00:00","2012-10-23 00:00:00","2012-11-08 00:00:00","2.0000","31.5000","31.5000","2012-11-07 23:00:00"
"23641","747","6","50","2012-10-23 00:00:00","2012-11-03 00:00:00","2012-10-23 00:00:00","2012-11-08 00:00:00","3.0000","36.7500","36.7500","2012-11-07 23:00:00"
"23641","747","7","60","2012-10-23 00:00:00","2012-11-03 00:00:00","2012-10-23 00:00:00","2012-11-08 00:00:00","4.0000","49.0000","49.0000","2012-11-07 23:00:00"
"23642","806","6","50","2012-10-23 00:00:00","2012-11-03 00:00:00","2012-10-23 00:00:00","2012-11-08 00:00:00","3.0000","36.7500","36.7500","2012-11-07 23:00:00"
"23643","810","1","10","2012-10-23 00:00:00","2012-11-03 00:00:00","2012-10-23 00:00:00","2012-11-08 00:00:00","4.1000","92.2500","92.2500","2012-11-07 23:00:00"
"23643","810","2","20","2012-10-23 00:00:00","2012-11-03 00:00:00","2012-10-23 00:00:00","2012-11-08 00:00:00","3.5000","87.5000","87.5000","2012-11-07 23:00:00"
"23643","810","6","50","2012-10-23 00:00:00","2012-11-03 00:00:00","2012-10-23 00:00:00","2012-11-08 00:00:00","3.0000","36.7500","36.7500","2012-11-07 23:00:00"
"23644","811","1","10","2012-10-23 00:00:00","2012-11-03 00:00:00","2012-10-23 00:00:00","2012-11-08 00:00:00","4.1000","92.2500","92.2500","2012-11-07 23:00:00"
"23644","811","2","20","2012-10-23 00:00:00","2012-11-03 00:00:00","2012-10-23 00:00:00","2012-11-08 00:00:00","3.5000","87.5000","87.5000","2012-11-07 23:00:00"
"23644","811","6","50","2012-10-23 00:00:00","2012-11-03 00:00:00","2012-10-23 00:00:00","2012-11-08 00:00:00","3.0000","36.7500","36.7500","2012-11-07 23:00:00"
"23645","812","1","10","2012-10-23 00:00:00","2012-11-03 00:00:00","2012-10-23 00:00:00","2012-11-08 00:00:00","4.1000","92.2500","92.2500","2012-11-07 23:00:00"
"23645","812","2","20","2012-10-23 00:00:00","2012-11-03 00:00:00","2012-10-23 00:00:00","2012-11-08 00:00:00","3.5000","87.5000","87.5000","2012-11-07 23:00:00"
"23645","812","6","50","2012-10-23 00:00:00","2012-11-03 00:00:00","2012-10-23 00:00:00","2012-11-08 00:00:00","3.0000","36.7500","36.7500","2012-11-07 23:00:00"
"23646","813","1","10","2012-10-23 00:00:00","2012-11-03 00:00:00","2012-10-23 00:00:00","2012-11-08 00:00:00","4.1000","92.2500","92.2500","2012-11-07 23:00:00"
"23646","813","2","20","2012-10-23 00:00:00","2012-11-03 00:00:00","2012-10-23 00:00:00","2012-11-08 00:00:00","3.5000","87.5000","87.5000","2012-11-07 23:00:00"
"23646","813","6","50","2012-10-23 00:00:00","2012-11-03 00:00:00","2012-10-23 00:00:00","2012-11-08 00:00:00","3.0000","36.7500","36.7500","2012-11-07 23:00:00"
"23647","816","6","50","2012-10-23 00:00:00","2012-11-03 00:00:00","2012-10-23 00:00:00","2012-11-08 00:00:00","3.0000","36.7500","36.7500","2012-11-07 23:00:00"
"23648","818","6","50","2012-10-23 00:00:00","2012-11-03 00:00:00","2012-10-23 00:00:00","2012-11-08 00:00:00","3.0000","36.7500","36.7500","2012-11-07 23:00:00"
"23649","819","6","50","2012-10-23 00:00:00","2012-11-03 00:00:00","2012-10-23 00:00:00","2012-11-08 00:00:00","3.0000","36.7500","36.7500","2012-11-07 23:00:00"
"23650","820","6","50","2012-10-23 00:00:00","2012-11-03 00:00:00","2012-10-23 00:00:00","2012-11-08 00:00:00","3.0000","36.7500","36.7500","2012-11-07 23:00:00"
"23651","824","6","50","2012-10-23 00:00:00","2012-11-03 00:00:00","2012-10-23 00:00:00","2012-11-08 00:00:00","3.0000","36.7500","36.7500","2012-11-07 23:00:00"
"23652","826","6","50","2012-10-23 00:00:00","2012-11-03 00:00:00","2012-10-23 00:00:00","2012-11-08 00:00:00","3.0000","36.7500","36.7500","2012-11-07 23:00:00"
"23653","827","6","50","2012-10-23 00:00:00","2012-11-03 00:00:00","2012-10-23 00:00:00","2012-11-08 00:00:00","3.0000","36.7500","36.7500","2012-11-07 23:00:00"
"23654","828","6","50","2012-10-23 00:00:00","2012-11-03 00:00:00","2012-10-23 00:00:00","2012-11-08 00:00:00","3.0000","36.7500","36.7500","2012-11-07 23:00:00"
"23657","894","6","50","2012-10-23 00:00:00","2012-11-03 00:00:00","2012-10-23 00:00:00","2012-11-08 00:00:00","3.0000","36.7500","36.7500","2012-11-07 23:00:00"
"23658","945","1","10","2012-10-23 00:00:00","2012-11-03 00:00:00","2012-10-23 00:00:00","2012-11-08 00:00:00","4.1000","92.2500","92.2500","2012-11-07 23:00:00"
"23658","945","6","50","2012-10-23 00:00:00","2012-11-03 00:00:00","2012-10-23 00:00:00","2012-11-08 00:00:00","3.0000","36.7500","36.7500","2012-11-07 23:00:00"
"23659","950","6","50","2012-10-23 00:00:00","2012-11-03 00:00:00","2012-10-23 00:00:00","2012-11-08 00:00:00","3.0000","36.7500","36.7500","2012-11-07 23:00:00"
"23660","994","6","50","2012-10-23 00:00:00","2012-11-03 00:00:00","2012-10-23 00:00:00","2012-11-08 00:00:00","3.0000","36.7500","36.7500","2012-11-07 23:00:00"
"23661","995","6","50","2012-10-23 00:00:00","2012-11-03 00:00:00","2012-10-23 00:00:00","2012-11-08 00:00:00","3.0000","36.7500","36.7500","2012-11-07 23:00:00"
"23662","996","6","50","2012-10-23 00:00:00","2012-11-03 00:00:00","2012-10-23 00:00:00","2012-11-08 00:00:00","3.0000","36.7500","36.7500","2012-11-07 23:00:00"
"23676","802","1","10","2012-10-23 00:00:00","2012-11-03 00:00:00","2012-10-23 00:00:00","2012-11-08 00:00:00","4.1000","92.2500","92.2500","2012-11-07 23:00:00"
"23676","802","6","50","2012-10-23 00:00:00","2012-11-03 00:00:00","2012-10-23 00:00:00","2012-11-08 00:00:00","3.0000","36.7500","36.7500","2012-11-07 23:00:00"
"23677","803","1","10","2012-10-23 00:00:00","2012-11-03 00:00:00","2012-10-23 00:00:00","2012-11-08 00:00:00","4.1000","92.2500","92.2500","2012-11-07 23:00:00"
"23677","803","6","50","2012-10-23 00:00:00","2012-11-03 00:00:00","2012-10-23 00:00:00","2012-11-08 00:00:00","3.0000","36.7500","36.7500","2012-11-07 23:00:00"
"23678","804","1","10","2012-10-23 00:00:00","2012-11-03 00:00:00","2012-10-23 00:00:00","2012-11-08 00:00:00","4.1000","92.2500","92.2500","2012-11-07 23:00:00"
"23678","804","6","50","2012-10-23 00:00:00","2012-11-03 00:00:00","2012-10-23 00:00:00","2012-11-08 00:00:00","3.0000","36.7500","36.7500","2012-11-07 23:00:00"
"23683","767","7","60","2012-10-24 00:00:00","2012-11-04 00:00:00","2012-11-08 00:00:00","2012-11-19 00:00:00","4.0000","49.0000","49.0000","2012-11-18 23:00:00"
"23684","780","7","60","2012-10-24 00:00:00","2012-11-04 00:00:00","2012-11-08 00:00:00","2012-11-19 00:00:00","4.0000","49.0000","49.0000","2012-11-18 23:00:00"
"23685","789","7","60","2012-10-24 00:00:00","2012-11-04 00:00:00","2012-11-08 00:00:00","2012-11-19 00:00:00","4.0000","49.0000","49.0000","2012-11-18 23:00:00"
"23686","794","7","60","2012-10-24 00:00:00","2012-11-04 00:00:00","2012-11-08 00:00:00","2012-11-19 00:00:00","4.0000","49.0000","49.0000","2012-11-18 23:00:00"
"23687","516","6","50","2012-10-24 00:00:00","2012-11-04 00:00:00","2012-11-08 00:00:00","2012-11-19 00:00:00","3.0000","36.7500","36.7500","2012-11-18 23:00:00"
"23687","516","7","60","2012-10-24 00:00:00","2012-11-04 00:00:00","2012-11-08 00:00:00","2012-11-19 00:00:00","4.0000","49.0000","49.0000","2012-11-18 23:00:00"
"23688","517","6","50","2012-10-24 00:00:00","2012-11-04 00:00:00","2012-11-08 00:00:00","2012-11-19 00:00:00","3.0000","36.7500","36.7500","2012-11-18 23:00:00"
"23688","517","7","60","2012-10-24 00:00:00","2012-11-04 00:00:00","2012-11-08 00:00:00","2012-11-19 00:00:00","4.0000","49.0000","49.0000","2012-11-18 23:00:00"
"23689","519","6","50","2012-10-24 00:00:00","2012-11-04 00:00:00","2012-11-08 00:00:00","2012-11-19 00:00:00","3.0000","36.7500","36.7500","2012-11-18 23:00:00"
"23689","519","7","60","2012-10-24 00:00:00","2012-11-04 00:00:00","2012-11-08 00:00:00","2012-11-19 00:00:00","4.0000","49.0000","49.0000","2012-11-18 23:00:00"
"23693","806","6","50","2012-10-24 00:00:00","2012-11-04 00:00:00","2012-11-08 00:00:00","2012-11-19 00:00:00","3.0000","36.7500","36.7500","2012-11-18 23:00:00"
"23694","810","1","10","2012-10-24 00:00:00","2012-11-04 00:00:00","2012-11-08 00:00:00","2012-11-19 00:00:00","4.1000","92.2500","92.2500","2012-11-18 23:00:00"
"23694","810","2","20","2012-10-24 00:00:00","2012-11-04 00:00:00","2012-11-08 00:00:00","2012-11-19 00:00:00","3.5000","87.5000","87.5000","2012-11-18 23:00:00"
"23694","810","6","50","2012-10-24 00:00:00","2012-11-04 00:00:00","2012-11-08 00:00:00","2012-11-19 00:00:00","3.0000","36.7500","36.7500","2012-11-18 23:00:00"
"23695","811","1","10","2012-10-24 00:00:00","2012-11-04 00:00:00","2012-11-08 00:00:00","2012-11-19 00:00:00","4.1000","92.2500","92.2500","2012-11-18 23:00:00"
"23695","811","2","20","2012-10-24 00:00:00","2012-11-04 00:00:00","2012-11-08 00:00:00","2012-11-19 00:00:00","3.5000","87.5000","87.5000","2012-11-18 23:00:00"
"23695","811","6","50","2012-10-24 00:00:00","2012-11-04 00:00:00","2012-11-08 00:00:00","2012-11-19 00:00:00","3.0000","36.7500","36.7500","2012-11-18 23:00:00"
"23696","813","1","10","2012-10-24 00:00:00","2012-11-04 00:00:00","2012-11-08 00:00:00","2012-11-19 00:00:00","4.1000","92.2500","92.2500","2012-11-18 23:00:00"
"23696","813","2","20","2012-10-24 00:00:00","2012-11-04 00:00:00","2012-11-08 00:00:00","2012-11-19 00:00:00","3.5000","87.5000","87.5000","2012-11-18 23:00:00"
"23696","813","6","50","2012-10-24 00:00:00","2012-11-04 00:00:00","2012-11-08 00:00:00","2012-11-19 00:00:00","3.0000","36.7500","36.7500","2012-11-18 23:00:00"
"23697","816","6","50","2012-10-24 00:00:00","2012-11-04 00:00:00","2012-11-08 00:00:00","2012-11-19 00:00:00","3.0000","36.7500","36.7500","2012-11-18 23:00:00"
"23698","818","6","50","2012-10-24 00:00:00","2012-11-04 00:00:00","2012-11-08 00:00:00","2012-11-19 00:00:00","3.0000","36.7500","36.7500","2012-11-18 23:00:00"
"23699","820","6","50","2012-10-24 00:00:00","2012-11-04 00:00:00","2012-11-08 00:00:00","2012-11-19 00:00:00","3.0000","36.7500","36.7500","2012-11-18 23:00:00"
"23700","824","6","50","2012-10-24 00:00:00","2012-11-04 00:00:00","2012-11-08 00:00:00","2012-11-19 00:00:00","3.0000","36.7500","36.7500","2012-11-18 23:00:00"
"23701","826","6","50","2012-10-24 00:00:00","2012-11-04 00:00:00","2012-11-08 00:00:00","2012-11-19 00:00:00","3.0000","36.7500","36.7500","2012-11-18 23:00:00"
"23702","828","6","50","2012-10-24 00:00:00","2012-11-04 00:00:00","2012-11-08 00:00:00","2012-11-19 00:00:00","3.0000","36.7500","36.7500","2012-11-18 23:00:00"
"23704","894","6","50","2012-10-24 00:00:00","2012-11-04 00:00:00","2012-11-08 00:00:00","2012-11-19 00:00:00","3.0000","36.7500","36.7500","2012-11-18 23:00:00"
"23705","945","1","10","2012-10-24 00:00:00","2012-11-04 00:00:00","2012-11-08 00:00:00","2012-11-19 00:00:00","4.1000","92.2500","92.2500","2012-11-18 23:00:00"
"23705","945","6","50","2012-10-24 00:00:00","2012-11-04 00:00:00","2012-11-08 00:00:00","2012-11-19 00:00:00","3.0000","36.7500","36.7500","2012-11-18 23:00:00"
"23706","950","6","50","2012-10-24 00:00:00","2012-11-04 00:00:00","2012-11-08 00:00:00","2012-11-19 00:00:00","3.0000","36.7500","36.7500","2012-11-18 23:00:00"
"23707","994","6","50","2012-10-24 00:00:00","2012-11-04 00:00:00","2012-11-08 00:00:00","2012-11-19 00:00:00","3.0000","36.7500","36.7500","2012-11-18 23:00:00"
"23708","995","6","50","2012-10-24 00:00:00","2012-11-04 00:00:00","2012-11-08 00:00:00","2012-11-19 00:00:00","3.0000","36.7500","36.7500","2012-11-18 23:00:00"
"23709","996","6","50","2012-10-24 00:00:00","2012-11-04 00:00:00","2012-11-08 00:00:00","2012-11-19 00:00:00","3.0000","36.7500","36.7500","2012-11-18 23:00:00"
"23723","802","1","10","2012-10-24 00:00:00","2012-11-04 00:00:00","2012-11-08 00:00:00","2012-11-19 00:00:00","4.1000","92.2500","92.2500","2012-11-18 23:00:00"
"23723","802","6","50","2012-10-24 00:00:00","2012-11-04 00:00:00","2012-11-08 00:00:00","2012-11-19 00:00:00","3.0000","36.7500","36.7500","2012-11-18 23:00:00"
"23724","804","1","10","2012-10-24 00:00:00","2012-11-04 00:00:00","2012-11-08 00:00:00","2012-11-19 00:00:00","4.1000","92.2500","92.2500","2012-11-18 23:00:00"
"23724","804","6","50","2012-10-24 00:00:00","2012-11-04 00:00:00","2012-11-08 00:00:00","2012-11-19 00:00:00","3.0000","36.7500","36.7500","2012-11-18 23:00:00"
"23729","762","7","60","2012-10-25 00:00:00","2012-11-05 00:00:00","2012-10-25 00:00:00","2012-11-12 00:00:00","4.0000","49.0000","49.0000","2012-11-11 23:00:00"
"23730","780","7","60","2012-10-25 00:00:00","2012-11-05 00:00:00","2012-10-25 00:00:00","2012-11-12 00:00:00","4.0000","49.0000","49.0000","2012-11-11 23:00:00"
"23731","792","7","60","2012-10-25 00:00:00","2012-11-05 00:00:00","2012-10-25 00:00:00","2012-11-12 00:00:00","4.0000","49.0000","49.0000","2012-11-11 23:00:00"
"23732","797","7","60","2012-10-25 00:00:00","2012-11-05 00:00:00","2012-10-25 00:00:00","2012-11-12 00:00:00","4.0000","49.0000","49.0000","2012-11-11 23:00:00"
"23733","798","7","60","2012-10-25 00:00:00","2012-11-05 00:00:00","2012-10-25 00:00:00","2012-11-12 00:00:00","4.0000","49.0000","49.0000","2012-11-11 23:00:00"
"23734","516","6","50","2012-10-25 00:00:00","2012-11-05 00:00:00","2012-10-25 00:00:00","2012-11-12 00:00:00","3.0000","36.7500","36.7500","2012-11-11 23:00:00"
"23734","516","7","60","2012-10-25 00:00:00","2012-11-05 00:00:00","2012-10-25 00:00:00","2012-11-12 00:00:00","4.0000","49.0000","49.0000","2012-11-11 23:00:00"
"23735","517","6","50","2012-10-25 00:00:00","2012-11-05 00:00:00","2012-10-25 00:00:00","2012-11-12 00:00:00","3.0000","36.7500","36.7500","2012-11-11 23:00:00"
"23735","517","7","60","2012-10-25 00:00:00","2012-11-05 00:00:00","2012-10-25 00:00:00","2012-11-12 00:00:00","4.0000","49.0000","49.0000","2012-11-11 23:00:00"
"23736","518","6","50","2012-10-25 00:00:00","2012-11-05 00:00:00","2012-10-25 00:00:00","2012-11-12 00:00:00","3.0000","36.7500","36.7500","2012-11-11 23:00:00"
"23736","518","7","60","2012-10-25 00:00:00","2012-11-05 00:00:00","2012-10-25 00:00:00","2012-11-12 00:00:00","4.0000","49.0000","49.0000","2012-11-11 23:00:00"
"23737","519","6","50","2012-10-25 00:00:00","2012-11-05 00:00:00","2012-10-25 00:00:00","2012-11-12 00:00:00","3.0000","36.7500","36.7500","2012-11-11 23:00:00"
"23737","519","7","60","2012-10-25 00:00:00","2012-11-05 00:00:00","2012-10-25 00:00:00","2012-11-12 00:00:00","4.0000","49.0000","49.0000","2012-11-11 23:00:00"
"23741","806","6","50","2012-10-25 00:00:00","2012-11-05 00:00:00","2012-10-25 00:00:00","2012-11-12 00:00:00","3.0000","36.7500","36.7500","2012-11-11 23:00:00"
"23742","810","1","10","2012-10-25 00:00:00","2012-11-05 00:00:00","2012-10-25 00:00:00","2012-11-12 00:00:00","4.1000","92.2500","92.2500","2012-11-11 23:00:00"
"23742","810","2","20","2012-10-25 00:00:00","2012-11-05 00:00:00","2012-10-25 00:00:00","2012-11-12 00:00:00","3.5000","87.5000","87.5000","2012-11-11 23:00:00"
"23742","810","6","50","2012-10-25 00:00:00","2012-11-05 00:00:00","2012-10-25 00:00:00","2012-11-12 00:00:00","3.0000","36.7500","36.7500","2012-11-11 23:00:00"
"23743","811","1","10","2012-10-25 00:00:00","2012-11-05 00:00:00","2012-10-25 00:00:00","2012-11-12 00:00:00","4.1000","92.2500","92.2500","2012-11-11 23:00:00"
"23743","811","2","20","2012-10-25 00:00:00","2012-11-05 00:00:00","2012-10-25 00:00:00","2012-11-12 00:00:00","3.5000","87.5000","87.5000","2012-11-11 23:00:00"
"23743","811","6","50","2012-10-25 00:00:00","2012-11-05 00:00:00","2012-10-25 00:00:00","2012-11-12 00:00:00","3.0000","36.7500","36.7500","2012-11-11 23:00:00"
"23744","812","1","10","2012-10-25 00:00:00","2012-11-05 00:00:00","2012-10-25 00:00:00","2012-11-12 00:00:00","4.1000","92.2500","92.2500","2012-11-11 23:00:00"
"23744","812","2","20","2012-10-25 00:00:00","2012-11-05 00:00:00","2012-10-25 00:00:00","2012-11-12 00:00:00","3.5000","87.5000","87.5000","2012-11-11 23:00:00"
"23744","812","6","50","2012-10-25 00:00:00","2012-11-05 00:00:00","2012-10-25 00:00:00","2012-11-12 00:00:00","3.0000","36.7500","36.7500","2012-11-11 23:00:00"
"23745","813","1","10","2012-10-25 00:00:00","2012-11-05 00:00:00","2012-10-25 00:00:00","2012-11-12 00:00:00","4.1000","92.2500","92.2500","2012-11-11 23:00:00"
"23745","813","2","20","2012-10-25 00:00:00","2012-11-05 00:00:00","2012-10-25 00:00:00","2012-11-12 00:00:00","3.5000","87.5000","87.5000","2012-11-11 23:00:00"
"23745","813","6","50","2012-10-25 00:00:00","2012-11-05 00:00:00","2012-10-25 00:00:00","2012-11-12 00:00:00","3.0000","36.7500","36.7500","2012-11-11 23:00:00"
"23746","816","6","50","2012-10-25 00:00:00","2012-11-05 00:00:00","2012-10-25 00:00:00","2012-11-12 00:00:00","3.0000","36.7500","36.7500","2012-11-11 23:00:00"
"23747","818","6","50","2012-10-25 00:00:00","2012-11-05 00:00:00","2012-10-25 00:00:00","2012-11-12 00:00:00","3.0000","36.7500","36.7500","2012-11-11 23:00:00"
"23748","819","6","50","2012-10-25 00:00:00","2012-11-05 00:00:00","2012-10-25 00:00:00","2012-11-12 00:00:00","3.0000","36.7500","36.7500","2012-11-11 23:00:00"
"23749","820","6","50","2012-10-25 00:00:00","2012-11-05 00:00:00","2012-10-25 00:00:00","2012-11-12 00:00:00","3.0000","36.7500","36.7500","2012-11-11 23:00:00"
"23750","822","1","10","2012-10-25 00:00:00","2012-11-05 00:00:00","2012-10-25 00:00:00","2012-11-12 00:00:00","4.1000","92.2500","92.2500","2012-11-11 23:00:00"
"23750","822","2","20","2012-10-25 00:00:00","2012-11-05 00:00:00","2012-10-25 00:00:00","2012-11-12 00:00:00","3.5000","87.5000","87.5000","2012-11-11 23:00:00"
"23750","822","3","30","2012-10-25 00:00:00","2012-11-05 00:00:00","2012-10-25 00:00:00","2012-11-12 00:00:00","1.0000","14.5000","14.5000","2012-11-11 23:00:00"
"23750","822","4","40","2012-10-25 00:00:00","2012-11-05 00:00:00","2012-10-25 00:00:00","2012-11-12 00:00:00","2.0000","31.5000","31.5000","2012-11-11 23:00:00"
"23750","822","6","50","2012-10-25 00:00:00","2012-11-05 00:00:00","2012-10-25 00:00:00","2012-11-12 00:00:00","3.0000","36.7500","36.7500","2012-11-11 23:00:00"
"23750","822","7","60","2012-10-25 00:00:00","2012-11-05 00:00:00","2012-10-25 00:00:00","2012-11-12 00:00:00","4.0000","49.0000","49.0000","2012-11-11 23:00:00"
"23751","824","6","50","2012-10-25 00:00:00","2012-11-05 00:00:00","2012-10-25 00:00:00","2012-11-12 00:00:00","3.0000","36.7500","36.7500","2012-11-11 23:00:00"
"23752","826","6","50","2012-10-25 00:00:00","2012-11-05 00:00:00","2012-10-25 00:00:00","2012-11-12 00:00:00","3.0000","36.7500","36.7500","2012-11-11 23:00:00"
"23753","827","6","50","2012-10-25 00:00:00","2012-11-05 00:00:00","2012-10-25 00:00:00","2012-11-12 00:00:00","3.0000","36.7500","36.7500","2012-11-11 23:00:00"
"23754","828","6","50","2012-10-25 00:00:00","2012-11-05 00:00:00","2012-10-25 00:00:00","2012-11-12 00:00:00","3.0000","36.7500","36.7500","2012-11-11 23:00:00"
"23756","894","6","50","2012-10-25 00:00:00","2012-11-05 00:00:00","2012-10-25 00:00:00","2012-11-12 00:00:00","3.0000","36.7500","36.7500","2012-11-11 23:00:00"
"23757","945","1","10","2012-10-25 00:00:00","2012-11-05 00:00:00","2012-10-25 00:00:00","2012-11-12 00:00:00","4.1000","92.2500","92.2500","2012-11-11 23:00:00"
"23757","945","6","50","2012-10-25 00:00:00","2012-11-05 00:00:00","2012-10-25 00:00:00","2012-11-12 00:00:00","3.0000","36.7500","36.7500","2012-11-11 23:00:00"
"23758","950","6","50","2012-10-25 00:00:00","2012-11-05 00:00:00","2012-10-25 00:00:00","2012-11-12 00:00:00","3.0000","36.7500","36.7500","2012-11-11 23:00:00"
"23759","994","6","50","2012-10-25 00:00:00","2012-11-05 00:00:00","2012-10-25 00:00:00","2012-11-12 00:00:00","3.0000","36.7500","36.7500","2012-11-11 23:00:00"
"23760","995","6","50","2012-10-25 00:00:00","2012-11-05 00:00:00","2012-10-25 00:00:00","2012-11-12 00:00:00","3.0000","36.7500","36.7500","2012-11-11 23:00:00"
"23761","996","6","50","2012-10-25 00:00:00","2012-11-05 00:00:00","2012-10-25 00:00:00","2012-11-12 00:00:00","3.0000","36.7500","36.7500","2012-11-11 23:00:00"
"23775","802","1","10","2012-10-25 00:00:00","2012-11-05 00:00:00","2012-10-25 00:00:00","2012-11-12 00:00:00","4.1000","92.2500","92.2500","2012-11-11 23:00:00"
"23775","802","6","50","2012-10-25 00:00:00","2012-11-05 00:00:00","2012-10-25 00:00:00","2012-11-12 00:00:00","3.0000","36.7500","36.7500","2012-11-11 23:00:00"
"23776","803","1","10","2012-10-25 00:00:00","2012-11-05 00:00:00","2012-10-25 00:00:00","2012-11-12 00:00:00","4.1000","92.2500","92.2500","2012-11-11 23:00:00"
"23776","803","6","50","2012-10-25 00:00:00","2012-11-05 00:00:00","2012-10-25 00:00:00","2012-11-12 00:00:00","3.0000","36.7500","36.7500","2012-11-11 23:00:00"
"23777","804","1","10","2012-10-25 00:00:00","2012-11-05 00:00:00","2012-10-25 00:00:00","2012-11-12 00:00:00","4.1000","92.2500","92.2500","2012-11-11 23:00:00"
"23777","804","6","50","2012-10-25 00:00:00","2012-11-05 00:00:00","2012-10-25 00:00:00","2012-11-12 00:00:00","3.0000","36.7500","36.7500","2012-11-11 23:00:00"
"23782","759","7","60","2012-10-26 00:00:00","2012-11-06 00:00:00","2012-11-12 00:00:00","2012-11-23 00:00:00","4.0000","49.0000","49.0000","2012-11-22 23:00:00"
"23783","764","7","60","2012-10-26 00:00:00","2012-11-06 00:00:00","2012-11-12 00:00:00","2012-11-23 00:00:00","4.0000","49.0000","49.0000","2012-11-22 23:00:00"
"23784","768","7","60","2012-10-26 00:00:00","2012-11-06 00:00:00","2012-11-12 00:00:00","2012-11-23 00:00:00","4.0000","49.0000","49.0000","2012-11-22 23:00:00"
"23785","780","7","60","2012-10-26 00:00:00","2012-11-06 00:00:00","2012-11-12 00:00:00","2012-11-23 00:00:00","4.0000","49.0000","49.0000","2012-11-22 23:00:00"
"23786","783","7","60","2012-10-26 00:00:00","2012-11-06 00:00:00","2012-11-12 00:00:00","2012-11-23 00:00:00","4.0000","49.0000","49.0000","2012-11-22 23:00:00"
"23787","784","7","60","2012-10-26 00:00:00","2012-11-06 00:00:00","2012-11-12 00:00:00","2012-11-23 00:00:00","4.0000","49.0000","49.0000","2012-11-22 23:00:00"
"23788","789","7","60","2012-10-26 00:00:00","2012-11-06 00:00:00","2012-11-12 00:00:00","2012-11-23 00:00:00","4.0000","49.0000","49.0000","2012-11-22 23:00:00"
"23789","792","7","60","2012-10-26 00:00:00","2012-11-06 00:00:00","2012-11-12 00:00:00","2012-11-23 00:00:00","4.0000","49.0000","49.0000","2012-11-22 23:00:00"
"23790","793","7","60","2012-10-26 00:00:00","2012-11-06 00:00:00","2012-11-12 00:00:00","2012-11-23 00:00:00","4.0000","49.0000","49.0000","2012-11-22 23:00:00"
"23791","516","6","50","2012-10-26 00:00:00","2012-11-06 00:00:00","2012-11-12 00:00:00","2012-11-23 00:00:00","3.0000","36.7500","36.7500","2012-11-22 23:00:00"
"23791","516","7","60","2012-10-26 00:00:00","2012-11-06 00:00:00","2012-11-12 00:00:00","2012-11-23 00:00:00","4.0000","49.0000","49.0000","2012-11-22 23:00:00"
"23792","517","6","50","2012-10-26 00:00:00","2012-11-06 00:00:00","2012-11-12 00:00:00","2012-11-23 00:00:00","3.0000","36.7500","36.7500","2012-11-22 23:00:00"
"23792","517","7","60","2012-10-26 00:00:00","2012-11-06 00:00:00","2012-11-12 00:00:00","2012-11-23 00:00:00","4.0000","49.0000","49.0000","2012-11-22 23:00:00"
"23793","519","6","50","2012-10-26 00:00:00","2012-11-06 00:00:00","2012-11-12 00:00:00","2012-11-23 00:00:00","3.0000","36.7500","36.7500","2012-11-22 23:00:00"
"23793","519","7","60","2012-10-26 00:00:00","2012-11-06 00:00:00","2012-11-12 00:00:00","2012-11-23 00:00:00","4.0000","49.0000","49.0000","2012-11-22 23:00:00"
"23802","806","6","50","2012-10-26 00:00:00","2012-11-06 00:00:00","2012-11-12 00:00:00","2012-11-23 00:00:00","3.0000","36.7500","36.7500","2012-11-22 23:00:00"
"23803","810","1","10","2012-10-26 00:00:00","2012-11-06 00:00:00","2012-11-12 00:00:00","2012-11-23 00:00:00","4.1000","92.2500","92.2500","2012-11-22 23:00:00"
"23803","810","2","20","2012-10-26 00:00:00","2012-11-06 00:00:00","2012-11-12 00:00:00","2012-11-23 00:00:00","3.5000","87.5000","87.5000","2012-11-22 23:00:00"
"23803","810","6","50","2012-10-26 00:00:00","2012-11-06 00:00:00","2012-11-12 00:00:00","2012-11-23 00:00:00","3.0000","36.7500","36.7500","2012-11-22 23:00:00"
"23804","811","1","10","2012-10-26 00:00:00","2012-11-06 00:00:00","2012-11-12 00:00:00","2012-11-23 00:00:00","4.1000","92.2500","92.2500","2012-11-22 23:00:00"
"23804","811","2","20","2012-10-26 00:00:00","2012-11-06 00:00:00","2012-11-12 00:00:00","2012-11-23 00:00:00","3.5000","87.5000","87.5000","2012-11-22 23:00:00"
"23804","811","6","50","2012-10-26 00:00:00","2012-11-06 00:00:00","2012-11-12 00:00:00","2012-11-23 00:00:00","3.0000","36.7500","36.7500","2012-11-22 23:00:00"
"23805","813","1","10","2012-10-26 00:00:00","2012-11-06 00:00:00","2012-11-12 00:00:00","2012-11-23 00:00:00","4.1000","92.2500","92.2500","2012-11-22 23:00:00"
"23805","813","2","20","2012-10-26 00:00:00","2012-11-06 00:00:00","2012-11-12 00:00:00","2012-11-23 00:00:00","3.5000","87.5000","87.5000","2012-11-22 23:00:00"
"23805","813","6","50","2012-10-26 00:00:00","2012-11-06 00:00:00","2012-11-12 00:00:00","2012-11-23 00:00:00","3.0000","36.7500","36.7500","2012-11-22 23:00:00"
"23806","816","6","50","2012-10-26 00:00:00","2012-11-06 00:00:00","2012-11-12 00:00:00","2012-11-23 00:00:00","3.0000","36.7500","36.7500","2012-11-22 23:00:00"
"23807","818","6","50","2012-10-26 00:00:00","2012-11-06 00:00:00","2012-11-12 00:00:00","2012-11-23 00:00:00","3.0000","36.7500","36.7500","2012-11-22 23:00:00"
"23808","820","6","50","2012-10-26 00:00:00","2012-11-06 00:00:00","2012-11-12 00:00:00","2012-11-23 00:00:00","3.0000","36.7500","36.7500","2012-11-22 23:00:00"
"23809","824","6","50","2012-10-26 00:00:00","2012-11-06 00:00:00","2012-11-12 00:00:00","2012-11-23 00:00:00","3.0000","36.7500","36.7500","2012-11-22 23:00:00"
"23810","826","6","50","2012-10-26 00:00:00","2012-11-06 00:00:00","2012-11-12 00:00:00","2012-11-23 00:00:00","3.0000","36.7500","36.7500","2012-11-22 23:00:00"
"23811","828","6","50","2012-10-26 00:00:00","2012-11-06 00:00:00","2012-11-12 00:00:00","2012-11-23 00:00:00","3.0000","36.7500","36.7500","2012-11-22 23:00:00"
"23813","894","6","50","2012-10-26 00:00:00","2012-11-06 00:00:00","2012-11-12 00:00:00","2012-11-23 00:00:00","3.0000","36.7500","36.7500","2012-11-22 23:00:00"
"23814","945","1","10","2012-10-26 00:00:00","2012-11-06 00:00:00","2012-11-12 00:00:00","2012-11-23 00:00:00","4.1000","92.2500","92.2500","2012-11-22 23:00:00"
"23814","945","6","50","2012-10-26 00:00:00","2012-11-06 00:00:00","2012-11-12 00:00:00","2012-11-23 00:00:00","3.0000","36.7500","36.7500","2012-11-22 23:00:00"
"23815","950","6","50","2012-10-26 00:00:00","2012-11-06 00:00:00","2012-11-12 00:00:00","2012-11-23 00:00:00","3.0000","36.7500","36.7500","2012-11-22 23:00:00"
"23816","994","6","50","2012-10-26 00:00:00","2012-11-06 00:00:00","2012-11-12 00:00:00","2012-11-23 00:00:00","3.0000","36.7500","36.7500","2012-11-22 23:00:00"
"23817","995","6","50","2012-10-26 00:00:00","2012-11-06 00:00:00","2012-11-12 00:00:00","2012-11-23 00:00:00","3.0000","36.7500","36.7500","2012-11-22 23:00:00"
"23818","996","6","50","2012-10-26 00:00:00","2012-11-06 00:00:00","2012-11-12 00:00:00","2012-11-23 00:00:00","3.0000","36.7500","36.7500","2012-11-22 23:00:00"
"23832","802","1","10","2012-10-26 00:00:00","2012-11-06 00:00:00","2012-11-12 00:00:00","2012-11-23 00:00:00","4.1000","92.2500","92.2500","2012-11-22 23:00:00"
"23832","802","6","50","2012-10-26 00:00:00","2012-11-06 00:00:00","2012-11-12 00:00:00","2012-11-23 00:00:00","3.0000","36.7500","36.7500","2012-11-22 23:00:00"
"23833","804","1","10","2012-10-26 00:00:00","2012-11-06 00:00:00","2012-11-12 00:00:00","2012-11-23 00:00:00","4.1000","92.2500","92.2500","2012-11-22 23:00:00"
"23833","804","6","50","2012-10-26 00:00:00","2012-11-06 00:00:00","2012-11-12 00:00:00","2012-11-23 00:00:00","3.0000","36.7500","36.7500","2012-11-22 23:00:00"
"23838","760","7","60","2012-10-27 00:00:00","2012-11-07 00:00:00","2012-10-27 00:00:00","2012-11-16 00:00:00","4.0000","49.0000","49.0000","2012-11-15 23:00:00"
"23839","781","7","60","2012-10-27 00:00:00","2012-11-07 00:00:00","2012-10-27 00:00:00","2012-11-16 00:00:00","4.0000","49.0000","49.0000","2012-11-15 23:00:00"
"23840","783","7","60","2012-10-27 00:00:00","2012-11-07 00:00:00","2012-10-27 00:00:00","2012-11-16 00:00:00","4.0000","49.0000","49.0000","2012-11-15 23:00:00"
"23841","789","7","60","2012-10-27 00:00:00","2012-11-07 00:00:00","2012-10-27 00:00:00","2012-11-16 00:00:00","4.0000","49.0000","49.0000","2012-11-15 23:00:00"
"23842","792","7","60","2012-10-27 00:00:00","2012-11-07 00:00:00","2012-10-27 00:00:00","2012-11-16 00:00:00","4.0000","49.0000","49.0000","2012-11-15 23:00:00"
"23843","793","7","60","2012-10-27 00:00:00","2012-11-07 00:00:00","2012-10-27 00:00:00","2012-11-16 00:00:00","4.0000","49.0000","49.0000","2012-11-15 23:00:00"
"23844","796","7","60","2012-10-27 00:00:00","2012-11-07 00:00:00","2012-10-27 00:00:00","2012-11-16 00:00:00","4.0000","49.0000","49.0000","2012-11-15 23:00:00"
"23845","516","6","50","2012-10-27 00:00:00","2012-11-07 00:00:00","2012-10-27 00:00:00","2012-11-16 00:00:00","3.0000","36.7500","36.7500","2012-11-15 23:00:00"
"23845","516","7","60","2012-10-27 00:00:00","2012-11-07 00:00:00","2012-10-27 00:00:00","2012-11-16 00:00:00","4.0000","49.0000","49.0000","2012-11-15 23:00:00"
"23846","517","6","50","2012-10-27 00:00:00","2012-11-07 00:00:00","2012-10-27 00:00:00","2012-11-16 00:00:00","3.0000","36.7500","36.7500","2012-11-15 23:00:00"
"23846","517","7","60","2012-10-27 00:00:00","2012-11-07 00:00:00","2012-10-27 00:00:00","2012-11-16 00:00:00","4.0000","49.0000","49.0000","2012-11-15 23:00:00"
"23847","519","6","50","2012-10-27 00:00:00","2012-11-07 00:00:00","2012-10-27 00:00:00","2012-11-16 00:00:00","3.0000","36.7500","36.7500","2012-11-15 23:00:00"
"23847","519","7","60","2012-10-27 00:00:00","2012-11-07 00:00:00","2012-10-27 00:00:00","2012-11-16 00:00:00","4.0000","49.0000","49.0000","2012-11-15 23:00:00"
"23854","806","6","50","2012-10-27 00:00:00","2012-11-07 00:00:00","2012-10-27 00:00:00","2012-11-16 00:00:00","3.0000","36.7500","36.7500","2012-11-15 23:00:00"
"23855","810","1","10","2012-10-27 00:00:00","2012-11-07 00:00:00","2012-10-27 00:00:00","2012-11-16 00:00:00","4.1000","92.2500","92.2500","2012-11-15 23:00:00"
"23855","810","2","20","2012-10-27 00:00:00","2012-11-07 00:00:00","2012-10-27 00:00:00","2012-11-16 00:00:00","3.5000","87.5000","87.5000","2012-11-15 23:00:00"
"23855","810","6","50","2012-10-27 00:00:00","2012-11-07 00:00:00","2012-10-27 00:00:00","2012-11-16 00:00:00","3.0000","36.7500","36.7500","2012-11-15 23:00:00"
"23856","811","1","10","2012-10-27 00:00:00","2012-11-07 00:00:00","2012-10-27 00:00:00","2012-11-16 00:00:00","4.1000","92.2500","92.2500","2012-11-15 23:00:00"
"23856","811","2","20","2012-10-27 00:00:00","2012-11-07 00:00:00","2012-10-27 00:00:00","2012-11-16 00:00:00","3.5000","87.5000","87.5000","2012-11-15 23:00:00"
"23856","811","6","50","2012-10-27 00:00:00","2012-11-07 00:00:00","2012-10-27 00:00:00","2012-11-16 00:00:00","3.0000","36.7500","36.7500","2012-11-15 23:00:00"
"23857","813","1","10","2012-10-27 00:00:00","2012-11-07 00:00:00","2012-10-27 00:00:00","2012-11-16 00:00:00","4.1000","92.2500","92.2500","2012-11-15 23:00:00"
"23857","813","2","20","2012-10-27 00:00:00","2012-11-07 00:00:00","2012-10-27 00:00:00","2012-11-16 00:00:00","3.5000","87.5000","87.5000","2012-11-15 23:00:00"
"23857","813","6","50","2012-10-27 00:00:00","2012-11-07 00:00:00","2012-10-27 00:00:00","2012-11-16 00:00:00","3.0000","36.7500","36.7500","2012-11-15 23:00:00"
"23858","816","6","50","2012-10-27 00:00:00","2012-11-07 00:00:00","2012-10-27 00:00:00","2012-11-16 00:00:00","3.0000","36.7500","36.7500","2012-11-15 23:00:00"
"23859","818","6","50","2012-10-27 00:00:00","2012-11-07 00:00:00","2012-10-27 00:00:00","2012-11-16 00:00:00","3.0000","36.7500","36.7500","2012-11-15 23:00:00"
"23860","820","6","50","2012-10-27 00:00:00","2012-11-07 00:00:00","2012-10-27 00:00:00","2012-11-16 00:00:00","3.0000","36.7500","36.7500","2012-11-15 23:00:00"
"23861","824","6","50","2012-10-27 00:00:00","2012-11-07 00:00:00","2012-10-27 00:00:00","2012-11-16 00:00:00","3.0000","36.7500","36.7500","2012-11-15 23:00:00"
"23862","826","6","50","2012-10-27 00:00:00","2012-11-07 00:00:00","2012-10-27 00:00:00","2012-11-16 00:00:00","3.0000","36.7500","36.7500","2012-11-15 23:00:00"
"23863","828","6","50","2012-10-27 00:00:00","2012-11-07 00:00:00","2012-10-27 00:00:00","2012-11-16 00:00:00","3.0000","36.7500","36.7500","2012-11-15 23:00:00"
"23865","894","6","50","2012-10-27 00:00:00","2012-11-07 00:00:00","2012-10-27 00:00:00","2012-11-16 00:00:00","3.0000","36.7500","36.7500","2012-11-15 23:00:00"
"23866","945","1","10","2012-10-27 00:00:00","2012-11-07 00:00:00","2012-10-27 00:00:00","2012-11-16 00:00:00","4.1000","92.2500","92.2500","2012-11-15 23:00:00"
"23866","945","6","50","2012-10-27 00:00:00","2012-11-07 00:00:00","2012-10-27 00:00:00","2012-11-16 00:00:00","3.0000","36.7500","36.7500","2012-11-15 23:00:00"
"23867","950","6","50","2012-10-27 00:00:00","2012-11-07 00:00:00","2012-10-27 00:00:00","2012-11-16 00:00:00","3.0000","36.7500","36.7500","2012-11-15 23:00:00"
"23868","994","6","50","2012-10-27 00:00:00","2012-11-07 00:00:00","2012-10-27 00:00:00","2012-11-16 00:00:00","3.0000","36.7500","36.7500","2012-11-15 23:00:00"
"23869","995","6","50","2012-10-27 00:00:00","2012-11-07 00:00:00","2012-10-27 00:00:00","2012-11-16 00:00:00","3.0000","36.7500","36.7500","2012-11-15 23:00:00"
"23870","996","6","50","2012-10-27 00:00:00","2012-11-07 00:00:00","2012-10-27 00:00:00","2012-11-16 00:00:00","3.0000","36.7500","36.7500","2012-11-15 23:00:00"
"23884","802","1","10","2012-10-27 00:00:00","2012-11-07 00:00:00","2012-10-27 00:00:00","2012-11-16 00:00:00","4.1000","92.2500","92.2500","2012-11-15 23:00:00"
"23884","802","6","50","2012-10-27 00:00:00","2012-11-07 00:00:00","2012-10-27 00:00:00","2012-11-16 00:00:00","3.0000","36.7500","36.7500","2012-11-15 23:00:00"
"23885","804","1","10","2012-10-27 00:00:00","2012-11-07 00:00:00","2012-10-27 00:00:00","2012-11-16 00:00:00","4.1000","92.2500","92.2500","2012-11-15 23:00:00"
"23885","804","6","50","2012-10-27 00:00:00","2012-11-07 00:00:00","2012-10-27 00:00:00","2012-11-16 00:00:00","3.0000","36.7500","36.7500","2012-11-15 23:00:00"
"23890","763","7","60","2012-10-28 00:00:00","2012-11-08 00:00:00","2012-11-16 00:00:00","2012-11-27 00:00:00","4.0000","49.0000","49.0000","2012-11-26 23:00:00"
"23891","767","7","60","2012-10-28 00:00:00","2012-11-08 00:00:00","2012-11-16 00:00:00","2012-11-27 00:00:00","4.0000","49.0000","49.0000","2012-11-26 23:00:00"
"23892","780","7","60","2012-10-28 00:00:00","2012-11-08 00:00:00","2012-11-16 00:00:00","2012-11-27 00:00:00","4.0000","49.0000","49.0000","2012-11-26 23:00:00"
"23893","791","7","60","2012-10-28 00:00:00","2012-11-08 00:00:00","2012-11-16 00:00:00","2012-11-27 00:00:00","4.0000","49.0000","49.0000","2012-11-26 23:00:00"
"23894","793","7","60","2012-10-28 00:00:00","2012-11-08 00:00:00","2012-11-16 00:00:00","2012-11-27 00:00:00","4.0000","49.0000","49.0000","2012-11-26 23:00:00"
"23895","516","6","50","2012-10-28 00:00:00","2012-11-08 00:00:00","2012-11-16 00:00:00","2012-11-27 00:00:00","3.0000","36.7500","36.7500","2012-11-26 23:00:00"
"23895","516","7","60","2012-10-28 00:00:00","2012-11-08 00:00:00","2012-11-16 00:00:00","2012-11-27 00:00:00","4.0000","49.0000","49.0000","2012-11-26 23:00:00"
"23896","517","6","50","2012-10-28 00:00:00","2012-11-08 00:00:00","2012-11-16 00:00:00","2012-11-27 00:00:00","3.0000","36.7500","36.7500","2012-11-26 23:00:00"
"23896","517","7","60","2012-10-28 00:00:00","2012-11-08 00:00:00","2012-11-16 00:00:00","2012-11-27 00:00:00","4.0000","49.0000","49.0000","2012-11-26 23:00:00"
"23897","519","6","50","2012-10-28 00:00:00","2012-11-08 00:00:00","2012-11-16 00:00:00","2012-11-27 00:00:00","3.0000","36.7500","36.7500","2012-11-26 23:00:00"
"23897","519","7","60","2012-10-28 00:00:00","2012-11-08 00:00:00","2012-11-16 00:00:00","2012-11-27 00:00:00","4.0000","49.0000","49.0000","2012-11-26 23:00:00"
"23902","806","6","50","2012-10-28 00:00:00","2012-11-08 00:00:00","2012-11-16 00:00:00","2012-11-27 00:00:00","3.0000","36.7500","36.7500","2012-11-26 23:00:00"
"23903","810","1","10","2012-10-28 00:00:00","2012-11-08 00:00:00","2012-11-16 00:00:00","2012-11-27 00:00:00","4.1000","92.2500","92.2500","2012-11-26 23:00:00"
"23903","810","2","20","2012-10-28 00:00:00","2012-11-08 00:00:00","2012-11-16 00:00:00","2012-11-27 00:00:00","3.5000","87.5000","87.5000","2012-11-26 23:00:00"
"23903","810","6","50","2012-10-28 00:00:00","2012-11-08 00:00:00","2012-11-16 00:00:00","2012-11-27 00:00:00","3.0000","36.7500","36.7500","2012-11-26 23:00:00"
"23904","811","1","10","2012-10-28 00:00:00","2012-11-08 00:00:00","2012-11-16 00:00:00","2012-11-27 00:00:00","4.1000","92.2500","92.2500","2012-11-26 23:00:00"
"23904","811","2","20","2012-10-28 00:00:00","2012-11-08 00:00:00","2012-11-16 00:00:00","2012-11-27 00:00:00","3.5000","87.5000","87.5000","2012-11-26 23:00:00"
"23904","811","6","50","2012-10-28 00:00:00","2012-11-08 00:00:00","2012-11-16 00:00:00","2012-11-27 00:00:00","3.0000","36.7500","36.7500","2012-11-26 23:00:00"
"23905","813","1","10","2012-10-28 00:00:00","2012-11-08 00:00:00","2012-11-16 00:00:00","2012-11-27 00:00:00","4.1000","92.2500","92.2500","2012-11-26 23:00:00"
"23905","813","2","20","2012-10-28 00:00:00","2012-11-08 00:00:00","2012-11-16 00:00:00","2012-11-27 00:00:00","3.5000","87.5000","87.5000","2012-11-26 23:00:00"
"23905","813","6","50","2012-10-28 00:00:00","2012-11-08 00:00:00","2012-11-16 00:00:00","2012-11-27 00:00:00","3.0000","36.7500","36.7500","2012-11-26 23:00:00"
"23906","816","6","50","2012-10-28 00:00:00","2012-11-08 00:00:00","2012-11-16 00:00:00","2012-11-27 00:00:00","3.0000","36.7500","36.7500","2012-11-26 23:00:00"
"23907","818","6","50","2012-10-28 00:00:00","2012-11-08 00:00:00","2012-11-16 00:00:00","2012-11-27 00:00:00","3.0000","36.7500","36.7500","2012-11-26 23:00:00"
"23908","820","6","50","2012-10-28 00:00:00","2012-11-08 00:00:00","2012-11-16 00:00:00","2012-11-27 00:00:00","3.0000","36.7500","36.7500","2012-11-26 23:00:00"
"23909","824","6","50","2012-10-28 00:00:00","2012-11-08 00:00:00","2012-11-16 00:00:00","2012-11-27 00:00:00","3.0000","36.7500","36.7500","2012-11-26 23:00:00"
"23910","826","6","50","2012-10-28 00:00:00","2012-11-08 00:00:00","2012-11-16 00:00:00","2012-11-27 00:00:00","3.0000","36.7500","36.7500","2012-11-26 23:00:00"
"23911","828","6","50","2012-10-28 00:00:00","2012-11-08 00:00:00","2012-11-16 00:00:00","2012-11-27 00:00:00","3.0000","36.7500","36.7500","2012-11-26 23:00:00"
"23913","894","6","50","2012-10-28 00:00:00","2012-11-08 00:00:00","2012-11-16 00:00:00","2012-11-27 00:00:00","3.0000","36.7500","36.7500","2012-11-26 23:00:00"
"23914","945","1","10","2012-10-28 00:00:00","2012-11-08 00:00:00","2012-11-16 00:00:00","2012-11-27 00:00:00","4.1000","92.2500","92.2500","2012-11-26 23:00:00"
"23914","945","6","50","2012-10-28 00:00:00","2012-11-08 00:00:00","2012-11-16 00:00:00","2012-11-27 00:00:00","3.0000","36.7500","36.7500","2012-11-26 23:00:00"
"23915","950","6","50","2012-10-28 00:00:00","2012-11-08 00:00:00","2012-11-16 00:00:00","2012-11-27 00:00:00","3.0000","36.7500","36.7500","2012-11-26 23:00:00"
"23916","994","6","50","2012-10-28 00:00:00","2012-11-08 00:00:00","2012-11-16 00:00:00","2012-11-27 00:00:00","3.0000","36.7500","36.7500","2012-11-26 23:00:00"
"23917","995","6","50","2012-10-28 00:00:00","2012-11-08 00:00:00","2012-11-16 00:00:00","2012-11-27 00:00:00","3.0000","36.7500","36.7500","2012-11-26 23:00:00"
"23918","996","6","50","2012-10-28 00:00:00","2012-11-08 00:00:00","2012-11-16 00:00:00","2012-11-27 00:00:00","3.0000","36.7500","36.7500","2012-11-26 23:00:00"
"23932","802","1","10","2012-10-28 00:00:00","2012-11-08 00:00:00","2012-11-16 00:00:00","2012-11-27 00:00:00","4.1000","92.2500","92.2500","2012-11-26 23:00:00"
"23932","802","6","50","2012-10-28 00:00:00","2012-11-08 00:00:00","2012-11-16 00:00:00","2012-11-27 00:00:00","3.0000","36.7500","36.7500","2012-11-26 23:00:00"
"23933","804","1","10","2012-10-28 00:00:00","2012-11-08 00:00:00","2012-11-16 00:00:00","2012-11-27 00:00:00","4.1000","92.2500","92.2500","2012-11-26 23:00:00"
"23933","804","6","50","2012-10-28 00:00:00","2012-11-08 00:00:00","2012-11-16 00:00:00","2012-11-27 00:00:00","3.0000","36.7500","36.7500","2012-11-26 23:00:00"
"23938","759","7","60","2012-10-29 00:00:00","2012-11-09 00:00:00","2012-10-29 00:00:00","2012-11-10 00:00:00","4.0000","49.0000","49.0000","2012-11-09 23:00:00"
"23939","760","7","60","2012-10-29 00:00:00","2012-11-09 00:00:00","2012-10-29 00:00:00","2012-11-10 00:00:00","4.0000","49.0000","49.0000","2012-11-09 23:00:00"
"23940","761","7","60","2012-10-29 00:00:00","2012-11-09 00:00:00","2012-10-29 00:00:00","2012-11-10 00:00:00","4.0000","49.0000","49.0000","2012-11-09 23:00:00"
"23941","762","7","60","2012-10-29 00:00:00","2012-11-09 00:00:00","2012-10-29 00:00:00","2012-11-10 00:00:00","4.0000","49.0000","49.0000","2012-11-09 23:00:00"
"23942","763","7","60","2012-10-29 00:00:00","2012-11-09 00:00:00","2012-10-29 00:00:00","2012-11-10 00:00:00","4.0000","49.0000","49.0000","2012-11-09 23:00:00"
"23943","790","7","60","2012-10-29 00:00:00","2012-11-09 00:00:00","2012-10-29 00:00:00","2012-11-10 00:00:00","4.0000","49.0000","49.0000","2012-11-09 23:00:00"
"23944","798","7","60","2012-10-29 00:00:00","2012-11-09 00:00:00","2012-10-29 00:00:00","2012-11-10 00:00:00","4.0000","49.0000","49.0000","2012-11-09 23:00:00"
"23945","799","7","60","2012-10-29 00:00:00","2012-11-09 00:00:00","2012-10-29 00:00:00","2012-11-10 00:00:00","4.0000","49.0000","49.0000","2012-11-09 23:00:00"
"23946","801","7","60","2012-10-29 00:00:00","2012-11-09 00:00:00","2012-10-29 00:00:00","2012-11-10 00:00:00","4.0000","49.0000","49.0000","2012-11-09 23:00:00"
"23947","517","6","50","2012-10-29 00:00:00","2012-11-09 00:00:00","2012-10-29 00:00:00","2012-11-10 00:00:00","3.0000","36.7500","36.7500","2012-11-09 23:00:00"
"23947","517","7","60","2012-10-29 00:00:00","2012-11-09 00:00:00","2012-10-29 00:00:00","2012-11-10 00:00:00","4.0000","49.0000","49.0000","2012-11-09 23:00:00"
"23948","518","6","50","2012-10-29 00:00:00","2012-11-09 00:00:00","2012-10-29 00:00:00","2012-11-10 00:00:00","3.0000","36.7500","36.7500","2012-11-09 23:00:00"
"23948","518","7","60","2012-10-29 00:00:00","2012-11-09 00:00:00","2012-10-29 00:00:00","2012-11-10 00:00:00","4.0000","49.0000","49.0000","2012-11-09 23:00:00"
"23949","519","6","50","2012-10-29 00:00:00","2012-11-09 00:00:00","2012-10-29 00:00:00","2012-11-10 00:00:00","3.0000","36.7500","36.7500","2012-11-09 23:00:00"
"23949","519","7","60","2012-10-29 00:00:00","2012-11-09 00:00:00","2012-10-29 00:00:00","2012-11-10 00:00:00","4.0000","49.0000","49.0000","2012-11-09 23:00:00"
"23956","806","6","50","2012-10-29 00:00:00","2012-11-09 00:00:00","2012-10-29 00:00:00","2012-11-10 00:00:00","3.0000","36.7500","36.7500","2012-11-09 23:00:00"
"23957","811","1","10","2012-10-29 00:00:00","2012-11-09 00:00:00","2012-10-29 00:00:00","2012-11-10 00:00:00","4.1000","92.2500","92.2500","2012-11-09 23:00:00"
"23957","811","2","20","2012-10-29 00:00:00","2012-11-09 00:00:00","2012-10-29 00:00:00","2012-11-10 00:00:00","3.5000","87.5000","87.5000","2012-11-09 23:00:00"
"23957","811","6","50","2012-10-29 00:00:00","2012-11-09 00:00:00","2012-10-29 00:00:00","2012-11-10 00:00:00","3.0000","36.7500","36.7500","2012-11-09 23:00:00"
"23958","812","1","10","2012-10-29 00:00:00","2012-11-09 00:00:00","2012-10-29 00:00:00","2012-11-10 00:00:00","4.1000","92.2500","92.2500","2012-11-09 23:00:00"
"23958","812","2","20","2012-10-29 00:00:00","2012-11-09 00:00:00","2012-10-29 00:00:00","2012-11-10 00:00:00","3.5000","87.5000","87.5000","2012-11-09 23:00:00"
"23958","812","6","50","2012-10-29 00:00:00","2012-11-09 00:00:00","2012-10-29 00:00:00","2012-11-10 00:00:00","3.0000","36.7500","36.7500","2012-11-09 23:00:00"
"23959","813","1","10","2012-10-29 00:00:00","2012-11-09 00:00:00","2012-10-29 00:00:00","2012-11-10 00:00:00","4.1000","92.2500","92.2500","2012-11-09 23:00:00"
"23959","813","2","20","2012-10-29 00:00:00","2012-11-09 00:00:00","2012-10-29 00:00:00","2012-11-10 00:00:00","3.5000","87.5000","87.5000","2012-11-09 23:00:00"
"23959","813","6","50","2012-10-29 00:00:00","2012-11-09 00:00:00","2012-10-29 00:00:00","2012-11-10 00:00:00","3.0000","36.7500","36.7500","2012-11-09 23:00:00"
"23960","818","6","50","2012-10-29 00:00:00","2012-11-09 00:00:00","2012-10-29 00:00:00","2012-11-10 00:00:00","3.0000","36.7500","36.7500","2012-11-09 23:00:00"
"23961","819","6","50","2012-10-29 00:00:00","2012-11-09 00:00:00","2012-10-29 00:00:00","2012-11-10 00:00:00","3.0000","36.7500","36.7500","2012-11-09 23:00:00"
"23962","820","6","50","2012-10-29 00:00:00","2012-11-09 00:00:00","2012-10-29 00:00:00","2012-11-10 00:00:00","3.0000","36.7500","36.7500","2012-11-09 23:00:00"
"23963","826","6","50","2012-10-29 00:00:00","2012-11-09 00:00:00","2012-10-29 00:00:00","2012-11-10 00:00:00","3.0000","36.7500","36.7500","2012-11-09 23:00:00"
"23964","827","6","50","2012-10-29 00:00:00","2012-11-09 00:00:00","2012-10-29 00:00:00","2012-11-10 00:00:00","3.0000","36.7500","36.7500","2012-11-09 23:00:00"
"23965","828","6","50","2012-10-29 00:00:00","2012-11-09 00:00:00","2012-10-29 00:00:00","2012-11-10 00:00:00","3.0000","36.7500","36.7500","2012-11-09 23:00:00"
"23969","894","6","50","2012-10-29 00:00:00","2012-11-09 00:00:00","2012-10-29 00:00:00","2012-11-10 00:00:00","3.0000","36.7500","36.7500","2012-11-09 23:00:00"
"23970","945","1","10","2012-10-29 00:00:00","2012-11-09 00:00:00","2012-10-29 00:00:00","2012-11-10 00:00:00","4.1000","92.2500","92.2500","2012-11-09 23:00:00"
"23970","945","6","50","2012-10-29 00:00:00","2012-11-09 00:00:00","2012-10-29 00:00:00","2012-11-10 00:00:00","3.0000","36.7500","36.7500","2012-11-09 23:00:00"
"23971","950","6","50","2012-10-29 00:00:00","2012-11-09 00:00:00","2012-10-29 00:00:00","2012-11-10 00:00:00","3.0000","36.7500","36.7500","2012-11-09 23:00:00"
"23972","994","6","50","2012-10-29 00:00:00","2012-11-09 00:00:00","2012-10-29 00:00:00","2012-11-10 00:00:00","3.0000","36.7500","36.7500","2012-11-09 23:00:00"
"23973","996","6","50","2012-10-29 00:00:00","2012-11-09 00:00:00","2012-10-29 00:00:00","2012-11-10 00:00:00","3.0000","36.7500","36.7500","2012-11-09 23:00:00"
"23986","802","1","10","2012-10-29 00:00:00","2012-11-09 00:00:00","2012-10-29 00:00:00","2012-11-10 00:00:00","4.1000","92.2500","92.2500","2012-11-09 23:00:00"
"23986","802","6","50","2012-10-29 00:00:00","2012-11-09 00:00:00","2012-10-29 00:00:00","2012-11-10 00:00:00","3.0000","36.7500","36.7500","2012-11-09 23:00:00"
"23987","803","1","10","2012-10-29 00:00:00","2012-11-09 00:00:00","2012-10-29 00:00:00","2012-11-10 00:00:00","4.1000","92.2500","92.2500","2012-11-09 23:00:00"
"23987","803","6","50","2012-10-29 00:00:00","2012-11-09 00:00:00","2012-10-29 00:00:00","2012-11-10 00:00:00","3.0000","36.7500","36.7500","2012-11-09 23:00:00"
"23988","804","1","10","2012-10-29 00:00:00","2012-11-09 00:00:00","2012-10-29 00:00:00","2012-11-10 00:00:00","4.1000","92.2500","92.2500","2012-11-09 23:00:00"
"23988","804","6","50","2012-10-29 00:00:00","2012-11-09 00:00:00","2012-10-29 00:00:00","2012-11-10 00:00:00","3.0000","36.7500","36.7500","2012-11-09 23:00:00"
"23993","761","7","60","2012-10-30 00:00:00","2012-11-10 00:00:00","2012-10-31 00:00:00","2012-11-10 00:00:00","4.0000","49.0000","49.0000","2012-11-09 23:00:00"
"23994","762","7","60","2012-10-30 00:00:00","2012-11-10 00:00:00","2012-10-31 00:00:00","2012-11-10 00:00:00","4.0000","49.0000","49.0000","2012-11-09 23:00:00"
"23995","783","7","60","2012-10-30 00:00:00","2012-11-10 00:00:00","2012-10-31 00:00:00","2012-11-10 00:00:00","4.0000","49.0000","49.0000","2012-11-09 23:00:00"
"23996","790","7","60","2012-10-30 00:00:00","2012-11-10 00:00:00","2012-10-31 00:00:00","2012-11-10 00:00:00","4.0000","49.0000","49.0000","2012-11-09 23:00:00"
"23997","791","7","60","2012-10-30 00:00:00","2012-11-10 00:00:00","2012-10-31 00:00:00","2012-11-10 00:00:00","4.0000","49.0000","49.0000","2012-11-09 23:00:00"
"23998","516","6","50","2012-10-30 00:00:00","2012-11-10 00:00:00","2012-10-31 00:00:00","2012-11-10 00:00:00","3.0000","36.7500","36.7500","2012-11-09 23:00:00"
"23998","516","7","60","2012-10-30 00:00:00","2012-11-10 00:00:00","2012-10-31 00:00:00","2012-11-10 00:00:00","4.0000","49.0000","49.0000","2012-11-09 23:00:00"
"23999","517","6","50","2012-10-30 00:00:00","2012-11-10 00:00:00","2012-10-31 00:00:00","2012-11-10 00:00:00","3.0000","36.7500","36.7500","2012-11-09 23:00:00"
"23999","517","7","60","2012-10-30 00:00:00","2012-11-10 00:00:00","2012-10-31 00:00:00","2012-11-10 00:00:00","4.0000","49.0000","49.0000","2012-11-09 23:00:00"
"24000","519","6","50","2012-10-30 00:00:00","2012-11-10 00:00:00","2012-10-31 00:00:00","2012-11-10 00:00:00","3.0000","36.7500","36.7500","2012-11-09 23:00:00"
"24000","519","7","60","2012-10-30 00:00:00","2012-11-10 00:00:00","2012-10-31 00:00:00","2012-11-10 00:00:00","4.0000","49.0000","49.0000","2012-11-09 23:00:00"
"24006","806","6","50","2012-10-30 00:00:00","2012-11-10 00:00:00","2012-10-31 00:00:00","2012-11-10 00:00:00","3.0000","36.7500","36.7500","2012-11-09 23:00:00"
"24007","810","1","10","2012-10-30 00:00:00","2012-11-10 00:00:00","2012-10-31 00:00:00","2012-11-10 00:00:00","4.1000","92.2500","92.2500","2012-11-09 23:00:00"
"24007","810","2","20","2012-10-30 00:00:00","2012-11-10 00:00:00","2012-10-31 00:00:00","2012-11-10 00:00:00","3.5000","87.5000","87.5000","2012-11-09 23:00:00"
"24007","810","6","50","2012-10-30 00:00:00","2012-11-10 00:00:00","2012-10-31 00:00:00","2012-11-10 00:00:00","3.0000","36.7500","36.7500","2012-11-09 23:00:00"
"24008","811","1","10","2012-10-30 00:00:00","2012-11-10 00:00:00","2012-10-31 00:00:00","2012-11-10 00:00:00","4.1000","92.2500","92.2500","2012-11-09 23:00:00"
"24008","811","2","20","2012-10-30 00:00:00","2012-11-10 00:00:00","2012-10-31 00:00:00","2012-11-10 00:00:00","3.5000","87.5000","87.5000","2012-11-09 23:00:00"
"24008","811","6","50","2012-10-30 00:00:00","2012-11-10 00:00:00","2012-10-31 00:00:00","2012-11-10 00:00:00","3.0000","36.7500","36.7500","2012-11-09 23:00:00"
"24009","813","1","10","2012-10-30 00:00:00","2012-11-10 00:00:00","2012-10-31 00:00:00","2012-11-10 00:00:00","4.1000","92.2500","92.2500","2012-11-09 23:00:00"
"24009","813","2","20","2012-10-30 00:00:00","2012-11-10 00:00:00","2012-10-31 00:00:00","2012-11-10 00:00:00","3.5000","87.5000","87.5000","2012-11-09 23:00:00"
"24009","813","6","50","2012-10-30 00:00:00","2012-11-10 00:00:00","2012-10-31 00:00:00","2012-11-10 00:00:00","3.0000","36.7500","36.7500","2012-11-09 23:00:00"
"24010","816","6","50","2012-10-30 00:00:00","2012-11-10 00:00:00","2012-10-31 00:00:00","2012-11-10 00:00:00","3.0000","36.7500","36.7500","2012-11-09 23:00:00"
"24011","818","6","50","2012-10-30 00:00:00","2012-11-10 00:00:00","2012-10-31 00:00:00","2012-11-10 00:00:00","3.0000","36.7500","36.7500","2012-11-09 23:00:00"
"24012","820","6","50","2012-10-30 00:00:00","2012-11-10 00:00:00","2012-10-31 00:00:00","2012-11-10 00:00:00","3.0000","36.7500","36.7500","2012-11-09 23:00:00"
"24013","824","6","50","2012-10-30 00:00:00","2012-11-10 00:00:00","2012-10-31 00:00:00","2012-11-10 00:00:00","3.0000","36.7500","36.7500","2012-11-09 23:00:00"
"24014","826","6","50","2012-10-30 00:00:00","2012-11-10 00:00:00","2012-10-31 00:00:00","2012-11-10 00:00:00","3.0000","36.7500","36.7500","2012-11-09 23:00:00"
"24015","828","6","50","2012-10-30 00:00:00","2012-11-10 00:00:00","2012-10-31 00:00:00","2012-11-10 00:00:00","3.0000","36.7500","36.7500","2012-11-09 23:00:00"
"24016","894","6","50","2012-10-30 00:00:00","2012-11-10 00:00:00","2012-10-31 00:00:00","2012-11-10 00:00:00","3.0000","36.7500","36.7500","2012-11-09 23:00:00"
"24017","945","1","10","2012-10-30 00:00:00","2012-11-10 00:00:00","2012-10-31 00:00:00","2012-11-10 00:00:00","4.1000","92.2500","92.2500","2012-11-09 23:00:00"
"24017","945","6","50","2012-10-30 00:00:00","2012-11-10 00:00:00","2012-10-31 00:00:00","2012-11-10 00:00:00","3.0000","36.7500","36.7500","2012-11-09 23:00:00"
"24018","950","6","50","2012-10-30 00:00:00","2012-11-10 00:00:00","2012-10-31 00:00:00","2012-11-10 00:00:00","3.0000","36.7500","36.7500","2012-11-09 23:00:00"
"24019","994","6","50","2012-10-30 00:00:00","2012-11-10 00:00:00","2012-10-31 00:00:00","2012-11-10 00:00:00","3.0000","36.7500","36.7500","2012-11-09 23:00:00"
"24020","995","6","50","2012-10-30 00:00:00","2012-11-10 00:00:00","2012-10-31 00:00:00","2012-11-10 00:00:00","3.0000","36.7500","36.7500","2012-11-09 23:00:00"
"24021","996","6","50","2012-10-30 00:00:00","2012-11-10 00:00:00","2012-10-31 00:00:00","2012-11-10 00:00:00","3.0000","36.7500","36.7500","2012-11-09 23:00:00"
"24035","802","1","10","2012-10-30 00:00:00","2012-11-10 00:00:00","2012-10-31 00:00:00","2012-11-10 00:00:00","4.1000","92.2500","92.2500","2012-11-09 23:00:00"
"24035","802","6","50","2012-10-30 00:00:00","2012-11-10 00:00:00","2012-10-31 00:00:00","2012-11-10 00:00:00","3.0000","36.7500","36.7500","2012-11-09 23:00:00"
"24036","804","1","10","2012-10-30 00:00:00","2012-11-10 00:00:00","2012-10-31 00:00:00","2012-11-10 00:00:00","4.1000","92.2500","92.2500","2012-11-09 23:00:00"
"24036","804","6","50","2012-10-30 00:00:00","2012-11-10 00:00:00","2012-10-31 00:00:00","2012-11-10 00:00:00","3.0000","36.7500","36.7500","2012-11-09 23:00:00"
"24041","761","7","60","2012-10-31 00:00:00","2012-11-11 00:00:00","2012-10-31 00:00:00","2012-11-14 00:00:00","4.0000","49.0000","49.0000","2012-11-13 23:00:00"
"24042","781","7","60","2012-10-31 00:00:00","2012-11-11 00:00:00","2012-10-31 00:00:00","2012-11-14 00:00:00","4.0000","49.0000","49.0000","2012-11-13 23:00:00"
"24043","790","7","60","2012-10-31 00:00:00","2012-11-11 00:00:00","2012-10-31 00:00:00","2012-11-14 00:00:00","4.0000","49.0000","49.0000","2012-11-13 23:00:00"
"24044","791","7","60","2012-10-31 00:00:00","2012-11-11 00:00:00","2012-10-31 00:00:00","2012-11-14 00:00:00","4.0000","49.0000","49.0000","2012-11-13 23:00:00"
"24045","792","7","60","2012-10-31 00:00:00","2012-11-11 00:00:00","2012-10-31 00:00:00","2012-11-14 00:00:00","4.0000","49.0000","49.0000","2012-11-13 23:00:00"
"24046","800","7","60","2012-10-31 00:00:00","2012-11-11 00:00:00","2012-10-31 00:00:00","2012-11-14 00:00:00","4.0000","49.0000","49.0000","2012-11-13 23:00:00"
"24047","516","6","50","2012-10-31 00:00:00","2012-11-11 00:00:00","2012-10-31 00:00:00","2012-11-14 00:00:00","3.0000","36.7500","36.7500","2012-11-13 23:00:00"
"24047","516","7","60","2012-10-31 00:00:00","2012-11-11 00:00:00","2012-10-31 00:00:00","2012-11-14 00:00:00","4.0000","49.0000","49.0000","2012-11-13 23:00:00"
"24048","517","6","50","2012-10-31 00:00:00","2012-11-11 00:00:00","2012-10-31 00:00:00","2012-11-14 00:00:00","3.0000","36.7500","36.7500","2012-11-13 23:00:00"
"24048","517","7","60","2012-10-31 00:00:00","2012-11-11 00:00:00","2012-10-31 00:00:00","2012-11-14 00:00:00","4.0000","49.0000","49.0000","2012-11-13 23:00:00"
"24049","518","6","50","2012-10-31 00:00:00","2012-11-11 00:00:00","2012-10-31 00:00:00","2012-11-14 00:00:00","3.0000","36.7500","36.7500","2012-11-13 23:00:00"
"24049","518","7","60","2012-10-31 00:00:00","2012-11-11 00:00:00","2012-10-31 00:00:00","2012-11-14 00:00:00","4.0000","49.0000","49.0000","2012-11-13 23:00:00"
"24050","519","6","50","2012-10-31 00:00:00","2012-11-11 00:00:00","2012-10-31 00:00:00","2012-11-14 00:00:00","3.0000","36.7500","36.7500","2012-11-13 23:00:00"
"24050","519","7","60","2012-10-31 00:00:00","2012-11-11 00:00:00","2012-10-31 00:00:00","2012-11-14 00:00:00","4.0000","49.0000","49.0000","2012-11-13 23:00:00"
"24056","806","6","50","2012-10-31 00:00:00","2012-11-11 00:00:00","2012-10-31 00:00:00","2012-11-14 00:00:00","3.0000","36.7500","36.7500","2012-11-13 23:00:00"
"24057","810","1","10","2012-10-31 00:00:00","2012-11-11 00:00:00","2012-10-31 00:00:00","2012-11-14 00:00:00","4.1000","92.2500","92.2500","2012-11-13 23:00:00"
"24057","810","2","20","2012-10-31 00:00:00","2012-11-11 00:00:00","2012-10-31 00:00:00","2012-11-14 00:00:00","3.5000","87.5000","87.5000","2012-11-13 23:00:00"
"24057","810","6","50","2012-10-31 00:00:00","2012-11-11 00:00:00","2012-10-31 00:00:00","2012-11-14 00:00:00","3.0000","36.7500","36.7500","2012-11-13 23:00:00"
"24058","811","1","10","2012-10-31 00:00:00","2012-11-11 00:00:00","2012-10-31 00:00:00","2012-11-14 00:00:00","4.1000","92.2500","92.2500","2012-11-13 23:00:00"
"24058","811","2","20","2012-10-31 00:00:00","2012-11-11 00:00:00","2012-10-31 00:00:00","2012-11-14 00:00:00","3.5000","87.5000","87.5000","2012-11-13 23:00:00"
"24058","811","6","50","2012-10-31 00:00:00","2012-11-11 00:00:00","2012-10-31 00:00:00","2012-11-14 00:00:00","3.0000","36.7500","36.7500","2012-11-13 23:00:00"
"24059","812","1","10","2012-10-31 00:00:00","2012-11-11 00:00:00","2012-10-31 00:00:00","2012-11-14 00:00:00","4.1000","92.2500","92.2500","2012-11-13 23:00:00"
"24059","812","2","20","2012-10-31 00:00:00","2012-11-11 00:00:00","2012-10-31 00:00:00","2012-11-14 00:00:00","3.5000","87.5000","87.5000","2012-11-13 23:00:00"
"24059","812","6","50","2012-10-31 00:00:00","2012-11-11 00:00:00","2012-10-31 00:00:00","2012-11-14 00:00:00","3.0000","36.7500","36.7500","2012-11-13 23:00:00"
"24060","813","1","10","2012-10-31 00:00:00","2012-11-11 00:00:00","2012-10-31 00:00:00","2012-11-14 00:00:00","4.1000","92.2500","92.2500","2012-11-13 23:00:00"
"24060","813","2","20","2012-10-31 00:00:00","2012-11-11 00:00:00","2012-10-31 00:00:00","2012-11-14 00:00:00","3.5000","87.5000","87.5000","2012-11-13 23:00:00"
"24060","813","6","50","2012-10-31 00:00:00","2012-11-11 00:00:00","2012-10-31 00:00:00","2012-11-14 00:00:00","3.0000","36.7500","36.7500","2012-11-13 23:00:00"
"24061","816","6","50","2012-10-31 00:00:00","2012-11-11 00:00:00","2012-10-31 00:00:00","2012-11-14 00:00:00","3.0000","36.7500","36.7500","2012-11-13 23:00:00"
"24062","818","6","50","2012-10-31 00:00:00","2012-11-11 00:00:00","2012-10-31 00:00:00","2012-11-14 00:00:00","3.0000","36.7500","36.7500","2012-11-13 23:00:00"
"24063","819","6","50","2012-10-31 00:00:00","2012-11-11 00:00:00","2012-10-31 00:00:00","2012-11-14 00:00:00","3.0000","36.7500","36.7500","2012-11-13 23:00:00"
"24064","820","6","50","2012-10-31 00:00:00","2012-11-11 00:00:00","2012-10-31 00:00:00","2012-11-14 00:00:00","3.0000","36.7500","36.7500","2012-11-13 23:00:00"
"24065","824","6","50","2012-10-31 00:00:00","2012-11-11 00:00:00","2012-10-31 00:00:00","2012-11-14 00:00:00","3.0000","36.7500","36.7500","2012-11-13 23:00:00"
"24066","826","6","50","2012-10-31 00:00:00","2012-11-11 00:00:00","2012-10-31 00:00:00","2012-11-14 00:00:00","3.0000","36.7500","36.7500","2012-11-13 23:00:00"
"24067","827","6","50","2012-10-31 00:00:00","2012-11-11 00:00:00","2012-10-31 00:00:00","2012-11-14 00:00:00","3.0000","36.7500","36.7500","2012-11-13 23:00:00"
"24068","828","6","50","2012-10-31 00:00:00","2012-11-11 00:00:00","2012-10-31 00:00:00","2012-11-14 00:00:00","3.0000","36.7500","36.7500","2012-11-13 23:00:00"
"24070","894","6","50","2012-10-31 00:00:00","2012-11-11 00:00:00","2012-10-31 00:00:00","2012-11-14 00:00:00","3.0000","36.7500","36.7500","2012-11-13 23:00:00"
"24071","945","1","10","2012-10-31 00:00:00","2012-11-11 00:00:00","2012-10-31 00:00:00","2012-11-14 00:00:00","4.1000","92.2500","92.2500","2012-11-13 23:00:00"
"24071","945","6","50","2012-10-31 00:00:00","2012-11-11 00:00:00","2012-10-31 00:00:00","2012-11-14 00:00:00","3.0000","36.7500","36.7500","2012-11-13 23:00:00"
"24072","950","6","50","2012-10-31 00:00:00","2012-11-11 00:00:00","2012-10-31 00:00:00","2012-11-14 00:00:00","3.0000","36.7500","36.7500","2012-11-13 23:00:00"
"24073","994","6","50","2012-10-31 00:00:00","2012-11-11 00:00:00","2012-10-31 00:00:00","2012-11-14 00:00:00","3.0000","36.7500","36.7500","2012-11-13 23:00:00"
"24074","995","6","50","2012-10-31 00:00:00","2012-11-11 00:00:00","2012-10-31 00:00:00","2012-11-14 00:00:00","3.0000","36.7500","36.7500","2012-11-13 23:00:00"
"24075","996","6","50","2012-10-31 00:00:00","2012-11-11 00:00:00","2012-10-31 00:00:00","2012-11-14 00:00:00","3.0000","36.7500","36.7500","2012-11-13 23:00:00"
"24089","802","1","10","2012-10-31 00:00:00","2012-11-11 00:00:00","2012-10-31 00:00:00","2012-11-14 00:00:00","4.1000","92.2500","92.2500","2012-11-13 23:00:00"
"24089","802","6","50","2012-10-31 00:00:00","2012-11-11 00:00:00","2012-10-31 00:00:00","2012-11-14 00:00:00","3.0000","36.7500","36.7500","2012-11-13 23:00:00"
"24090","803","1","10","2012-10-31 00:00:00","2012-11-11 00:00:00","2012-10-31 00:00:00","2012-11-14 00:00:00","4.1000","92.2500","92.2500","2012-11-13 23:00:00"
"24090","803","6","50","2012-10-31 00:00:00","2012-11-11 00:00:00","2012-10-31 00:00:00","2012-11-14 00:00:00","3.0000","36.7500","36.7500","2012-11-13 23:00:00"
"24091","804","1","10","2012-10-31 00:00:00","2012-11-11 00:00:00","2012-10-31 00:00:00","2012-11-14 00:00:00","4.1000","92.2500","92.2500","2012-11-13 23:00:00"
"24091","804","6","50","2012-10-31 00:00:00","2012-11-11 00:00:00","2012-10-31 00:00:00","2012-11-14 00:00:00","3.0000","36.7500","36.7500","2012-11-13 23:00:00"
"24096","760","7","60","2012-11-01 00:00:00","2012-11-12 00:00:00","2012-11-04 00:00:00","2012-11-12 00:00:00","4.0000","49.0000","49.0000","2012-11-11 23:00:00"
"24097","783","7","60","2012-11-01 00:00:00","2012-11-12 00:00:00","2012-11-04 00:00:00","2012-11-12 00:00:00","4.0000","49.0000","49.0000","2012-11-11 23:00:00"
"24098","784","7","60","2012-11-01 00:00:00","2012-11-12 00:00:00","2012-11-04 00:00:00","2012-11-12 00:00:00","4.0000","49.0000","49.0000","2012-11-11 23:00:00"
"24099","789","7","60","2012-11-01 00:00:00","2012-11-12 00:00:00","2012-11-04 00:00:00","2012-11-12 00:00:00","4.0000","49.0000","49.0000","2012-11-11 23:00:00"
"24100","792","7","60","2012-11-01 00:00:00","2012-11-12 00:00:00","2012-11-04 00:00:00","2012-11-12 00:00:00","4.0000","49.0000","49.0000","2012-11-11 23:00:00"
"24101","795","7","60","2012-11-01 00:00:00","2012-11-12 00:00:00","2012-11-04 00:00:00","2012-11-12 00:00:00","4.0000","49.0000","49.0000","2012-11-11 23:00:00"
"24102","797","7","60","2012-11-01 00:00:00","2012-11-12 00:00:00","2012-11-04 00:00:00","2012-11-12 00:00:00","4.0000","49.0000","49.0000","2012-11-11 23:00:00"
"24103","516","6","50","2012-11-01 00:00:00","2012-11-12 00:00:00","2012-11-04 00:00:00","2012-11-12 00:00:00","3.0000","36.7500","36.7500","2012-11-11 23:00:00"
"24103","516","7","60","2012-11-01 00:00:00","2012-11-12 00:00:00","2012-11-04 00:00:00","2012-11-12 00:00:00","4.0000","49.0000","49.0000","2012-11-11 23:00:00"
"24104","517","6","50","2012-11-01 00:00:00","2012-11-12 00:00:00","2012-11-04 00:00:00","2012-11-12 00:00:00","3.0000","36.7500","36.7500","2012-11-11 23:00:00"
"24104","517","7","60","2012-11-01 00:00:00","2012-11-12 00:00:00","2012-11-04 00:00:00","2012-11-12 00:00:00","4.0000","49.0000","49.0000","2012-11-11 23:00:00"
"24105","518","6","50","2012-11-01 00:00:00","2012-11-12 00:00:00","2012-11-04 00:00:00","2012-11-12 00:00:00","3.0000","36.7500","36.7500","2012-11-11 23:00:00"
"24105","518","7","60","2012-11-01 00:00:00","2012-11-12 00:00:00","2012-11-04 00:00:00","2012-11-12 00:00:00","4.0000","49.0000","49.0000","2012-11-11 23:00:00"
"24106","519","6","50","2012-11-01 00:00:00","2012-11-12 00:00:00","2012-11-04 00:00:00","2012-11-12 00:00:00","3.0000","36.7500","36.7500","2012-11-11 23:00:00"
"24106","519","7","60","2012-11-01 00:00:00","2012-11-12 00:00:00","2012-11-04 00:00:00","2012-11-12 00:00:00","4.0000","49.0000","49.0000","2012-11-11 23:00:00"
"24112","806","6","50","2012-11-01 00:00:00","2012-11-12 00:00:00","2012-11-04 00:00:00","2012-11-12 00:00:00","3.0000","36.7500","36.7500","2012-11-11 23:00:00"
"24113","810","1","10","2012-11-01 00:00:00","2012-11-12 00:00:00","2012-11-04 00:00:00","2012-11-12 00:00:00","4.1000","92.2500","92.2500","2012-11-11 23:00:00"
"24113","810","2","20","2012-11-01 00:00:00","2012-11-12 00:00:00","2012-11-04 00:00:00","2012-11-12 00:00:00","3.5000","87.5000","87.5000","2012-11-11 23:00:00"
"24113","810","6","50","2012-11-01 00:00:00","2012-11-12 00:00:00","2012-11-04 00:00:00","2012-11-12 00:00:00","3.0000","36.7500","36.7500","2012-11-11 23:00:00"
"24114","811","1","10","2012-11-01 00:00:00","2012-11-12 00:00:00","2012-11-04 00:00:00","2012-11-12 00:00:00","4.1000","92.2500","92.2500","2012-11-11 23:00:00"
"24114","811","2","20","2012-11-01 00:00:00","2012-11-12 00:00:00","2012-11-04 00:00:00","2012-11-12 00:00:00","3.5000","87.5000","87.5000","2012-11-11 23:00:00"
"24114","811","6","50","2012-11-01 00:00:00","2012-11-12 00:00:00","2012-11-04 00:00:00","2012-11-12 00:00:00","3.0000","36.7500","36.7500","2012-11-11 23:00:00"
"24115","812","1","10","2012-11-01 00:00:00","2012-11-12 00:00:00","2012-11-04 00:00:00","2012-11-12 00:00:00","4.1000","92.2500","92.2500","2012-11-11 23:00:00"
"24115","812","2","20","2012-11-01 00:00:00","2012-11-12 00:00:00","2012-11-04 00:00:00","2012-11-12 00:00:00","3.5000","87.5000","87.5000","2012-11-11 23:00:00"
"24115","812","6","50","2012-11-01 00:00:00","2012-11-12 00:00:00","2012-11-04 00:00:00","2012-11-12 00:00:00","3.0000","36.7500","36.7500","2012-11-11 23:00:00"
"24116","813","1","10","2012-11-01 00:00:00","2012-11-12 00:00:00","2012-11-04 00:00:00","2012-11-12 00:00:00","4.1000","92.2500","92.2500","2012-11-11 23:00:00"
"24116","813","2","20","2012-11-01 00:00:00","2012-11-12 00:00:00","2012-11-04 00:00:00","2012-11-12 00:00:00","3.5000","87.5000","87.5000","2012-11-11 23:00:00"
"24116","813","6","50","2012-11-01 00:00:00","2012-11-12 00:00:00","2012-11-04 00:00:00","2012-11-12 00:00:00","3.0000","36.7500","36.7500","2012-11-11 23:00:00"
"24117","816","6","50","2012-11-01 00:00:00","2012-11-12 00:00:00","2012-11-04 00:00:00","2012-11-12 00:00:00","3.0000","36.7500","36.7500","2012-11-11 23:00:00"
"24118","818","6","50","2012-11-01 00:00:00","2012-11-12 00:00:00","2012-11-04 00:00:00","2012-11-12 00:00:00","3.0000","36.7500","36.7500","2012-11-11 23:00:00"
"24119","819","6","50","2012-11-01 00:00:00","2012-11-12 00:00:00","2012-11-04 00:00:00","2012-11-12 00:00:00","3.0000","36.7500","36.7500","2012-11-11 23:00:00"
"24120","820","6","50","2012-11-01 00:00:00","2012-11-12 00:00:00","2012-11-04 00:00:00","2012-11-12 00:00:00","3.0000","36.7500","36.7500","2012-11-11 23:00:00"
"24121","822","1","10","2012-11-01 00:00:00","2012-11-12 00:00:00","2012-11-04 00:00:00","2012-11-12 00:00:00","4.1000","92.2500","92.2500","2012-11-11 23:00:00"
"24121","822","2","20","2012-11-01 00:00:00","2012-11-12 00:00:00","2012-11-04 00:00:00","2012-11-12 00:00:00","3.5000","87.5000","87.5000","2012-11-11 23:00:00"
"24121","822","3","30","2012-11-01 00:00:00","2012-11-12 00:00:00","2012-11-04 00:00:00","2012-11-12 00:00:00","1.0000","14.5000","14.5000","2012-11-11 23:00:00"
"24121","822","4","40","2012-11-01 00:00:00","2012-11-12 00:00:00","2012-11-04 00:00:00","2012-11-12 00:00:00","2.0000","31.5000","31.5000","2012-11-11 23:00:00"
"24121","822","6","50","2012-11-01 00:00:00","2012-11-12 00:00:00","2012-11-04 00:00:00","2012-11-12 00:00:00","3.0000","36.7500","36.7500","2012-11-11 23:00:00"
"24121","822","7","60","2012-11-01 00:00:00","2012-11-12 00:00:00","2012-11-04 00:00:00","2012-11-12 00:00:00","4.0000","49.0000","49.0000","2012-11-11 23:00:00"
"24122","824","6","50","2012-11-01 00:00:00","2012-11-12 00:00:00","2012-11-04 00:00:00","2012-11-12 00:00:00","3.0000","36.7500","36.7500","2012-11-11 23:00:00"
"24123","826","6","50","2012-11-01 00:00:00","2012-11-12 00:00:00","2012-11-04 00:00:00","2012-11-12 00:00:00","3.0000","36.7500","36.7500","2012-11-11 23:00:00"
"24124","827","6","50","2012-11-01 00:00:00","2012-11-12 00:00:00","2012-11-04 00:00:00","2012-11-12 00:00:00","3.0000","36.7500","36.7500","2012-11-11 23:00:00"
"24125","828","6","50","2012-11-01 00:00:00","2012-11-12 00:00:00","2012-11-04 00:00:00","2012-11-12 00:00:00","3.0000","36.7500","36.7500","2012-11-11 23:00:00"
"24127","894","6","50","2012-11-01 00:00:00","2012-11-12 00:00:00","2012-11-04 00:00:00","2012-11-12 00:00:00","3.0000","36.7500","36.7500","2012-11-11 23:00:00"
"24128","945","1","10","2012-11-01 00:00:00","2012-11-12 00:00:00","2012-11-04 00:00:00","2012-11-12 00:00:00","4.1000","92.2500","92.2500","2012-11-11 23:00:00"
"24128","945","6","50","2012-11-01 00:00:00","2012-11-12 00:00:00","2012-11-04 00:00:00","2012-11-12 00:00:00","3.0000","36.7500","36.7500","2012-11-11 23:00:00"
"24129","950","6","50","2012-11-01 00:00:00","2012-11-12 00:00:00","2012-11-04 00:00:00","2012-11-12 00:00:00","3.0000","36.7500","36.7500","2012-11-11 23:00:00"
"24130","994","6","50","2012-11-01 00:00:00","2012-11-12 00:00:00","2012-11-04 00:00:00","2012-11-12 00:00:00","3.0000","36.7500","36.7500","2012-11-11 23:00:00"
"24131","995","6","50","2012-11-01 00:00:00","2012-11-12 00:00:00","2012-11-04 00:00:00","2012-11-12 00:00:00","3.0000","36.7500","36.7500","2012-11-11 23:00:00"
"24132","996","6","50","2012-11-01 00:00:00","2012-11-12 00:00:00","2012-11-04 00:00:00","2012-11-12 00:00:00","3.0000","36.7500","36.7500","2012-11-11 23:00:00"
"24146","802","1","10","2012-11-01 00:00:00","2012-11-12 00:00:00","2012-11-04 00:00:00","2012-11-12 00:00:00","4.1000","92.2500","92.2500","2012-11-11 23:00:00"
"24146","802","6","50","2012-11-01 00:00:00","2012-11-12 00:00:00","2012-11-04 00:00:00","2012-11-12 00:00:00","3.0000","36.7500","36.7500","2012-11-11 23:00:00"
"24147","803","1","10","2012-11-01 00:00:00","2012-11-12 00:00:00","2012-11-04 00:00:00","2012-11-12 00:00:00","4.1000","92.2500","92.2500","2012-11-11 23:00:00"
"24147","803","6","50","2012-11-01 00:00:00","2012-11-12 00:00:00","2012-11-04 00:00:00","2012-11-12 00:00:00","3.0000","36.7500","36.7500","2012-11-11 23:00:00"
"24148","804","1","10","2012-11-01 00:00:00","2012-11-12 00:00:00","2012-11-04 00:00:00","2012-11-12 00:00:00","4.1000","92.2500","92.2500","2012-11-11 23:00:00"
"24148","804","6","50","2012-11-01 00:00:00","2012-11-12 00:00:00","2012-11-04 00:00:00","2012-11-12 00:00:00","3.0000","36.7500","36.7500","2012-11-11 23:00:00"
"24166","747","1","10","2012-11-02 00:00:00","2012-11-13 00:00:00","2012-11-02 00:00:00","2012-11-18 00:00:00","4.1000","92.2500","92.2500","2012-11-17 23:00:00"
"24166","747","2","20","2012-11-02 00:00:00","2012-11-13 00:00:00","2012-11-02 00:00:00","2012-11-18 00:00:00","3.5000","87.5000","87.5000","2012-11-17 23:00:00"
"24166","747","3","30","2012-11-02 00:00:00","2012-11-13 00:00:00","2012-11-02 00:00:00","2012-11-18 00:00:00","1.0000","14.5000","14.5000","2012-11-17 23:00:00"
"24166","747","4","40","2012-11-02 00:00:00","2012-11-13 00:00:00","2012-11-02 00:00:00","2012-11-18 00:00:00","2.0000","31.5000","31.5000","2012-11-17 23:00:00"
"24166","747","6","50","2012-11-02 00:00:00","2012-11-13 00:00:00","2012-11-02 00:00:00","2012-11-18 00:00:00","3.0000","36.7500","36.7500","2012-11-17 23:00:00"
"24166","747","7","60","2012-11-02 00:00:00","2012-11-13 00:00:00","2012-11-02 00:00:00","2012-11-18 00:00:00","4.0000","49.0000","49.0000","2012-11-17 23:00:00"
"24167","748","1","10","2012-11-02 00:00:00","2012-11-13 00:00:00","2012-11-02 00:00:00","2012-11-18 00:00:00","4.1000","92.2500","92.2500","2012-11-17 23:00:00"
"24167","748","2","20","2012-11-02 00:00:00","2012-11-13 00:00:00","2012-11-02 00:00:00","2012-11-18 00:00:00","3.5000","87.5000","87.5000","2012-11-17 23:00:00"
"24167","748","3","30","2012-11-02 00:00:00","2012-11-13 00:00:00","2012-11-02 00:00:00","2012-11-18 00:00:00","1.0000","14.5000","14.5000","2012-11-17 23:00:00"
"24167","748","5","45","2012-11-02 00:00:00","2012-11-13 00:00:00","2012-11-02 00:00:00","2012-11-18 00:00:00","2.0000","36.0000","36.0000","2012-11-17 23:00:00"
"24167","748","6","50","2012-11-02 00:00:00","2012-11-13 00:00:00","2012-11-02 00:00:00","2012-11-18 00:00:00","3.0000","36.7500","36.7500","2012-11-17 23:00:00"
"24167","748","7","60","2012-11-02 00:00:00","2012-11-13 00:00:00","2012-11-02 00:00:00","2012-11-18 00:00:00","4.0000","49.0000","49.0000","2012-11-17 23:00:00"
"24168","759","7","60","2012-11-02 00:00:00","2012-11-13 00:00:00","2012-11-02 00:00:00","2012-11-18 00:00:00","4.0000","49.0000","49.0000","2012-11-17 23:00:00"
"24169","760","7","60","2012-11-02 00:00:00","2012-11-13 00:00:00","2012-11-02 00:00:00","2012-11-18 00:00:00","4.0000","49.0000","49.0000","2012-11-17 23:00:00"
"24170","761","7","60","2012-11-02 00:00:00","2012-11-13 00:00:00","2012-11-02 00:00:00","2012-11-18 00:00:00","4.0000","49.0000","49.0000","2012-11-17 23:00:00"
"24171","762","7","60","2012-11-02 00:00:00","2012-11-13 00:00:00","2012-11-02 00:00:00","2012-11-18 00:00:00","4.0000","49.0000","49.0000","2012-11-17 23:00:00"
"24172","763","7","60","2012-11-02 00:00:00","2012-11-13 00:00:00","2012-11-02 00:00:00","2012-11-18 00:00:00","4.0000","49.0000","49.0000","2012-11-17 23:00:00"
"24173","764","7","60","2012-11-02 00:00:00","2012-11-13 00:00:00","2012-11-02 00:00:00","2012-11-18 00:00:00","4.0000","49.0000","49.0000","2012-11-17 23:00:00"
"24174","765","7","60","2012-11-02 00:00:00","2012-11-13 00:00:00","2012-11-02 00:00:00","2012-11-18 00:00:00","4.0000","49.0000","49.0000","2012-11-17 23:00:00"
"24175","766","7","60","2012-11-02 00:00:00","2012-11-13 00:00:00","2012-11-02 00:00:00","2012-11-18 00:00:00","4.0000","49.0000","49.0000","2012-11-17 23:00:00"
"24176","767","7","60","2012-11-02 00:00:00","2012-11-13 00:00:00","2012-11-02 00:00:00","2012-11-18 00:00:00","4.0000","49.0000","49.0000","2012-11-17 23:00:00"
"24177","768","7","60","2012-11-02 00:00:00","2012-11-13 00:00:00","2012-11-02 00:00:00","2012-11-18 00:00:00","4.0000","49.0000","49.0000","2012-11-17 23:00:00"
"24178","769","7","60","2012-11-02 00:00:00","2012-11-13 00:00:00","2012-11-02 00:00:00","2012-11-18 00:00:00","4.0000","49.0000","49.0000","2012-11-17 23:00:00"
"24179","770","7","60","2012-11-02 00:00:00","2012-11-13 00:00:00","2012-11-02 00:00:00","2012-11-18 00:00:00","4.0000","49.0000","49.0000","2012-11-17 23:00:00"
"24180","779","7","60","2012-11-02 00:00:00","2012-11-13 00:00:00","2012-11-02 00:00:00","2012-11-18 00:00:00","4.0000","49.0000","49.0000","2012-11-17 23:00:00"
"24181","780","7","60","2012-11-02 00:00:00","2012-11-13 00:00:00","2012-11-02 00:00:00","2012-11-18 00:00:00","4.0000","49.0000","49.0000","2012-11-17 23:00:00"
"24182","781","7","60","2012-11-02 00:00:00","2012-11-13 00:00:00","2012-11-02 00:00:00","2012-11-18 00:00:00","4.0000","49.0000","49.0000","2012-11-17 23:00:00"
"24183","782","7","60","2012-11-02 00:00:00","2012-11-13 00:00:00","2012-11-02 00:00:00","2012-11-18 00:00:00","4.0000","49.0000","49.0000","2012-11-17 23:00:00"
"24184","783","7","60","2012-11-02 00:00:00","2012-11-13 00:00:00","2012-11-02 00:00:00","2012-11-18 00:00:00","4.0000","49.0000","49.0000","2012-11-17 23:00:00"
"24185","784","7","60","2012-11-02 00:00:00","2012-11-13 00:00:00","2012-11-02 00:00:00","2012-11-18 00:00:00","4.0000","49.0000","49.0000","2012-11-17 23:00:00"
"24186","785","7","60","2012-11-02 00:00:00","2012-11-13 00:00:00","2012-11-02 00:00:00","2012-11-18 00:00:00","4.0000","49.0000","49.0000","2012-11-17 23:00:00"
"24187","786","7","60","2012-11-02 00:00:00","2012-11-13 00:00:00","2012-11-02 00:00:00","2012-11-18 00:00:00","4.0000","49.0000","49.0000","2012-11-17 23:00:00"
"24188","787","7","60","2012-11-02 00:00:00","2012-11-13 00:00:00","2012-11-02 00:00:00","2012-11-18 00:00:00","4.0000","49.0000","49.0000","2012-11-17 23:00:00"
"24189","788","7","60","2012-11-02 00:00:00","2012-11-13 00:00:00","2012-11-02 00:00:00","2012-11-18 00:00:00","4.0000","49.0000","49.0000","2012-11-17 23:00:00"
"24190","789","7","60","2012-11-02 00:00:00","2012-11-13 00:00:00","2012-11-02 00:00:00","2012-11-18 00:00:00","4.0000","49.0000","49.0000","2012-11-17 23:00:00"
"24191","790","7","60","2012-11-02 00:00:00","2012-11-13 00:00:00","2012-11-02 00:00:00","2012-11-18 00:00:00","4.0000","49.0000","49.0000","2012-11-17 23:00:00"
"24192","791","7","60","2012-11-02 00:00:00","2012-11-13 00:00:00","2012-11-02 00:00:00","2012-11-18 00:00:00","4.0000","49.0000","49.0000","2012-11-17 23:00:00"
"24193","792","7","60","2012-11-02 00:00:00","2012-11-13 00:00:00","2012-11-02 00:00:00","2012-11-18 00:00:00","4.0000","49.0000","49.0000","2012-11-17 23:00:00"
"24194","793","7","60","2012-11-02 00:00:00","2012-11-13 00:00:00","2012-11-02 00:00:00","2012-11-18 00:00:00","4.0000","49.0000","49.0000","2012-11-17 23:00:00"
"24195","794","7","60","2012-11-02 00:00:00","2012-11-13 00:00:00","2012-11-02 00:00:00","2012-11-18 00:00:00","4.0000","49.0000","49.0000","2012-11-17 23:00:00"
"24196","795","7","60","2012-11-02 00:00:00","2012-11-13 00:00:00","2012-11-02 00:00:00","2012-11-18 00:00:00","4.0000","49.0000","49.0000","2012-11-17 23:00:00"
"24197","796","7","60","2012-11-02 00:00:00","2012-11-13 00:00:00","2012-11-02 00:00:00","2012-11-18 00:00:00","4.0000","49.0000","49.0000","2012-11-17 23:00:00"
"24198","797","7","60","2012-11-02 00:00:00","2012-11-13 00:00:00","2012-11-02 00:00:00","2012-11-18 00:00:00","4.0000","49.0000","49.0000","2012-11-17 23:00:00"
"24199","798","7","60","2012-11-02 00:00:00","2012-11-13 00:00:00","2012-11-02 00:00:00","2012-11-18 00:00:00","4.0000","49.0000","49.0000","2012-11-17 23:00:00"
"24200","799","7","60","2012-11-02 00:00:00","2012-11-13 00:00:00","2012-11-02 00:00:00","2012-11-18 00:00:00","4.0000","49.0000","49.0000","2012-11-17 23:00:00"
"24201","800","7","60","2012-11-02 00:00:00","2012-11-13 00:00:00","2012-11-02 00:00:00","2012-11-18 00:00:00","4.0000","49.0000","49.0000","2012-11-17 23:00:00"
"24202","801","7","60","2012-11-02 00:00:00","2012-11-13 00:00:00","2012-11-02 00:00:00","2012-11-18 00:00:00","4.0000","49.0000","49.0000","2012-11-17 23:00:00"
"24203","802","1","10","2012-11-02 00:00:00","2012-11-13 00:00:00","2012-11-02 00:00:00","2012-11-18 00:00:00","4.1000","92.2500","92.2500","2012-11-17 23:00:00"
"24203","802","6","50","2012-11-02 00:00:00","2012-11-13 00:00:00","2012-11-02 00:00:00","2012-11-18 00:00:00","3.0000","36.7500","36.7500","2012-11-17 23:00:00"
"24204","804","1","10","2012-11-02 00:00:00","2012-11-13 00:00:00","2012-11-02 00:00:00","2012-11-18 00:00:00","4.1000","92.2500","92.2500","2012-11-17 23:00:00"
"24204","804","6","50","2012-11-02 00:00:00","2012-11-13 00:00:00","2012-11-02 00:00:00","2012-11-18 00:00:00","3.0000","36.7500","36.7500","2012-11-17 23:00:00"
"24205","805","6","50","2012-11-02 00:00:00","2012-11-13 00:00:00","2012-11-02 00:00:00","2012-11-18 00:00:00","3.0000","36.7500","36.7500","2012-11-17 23:00:00"
"24206","806","6","50","2012-11-02 00:00:00","2012-11-13 00:00:00","2012-11-02 00:00:00","2012-11-18 00:00:00","3.0000","36.7500","36.7500","2012-11-17 23:00:00"
"24207","807","6","50","2012-11-02 00:00:00","2012-11-13 00:00:00","2012-11-02 00:00:00","2012-11-18 00:00:00","3.0000","36.7500","36.7500","2012-11-17 23:00:00"
"24208","808","1","10","2012-11-02 00:00:00","2012-11-13 00:00:00","2012-11-02 00:00:00","2012-11-18 00:00:00","4.1000","92.2500","92.2500","2012-11-17 23:00:00"
"24208","808","2","20","2012-11-02 00:00:00","2012-11-13 00:00:00","2012-11-02 00:00:00","2012-11-18 00:00:00","3.5000","87.5000","87.5000","2012-11-17 23:00:00"
"24208","808","6","50","2012-11-02 00:00:00","2012-11-13 00:00:00","2012-11-02 00:00:00","2012-11-18 00:00:00","3.0000","36.7500","36.7500","2012-11-17 23:00:00"
"24209","809","1","10","2012-11-02 00:00:00","2012-11-13 00:00:00","2012-11-02 00:00:00","2012-11-18 00:00:00","4.1000","92.2500","92.2500","2012-11-17 23:00:00"
"24209","809","2","20","2012-11-02 00:00:00","2012-11-13 00:00:00","2012-11-02 00:00:00","2012-11-18 00:00:00","3.5000","87.5000","87.5000","2012-11-17 23:00:00"
"24209","809","6","50","2012-11-02 00:00:00","2012-11-13 00:00:00","2012-11-02 00:00:00","2012-11-18 00:00:00","3.0000","36.7500","36.7500","2012-11-17 23:00:00"
"24210","810","1","10","2012-11-02 00:00:00","2012-11-13 00:00:00","2012-11-02 00:00:00","2012-11-18 00:00:00","4.1000","92.2500","92.2500","2012-11-17 23:00:00"
"24210","810","2","20","2012-11-02 00:00:00","2012-11-13 00:00:00","2012-11-02 00:00:00","2012-11-18 00:00:00","3.5000","87.5000","87.5000","2012-11-17 23:00:00"
"24210","810","6","50","2012-11-02 00:00:00","2012-11-13 00:00:00","2012-11-02 00:00:00","2012-11-18 00:00:00","3.0000","36.7500","36.7500","2012-11-17 23:00:00"
"24211","813","1","10","2012-11-02 00:00:00","2012-11-13 00:00:00","2012-11-02 00:00:00","2012-11-18 00:00:00","4.1000","92.2500","92.2500","2012-11-17 23:00:00"
"24211","813","2","20","2012-11-02 00:00:00","2012-11-13 00:00:00","2012-11-02 00:00:00","2012-11-18 00:00:00","3.5000","87.5000","87.5000","2012-11-17 23:00:00"
"24211","813","6","50","2012-11-02 00:00:00","2012-11-13 00:00:00","2012-11-02 00:00:00","2012-11-18 00:00:00","3.0000","36.7500","36.7500","2012-11-17 23:00:00"
"24212","814","1","10","2012-11-02 00:00:00","2012-11-13 00:00:00","2012-11-02 00:00:00","2012-11-18 00:00:00","4.1000","92.2500","92.2500","2012-11-17 23:00:00"
"24212","814","2","20","2012-11-02 00:00:00","2012-11-13 00:00:00","2012-11-02 00:00:00","2012-11-18 00:00:00","3.5000","87.5000","87.5000","2012-11-17 23:00:00"
"24212","814","3","30","2012-11-02 00:00:00","2012-11-13 00:00:00","2012-11-02 00:00:00","2012-11-18 00:00:00","1.0000","14.5000","14.5000","2012-11-17 23:00:00"
"24212","814","4","40","2012-11-02 00:00:00","2012-11-13 00:00:00","2012-11-02 00:00:00","2012-11-18 00:00:00","2.0000","31.5000","31.5000","2012-11-17 23:00:00"
"24212","814","6","50","2012-11-02 00:00:00","2012-11-13 00:00:00","2012-11-02 00:00:00","2012-11-18 00:00:00","3.0000","36.7500","36.7500","2012-11-17 23:00:00"
"24212","814","7","60","2012-11-02 00:00:00","2012-11-13 00:00:00","2012-11-02 00:00:00","2012-11-18 00:00:00","4.0000","49.0000","49.0000","2012-11-17 23:00:00"
"24213","815","6","50","2012-11-02 00:00:00","2012-11-13 00:00:00","2012-11-02 00:00:00","2012-11-18 00:00:00","3.0000","36.7500","36.7500","2012-11-17 23:00:00"
"24214","816","6","50","2012-11-02 00:00:00","2012-11-13 00:00:00","2012-11-02 00:00:00","2012-11-18 00:00:00","3.0000","36.7500","36.7500","2012-11-17 23:00:00"
"24215","817","6","50","2012-11-02 00:00:00","2012-11-13 00:00:00","2012-11-02 00:00:00","2012-11-18 00:00:00","3.0000","36.7500","36.7500","2012-11-17 23:00:00"
"24216","819","6","50","2012-11-02 00:00:00","2012-11-13 00:00:00","2012-11-02 00:00:00","2012-11-18 00:00:00","3.0000","36.7500","36.7500","2012-11-17 23:00:00"
"24217","820","6","50","2012-11-02 00:00:00","2012-11-13 00:00:00","2012-11-02 00:00:00","2012-11-18 00:00:00","3.0000","36.7500","36.7500","2012-11-17 23:00:00"
"24218","822","1","10","2012-11-02 00:00:00","2012-11-13 00:00:00","2012-11-02 00:00:00","2012-11-18 00:00:00","4.1000","92.2500","92.2500","2012-11-17 23:00:00"
"24218","822","2","20","2012-11-02 00:00:00","2012-11-13 00:00:00","2012-11-02 00:00:00","2012-11-18 00:00:00","3.5000","87.5000","87.5000","2012-11-17 23:00:00"
"24218","822","3","30","2012-11-02 00:00:00","2012-11-13 00:00:00","2012-11-02 00:00:00","2012-11-18 00:00:00","1.0000","14.5000","14.5000","2012-11-17 23:00:00"
"24218","822","4","40","2012-11-02 00:00:00","2012-11-13 00:00:00","2012-11-02 00:00:00","2012-11-18 00:00:00","2.0000","31.5000","31.5000","2012-11-17 23:00:00"
"24218","822","6","50","2012-11-02 00:00:00","2012-11-13 00:00:00","2012-11-02 00:00:00","2012-11-18 00:00:00","3.0000","36.7500","36.7500","2012-11-17 23:00:00"
"24218","822","7","60","2012-11-02 00:00:00","2012-11-13 00:00:00","2012-11-02 00:00:00","2012-11-18 00:00:00","4.0000","49.0000","49.0000","2012-11-17 23:00:00"
"24219","823","6","50","2012-11-02 00:00:00","2012-11-13 00:00:00","2012-11-02 00:00:00","2012-11-18 00:00:00","3.0000","36.7500","36.7500","2012-11-17 23:00:00"
"24220","824","6","50","2012-11-02 00:00:00","2012-11-13 00:00:00","2012-11-02 00:00:00","2012-11-18 00:00:00","3.0000","36.7500","36.7500","2012-11-17 23:00:00"
"24221","825","6","50","2012-11-02 00:00:00","2012-11-13 00:00:00","2012-11-02 00:00:00","2012-11-18 00:00:00","3.0000","36.7500","36.7500","2012-11-17 23:00:00"
"24222","826","6","50","2012-11-02 00:00:00","2012-11-13 00:00:00","2012-11-02 00:00:00","2012-11-18 00:00:00","3.0000","36.7500","36.7500","2012-11-17 23:00:00"
"24229","515","6","50","2012-11-02 00:00:00","2012-11-13 00:00:00","2012-11-02 00:00:00","2012-11-18 00:00:00","3.0000","36.7500","36.7500","2012-11-17 23:00:00"
"24229","515","7","60","2012-11-02 00:00:00","2012-11-13 00:00:00","2012-11-02 00:00:00","2012-11-18 00:00:00","4.0000","49.0000","49.0000","2012-11-17 23:00:00"
"24230","516","6","50","2012-11-02 00:00:00","2012-11-13 00:00:00","2012-11-02 00:00:00","2012-11-18 00:00:00","3.0000","36.7500","36.7500","2012-11-17 23:00:00"
"24230","516","7","60","2012-11-02 00:00:00","2012-11-13 00:00:00","2012-11-02 00:00:00","2012-11-18 00:00:00","4.0000","49.0000","49.0000","2012-11-17 23:00:00"
"24231","517","6","50","2012-11-02 00:00:00","2012-11-13 00:00:00","2012-11-02 00:00:00","2012-11-18 00:00:00","3.0000","36.7500","36.7500","2012-11-17 23:00:00"
"24231","517","7","60","2012-11-02 00:00:00","2012-11-13 00:00:00","2012-11-02 00:00:00","2012-11-18 00:00:00","4.0000","49.0000","49.0000","2012-11-17 23:00:00"
"24232","518","6","50","2012-11-02 00:00:00","2012-11-13 00:00:00","2012-11-02 00:00:00","2012-11-18 00:00:00","3.0000","36.7500","36.7500","2012-11-17 23:00:00"
"24232","518","7","60","2012-11-02 00:00:00","2012-11-13 00:00:00","2012-11-02 00:00:00","2012-11-18 00:00:00","4.0000","49.0000","49.0000","2012-11-17 23:00:00"
"24233","519","6","50","2012-11-02 00:00:00","2012-11-13 00:00:00","2012-11-02 00:00:00","2012-11-18 00:00:00","3.0000","36.7500","36.7500","2012-11-17 23:00:00"
"24233","519","7","60","2012-11-02 00:00:00","2012-11-13 00:00:00","2012-11-02 00:00:00","2012-11-18 00:00:00","4.0000","49.0000","49.0000","2012-11-17 23:00:00"
"24255","747","1","10","2012-11-02 00:00:00","2012-11-13 00:00:00","2012-11-02 00:00:00","2012-11-18 00:00:00","4.1000","92.2500","92.2500","2012-11-17 23:00:00"
"24255","747","2","20","2012-11-02 00:00:00","2012-11-13 00:00:00","2012-11-02 00:00:00","2012-11-18 00:00:00","3.5000","87.5000","87.5000","2012-11-17 23:00:00"
"24255","747","3","30","2012-11-02 00:00:00","2012-11-13 00:00:00","2012-11-02 00:00:00","2012-11-18 00:00:00","1.0000","14.5000","14.5000","2012-11-17 23:00:00"
"24255","747","4","40","2012-11-02 00:00:00","2012-11-13 00:00:00","2012-11-02 00:00:00","2012-11-18 00:00:00","2.0000","31.5000","31.5000","2012-11-17 23:00:00"
"24255","747","6","50","2012-11-02 00:00:00","2012-11-13 00:00:00","2012-11-02 00:00:00","2012-11-18 00:00:00","3.0000","36.7500","36.7500","2012-11-17 23:00:00"
"24255","747","7","60","2012-11-02 00:00:00","2012-11-13 00:00:00","2012-11-02 00:00:00","2012-11-18 00:00:00","4.0000","49.0000","49.0000","2012-11-17 23:00:00"
"24256","748","1","10","2012-11-02 00:00:00","2012-11-13 00:00:00","2012-11-02 00:00:00","2012-11-18 00:00:00","4.1000","92.2500","92.2500","2012-11-17 23:00:00"
"24256","748","2","20","2012-11-02 00:00:00","2012-11-13 00:00:00","2012-11-02 00:00:00","2012-11-18 00:00:00","3.5000","87.5000","87.5000","2012-11-17 23:00:00"
"24256","748","3","30","2012-11-02 00:00:00","2012-11-13 00:00:00","2012-11-02 00:00:00","2012-11-18 00:00:00","1.0000","14.5000","14.5000","2012-11-17 23:00:00"
"24256","748","5","45","2012-11-02 00:00:00","2012-11-13 00:00:00","2012-11-02 00:00:00","2012-11-18 00:00:00","2.0000","36.0000","36.0000","2012-11-17 23:00:00"
"24256","748","6","50","2012-11-02 00:00:00","2012-11-13 00:00:00","2012-11-02 00:00:00","2012-11-18 00:00:00","3.0000","36.7500","36.7500","2012-11-17 23:00:00"
"24256","748","7","60","2012-11-02 00:00:00","2012-11-13 00:00:00","2012-11-02 00:00:00","2012-11-18 00:00:00","4.0000","49.0000","49.0000","2012-11-17 23:00:00"
"24257","806","6","50","2012-11-02 00:00:00","2012-11-13 00:00:00","2012-11-02 00:00:00","2012-11-18 00:00:00","3.0000","36.7500","36.7500","2012-11-17 23:00:00"
"24258","809","1","10","2012-11-02 00:00:00","2012-11-13 00:00:00","2012-11-02 00:00:00","2012-11-18 00:00:00","4.1000","92.2500","92.2500","2012-11-17 23:00:00"
"24258","809","2","20","2012-11-02 00:00:00","2012-11-13 00:00:00","2012-11-02 00:00:00","2012-11-18 00:00:00","3.5000","87.5000","87.5000","2012-11-17 23:00:00"
"24258","809","6","50","2012-11-02 00:00:00","2012-11-13 00:00:00","2012-11-02 00:00:00","2012-11-18 00:00:00","3.0000","36.7500","36.7500","2012-11-17 23:00:00"
"24259","810","1","10","2012-11-02 00:00:00","2012-11-13 00:00:00","2012-11-02 00:00:00","2012-11-18 00:00:00","4.1000","92.2500","92.2500","2012-11-17 23:00:00"
"24259","810","2","20","2012-11-02 00:00:00","2012-11-13 00:00:00","2012-11-02 00:00:00","2012-11-18 00:00:00","3.5000","87.5000","87.5000","2012-11-17 23:00:00"
"24259","810","6","50","2012-11-02 00:00:00","2012-11-13 00:00:00","2012-11-02 00:00:00","2012-11-18 00:00:00","3.0000","36.7500","36.7500","2012-11-17 23:00:00"
"24260","811","1","10","2012-11-02 00:00:00","2012-11-13 00:00:00","2012-11-02 00:00:00","2012-11-18 00:00:00","4.1000","92.2500","92.2500","2012-11-17 23:00:00"
"24260","811","2","20","2012-11-02 00:00:00","2012-11-13 00:00:00","2012-11-02 00:00:00","2012-11-18 00:00:00","3.5000","87.5000","87.5000","2012-11-17 23:00:00"
"24260","811","6","50","2012-11-02 00:00:00","2012-11-13 00:00:00","2012-11-02 00:00:00","2012-11-18 00:00:00","3.0000","36.7500","36.7500","2012-11-17 23:00:00"
"24261","812","1","10","2012-11-02 00:00:00","2012-11-13 00:00:00","2012-11-02 00:00:00","2012-11-18 00:00:00","4.1000","92.2500","92.2500","2012-11-17 23:00:00"
"24261","812","2","20","2012-11-02 00:00:00","2012-11-13 00:00:00","2012-11-02 00:00:00","2012-11-18 00:00:00","3.5000","87.5000","87.5000","2012-11-17 23:00:00"
"24261","812","6","50","2012-11-02 00:00:00","2012-11-13 00:00:00","2012-11-02 00:00:00","2012-11-18 00:00:00","3.0000","36.7500","36.7500","2012-11-17 23:00:00"
"24262","813","1","10","2012-11-02 00:00:00","2012-11-13 00:00:00","2012-11-02 00:00:00","2012-11-18 00:00:00","4.1000","92.2500","92.2500","2012-11-17 23:00:00"
"24262","813","2","20","2012-11-02 00:00:00","2012-11-13 00:00:00","2012-11-02 00:00:00","2012-11-18 00:00:00","3.5000","87.5000","87.5000","2012-11-17 23:00:00"
"24262","813","6","50","2012-11-02 00:00:00","2012-11-13 00:00:00","2012-11-02 00:00:00","2012-11-18 00:00:00","3.0000","36.7500","36.7500","2012-11-17 23:00:00"
"24263","814","1","10","2012-11-02 00:00:00","2012-11-13 00:00:00","2012-11-02 00:00:00","2012-11-18 00:00:00","4.1000","92.2500","92.2500","2012-11-17 23:00:00"
"24263","814","2","20","2012-11-02 00:00:00","2012-11-13 00:00:00","2012-11-02 00:00:00","2012-11-18 00:00:00","3.5000","87.5000","87.5000","2012-11-17 23:00:00"
"24263","814","3","30","2012-11-02 00:00:00","2012-11-13 00:00:00","2012-11-02 00:00:00","2012-11-18 00:00:00","1.0000","14.5000","14.5000","2012-11-17 23:00:00"
"24263","814","4","40","2012-11-02 00:00:00","2012-11-13 00:00:00","2012-11-02 00:00:00","2012-11-18 00:00:00","2.0000","31.5000","31.5000","2012-11-17 23:00:00"
"24263","814","6","50","2012-11-02 00:00:00","2012-11-13 00:00:00","2012-11-02 00:00:00","2012-11-18 00:00:00","3.0000","36.7500","36.7500","2012-11-17 23:00:00"
"24263","814","7","60","2012-11-02 00:00:00","2012-11-13 00:00:00","2012-11-02 00:00:00","2012-11-18 00:00:00","4.0000","49.0000","49.0000","2012-11-17 23:00:00"
"24264","816","6","50","2012-11-02 00:00:00","2012-11-13 00:00:00","2012-11-02 00:00:00","2012-11-18 00:00:00","3.0000","36.7500","36.7500","2012-11-17 23:00:00"
"24265","818","6","50","2012-11-02 00:00:00","2012-11-13 00:00:00","2012-11-02 00:00:00","2012-11-18 00:00:00","3.0000","36.7500","36.7500","2012-11-17 23:00:00"
"24266","819","6","50","2012-11-02 00:00:00","2012-11-13 00:00:00","2012-11-02 00:00:00","2012-11-18 00:00:00","3.0000","36.7500","36.7500","2012-11-17 23:00:00"
"24267","820","6","50","2012-11-02 00:00:00","2012-11-13 00:00:00","2012-11-02 00:00:00","2012-11-18 00:00:00","3.0000","36.7500","36.7500","2012-11-17 23:00:00"
"24268","822","1","10","2012-11-02 00:00:00","2012-11-13 00:00:00","2012-11-02 00:00:00","2012-11-18 00:00:00","4.1000","92.2500","92.2500","2012-11-17 23:00:00"
"24268","822","2","20","2012-11-02 00:00:00","2012-11-13 00:00:00","2012-11-02 00:00:00","2012-11-18 00:00:00","3.5000","87.5000","87.5000","2012-11-17 23:00:00"
"24268","822","3","30","2012-11-02 00:00:00","2012-11-13 00:00:00","2012-11-02 00:00:00","2012-11-18 00:00:00","1.0000","14.5000","14.5000","2012-11-17 23:00:00"
"24268","822","4","40","2012-11-02 00:00:00","2012-11-13 00:00:00","2012-11-02 00:00:00","2012-11-18 00:00:00","2.0000","31.5000","31.5000","2012-11-17 23:00:00"
"24268","822","6","50","2012-11-02 00:00:00","2012-11-13 00:00:00","2012-11-02 00:00:00","2012-11-18 00:00:00","3.0000","36.7500","36.7500","2012-11-17 23:00:00"
"24268","822","7","60","2012-11-02 00:00:00","2012-11-13 00:00:00","2012-11-02 00:00:00","2012-11-18 00:00:00","4.0000","49.0000","49.0000","2012-11-17 23:00:00"
"24269","824","6","50","2012-11-02 00:00:00","2012-11-13 00:00:00","2012-11-02 00:00:00","2012-11-18 00:00:00","3.0000","36.7500","36.7500","2012-11-17 23:00:00"
"24270","826","6","50","2012-11-02 00:00:00","2012-11-13 00:00:00","2012-11-02 00:00:00","2012-11-18 00:00:00","3.0000","36.7500","36.7500","2012-11-17 23:00:00"
"24271","827","6","50","2012-11-02 00:00:00","2012-11-13 00:00:00","2012-11-02 00:00:00","2012-11-18 00:00:00","3.0000","36.7500","36.7500","2012-11-17 23:00:00"
"24272","828","6","50","2012-11-02 00:00:00","2012-11-13 00:00:00","2012-11-02 00:00:00","2012-11-18 00:00:00","3.0000","36.7500","36.7500","2012-11-17 23:00:00"
"24283","894","6","50","2012-11-02 00:00:00","2012-11-13 00:00:00","2012-11-02 00:00:00","2012-11-18 00:00:00","3.0000","36.7500","36.7500","2012-11-17 23:00:00"
"24284","945","1","10","2012-11-02 00:00:00","2012-11-13 00:00:00","2012-11-02 00:00:00","2012-11-18 00:00:00","4.1000","92.2500","92.2500","2012-11-17 23:00:00"
"24284","945","6","50","2012-11-02 00:00:00","2012-11-13 00:00:00","2012-11-02 00:00:00","2012-11-18 00:00:00","3.0000","36.7500","36.7500","2012-11-17 23:00:00"
"24285","950","6","50","2012-11-02 00:00:00","2012-11-13 00:00:00","2012-11-02 00:00:00","2012-11-18 00:00:00","3.0000","36.7500","36.7500","2012-11-17 23:00:00"
"24286","994","6","50","2012-11-02 00:00:00","2012-11-13 00:00:00","2012-11-02 00:00:00","2012-11-18 00:00:00","3.0000","36.7500","36.7500","2012-11-17 23:00:00"
"24287","995","6","50","2012-11-02 00:00:00","2012-11-13 00:00:00","2012-11-02 00:00:00","2012-11-18 00:00:00","3.0000","36.7500","36.7500","2012-11-17 23:00:00"
"24288","996","6","50","2012-11-02 00:00:00","2012-11-13 00:00:00","2012-11-02 00:00:00","2012-11-18 00:00:00","3.0000","36.7500","36.7500","2012-11-17 23:00:00"
"24302","802","1","10","2012-11-02 00:00:00","2012-11-13 00:00:00","2012-11-02 00:00:00","2012-11-18 00:00:00","4.1000","92.2500","92.2500","2012-11-17 23:00:00"
"24302","802","6","50","2012-11-02 00:00:00","2012-11-13 00:00:00","2012-11-02 00:00:00","2012-11-18 00:00:00","3.0000","36.7500","36.7500","2012-11-17 23:00:00"
"24303","803","1","10","2012-11-02 00:00:00","2012-11-13 00:00:00","2012-11-02 00:00:00","2012-11-18 00:00:00","4.1000","92.2500","92.2500","2012-11-17 23:00:00"
"24303","803","6","50","2012-11-02 00:00:00","2012-11-13 00:00:00","2012-11-02 00:00:00","2012-11-18 00:00:00","3.0000","36.7500","36.7500","2012-11-17 23:00:00"
"24304","804","1","10","2012-11-02 00:00:00","2012-11-13 00:00:00","2012-11-02 00:00:00","2012-11-18 00:00:00","4.1000","92.2500","92.2500","2012-11-17 23:00:00"
"24304","804","6","50","2012-11-02 00:00:00","2012-11-13 00:00:00","2012-11-02 00:00:00","2012-11-18 00:00:00","3.0000","36.7500","36.7500","2012-11-17 23:00:00"
"24309","759","7","60","2012-11-03 00:00:00","2012-11-14 00:00:00","2012-11-08 00:00:00","2012-11-14 00:00:00","4.0000","49.0000","49.0000","2012-11-13 23:00:00"
"24310","768","7","60","2012-11-03 00:00:00","2012-11-14 00:00:00","2012-11-08 00:00:00","2012-11-14 00:00:00","4.0000","49.0000","49.0000","2012-11-13 23:00:00"
"24311","770","7","60","2012-11-03 00:00:00","2012-11-14 00:00:00","2012-11-08 00:00:00","2012-11-14 00:00:00","4.0000","49.0000","49.0000","2012-11-13 23:00:00"
"24312","779","7","60","2012-11-03 00:00:00","2012-11-14 00:00:00","2012-11-08 00:00:00","2012-11-14 00:00:00","4.0000","49.0000","49.0000","2012-11-13 23:00:00"
"24313","781","7","60","2012-11-03 00:00:00","2012-11-14 00:00:00","2012-11-08 00:00:00","2012-11-14 00:00:00","4.0000","49.0000","49.0000","2012-11-13 23:00:00"
"24314","789","7","60","2012-11-03 00:00:00","2012-11-14 00:00:00","2012-11-08 00:00:00","2012-11-14 00:00:00","4.0000","49.0000","49.0000","2012-11-13 23:00:00"
"24315","790","7","60","2012-11-03 00:00:00","2012-11-14 00:00:00","2012-11-08 00:00:00","2012-11-14 00:00:00","4.0000","49.0000","49.0000","2012-11-13 23:00:00"
"24316","792","7","60","2012-11-03 00:00:00","2012-11-14 00:00:00","2012-11-08 00:00:00","2012-11-14 00:00:00","4.0000","49.0000","49.0000","2012-11-13 23:00:00"
"24317","798","7","60","2012-11-03 00:00:00","2012-11-14 00:00:00","2012-11-08 00:00:00","2012-11-14 00:00:00","4.0000","49.0000","49.0000","2012-11-13 23:00:00"
"24318","516","6","50","2012-11-03 00:00:00","2012-11-14 00:00:00","2012-11-08 00:00:00","2012-11-14 00:00:00","3.0000","36.7500","36.7500","2012-11-13 23:00:00"
"24318","516","7","60","2012-11-03 00:00:00","2012-11-14 00:00:00","2012-11-08 00:00:00","2012-11-14 00:00:00","4.0000","49.0000","49.0000","2012-11-13 23:00:00"
"24319","517","6","50","2012-11-03 00:00:00","2012-11-14 00:00:00","2012-11-08 00:00:00","2012-11-14 00:00:00","3.0000","36.7500","36.7500","2012-11-13 23:00:00"
"24319","517","7","60","2012-11-03 00:00:00","2012-11-14 00:00:00","2012-11-08 00:00:00","2012-11-14 00:00:00","4.0000","49.0000","49.0000","2012-11-13 23:00:00"
"24320","518","6","50","2012-11-03 00:00:00","2012-11-14 00:00:00","2012-11-08 00:00:00","2012-11-14 00:00:00","3.0000","36.7500","36.7500","2012-11-13 23:00:00"
"24320","518","7","60","2012-11-03 00:00:00","2012-11-14 00:00:00","2012-11-08 00:00:00","2012-11-14 00:00:00","4.0000","49.0000","49.0000","2012-11-13 23:00:00"
"24321","519","6","50","2012-11-03 00:00:00","2012-11-14 00:00:00","2012-11-08 00:00:00","2012-11-14 00:00:00","3.0000","36.7500","36.7500","2012-11-13 23:00:00"
"24321","519","7","60","2012-11-03 00:00:00","2012-11-14 00:00:00","2012-11-08 00:00:00","2012-11-14 00:00:00","4.0000","49.0000","49.0000","2012-11-13 23:00:00"
"24329","748","1","10","2012-11-03 00:00:00","2012-11-14 00:00:00","2012-11-08 00:00:00","2012-11-14 00:00:00","4.1000","92.2500","92.2500","2012-11-13 23:00:00"
"24329","748","2","20","2012-11-03 00:00:00","2012-11-14 00:00:00","2012-11-08 00:00:00","2012-11-14 00:00:00","3.5000","87.5000","87.5000","2012-11-13 23:00:00"
"24329","748","3","30","2012-11-03 00:00:00","2012-11-14 00:00:00","2012-11-08 00:00:00","2012-11-14 00:00:00","1.0000","14.5000","14.5000","2012-11-13 23:00:00"
"24329","748","5","45","2012-11-03 00:00:00","2012-11-14 00:00:00","2012-11-08 00:00:00","2012-11-14 00:00:00","2.0000","36.0000","36.0000","2012-11-13 23:00:00"
"24329","748","6","50","2012-11-03 00:00:00","2012-11-14 00:00:00","2012-11-08 00:00:00","2012-11-14 00:00:00","3.0000","36.7500","36.7500","2012-11-13 23:00:00"
"24329","748","7","60","2012-11-03 00:00:00","2012-11-14 00:00:00","2012-11-08 00:00:00","2012-11-14 00:00:00","4.0000","49.0000","49.0000","2012-11-13 23:00:00"
"24330","806","6","50","2012-11-03 00:00:00","2012-11-14 00:00:00","2012-11-08 00:00:00","2012-11-14 00:00:00","3.0000","36.7500","36.7500","2012-11-13 23:00:00"
"24331","810","1","10","2012-11-03 00:00:00","2012-11-14 00:00:00","2012-11-08 00:00:00","2012-11-14 00:00:00","4.1000","92.2500","92.2500","2012-11-13 23:00:00"
"24331","810","2","20","2012-11-03 00:00:00","2012-11-14 00:00:00","2012-11-08 00:00:00","2012-11-14 00:00:00","3.5000","87.5000","87.5000","2012-11-13 23:00:00"
"24331","810","6","50","2012-11-03 00:00:00","2012-11-14 00:00:00","2012-11-08 00:00:00","2012-11-14 00:00:00","3.0000","36.7500","36.7500","2012-11-13 23:00:00"
"24332","811","1","10","2012-11-03 00:00:00","2012-11-14 00:00:00","2012-11-08 00:00:00","2012-11-14 00:00:00","4.1000","92.2500","92.2500","2012-11-13 23:00:00"
"24332","811","2","20","2012-11-03 00:00:00","2012-11-14 00:00:00","2012-11-08 00:00:00","2012-11-14 00:00:00","3.5000","87.5000","87.5000","2012-11-13 23:00:00"
"24332","811","6","50","2012-11-03 00:00:00","2012-11-14 00:00:00","2012-11-08 00:00:00","2012-11-14 00:00:00","3.0000","36.7500","36.7500","2012-11-13 23:00:00"
"24333","812","1","10","2012-11-03 00:00:00","2012-11-14 00:00:00","2012-11-08 00:00:00","2012-11-14 00:00:00","4.1000","92.2500","92.2500","2012-11-13 23:00:00"
"24333","812","2","20","2012-11-03 00:00:00","2012-11-14 00:00:00","2012-11-08 00:00:00","2012-11-14 00:00:00","3.5000","87.5000","87.5000","2012-11-13 23:00:00"
"24333","812","6","50","2012-11-03 00:00:00","2012-11-14 00:00:00","2012-11-08 00:00:00","2012-11-14 00:00:00","3.0000","36.7500","36.7500","2012-11-13 23:00:00"
"24334","813","1","10","2012-11-03 00:00:00","2012-11-14 00:00:00","2012-11-08 00:00:00","2012-11-14 00:00:00","4.1000","92.2500","92.2500","2012-11-13 23:00:00"
"24334","813","2","20","2012-11-03 00:00:00","2012-11-14 00:00:00","2012-11-08 00:00:00","2012-11-14 00:00:00","3.5000","87.5000","87.5000","2012-11-13 23:00:00"
"24334","813","6","50","2012-11-03 00:00:00","2012-11-14 00:00:00","2012-11-08 00:00:00","2012-11-14 00:00:00","3.0000","36.7500","36.7500","2012-11-13 23:00:00"
"24335","816","6","50","2012-11-03 00:00:00","2012-11-14 00:00:00","2012-11-08 00:00:00","2012-11-14 00:00:00","3.0000","36.7500","36.7500","2012-11-13 23:00:00"
"24336","818","6","50","2012-11-03 00:00:00","2012-11-14 00:00:00","2012-11-08 00:00:00","2012-11-14 00:00:00","3.0000","36.7500","36.7500","2012-11-13 23:00:00"
"24337","819","6","50","2012-11-03 00:00:00","2012-11-14 00:00:00","2012-11-08 00:00:00","2012-11-14 00:00:00","3.0000","36.7500","36.7500","2012-11-13 23:00:00"
"24338","820","6","50","2012-11-03 00:00:00","2012-11-14 00:00:00","2012-11-08 00:00:00","2012-11-14 00:00:00","3.0000","36.7500","36.7500","2012-11-13 23:00:00"
"24339","824","6","50","2012-11-03 00:00:00","2012-11-14 00:00:00","2012-11-08 00:00:00","2012-11-14 00:00:00","3.0000","36.7500","36.7500","2012-11-13 23:00:00"
"24340","826","6","50","2012-11-03 00:00:00","2012-11-14 00:00:00","2012-11-08 00:00:00","2012-11-14 00:00:00","3.0000","36.7500","36.7500","2012-11-13 23:00:00"
"24341","827","6","50","2012-11-03 00:00:00","2012-11-14 00:00:00","2012-11-08 00:00:00","2012-11-14 00:00:00","3.0000","36.7500","36.7500","2012-11-13 23:00:00"
"24342","828","6","50","2012-11-03 00:00:00","2012-11-14 00:00:00","2012-11-08 00:00:00","2012-11-14 00:00:00","3.0000","36.7500","36.7500","2012-11-13 23:00:00"
"24344","894","6","50","2012-11-03 00:00:00","2012-11-14 00:00:00","2012-11-08 00:00:00","2012-11-14 00:00:00","3.0000","36.7500","36.7500","2012-11-13 23:00:00"
"24345","945","1","10","2012-11-03 00:00:00","2012-11-14 00:00:00","2012-11-08 00:00:00","2012-11-14 00:00:00","4.1000","92.2500","92.2500","2012-11-13 23:00:00"
"24345","945","6","50","2012-11-03 00:00:00","2012-11-14 00:00:00","2012-11-08 00:00:00","2012-11-14 00:00:00","3.0000","36.7500","36.7500","2012-11-13 23:00:00"
"24346","950","6","50","2012-11-03 00:00:00","2012-11-14 00:00:00","2012-11-08 00:00:00","2012-11-14 00:00:00","3.0000","36.7500","36.7500","2012-11-13 23:00:00"
"24347","994","6","50","2012-11-03 00:00:00","2012-11-14 00:00:00","2012-11-08 00:00:00","2012-11-14 00:00:00","3.0000","36.7500","36.7500","2012-11-13 23:00:00"
"24348","995","6","50","2012-11-03 00:00:00","2012-11-14 00:00:00","2012-11-08 00:00:00","2012-11-14 00:00:00","3.0000","36.7500","36.7500","2012-11-13 23:00:00"
"24349","996","6","50","2012-11-03 00:00:00","2012-11-14 00:00:00","2012-11-08 00:00:00","2012-11-14 00:00:00","3.0000","36.7500","36.7500","2012-11-13 23:00:00"
"24363","802","1","10","2012-11-03 00:00:00","2012-11-14 00:00:00","2012-11-08 00:00:00","2012-11-14 00:00:00","4.1000","92.2500","92.2500","2012-11-13 23:00:00"
"24363","802","6","50","2012-11-03 00:00:00","2012-11-14 00:00:00","2012-11-08 00:00:00","2012-11-14 00:00:00","3.0000","36.7500","36.7500","2012-11-13 23:00:00"
"24364","803","1","10","2012-11-03 00:00:00","2012-11-14 00:00:00","2012-11-08 00:00:00","2012-11-14 00:00:00","4.1000","92.2500","92.2500","2012-11-13 23:00:00"
"24364","803","6","50","2012-11-03 00:00:00","2012-11-14 00:00:00","2012-11-08 00:00:00","2012-11-14 00:00:00","3.0000","36.7500","36.7500","2012-11-13 23:00:00"
"24365","804","1","10","2012-11-03 00:00:00","2012-11-14 00:00:00","2012-11-08 00:00:00","2012-11-14 00:00:00","4.1000","92.2500","92.2500","2012-11-13 23:00:00"
"24365","804","6","50","2012-11-03 00:00:00","2012-11-14 00:00:00","2012-11-08 00:00:00","2012-11-14 00:00:00","3.0000","36.7500","36.7500","2012-11-13 23:00:00"
"24370","769","7","60","2012-11-04 00:00:00","2012-11-15 00:00:00","2012-11-04 00:00:00","2012-11-22 00:00:00","4.0000","49.0000","49.0000","2012-11-21 23:00:00"
"24371","779","7","60","2012-11-04 00:00:00","2012-11-15 00:00:00","2012-11-04 00:00:00","2012-11-22 00:00:00","4.0000","49.0000","49.0000","2012-11-21 23:00:00"
"24372","780","7","60","2012-11-04 00:00:00","2012-11-15 00:00:00","2012-11-04 00:00:00","2012-11-22 00:00:00","4.0000","49.0000","49.0000","2012-11-21 23:00:00"
"24373","783","7","60","2012-11-04 00:00:00","2012-11-15 00:00:00","2012-11-04 00:00:00","2012-11-22 00:00:00","4.0000","49.0000","49.0000","2012-11-21 23:00:00"
"24374","792","7","60","2012-11-04 00:00:00","2012-11-15 00:00:00","2012-11-04 00:00:00","2012-11-22 00:00:00","4.0000","49.0000","49.0000","2012-11-21 23:00:00"
"24375","795","7","60","2012-11-04 00:00:00","2012-11-15 00:00:00","2012-11-04 00:00:00","2012-11-22 00:00:00","4.0000","49.0000","49.0000","2012-11-21 23:00:00"
"24376","796","7","60","2012-11-04 00:00:00","2012-11-15 00:00:00","2012-11-04 00:00:00","2012-11-22 00:00:00","4.0000","49.0000","49.0000","2012-11-21 23:00:00"
"24377","798","7","60","2012-11-04 00:00:00","2012-11-15 00:00:00","2012-11-04 00:00:00","2012-11-22 00:00:00","4.0000","49.0000","49.0000","2012-11-21 23:00:00"
"24378","800","7","60","2012-11-04 00:00:00","2012-11-15 00:00:00","2012-11-04 00:00:00","2012-11-22 00:00:00","4.0000","49.0000","49.0000","2012-11-21 23:00:00"
"24379","801","7","60","2012-11-04 00:00:00","2012-11-15 00:00:00","2012-11-04 00:00:00","2012-11-22 00:00:00","4.0000","49.0000","49.0000","2012-11-21 23:00:00"
"24380","516","6","50","2012-11-04 00:00:00","2012-11-15 00:00:00","2012-11-04 00:00:00","2012-11-22 00:00:00","3.0000","36.7500","36.7500","2012-11-21 23:00:00"
"24380","516","7","60","2012-11-04 00:00:00","2012-11-15 00:00:00","2012-11-04 00:00:00","2012-11-22 00:00:00","4.0000","49.0000","49.0000","2012-11-21 23:00:00"
"24381","517","6","50","2012-11-04 00:00:00","2012-11-15 00:00:00","2012-11-04 00:00:00","2012-11-22 00:00:00","3.0000","36.7500","36.7500","2012-11-21 23:00:00"
"24381","517","7","60","2012-11-04 00:00:00","2012-11-15 00:00:00","2012-11-04 00:00:00","2012-11-22 00:00:00","4.0000","49.0000","49.0000","2012-11-21 23:00:00"
"24382","518","6","50","2012-11-04 00:00:00","2012-11-15 00:00:00","2012-11-04 00:00:00","2012-11-22 00:00:00","3.0000","36.7500","36.7500","2012-11-21 23:00:00"
"24382","518","7","60","2012-11-04 00:00:00","2012-11-15 00:00:00","2012-11-04 00:00:00","2012-11-22 00:00:00","4.0000","49.0000","49.0000","2012-11-21 23:00:00"
"24383","519","6","50","2012-11-04 00:00:00","2012-11-15 00:00:00","2012-11-04 00:00:00","2012-11-22 00:00:00","3.0000","36.7500","36.7500","2012-11-21 23:00:00"
"24383","519","7","60","2012-11-04 00:00:00","2012-11-15 00:00:00","2012-11-04 00:00:00","2012-11-22 00:00:00","4.0000","49.0000","49.0000","2012-11-21 23:00:00"
"24389","748","1","10","2012-11-04 00:00:00","2012-11-15 00:00:00","2012-11-04 00:00:00","2012-11-22 00:00:00","4.1000","92.2500","92.2500","2012-11-21 23:00:00"
"24389","748","2","20","2012-11-04 00:00:00","2012-11-15 00:00:00","2012-11-04 00:00:00","2012-11-22 00:00:00","3.5000","87.5000","87.5000","2012-11-21 23:00:00"
"24389","748","3","30","2012-11-04 00:00:00","2012-11-15 00:00:00","2012-11-04 00:00:00","2012-11-22 00:00:00","1.0000","14.5000","14.5000","2012-11-21 23:00:00"
"24389","748","5","45","2012-11-04 00:00:00","2012-11-15 00:00:00","2012-11-04 00:00:00","2012-11-22 00:00:00","2.0000","36.0000","36.0000","2012-11-21 23:00:00"
"24389","748","6","50","2012-11-04 00:00:00","2012-11-15 00:00:00","2012-11-04 00:00:00","2012-11-22 00:00:00","3.0000","36.7500","36.7500","2012-11-21 23:00:00"
"24389","748","7","60","2012-11-04 00:00:00","2012-11-15 00:00:00","2012-11-04 00:00:00","2012-11-22 00:00:00","4.0000","49.0000","49.0000","2012-11-21 23:00:00"
"24390","806","6","50","2012-11-04 00:00:00","2012-11-15 00:00:00","2012-11-04 00:00:00","2012-11-22 00:00:00","3.0000","36.7500","36.7500","2012-11-21 23:00:00"
"24391","810","1","10","2012-11-04 00:00:00","2012-11-15 00:00:00","2012-11-04 00:00:00","2012-11-22 00:00:00","4.1000","92.2500","92.2500","2012-11-21 23:00:00"
"24391","810","2","20","2012-11-04 00:00:00","2012-11-15 00:00:00","2012-11-04 00:00:00","2012-11-22 00:00:00","3.5000","87.5000","87.5000","2012-11-21 23:00:00"
"24391","810","6","50","2012-11-04 00:00:00","2012-11-15 00:00:00","2012-11-04 00:00:00","2012-11-22 00:00:00","3.0000","36.7500","36.7500","2012-11-21 23:00:00"
"24392","811","1","10","2012-11-04 00:00:00","2012-11-15 00:00:00","2012-11-04 00:00:00","2012-11-22 00:00:00","4.1000","92.2500","92.2500","2012-11-21 23:00:00"
"24392","811","2","20","2012-11-04 00:00:00","2012-11-15 00:00:00","2012-11-04 00:00:00","2012-11-22 00:00:00","3.5000","87.5000","87.5000","2012-11-21 23:00:00"
"24392","811","6","50","2012-11-04 00:00:00","2012-11-15 00:00:00","2012-11-04 00:00:00","2012-11-22 00:00:00","3.0000","36.7500","36.7500","2012-11-21 23:00:00"
"24393","812","1","10","2012-11-04 00:00:00","2012-11-15 00:00:00","2012-11-04 00:00:00","2012-11-22 00:00:00","4.1000","92.2500","92.2500","2012-11-21 23:00:00"
"24393","812","2","20","2012-11-04 00:00:00","2012-11-15 00:00:00","2012-11-04 00:00:00","2012-11-22 00:00:00","3.5000","87.5000","87.5000","2012-11-21 23:00:00"
"24393","812","6","50","2012-11-04 00:00:00","2012-11-15 00:00:00","2012-11-04 00:00:00","2012-11-22 00:00:00","3.0000","36.7500","36.7500","2012-11-21 23:00:00"
"24394","813","1","10","2012-11-04 00:00:00","2012-11-15 00:00:00","2012-11-04 00:00:00","2012-11-22 00:00:00","4.1000","92.2500","92.2500","2012-11-21 23:00:00"
"24394","813","2","20","2012-11-04 00:00:00","2012-11-15 00:00:00","2012-11-04 00:00:00","2012-11-22 00:00:00","3.5000","87.5000","87.5000","2012-11-21 23:00:00"
"24394","813","6","50","2012-11-04 00:00:00","2012-11-15 00:00:00","2012-11-04 00:00:00","2012-11-22 00:00:00","3.0000","36.7500","36.7500","2012-11-21 23:00:00"
"24395","816","6","50","2012-11-04 00:00:00","2012-11-15 00:00:00","2012-11-04 00:00:00","2012-11-22 00:00:00","3.0000","36.7500","36.7500","2012-11-21 23:00:00"
"24396","818","6","50","2012-11-04 00:00:00","2012-11-15 00:00:00","2012-11-04 00:00:00","2012-11-22 00:00:00","3.0000","36.7500","36.7500","2012-11-21 23:00:00"
"24397","819","6","50","2012-11-04 00:00:00","2012-11-15 00:00:00","2012-11-04 00:00:00","2012-11-22 00:00:00","3.0000","36.7500","36.7500","2012-11-21 23:00:00"
"24398","820","6","50","2012-11-04 00:00:00","2012-11-15 00:00:00","2012-11-04 00:00:00","2012-11-22 00:00:00","3.0000","36.7500","36.7500","2012-11-21 23:00:00"
"24399","824","6","50","2012-11-04 00:00:00","2012-11-15 00:00:00","2012-11-04 00:00:00","2012-11-22 00:00:00","3.0000","36.7500","36.7500","2012-11-21 23:00:00"
"24400","826","6","50","2012-11-04 00:00:00","2012-11-15 00:00:00","2012-11-04 00:00:00","2012-11-22 00:00:00","3.0000","36.7500","36.7500","2012-11-21 23:00:00"
"24401","827","6","50","2012-11-04 00:00:00","2012-11-15 00:00:00","2012-11-04 00:00:00","2012-11-22 00:00:00","3.0000","36.7500","36.7500","2012-11-21 23:00:00"
"24402","828","6","50","2012-11-04 00:00:00","2012-11-15 00:00:00","2012-11-04 00:00:00","2012-11-22 00:00:00","3.0000","36.7500","36.7500","2012-11-21 23:00:00"
"24407","894","6","50","2012-11-04 00:00:00","2012-11-15 00:00:00","2012-11-04 00:00:00","2012-11-22 00:00:00","3.0000","36.7500","36.7500","2012-11-21 23:00:00"
"24408","945","1","10","2012-11-04 00:00:00","2012-11-15 00:00:00","2012-11-04 00:00:00","2012-11-22 00:00:00","4.1000","92.2500","92.2500","2012-11-21 23:00:00"
"24408","945","6","50","2012-11-04 00:00:00","2012-11-15 00:00:00","2012-11-04 00:00:00","2012-11-22 00:00:00","3.0000","36.7500","36.7500","2012-11-21 23:00:00"
"24409","950","6","50","2012-11-04 00:00:00","2012-11-15 00:00:00","2012-11-04 00:00:00","2012-11-22 00:00:00","3.0000","36.7500","36.7500","2012-11-21 23:00:00"
"24410","994","6","50","2012-11-04 00:00:00","2012-11-15 00:00:00","2012-11-04 00:00:00","2012-11-22 00:00:00","3.0000","36.7500","36.7500","2012-11-21 23:00:00"
"24411","995","6","50","2012-11-04 00:00:00","2012-11-15 00:00:00","2012-11-04 00:00:00","2012-11-22 00:00:00","3.0000","36.7500","36.7500","2012-11-21 23:00:00"
"24412","996","6","50","2012-11-04 00:00:00","2012-11-15 00:00:00","2012-11-04 00:00:00","2012-11-22 00:00:00","3.0000","36.7500","36.7500","2012-11-21 23:00:00"
"24426","802","1","10","2012-11-04 00:00:00","2012-11-15 00:00:00","2012-11-04 00:00:00","2012-11-22 00:00:00","4.1000","92.2500","92.2500","2012-11-21 23:00:00"
"24426","802","6","50","2012-11-04 00:00:00","2012-11-15 00:00:00","2012-11-04 00:00:00","2012-11-22 00:00:00","3.0000","36.7500","36.7500","2012-11-21 23:00:00"
"24427","803","1","10","2012-11-04 00:00:00","2012-11-15 00:00:00","2012-11-04 00:00:00","2012-11-22 00:00:00","4.1000","92.2500","92.2500","2012-11-21 23:00:00"
"24427","803","6","50","2012-11-04 00:00:00","2012-11-15 00:00:00","2012-11-04 00:00:00","2012-11-22 00:00:00","3.0000","36.7500","36.7500","2012-11-21 23:00:00"
"24428","804","1","10","2012-11-04 00:00:00","2012-11-15 00:00:00","2012-11-04 00:00:00","2012-11-22 00:00:00","4.1000","92.2500","92.2500","2012-11-21 23:00:00"
"24428","804","6","50","2012-11-04 00:00:00","2012-11-15 00:00:00","2012-11-04 00:00:00","2012-11-22 00:00:00","3.0000","36.7500","36.7500","2012-11-21 23:00:00"
"24433","761","7","60","2012-11-05 00:00:00","2012-11-16 00:00:00","2012-11-12 00:00:00","2012-11-16 00:00:00","4.0000","49.0000","49.0000","2012-11-15 23:00:00"
"24434","784","7","60","2012-11-05 00:00:00","2012-11-16 00:00:00","2012-11-12 00:00:00","2012-11-16 00:00:00","4.0000","49.0000","49.0000","2012-11-15 23:00:00"
"24435","801","7","60","2012-11-05 00:00:00","2012-11-16 00:00:00","2012-11-12 00:00:00","2012-11-16 00:00:00","4.0000","49.0000","49.0000","2012-11-15 23:00:00"
"24436","516","6","50","2012-11-05 00:00:00","2012-11-16 00:00:00","2012-11-12 00:00:00","2012-11-16 00:00:00","3.0000","36.7500","36.7500","2012-11-15 23:00:00"
"24436","516","7","60","2012-11-05 00:00:00","2012-11-16 00:00:00","2012-11-12 00:00:00","2012-11-16 00:00:00","4.0000","49.0000","49.0000","2012-11-15 23:00:00"
"24437","517","6","50","2012-11-05 00:00:00","2012-11-16 00:00:00","2012-11-12 00:00:00","2012-11-16 00:00:00","3.0000","36.7500","36.7500","2012-11-15 23:00:00"
"24437","517","7","60","2012-11-05 00:00:00","2012-11-16 00:00:00","2012-11-12 00:00:00","2012-11-16 00:00:00","4.0000","49.0000","49.0000","2012-11-15 23:00:00"
"24438","518","6","50","2012-11-05 00:00:00","2012-11-16 00:00:00","2012-11-12 00:00:00","2012-11-16 00:00:00","3.0000","36.7500","36.7500","2012-11-15 23:00:00"
"24438","518","7","60","2012-11-05 00:00:00","2012-11-16 00:00:00","2012-11-12 00:00:00","2012-11-16 00:00:00","4.0000","49.0000","49.0000","2012-11-15 23:00:00"
"24441","806","6","50","2012-11-05 00:00:00","2012-11-16 00:00:00","2012-11-12 00:00:00","2012-11-16 00:00:00","3.0000","36.7500","36.7500","2012-11-15 23:00:00"
"24442","810","1","10","2012-11-05 00:00:00","2012-11-16 00:00:00","2012-11-12 00:00:00","2012-11-16 00:00:00","4.1000","92.2500","92.2500","2012-11-15 23:00:00"
"24442","810","2","20","2012-11-05 00:00:00","2012-11-16 00:00:00","2012-11-12 00:00:00","2012-11-16 00:00:00","3.5000","87.5000","87.5000","2012-11-15 23:00:00"
"24442","810","6","50","2012-11-05 00:00:00","2012-11-16 00:00:00","2012-11-12 00:00:00","2012-11-16 00:00:00","3.0000","36.7500","36.7500","2012-11-15 23:00:00"
"24443","811","1","10","2012-11-05 00:00:00","2012-11-16 00:00:00","2012-11-12 00:00:00","2012-11-16 00:00:00","4.1000","92.2500","92.2500","2012-11-15 23:00:00"
"24443","811","2","20","2012-11-05 00:00:00","2012-11-16 00:00:00","2012-11-12 00:00:00","2012-11-16 00:00:00","3.5000","87.5000","87.5000","2012-11-15 23:00:00"
"24443","811","6","50","2012-11-05 00:00:00","2012-11-16 00:00:00","2012-11-12 00:00:00","2012-11-16 00:00:00","3.0000","36.7500","36.7500","2012-11-15 23:00:00"
"24444","812","1","10","2012-11-05 00:00:00","2012-11-16 00:00:00","2012-11-12 00:00:00","2012-11-16 00:00:00","4.1000","92.2500","92.2500","2012-11-15 23:00:00"
"24444","812","2","20","2012-11-05 00:00:00","2012-11-16 00:00:00","2012-11-12 00:00:00","2012-11-16 00:00:00","3.5000","87.5000","87.5000","2012-11-15 23:00:00"
"24444","812","6","50","2012-11-05 00:00:00","2012-11-16 00:00:00","2012-11-12 00:00:00","2012-11-16 00:00:00","3.0000","36.7500","36.7500","2012-11-15 23:00:00"
"24445","816","6","50","2012-11-05 00:00:00","2012-11-16 00:00:00","2012-11-12 00:00:00","2012-11-16 00:00:00","3.0000","36.7500","36.7500","2012-11-15 23:00:00"
"24446","818","6","50","2012-11-05 00:00:00","2012-11-16 00:00:00","2012-11-12 00:00:00","2012-11-16 00:00:00","3.0000","36.7500","36.7500","2012-11-15 23:00:00"
"24447","819","6","50","2012-11-05 00:00:00","2012-11-16 00:00:00","2012-11-12 00:00:00","2012-11-16 00:00:00","3.0000","36.7500","36.7500","2012-11-15 23:00:00"
"24448","824","6","50","2012-11-05 00:00:00","2012-11-16 00:00:00","2012-11-12 00:00:00","2012-11-16 00:00:00","3.0000","36.7500","36.7500","2012-11-15 23:00:00"
"24449","826","6","50","2012-11-05 00:00:00","2012-11-16 00:00:00","2012-11-12 00:00:00","2012-11-16 00:00:00","3.0000","36.7500","36.7500","2012-11-15 23:00:00"
"24450","827","6","50","2012-11-05 00:00:00","2012-11-16 00:00:00","2012-11-12 00:00:00","2012-11-16 00:00:00","3.0000","36.7500","36.7500","2012-11-15 23:00:00"
"24452","894","6","50","2012-11-05 00:00:00","2012-11-16 00:00:00","2012-11-12 00:00:00","2012-11-16 00:00:00","3.0000","36.7500","36.7500","2012-11-15 23:00:00"
"24453","945","1","10","2012-11-05 00:00:00","2012-11-16 00:00:00","2012-11-12 00:00:00","2012-11-16 00:00:00","4.1000","92.2500","92.2500","2012-11-15 23:00:00"
"24453","945","6","50","2012-11-05 00:00:00","2012-11-16 00:00:00","2012-11-12 00:00:00","2012-11-16 00:00:00","3.0000","36.7500","36.7500","2012-11-15 23:00:00"
"24454","950","6","50","2012-11-05 00:00:00","2012-11-16 00:00:00","2012-11-12 00:00:00","2012-11-16 00:00:00","3.0000","36.7500","36.7500","2012-11-15 23:00:00"
"24455","994","6","50","2012-11-05 00:00:00","2012-11-16 00:00:00","2012-11-12 00:00:00","2012-11-16 00:00:00","3.0000","36.7500","36.7500","2012-11-15 23:00:00"
"24456","995","6","50","2012-11-05 00:00:00","2012-11-16 00:00:00","2012-11-12 00:00:00","2012-11-16 00:00:00","3.0000","36.7500","36.7500","2012-11-15 23:00:00"
"24470","802","1","10","2012-11-05 00:00:00","2012-11-16 00:00:00","2012-11-12 00:00:00","2012-11-16 00:00:00","4.1000","92.2500","92.2500","2012-11-15 23:00:00"
"24470","802","6","50","2012-11-05 00:00:00","2012-11-16 00:00:00","2012-11-12 00:00:00","2012-11-16 00:00:00","3.0000","36.7500","36.7500","2012-11-15 23:00:00"
"24471","803","1","10","2012-11-05 00:00:00","2012-11-16 00:00:00","2012-11-12 00:00:00","2012-11-16 00:00:00","4.1000","92.2500","92.2500","2012-11-15 23:00:00"
"24471","803","6","50","2012-11-05 00:00:00","2012-11-16 00:00:00","2012-11-12 00:00:00","2012-11-16 00:00:00","3.0000","36.7500","36.7500","2012-11-15 23:00:00"
"24472","804","1","10","2012-11-05 00:00:00","2012-11-16 00:00:00","2012-11-12 00:00:00","2012-11-16 00:00:00","4.1000","92.2500","92.2500","2012-11-15 23:00:00"
"24472","804","6","50","2012-11-05 00:00:00","2012-11-16 00:00:00","2012-11-12 00:00:00","2012-11-16 00:00:00","3.0000","36.7500","36.7500","2012-11-15 23:00:00"
"24477","762","7","60","2012-11-06 00:00:00","2012-11-17 00:00:00","2012-11-06 00:00:00","2012-11-26 00:00:00","4.0000","49.0000","49.0000","2012-11-25 23:00:00"
"24478","767","7","60","2012-11-06 00:00:00","2012-11-17 00:00:00","2012-11-06 00:00:00","2012-11-26 00:00:00","4.0000","49.0000","49.0000","2012-11-25 23:00:00"
"24479","768","7","60","2012-11-06 00:00:00","2012-11-17 00:00:00","2012-11-06 00:00:00","2012-11-26 00:00:00","4.0000","49.0000","49.0000","2012-11-25 23:00:00"
"24480","770","7","60","2012-11-06 00:00:00","2012-11-17 00:00:00","2012-11-06 00:00:00","2012-11-26 00:00:00","4.0000","49.0000","49.0000","2012-11-25 23:00:00"
"24481","779","7","60","2012-11-06 00:00:00","2012-11-17 00:00:00","2012-11-06 00:00:00","2012-11-26 00:00:00","4.0000","49.0000","49.0000","2012-11-25 23:00:00"
"24482","782","7","60","2012-11-06 00:00:00","2012-11-17 00:00:00","2012-11-06 00:00:00","2012-11-26 00:00:00","4.0000","49.0000","49.0000","2012-11-25 23:00:00"
"24483","784","7","60","2012-11-06 00:00:00","2012-11-17 00:00:00","2012-11-06 00:00:00","2012-11-26 00:00:00","4.0000","49.0000","49.0000","2012-11-25 23:00:00"
"24484","791","7","60","2012-11-06 00:00:00","2012-11-17 00:00:00","2012-11-06 00:00:00","2012-11-26 00:00:00","4.0000","49.0000","49.0000","2012-11-25 23:00:00"
"24485","794","7","60","2012-11-06 00:00:00","2012-11-17 00:00:00","2012-11-06 00:00:00","2012-11-26 00:00:00","4.0000","49.0000","49.0000","2012-11-25 23:00:00"
"24486","795","7","60","2012-11-06 00:00:00","2012-11-17 00:00:00","2012-11-06 00:00:00","2012-11-26 00:00:00","4.0000","49.0000","49.0000","2012-11-25 23:00:00"
"24487","801","7","60","2012-11-06 00:00:00","2012-11-17 00:00:00","2012-11-06 00:00:00","2012-11-26 00:00:00","4.0000","49.0000","49.0000","2012-11-25 23:00:00"
"24488","516","6","50","2012-11-06 00:00:00","2012-11-17 00:00:00","2012-11-06 00:00:00","2012-11-26 00:00:00","3.0000","36.7500","36.7500","2012-11-25 23:00:00"
"24488","516","7","60","2012-11-06 00:00:00","2012-11-17 00:00:00","2012-11-06 00:00:00","2012-11-26 00:00:00","4.0000","49.0000","49.0000","2012-11-25 23:00:00"
"24489","517","6","50","2012-11-06 00:00:00","2012-11-17 00:00:00","2012-11-06 00:00:00","2012-11-26 00:00:00","3.0000","36.7500","36.7500","2012-11-25 23:00:00"
"24489","517","7","60","2012-11-06 00:00:00","2012-11-17 00:00:00","2012-11-06 00:00:00","2012-11-26 00:00:00","4.0000","49.0000","49.0000","2012-11-25 23:00:00"
"24490","518","6","50","2012-11-06 00:00:00","2012-11-17 00:00:00","2012-11-06 00:00:00","2012-11-26 00:00:00","3.0000","36.7500","36.7500","2012-11-25 23:00:00"
"24490","518","7","60","2012-11-06 00:00:00","2012-11-17 00:00:00","2012-11-06 00:00:00","2012-11-26 00:00:00","4.0000","49.0000","49.0000","2012-11-25 23:00:00"
"24491","519","6","50","2012-11-06 00:00:00","2012-11-17 00:00:00","2012-11-06 00:00:00","2012-11-26 00:00:00","3.0000","36.7500","36.7500","2012-11-25 23:00:00"
"24491","519","7","60","2012-11-06 00:00:00","2012-11-17 00:00:00","2012-11-06 00:00:00","2012-11-26 00:00:00","4.0000","49.0000","49.0000","2012-11-25 23:00:00"
"24498","747","1","10","2012-11-06 00:00:00","2012-11-17 00:00:00","2012-11-06 00:00:00","2012-11-26 00:00:00","4.1000","92.2500","92.2500","2012-11-25 23:00:00"
"24498","747","2","20","2012-11-06 00:00:00","2012-11-17 00:00:00","2012-11-06 00:00:00","2012-11-26 00:00:00","3.5000","87.5000","87.5000","2012-11-25 23:00:00"
"24498","747","3","30","2012-11-06 00:00:00","2012-11-17 00:00:00","2012-11-06 00:00:00","2012-11-26 00:00:00","1.0000","14.5000","14.5000","2012-11-25 23:00:00"
"24498","747","4","40","2012-11-06 00:00:00","2012-11-17 00:00:00","2012-11-06 00:00:00","2012-11-26 00:00:00","2.0000","31.5000","31.5000","2012-11-25 23:00:00"
"24498","747","6","50","2012-11-06 00:00:00","2012-11-17 00:00:00","2012-11-06 00:00:00","2012-11-26 00:00:00","3.0000","36.7500","36.7500","2012-11-25 23:00:00"
"24498","747","7","60","2012-11-06 00:00:00","2012-11-17 00:00:00","2012-11-06 00:00:00","2012-11-26 00:00:00","4.0000","49.0000","49.0000","2012-11-25 23:00:00"
"24499","748","1","10","2012-11-06 00:00:00","2012-11-17 00:00:00","2012-11-06 00:00:00","2012-11-26 00:00:00","4.1000","92.2500","92.2500","2012-11-25 23:00:00"
"24499","748","2","20","2012-11-06 00:00:00","2012-11-17 00:00:00","2012-11-06 00:00:00","2012-11-26 00:00:00","3.5000","87.5000","87.5000","2012-11-25 23:00:00"
"24499","748","3","30","2012-11-06 00:00:00","2012-11-17 00:00:00","2012-11-06 00:00:00","2012-11-26 00:00:00","1.0000","14.5000","14.5000","2012-11-25 23:00:00"
"24499","748","5","45","2012-11-06 00:00:00","2012-11-17 00:00:00","2012-11-06 00:00:00","2012-11-26 00:00:00","2.0000","36.0000","36.0000","2012-11-25 23:00:00"
"24499","748","6","50","2012-11-06 00:00:00","2012-11-17 00:00:00","2012-11-06 00:00:00","2012-11-26 00:00:00","3.0000","36.7500","36.7500","2012-11-25 23:00:00"
"24499","748","7","60","2012-11-06 00:00:00","2012-11-17 00:00:00","2012-11-06 00:00:00","2012-11-26 00:00:00","4.0000","49.0000","49.0000","2012-11-25 23:00:00"
"24500","806","6","50","2012-11-06 00:00:00","2012-11-17 00:00:00","2012-11-06 00:00:00","2012-11-26 00:00:00","3.0000","36.7500","36.7500","2012-11-25 23:00:00"
"24501","810","1","10","2012-11-06 00:00:00","2012-11-17 00:00:00","2012-11-06 00:00:00","2012-11-26 00:00:00","4.1000","92.2500","92.2500","2012-11-25 23:00:00"
"24501","810","2","20","2012-11-06 00:00:00","2012-11-17 00:00:00","2012-11-06 00:00:00","2012-11-26 00:00:00","3.5000","87.5000","87.5000","2012-11-25 23:00:00"
"24501","810","6","50","2012-11-06 00:00:00","2012-11-17 00:00:00","2012-11-06 00:00:00","2012-11-26 00:00:00","3.0000","36.7500","36.7500","2012-11-25 23:00:00"
"24502","811","1","10","2012-11-06 00:00:00","2012-11-17 00:00:00","2012-11-06 00:00:00","2012-11-26 00:00:00","4.1000","92.2500","92.2500","2012-11-25 23:00:00"
"24502","811","2","20","2012-11-06 00:00:00","2012-11-17 00:00:00","2012-11-06 00:00:00","2012-11-26 00:00:00","3.5000","87.5000","87.5000","2012-11-25 23:00:00"
"24502","811","6","50","2012-11-06 00:00:00","2012-11-17 00:00:00","2012-11-06 00:00:00","2012-11-26 00:00:00","3.0000","36.7500","36.7500","2012-11-25 23:00:00"
"24503","812","1","10","2012-11-06 00:00:00","2012-11-17 00:00:00","2012-11-06 00:00:00","2012-11-26 00:00:00","4.1000","92.2500","92.2500","2012-11-25 23:00:00"
"24503","812","2","20","2012-11-06 00:00:00","2012-11-17 00:00:00","2012-11-06 00:00:00","2012-11-26 00:00:00","3.5000","87.5000","87.5000","2012-11-25 23:00:00"
"24503","812","6","50","2012-11-06 00:00:00","2012-11-17 00:00:00","2012-11-06 00:00:00","2012-11-26 00:00:00","3.0000","36.7500","36.7500","2012-11-25 23:00:00"
"24504","813","1","10","2012-11-06 00:00:00","2012-11-17 00:00:00","2012-11-06 00:00:00","2012-11-26 00:00:00","4.1000","92.2500","92.2500","2012-11-25 23:00:00"
"24504","813","2","20","2012-11-06 00:00:00","2012-11-17 00:00:00","2012-11-06 00:00:00","2012-11-26 00:00:00","3.5000","87.5000","87.5000","2012-11-25 23:00:00"
"24504","813","6","50","2012-11-06 00:00:00","2012-11-17 00:00:00","2012-11-06 00:00:00","2012-11-26 00:00:00","3.0000","36.7500","36.7500","2012-11-25 23:00:00"
"24505","816","6","50","2012-11-06 00:00:00","2012-11-17 00:00:00","2012-11-06 00:00:00","2012-11-26 00:00:00","3.0000","36.7500","36.7500","2012-11-25 23:00:00"
"24506","818","6","50","2012-11-06 00:00:00","2012-11-17 00:00:00","2012-11-06 00:00:00","2012-11-26 00:00:00","3.0000","36.7500","36.7500","2012-11-25 23:00:00"
"24507","819","6","50","2012-11-06 00:00:00","2012-11-17 00:00:00","2012-11-06 00:00:00","2012-11-26 00:00:00","3.0000","36.7500","36.7500","2012-11-25 23:00:00"
"24508","820","6","50","2012-11-06 00:00:00","2012-11-17 00:00:00","2012-11-06 00:00:00","2012-11-26 00:00:00","3.0000","36.7500","36.7500","2012-11-25 23:00:00"
"24509","824","6","50","2012-11-06 00:00:00","2012-11-17 00:00:00","2012-11-06 00:00:00","2012-11-26 00:00:00","3.0000","36.7500","36.7500","2012-11-25 23:00:00"
"24510","826","6","50","2012-11-06 00:00:00","2012-11-17 00:00:00","2012-11-06 00:00:00","2012-11-26 00:00:00","3.0000","36.7500","36.7500","2012-11-25 23:00:00"
"24511","827","6","50","2012-11-06 00:00:00","2012-11-17 00:00:00","2012-11-06 00:00:00","2012-11-26 00:00:00","3.0000","36.7500","36.7500","2012-11-25 23:00:00"
"24512","828","6","50","2012-11-06 00:00:00","2012-11-17 00:00:00","2012-11-06 00:00:00","2012-11-26 00:00:00","3.0000","36.7500","36.7500","2012-11-25 23:00:00"
"24516","894","6","50","2012-11-06 00:00:00","2012-11-17 00:00:00","2012-11-06 00:00:00","2012-11-26 00:00:00","3.0000","36.7500","36.7500","2012-11-25 23:00:00"
"24517","945","1","10","2012-11-06 00:00:00","2012-11-17 00:00:00","2012-11-06 00:00:00","2012-11-26 00:00:00","4.1000","92.2500","92.2500","2012-11-25 23:00:00"
"24517","945","6","50","2012-11-06 00:00:00","2012-11-17 00:00:00","2012-11-06 00:00:00","2012-11-26 00:00:00","3.0000","36.7500","36.7500","2012-11-25 23:00:00"
"24518","950","6","50","2012-11-06 00:00:00","2012-11-17 00:00:00","2012-11-06 00:00:00","2012-11-26 00:00:00","3.0000","36.7500","36.7500","2012-11-25 23:00:00"
"24519","994","6","50","2012-11-06 00:00:00","2012-11-17 00:00:00","2012-11-06 00:00:00","2012-11-26 00:00:00","3.0000","36.7500","36.7500","2012-11-25 23:00:00"
"24520","995","6","50","2012-11-06 00:00:00","2012-11-17 00:00:00","2012-11-06 00:00:00","2012-11-26 00:00:00","3.0000","36.7500","36.7500","2012-11-25 23:00:00"
"24521","996","6","50","2012-11-06 00:00:00","2012-11-17 00:00:00","2012-11-06 00:00:00","2012-11-26 00:00:00","3.0000","36.7500","36.7500","2012-11-25 23:00:00"
"24535","802","1","10","2012-11-06 00:00:00","2012-11-17 00:00:00","2012-11-06 00:00:00","2012-11-26 00:00:00","4.1000","92.2500","92.2500","2012-11-25 23:00:00"
"24535","802","6","50","2012-11-06 00:00:00","2012-11-17 00:00:00","2012-11-06 00:00:00","2012-11-26 00:00:00","3.0000","36.7500","36.7500","2012-11-25 23:00:00"
"24536","803","1","10","2012-11-06 00:00:00","2012-11-17 00:00:00","2012-11-06 00:00:00","2012-11-26 00:00:00","4.1000","92.2500","92.2500","2012-11-25 23:00:00"
"24536","803","6","50","2012-11-06 00:00:00","2012-11-17 00:00:00","2012-11-06 00:00:00","2012-11-26 00:00:00","3.0000","36.7500","36.7500","2012-11-25 23:00:00"
"24537","804","1","10","2012-11-06 00:00:00","2012-11-17 00:00:00","2012-11-06 00:00:00","2012-11-26 00:00:00","4.1000","92.2500","92.2500","2012-11-25 23:00:00"
"24537","804","6","50","2012-11-06 00:00:00","2012-11-17 00:00:00","2012-11-06 00:00:00","2012-11-26 00:00:00","3.0000","36.7500","36.7500","2012-11-25 23:00:00"
"24542","782","7","60","2012-11-07 00:00:00","2012-11-18 00:00:00","2012-11-16 00:00:00","2012-11-18 00:00:00","4.0000","49.0000","49.0000","2012-11-17 23:00:00"
"24543","783","7","60","2012-11-07 00:00:00","2012-11-18 00:00:00","2012-11-16 00:00:00","2012-11-18 00:00:00","4.0000","49.0000","49.0000","2012-11-17 23:00:00"
"24544","784","7","60","2012-11-07 00:00:00","2012-11-18 00:00:00","2012-11-16 00:00:00","2012-11-18 00:00:00","4.0000","49.0000","49.0000","2012-11-17 23:00:00"
"24545","789","7","60","2012-11-07 00:00:00","2012-11-18 00:00:00","2012-11-16 00:00:00","2012-11-18 00:00:00","4.0000","49.0000","49.0000","2012-11-17 23:00:00"
"24546","799","7","60","2012-11-07 00:00:00","2012-11-18 00:00:00","2012-11-16 00:00:00","2012-11-18 00:00:00","4.0000","49.0000","49.0000","2012-11-17 23:00:00"
"24547","516","6","50","2012-11-07 00:00:00","2012-11-18 00:00:00","2012-11-16 00:00:00","2012-11-18 00:00:00","3.0000","36.7500","36.7500","2012-11-17 23:00:00"
"24547","516","7","60","2012-11-07 00:00:00","2012-11-18 00:00:00","2012-11-16 00:00:00","2012-11-18 00:00:00","4.0000","49.0000","49.0000","2012-11-17 23:00:00"
"24548","518","6","50","2012-11-07 00:00:00","2012-11-18 00:00:00","2012-11-16 00:00:00","2012-11-18 00:00:00","3.0000","36.7500","36.7500","2012-11-17 23:00:00"
"24548","518","7","60","2012-11-07 00:00:00","2012-11-18 00:00:00","2012-11-16 00:00:00","2012-11-18 00:00:00","4.0000","49.0000","49.0000","2012-11-17 23:00:00"
"24549","519","6","50","2012-11-07 00:00:00","2012-11-18 00:00:00","2012-11-16 00:00:00","2012-11-18 00:00:00","3.0000","36.7500","36.7500","2012-11-17 23:00:00"
"24549","519","7","60","2012-11-07 00:00:00","2012-11-18 00:00:00","2012-11-16 00:00:00","2012-11-18 00:00:00","4.0000","49.0000","49.0000","2012-11-17 23:00:00"
"24553","747","1","10","2012-11-07 00:00:00","2012-11-18 00:00:00","2012-11-16 00:00:00","2012-11-18 00:00:00","4.1000","92.2500","92.2500","2012-11-17 23:00:00"
"24553","747","2","20","2012-11-07 00:00:00","2012-11-18 00:00:00","2012-11-16 00:00:00","2012-11-18 00:00:00","3.5000","87.5000","87.5000","2012-11-17 23:00:00"
"24553","747","3","30","2012-11-07 00:00:00","2012-11-18 00:00:00","2012-11-16 00:00:00","2012-11-18 00:00:00","1.0000","14.5000","14.5000","2012-11-17 23:00:00"
"24553","747","4","40","2012-11-07 00:00:00","2012-11-18 00:00:00","2012-11-16 00:00:00","2012-11-18 00:00:00","2.0000","31.5000","31.5000","2012-11-17 23:00:00"
"24553","747","6","50","2012-11-07 00:00:00","2012-11-18 00:00:00","2012-11-16 00:00:00","2012-11-18 00:00:00","3.0000","36.7500","36.7500","2012-11-17 23:00:00"
"24553","747","7","60","2012-11-07 00:00:00","2012-11-18 00:00:00","2012-11-16 00:00:00","2012-11-18 00:00:00","4.0000","49.0000","49.0000","2012-11-17 23:00:00"
"24554","806","6","50","2012-11-07 00:00:00","2012-11-18 00:00:00","2012-11-16 00:00:00","2012-11-18 00:00:00","3.0000","36.7500","36.7500","2012-11-17 23:00:00"
"24555","810","1","10","2012-11-07 00:00:00","2012-11-18 00:00:00","2012-11-16 00:00:00","2012-11-18 00:00:00","4.1000","92.2500","92.2500","2012-11-17 23:00:00"
"24555","810","2","20","2012-11-07 00:00:00","2012-11-18 00:00:00","2012-11-16 00:00:00","2012-11-18 00:00:00","3.5000","87.5000","87.5000","2012-11-17 23:00:00"
"24555","810","6","50","2012-11-07 00:00:00","2012-11-18 00:00:00","2012-11-16 00:00:00","2012-11-18 00:00:00","3.0000","36.7500","36.7500","2012-11-17 23:00:00"
"24556","812","1","10","2012-11-07 00:00:00","2012-11-18 00:00:00","2012-11-16 00:00:00","2012-11-18 00:00:00","4.1000","92.2500","92.2500","2012-11-17 23:00:00"
"24556","812","2","20","2012-11-07 00:00:00","2012-11-18 00:00:00","2012-11-16 00:00:00","2012-11-18 00:00:00","3.5000","87.5000","87.5000","2012-11-17 23:00:00"
"24556","812","6","50","2012-11-07 00:00:00","2012-11-18 00:00:00","2012-11-16 00:00:00","2012-11-18 00:00:00","3.0000","36.7500","36.7500","2012-11-17 23:00:00"
"24557","813","1","10","2012-11-07 00:00:00","2012-11-18 00:00:00","2012-11-16 00:00:00","2012-11-18 00:00:00","4.1000","92.2500","92.2500","2012-11-17 23:00:00"
"24557","813","2","20","2012-11-07 00:00:00","2012-11-18 00:00:00","2012-11-16 00:00:00","2012-11-18 00:00:00","3.5000","87.5000","87.5000","2012-11-17 23:00:00"
"24557","813","6","50","2012-11-07 00:00:00","2012-11-18 00:00:00","2012-11-16 00:00:00","2012-11-18 00:00:00","3.0000","36.7500","36.7500","2012-11-17 23:00:00"
"24558","816","6","50","2012-11-07 00:00:00","2012-11-18 00:00:00","2012-11-16 00:00:00","2012-11-18 00:00:00","3.0000","36.7500","36.7500","2012-11-17 23:00:00"
"24559","819","6","50","2012-11-07 00:00:00","2012-11-18 00:00:00","2012-11-16 00:00:00","2012-11-18 00:00:00","3.0000","36.7500","36.7500","2012-11-17 23:00:00"
"24560","820","6","50","2012-11-07 00:00:00","2012-11-18 00:00:00","2012-11-16 00:00:00","2012-11-18 00:00:00","3.0000","36.7500","36.7500","2012-11-17 23:00:00"
"24561","824","6","50","2012-11-07 00:00:00","2012-11-18 00:00:00","2012-11-16 00:00:00","2012-11-18 00:00:00","3.0000","36.7500","36.7500","2012-11-17 23:00:00"
"24562","827","6","50","2012-11-07 00:00:00","2012-11-18 00:00:00","2012-11-16 00:00:00","2012-11-18 00:00:00","3.0000","36.7500","36.7500","2012-11-17 23:00:00"
"24563","828","6","50","2012-11-07 00:00:00","2012-11-18 00:00:00","2012-11-16 00:00:00","2012-11-18 00:00:00","3.0000","36.7500","36.7500","2012-11-17 23:00:00"
"24565","894","6","50","2012-11-07 00:00:00","2012-11-18 00:00:00","2012-11-16 00:00:00","2012-11-18 00:00:00","3.0000","36.7500","36.7500","2012-11-17 23:00:00"
"24566","945","1","10","2012-11-07 00:00:00","2012-11-18 00:00:00","2012-11-16 00:00:00","2012-11-18 00:00:00","4.1000","92.2500","92.2500","2012-11-17 23:00:00"
"24566","945","6","50","2012-11-07 00:00:00","2012-11-18 00:00:00","2012-11-16 00:00:00","2012-11-18 00:00:00","3.0000","36.7500","36.7500","2012-11-17 23:00:00"
"24567","950","6","50","2012-11-07 00:00:00","2012-11-18 00:00:00","2012-11-16 00:00:00","2012-11-18 00:00:00","3.0000","36.7500","36.7500","2012-11-17 23:00:00"
"24568","994","6","50","2012-11-07 00:00:00","2012-11-18 00:00:00","2012-11-16 00:00:00","2012-11-18 00:00:00","3.0000","36.7500","36.7500","2012-11-17 23:00:00"
"24569","995","6","50","2012-11-07 00:00:00","2012-11-18 00:00:00","2012-11-16 00:00:00","2012-11-18 00:00:00","3.0000","36.7500","36.7500","2012-11-17 23:00:00"
"24570","996","6","50","2012-11-07 00:00:00","2012-11-18 00:00:00","2012-11-16 00:00:00","2012-11-18 00:00:00","3.0000","36.7500","36.7500","2012-11-17 23:00:00"
"24583","803","1","10","2012-11-07 00:00:00","2012-11-18 00:00:00","2012-11-16 00:00:00","2012-11-18 00:00:00","4.1000","92.2500","92.2500","2012-11-17 23:00:00"
"24583","803","6","50","2012-11-07 00:00:00","2012-11-18 00:00:00","2012-11-16 00:00:00","2012-11-18 00:00:00","3.0000","36.7500","36.7500","2012-11-17 23:00:00"
"24584","804","1","10","2012-11-07 00:00:00","2012-11-18 00:00:00","2012-11-16 00:00:00","2012-11-18 00:00:00","4.1000","92.2500","92.2500","2012-11-17 23:00:00"
"24584","804","6","50","2012-11-07 00:00:00","2012-11-18 00:00:00","2012-11-16 00:00:00","2012-11-18 00:00:00","3.0000","36.7500","36.7500","2012-11-17 23:00:00"
"24589","763","7","60","2012-11-08 00:00:00","2012-11-19 00:00:00","2012-11-08 00:00:00","2012-11-30 00:00:00","4.0000","49.0000","49.0000","2012-11-29 23:00:00"
"24590","765","7","60","2012-11-08 00:00:00","2012-11-19 00:00:00","2012-11-08 00:00:00","2012-11-30 00:00:00","4.0000","49.0000","49.0000","2012-11-29 23:00:00"
"24591","767","7","60","2012-11-08 00:00:00","2012-11-19 00:00:00","2012-11-08 00:00:00","2012-11-30 00:00:00","4.0000","49.0000","49.0000","2012-11-29 23:00:00"
"24592","779","7","60","2012-11-08 00:00:00","2012-11-19 00:00:00","2012-11-08 00:00:00","2012-11-30 00:00:00","4.0000","49.0000","49.0000","2012-11-29 23:00:00"
"24593","781","7","60","2012-11-08 00:00:00","2012-11-19 00:00:00","2012-11-08 00:00:00","2012-11-30 00:00:00","4.0000","49.0000","49.0000","2012-11-29 23:00:00"
"24594","792","7","60","2012-11-08 00:00:00","2012-11-19 00:00:00","2012-11-08 00:00:00","2012-11-30 00:00:00","4.0000","49.0000","49.0000","2012-11-29 23:00:00"
"24595","793","7","60","2012-11-08 00:00:00","2012-11-19 00:00:00","2012-11-08 00:00:00","2012-11-30 00:00:00","4.0000","49.0000","49.0000","2012-11-29 23:00:00"
"24596","794","7","60","2012-11-08 00:00:00","2012-11-19 00:00:00","2012-11-08 00:00:00","2012-11-30 00:00:00","4.0000","49.0000","49.0000","2012-11-29 23:00:00"
"24597","795","7","60","2012-11-08 00:00:00","2012-11-19 00:00:00","2012-11-08 00:00:00","2012-11-30 00:00:00","4.0000","49.0000","49.0000","2012-11-29 23:00:00"
"24598","796","7","60","2012-11-08 00:00:00","2012-11-19 00:00:00","2012-11-08 00:00:00","2012-11-30 00:00:00","4.0000","49.0000","49.0000","2012-11-29 23:00:00"
"24599","801","7","60","2012-11-08 00:00:00","2012-11-19 00:00:00","2012-11-08 00:00:00","2012-11-30 00:00:00","4.0000","49.0000","49.0000","2012-11-29 23:00:00"
"24600","516","6","50","2012-11-08 00:00:00","2012-11-19 00:00:00","2012-11-08 00:00:00","2012-11-30 00:00:00","3.0000","36.7500","36.7500","2012-11-29 23:00:00"
"24600","516","7","60","2012-11-08 00:00:00","2012-11-19 00:00:00","2012-11-08 00:00:00","2012-11-30 00:00:00","4.0000","49.0000","49.0000","2012-11-29 23:00:00"
"24601","517","6","50","2012-11-08 00:00:00","2012-11-19 00:00:00","2012-11-08 00:00:00","2012-11-30 00:00:00","3.0000","36.7500","36.7500","2012-11-29 23:00:00"
"24601","517","7","60","2012-11-08 00:00:00","2012-11-19 00:00:00","2012-11-08 00:00:00","2012-11-30 00:00:00","4.0000","49.0000","49.0000","2012-11-29 23:00:00"
"24602","518","6","50","2012-11-08 00:00:00","2012-11-19 00:00:00","2012-11-08 00:00:00","2012-11-30 00:00:00","3.0000","36.7500","36.7500","2012-11-29 23:00:00"
"24602","518","7","60","2012-11-08 00:00:00","2012-11-19 00:00:00","2012-11-08 00:00:00","2012-11-30 00:00:00","4.0000","49.0000","49.0000","2012-11-29 23:00:00"
"24603","519","6","50","2012-11-08 00:00:00","2012-11-19 00:00:00","2012-11-08 00:00:00","2012-11-30 00:00:00","3.0000","36.7500","36.7500","2012-11-29 23:00:00"
"24603","519","7","60","2012-11-08 00:00:00","2012-11-19 00:00:00","2012-11-08 00:00:00","2012-11-30 00:00:00","4.0000","49.0000","49.0000","2012-11-29 23:00:00"
"24610","748","1","10","2012-11-08 00:00:00","2012-11-19 00:00:00","2012-11-08 00:00:00","2012-11-30 00:00:00","4.1000","92.2500","92.2500","2012-11-29 23:00:00"
"24610","748","2","20","2012-11-08 00:00:00","2012-11-19 00:00:00","2012-11-08 00:00:00","2012-11-30 00:00:00","3.5000","87.5000","87.5000","2012-11-29 23:00:00"
"24610","748","3","30","2012-11-08 00:00:00","2012-11-19 00:00:00","2012-11-08 00:00:00","2012-11-30 00:00:00","1.0000","14.5000","14.5000","2012-11-29 23:00:00"
"24610","748","5","45","2012-11-08 00:00:00","2012-11-19 00:00:00","2012-11-08 00:00:00","2012-11-30 00:00:00","2.0000","36.0000","36.0000","2012-11-29 23:00:00"
"24610","748","6","50","2012-11-08 00:00:00","2012-11-19 00:00:00","2012-11-08 00:00:00","2012-11-30 00:00:00","3.0000","36.7500","36.7500","2012-11-29 23:00:00"
"24610","748","7","60","2012-11-08 00:00:00","2012-11-19 00:00:00","2012-11-08 00:00:00","2012-11-30 00:00:00","4.0000","49.0000","49.0000","2012-11-29 23:00:00"
"24611","806","6","50","2012-11-08 00:00:00","2012-11-19 00:00:00","2012-11-08 00:00:00","2012-11-30 00:00:00","3.0000","36.7500","36.7500","2012-11-29 23:00:00"
"24612","810","1","10","2012-11-08 00:00:00","2012-11-19 00:00:00","2012-11-08 00:00:00","2012-11-30 00:00:00","4.1000","92.2500","92.2500","2012-11-29 23:00:00"
"24612","810","2","20","2012-11-08 00:00:00","2012-11-19 00:00:00","2012-11-08 00:00:00","2012-11-30 00:00:00","3.5000","87.5000","87.5000","2012-11-29 23:00:00"
"24612","810","6","50","2012-11-08 00:00:00","2012-11-19 00:00:00","2012-11-08 00:00:00","2012-11-30 00:00:00","3.0000","36.7500","36.7500","2012-11-29 23:00:00"
"24613","811","1","10","2012-11-08 00:00:00","2012-11-19 00:00:00","2012-11-08 00:00:00","2012-11-30 00:00:00","4.1000","92.2500","92.2500","2012-11-29 23:00:00"
"24613","811","2","20","2012-11-08 00:00:00","2012-11-19 00:00:00","2012-11-08 00:00:00","2012-11-30 00:00:00","3.5000","87.5000","87.5000","2012-11-29 23:00:00"
"24613","811","6","50","2012-11-08 00:00:00","2012-11-19 00:00:00","2012-11-08 00:00:00","2012-11-30 00:00:00","3.0000","36.7500","36.7500","2012-11-29 23:00:00"
"24614","812","1","10","2012-11-08 00:00:00","2012-11-19 00:00:00","2012-11-08 00:00:00","2012-11-30 00:00:00","4.1000","92.2500","92.2500","2012-11-29 23:00:00"
"24614","812","2","20","2012-11-08 00:00:00","2012-11-19 00:00:00","2012-11-08 00:00:00","2012-11-30 00:00:00","3.5000","87.5000","87.5000","2012-11-29 23:00:00"
"24614","812","6","50","2012-11-08 00:00:00","2012-11-19 00:00:00","2012-11-08 00:00:00","2012-11-30 00:00:00","3.0000","36.7500","36.7500","2012-11-29 23:00:00"
"24615","813","1","10","2012-11-08 00:00:00","2012-11-19 00:00:00","2012-11-08 00:00:00","2012-11-30 00:00:00","4.1000","92.2500","92.2500","2012-11-29 23:00:00"
"24615","813","2","20","2012-11-08 00:00:00","2012-11-19 00:00:00","2012-11-08 00:00:00","2012-11-30 00:00:00","3.5000","87.5000","87.5000","2012-11-29 23:00:00"
"24615","813","6","50","2012-11-08 00:00:00","2012-11-19 00:00:00","2012-11-08 00:00:00","2012-11-30 00:00:00","3.0000","36.7500","36.7500","2012-11-29 23:00:00"
"24616","816","6","50","2012-11-08 00:00:00","2012-11-19 00:00:00","2012-11-08 00:00:00","2012-11-30 00:00:00","3.0000","36.7500","36.7500","2012-11-29 23:00:00"
"24617","818","6","50","2012-11-08 00:00:00","2012-11-19 00:00:00","2012-11-08 00:00:00","2012-11-30 00:00:00","3.0000","36.7500","36.7500","2012-11-29 23:00:00"
"24618","819","6","50","2012-11-08 00:00:00","2012-11-19 00:00:00","2012-11-08 00:00:00","2012-11-30 00:00:00","3.0000","36.7500","36.7500","2012-11-29 23:00:00"
"24619","820","6","50","2012-11-08 00:00:00","2012-11-19 00:00:00","2012-11-08 00:00:00","2012-11-30 00:00:00","3.0000","36.7500","36.7500","2012-11-29 23:00:00"
"24620","824","6","50","2012-11-08 00:00:00","2012-11-19 00:00:00","2012-11-08 00:00:00","2012-11-30 00:00:00","3.0000","36.7500","36.7500","2012-11-29 23:00:00"
"24621","826","6","50","2012-11-08 00:00:00","2012-11-19 00:00:00","2012-11-08 00:00:00","2012-11-30 00:00:00","3.0000","36.7500","36.7500","2012-11-29 23:00:00"
"24622","827","6","50","2012-11-08 00:00:00","2012-11-19 00:00:00","2012-11-08 00:00:00","2012-11-30 00:00:00","3.0000","36.7500","36.7500","2012-11-29 23:00:00"
"24623","828","6","50","2012-11-08 00:00:00","2012-11-19 00:00:00","2012-11-08 00:00:00","2012-11-30 00:00:00","3.0000","36.7500","36.7500","2012-11-29 23:00:00"
"24628","894","6","50","2012-11-08 00:00:00","2012-11-19 00:00:00","2012-11-08 00:00:00","2012-11-30 00:00:00","3.0000","36.7500","36.7500","2012-11-29 23:00:00"
"24629","945","1","10","2012-11-08 00:00:00","2012-11-19 00:00:00","2012-11-08 00:00:00","2012-11-30 00:00:00","4.1000","92.2500","92.2500","2012-11-29 23:00:00"
"24629","945","6","50","2012-11-08 00:00:00","2012-11-19 00:00:00","2012-11-08 00:00:00","2012-11-30 00:00:00","3.0000","36.7500","36.7500","2012-11-29 23:00:00"
"24630","950","6","50","2012-11-08 00:00:00","2012-11-19 00:00:00","2012-11-08 00:00:00","2012-11-30 00:00:00","3.0000","36.7500","36.7500","2012-11-29 23:00:00"
"24631","994","6","50","2012-11-08 00:00:00","2012-11-19 00:00:00","2012-11-08 00:00:00","2012-11-30 00:00:00","3.0000","36.7500","36.7500","2012-11-29 23:00:00"
"24632","995","6","50","2012-11-08 00:00:00","2012-11-19 00:00:00","2012-11-08 00:00:00","2012-11-30 00:00:00","3.0000","36.7500","36.7500","2012-11-29 23:00:00"
"24633","996","6","50","2012-11-08 00:00:00","2012-11-19 00:00:00","2012-11-08 00:00:00","2012-11-30 00:00:00","3.0000","36.7500","36.7500","2012-11-29 23:00:00"
"24647","802","1","10","2012-11-08 00:00:00","2012-11-19 00:00:00","2012-11-08 00:00:00","2012-11-30 00:00:00","4.1000","92.2500","92.2500","2012-11-29 23:00:00"
"24647","802","6","50","2012-11-08 00:00:00","2012-11-19 00:00:00","2012-11-08 00:00:00","2012-11-30 00:00:00","3.0000","36.7500","36.7500","2012-11-29 23:00:00"
"24648","803","1","10","2012-11-08 00:00:00","2012-11-19 00:00:00","2012-11-08 00:00:00","2012-11-30 00:00:00","4.1000","92.2500","92.2500","2012-11-29 23:00:00"
"24648","803","6","50","2012-11-08 00:00:00","2012-11-19 00:00:00","2012-11-08 00:00:00","2012-11-30 00:00:00","3.0000","36.7500","36.7500","2012-11-29 23:00:00"
"24649","804","1","10","2012-11-08 00:00:00","2012-11-19 00:00:00","2012-11-08 00:00:00","2012-11-30 00:00:00","4.1000","92.2500","92.2500","2012-11-29 23:00:00"
"24649","804","6","50","2012-11-08 00:00:00","2012-11-19 00:00:00","2012-11-08 00:00:00","2012-11-30 00:00:00","3.0000","36.7500","36.7500","2012-11-29 23:00:00"
"24654","766","7","60","2012-11-09 00:00:00","2012-11-20 00:00:00","2012-11-10 00:00:00","2012-11-20 00:00:00","4.0000","49.0000","49.0000","2012-11-19 23:00:00"
"24655","779","7","60","2012-11-09 00:00:00","2012-11-20 00:00:00","2012-11-10 00:00:00","2012-11-20 00:00:00","4.0000","49.0000","49.0000","2012-11-19 23:00:00"
"24656","782","7","60","2012-11-09 00:00:00","2012-11-20 00:00:00","2012-11-10 00:00:00","2012-11-20 00:00:00","4.0000","49.0000","49.0000","2012-11-19 23:00:00"
"24657","791","7","60","2012-11-09 00:00:00","2012-11-20 00:00:00","2012-11-10 00:00:00","2012-11-20 00:00:00","4.0000","49.0000","49.0000","2012-11-19 23:00:00"
"24658","792","7","60","2012-11-09 00:00:00","2012-11-20 00:00:00","2012-11-10 00:00:00","2012-11-20 00:00:00","4.0000","49.0000","49.0000","2012-11-19 23:00:00"
"24659","793","7","60","2012-11-09 00:00:00","2012-11-20 00:00:00","2012-11-10 00:00:00","2012-11-20 00:00:00","4.0000","49.0000","49.0000","2012-11-19 23:00:00"
"24660","797","7","60","2012-11-09 00:00:00","2012-11-20 00:00:00","2012-11-10 00:00:00","2012-11-20 00:00:00","4.0000","49.0000","49.0000","2012-11-19 23:00:00"
"24661","799","7","60","2012-11-09 00:00:00","2012-11-20 00:00:00","2012-11-10 00:00:00","2012-11-20 00:00:00","4.0000","49.0000","49.0000","2012-11-19 23:00:00"
"24662","800","7","60","2012-11-09 00:00:00","2012-11-20 00:00:00","2012-11-10 00:00:00","2012-11-20 00:00:00","4.0000","49.0000","49.0000","2012-11-19 23:00:00"
"24663","516","6","50","2012-11-09 00:00:00","2012-11-20 00:00:00","2012-11-10 00:00:00","2012-11-20 00:00:00","3.0000","36.7500","36.7500","2012-11-19 23:00:00"
"24663","516","7","60","2012-11-09 00:00:00","2012-11-20 00:00:00","2012-11-10 00:00:00","2012-11-20 00:00:00","4.0000","49.0000","49.0000","2012-11-19 23:00:00"
"24664","517","6","50","2012-11-09 00:00:00","2012-11-20 00:00:00","2012-11-10 00:00:00","2012-11-20 00:00:00","3.0000","36.7500","36.7500","2012-11-19 23:00:00"
"24664","517","7","60","2012-11-09 00:00:00","2012-11-20 00:00:00","2012-11-10 00:00:00","2012-11-20 00:00:00","4.0000","49.0000","49.0000","2012-11-19 23:00:00"
"24665","518","6","50","2012-11-09 00:00:00","2012-11-20 00:00:00","2012-11-10 00:00:00","2012-11-20 00:00:00","3.0000","36.7500","36.7500","2012-11-19 23:00:00"
"24665","518","7","60","2012-11-09 00:00:00","2012-11-20 00:00:00","2012-11-10 00:00:00","2012-11-20 00:00:00","4.0000","49.0000","49.0000","2012-11-19 23:00:00"
"24666","519","6","50","2012-11-09 00:00:00","2012-11-20 00:00:00","2012-11-10 00:00:00","2012-11-20 00:00:00","3.0000","36.7500","36.7500","2012-11-19 23:00:00"
"24666","519","7","60","2012-11-09 00:00:00","2012-11-20 00:00:00","2012-11-10 00:00:00","2012-11-20 00:00:00","4.0000","49.0000","49.0000","2012-11-19 23:00:00"
"24670","747","1","10","2012-11-09 00:00:00","2012-11-20 00:00:00","2012-11-10 00:00:00","2012-11-20 00:00:00","4.1000","92.2500","92.2500","2012-11-19 23:00:00"
"24670","747","2","20","2012-11-09 00:00:00","2012-11-20 00:00:00","2012-11-10 00:00:00","2012-11-20 00:00:00","3.5000","87.5000","87.5000","2012-11-19 23:00:00"
"24670","747","3","30","2012-11-09 00:00:00","2012-11-20 00:00:00","2012-11-10 00:00:00","2012-11-20 00:00:00","1.0000","14.5000","14.5000","2012-11-19 23:00:00"
"24670","747","4","40","2012-11-09 00:00:00","2012-11-20 00:00:00","2012-11-10 00:00:00","2012-11-20 00:00:00","2.0000","31.5000","31.5000","2012-11-19 23:00:00"
"24670","747","6","50","2012-11-09 00:00:00","2012-11-20 00:00:00","2012-11-10 00:00:00","2012-11-20 00:00:00","3.0000","36.7500","36.7500","2012-11-19 23:00:00"
"24670","747","7","60","2012-11-09 00:00:00","2012-11-20 00:00:00","2012-11-10 00:00:00","2012-11-20 00:00:00","4.0000","49.0000","49.0000","2012-11-19 23:00:00"
"24671","748","1","10","2012-11-09 00:00:00","2012-11-20 00:00:00","2012-11-10 00:00:00","2012-11-20 00:00:00","4.1000","92.2500","92.2500","2012-11-19 23:00:00"
"24671","748","2","20","2012-11-09 00:00:00","2012-11-20 00:00:00","2012-11-10 00:00:00","2012-11-20 00:00:00","3.5000","87.5000","87.5000","2012-11-19 23:00:00"
"24671","748","3","30","2012-11-09 00:00:00","2012-11-20 00:00:00","2012-11-10 00:00:00","2012-11-20 00:00:00","1.0000","14.5000","14.5000","2012-11-19 23:00:00"
"24671","748","5","45","2012-11-09 00:00:00","2012-11-20 00:00:00","2012-11-10 00:00:00","2012-11-20 00:00:00","2.0000","36.0000","36.0000","2012-11-19 23:00:00"
"24671","748","6","50","2012-11-09 00:00:00","2012-11-20 00:00:00","2012-11-10 00:00:00","2012-11-20 00:00:00","3.0000","36.7500","36.7500","2012-11-19 23:00:00"
"24671","748","7","60","2012-11-09 00:00:00","2012-11-20 00:00:00","2012-11-10 00:00:00","2012-11-20 00:00:00","4.0000","49.0000","49.0000","2012-11-19 23:00:00"
"24672","806","6","50","2012-11-09 00:00:00","2012-11-20 00:00:00","2012-11-10 00:00:00","2012-11-20 00:00:00","3.0000","36.7500","36.7500","2012-11-19 23:00:00"
"24673","810","1","10","2012-11-09 00:00:00","2012-11-20 00:00:00","2012-11-10 00:00:00","2012-11-20 00:00:00","4.1000","92.2500","92.2500","2012-11-19 23:00:00"
"24673","810","2","20","2012-11-09 00:00:00","2012-11-20 00:00:00","2012-11-10 00:00:00","2012-11-20 00:00:00","3.5000","87.5000","87.5000","2012-11-19 23:00:00"
"24673","810","6","50","2012-11-09 00:00:00","2012-11-20 00:00:00","2012-11-10 00:00:00","2012-11-20 00:00:00","3.0000","36.7500","36.7500","2012-11-19 23:00:00"
"24674","811","1","10","2012-11-09 00:00:00","2012-11-20 00:00:00","2012-11-10 00:00:00","2012-11-20 00:00:00","4.1000","92.2500","92.2500","2012-11-19 23:00:00"
"24674","811","2","20","2012-11-09 00:00:00","2012-11-20 00:00:00","2012-11-10 00:00:00","2012-11-20 00:00:00","3.5000","87.5000","87.5000","2012-11-19 23:00:00"
"24674","811","6","50","2012-11-09 00:00:00","2012-11-20 00:00:00","2012-11-10 00:00:00","2012-11-20 00:00:00","3.0000","36.7500","36.7500","2012-11-19 23:00:00"
"24675","812","1","10","2012-11-09 00:00:00","2012-11-20 00:00:00","2012-11-10 00:00:00","2012-11-20 00:00:00","4.1000","92.2500","92.2500","2012-11-19 23:00:00"
"24675","812","2","20","2012-11-09 00:00:00","2012-11-20 00:00:00","2012-11-10 00:00:00","2012-11-20 00:00:00","3.5000","87.5000","87.5000","2012-11-19 23:00:00"
"24675","812","6","50","2012-11-09 00:00:00","2012-11-20 00:00:00","2012-11-10 00:00:00","2012-11-20 00:00:00","3.0000","36.7500","36.7500","2012-11-19 23:00:00"
"24676","813","1","10","2012-11-09 00:00:00","2012-11-20 00:00:00","2012-11-10 00:00:00","2012-11-20 00:00:00","4.1000","92.2500","92.2500","2012-11-19 23:00:00"
"24676","813","2","20","2012-11-09 00:00:00","2012-11-20 00:00:00","2012-11-10 00:00:00","2012-11-20 00:00:00","3.5000","87.5000","87.5000","2012-11-19 23:00:00"
"24676","813","6","50","2012-11-09 00:00:00","2012-11-20 00:00:00","2012-11-10 00:00:00","2012-11-20 00:00:00","3.0000","36.7500","36.7500","2012-11-19 23:00:00"
"24677","816","6","50","2012-11-09 00:00:00","2012-11-20 00:00:00","2012-11-10 00:00:00","2012-11-20 00:00:00","3.0000","36.7500","36.7500","2012-11-19 23:00:00"
"24678","818","6","50","2012-11-09 00:00:00","2012-11-20 00:00:00","2012-11-10 00:00:00","2012-11-20 00:00:00","3.0000","36.7500","36.7500","2012-11-19 23:00:00"
"24679","819","6","50","2012-11-09 00:00:00","2012-11-20 00:00:00","2012-11-10 00:00:00","2012-11-20 00:00:00","3.0000","36.7500","36.7500","2012-11-19 23:00:00"
"24680","820","6","50","2012-11-09 00:00:00","2012-11-20 00:00:00","2012-11-10 00:00:00","2012-11-20 00:00:00","3.0000","36.7500","36.7500","2012-11-19 23:00:00"
"24681","822","1","10","2012-11-09 00:00:00","2012-11-20 00:00:00","2012-11-10 00:00:00","2012-11-20 00:00:00","4.1000","92.2500","92.2500","2012-11-19 23:00:00"
"24681","822","2","20","2012-11-09 00:00:00","2012-11-20 00:00:00","2012-11-10 00:00:00","2012-11-20 00:00:00","3.5000","87.5000","87.5000","2012-11-19 23:00:00"
"24681","822","3","30","2012-11-09 00:00:00","2012-11-20 00:00:00","2012-11-10 00:00:00","2012-11-20 00:00:00","1.0000","14.5000","14.5000","2012-11-19 23:00:00"
"24681","822","4","40","2012-11-09 00:00:00","2012-11-20 00:00:00","2012-11-10 00:00:00","2012-11-20 00:00:00","2.0000","31.5000","31.5000","2012-11-19 23:00:00"
"24681","822","6","50","2012-11-09 00:00:00","2012-11-20 00:00:00","2012-11-10 00:00:00","2012-11-20 00:00:00","3.0000","36.7500","36.7500","2012-11-19 23:00:00"
"24681","822","7","60","2012-11-09 00:00:00","2012-11-20 00:00:00","2012-11-10 00:00:00","2012-11-20 00:00:00","4.0000","49.0000","49.0000","2012-11-19 23:00:00"
"24682","824","6","50","2012-11-09 00:00:00","2012-11-20 00:00:00","2012-11-10 00:00:00","2012-11-20 00:00:00","3.0000","36.7500","36.7500","2012-11-19 23:00:00"
"24683","826","6","50","2012-11-09 00:00:00","2012-11-20 00:00:00","2012-11-10 00:00:00","2012-11-20 00:00:00","3.0000","36.7500","36.7500","2012-11-19 23:00:00"
"24684","827","6","50","2012-11-09 00:00:00","2012-11-20 00:00:00","2012-11-10 00:00:00","2012-11-20 00:00:00","3.0000","36.7500","36.7500","2012-11-19 23:00:00"
"24685","828","6","50","2012-11-09 00:00:00","2012-11-20 00:00:00","2012-11-10 00:00:00","2012-11-20 00:00:00","3.0000","36.7500","36.7500","2012-11-19 23:00:00"
"24689","894","6","50","2012-11-09 00:00:00","2012-11-20 00:00:00","2012-11-10 00:00:00","2012-11-20 00:00:00","3.0000","36.7500","36.7500","2012-11-19 23:00:00"
"24690","945","1","10","2012-11-09 00:00:00","2012-11-20 00:00:00","2012-11-10 00:00:00","2012-11-20 00:00:00","4.1000","92.2500","92.2500","2012-11-19 23:00:00"
"24690","945","6","50","2012-11-09 00:00:00","2012-11-20 00:00:00","2012-11-10 00:00:00","2012-11-20 00:00:00","3.0000","36.7500","36.7500","2012-11-19 23:00:00"
"24691","950","6","50","2012-11-09 00:00:00","2012-11-20 00:00:00","2012-11-10 00:00:00","2012-11-20 00:00:00","3.0000","36.7500","36.7500","2012-11-19 23:00:00"
"24692","994","6","50","2012-11-09 00:00:00","2012-11-20 00:00:00","2012-11-10 00:00:00","2012-11-20 00:00:00","3.0000","36.7500","36.7500","2012-11-19 23:00:00"
"24693","995","6","50","2012-11-09 00:00:00","2012-11-20 00:00:00","2012-11-10 00:00:00","2012-11-20 00:00:00","3.0000","36.7500","36.7500","2012-11-19 23:00:00"
"24694","996","6","50","2012-11-09 00:00:00","2012-11-20 00:00:00","2012-11-10 00:00:00","2012-11-20 00:00:00","3.0000","36.7500","36.7500","2012-11-19 23:00:00"
"24708","802","1","10","2012-11-09 00:00:00","2012-11-20 00:00:00","2012-11-10 00:00:00","2012-11-20 00:00:00","4.1000","92.2500","92.2500","2012-11-19 23:00:00"
"24708","802","6","50","2012-11-09 00:00:00","2012-11-20 00:00:00","2012-11-10 00:00:00","2012-11-20 00:00:00","3.0000","36.7500","36.7500","2012-11-19 23:00:00"
"24709","803","1","10","2012-11-09 00:00:00","2012-11-20 00:00:00","2012-11-10 00:00:00","2012-11-20 00:00:00","4.1000","92.2500","92.2500","2012-11-19 23:00:00"
"24709","803","6","50","2012-11-09 00:00:00","2012-11-20 00:00:00","2012-11-10 00:00:00","2012-11-20 00:00:00","3.0000","36.7500","36.7500","2012-11-19 23:00:00"
"24710","804","1","10","2012-11-09 00:00:00","2012-11-20 00:00:00","2012-11-10 00:00:00","2012-11-20 00:00:00","4.1000","92.2500","92.2500","2012-11-19 23:00:00"
"24710","804","6","50","2012-11-09 00:00:00","2012-11-20 00:00:00","2012-11-10 00:00:00","2012-11-20 00:00:00","3.0000","36.7500","36.7500","2012-11-19 23:00:00"
"24715","764","7","60","2012-11-10 00:00:00","2012-11-21 00:00:00","2012-11-10 00:00:00","2012-12-04 00:00:00","4.0000","49.0000","49.0000","2012-12-03 23:00:00"
"24716","766","7","60","2012-11-10 00:00:00","2012-11-21 00:00:00","2012-11-10 00:00:00","2012-12-04 00:00:00","4.0000","49.0000","49.0000","2012-12-03 23:00:00"
"24717","770","7","60","2012-11-10 00:00:00","2012-11-21 00:00:00","2012-11-10 00:00:00","2012-12-04 00:00:00","4.0000","49.0000","49.0000","2012-12-03 23:00:00"
"24718","780","7","60","2012-11-10 00:00:00","2012-11-21 00:00:00","2012-11-10 00:00:00","2012-12-04 00:00:00","4.0000","49.0000","49.0000","2012-12-03 23:00:00"
"24719","782","7","60","2012-11-10 00:00:00","2012-11-21 00:00:00","2012-11-10 00:00:00","2012-12-04 00:00:00","4.0000","49.0000","49.0000","2012-12-03 23:00:00"
"24720","790","7","60","2012-11-10 00:00:00","2012-11-21 00:00:00","2012-11-10 00:00:00","2012-12-04 00:00:00","4.0000","49.0000","49.0000","2012-12-03 23:00:00"
"24721","797","7","60","2012-11-10 00:00:00","2012-11-21 00:00:00","2012-11-10 00:00:00","2012-12-04 00:00:00","4.0000","49.0000","49.0000","2012-12-03 23:00:00"
"24722","516","6","50","2012-11-10 00:00:00","2012-11-21 00:00:00","2012-11-10 00:00:00","2012-12-04 00:00:00","3.0000","36.7500","36.7500","2012-12-03 23:00:00"
"24722","516","7","60","2012-11-10 00:00:00","2012-11-21 00:00:00","2012-11-10 00:00:00","2012-12-04 00:00:00","4.0000","49.0000","49.0000","2012-12-03 23:00:00"
"24723","517","6","50","2012-11-10 00:00:00","2012-11-21 00:00:00","2012-11-10 00:00:00","2012-12-04 00:00:00","3.0000","36.7500","36.7500","2012-12-03 23:00:00"
"24723","517","7","60","2012-11-10 00:00:00","2012-11-21 00:00:00","2012-11-10 00:00:00","2012-12-04 00:00:00","4.0000","49.0000","49.0000","2012-12-03 23:00:00"
"24724","518","6","50","2012-11-10 00:00:00","2012-11-21 00:00:00","2012-11-10 00:00:00","2012-12-04 00:00:00","3.0000","36.7500","36.7500","2012-12-03 23:00:00"
"24724","518","7","60","2012-11-10 00:00:00","2012-11-21 00:00:00","2012-11-10 00:00:00","2012-12-04 00:00:00","4.0000","49.0000","49.0000","2012-12-03 23:00:00"
"24725","519","6","50","2012-11-10 00:00:00","2012-11-21 00:00:00","2012-11-10 00:00:00","2012-12-04 00:00:00","3.0000","36.7500","36.7500","2012-12-03 23:00:00"
"24725","519","7","60","2012-11-10 00:00:00","2012-11-21 00:00:00","2012-11-10 00:00:00","2012-12-04 00:00:00","4.0000","49.0000","49.0000","2012-12-03 23:00:00"
"24731","747","1","10","2012-11-10 00:00:00","2012-11-21 00:00:00","2012-11-10 00:00:00","2012-12-04 00:00:00","4.1000","92.2500","92.2500","2012-12-03 23:00:00"
"24731","747","2","20","2012-11-10 00:00:00","2012-11-21 00:00:00","2012-11-10 00:00:00","2012-12-04 00:00:00","3.5000","87.5000","87.5000","2012-12-03 23:00:00"
"24731","747","3","30","2012-11-10 00:00:00","2012-11-21 00:00:00","2012-11-10 00:00:00","2012-12-04 00:00:00","1.0000","14.5000","14.5000","2012-12-03 23:00:00"
"24731","747","4","40","2012-11-10 00:00:00","2012-11-21 00:00:00","2012-11-10 00:00:00","2012-12-04 00:00:00","2.0000","31.5000","31.5000","2012-12-03 23:00:00"
"24731","747","6","50","2012-11-10 00:00:00","2012-11-21 00:00:00","2012-11-10 00:00:00","2012-12-04 00:00:00","3.0000","36.7500","36.7500","2012-12-03 23:00:00"
"24731","747","7","60","2012-11-10 00:00:00","2012-11-21 00:00:00","2012-11-10 00:00:00","2012-12-04 00:00:00","4.0000","49.0000","49.0000","2012-12-03 23:00:00"
"24732","806","6","50","2012-11-10 00:00:00","2012-11-21 00:00:00","2012-11-10 00:00:00","2012-12-04 00:00:00","3.0000","36.7500","36.7500","2012-12-03 23:00:00"
"24733","810","1","10","2012-11-10 00:00:00","2012-11-21 00:00:00","2012-11-10 00:00:00","2012-12-04 00:00:00","4.1000","92.2500","92.2500","2012-12-03 23:00:00"
"24733","810","2","20","2012-11-10 00:00:00","2012-11-21 00:00:00","2012-11-10 00:00:00","2012-12-04 00:00:00","3.5000","87.5000","87.5000","2012-12-03 23:00:00"
"24733","810","6","50","2012-11-10 00:00:00","2012-11-21 00:00:00","2012-11-10 00:00:00","2012-12-04 00:00:00","3.0000","36.7500","36.7500","2012-12-03 23:00:00"
"24734","811","1","10","2012-11-10 00:00:00","2012-11-21 00:00:00","2012-11-10 00:00:00","2012-12-04 00:00:00","4.1000","92.2500","92.2500","2012-12-03 23:00:00"
"24734","811","2","20","2012-11-10 00:00:00","2012-11-21 00:00:00","2012-11-10 00:00:00","2012-12-04 00:00:00","3.5000","87.5000","87.5000","2012-12-03 23:00:00"
"24734","811","6","50","2012-11-10 00:00:00","2012-11-21 00:00:00","2012-11-10 00:00:00","2012-12-04 00:00:00","3.0000","36.7500","36.7500","2012-12-03 23:00:00"
"24735","812","1","10","2012-11-10 00:00:00","2012-11-21 00:00:00","2012-11-10 00:00:00","2012-12-04 00:00:00","4.1000","92.2500","92.2500","2012-12-03 23:00:00"
"24735","812","2","20","2012-11-10 00:00:00","2012-11-21 00:00:00","2012-11-10 00:00:00","2012-12-04 00:00:00","3.5000","87.5000","87.5000","2012-12-03 23:00:00"
"24735","812","6","50","2012-11-10 00:00:00","2012-11-21 00:00:00","2012-11-10 00:00:00","2012-12-04 00:00:00","3.0000","36.7500","36.7500","2012-12-03 23:00:00"
"24736","813","1","10","2012-11-10 00:00:00","2012-11-21 00:00:00","2012-11-10 00:00:00","2012-12-04 00:00:00","4.1000","92.2500","92.2500","2012-12-03 23:00:00"
"24736","813","2","20","2012-11-10 00:00:00","2012-11-21 00:00:00","2012-11-10 00:00:00","2012-12-04 00:00:00","3.5000","87.5000","87.5000","2012-12-03 23:00:00"
"24736","813","6","50","2012-11-10 00:00:00","2012-11-21 00:00:00","2012-11-10 00:00:00","2012-12-04 00:00:00","3.0000","36.7500","36.7500","2012-12-03 23:00:00"
"24737","816","6","50","2012-11-10 00:00:00","2012-11-21 00:00:00","2012-11-10 00:00:00","2012-12-04 00:00:00","3.0000","36.7500","36.7500","2012-12-03 23:00:00"
"24738","818","6","50","2012-11-10 00:00:00","2012-11-21 00:00:00","2012-11-10 00:00:00","2012-12-04 00:00:00","3.0000","36.7500","36.7500","2012-12-03 23:00:00"
"24739","819","6","50","2012-11-10 00:00:00","2012-11-21 00:00:00","2012-11-10 00:00:00","2012-12-04 00:00:00","3.0000","36.7500","36.7500","2012-12-03 23:00:00"
"24740","820","6","50","2012-11-10 00:00:00","2012-11-21 00:00:00","2012-11-10 00:00:00","2012-12-04 00:00:00","3.0000","36.7500","36.7500","2012-12-03 23:00:00"
"24741","822","1","10","2012-11-10 00:00:00","2012-11-21 00:00:00","2012-11-10 00:00:00","2012-12-04 00:00:00","4.1000","92.2500","92.2500","2012-12-03 23:00:00"
"24741","822","2","20","2012-11-10 00:00:00","2012-11-21 00:00:00","2012-11-10 00:00:00","2012-12-04 00:00:00","3.5000","87.5000","87.5000","2012-12-03 23:00:00"
"24741","822","3","30","2012-11-10 00:00:00","2012-11-21 00:00:00","2012-11-10 00:00:00","2012-12-04 00:00:00","1.0000","14.5000","14.5000","2012-12-03 23:00:00"
"24741","822","4","40","2012-11-10 00:00:00","2012-11-21 00:00:00","2012-11-10 00:00:00","2012-12-04 00:00:00","2.0000","31.5000","31.5000","2012-12-03 23:00:00"
"24741","822","6","50","2012-11-10 00:00:00","2012-11-21 00:00:00","2012-11-10 00:00:00","2012-12-04 00:00:00","3.0000","36.7500","36.7500","2012-12-03 23:00:00"
"24741","822","7","60","2012-11-10 00:00:00","2012-11-21 00:00:00","2012-11-10 00:00:00","2012-12-04 00:00:00","4.0000","49.0000","49.0000","2012-12-03 23:00:00"
"24742","824","6","50","2012-11-10 00:00:00","2012-11-21 00:00:00","2012-11-10 00:00:00","2012-12-04 00:00:00","3.0000","36.7500","36.7500","2012-12-03 23:00:00"
"24743","826","6","50","2012-11-10 00:00:00","2012-11-21 00:00:00","2012-11-10 00:00:00","2012-12-04 00:00:00","3.0000","36.7500","36.7500","2012-12-03 23:00:00"
"24744","827","6","50","2012-11-10 00:00:00","2012-11-21 00:00:00","2012-11-10 00:00:00","2012-12-04 00:00:00","3.0000","36.7500","36.7500","2012-12-03 23:00:00"
"24745","828","6","50","2012-11-10 00:00:00","2012-11-21 00:00:00","2012-11-10 00:00:00","2012-12-04 00:00:00","3.0000","36.7500","36.7500","2012-12-03 23:00:00"
"24746","894","6","50","2012-11-10 00:00:00","2012-11-21 00:00:00","2012-11-10 00:00:00","2012-12-04 00:00:00","3.0000","36.7500","36.7500","2012-12-03 23:00:00"
"24747","945","1","10","2012-11-10 00:00:00","2012-11-21 00:00:00","2012-11-10 00:00:00","2012-12-04 00:00:00","4.1000","92.2500","92.2500","2012-12-03 23:00:00"
"24747","945","6","50","2012-11-10 00:00:00","2012-11-21 00:00:00","2012-11-10 00:00:00","2012-12-04 00:00:00","3.0000","36.7500","36.7500","2012-12-03 23:00:00"
"24748","950","6","50","2012-11-10 00:00:00","2012-11-21 00:00:00","2012-11-10 00:00:00","2012-12-04 00:00:00","3.0000","36.7500","36.7500","2012-12-03 23:00:00"
"24749","994","6","50","2012-11-10 00:00:00","2012-11-21 00:00:00","2012-11-10 00:00:00","2012-12-04 00:00:00","3.0000","36.7500","36.7500","2012-12-03 23:00:00"
"24750","995","6","50","2012-11-10 00:00:00","2012-11-21 00:00:00","2012-11-10 00:00:00","2012-12-04 00:00:00","3.0000","36.7500","36.7500","2012-12-03 23:00:00"
"24751","996","6","50","2012-11-10 00:00:00","2012-11-21 00:00:00","2012-11-10 00:00:00","2012-12-04 00:00:00","3.0000","36.7500","36.7500","2012-12-03 23:00:00"
"24765","802","1","10","2012-11-10 00:00:00","2012-11-21 00:00:00","2012-11-10 00:00:00","2012-12-04 00:00:00","4.1000","92.2500","92.2500","2012-12-03 23:00:00"
"24765","802","6","50","2012-11-10 00:00:00","2012-11-21 00:00:00","2012-11-10 00:00:00","2012-12-04 00:00:00","3.0000","36.7500","36.7500","2012-12-03 23:00:00"
"24766","803","1","10","2012-11-10 00:00:00","2012-11-21 00:00:00","2012-11-10 00:00:00","2012-12-04 00:00:00","4.1000","92.2500","92.2500","2012-12-03 23:00:00"
"24766","803","6","50","2012-11-10 00:00:00","2012-11-21 00:00:00","2012-11-10 00:00:00","2012-12-04 00:00:00","3.0000","36.7500","36.7500","2012-12-03 23:00:00"
"24767","804","1","10","2012-11-10 00:00:00","2012-11-21 00:00:00","2012-11-10 00:00:00","2012-12-04 00:00:00","4.1000","92.2500","92.2500","2012-12-03 23:00:00"
"24767","804","6","50","2012-11-10 00:00:00","2012-11-21 00:00:00","2012-11-10 00:00:00","2012-12-04 00:00:00","3.0000","36.7500","36.7500","2012-12-03 23:00:00"
"24772","766","7","60","2012-11-11 00:00:00","2012-11-22 00:00:00","2012-11-14 00:00:00","2012-11-22 00:00:00","4.0000","49.0000","49.0000","2012-11-21 23:00:00"
"24773","782","7","60","2012-11-11 00:00:00","2012-11-22 00:00:00","2012-11-14 00:00:00","2012-11-22 00:00:00","4.0000","49.0000","49.0000","2012-11-21 23:00:00"
"24774","783","7","60","2012-11-11 00:00:00","2012-11-22 00:00:00","2012-11-14 00:00:00","2012-11-22 00:00:00","4.0000","49.0000","49.0000","2012-11-21 23:00:00"
"24775","784","7","60","2012-11-11 00:00:00","2012-11-22 00:00:00","2012-11-14 00:00:00","2012-11-22 00:00:00","4.0000","49.0000","49.0000","2012-11-21 23:00:00"
"24776","798","7","60","2012-11-11 00:00:00","2012-11-22 00:00:00","2012-11-14 00:00:00","2012-11-22 00:00:00","4.0000","49.0000","49.0000","2012-11-21 23:00:00"
"24777","799","7","60","2012-11-11 00:00:00","2012-11-22 00:00:00","2012-11-14 00:00:00","2012-11-22 00:00:00","4.0000","49.0000","49.0000","2012-11-21 23:00:00"
"24778","800","7","60","2012-11-11 00:00:00","2012-11-22 00:00:00","2012-11-14 00:00:00","2012-11-22 00:00:00","4.0000","49.0000","49.0000","2012-11-21 23:00:00"
"24779","516","6","50","2012-11-11 00:00:00","2012-11-22 00:00:00","2012-11-14 00:00:00","2012-11-22 00:00:00","3.0000","36.7500","36.7500","2012-11-21 23:00:00"
"24779","516","7","60","2012-11-11 00:00:00","2012-11-22 00:00:00","2012-11-14 00:00:00","2012-11-22 00:00:00","4.0000","49.0000","49.0000","2012-11-21 23:00:00"
"24780","517","6","50","2012-11-11 00:00:00","2012-11-22 00:00:00","2012-11-14 00:00:00","2012-11-22 00:00:00","3.0000","36.7500","36.7500","2012-11-21 23:00:00"
"24780","517","7","60","2012-11-11 00:00:00","2012-11-22 00:00:00","2012-11-14 00:00:00","2012-11-22 00:00:00","4.0000","49.0000","49.0000","2012-11-21 23:00:00"
"24781","518","6","50","2012-11-11 00:00:00","2012-11-22 00:00:00","2012-11-14 00:00:00","2012-11-22 00:00:00","3.0000","36.7500","36.7500","2012-11-21 23:00:00"
"24781","518","7","60","2012-11-11 00:00:00","2012-11-22 00:00:00","2012-11-14 00:00:00","2012-11-22 00:00:00","4.0000","49.0000","49.0000","2012-11-21 23:00:00"
"24785","747","1","10","2012-11-11 00:00:00","2012-11-22 00:00:00","2012-11-14 00:00:00","2012-11-22 00:00:00","4.1000","92.2500","92.2500","2012-11-21 23:00:00"
"24785","747","2","20","2012-11-11 00:00:00","2012-11-22 00:00:00","2012-11-14 00:00:00","2012-11-22 00:00:00","3.5000","87.5000","87.5000","2012-11-21 23:00:00"
"24785","747","3","30","2012-11-11 00:00:00","2012-11-22 00:00:00","2012-11-14 00:00:00","2012-11-22 00:00:00","1.0000","14.5000","14.5000","2012-11-21 23:00:00"
"24785","747","4","40","2012-11-11 00:00:00","2012-11-22 00:00:00","2012-11-14 00:00:00","2012-11-22 00:00:00","2.0000","31.5000","31.5000","2012-11-21 23:00:00"
"24785","747","6","50","2012-11-11 00:00:00","2012-11-22 00:00:00","2012-11-14 00:00:00","2012-11-22 00:00:00","3.0000","36.7500","36.7500","2012-11-21 23:00:00"
"24785","747","7","60","2012-11-11 00:00:00","2012-11-22 00:00:00","2012-11-14 00:00:00","2012-11-22 00:00:00","4.0000","49.0000","49.0000","2012-11-21 23:00:00"
"24786","806","6","50","2012-11-11 00:00:00","2012-11-22 00:00:00","2012-11-14 00:00:00","2012-11-22 00:00:00","3.0000","36.7500","36.7500","2012-11-21 23:00:00"
"24787","810","1","10","2012-11-11 00:00:00","2012-11-22 00:00:00","2012-11-14 00:00:00","2012-11-22 00:00:00","4.1000","92.2500","92.2500","2012-11-21 23:00:00"
"24787","810","2","20","2012-11-11 00:00:00","2012-11-22 00:00:00","2012-11-14 00:00:00","2012-11-22 00:00:00","3.5000","87.5000","87.5000","2012-11-21 23:00:00"
"24787","810","6","50","2012-11-11 00:00:00","2012-11-22 00:00:00","2012-11-14 00:00:00","2012-11-22 00:00:00","3.0000","36.7500","36.7500","2012-11-21 23:00:00"
"24788","811","1","10","2012-11-11 00:00:00","2012-11-22 00:00:00","2012-11-14 00:00:00","2012-11-22 00:00:00","4.1000","92.2500","92.2500","2012-11-21 23:00:00"
"24788","811","2","20","2012-11-11 00:00:00","2012-11-22 00:00:00","2012-11-14 00:00:00","2012-11-22 00:00:00","3.5000","87.5000","87.5000","2012-11-21 23:00:00"
"24788","811","6","50","2012-11-11 00:00:00","2012-11-22 00:00:00","2012-11-14 00:00:00","2012-11-22 00:00:00","3.0000","36.7500","36.7500","2012-11-21 23:00:00"
"24789","812","1","10","2012-11-11 00:00:00","2012-11-22 00:00:00","2012-11-14 00:00:00","2012-11-22 00:00:00","4.1000","92.2500","92.2500","2012-11-21 23:00:00"
"24789","812","2","20","2012-11-11 00:00:00","2012-11-22 00:00:00","2012-11-14 00:00:00","2012-11-22 00:00:00","3.5000","87.5000","87.5000","2012-11-21 23:00:00"
"24789","812","6","50","2012-11-11 00:00:00","2012-11-22 00:00:00","2012-11-14 00:00:00","2012-11-22 00:00:00","3.0000","36.7500","36.7500","2012-11-21 23:00:00"
"24790","816","6","50","2012-11-11 00:00:00","2012-11-22 00:00:00","2012-11-14 00:00:00","2012-11-22 00:00:00","3.0000","36.7500","36.7500","2012-11-21 23:00:00"
"24791","818","6","50","2012-11-11 00:00:00","2012-11-22 00:00:00","2012-11-14 00:00:00","2012-11-22 00:00:00","3.0000","36.7500","36.7500","2012-11-21 23:00:00"
"24792","819","6","50","2012-11-11 00:00:00","2012-11-22 00:00:00","2012-11-14 00:00:00","2012-11-22 00:00:00","3.0000","36.7500","36.7500","2012-11-21 23:00:00"
"24793","824","6","50","2012-11-11 00:00:00","2012-11-22 00:00:00","2012-11-14 00:00:00","2012-11-22 00:00:00","3.0000","36.7500","36.7500","2012-11-21 23:00:00"
"24794","826","6","50","2012-11-11 00:00:00","2012-11-22 00:00:00","2012-11-14 00:00:00","2012-11-22 00:00:00","3.0000","36.7500","36.7500","2012-11-21 23:00:00"
"24795","827","6","50","2012-11-11 00:00:00","2012-11-22 00:00:00","2012-11-14 00:00:00","2012-11-22 00:00:00","3.0000","36.7500","36.7500","2012-11-21 23:00:00"
"24799","894","6","50","2012-11-11 00:00:00","2012-11-22 00:00:00","2012-11-14 00:00:00","2012-11-22 00:00:00","3.0000","36.7500","36.7500","2012-11-21 23:00:00"
"24800","945","1","10","2012-11-11 00:00:00","2012-11-22 00:00:00","2012-11-14 00:00:00","2012-11-22 00:00:00","4.1000","92.2500","92.2500","2012-11-21 23:00:00"
"24800","945","6","50","2012-11-11 00:00:00","2012-11-22 00:00:00","2012-11-14 00:00:00","2012-11-22 00:00:00","3.0000","36.7500","36.7500","2012-11-21 23:00:00"
"24801","950","6","50","2012-11-11 00:00:00","2012-11-22 00:00:00","2012-11-14 00:00:00","2012-11-22 00:00:00","3.0000","36.7500","36.7500","2012-11-21 23:00:00"
"24802","994","6","50","2012-11-11 00:00:00","2012-11-22 00:00:00","2012-11-14 00:00:00","2012-11-22 00:00:00","3.0000","36.7500","36.7500","2012-11-21 23:00:00"
"24803","995","6","50","2012-11-11 00:00:00","2012-11-22 00:00:00","2012-11-14 00:00:00","2012-11-22 00:00:00","3.0000","36.7500","36.7500","2012-11-21 23:00:00"
"24817","802","1","10","2012-11-11 00:00:00","2012-11-22 00:00:00","2012-11-14 00:00:00","2012-11-22 00:00:00","4.1000","92.2500","92.2500","2012-11-21 23:00:00"
"24817","802","6","50","2012-11-11 00:00:00","2012-11-22 00:00:00","2012-11-14 00:00:00","2012-11-22 00:00:00","3.0000","36.7500","36.7500","2012-11-21 23:00:00"
"24818","803","1","10","2012-11-11 00:00:00","2012-11-22 00:00:00","2012-11-14 00:00:00","2012-11-22 00:00:00","4.1000","92.2500","92.2500","2012-11-21 23:00:00"
"24818","803","6","50","2012-11-11 00:00:00","2012-11-22 00:00:00","2012-11-14 00:00:00","2012-11-22 00:00:00","3.0000","36.7500","36.7500","2012-11-21 23:00:00"
"24819","804","1","10","2012-11-11 00:00:00","2012-11-22 00:00:00","2012-11-14 00:00:00","2012-11-22 00:00:00","4.1000","92.2500","92.2500","2012-11-21 23:00:00"
"24819","804","6","50","2012-11-11 00:00:00","2012-11-22 00:00:00","2012-11-14 00:00:00","2012-11-22 00:00:00","3.0000","36.7500","36.7500","2012-11-21 23:00:00"
"24824","759","7","60","2012-11-12 00:00:00","2012-11-23 00:00:00","2012-11-12 00:00:00","2012-12-08 00:00:00","4.0000","49.0000","49.0000","2012-12-07 23:00:00"
"24825","768","7","60","2012-11-12 00:00:00","2012-11-23 00:00:00","2012-11-12 00:00:00","2012-12-08 00:00:00","4.0000","49.0000","49.0000","2012-12-07 23:00:00"
"24826","769","7","60","2012-11-12 00:00:00","2012-11-23 00:00:00","2012-11-12 00:00:00","2012-12-08 00:00:00","4.0000","49.0000","49.0000","2012-12-07 23:00:00"
"24827","779","7","60","2012-11-12 00:00:00","2012-11-23 00:00:00","2012-11-12 00:00:00","2012-12-08 00:00:00","4.0000","49.0000","49.0000","2012-12-07 23:00:00"
"24828","780","7","60","2012-11-12 00:00:00","2012-11-23 00:00:00","2012-11-12 00:00:00","2012-12-08 00:00:00","4.0000","49.0000","49.0000","2012-12-07 23:00:00"
"24829","784","7","60","2012-11-12 00:00:00","2012-11-23 00:00:00","2012-11-12 00:00:00","2012-12-08 00:00:00","4.0000","49.0000","49.0000","2012-12-07 23:00:00"
"24830","791","7","60","2012-11-12 00:00:00","2012-11-23 00:00:00","2012-11-12 00:00:00","2012-12-08 00:00:00","4.0000","49.0000","49.0000","2012-12-07 23:00:00"
"24831","792","7","60","2012-11-12 00:00:00","2012-11-23 00:00:00","2012-11-12 00:00:00","2012-12-08 00:00:00","4.0000","49.0000","49.0000","2012-12-07 23:00:00"
"24832","794","7","60","2012-11-12 00:00:00","2012-11-23 00:00:00","2012-11-12 00:00:00","2012-12-08 00:00:00","4.0000","49.0000","49.0000","2012-12-07 23:00:00"
"24833","795","7","60","2012-11-12 00:00:00","2012-11-23 00:00:00","2012-11-12 00:00:00","2012-12-08 00:00:00","4.0000","49.0000","49.0000","2012-12-07 23:00:00"
"24834","796","7","60","2012-11-12 00:00:00","2012-11-23 00:00:00","2012-11-12 00:00:00","2012-12-08 00:00:00","4.0000","49.0000","49.0000","2012-12-07 23:00:00"
"24835","801","7","60","2012-11-12 00:00:00","2012-11-23 00:00:00","2012-11-12 00:00:00","2012-12-08 00:00:00","4.0000","49.0000","49.0000","2012-12-07 23:00:00"
"24836","516","6","50","2012-11-12 00:00:00","2012-11-23 00:00:00","2012-11-12 00:00:00","2012-12-08 00:00:00","3.0000","36.7500","36.7500","2012-12-07 23:00:00"
"24836","516","7","60","2012-11-12 00:00:00","2012-11-23 00:00:00","2012-11-12 00:00:00","2012-12-08 00:00:00","4.0000","49.0000","49.0000","2012-12-07 23:00:00"
"24837","517","6","50","2012-11-12 00:00:00","2012-11-23 00:00:00","2012-11-12 00:00:00","2012-12-08 00:00:00","3.0000","36.7500","36.7500","2012-12-07 23:00:00"
"24837","517","7","60","2012-11-12 00:00:00","2012-11-23 00:00:00","2012-11-12 00:00:00","2012-12-08 00:00:00","4.0000","49.0000","49.0000","2012-12-07 23:00:00"
"24838","518","6","50","2012-11-12 00:00:00","2012-11-23 00:00:00","2012-11-12 00:00:00","2012-12-08 00:00:00","3.0000","36.7500","36.7500","2012-12-07 23:00:00"
"24838","518","7","60","2012-11-12 00:00:00","2012-11-23 00:00:00","2012-11-12 00:00:00","2012-12-08 00:00:00","4.0000","49.0000","49.0000","2012-12-07 23:00:00"
"24839","519","6","50","2012-11-12 00:00:00","2012-11-23 00:00:00","2012-11-12 00:00:00","2012-12-08 00:00:00","3.0000","36.7500","36.7500","2012-12-07 23:00:00"
"24839","519","7","60","2012-11-12 00:00:00","2012-11-23 00:00:00","2012-11-12 00:00:00","2012-12-08 00:00:00","4.0000","49.0000","49.0000","2012-12-07 23:00:00"
"24848","748","1","10","2012-11-12 00:00:00","2012-11-23 00:00:00","2012-11-12 00:00:00","2012-12-08 00:00:00","4.1000","92.2500","92.2500","2012-12-07 23:00:00"
"24848","748","2","20","2012-11-12 00:00:00","2012-11-23 00:00:00","2012-11-12 00:00:00","2012-12-08 00:00:00","3.5000","87.5000","87.5000","2012-12-07 23:00:00"
"24848","748","3","30","2012-11-12 00:00:00","2012-11-23 00:00:00","2012-11-12 00:00:00","2012-12-08 00:00:00","1.0000","14.5000","14.5000","2012-12-07 23:00:00"
"24848","748","5","45","2012-11-12 00:00:00","2012-11-23 00:00:00","2012-11-12 00:00:00","2012-12-08 00:00:00","2.0000","36.0000","36.0000","2012-12-07 23:00:00"
"24848","748","6","50","2012-11-12 00:00:00","2012-11-23 00:00:00","2012-11-12 00:00:00","2012-12-08 00:00:00","3.0000","36.7500","36.7500","2012-12-07 23:00:00"
"24848","748","7","60","2012-11-12 00:00:00","2012-11-23 00:00:00","2012-11-12 00:00:00","2012-12-08 00:00:00","4.0000","49.0000","49.0000","2012-12-07 23:00:00"
"24849","806","6","50","2012-11-12 00:00:00","2012-11-23 00:00:00","2012-11-12 00:00:00","2012-12-08 00:00:00","3.0000","36.7500","36.7500","2012-12-07 23:00:00"
"24850","810","1","10","2012-11-12 00:00:00","2012-11-23 00:00:00","2012-11-12 00:00:00","2012-12-08 00:00:00","4.1000","92.2500","92.2500","2012-12-07 23:00:00"
"24850","810","2","20","2012-11-12 00:00:00","2012-11-23 00:00:00","2012-11-12 00:00:00","2012-12-08 00:00:00","3.5000","87.5000","87.5000","2012-12-07 23:00:00"
"24850","810","6","50","2012-11-12 00:00:00","2012-11-23 00:00:00","2012-11-12 00:00:00","2012-12-08 00:00:00","3.0000","36.7500","36.7500","2012-12-07 23:00:00"
"24851","811","1","10","2012-11-12 00:00:00","2012-11-23 00:00:00","2012-11-12 00:00:00","2012-12-08 00:00:00","4.1000","92.2500","92.2500","2012-12-07 23:00:00"
"24851","811","2","20","2012-11-12 00:00:00","2012-11-23 00:00:00","2012-11-12 00:00:00","2012-12-08 00:00:00","3.5000","87.5000","87.5000","2012-12-07 23:00:00"
"24851","811","6","50","2012-11-12 00:00:00","2012-11-23 00:00:00","2012-11-12 00:00:00","2012-12-08 00:00:00","3.0000","36.7500","36.7500","2012-12-07 23:00:00"
"24852","812","1","10","2012-11-12 00:00:00","2012-11-23 00:00:00","2012-11-12 00:00:00","2012-12-08 00:00:00","4.1000","92.2500","92.2500","2012-12-07 23:00:00"
"24852","812","2","20","2012-11-12 00:00:00","2012-11-23 00:00:00","2012-11-12 00:00:00","2012-12-08 00:00:00","3.5000","87.5000","87.5000","2012-12-07 23:00:00"
"24852","812","6","50","2012-11-12 00:00:00","2012-11-23 00:00:00","2012-11-12 00:00:00","2012-12-08 00:00:00","3.0000","36.7500","36.7500","2012-12-07 23:00:00"
"24853","813","1","10","2012-11-12 00:00:00","2012-11-23 00:00:00","2012-11-12 00:00:00","2012-12-08 00:00:00","4.1000","92.2500","92.2500","2012-12-07 23:00:00"
"24853","813","2","20","2012-11-12 00:00:00","2012-11-23 00:00:00","2012-11-12 00:00:00","2012-12-08 00:00:00","3.5000","87.5000","87.5000","2012-12-07 23:00:00"
"24853","813","6","50","2012-11-12 00:00:00","2012-11-23 00:00:00","2012-11-12 00:00:00","2012-12-08 00:00:00","3.0000","36.7500","36.7500","2012-12-07 23:00:00"
"24854","816","6","50","2012-11-12 00:00:00","2012-11-23 00:00:00","2012-11-12 00:00:00","2012-12-08 00:00:00","3.0000","36.7500","36.7500","2012-12-07 23:00:00"
"24855","818","6","50","2012-11-12 00:00:00","2012-11-23 00:00:00","2012-11-12 00:00:00","2012-12-08 00:00:00","3.0000","36.7500","36.7500","2012-12-07 23:00:00"
"24856","819","6","50","2012-11-12 00:00:00","2012-11-23 00:00:00","2012-11-12 00:00:00","2012-12-08 00:00:00","3.0000","36.7500","36.7500","2012-12-07 23:00:00"
"24857","820","6","50","2012-11-12 00:00:00","2012-11-23 00:00:00","2012-11-12 00:00:00","2012-12-08 00:00:00","3.0000","36.7500","36.7500","2012-12-07 23:00:00"
"24858","824","6","50","2012-11-12 00:00:00","2012-11-23 00:00:00","2012-11-12 00:00:00","2012-12-08 00:00:00","3.0000","36.7500","36.7500","2012-12-07 23:00:00"
"24859","826","6","50","2012-11-12 00:00:00","2012-11-23 00:00:00","2012-11-12 00:00:00","2012-12-08 00:00:00","3.0000","36.7500","36.7500","2012-12-07 23:00:00"
"24860","827","6","50","2012-11-12 00:00:00","2012-11-23 00:00:00","2012-11-12 00:00:00","2012-12-08 00:00:00","3.0000","36.7500","36.7500","2012-12-07 23:00:00"
"24861","828","6","50","2012-11-12 00:00:00","2012-11-23 00:00:00","2012-11-12 00:00:00","2012-12-08 00:00:00","3.0000","36.7500","36.7500","2012-12-07 23:00:00"
"24865","894","6","50","2012-11-12 00:00:00","2012-11-23 00:00:00","2012-11-12 00:00:00","2012-12-08 00:00:00","3.0000","36.7500","36.7500","2012-12-07 23:00:00"
"24866","945","1","10","2012-11-12 00:00:00","2012-11-23 00:00:00","2012-11-12 00:00:00","2012-12-08 00:00:00","4.1000","92.2500","92.2500","2012-12-07 23:00:00"
"24866","945","6","50","2012-11-12 00:00:00","2012-11-23 00:00:00","2012-11-12 00:00:00","2012-12-08 00:00:00","3.0000","36.7500","36.7500","2012-12-07 23:00:00"
"24867","950","6","50","2012-11-12 00:00:00","2012-11-23 00:00:00","2012-11-12 00:00:00","2012-12-08 00:00:00","3.0000","36.7500","36.7500","2012-12-07 23:00:00"
"24868","994","6","50","2012-11-12 00:00:00","2012-11-23 00:00:00","2012-11-12 00:00:00","2012-12-08 00:00:00","3.0000","36.7500","36.7500","2012-12-07 23:00:00"
"24869","995","6","50","2012-11-12 00:00:00","2012-11-23 00:00:00","2012-11-12 00:00:00","2012-12-08 00:00:00","3.0000","36.7500","36.7500","2012-12-07 23:00:00"
"24870","996","6","50","2012-11-12 00:00:00","2012-11-23 00:00:00","2012-11-12 00:00:00","2012-12-08 00:00:00","3.0000","36.7500","36.7500","2012-12-07 23:00:00"
"24884","802","1","10","2012-11-12 00:00:00","2012-11-23 00:00:00","2012-11-12 00:00:00","2012-12-08 00:00:00","4.1000","92.2500","92.2500","2012-12-07 23:00:00"
"24884","802","6","50","2012-11-12 00:00:00","2012-11-23 00:00:00","2012-11-12 00:00:00","2012-12-08 00:00:00","3.0000","36.7500","36.7500","2012-12-07 23:00:00"
"24885","803","1","10","2012-11-12 00:00:00","2012-11-23 00:00:00","2012-11-12 00:00:00","2012-12-08 00:00:00","4.1000","92.2500","92.2500","2012-12-07 23:00:00"
"24885","803","6","50","2012-11-12 00:00:00","2012-11-23 00:00:00","2012-11-12 00:00:00","2012-12-08 00:00:00","3.0000","36.7500","36.7500","2012-12-07 23:00:00"
"24886","804","1","10","2012-11-12 00:00:00","2012-11-23 00:00:00","2012-11-12 00:00:00","2012-12-08 00:00:00","4.1000","92.2500","92.2500","2012-12-07 23:00:00"
"24886","804","6","50","2012-11-12 00:00:00","2012-11-23 00:00:00","2012-11-12 00:00:00","2012-12-08 00:00:00","3.0000","36.7500","36.7500","2012-12-07 23:00:00"
"24891","763","7","60","2012-11-13 00:00:00","2012-11-24 00:00:00","2012-11-18 00:00:00","2012-11-24 00:00:00","4.0000","49.0000","49.0000","2012-11-23 23:00:00"
"24892","779","7","60","2012-11-13 00:00:00","2012-11-24 00:00:00","2012-11-18 00:00:00","2012-11-24 00:00:00","4.0000","49.0000","49.0000","2012-11-23 23:00:00"
"24893","783","7","60","2012-11-13 00:00:00","2012-11-24 00:00:00","2012-11-18 00:00:00","2012-11-24 00:00:00","4.0000","49.0000","49.0000","2012-11-23 23:00:00"
"24894","784","7","60","2012-11-13 00:00:00","2012-11-24 00:00:00","2012-11-18 00:00:00","2012-11-24 00:00:00","4.0000","49.0000","49.0000","2012-11-23 23:00:00"
"24895","789","7","60","2012-11-13 00:00:00","2012-11-24 00:00:00","2012-11-18 00:00:00","2012-11-24 00:00:00","4.0000","49.0000","49.0000","2012-11-23 23:00:00"
"24896","791","7","60","2012-11-13 00:00:00","2012-11-24 00:00:00","2012-11-18 00:00:00","2012-11-24 00:00:00","4.0000","49.0000","49.0000","2012-11-23 23:00:00"
"24897","792","7","60","2012-11-13 00:00:00","2012-11-24 00:00:00","2012-11-18 00:00:00","2012-11-24 00:00:00","4.0000","49.0000","49.0000","2012-11-23 23:00:00"
"24898","794","7","60","2012-11-13 00:00:00","2012-11-24 00:00:00","2012-11-18 00:00:00","2012-11-24 00:00:00","4.0000","49.0000","49.0000","2012-11-23 23:00:00"
"24899","795","7","60","2012-11-13 00:00:00","2012-11-24 00:00:00","2012-11-18 00:00:00","2012-11-24 00:00:00","4.0000","49.0000","49.0000","2012-11-23 23:00:00"
"24900","796","7","60","2012-11-13 00:00:00","2012-11-24 00:00:00","2012-11-18 00:00:00","2012-11-24 00:00:00","4.0000","49.0000","49.0000","2012-11-23 23:00:00"
"24901","797","7","60","2012-11-13 00:00:00","2012-11-24 00:00:00","2012-11-18 00:00:00","2012-11-24 00:00:00","4.0000","49.0000","49.0000","2012-11-23 23:00:00"
"24902","799","7","60","2012-11-13 00:00:00","2012-11-24 00:00:00","2012-11-18 00:00:00","2012-11-24 00:00:00","4.0000","49.0000","49.0000","2012-11-23 23:00:00"
"24903","516","6","50","2012-11-13 00:00:00","2012-11-24 00:00:00","2012-11-18 00:00:00","2012-11-24 00:00:00","3.0000","36.7500","36.7500","2012-11-23 23:00:00"
"24903","516","7","60","2012-11-13 00:00:00","2012-11-24 00:00:00","2012-11-18 00:00:00","2012-11-24 00:00:00","4.0000","49.0000","49.0000","2012-11-23 23:00:00"
"24904","517","6","50","2012-11-13 00:00:00","2012-11-24 00:00:00","2012-11-18 00:00:00","2012-11-24 00:00:00","3.0000","36.7500","36.7500","2012-11-23 23:00:00"
"24904","517","7","60","2012-11-13 00:00:00","2012-11-24 00:00:00","2012-11-18 00:00:00","2012-11-24 00:00:00","4.0000","49.0000","49.0000","2012-11-23 23:00:00"
"24905","518","6","50","2012-11-13 00:00:00","2012-11-24 00:00:00","2012-11-18 00:00:00","2012-11-24 00:00:00","3.0000","36.7500","36.7500","2012-11-23 23:00:00"
"24905","518","7","60","2012-11-13 00:00:00","2012-11-24 00:00:00","2012-11-18 00:00:00","2012-11-24 00:00:00","4.0000","49.0000","49.0000","2012-11-23 23:00:00"
"24906","519","6","50","2012-11-13 00:00:00","2012-11-24 00:00:00","2012-11-18 00:00:00","2012-11-24 00:00:00","3.0000","36.7500","36.7500","2012-11-23 23:00:00"
"24906","519","7","60","2012-11-13 00:00:00","2012-11-24 00:00:00","2012-11-18 00:00:00","2012-11-24 00:00:00","4.0000","49.0000","49.0000","2012-11-23 23:00:00"
"24914","748","1","10","2012-11-13 00:00:00","2012-11-24 00:00:00","2012-11-18 00:00:00","2012-11-24 00:00:00","4.1000","92.2500","92.2500","2012-11-23 23:00:00"
"24914","748","2","20","2012-11-13 00:00:00","2012-11-24 00:00:00","2012-11-18 00:00:00","2012-11-24 00:00:00","3.5000","87.5000","87.5000","2012-11-23 23:00:00"
"24914","748","3","30","2012-11-13 00:00:00","2012-11-24 00:00:00","2012-11-18 00:00:00","2012-11-24 00:00:00","1.0000","14.5000","14.5000","2012-11-23 23:00:00"
"24914","748","5","45","2012-11-13 00:00:00","2012-11-24 00:00:00","2012-11-18 00:00:00","2012-11-24 00:00:00","2.0000","36.0000","36.0000","2012-11-23 23:00:00"
"24914","748","6","50","2012-11-13 00:00:00","2012-11-24 00:00:00","2012-11-18 00:00:00","2012-11-24 00:00:00","3.0000","36.7500","36.7500","2012-11-23 23:00:00"
"24914","748","7","60","2012-11-13 00:00:00","2012-11-24 00:00:00","2012-11-18 00:00:00","2012-11-24 00:00:00","4.0000","49.0000","49.0000","2012-11-23 23:00:00"
"24915","806","6","50","2012-11-13 00:00:00","2012-11-24 00:00:00","2012-11-18 00:00:00","2012-11-24 00:00:00","3.0000","36.7500","36.7500","2012-11-23 23:00:00"
"24916","810","1","10","2012-11-13 00:00:00","2012-11-24 00:00:00","2012-11-18 00:00:00","2012-11-24 00:00:00","4.1000","92.2500","92.2500","2012-11-23 23:00:00"
"24916","810","2","20","2012-11-13 00:00:00","2012-11-24 00:00:00","2012-11-18 00:00:00","2012-11-24 00:00:00","3.5000","87.5000","87.5000","2012-11-23 23:00:00"
"24916","810","6","50","2012-11-13 00:00:00","2012-11-24 00:00:00","2012-11-18 00:00:00","2012-11-24 00:00:00","3.0000","36.7500","36.7500","2012-11-23 23:00:00"
"24917","811","1","10","2012-11-13 00:00:00","2012-11-24 00:00:00","2012-11-18 00:00:00","2012-11-24 00:00:00","4.1000","92.2500","92.2500","2012-11-23 23:00:00"
"24917","811","2","20","2012-11-13 00:00:00","2012-11-24 00:00:00","2012-11-18 00:00:00","2012-11-24 00:00:00","3.5000","87.5000","87.5000","2012-11-23 23:00:00"
"24917","811","6","50","2012-11-13 00:00:00","2012-11-24 00:00:00","2012-11-18 00:00:00","2012-11-24 00:00:00","3.0000","36.7500","36.7500","2012-11-23 23:00:00"
"24918","812","1","10","2012-11-13 00:00:00","2012-11-24 00:00:00","2012-11-18 00:00:00","2012-11-24 00:00:00","4.1000","92.2500","92.2500","2012-11-23 23:00:00"
"24918","812","2","20","2012-11-13 00:00:00","2012-11-24 00:00:00","2012-11-18 00:00:00","2012-11-24 00:00:00","3.5000","87.5000","87.5000","2012-11-23 23:00:00"
"24918","812","6","50","2012-11-13 00:00:00","2012-11-24 00:00:00","2012-11-18 00:00:00","2012-11-24 00:00:00","3.0000","36.7500","36.7500","2012-11-23 23:00:00"
"24919","813","1","10","2012-11-13 00:00:00","2012-11-24 00:00:00","2012-11-18 00:00:00","2012-11-24 00:00:00","4.1000","92.2500","92.2500","2012-11-23 23:00:00"
"24919","813","2","20","2012-11-13 00:00:00","2012-11-24 00:00:00","2012-11-18 00:00:00","2012-11-24 00:00:00","3.5000","87.5000","87.5000","2012-11-23 23:00:00"
"24919","813","6","50","2012-11-13 00:00:00","2012-11-24 00:00:00","2012-11-18 00:00:00","2012-11-24 00:00:00","3.0000","36.7500","36.7500","2012-11-23 23:00:00"
"24920","816","6","50","2012-11-13 00:00:00","2012-11-24 00:00:00","2012-11-18 00:00:00","2012-11-24 00:00:00","3.0000","36.7500","36.7500","2012-11-23 23:00:00"
"24921","818","6","50","2012-11-13 00:00:00","2012-11-24 00:00:00","2012-11-18 00:00:00","2012-11-24 00:00:00","3.0000","36.7500","36.7500","2012-11-23 23:00:00"
"24922","819","6","50","2012-11-13 00:00:00","2012-11-24 00:00:00","2012-11-18 00:00:00","2012-11-24 00:00:00","3.0000","36.7500","36.7500","2012-11-23 23:00:00"
"24923","820","6","50","2012-11-13 00:00:00","2012-11-24 00:00:00","2012-11-18 00:00:00","2012-11-24 00:00:00","3.0000","36.7500","36.7500","2012-11-23 23:00:00"
"24924","822","1","10","2012-11-13 00:00:00","2012-11-24 00:00:00","2012-11-18 00:00:00","2012-11-24 00:00:00","4.1000","92.2500","92.2500","2012-11-23 23:00:00"
"24924","822","2","20","2012-11-13 00:00:00","2012-11-24 00:00:00","2012-11-18 00:00:00","2012-11-24 00:00:00","3.5000","87.5000","87.5000","2012-11-23 23:00:00"
"24924","822","3","30","2012-11-13 00:00:00","2012-11-24 00:00:00","2012-11-18 00:00:00","2012-11-24 00:00:00","1.0000","14.5000","14.5000","2012-11-23 23:00:00"
"24924","822","4","40","2012-11-13 00:00:00","2012-11-24 00:00:00","2012-11-18 00:00:00","2012-11-24 00:00:00","2.0000","31.5000","31.5000","2012-11-23 23:00:00"
"24924","822","6","50","2012-11-13 00:00:00","2012-11-24 00:00:00","2012-11-18 00:00:00","2012-11-24 00:00:00","3.0000","36.7500","36.7500","2012-11-23 23:00:00"
"24924","822","7","60","2012-11-13 00:00:00","2012-11-24 00:00:00","2012-11-18 00:00:00","2012-11-24 00:00:00","4.0000","49.0000","49.0000","2012-11-23 23:00:00"
"24925","824","6","50","2012-11-13 00:00:00","2012-11-24 00:00:00","2012-11-18 00:00:00","2012-11-24 00:00:00","3.0000","36.7500","36.7500","2012-11-23 23:00:00"
"24926","826","6","50","2012-11-13 00:00:00","2012-11-24 00:00:00","2012-11-18 00:00:00","2012-11-24 00:00:00","3.0000","36.7500","36.7500","2012-11-23 23:00:00"
"24927","827","6","50","2012-11-13 00:00:00","2012-11-24 00:00:00","2012-11-18 00:00:00","2012-11-24 00:00:00","3.0000","36.7500","36.7500","2012-11-23 23:00:00"
"24928","828","6","50","2012-11-13 00:00:00","2012-11-24 00:00:00","2012-11-18 00:00:00","2012-11-24 00:00:00","3.0000","36.7500","36.7500","2012-11-23 23:00:00"
"24932","894","6","50","2012-11-13 00:00:00","2012-11-24 00:00:00","2012-11-18 00:00:00","2012-11-24 00:00:00","3.0000","36.7500","36.7500","2012-11-23 23:00:00"
"24933","945","1","10","2012-11-13 00:00:00","2012-11-24 00:00:00","2012-11-18 00:00:00","2012-11-24 00:00:00","4.1000","92.2500","92.2500","2012-11-23 23:00:00"
"24933","945","6","50","2012-11-13 00:00:00","2012-11-24 00:00:00","2012-11-18 00:00:00","2012-11-24 00:00:00","3.0000","36.7500","36.7500","2012-11-23 23:00:00"
"24934","950","6","50","2012-11-13 00:00:00","2012-11-24 00:00:00","2012-11-18 00:00:00","2012-11-24 00:00:00","3.0000","36.7500","36.7500","2012-11-23 23:00:00"
"24935","994","6","50","2012-11-13 00:00:00","2012-11-24 00:00:00","2012-11-18 00:00:00","2012-11-24 00:00:00","3.0000","36.7500","36.7500","2012-11-23 23:00:00"
"24936","995","6","50","2012-11-13 00:00:00","2012-11-24 00:00:00","2012-11-18 00:00:00","2012-11-24 00:00:00","3.0000","36.7500","36.7500","2012-11-23 23:00:00"
"24937","996","6","50","2012-11-13 00:00:00","2012-11-24 00:00:00","2012-11-18 00:00:00","2012-11-24 00:00:00","3.0000","36.7500","36.7500","2012-11-23 23:00:00"
"24951","802","1","10","2012-11-13 00:00:00","2012-11-24 00:00:00","2012-11-18 00:00:00","2012-11-24 00:00:00","4.1000","92.2500","92.2500","2012-11-23 23:00:00"
"24951","802","6","50","2012-11-13 00:00:00","2012-11-24 00:00:00","2012-11-18 00:00:00","2012-11-24 00:00:00","3.0000","36.7500","36.7500","2012-11-23 23:00:00"
"24952","803","1","10","2012-11-13 00:00:00","2012-11-24 00:00:00","2012-11-18 00:00:00","2012-11-24 00:00:00","4.1000","92.2500","92.2500","2012-11-23 23:00:00"
"24952","803","6","50","2012-11-13 00:00:00","2012-11-24 00:00:00","2012-11-18 00:00:00","2012-11-24 00:00:00","3.0000","36.7500","36.7500","2012-11-23 23:00:00"
"24953","804","1","10","2012-11-13 00:00:00","2012-11-24 00:00:00","2012-11-18 00:00:00","2012-11-24 00:00:00","4.1000","92.2500","92.2500","2012-11-23 23:00:00"
"24953","804","6","50","2012-11-13 00:00:00","2012-11-24 00:00:00","2012-11-18 00:00:00","2012-11-24 00:00:00","3.0000","36.7500","36.7500","2012-11-23 23:00:00"
"24958","768","7","60","2012-11-14 00:00:00","2012-11-25 00:00:00","2012-11-14 00:00:00","2012-12-12 00:00:00","4.0000","49.0000","49.0000","2012-12-11 23:00:00"
"24959","780","7","60","2012-11-14 00:00:00","2012-11-25 00:00:00","2012-11-14 00:00:00","2012-12-12 00:00:00","4.0000","49.0000","49.0000","2012-12-11 23:00:00"
"24960","783","7","60","2012-11-14 00:00:00","2012-11-25 00:00:00","2012-11-14 00:00:00","2012-12-12 00:00:00","4.0000","49.0000","49.0000","2012-12-11 23:00:00"
"24961","784","7","60","2012-11-14 00:00:00","2012-11-25 00:00:00","2012-11-14 00:00:00","2012-12-12 00:00:00","4.0000","49.0000","49.0000","2012-12-11 23:00:00"
"24962","789","7","60","2012-11-14 00:00:00","2012-11-25 00:00:00","2012-11-14 00:00:00","2012-12-12 00:00:00","4.0000","49.0000","49.0000","2012-12-11 23:00:00"
"24963","792","7","60","2012-11-14 00:00:00","2012-11-25 00:00:00","2012-11-14 00:00:00","2012-12-12 00:00:00","4.0000","49.0000","49.0000","2012-12-11 23:00:00"
"24964","795","7","60","2012-11-14 00:00:00","2012-11-25 00:00:00","2012-11-14 00:00:00","2012-12-12 00:00:00","4.0000","49.0000","49.0000","2012-12-11 23:00:00"
"24965","796","7","60","2012-11-14 00:00:00","2012-11-25 00:00:00","2012-11-14 00:00:00","2012-12-12 00:00:00","4.0000","49.0000","49.0000","2012-12-11 23:00:00"
"24966","800","7","60","2012-11-14 00:00:00","2012-11-25 00:00:00","2012-11-14 00:00:00","2012-12-12 00:00:00","4.0000","49.0000","49.0000","2012-12-11 23:00:00"
"24967","516","6","50","2012-11-14 00:00:00","2012-11-25 00:00:00","2012-11-14 00:00:00","2012-12-12 00:00:00","3.0000","36.7500","36.7500","2012-12-11 23:00:00"
"24967","516","7","60","2012-11-14 00:00:00","2012-11-25 00:00:00","2012-11-14 00:00:00","2012-12-12 00:00:00","4.0000","49.0000","49.0000","2012-12-11 23:00:00"
"24968","517","6","50","2012-11-14 00:00:00","2012-11-25 00:00:00","2012-11-14 00:00:00","2012-12-12 00:00:00","3.0000","36.7500","36.7500","2012-12-11 23:00:00"
"24968","517","7","60","2012-11-14 00:00:00","2012-11-25 00:00:00","2012-11-14 00:00:00","2012-12-12 00:00:00","4.0000","49.0000","49.0000","2012-12-11 23:00:00"
"24969","518","6","50","2012-11-14 00:00:00","2012-11-25 00:00:00","2012-11-14 00:00:00","2012-12-12 00:00:00","3.0000","36.7500","36.7500","2012-12-11 23:00:00"
"24969","518","7","60","2012-11-14 00:00:00","2012-11-25 00:00:00","2012-11-14 00:00:00","2012-12-12 00:00:00","4.0000","49.0000","49.0000","2012-12-11 23:00:00"
"24970","519","6","50","2012-11-14 00:00:00","2012-11-25 00:00:00","2012-11-14 00:00:00","2012-12-12 00:00:00","3.0000","36.7500","36.7500","2012-12-11 23:00:00"
"24970","519","7","60","2012-11-14 00:00:00","2012-11-25 00:00:00","2012-11-14 00:00:00","2012-12-12 00:00:00","4.0000","49.0000","49.0000","2012-12-11 23:00:00"
"24978","806","6","50","2012-11-14 00:00:00","2012-11-25 00:00:00","2012-11-14 00:00:00","2012-12-12 00:00:00","3.0000","36.7500","36.7500","2012-12-11 23:00:00"
"24979","810","1","10","2012-11-14 00:00:00","2012-11-25 00:00:00","2012-11-14 00:00:00","2012-12-12 00:00:00","4.1000","92.2500","92.2500","2012-12-11 23:00:00"
"24979","810","2","20","2012-11-14 00:00:00","2012-11-25 00:00:00","2012-11-14 00:00:00","2012-12-12 00:00:00","3.5000","87.5000","87.5000","2012-12-11 23:00:00"
"24979","810","6","50","2012-11-14 00:00:00","2012-11-25 00:00:00","2012-11-14 00:00:00","2012-12-12 00:00:00","3.0000","36.7500","36.7500","2012-12-11 23:00:00"
"24980","811","1","10","2012-11-14 00:00:00","2012-11-25 00:00:00","2012-11-14 00:00:00","2012-12-12 00:00:00","4.1000","92.2500","92.2500","2012-12-11 23:00:00"
"24980","811","2","20","2012-11-14 00:00:00","2012-11-25 00:00:00","2012-11-14 00:00:00","2012-12-12 00:00:00","3.5000","87.5000","87.5000","2012-12-11 23:00:00"
"24980","811","6","50","2012-11-14 00:00:00","2012-11-25 00:00:00","2012-11-14 00:00:00","2012-12-12 00:00:00","3.0000","36.7500","36.7500","2012-12-11 23:00:00"
"24981","812","1","10","2012-11-14 00:00:00","2012-11-25 00:00:00","2012-11-14 00:00:00","2012-12-12 00:00:00","4.1000","92.2500","92.2500","2012-12-11 23:00:00"
"24981","812","2","20","2012-11-14 00:00:00","2012-11-25 00:00:00","2012-11-14 00:00:00","2012-12-12 00:00:00","3.5000","87.5000","87.5000","2012-12-11 23:00:00"
"24981","812","6","50","2012-11-14 00:00:00","2012-11-25 00:00:00","2012-11-14 00:00:00","2012-12-12 00:00:00","3.0000","36.7500","36.7500","2012-12-11 23:00:00"
"24982","813","1","10","2012-11-14 00:00:00","2012-11-25 00:00:00","2012-11-14 00:00:00","2012-12-12 00:00:00","4.1000","92.2500","92.2500","2012-12-11 23:00:00"
"24982","813","2","20","2012-11-14 00:00:00","2012-11-25 00:00:00","2012-11-14 00:00:00","2012-12-12 00:00:00","3.5000","87.5000","87.5000","2012-12-11 23:00:00"
"24982","813","6","50","2012-11-14 00:00:00","2012-11-25 00:00:00","2012-11-14 00:00:00","2012-12-12 00:00:00","3.0000","36.7500","36.7500","2012-12-11 23:00:00"
"24983","816","6","50","2012-11-14 00:00:00","2012-11-25 00:00:00","2012-11-14 00:00:00","2012-12-12 00:00:00","3.0000","36.7500","36.7500","2012-12-11 23:00:00"
"24984","818","6","50","2012-11-14 00:00:00","2012-11-25 00:00:00","2012-11-14 00:00:00","2012-12-12 00:00:00","3.0000","36.7500","36.7500","2012-12-11 23:00:00"
"24985","819","6","50","2012-11-14 00:00:00","2012-11-25 00:00:00","2012-11-14 00:00:00","2012-12-12 00:00:00","3.0000","36.7500","36.7500","2012-12-11 23:00:00"
"24986","820","6","50","2012-11-14 00:00:00","2012-11-25 00:00:00","2012-11-14 00:00:00","2012-12-12 00:00:00","3.0000","36.7500","36.7500","2012-12-11 23:00:00"
"24987","824","6","50","2012-11-14 00:00:00","2012-11-25 00:00:00","2012-11-14 00:00:00","2012-12-12 00:00:00","3.0000","36.7500","36.7500","2012-12-11 23:00:00"
"24988","826","6","50","2012-11-14 00:00:00","2012-11-25 00:00:00","2012-11-14 00:00:00","2012-12-12 00:00:00","3.0000","36.7500","36.7500","2012-12-11 23:00:00"
"24989","827","6","50","2012-11-14 00:00:00","2012-11-25 00:00:00","2012-11-14 00:00:00","2012-12-12 00:00:00","3.0000","36.7500","36.7500","2012-12-11 23:00:00"
"24990","828","6","50","2012-11-14 00:00:00","2012-11-25 00:00:00","2012-11-14 00:00:00","2012-12-12 00:00:00","3.0000","36.7500","36.7500","2012-12-11 23:00:00"
"24993","894","6","50","2012-11-14 00:00:00","2012-11-25 00:00:00","2012-11-14 00:00:00","2012-12-12 00:00:00","3.0000","36.7500","36.7500","2012-12-11 23:00:00"
"24994","945","1","10","2012-11-14 00:00:00","2012-11-25 00:00:00","2012-11-14 00:00:00","2012-12-12 00:00:00","4.1000","92.2500","92.2500","2012-12-11 23:00:00"
"24994","945","6","50","2012-11-14 00:00:00","2012-11-25 00:00:00","2012-11-14 00:00:00","2012-12-12 00:00:00","3.0000","36.7500","36.7500","2012-12-11 23:00:00"
"24995","950","6","50","2012-11-14 00:00:00","2012-11-25 00:00:00","2012-11-14 00:00:00","2012-12-12 00:00:00","3.0000","36.7500","36.7500","2012-12-11 23:00:00"
"24996","994","6","50","2012-11-14 00:00:00","2012-11-25 00:00:00","2012-11-14 00:00:00","2012-12-12 00:00:00","3.0000","36.7500","36.7500","2012-12-11 23:00:00"
"24997","995","6","50","2012-11-14 00:00:00","2012-11-25 00:00:00","2012-11-14 00:00:00","2012-12-12 00:00:00","3.0000","36.7500","36.7500","2012-12-11 23:00:00"
"24998","996","6","50","2012-11-14 00:00:00","2012-11-25 00:00:00","2012-11-14 00:00:00","2012-12-12 00:00:00","3.0000","36.7500","36.7500","2012-12-11 23:00:00"
"25012","802","1","10","2012-11-14 00:00:00","2012-11-25 00:00:00","2012-11-14 00:00:00","2012-12-12 00:00:00","4.1000","92.2500","92.2500","2012-12-11 23:00:00"
"25012","802","6","50","2012-11-14 00:00:00","2012-11-25 00:00:00","2012-11-14 00:00:00","2012-12-12 00:00:00","3.0000","36.7500","36.7500","2012-12-11 23:00:00"
"25013","803","1","10","2012-11-14 00:00:00","2012-11-25 00:00:00","2012-11-14 00:00:00","2012-12-12 00:00:00","4.1000","92.2500","92.2500","2012-12-11 23:00:00"
"25013","803","6","50","2012-11-14 00:00:00","2012-11-25 00:00:00","2012-11-14 00:00:00","2012-12-12 00:00:00","3.0000","36.7500","36.7500","2012-12-11 23:00:00"
"25014","804","1","10","2012-11-14 00:00:00","2012-11-25 00:00:00","2012-11-14 00:00:00","2012-12-12 00:00:00","4.1000","92.2500","92.2500","2012-12-11 23:00:00"
"25014","804","6","50","2012-11-14 00:00:00","2012-11-25 00:00:00","2012-11-14 00:00:00","2012-12-12 00:00:00","3.0000","36.7500","36.7500","2012-12-11 23:00:00"
"25019","761","7","60","2012-11-15 00:00:00","2012-11-26 00:00:00","2012-11-22 00:00:00","2012-11-26 00:00:00","4.0000","49.0000","49.0000","2012-11-25 23:00:00"
"25020","762","7","60","2012-11-15 00:00:00","2012-11-26 00:00:00","2012-11-22 00:00:00","2012-11-26 00:00:00","4.0000","49.0000","49.0000","2012-11-25 23:00:00"
"25021","764","7","60","2012-11-15 00:00:00","2012-11-26 00:00:00","2012-11-22 00:00:00","2012-11-26 00:00:00","4.0000","49.0000","49.0000","2012-11-25 23:00:00"
"25022","769","7","60","2012-11-15 00:00:00","2012-11-26 00:00:00","2012-11-22 00:00:00","2012-11-26 00:00:00","4.0000","49.0000","49.0000","2012-11-25 23:00:00"
"25023","780","7","60","2012-11-15 00:00:00","2012-11-26 00:00:00","2012-11-22 00:00:00","2012-11-26 00:00:00","4.0000","49.0000","49.0000","2012-11-25 23:00:00"
"25024","783","7","60","2012-11-15 00:00:00","2012-11-26 00:00:00","2012-11-22 00:00:00","2012-11-26 00:00:00","4.0000","49.0000","49.0000","2012-11-25 23:00:00"
"25025","784","7","60","2012-11-15 00:00:00","2012-11-26 00:00:00","2012-11-22 00:00:00","2012-11-26 00:00:00","4.0000","49.0000","49.0000","2012-11-25 23:00:00"
"25026","791","7","60","2012-11-15 00:00:00","2012-11-26 00:00:00","2012-11-22 00:00:00","2012-11-26 00:00:00","4.0000","49.0000","49.0000","2012-11-25 23:00:00"
"25027","794","7","60","2012-11-15 00:00:00","2012-11-26 00:00:00","2012-11-22 00:00:00","2012-11-26 00:00:00","4.0000","49.0000","49.0000","2012-11-25 23:00:00"
